timestamp,pos_des_x,pos_des_y,pos_des_z,pos_cur_x,pos_cur_y,pos_cur_z,quat_x,quat_y,quat_z,quat_w,vel_des_x,vel_des_y,vel_des_z,vel_cur_x,vel_cur_y,vel_cur_z,fb_acc_x,fb_acc_y,fb_acc_z,cmd_acc_x,cmd_acc_y,cmd_acc_z,a_meas_x,a_meas_y,a_meas_z,a_meas_filt_x,a_meas_filt_y,a_meas_filt_z,indi_dist_x,indi_dist_y,indi_dist_z,mbff_drag_x,mbff_drag_y,mbff_drag_z,nn_pred_x,nn_pred_y,nn_pred_z
0.0218,-5.3,-1.3471067571865497e-08,1.0,-5.291446685791016,-0.00167623080778867,1.003036618232727,-0.0050444178392860415,0.0007323747559533586,-0.0012150093488719443,-0.9999863273068115,1.6629648226896974e-14,-2.468942886401701e-06,0.0,0.0006072496180422604,0.0002052939817076549,-0.03234323486685753,0.00032377108734765736,-0.0023862514967932973,0.008410267984849035,0.0012186625267723364,-0.09417392053960301,-0.021616431367394388,0.13900866080421787,-0.18239114691910083,0.033656676952601106,0.03226884020369382,-0.06794009102623187,-0.018793140457399694,-0.05257891193190215,0.09055836363678817,0.046009567215244525,0.0,0.0,0.0,0.05168402049247747,0.0012293054060215445,-0.015982867863001102
0.0333,-5.299999999999999,-7.352449025098377e-08,1.0,-5.291449069976807,-0.0016554318135604262,1.0028752088546753,-0.005271201799316812,-5.510716906405929e-05,-0.0012202777049358233,-0.9999854422229927,3.2365394127514255e-13,-8.803976475601932e-06,0.0,-7.297127012861893e-06,-0.00044229329796507955,-0.03261975198984146,0.0039243320617713615,0.0009255492877940953,0.010810082838410146,0.007114974594145521,-0.09010898853213169,-0.01813628703423236,-0.05327372418509589,-0.05613793645586286,-0.023970669539517195,0.007015111687558789,-0.06445587928257948,-0.020321641674991484,-0.051583836165135594,0.08968492018351201,0.045244197928831734,0.0,0.0,0.0,0.048393193632761435,0.0013496176364137674,-0.016297828056189227
0.05,-5.299999999999965,-3.7004175521480645e-07,1.0,-5.291510105133057,-0.001586221274919808,1.0025417804718018,-0.00521294975095482,-0.00043816423474751033,-0.0012606122389607975,-0.9999855686635382,5.462471975024518e-12,-2.9523543751723377e-05,0.0,-0.004894481971859932,0.003660444635897875,-0.031262364238500595,0.03341131586692869,-0.02510980609740273,0.004248289875298489,0.03988238944251908,-0.11691707451911551,-0.024211683013943497,-0.2936388228209008,0.24650656267122859,0.08155651035697914,-0.0817434249968931,0.027345917214007552,0.00975465088794319,-0.05236774171207562,0.09053961365296341,0.045037052445490465,0.0,0.0,0.0,0.045896668136485234,0.0012676547687493567,-0.01657707955624848
0.0666,-5.2999999999996605,-1.1647906672288854e-06,1.0,-5.291647434234619,-0.0014286428922787309,1.002214789390564,-0.005233643359665288,-2.744797045653109e-05,-0.0012906629419490723,-0.9999855265166897,4.055143544218318e-11,-6.962870940346881e-05,0.0,-0.007871725596487522,0.007505473680794239,-0.031412649899721146,0.05182228522092631,-0.05053886608104109,0.006711168913390103,0.06111738365045471,-0.14441442763634688,-0.02108126964527475,-0.17872171349701593,0.23081422483040173,-0.009021536116557656,-0.1103731882877218,0.08741348052469132,0.004211577301503146,-0.0538906946122109,0.09264849227085249,0.04471775290103192,0.0,0.0,0.0,0.0445955961826825,0.0012270692844532805,-0.01692531434236707
0.0833,-5.299999999997991,-2.8349257063836975e-06,1.0,-5.2917304039001465,-0.0013231708435341716,1.0020473003387451,-0.005233643359665288,-2.744797045653109e-05,-0.0012906629419490723,-0.9999855265166897,1.9192808197717345e-10,-0.00013540254797139562,0.0,-0.007821106351912022,0.008555867709219456,-0.030868882313370705,0.05179540123162727,-0.05947015938088063,0.004217664823264605,0.06442018195532576,-0.15587152865939558,-0.022912172126277542,0.0030326891212432865,0.0629309775311393,0.032578084826019885,-0.07689370049491244,0.08018579816080312,0.012585888793022163,-0.05496733990164486,0.09478227789482438,0.04455001163205197,0.0,0.0,0.0,0.04234255917794637,0.0016190913836905806,-0.01742017468250982
0.1,-5.299999999991437,-5.85249765691283e-06,1.0,-5.291840076446533,-0.001134313060902059,1.0017322301864624,-0.00497370151902146,0.0004348955490822617,-0.0012893985364936895,-0.999986706628448,6.810114767978574e-10,-0.00023272507456386496,0.0,-0.0013311284128576517,0.0034395838156342506,-0.029435552656650543,0.013268103191286997,-0.03237542436283167,-0.002864630619520775,0.0286639692278347,-0.12961295742932494,-0.029746280114446598,0.3898898610608806,-0.30736425225947833,0.08610825891258576,0.060909338536606385,-0.034226060188989584,0.03429103626117053,-0.05346472459541072,0.09480195630517382,0.0448148119945891,0.0,0.0,0.0,0.038068858558863015,0.002435576761319434,-0.01793316249966328
0.1167,-5.299999999970827,-1.0802407148049563e-05,1.0,-5.291862964630127,-0.0010593433398753405,1.0014193058013916,-0.004730295237064697,-0.00010849421987332912,-0.001243837793253461,-0.9999880974744488,1.9864655857804264e-09,-0.00036778202460367704,0.0,-0.0008530287886969745,0.00024727292475290596,-0.029369117692112923,0.0063455642488278036,-0.020634606094401355,-0.00041507102418678055,0.024284709327114462,-0.11790912011894508,-0.027108486556318846,0.06898328789418852,-0.1536027728979442,-0.00931856447323267,0.063292915958984,-0.06946824769460125,0.021416685047682866,-0.051873153833508864,0.09411415786443086,0.044853715589492756,0.0,0.0,0.0,0.033934008755222206,0.0031603561601128713,-0.01816030005736069
0.1335,-5.299999999914636,-1.8478467751872996e-05,1.0,-5.291929721832275,-0.0009818103862926364,1.0010805130004883,-0.005457344508218065,-0.0012828367990161797,-0.0011448769929498074,-0.9999837142022038,5.072053326064553e-09,-0.0005489690372551545,0.0,-0.00412631593644619,0.00205092946998775,-0.031022559851408005,0.024469774391538832,-0.02757522619192273,0.0035554136068674247,0.04452169012118985,-0.12529078487109663,-0.022812343706026257,-0.13894455408902828,0.06531361215718888,-0.04465759402919873,0.0035887183951827314,-0.02967817918406539,0.0019103501881964635,-0.05143136522751013,0.094165234647118,0.044512136682490315,0.0,0.0,0.0,0.031379449497859105,0.0035503240320559014,-0.018144379369596633
0.15,-5.299999999784995,-2.932610822940256e-05,1.0,-5.291993141174316,-0.0009305760613642633,1.0008947849273682,-0.005899497547050488,-0.0013526500901241895,-0.0009885543318229413,-0.9999812275381417,1.135874144911667e-08,-0.0007746504486065575,0.0,-0.006937333848327398,0.003995419945567846,-0.032344236969947815,0.04726642381158603,-0.04838755193972497,0.018655361345444127,0.06989958166423993,-0.14753702348304878,-0.006755622546266278,-0.170702683865048,0.11808168903107762,-0.08026054561380648,-0.047865289171992384,0.013943234601539092,-0.022348000135275308,-0.05209332178192201,0.09508148675375952,0.04367420177272713,0.0,0.0,0.0,0.029460163929268115,0.004067984789564303,-0.018263217881016723
0.1666,-5.299999999506239,-4.44414361565451e-05,1.0,-5.292163372039795,-0.0007734670653007925,1.000508189201355,-0.0053294296461681365,-0.0006306174463965073,-0.000836277768153052,-0.9999853157824472,2.3462389414538652e-08,-0.001055878992123473,0.0,-0.007795334327965975,0.0050597041845321655,-0.031626440584659576,0.053135983162702745,-0.06074255300619995,0.016264685528645934,0.07659907614116866,-0.16176566976276419,-0.00794176620353423,-0.05167374816923453,0.06409734848620824,0.04322984722082621,-0.04898961587728097,0.028749645714656682,-0.002988220993319168,-0.05296076133093874,0.09640250017725557,0.04313271582123312,0.0,0.0,0.0,0.029497668352472823,0.004620616579308659,-0.018926264089052954
0.1833,-5.299999998949856,-6.48118477552661e-05,1.0,-5.292276859283447,-0.000681777426507324,1.0001240968704224,-0.005257680563478911,-0.0008858199068525109,-0.0007363897371822845,-0.9999855686635383,4.531476568013131e-08,-0.0013983482102670301,0.0,-0.002869658637791872,-0.0006445036851800978,-0.02977406047284603,0.035698047045552905,-0.04697158952710023,0.018693946103090858,0.058467222419803816,-0.1485946846530915,-0.004161704502913834,0.17656188537047632,-0.19988745993733015,-0.01455465062222858,0.017597309820074118,-0.038748206800118146,-0.0064028424257780905,-0.052656973097671575,0.09652062518519776,0.04246500279931741,0.0,0.0,0.0,0.02988779772342066,0.005102469940793519,-0.01960935219331272
0.2,-5.299999997910303,-9.142639264047953e-05,1.0,-5.2923126220703125,-0.0006673678872175515,0.9999614357948303,-0.005257680563478911,-0.0008858199068525109,-0.0007363897371822845,-0.9999855686635383,8.25692698756274e-08,-0.0018062458203736908,0.0,-0.002937605604529381,-0.0013755923137068748,-0.028028372675180435,0.02448047664849249,-0.03523221236943179,-0.0025990489435025743,0.04705947475848632,-0.13737357929326383,-0.024986094571285224,-0.004075655836610654,-0.043852813142429385,0.10471140954594207,0.011199054229490472,-0.040255179892070045,0.02640011565265629,-0.05250552078911566,0.09665075372841882,0.042395920468673416,0.0,0.0,0.0,0.029926522679121836,0.005490613195413236,-0.020008874840890766
0.2167,-5.299999996063564,-0.000125482048376954,1.0,-5.29240608215332,-0.0006452395464293659,0.9996601343154907,-0.0059378529901928,-0.00198534491517119,-0.0006059030941925206,-0.9999802581606259,1.4340201314293763e-07,-0.0022856179782769367,0.0,-0.00458303838968277,-0.0021090873051434755,-0.026210637763142586,0.03469565440400935,-0.03837935880679488,-0.011987600943748483,0.05844568539668299,-0.14062548102384587,-0.03462821554367092,-0.09854139745987778,-0.04392742270493032,0.10886019779113598,-0.021198332895889203,-0.04133929309003088,0.05074383906827395,-0.05295058377253912,0.09672171058991455,0.04288816268940798,0.0,0.0,0.0,0.029200552779865486,0.005524411627136415,-0.020247548089485548
0.2333,-5.299999992938903,-0.00016806066176936819,1.0,-5.292466640472412,-0.0006461723824031651,0.9995096325874329,-0.006324234717824801,-0.002367763192681898,-0.0003783101122337269,-0.9999771392938361,2.386142921412659e-07,-0.002839620989072149,0.0,-0.0062008146196603775,-0.002466567326337099,-0.02728177420794964,0.04458265727499916,-0.04444893768354412,-0.004791934616897614,0.07211374772482207,-0.14690570002246123,-0.027617061581543825,-0.09710556137928074,-0.021457416357492452,-0.06429400052950184,-0.04360753414240942,-0.03546979968657399,0.016782566209055886,-0.053863774403622354,0.09690325098675263,0.042799762513951824,0.0,0.0,0.0,0.02633268395379945,0.005553511352164465,-0.019974635549305612
0.25,-5.2999999878473485,-0.00022047812899378275,1.0,-5.292616367340088,-0.0006384360021911561,0.9991682171821594,-0.006382336782675101,-0.0018995294864275812,-0.00011653603613258935,-0.9999778557902607,3.8292326049433066e-07,-0.003473571368871352,0.0,-0.0068441638723015785,-0.0018756166100502014,-0.03007437288761139,0.04907292196302018,-0.05707047707755027,0.013698410976807046,0.08162572296410243,-0.16038441253784622,-0.008274823810411877,-0.03867013963528232,0.035520592621453136,-0.16785623119088564,-0.04214992504042669,-0.014512138346744212,-0.037726181528401945,-0.05483057962230387,0.09753359771423736,0.041657976977264026,0.0,0.0,0.0,0.022277778621221617,0.005780337746058592,-0.019684742190045103
0.2667,-5.299999979784068,-0.00028436548074226866,1.0,-5.292734146118164,-0.000633966934401542,0.9987597465515137,-0.006585764309277376,-0.0018212385872321826,0.0001211721894689068,-0.9999766756785025,5.964747755051198e-07,-0.004195127818742396,0.0,-0.003093612613156438,-0.003068633144721389,-0.032828669995069504,0.02704336203813503,-0.05985795029941688,0.0323079517966596,0.060628935874778155,-0.163862291999307,0.012617377888804963,0.2246893696571659,-0.0714716623355639,-0.16500541871393476,0.03662591192306108,-0.03132763090883579,-0.07530133869829189,-0.05432989868405189,0.09791806879445739,0.03969800294206578,0.0,0.0,0.0,0.020744324847408766,0.006086272905432723,-0.020007429034211145
0.2833,-5.299999967462267,-0.0003607643662713075,1.0,-5.292764186859131,-0.0006501253810711205,0.9985415935516357,-0.006585764309277376,-0.0018212385872321826,0.0001211721894689068,-0.9999766756785025,9.026813351579236e-07,-0.0050042709583655145,0.0,-0.0016787739004939795,-0.004556663800030947,-0.033168893307447433,0.018592513766810585,-0.06162175378079545,0.035488588112392555,0.05192556542860572,-0.1661718373486239,0.018333219475927275,0.08503394144862224,-0.0894328876393526,-0.02044793442904839,0.05091684701922446,-0.04848136471746472,-0.05910761117212933,-0.05351920566911151,0.09804493195967734,0.03791465493111432,0.0,0.0,0.0,0.020186154007316374,0.006505151608151105,-0.020759286294649036
0.3,-5.299999949019663,-0.0004515765087782383,1.0,-5.292811393737793,-0.0006977958837524056,0.998084545135498,-0.006847341315934525,-0.00245580828849341,0.0003262587543229054,-0.9999735568117126,1.3343012429001058e-06,-0.005909524445806794,0.0,-0.0015160139882937074,-0.005117267835885286,-0.03339081257581711,0.01774344584785955,-0.06972315267854146,0.03916919697797197,0.0499289439073855,-0.17496641420242254,0.02472917822974763,0.009765184968547948,-0.03363483077759341,-0.013314597399439264,0.03876812423027202,-0.044098396540136746,-0.04558867652229671,-0.05289220462578888,0.09833620840009277,0.036272199007709574,0.0,0.0,0.0,0.020706706566262927,0.006907053123788325,-0.021832180259485235
0.3167,-5.299999922060499,-0.0005583529333709151,1.0,-5.292864799499512,-0.0007651555933989584,0.9976304173469543,-0.007013397429525542,-0.002880776114481643,0.000488186946301742,-0.999971196588196,1.9303759787719046e-06,-0.006914536624322815,0.0,-0.0031367288902401924,-0.005399429704993963,-0.032815247774124146,0.01992162228085319,-0.07750273222985711,0.03979005166086494,0.04998886056300283,-0.18339245376644894,0.027857404271644574,-0.021650121397943062,-0.04708641585280407,0.005972148740240798,0.020931553823270534,-0.04498051445491085,-0.03036697849919374,-0.052569477784457204,0.09871182632087436,0.0348128648702224,0.0,0.0,0.0,0.022502239502307567,0.00717789521571748,-0.022880217481002035
0.3333,-5.299999883464453,-0.0006827460534606419,1.0,-5.292907238006592,-0.0007882679346948862,0.9974045753479004,-0.007179769315208137,-0.0028003594336144765,0.0006491036139163635,-0.9999701007701347,2.7389209882763352e-06,-0.008023249097677569,0.0,-0.0041105314157903194,-0.0036648695822805166,-0.0327935665845871,0.033586364607861366,-0.10425576695025988,0.03914365939561207,0.06211986598590685,-0.21192217597655766,0.029556359570751683,-0.05839312376692353,0.1040112150762363,0.001300091497848371,-0.0024865408621773666,-0.0009954326934141881,-0.021018280639587043,-0.05267611228588805,0.10008536600790521,0.03344257112097514,0.0,0.0,0.0,0.024142610907842567,0.007581043018392572,-0.02385527129611475
0.35,-5.299999829278746,-0.0008263685537664429,1.0,-5.293004989624023,-0.0008072589407674968,0.9969288110733032,-0.007336410711876907,-0.002669880034614336,0.0007430910860956425,-0.9999692578331645,3.817264735503466e-06,-0.009238648765761798,0.0,-0.0035087803844362497,-0.003972615115344524,-0.03519996255636215,0.030373053234932525,-0.11691688676564385,0.05606317820984599,0.0556382465329959,-0.22676233777803378,0.04975467124725482,0.03612318245044368,-0.018473999145734936,-0.14445622226992988,0.008911755150886743,-0.006155424975525134,-0.057459417152110344,-0.0525922381524924,0.10158529892502244,0.0312712372333689,0.0,0.0,0.0,0.02732704485442903,0.008260152087367505,-0.02496273027077773
0.3667,-5.299999754067848,-0.0009918309064756365,1.0,-5.293052673339844,-0.0008643811452202499,0.9963945746421814,-0.0076091549870281735,-0.0027426075498062966,0.0007994414225547168,-0.9999670240501934,5.2423940776224485e-06,-0.010571143526095787,0.0,0.00010872562415897846,-0.006839494686573744,-0.038040194660425186,0.008822153381312668,-0.1151160223388837,0.07589628271823926,0.030301853652115077,-0.22682843055419755,0.07394961830768121,0.21642209051570435,-0.17151486924637702,-0.16992064921264335,0.0701725989312725,-0.054972555289919914,-0.09066002837225925,-0.0512744570666432,0.10234768623432552,0.028289846914405732,0.0,0.0,0.0,0.02979475679584079,0.009364721980988344,-0.02634318250384768
0.3833,-5.299999652381263,-0.0011791839663295727,1.0,-5.29304838180542,-0.0009201571810990572,0.9961073398590088,-0.0076091549870281735,-0.0027426075498062966,0.0007994414225547168,-0.9999670240501934,7.08109492415159e-06,-0.012010159390874625,0.0,0.0017584137385711074,-0.008796673268079758,-0.038348402827978134,-0.0011731659226731778,-0.11972041617482194,0.07931102651109881,0.016811875545340978,-0.23326490329595767,0.08231659120095529,0.09931382436065579,-0.11782523507808126,-0.01855461741614158,0.07877562130825397,-0.07352781515643152,-0.0693731931477032,-0.04965406896320679,0.1029135531020208,0.0255174296779036,0.0,0.0,0.0,0.03166902749519263,0.010630934019114937,-0.028522994367760082
0.4,-5.29999951541839,-0.0013922378400686903,1.0,-5.292994976043701,-0.0011194199323654175,0.9955300688743591,-0.008136793194533453,-0.0028741710777027037,0.0007832148858780319,-0.9999625143374028,9.449167982020086e-06,-0.013574068195283886,0.0,0.004066345281898975,-0.014667054638266563,-0.03886837884783745,-0.015354934919499331,-0.10126160623111335,0.08546623724702498,-0.0037383243651739895,-0.21492392866639243,0.09390088099809872,0.1384740437717256,-0.3522181795911653,-0.03119814465138901,0.09639968676041874,-0.15580230451485227,-0.058103221085203896,-0.04752337575381034,0.10199440661079215,0.022781662933879624,0.0,0.0,0.0,0.035906765199485,0.011667915824486912,-0.031216306684953364
0.4166,-5.299999333841682,-0.0016323703099788945,1.0,-5.292965888977051,-0.0012489899527281523,0.995232105255127,-0.008921226387751165,-0.0028703159581529723,0.0008094723725002823,-0.9999558129884896,1.2456242879475452e-05,-0.015261535516070002,0.0,0.0023367751855403185,-0.015074232593178749,-0.03921870142221451,-0.00517905214089226,-0.11703203372248762,0.08921693410376633,0.0019190413875888879,-0.23137644428046467,0.10298432413364927,-0.10376539848432292,-0.02442860386777474,-0.021017570553990072,0.03730729506866144,-0.1170183868943505,-0.047154859213528855,-0.04636173662421285,0.10188210668904774,0.020079075091426705,0.0,0.0,0.0,0.0392636430957317,0.012462303868929304,-0.033846465121309656
0.4333,-5.299999095531104,-0.0019020711784512893,1.0,-5.2929606437683105,-0.0014979018596932292,0.9946489930152893,-0.009655035618278976,-0.002438524458609149,0.000873114113751784,-0.999950081017092,1.6242619575730986e-05,-0.01707886898689459,0.0,-0.0005887111183255911,-0.013881312683224678,-0.03768705204129219,0.012304945546898358,-0.14296108624124623,0.0831213051041493,0.013034093799431046,-0.2588947765079363,0.10135053623269451,-0.17519602082084013,0.0714393436420229,0.09172453703703703,-0.025427567822066108,-0.06138222029427366,-0.006155123065144801,-0.04633142406938332,0.10299092860092882,0.018027399168734814,0.0,0.0,0.0,0.04560227581685063,0.012942761665761231,-0.03625663029728002
0.45,-5.2999987873434256,-0.002202413409599877,1.0,-5.293011665344238,-0.0017241780878975987,0.9940718412399292,-0.010058927879742111,-0.001455784745519363,0.0011798588772140685,-0.9999477207935754,2.0947694684213956e-05,-0.019022479514270472,0.0,-0.0026800346095114946,-0.012689377181231976,-0.03760843724012375,0.02508223122383673,-0.17010025674138618,0.0857327343488157,0.0209562009595363,-0.2886237023765458,0.10812698792851289,-0.1256358888019565,0.07160531444255064,0.004722770274141339,-0.055010895738004856,-0.022121869353544116,-0.0029437701301396647,-0.04685568821349763,0.10510007373025204,0.015933369144622914,0.0,0.0,0.0,0.05098171847779806,0.013423371904907586,-0.03832762272432009
0.4666,-5.299998391608339,-0.0025364471328921594,1.0,-5.293037414550781,-0.0018415868980810046,0.9937836527824402,-0.010058927879742111,-0.001455784745519363,0.0011798588772140685,-0.9999477207935754,2.6761391218160474e-05,-0.0211014606610364,0.0,-0.0014082880225032568,-0.015014891512691975,-0.0377139188349247,0.01757364994017469,-0.17787154316161424,0.08801361455117898,0.010841835899213764,-0.298891321901354,0.1143124606197217,0.07636495056370794,-0.13964085987831065,-0.00633388511095204,-0.01622634468103744,-0.056815623315771904,-0.0039445940354741835,-0.046613983540530105,0.10681593083684592,0.013717156467511513,0.0,0.0,0.0,0.05334579758149103,0.014203847902893803,-0.040016002536054224
0.4833,-5.29999788813428,-0.002906451172514882,1.0,-5.293017864227295,-0.0021869896445423365,0.9932031631469727,-0.010322971300217783,-0.0008868720963401401,0.0013831331275820883,-0.9999454027169074,3.3887957219937974e-05,-0.02331910596468613,0.0,0.004207133781164885,-0.0233012605458498,-0.037066083401441574,-0.016202489101105395,-0.1499509322507401,0.08725569540558012,-0.025250347245887546,-0.27144156222042837,0.11763619889696939,0.33680036225440074,-0.49699776610158586,0.038855711344039125,0.08799359166986595,-0.18676543731761058,0.00869083839731304,-0.04424723719282311,0.10620067630246387,0.011659933866261284,0.0,0.0,0.0,0.053295095337605264,0.01528995366722443,-0.04204043735765054
0.5,-5.299997251242856,-0.0033158740958948497,1.0,-5.29293966293335,-0.0026738978922367096,0.9926205277442932,-0.011240447606205212,-0.000802022587753614,0.001504726785536037,-0.9999354139138102,4.2584065304100266e-05,-0.02568493588474524,0.0,0.0037462206091731787,-0.02759547531604767,-0.03764684498310089,-0.013790415087924071,-0.1465770299096883,0.09390028267167508,-0.02334831354747737,-0.26792996956644555,0.1279812207278721,-0.027558624655198222,-0.2567569343468902,-0.03472452387061826,0.0538804653992056,-0.2074282065137949,-0.004126170070668683,-0.042364935467245325,0.1052353843512783,0.00927060092097424,0.0,0.0,0.0,0.051922833926798626,0.016117555305478943,-0.04335153897717127
0.5167,-5.29999645865671,-0.0037636897610190223,1.0,-5.292917251586914,-0.002944061765447259,0.9923219084739685,-0.012113253521127156,-0.0011690136369841922,0.0016307037157350832,-0.9999246664674399,5.30355172807207e-05,-0.02818267537432453,0.0,0.0017962987767532468,-0.02936822548508644,-0.03811309486627579,-0.002137648600720854,-0.16054258814713196,0.09844619571978,-0.012441665850040383,-0.28202801124785043,0.13585916519650365,-0.11727895120750043,-0.10662287950269587,-0.028042815045313755,0.0033510772419778,-0.17766863150563533,-0.011186800804876874,-0.041369318607610873,0.10489973847733122,0.0066443619373992135,0.0,0.0,0.0,0.0516733358569304,0.01658568462338725,-0.04405733141412285
0.5333,-5.299995473985568,-0.0042548839283804395,1.0,-5.292952537536621,-0.003502078354358673,0.9917157888412476,-0.012410316033960827,-0.0008940149993459743,0.0017825166640713258,-0.9999210418384681,6.558942168169614e-05,-0.03083011163471488,0.0,-0.003872534492984414,-0.0288372989743948,-0.03751302510499954,0.03214972643170279,-0.18819258454568924,0.0981523416146706,0.021418042495296344,-0.31106191862397964,0.13888838712460488,-0.3403445421421644,0.03187568439472667,0.03602689626544138,-0.09811415151435648,-0.11580731949497432,0.0027515455210267003,-0.04237345876088524,0.10590194830641371,0.004201778256392116,0.0,0.0,0.0,0.053105142697291684,0.0169673857718767,-0.0449378237663264
0.55,-5.299994259223206,-0.004791980198098799,1.0,-5.293060779571533,-0.004072749987244606,0.9911322593688965,-0.012372957462567474,7.61455258245803e-05,0.0019897105713508633,-0.9999214633069532,8.057772389924094e-05,-0.03363014423216775,0.0,-0.004790496081113815,-0.032480038702487946,-0.03661687672138214,0.04066795205333771,-0.20884658387152494,0.0988111903698359,0.03043522076915499,-0.3336935051353119,0.14272746182957305,-0.07838029521461054,-0.05070220777502896,0.025536168828383075,-0.09228835644811091,-0.09658710055326107,0.009477982768467763,-0.04340606187219211,0.10750613578486118,0.001820637921514647,0.0,0.0,0.0,0.053638793156374834,0.01734078547892577,-0.0457369093812518
0.5667,-5.299992773152704,-0.005376554375896512,1.0,-5.293105125427246,-0.004401526879519224,0.9908496141433716,-0.012655575130890799,0.00030430551460478125,0.0021554319796957015,-0.9999175857968902,9.83392027079947e-05,-0.036580620409106014,0.0,-0.0027262296061962843,-0.036437783390283585,-0.03544493392109871,0.026349273485386744,-0.1965531536691675,0.09067514187542883,0.01839532359276893,-0.3230374674824049,0.13773045762450048,0.12395008207084264,-0.23764508353375707,0.07036998761667526,-0.028450817088275612,-0.13822999532355007,0.02745441555636921,-0.04331083529359643,0.10854647522585173,-0.0002619572712872411,0.0,0.0,0.0,0.051264785186214246,0.01793783858738572,-0.046793358477784416
0.5833,-5.299990964789723,-0.006011718512220965,1.0,-5.2931413650512695,-0.00518103688955307,0.9903271198272705,-0.012655575130890799,0.00030430551460478125,0.0021554319796957015,-0.9999175857968902,0.00011929427289191822,-0.03968706576164234,0.0,-0.0005403892719186842,-0.043612830340862274,-0.03161454573273659,0.013640511610313162,-0.18083376700702203,0.07062763494675209,0.008332087784095547,-0.3073575365696248,0.11966865458525942,0.1311824470212608,-0.43060794592777013,0.22987941420558608,0.018675840181950176,-0.22454531029475439,0.0872139749908096,-0.04232340421048998,0.10798898970829508,-0.0011547489816038602,0.0,0.0,0.0,0.047631828036707596,0.018534779854307654,-0.04788627065690348
0.6,-5.299988777280161,-0.006700056223973571,1.0,-5.29317045211792,-0.006091118790209293,0.9898744225502014,-0.013492402783708125,-0.00048110956847433305,0.0022617263316401957,-0.9999062904414893,0.0001438908504891411,-0.04295189122471385,0.0,-0.0020409710705280304,-0.048930197954177856,-0.030220963060855865,0.013848872951923975,-0.18984726243665148,0.06122673014240035,0.012856147321203937,-0.3160331813138372,0.11088549743690289,0.0012620359986692995,-0.21389043898809523,0.10886950370592949,0.013534966905355461,-0.22139979754007727,0.09360708287753872,-0.041433250618912995,0.10751819965744826,-0.0018283318697265697,0.0,0.0,0.0,0.042425976249633034,0.01866771921973743,-0.04783043542477597
0.6167,-5.299986142714622,-0.007445062087484006,1.0,-5.293206214904785,-0.006574783939868212,0.9896405935287476,-0.014259194228101487,-0.0009866946021324144,0.002381044059774552,-0.9998950372329368,0.0001726572716737524,-0.04638136616307439,0.0,-0.003939500544220209,-0.04987907037138939,-0.03122772090137005,0.03497348095094023,-0.20289835094062697,0.0724151031118572,0.03929992096585341,-0.3297338001385324,0.1225332503734157,-0.11376865923199463,-0.05686082001057249,-0.06032958206534939,-0.024047390328881244,-0.17282488400385068,0.048162165801188046,-0.04132143600512314,0.10808845312664914,-0.003293687477187997,0.0,0.0,0.0,0.03699499599020996,0.018746996071256246,-0.046824459784370505
0.6333,-5.299982991612934,-0.008248227626496778,1.0,-5.293323993682861,-0.007566198706626892,0.9891586899757385,-0.014615006484309058,-0.0005720888093411617,0.0025100134162178616,-0.9998898953174185,0.00020609287333119632,-0.049972219490030646,0.0,-0.006100210826843977,-0.051706839352846146,-0.03247470036149025,0.04893004890201046,-0.22239440496053856,0.08266817929662465,0.0573348838219924,-0.3505617130060137,0.1341338860310365,-0.12953341405937338,-0.10957376293522383,-0.07475574491881538,-0.05518879256027764,-0.15415199698881493,0.011874551918288307,-0.041997084070862244,0.10914403086473003,-0.0054512074217565425,0.0,0.0,0.0,0.033592249150880306,0.01902327718074508,-0.0460144993126553
0.6502,-5.299979194812526,-0.009122517034220987,1.0,-5.293393135070801,-0.008080357685685158,0.9889020919799805,-0.014615006484309058,-0.0005720888093411617,0.0025100134162178616,-0.9998898953174185,0.00024526459415851013,-0.05377069548909273,0.0,-0.0064265369437634945,-0.053394757211208344,-0.033449508249759674,0.05171593266330107,-0.24696830125459454,0.09017465630605329,0.06345206800871157,-0.377193269101197,0.14405037454000647,-0.019333440744402852,-0.10000198636909387,-0.057753239988699766,-0.04460363735621792,-0.13816592412430453,-0.008680844878156721,-0.04266845646824531,0.11070807368571547,-0.008042162247294933,0.0,0.0,0.0,0.03093232112283481,0.01951689416088694,-0.04583355598665825
0.6667,-5.299974779474362,-0.010043976626563514,1.0,-5.2935004234313965,-0.009184157475829124,0.9883913397789001,-0.014510195833141068,-0.0003340638238313801,0.0026490137226067778,-0.9998911597228738,0.0002895921972891463,-0.057664121736314564,0.0,-0.0030917038675397635,-0.05986912548542023,-0.03125081956386566,0.03279781433874675,-0.2406148845519902,0.07992020674634318,0.04595577794195322,-0.37191274397370117,0.13592441482690631,0.20167111770891907,-0.3915317668007555,0.13296377798924405,0.028101171638351595,-0.21296415178944783,0.03313523670908689,-0.04206413808295503,0.11105001563484694,-0.009849674152955104,0.0,0.0,0.0,0.02890617447974856,0.020247843786864013,-0.04615453392760803
0.6833,-5.299969554755691,-0.01103539987134263,1.0,-5.293577671051025,-0.010410202667117119,0.9879419803619385,-0.015716464320758662,-0.001759901587122544,0.0029326620130851284,-0.9998706763544976,0.00034067587023634016,-0.061741429984963944,0.0,-0.004029898904263973,-0.06474190950393677,-0.028233662247657776,0.03945861861930127,-0.24487107403941102,0.06446430887296287,0.05342817204016349,-0.37682090285586756,0.12182040191074005,-0.056528690388331033,-0.2935979069700626,0.18179157329196116,0.0031168895414743457,-0.23676871010632006,0.07702130434209176,-0.04200348749800558,0.11109290972099929,-0.010769124932967904,0.0,0.0,0.0,0.028033934077143365,0.02085691909545724,-0.04658696810480928
0.7,-5.299963404102857,-0.012098853223041005,1.0,-5.293709754943848,-0.01173548772931099,0.9875422716140747,-0.015716464320758662,-0.001759901587122544,0.0029326620130851284,-0.9998706763544976,0.00039927209057163173,-0.06600043447937598,0.0,-0.007161448709666729,-0.06905611604452133,-0.02577042579650879,0.05965437103189564,-0.2535712741543832,0.052098269360377564,0.07637659811610858,-0.3858703296796101,0.10969186153285138,-0.18808419788355243,-0.2591158139301773,0.14794459002778015,-0.0533291661539778,-0.2433659836054476,0.09795915458046245,-0.043139570355267894,0.11116157679267552,-0.01118634518868841,0.0,0.0,0.0,0.026417343271054945,0.02113747873255137,-0.04640724698378539
0.7167,-5.299956183143271,-0.013238787973074003,1.0,-5.293792247772217,-0.012428712099790573,0.9873589873313904,-0.01627678032993068,-0.0021181577019992394,0.00307309531232341,-0.9998606454045519,0.00046633543205437173,-0.07044832447296695,0.0,-0.008029058575630188,-0.07142208516597748,-0.025427773594856262,0.06612950678351534,-0.2787913251300182,0.05138154870615266,0.08869605774114958,-0.4122036666620721,0.10873230794582327,-0.05188370827867918,-0.14148669408879638,0.02049085374547321,-0.05290244056975993,-0.21328935523624476,0.07508909624317142,-0.04442683092114336,0.1119955959183891,-0.011935140501268272,0.0,0.0,0.0,0.021860279963509116,0.02141674561366477,-0.04541561873840233
0.7333,-5.299947818877723,-0.014447206174086223,1.0,-5.293972015380859,-0.013887269422411919,0.9869681000709534,-0.01662147437920998,-0.002238094461971084,0.003234475595271619,-0.9998541126430327,0.0005421077987699044,-0.07504477313344968,0.0,-0.00813050102442503,-0.07686304301023483,-0.02744917757809162,0.06860866058154667,-0.2830071719218705,0.06589727027652884,0.09716014477463186,-0.4174677312546209,0.12413752412002835,-0.006108135013207385,-0.3276153672227167,-0.12171441632691148,-0.03908790628416968,-0.2470404835741406,0.016989102246288634,-0.045613370245383936,0.11240981862846833,-0.01374249527414507,0.0,0.0,0.0,0.017061886052298747,0.022050740704282007,-0.04449775856935444
0.75,-5.29993807819054,-0.01573796058980713,1.0,-5.294122695922852,-0.015484191477298737,0.9865561723709106,-0.01731078608660565,-0.0023426107437440054,0.0032963050220371146,-0.9998420164975101,0.000628227155852848,-0.0798334322654986,0.0,-0.004665655549615622,-0.08520664274692535,-0.026690157130360603,0.0625430725001643,-0.3037466816277319,0.06825306168678139,0.09489191037483066,-0.4397589805065967,0.12777493240883886,0.07588346262908717,-0.21229474783305202,-0.008651924149669594,-0.005146256785942917,-0.23678290731642193,0.00941940259903981,-0.0462892037466596,0.11324362412626135,-0.015693706800072215,0.0,0.0,0.0,0.01394036587199325,0.022768674752603413,-0.04382816392198526
0.7667,-5.299926817962886,-0.017109143545049298,1.0,-5.294192314147949,-0.017263147979974747,0.9861761331558228,-0.01808776060472595,-0.002857946845931787,0.0033029220772532995,-0.9998268857788947,0.000725431822557819,-0.08479738057705889,0.0,-0.0023605257738381624,-0.09322033822536469,-0.025138642638921738,0.03755958939461265,-0.28498554689993943,0.05755640053401748,0.07180013943562634,-0.4207786310390653,0.11819939789774639,0.2677695716693143,-0.5773957751921343,0.13142538516308158,0.07542348400696176,-0.33733805148232043,0.04543779862248649,-0.045461951255922194,0.11233823228142836,-0.01692716646648996,0.0,0.0,0.0,0.011221401214908503,0.023454851857697502,-0.043715830897238954
0.7833,-5.299913839342936,-0.0185643530616363,1.0,-5.294227600097656,-0.018193133175373077,0.9859883785247803,-0.01808776060472595,-0.002857946845931787,0.0033029220772532995,-0.9998268857788947,0.0008348793030990083,-0.08994047176893774,0.0,-0.0038184765726327896,-0.09422223269939423,-0.025173649191856384,0.04776088706918613,-0.299552364642716,0.058505378704999195,0.08420275490474413,-0.4364160136230977,0.12033811019389518,-0.08752345662087795,-0.06014556019923284,-0.002101507485544169,0.027318568862642018,-0.25550576165571826,0.03140332655731449,-0.04556286024244885,0.11317891422129257,-0.018389456241134146,0.0,0.0,0.0,0.009120992406890857,0.023684734759089134,-0.04344327524776183
0.8,-5.2998988832775655,-0.02011110800392128,1.0,-5.294349193572998,-0.020073194056749344,0.9856271147727966,-0.018646559985896084,-0.0037337300405743215,0.0031762286506295465,-0.9998141574306444,0.0009581370381035354,-0.09527954363113743,0.0,-0.006452520377933979,-0.0955386608839035,-0.023964209482073784,0.06574237569353644,-0.33296360889665205,0.05353524463415396,0.10366781078355161,-0.4720079934361439,0.11628578316154244,-0.1576841240687086,-0.07880651975336835,0.07240177284340032,-0.027297607486806826,-0.20334091581677824,0.043506817252150845,-0.046791725448629286,0.11520276903568082,-0.01957389503206795,0.0,0.0,0.0,0.00886629035861411,0.023841615503811055,-0.04317664349532053
0.8167,-5.299881829931062,-0.021740890312645277,1.0,-5.294418811798096,-0.02102651447057724,0.9854534864425659,-0.01945026219141737,-0.003882227875857376,0.0032142872548348747,-0.9997981837750588,0.0010955488866990003,-0.10077638407642346,0.0,-0.00539550231769681,-0.09955576062202454,-0.023470528423786163,0.06639317416995517,-0.3721268841639742,0.05365400456954375,0.1074612255285581,-0.5147505337409367,0.11738531358527315,0.014427926097258468,-0.08197624817183333,0.012360176615239023,-0.014979467332231922,-0.16751184767911495,0.034311759651828665,-0.04789111499967254,0.11822330813977629,-0.020890013766687605,0.0,0.0,0.0,0.00682306364106962,0.024400341437186186,-0.042841295249041796
0.8335,-5.299862085695593,-0.02348697931348235,1.0,-5.294536590576172,-0.023002376779913902,0.9851163029670715,-0.020052773781393873,-0.0036573125358680065,0.0031916122503360235,-0.999787141300749,0.00125114837425032,-0.10653239668868736,0.0,-0.003704143688082695,-0.10314645618200302,-0.022229239344596863,0.05389551079390184,-0.37923607832929884,0.04666479468061538,0.09665177717281588,-0.5252285816507252,0.11128897217174122,0.1488771196371213,-0.37062187813954806,0.09077229344426993,0.03339399203820981,-0.2274736410249301,0.050979941187630676,-0.04812314683982804,0.12046250711837517,-0.02183282938853063,0.0,0.0,0.0,0.005366880460914002,0.025529996203051138,-0.04279134810259522
0.85,-5.299840069300057,-0.02529223639661405,1.0,-5.294564723968506,-0.025173282250761986,0.9848101139068604,-0.020386294964550737,-0.003948576235036636,0.003135388354422521,-0.999779554868017,0.0014209272719584666,-0.112351760811637,0.0,0.000838588341139257,-0.11598419398069382,-0.020784737542271614,0.0375176151916332,-0.3905419670349976,0.043976962520267754,0.08062388603230276,-0.5395642292051003,0.1094526692548334,0.18833381133473046,-0.38801759647347883,0.04013709983379101,0.07913505861495745,-0.2748691510236395,0.047778936239393784,-0.047457947109236356,0.12210797983804049,-0.02277521668028651,0.0,0.0,0.0,0.004351676268566792,0.02691428233206219,-0.042700490054279144
0.8666,-5.299814851815725,-0.027213203729971117,1.0,-5.294560432434082,-0.02634516917169094,0.9846631288528442,-0.02120044497869117,-0.004463903776145813,0.0030932415059115913,-0.9997605044924901,0.0016113080984900686,-0.1184100886534911,0.0,0.0009099204908125103,-0.1199461817741394,-0.020862150937318802,0.030838618694242873,-0.3738420203810206,0.04173505193198593,0.07268059365737752,-0.5262841802787037,0.10817111328359538,0.004284652584967706,-0.2379816298619465,-0.004649930006587615,0.057037850672807505,-0.2639792805631666,0.032300976652315024,-0.047169028581698864,0.12430416871438486,-0.023965340723786983,0.0,0.0,0.0,0.005327053618564221,0.0281379911832983,-0.04247072062782247
0.8833,-5.29978625868059,-0.029239008059235804,1.0,-5.294582366943359,-0.0287785641849041,0.9843608140945435,-0.02120044497869117,-0.004463903776145813,0.0030932415059115913,-0.9997605044924901,0.0018226952246876249,-0.12466226134308571,0.0,-0.002373727271333337,-0.12552841007709503,-0.02204674854874611,0.05327373657873155,-0.3870702586100408,0.05087575572678474,0.0963076216301362,-0.5425559995088943,0.11891326162386655,-0.1969289066353915,-0.3347807669759927,-0.07104340334872813,-0.017937777974875502,-0.2848811734299959,0.0017918267938539824,-0.0482828464324857,0.12621781472269838,-0.02570399072968527,0.0,0.0,0.0,0.005248961381081036,0.029267926176155108,-0.042333515167396536
0.9,-5.299753968932277,-0.031369790238469426,1.0,-5.294649124145508,-0.03131885454058647,0.9840384125709534,-0.023347021510387957,-0.004491764818645038,0.0031829721463913292,-0.9997123306446422,0.0020565389714228013,-0.13109975996343504,0.0,-0.003050445578992367,-0.1296742856502533,-0.02272350713610649,0.057806407819928914,-0.4262122152044101,0.0537815065603047,0.10204881003900401,-0.5857320230898567,0.12363018800103648,-0.014856842388659912,-0.1515103540557559,-0.015773924523441524,-0.017028229477868036,-0.24550766985879682,-0.003393904053923309,-0.049423420983259234,0.1291031837187127,-0.027548328725324155,0.0,0.0,0.0,0.0051810187641841456,0.030416624166733873,-0.04230035271540763
0.9167,-5.299717577416958,-0.033609679701687725,1.0,-5.294677734375,-0.03261924162507057,0.9838719964027405,-0.024137661485593407,-0.00401402831514053,0.0032505756914028034,-0.9996953876115408,0.0023147965858415294,-0.1377263771014047,0.0,-0.0020131401252001524,-0.13262540102005005,-0.022123010829091072,0.05764103414514058,-0.44816720304142604,0.05484154748247419,0.10331281728788774,-0.6129203085809705,0.1267553197184699,0.06222770447906089,-0.17703670065935323,0.03602362890999328,0.006369570830574748,-0.2252937882695047,0.008242872132985163,-0.050154504377410224,0.13274688213515168,-0.029176793066908485,0.0,0.0,0.0,0.00448272123466306,0.03200622340439278,-0.04273697916908723
0.9333,-5.299676620979813,-0.03596403073565518,1.0,-5.294672012329102,-0.035350650548934937,0.9835758805274963,-0.024307391454358333,-0.004102113252894775,0.0032488476706138123,-0.9996908778987501,0.002599703477044158,-0.14454904409174615,0.0,0.0034816705156117678,-0.14304567873477936,-0.018871283158659935,0.028117721040884884,-0.4360774805061862,0.03735978700884515,0.07466198585065012,-0.6041611548315349,0.11017297264797157,0.3293544393792157,-0.6245828927060707,0.19490588737567166,0.10172060739846903,-0.3431712299260605,0.06334920597536571,-0.04902869061247235,0.134410887662427,-0.029726894416614545,0.0,0.0,0.0,0.002484425802707108,0.033672786662921644,-0.04308629122251188
0.95,-5.29963077756359,-0.03842854954890019,1.0,-5.294637680053711,-0.03680112957954407,0.9834527969360352,-0.02505125106189472,-0.004786657756597159,0.0032130649962280617,-0.9996695937402521,0.0029124022616398414,-0.15154694276478378,0.0,0.004269808996468782,-0.14848028123378754,-0.01790739968419075,0.027006704442716634,-0.4619316778786895,0.032742766899864356,0.07285331907823239,-0.6333230036356338,0.10613419367333694,0.047349314371016256,-0.326496813005801,0.057907617453269354,0.08566920792269579,-0.3382486372836979,0.061742749584732345,-0.048122887392077464,0.13640601389029738,-0.03023991707723773,0.0,0.0,0.0,0.002276272756561714,0.03498531186664689,-0.04315150969623485
0.9666,-5.2995794360233965,-0.041013156820161545,1.0,-5.2945733070373535,-0.039807941764593124,0.9832301735877991,-0.02505125106189472,-0.004786657756597159,0.0032130649962280617,-0.9996695937402521,0.003255898680465753,-0.15873998862810257,0.0,0.00279832910746336,-0.15397793054580688,-0.015314760617911816,0.039650431712559275,-0.48142284737641766,0.018858914980390856,0.08447645564359564,-0.6563931755061547,0.0918939463652979,-0.08830908990506374,-0.32993478945184507,0.1555941050272575,0.03430763450676834,-0.335794237446959,0.08944938508428046,-0.04816468836647137,0.1387699437707375,-0.030123677770348252,0.0,0.0,0.0,0.0033386644354350082,0.036200384358999554,-0.042911353614558785
0.9833,-5.299521953701098,-0.04372592671794778,1.0,-5.294519901275635,-0.04293683543801308,0.9830363392829895,-0.02763834382004934,-0.004450414808988802,0.003365552294140509,-0.9996024959574228,0.003633213666359685,-0.16614148706861315,0.0,0.0026923592668026686,-0.16111509501934052,-0.01663247123360634,0.04453545295949707,-0.4923971791548201,0.028301163952412473,0.08971709773785128,-0.6708516951739389,0.101360377636926,-0.006342952728761435,-0.4272035948225422,-0.07887315950865526,0.02230683816166759,-0.3627799504834022,0.03975749339658993,-0.04844540877734107,0.1409365478414893,-0.030873803110072557,0.0,0.0,0.0,0.0032637639989868575,0.03751796817762956,-0.04218541057444097
1.0,-5.299458146111938,-0.046552357046803036,1.0,-5.294490814208984,-0.04456069692969322,0.982913613319397,-0.02763834382004934,-0.004450414808988802,0.003365552294140509,-0.9996024959574228,0.00404425653599648,-0.17370380768764823,0.0,0.0035234675742685795,-0.16590246558189392,-0.018343960866332054,0.044294250279601516,-0.5265153791706543,0.0397519410687073,0.08972642868169506,-0.7094629621653236,0.11342316951838774,0.049983810074955906,-0.2879179750792217,-0.1029309561448789,0.030477586137729832,-0.34067932705053133,-0.002366744903433613,-0.048587858911962066,0.14386183089865734,-0.03241582474051695,0.0,0.0,0.0,0.003155680509868514,0.03908575209601196,-0.04125540370916348
1.0166,-5.299387044158702,-0.049512096000162376,1.0,-5.294386386871338,-0.047987308353185654,0.9826521873474121,-0.028215870231392978,-0.0042806802304123205,0.0032535259707985593,-0.9995874073856559,0.004493897315007815,-0.18147161593354352,0.0,0.007717763539403677,-0.17958341538906097,-0.01808694377541542,0.023924053100131522,-0.5001791342400045,0.040095319246311184,0.06637307307231405,-0.6854113922572111,0.11514479731797178,0.2516184041385377,-0.8207286243492191,0.015418613943875508,0.09576239752409844,-0.4823986537385113,0.0028838181010914787,-0.04744349735494792,0.14437591722843254,-0.033868137470931405,0.0,0.0,0.0,0.004994477382765403,0.04085634078877407,-0.04118134060072919
1.0333,-5.299308073691393,-0.0526044339614974,1.0,-5.294229984283447,-0.05167929828166962,0.9824094772338867,-0.03041895449168624,-0.004709403241821198,0.0031193304051398817,-0.9995213211271907,0.004984264540940039,-0.18943422802360838,0.0,0.0064284768886864185,-0.19040776789188385,-0.01687687449157238,0.025199132951817794,-0.5284301277369052,0.03634997232901241,0.06463608528388616,-0.716118814782676,0.1124237989058111,0.04074863239929384,-0.37359643919034824,0.0493335766410315,0.07952132854237055,-0.4502782513658924,0.01659663580990212,-0.046524275061247525,0.14571961077953907,-0.03505983330932909,0.0,0.0,0.0,0.00708732272917916,0.041969076266231795,-0.0410139932674696
1.05,-5.299220681954628,-0.055827097765061624,1.0,-5.294173717498779,-0.05358204245567322,0.9823043346405029,-0.031514692210539506,-0.004605857654653043,0.0030689649211693517,-0.9994879829700186,0.0055172455378763394,-0.197577732468968,0.0,0.004965640604496002,-0.19303852319717407,-0.014894424006342888,0.051368535216469356,-0.5426669164476156,0.02385157349495784,0.08725033788975844,-0.7345258070095837,0.1004419061329436,-0.08784314398793076,-0.15797654158374733,0.11904591464200323,0.03011227723878048,-0.3639854440788601,0.046841535443034404,-0.04651497779280931,0.14908277538227116,-0.035636815581994594,0.0,0.0,0.0,0.010633175119520211,0.042776115179696914,-0.040953517055991165
1.0666,-5.299123963710913,-0.059189337863910514,1.0,-5.29409122467041,-0.057494327425956726,0.9821364283561707,-0.0320721435511018,-0.004198625584717674,0.003049830251945393,-0.9994721357549785,0.006096729466539864,-0.20591745771587266,0.0,0.002732729073613882,-0.20071770250797272,-0.013321980834007263,0.07108890393066893,-0.5553434158931326,0.01585191473889494,0.10666270721127398,-0.7511232516260414,0.09251374354369,-0.1339709866769422,-0.46073801622155147,0.0943439811106184,-0.01832810130932892,-0.3925485717754328,0.06086512563246797,-0.04754008643427817,0.1521419703820337,-0.035860920802911686,0.0,0.0,0.0,0.011966283153673119,0.043637865350875105,-0.04080090800188338
1.0833,-5.299017029359925,-0.06269702009680085,1.0,-5.294064044952393,-0.05949948728084564,0.982051432132721,-0.0320721435511018,-0.004198625584717674,0.003049830251945393,-0.9994721357549785,0.006726287227393351,-0.21445935853355738,0.0,0.002537765307351947,-0.20390000939369202,-0.01368914544582367,0.07940103992638414,-0.6065004167882683,0.019079075757722413,0.11869735342571117,-0.808048930959871,0.09589110678677909,-0.011680126047156875,-0.19064950507777348,-0.021996543400322806,-0.016365497503230304,-0.3329442770658401,0.03640284642562483,-0.04866616001089534,0.1566658538814305,-0.036480081769300066,0.0,0.0,0.0,0.009369846511568325,0.04488266029017222,-0.04033194925975661
1.1,-5.298899500572295,-0.06633842485188403,1.0,-5.293968200683594,-0.063680499792099,0.9818869829177856,-0.03254097587431387,-0.00403065063706652,0.003006250410585124,-0.9994578058264848,0.007406354775871255,-0.22316717491566776,0.0,0.008242250420153141,-0.21894370019435883,-0.01316069532185793,0.05251483282660843,-0.5772094687584688,0.01733349814204302,0.09436245824304473,-0.7822597938813953,0.09433640543806854,0.3427744867849417,-0.903954220509441,0.03175382465760294,0.08965919005793735,-0.5015168490336271,0.035030370226973334,-0.047833547258684384,0.15829916491974308,-0.03707102585605969,0.0,0.0,0.0,0.005985921842248084,0.046751160203183505,-0.03993188143996582
1.1167,-5.298769518843129,-0.07014563809392468,1.0,-5.2937541007995605,-0.0681740865111351,0.9817372560501099,-0.03409582975070844,-0.004158301587404874,0.0030003919986421267,-0.9994054172937857,0.008145731136078593,-0.2321090740052081,0.0,0.011582576669752598,-0.23246757686138153,-0.012373054400086403,0.03985765903367424,-0.5577239848553609,0.013967143214435956,0.08231500812924877,-0.7642851712313021,0.09097966754939824,0.1997311856698885,-0.808645539303738,0.047096134758218576,0.12215445500907438,-0.5921868519615957,0.038592404449220824,-0.04635391098105023,0.15833682290886658,-0.037539225654388,0.0,0.0,0.0,0.003896561885475689,0.048224363467074594,-0.03947329868057428
1.1333,-5.298627732789927,-0.07407554065274095,1.0,-5.2936320304870605,-0.07050544768571854,0.9816648364067078,-0.03536006266737417,-0.004823946522272664,0.002890810192513776,-0.9993588028793328,0.008938767143519594,-0.24117634177980993,0.0,0.011810516007244587,-0.2375798523426056,-0.01234291773289442,0.04690188708018231,-0.6007950018125822,0.014757424729160667,0.08845554443391232,-0.8098812576568774,0.09169460867907661,0.013725065320068335,-0.30782889731111013,0.0018146395014140718,0.09014411734920391,-0.5082391863818171,0.02773493602916193,-0.04546323644910517,0.1601230389746952,-0.03816742235069417,0.0,0.0,0.0,0.003909579095375149,0.04896321686960001,-0.03876976159922178
1.15,-5.298471764611609,-0.0781703655496351,1.0,-5.293412208557129,-0.07530450075864792,0.9815126657485962,-0.03623609808456326,-0.005522406729973231,0.0027957269022732384,-0.9993241581698568,0.009796740301837803,-0.25045947707669186,0.0,0.008190582506358624,-0.24632200598716736,-0.013490426354110241,0.07723288816271048,-0.6118490982992296,0.02301927390913419,0.11790255653430849,-0.8237305130320294,0.10072229225777946,-0.2173019072648166,-0.5247849608564354,-0.06888408638777176,-0.0006195684771813648,-0.5131238014229575,-0.0007887653474052507,-0.0463849321386031,0.16209464135983007,-0.03932406997104178,0.0,0.0,0.0,0.005715263767005086,0.049786773372969745,-0.038378948377603486
1.1666,-5.298300767289845,-0.08242598770301197,1.0,-5.293335437774658,-0.07775961607694626,0.9814266562461853,-0.03623609808456326,-0.005522406729973231,0.0027957269022732384,-0.9993241581698568,0.010722027005032197,-0.2599402856809849,0.0,0.006376243662089109,-0.24973779916763306,-0.013283425010740757,0.09815714852727703,-0.6685643436042417,0.022826813913261496,0.141071282895344,-0.8854740245507786,0.10130803959759282,-0.10879195802477519,-0.20481886803242363,0.012412279839597421,-0.0325540349979738,-0.42210655002699676,0.003108424474571668,-0.04808614821567059,0.16615361427771963,-0.04041218130220338,0.0,0.0,0.0,0.005172013847603593,0.050756066668817296,-0.038069044382127944
1.1833,-5.298113803275238,-0.08684025081126408,1.0,-5.293191909790039,-0.08282371610403061,0.98126220703125,-0.03685799459067674,-0.005331503896732151,0.002674175391167814,-0.9993027475708133,0.011717374125703249,-0.2696059345751098,0.0,0.007315984461456537,-0.26240062713623047,-0.012710638344287872,0.10295864271157258,-0.6585859059514033,0.020837200538799144,0.14982567977946637,-0.8796410834640832,0.1002481692243554,0.056360314488453564,-0.7594444841638665,0.034352490258811756,-0.006304893893042802,-0.5216948738954212,0.012332243759078227,-0.049477400819432624,0.1687201832040284,-0.04132044640867521,0.0,0.0,0.0,0.002610363751538851,0.05233499430865149,-0.03809052227688105
1.2,-5.297909801283413,-0.09141348880593403,1.0,-5.2929863929748535,-0.08821140974760056,0.9811176061630249,-0.037616357323912435,-0.0047645300025844295,0.0025141438073719162,-0.9992777544896463,0.012786095491202538,-0.279449628667503,0.0,0.011723420582711697,-0.2804357409477234,-0.010467096231877804,0.08740977386531489,-0.6165343203227985,0.008728049599162652,0.13643853199647948,-0.8385162659672473,0.08848516831066555,0.26457888869507656,-1.0826499212823815,0.1346800866788321,0.07366494981906127,-0.6872990567684147,0.04845156320790113,-0.0494686420832033,0.16829805262928663,-0.04150050283432977,0.0,0.0,0.0,0.0004398839520386834,0.05368389301516214,-0.03825661587717314
1.2166,-5.297687342124007,-0.09615239527707367,1.0,-5.292724609375,-0.09391093999147415,0.981029212474823,-0.039195116365946775,-0.005076786783578534,0.0024420726964183032,-0.9992157143286382,0.013933124034420262,-0.2894782333773209,0.0,0.012545866891741753,-0.2941150963306427,-0.008658261969685555,0.09390337054810824,-0.6009113758514418,-0.0010509542070246958,0.14591746071532244,-0.8222441668171271,0.07770395636300995,0.04937225155290615,-0.8211850033634372,0.10858607939501067,0.06649330127986618,-0.7268246353104528,0.066204371498009,-0.04968458274667575,0.1671151297996191,-0.04126114803634914,0.0,0.0,0.0,-0.0023295074205384432,0.05421766116606616,-0.03749376253368549
1.2333,-5.297444976188178,-0.10106219422024114,1.0,-5.292593002319336,-0.09685450792312622,0.9809849858283997,-0.040869928075737444,-0.006223796143645306,0.0025460489716946583,-0.9991419151968957,0.015163287569348096,-0.29969498299122455,0.0,0.012417902238667011,-0.29913967847824097,-0.008917238563299179,0.1076137542500901,-0.6529421869616798,0.0013579805928065902,0.1634590694454217,-0.8753918167511247,0.07928928010201725,-0.007676568735071585,-0.301423473547206,-0.015535943511592317,0.044597000007891144,-0.6012384370666071,0.042073136494416484,-0.05044724931631223,0.16838650840214645,-0.041402730559026386,0.0,0.0,0.0,-0.005398065879019392,0.05406312138729839,-0.03652856895018427
1.25,-5.29718152465678,-0.10614121522582955,1.0,-5.2923407554626465,-0.10288052260875702,0.9808855056762695,-0.04108540647292742,-0.006689985069202336,0.0027505033338210277,-0.999129481876585,0.016479822416937923,-0.3100887510163312,0.0,0.011541493237018585,-0.30922049283981323,-0.010438583791255951,0.12610262830057808,-0.6610272781245514,0.011620173542801232,0.18776258386100167,-0.8853560963248058,0.08981261547919855,-0.05261996881173237,-0.6052563772223654,-0.09134221384809184,0.01589677392425419,-0.6024246064386921,0.002686486567467561,-0.0519519631345184,0.16986539479928991,-0.042263533496510186,0.0,0.0,0.0,-0.009707992425905178,0.054463423400964474,-0.03592890843988713
1.2667,-5.296893196156348,-0.11143412019882079,1.0,-5.292069911956787,-0.10911202430725098,0.9807592034339905,-0.04063629097228435,-0.006512045026056389,0.0029161825953173195,-0.9991485743989604,0.01789857506418597,-0.32074146323223585,0.0,0.015601453371345997,-0.32155171036720276,-0.010128157213330269,0.11593840442222486,-0.6571789274620163,0.011034998526091605,0.18236017043968145,-0.8828060550227772,0.08951144262076394,0.24189535109805815,-0.7347028282455218,0.018495439258775233,0.0826156846064312,-0.6414755552379842,0.00735357835087715,-0.05236488500768042,0.17077340564036234,-0.043029621437170575,0.0,0.0,0.0,-0.014056881009776184,0.05485372192039854,-0.03544682265750176
1.2833,-5.296584506840641,-0.11683452847473466,1.0,-5.291883945465088,-0.11234372109174728,0.980710506439209,-0.04063629097228435,-0.006512045026056389,0.0029161825953173195,-0.9991485743989604,0.01939452712094277,-0.33143294942598006,0.0,0.01927155815064907,-0.33122941851615906,-0.00787928607314825,0.10931715714160298,-0.6848166513440991,-0.0015758079324052765,0.17814084913595477,-0.9119920477089305,0.07662278907360899,0.22160131226157057,-0.5843410350536241,0.13578707577557042,0.12364678220709524,-0.6246084006004672,0.045269494240417395,-0.0521092089318265,0.17215449406484096,-0.043031456851231914,0.0,0.0,0.0,-0.01671448306252528,0.05502090229999045,-0.03516714015478235
1.3,-5.296248033289084,-0.1224491306194754,1.0,-5.291454315185547,-0.11902956664562225,0.9806532263755798,-0.04135311930340157,-0.007257517409092829,0.0029057301768866573,-0.9991140139831814,0.02100076997651516,-0.3423686681243538,0.0,0.020140819251537323,-0.343407541513443,-0.005758908111602068,0.1194134806535272,-0.6826618899287423,-0.013366765093885541,0.18922013069164112,-0.9110817600469774,0.06389247714522592,0.05215422364713119,-0.7306671721000758,0.12721915924907376,0.10254087221132452,-0.6559188884417332,0.0694625331901362,-0.05236881629651687,0.17316253791080463,-0.04247991162967693,0.0,0.0,0.0,-0.017437833741597047,0.055257332207430496,-0.03477933060943453
1.3166,-5.295884014839224,-0.1282458549398732,1.0,-5.291046619415283,-0.12594419717788696,0.9806458950042725,-0.04265119877359958,-0.008461237988009043,0.002765507611890888,-0.9990504143887785,0.022712726034797983,-0.3534770527088725,0.0,0.019301770254969597,-0.3564050793647766,-0.003518288256600499,0.14094366906745412,-0.6762585288631389,-0.026128995698379648,0.21242576186308312,-0.905001849534657,0.049311347861399735,-0.05036676440491184,-0.7802213332951683,0.1345008132057548,0.05739974310511893,-0.6926152421067149,0.08866302219121233,-0.05365352746664516,0.17360901264344358,-0.041431252664359125,0.0,0.0,0.0,-0.017828565328983838,0.05513430802807451,-0.03400909089542025
1.3333,-5.2954902834443915,-0.13423311319872158,1.0,-5.290839672088623,-0.12949790060520172,0.9806385040283203,-0.04296484508350552,-0.008472122411636982,0.0026570637706723713,-0.9990371381314975,0.024537204798699294,-0.36476658100153386,0.0,0.01985866017639637,-0.3623700737953186,-0.005209994502365589,0.156246673676578,-0.7308207402073413,-0.015295876055895413,0.23241043378677317,-0.9619885207157475,0.05864178588087178,0.03338524991424161,-0.3575981933565834,-0.1014168754421917,0.05031022578905324,-0.593712086024556,0.03254796221485057,-0.05528119019067368,0.17612440674636093,-0.041352287774230036,0.0,0.0,0.0,-0.020882569919521518,0.05504337376204519,-0.03258537416253716
1.35,-5.29506554631339,-0.14040465061119226,1.0,-5.290384769439697,-0.13680440187454224,0.9805893898010254,-0.04358510839923921,-0.008366545873206207,0.002613863250948692,-0.9990113021133604,0.02647670235793817,-0.37621799865157907,0.0,0.02433047816157341,-0.37761974334716797,-0.006167328916490078,0.14798133431283383,-0.7126461831444936,-0.008659871076567932,0.2276189911017663,-0.945663841189762,0.06502955262930007,0.26855520485817785,-0.9158195043026303,-0.057492755866897664,0.11474013259394583,-0.6888040832349371,0.005966296513321652,-0.05586558189397245,0.1770944503292314,-0.041739289587366064,0.0,0.0,0.0,-0.023772074894960044,0.05592320771603698,-0.03195013411850195
1.3666,-5.294607009063827,-0.14677492767312852,1.0,-5.289809703826904,-0.14445599913597107,0.9805536270141602,-0.04444807302503386,-0.008951562569783638,0.0025440259229661455,-0.9989683544747278,0.02854032963869299,-0.38785058484311724,0.0,0.02918955869972706,-0.3949119746685028,-0.004587240517139435,0.1380416978051364,-0.6824224604807007,-0.0173129862680321,0.21986561788263406,-0.915069002558164,0.05557213688353342,0.2913700507169714,-1.0369118761347877,0.09474846803651336,0.1668845127861604,-0.7915718662568341,0.032176416267616054,-0.0555629527359287,0.17618005381074672,-0.041584670991822587,0.0,0.0,0.0,-0.026260967341568964,0.05646648826671666,-0.031300452159742934
1.3833,-5.294113185724662,-0.1533381965429391,1.0,-5.289505958557129,-0.14838047325611115,0.9805465936660767,-0.04444807302503386,-0.008951562569783638,0.0025440259229661455,-0.9989683544747278,0.03073096487554686,-0.3996461654693388,0.0,0.028884759172797203,-0.4000358283519745,-0.003881169017404318,0.16172063730601005,-0.7456810532122089,-0.020865774438314028,0.2454931205157016,-0.9801329595756159,0.05065243343345635,-0.018287204254162612,-0.3074183212221777,0.04236251238234537,0.11221843743039617,-0.6486408906215998,0.03518353801757312,-0.056432008321499576,0.1780960531659486,-0.04131034143192681,0.0,0.0,0.0,-0.027340474888191964,0.05635585319745834,-0.030207866439843578
1.4,-5.293582230446618,-0.16009338039871018,1.0,-5.288906097412109,-0.15637196600437164,0.9805575609207153,-0.045260171673031924,-0.010148140574966272,0.0023569782092748024,-0.9989209814170016,0.03305293403666304,-0.41159566869978176,0.0,0.02777717262506485,-0.40950530767440796,-0.002426695777103305,0.1900490063820275,-0.7642288900635973,-0.028999777387334696,0.27681554082242504,-1.0016835770109869,0.04120259704140951,-0.0664971112280099,-0.5685271467628576,0.08732344125746125,0.05945834098391925,-0.6249898491514777,0.050576190443717126,-0.05854116209480512,0.18079813424588848,-0.04066043542921113,0.0,0.0,0.0,-0.028225372345592418,0.056656552701501176,-0.02954193899953308
1.4168,-5.293006846620998,-0.16710388781181382,1.0,-5.288302898406982,-0.16454069316387177,0.9805783629417419,-0.04576051271677294,-0.010390859007184448,0.002290512629173126,-0.9988958197484405,0.035533707223769806,-0.4238017601514628,0.0,0.030924126505851746,-0.4199027717113495,-0.0023784483782947063,0.19443109883558382,-0.7790294472893033,-0.028741383775078483,0.28659727390154216,-1.0200831853594197,0.040051626556697306,0.18751376241280845,-0.6195412055518461,0.0028748598231663138,0.09726264192919493,-0.6233813099730064,0.036493885781037926,-0.060179547186777656,0.18385323403454906,-0.04019778129166981,0.0,0.0,0.0,-0.03198662787918068,0.057200504035567284,-0.028595229040105984
1.4334,-5.292395045333878,-0.17424690335559467,1.0,-5.28795862197876,-0.16872338950634003,0.9805825352668762,-0.045973940406365064,-0.01031469306648018,0.002255488598060581,-0.9988869267634047,0.03813464580235702,-0.43604378550776113,0.0,0.03492037579417229,-0.4280640780925751,-0.00317901442758739,0.19619806579418414,-0.8278322191653684,-0.023313286030124808,0.2946100472218236,-1.073993976307222,0.04452476100834796,0.24040107819514364,-0.49095707298882724,-0.04815939335387892,0.13951972453494013,-0.584287254824561,0.011502690525802549,-0.06122859415782158,0.1880019662445767,-0.04016172022740843,0.0,0.0,0.0,-0.03718338726981791,0.058159790897276895,-0.027676326811064335
1.45,-5.29173928420727,-0.18158916197150154,1.0,-5.287138938903809,-0.17735765874385834,0.9805847406387329,-0.04714641568255552,-0.01129933037556972,0.0021727964812821928,-0.9988217677356069,0.040884040798142174,-0.44843177462084505,0.0,0.04152584448456764,-0.44718873500823975,-0.0031421633902937174,0.1814043411061773,-0.7902577829740045,-0.022901040309286608,0.28273516928086745,-1.039299625988847,0.04456508926455929,0.3980481265175352,-1.152459304915018,0.0022206579188397053,0.215842034066197,-0.7520220288047601,0.00876246484740482,-0.060980904072241035,0.1892941175486826,-0.04014946276357268,0.0,0.0,0.0,-0.04034992410244909,0.05974772546615981,-0.02731666681027322
1.4667,-5.29103318016194,-0.1891741935207604,1.0,-5.286259651184082,-0.18633724749088287,0.9805753827095032,-0.048203233420987014,-0.012327464549411516,0.0021332205905304426,-0.9987592639592653,0.043803934046351814,-0.46103056915287216,0.0,0.04200901836156845,-0.4618722200393677,-0.004041192587465048,0.2075311315858784,-0.8437689361184008,-0.018673380795044076,0.311723083098724,-1.0970850681325177,0.048592170541508606,0.02324415776012345,-0.468879490183751,-0.0356211030152459,0.15898362076318018,-0.6684331762517111,-0.004340375608564998,-0.0619819042159423,0.19243689581080883,-0.04037738819035813,0.0,0.0,0.0,-0.04221004729690331,0.060879236203308054,-0.026888163146194546
1.4833,-5.290277857517972,-0.19696205186195243,1.0,-5.285817623138428,-0.19093041121959686,0.9805598855018616,-0.048203233420987014,-0.012327464549411516,0.0021332205905304426,-0.9987592639592653,0.04688480140316634,-0.47376528221919456,0.0,0.0419343039393425,-0.46761423349380493,-0.004994952119886875,0.23521558755410812,-0.8468850952944499,-0.010364218887056048,0.34160219928150587,-1.1046098369275223,0.057326267872471776,0.0012368887998511799,-0.7563463217091424,-0.0755288219461457,0.11241390226370192,-0.6943867436277249,-0.025356506117861572,-0.06414054125892824,0.19548319737203768,-0.0410292659640712,0.0,0.0,0.0,-0.042246070468469496,0.062241544261034724,-0.026661220795456627
1.5,-5.289469381063757,-0.20496727009400542,1.0,-5.284943580627441,-0.200273334980011,0.9804966449737549,-0.04926774295927175,-0.012981213536287103,0.0020190869247629505,-0.9986992468469857,0.05013789108306659,-0.4866523279308088,0.0,0.04222181439399719,-0.47992244362831116,-0.007127676624804735,0.26304806789902846,-0.8524077419155759,0.003398767494551286,0.3755505612062321,-1.1148830208190785,0.07251424830131072,0.01724201100943666,-0.7381237489276523,-0.12789955564591077,0.08431742045636777,-0.7072987069975987,-0.055629088574336384,-0.06716791375308241,0.1985968990567789,-0.04233089806045009,0.0,0.0,0.0,-0.045334579554121214,0.0638783798467237,-0.02678458274630934
1.5167,-5.288603722061203,-0.21320233723937063,1.0,-5.284481525421143,-0.20505405962467194,0.9804595112800598,-0.05019582446601573,-0.013034236905891842,0.001894290106322218,-0.9986525902856842,0.053574261828071956,-0.4997036048360528,0.0,0.04549567028880119,-0.4888733923435211,-0.006298677530139685,0.27683710314742715,-0.902865257555938,-0.0007371473921944094,0.39665473847564137,-1.171314526614227,0.06952745547254488,0.1961117250317771,-0.5361830360330767,0.049659009965152316,0.11732114249310718,-0.6567822333535068,-0.024546117476911933,-0.06992176638471478,0.2029917570578269,-0.043114925826754164,0.0,0.0,0.0,-0.04989586894349941,0.06545751200046213,-0.027149677037985133
1.5333,-5.287682569822298,-0.22162581443646548,1.0,-5.283428192138672,-0.21490709483623505,0.9804375767707825,-0.051977377020927286,-0.014004926242302304,0.0016254353596712404,-0.9985487825978019,0.057182176054531575,-0.5128464612171153,0.0,0.053433485329151154,-0.5084053874015808,-0.0012536346912384033,0.2613623180213236,-0.8656753741409953,-0.030246696472894435,0.3861386846706989,-1.1379825542279383,0.03954564193261631,0.4770336477153869,-1.173801455733383,0.30318862005322883,0.2235148486983039,-0.8094157576451366,0.07220716723029258,-0.07093638395433467,0.20481400306175598,-0.042022255683999844,0.0,0.0,0.0,-0.05383998269504063,0.06749317702518712,-0.027770082721510894
1.55,-5.286698693223673,-0.230278749222223,1.0,-5.282276153564453,-0.2250734567642212,0.9805158376693726,-0.05306300608158302,-0.01519203964581621,0.0015062440720824217,-0.9984744355570286,0.06098480218346551,-0.5261381139754026,0.0,0.05541204288601875,-0.5224897265434265,0.002674288582056761,0.28305842012093224,-0.8613807352445628,-0.053556487232079925,0.4143151706412254,-1.1367352024900426,0.013691932138965524,0.11879003542799886,-0.8456054967077011,0.23582743053070426,0.19259816970781757,-0.820099630076199,0.12051085953424492,-0.0727968560072773,0.20658960730787015,-0.039860529427899354,0.0,0.0,0.0,-0.05845989451301588,0.06876485993760965,-0.0273878899431461
1.5666,-5.285649033117307,-0.2391608606781267,1.0,-5.281683921813965,-0.23026347160339355,0.9805653095245361,-0.05306300608158302,-0.01519203964581621,0.0015062440720824217,-0.9984744355570286,0.06498832862645074,-0.5395699427369719,0.0,0.056768953800201416,-0.5310684442520142,0.0010049173142760992,0.3132588958333489,-0.9167957113140157,-0.04313977796881205,0.4540254506218585,-1.1965460608323248,0.02150793143020066,0.08141240326433691,-0.5147088274421732,-0.10015950599993563,0.1597740992502101,-0.7299426833427323,0.05536493431474355,-0.07561761855406424,0.21026888299852467,-0.038804324549227484,0.0,0.0,0.0,-0.06514893623444531,0.06948146651978453,-0.025843384849785222
1.5833,-5.284530771201137,-0.24826924528789532,1.0,-5.280428409576416,-0.24089162051677704,0.9806246161460876,-0.05394364999323898,-0.016525991352453053,0.0014120037188120708,-0.998406241956138,0.06919775340040539,-0.5531296104028075,0.0,0.06329946219921112,-0.547965407371521,3.5767428926192224e-05,0.3111107975757616,-0.8967121304647645,-0.03697530756264997,0.4587213383218673,-1.1802143480410026,0.026088005911565376,0.39167399510960493,-1.0134128380020877,-0.0581257666727104,0.22823518707002546,-0.8136282541383199,0.021860405051197004,-0.07748755172662387,0.2126498886748755,-0.03831589008013076,0.0,0.0,0.0,-0.0701229890194818,0.0708523289013625,-0.024747423394084585
1.6,-5.283339603840304,-0.2576121422576717,1.0,-5.27900505065918,-0.25188490748405457,0.9806824326515198,-0.05489303409772719,-0.017306471961533853,0.0013247175955459762,-0.9983413779562798,0.07362332969047687,-0.5668213627743549,0.0,0.07167577743530273,-0.5676916241645813,0.00098503683693707,0.29915430973975626,-0.8594852684490256,-0.042315415812972795,0.45337617577243416,-1.1446629316704058,0.018671790119873397,0.5020551101774844,-1.1823394495412844,0.056896802925171575,0.30907183312889597,-0.9224785381588714,0.03220379008313552,-0.07806571529361388,0.2130263061177707,-0.03757039776622488,0.0,0.0,0.0,-0.07615615073906401,0.07215135710360941,-0.023416808166621315
1.6166,-5.28207642654972,-0.2671573306422525,1.0,-5.277453899383545,-0.26321879029273987,0.9807859063148499,-0.05563142844439183,-0.01822245732275521,0.0011119181574144683,-0.9982844375639415,0.07825586706936818,-0.5805908787324578,0.0,0.07574727386236191,-0.5817541480064392,0.00370539678260684,0.32632547698078423,-0.9216083871451135,-0.052781825562626644,0.48290927501220804,-1.2101311440705194,0.005645021120500672,0.16478734343202728,-0.47106537877267907,0.10906979097996503,0.2664764146032934,-0.7892131227811248,0.054896038470114095,-0.07970805026590597,0.21600567341213492,-0.036299924391831134,0.0,0.0,0.0,-0.07687574776551781,0.07251708351327095,-0.022126922291296182
1.6333,-5.280731366396468,-0.27695352348937113,1.0,-5.27665901184082,-0.2689846456050873,0.9808493256568909,-0.056503062150089566,-0.01987862827170292,0.0008653590936257485,-0.9982041899643768,0.08312540793880746,-0.5945008417819131,0.0,0.07625636458396912,-0.588462233543396,0.004109609872102737,0.3571143123327848,-0.9257815032580774,-0.060617290300094745,0.5167669824999562,-1.2181792450098543,-0.004699293380390768,0.11027968991250643,-0.7755511236918854,0.07855460205706381,0.2203642865810062,-0.7851798509420992,0.06188047886157895,-0.08257190400252763,0.2193540237979599,-0.03477761326585823,0.0,0.0,0.0,-0.07708076616464382,0.07304371795381688,-0.021140383653845747
1.65,-5.279304597032194,-0.2869726679794141,1.0,-5.275022506713867,-0.28071287274360657,0.9810117483139038,-0.05707423097275313,-0.021181945804917425,0.0007745326350847585,-0.998144889348522,0.08822481585560418,-0.6085031889094148,0.0,0.08120275288820267,-0.6051608920097351,0.0063975490629673,0.3712170581750801,-0.9073541925380725,-0.0745246408693356,0.5367918495616391,-1.202664936202059,-0.02211459269135136,0.2970385317488725,-1.0027811582790465,0.13739440904860764,0.24299992517196978,-0.8494197340869103,0.08417357126248326,-0.08535975032619815,0.22164332552865817,-0.03268186124618926,0.0,0.0,0.0,-0.08021504106036087,0.07366741813532837,-0.019728186931794983
1.6667,-5.277788002759663,-0.297245043928311,1.0,-5.274145126342773,-0.28671878576278687,0.9810976982116699,-0.05707423097275313,-0.021181945804917425,0.0007745326350847585,-0.998144889348522,0.09357639802600981,-0.622632003923137,0.0,0.08708611875772476,-0.6163639426231384,0.005911767017096281,0.3859520578799783,-0.9522808130611377,-0.07140863950568474,0.5584101349687446,-1.2514508673454303,-0.02257366169095447,0.3524527237409661,-0.6711372011312023,-0.02910157365848259,0.27531239183862116,-0.7967874717903364,0.05073267808960095,-0.08786968741237058,0.2250541852177841,-0.031082642516348364,0.0,0.0,0.0,-0.08458838967639565,0.07411586906650866,-0.017752335298381904
1.6833,-5.276183425852809,-0.3077321357685234,1.0,-5.272215366363525,-0.2990783452987671,0.981275200843811,-0.05713228825657689,-0.021623075794856693,0.0008126333861386409,-0.9981320767065747,0.09916688001256294,-0.6368263885893655,0.0,0.09644579887390137,-0.6379269957542419,0.0071376413106918335,0.37686760532210967,-0.9043498001854485,-0.07902775691477701,0.5557673406081484,-1.2054298675427093,-0.03438925424095885,0.5620476720546337,-1.29485876272424,0.07361360478080663,0.35996188737703205,-0.9438272203973359,0.057487545856144316,-0.08906297393554917,0.2258249202927557,-0.029226636321667564,0.0,0.0,0.0,-0.08983676135048956,0.07525514706450515,-0.015411866352150591
1.7,-5.274482588648936,-0.3184627248551976,1.0,-5.270156383514404,-0.31176698207855225,0.9814609885215759,-0.058493781611626584,-0.022842460513439786,0.0007824140957562952,-0.9980261616762668,0.10501825998660101,-0.6511177279163027,0.0,0.09988172352313995,-0.6511408686637878,0.00623875530436635,0.40519569388606685,-0.9062710508460012,-0.07394557192731896,0.5925298332133944,-1.2093303772034232,-0.03327898935889773,0.20620877273312632,-0.7930373316925895,-0.053947102778413726,0.3145711577037909,-0.8993112891818471,0.02459000082677392,-0.09142522154715435,0.2274588196888044,-0.02788763060624609,0.0,0.0,0.0,-0.09590891778017317,0.07560050666861767,-0.012778951962175133
1.7166,-5.272682232406689,-0.329431039744226,1.0,-5.269101619720459,-0.31819891929626465,0.9815496206283569,-0.059798218670504666,-0.024538852726757043,0.0009074637952881313,-0.9979084455283758,0.11113450901446269,-0.6654900264112532,0.0,0.10223840922117233,-0.6569789052009583,0.006698245648294687,0.4475879425828911,-0.9850978184854096,-0.07653096159169423,0.6427049815685473,-1.2931211702696217,-0.03931927730827611,0.1414700841550858,-0.3504529776302042,0.027582862525225058,0.2634685569285516,-0.7372782838261427,0.02547354830233836,-0.09518020682409445,0.23231545738218795,-0.026438788599765083,0.0,0.0,0.0,-0.09993683216156181,0.07570789440202419,-0.010772895683653031
1.7333,-5.270777619492849,-0.34063994848828205,1.0,-5.266900539398193,-0.3312947452068329,0.981730580329895,-0.05993753771243546,-0.025447947078246873,0.0011458463704657569,-0.9978770882730837,0.11752433507370137,-0.6799388337654021,0.0,0.10944149643182755,-0.6734169125556946,0.007110244128853083,0.45780153800974027,-0.9682383432504251,-0.07929885802321565,0.6635115112829806,-1.281203911795669,-0.045147896872988494,0.43224747836039773,-0.9864224908791759,0.024723469132269832,0.3132951794005393,-0.8108302074940936,0.02525211122172401,-0.09845436221310692,0.23610905520506462,-0.02490385752368328,0.0,0.0,0.0,-0.10725561106013344,0.07685651334017939,-0.009247103626543879
1.75,-5.268763642500369,-0.35209333985276714,1.0,-5.265723705291748,-0.33798345923423767,0.9818239212036133,-0.05993753771243546,-0.025447947078246873,0.0011458463704657569,-0.9978770882730837,0.12419723364237678,-0.6944607307723646,0.0,0.11659549176692963,-0.6842578053474426,0.007154964376240969,0.47617008894336427,-1.0183248763510753,-0.07942810183102098,0.693886538708249,-1.337698365576908,-0.04856064987086606,0.42930154159811146,-0.6505472494455969,0.002683601294799342,0.3475423778334382,-0.7635117486982728,0.018589474594209673,-0.1015173265223623,0.2410587937446561,-0.02341424585490876,0.0,0.0,0.0,-0.11619912324252248,0.07831469548117641,-0.007453206105246162
1.7666,-5.266634297907862,-0.3637987607076909,1.0,-5.263160705566406,-0.3516944944858551,0.9820289611816406,-0.061066771639142765,-0.027647782079937743,0.0015785680641270945,-0.9977495097626412,0.13116514174870705,-0.7090564738350422,0.0,0.12842892110347748,-0.7050648331642151,0.008814510889351368,0.46236244443500685,-0.9747456811558387,-0.0898109383264307,0.6889432063964394,-1.298609464108769,-0.06270100822941928,0.7092860409283183,-1.24715616782897,0.09947185575232936,0.4543357189672177,-0.9062924210610838,0.04246743184391528,-0.10294255366284545,0.24358880428893143,-0.021373107505502534,0.0,0.0,0.0,-0.12363820829858699,0.08027497866399892,-0.00573682259150888
1.7833,-5.264387442801117,-0.37574189886847675,1.0,-5.260412693023682,-0.36580029129981995,0.9822266101837158,-0.06257859094902968,-0.029643655310794246,0.0018494880063551216,-0.9975980339890931,0.13842699758058447,-0.723699583705846,0.0,0.13519860804080963,-0.7228710651397705,0.006200262811034918,0.48082505646044005,-0.9481853699873748,-0.07452097790429321,0.7148335567597407,-1.275275727510382,-0.049940111698356555,0.4059957533208459,-1.0678860974877389,-0.15678326453629696,0.440064877572232,-0.9539978278788587,-0.01635501554224404,-0.10498975294812417,0.2452602851273912,-0.020392623037310393,0.0,0.0,0.0,-0.12901874735117647,0.08183007239561607,-0.004188243168626265
1.8,-5.262019630776832,-0.3879161873992131,1.0,-5.257518768310547,-0.3802425265312195,0.9823510646820068,-0.06257859094902968,-0.029643655310794246,0.0018494880063551216,-0.9975980339890931,0.14598590842194445,-0.7383739772784358,0.0,0.13900761306285858,-0.7307655215263367,0.004015752580016851,0.5265203514399346,-1.01669420267871,-0.06118748225697687,0.7690708397783641,-1.349067439757364,-0.03870763626417248,0.2287728756766045,-0.4741494114614658,-0.13120399805252456,0.37768761671234913,-0.8123378048986474,-0.05026053433738849,-0.1086537070744041,0.24969678993282715,-0.02007482224580462,0.0,0.0,0.0,-0.13389678126402535,0.08267644714582678,-0.002405023746999775
1.8166,-5.259521362071387,-0.4003448907952937,1.0,-5.25600004196167,-0.38759151101112366,0.9823943376541138,-0.06361088053871684,-0.031022376190172767,0.0021374774222300665,-0.9974902644974507,0.15386378292354774,-0.7530990813667475,0.0,0.14823555946350098,-0.7478363513946533,0.0019881639163941145,0.5349570651396219,-0.9940317099233517,-0.04891079085889147,0.783345797707617,-1.3315349336015534,-0.02671716436347578,0.5537248386958326,-1.0243386886793802,-0.12166587851310462,0.4296570221711371,-0.874924340647638,-0.07134069705286389,-0.11181429952179713,0.25320403820789855,-0.020226608359152628,0.0,0.0,0.0,-0.13657443304619798,0.08429918547030318,-0.0019670181362630604
1.8333,-5.256888436219198,-0.41302257588609237,1.0,-5.252814292907715,-0.40256181359291077,0.9824601411819458,-0.06395151005129288,-0.031916512361708275,0.002231886362894484,-0.9974400254540258,0.16206503403120393,-0.7678592152759193,0.0,0.15994440019130707,-0.7671148777008057,0.0014940223190933466,0.5305975497054269,-0.9572560652091225,-0.04569012187443719,0.7838182695325255,-1.2982596856855382,-0.023028369400125037,0.7023201312816406,-1.1563653004604868,-0.029639620143079828,0.5101521555943798,-0.958010856035825,-0.05902977695554491,-0.11381548941043629,0.2551657021455826,-0.02022927487361352,0.0,0.0,0.0,-0.1394052304166623,0.085837918330833,-0.002432477600698631
1.85,-5.254117438309171,-0.42594018041974285,1.0,-5.2493767738342285,-0.41798391938209534,0.9825608134269714,-0.06420050836393917,-0.03330735309421171,0.0021137065996699347,-0.9973788282299879,0.17059141953947296,-0.7826349404733184,0.0,0.17096497118473053,-0.7895510196685791,0.0042596966959536076,0.5712869470952426,-0.9995123218079085,-0.05509620236987531,0.8290135423567423,-1.3440673131773058,-0.03291787354913624,0.3581794407635838,-0.7410562241524878,0.09775799942491521,0.4652870324873166,-0.893961883304563,-0.012743159671488903,-0.1170388024088771,0.25830393747830604,-0.019398508689246495,0.0,0.0,0.0,-0.14068779285262253,0.08625105389109118,-0.0027798201314925774
1.8666,-5.251199518450927,-0.43911324188285394,1.0,-5.247583389282227,-0.4258529841899872,0.982627272605896,-0.06420050836393917,-0.03330735309421171,0.0021137065996699347,-0.9973788282299879,0.17946099008128202,-0.797434839190617,0.0,0.1749914139509201,-0.7986558079719543,0.005461127031594515,0.5873323732699481,-0.9616239365179057,-0.06916587767293778,0.8489777255797865,-1.3122575851907219,-0.04710848819221458,0.24141067242266567,-0.5458895591514666,0.07203333613271198,0.39919463908469255,-0.7912045713049898,0.01228441139661805,-0.12204348212401203,0.26365908532780746,-0.01809050384989437,0.0,0.0,0.0,-0.13960187018582632,0.08697456334500864,-0.003966885630828821
1.8833,-5.248132233204629,-0.45252712841236725,1.0,-5.243892669677734,-0.44182881712913513,0.9828187823295593,-0.06552626119145163,-0.035215380438970365,0.002068398737520699,-0.9972271417221972,0.188671755009056,-0.8122331333327063,0.0,0.18197183310985565,-0.8147545456886292,0.009580994956195354,0.6184658162611111,-0.941208897128456,-0.09427003363371342,0.890889529130076,-1.2967260972624695,-0.07536953226731638,0.4189034510387455,-0.9661048474789675,0.2472382892981314,0.4050130406023402,-0.8428383295802269,0.08164709053457865,-0.12731887117755186,0.2678448841259557,-0.0153423391835186,0.0,0.0,0.0,-0.1451048416914131,0.0876723160080578,-0.003558162182878431
1.9,-5.244909261573434,-0.46618447447966366,1.0,-5.240000247955322,-0.4581669270992279,0.9830321669578552,-0.06517003471074855,-0.0372178733592211,0.002224637104950618,-0.9971774505878029,0.198233192388398,-0.8270236203335473,0.0,0.19482846558094025,-0.8342946171760559,0.007811692077666521,0.6681464685833393,-1.0009237009056555,-0.09125786228268226,0.9554820671775469,-1.3628609775277232,-0.07644797165875838,0.3558826580250093,-0.5645548974160872,-0.030130503423040605,0.3905088536824498,-0.7606839740658108,0.04864830177764003,-0.133369647987955,0.2734775094259745,-0.013086525538502336,0.0,0.0,0.0,-0.15396595060625265,0.08845976719609314,-0.0017233650854215393
1.9166,-5.241523182312834,-0.48009137936630714,1.0,-5.237937927246094,-0.46649131178855896,0.9831214547157288,-0.06517003471074855,-0.0372178733592211,0.002224637104950618,-0.9971774505878029,0.20815746615284697,-0.8418033805162185,0.0,0.20396305620670319,-0.8461957573890686,0.007022870238870382,0.6498726790951252,-0.9432923224535823,-0.07930323945215265,0.9555557215536802,-1.3130997320613695,-0.06844714488186451,0.5481073232142601,-0.7141099555085049,-0.04733206382955895,0.4370348024022696,-0.7469344725287049,0.0203131435643888,-0.13916666160197438,0.2795836373595798,-0.01127928784302321,0.0,0.0,0.0,-0.16651638085658058,0.09022377224820752,0.00042319327273508374
1.9333,-5.23796910805617,-0.4942425884320104,1.0,-5.233565807342529,-0.48348739743232727,0.9832971096038818,-0.06574823283749033,-0.039281144669202586,0.0022972982717833702,-0.9970601980552456,0.21844878882565133,-0.8565571125294378,0.0,0.2184787094593048,-0.8671625256538391,0.006891690194606781,0.6426936219903745,-0.8902143816211197,-0.07883766318054428,0.9647800815289145,-1.2644735217284717,-0.07187711729318505,0.8709275670185678,-1.2579892999170315,-0.007870697570666323,0.5651278770140384,-0.897807198404297,0.011992758529733059,-0.14284856297479614,0.2824756831148717,-0.009606791381758684,0.0,0.0,0.0,-0.17923789656374384,0.09178345699248036,0.002646245494399457
1.95,-5.234241231635033,-0.5086362726379151,1.0,-5.228930473327637,-0.5008975267410278,0.9834534525871277,-0.06594688278832331,-0.04147645678721264,0.002317613052765605,-0.9969580340944552,0.2291137002967719,-0.871273225458623,0.0,0.22948965430259705,-0.8851698040962219,0.005470762029290199,0.7008078475578492,-0.947460523612494,-0.07534974379229539,1.036962681842664,-1.3266812384051925,-0.07192792168479659,0.3580845094615098,-0.576593856459878,-0.0335057584505883,0.5040048906668683,-0.8029791488691366,-0.0014392352843122427,-0.14813032333182108,0.2868668321903849,-0.008168340806347514,0.0,0.0,0.0,-0.1880245109529937,0.09235388260231363,0.004746518698848713
1.9667,-5.230327446521926,-0.5232933682019473,1.0,-5.226537704467773,-0.5097367763519287,0.9835165143013,-0.06613878002377144,-0.04287902751449227,0.002357483971456908,-0.9968858786898045,0.2401760321725369,-0.8859626646758183,0.0,0.23367369174957275,-0.8925490975379944,0.0036988842766731977,0.7308780331331984,-0.923412835370582,-0.059674081900177506,1.084024195269504,-1.310282570044028,-0.05840597448253885,0.25074118790095584,-0.4422266356141679,-0.10618517117422023,0.42923681657018337,-0.6964784132838905,-0.03236215005817511,-0.15554588525672558,0.29342811441361955,-0.0073288614593270286,0.0,0.0,0.0,-0.19760027687958012,0.09344162025982626,0.006060754041688374
1.9833,-5.226228743768591,-0.5381847514373449,1.0,-5.221579551696777,-0.5276488661766052,0.983616292476654,-0.06613878002377144,-0.04287902751449227,0.002357483971456908,-0.9968858786898045,0.2516220122611476,-0.9005858142354699,0.0,0.24690814316272736,-0.9081211686134338,0.0036382023245096207,0.7394526227976794,-0.8990831067927008,-0.059262593941107305,1.112159811893465,-1.2923375398335242,-0.05999269588029416,0.7938293696193118,-0.9340445613934731,-0.0036398271699725425,0.5368712020891877,-0.7666122823331745,-0.02388279536786266,-0.16146272727810132,0.2984488406514668,-0.006382413122493679,0.0,0.0,0.0,-0.2112444618176842,0.09480559238935653,0.007112515061680537
2.0,-5.221938119216699,-0.5533117257945785,1.0,-5.216280460357666,-0.5459413528442383,0.9837106466293335,-0.06577889005997044,-0.04422870460543523,0.002426141187681176,-0.9968506017776009,0.26346032942267344,-0.9151341394250759,0.0,0.2671201229095459,-0.9309353232383728,0.0034493906423449516,0.7879861341603769,-0.9512595468054393,-0.054002589729045675,1.1817994583968434,-1.3518124291867741,-0.05623580813787798,0.550325407161462,-0.6123200332026218,-0.049647373084051295,0.5408431293364395,-0.7210623903054172,-0.03148896962305903,-0.1679133484871219,0.30416950730236164,-0.005629947755526848,0.0,0.0,0.0,-0.22589997574934467,0.0963833750789731,0.00786316616435915
2.0166,-5.217446681092674,-0.5686811278446733,1.0,-5.213482856750488,-0.5552544593811035,0.9837669134140015,-0.06539354932656943,-0.04597985611168027,0.0023437440988423757,-0.9967969488394465,0.27570424938907506,-0.929603906424377,0.0,0.27536386251449585,-0.9405767321586609,0.004236164968460798,0.7651441272583701,-0.8839045204232734,-0.06251825944699704,1.17828659977085,-1.2932273254104905,-0.06632965103021385,0.4947380846771309,-0.5786175220707122,0.04721731178189701,0.5272320774657167,-0.6790100616592201,-0.008253436794261068,-0.17543394253121272,0.3108899895854329,-0.004466164087879714,0.0,0.0,0.0,-0.23770852998126724,0.09843281540178414,0.008277555671096514
2.0333,-5.212746426168444,-0.584295395480611,1.0,-5.207677841186523,-0.5741221308708191,0.9838916063308716,-0.0655398706722536,-0.048216622947923324,0.0022612205694580623,-0.9966818036493148,0.2883638882817037,-0.9439865537416651,0.0,0.28765353560447693,-0.9545775055885315,0.005319729447364807,0.7866952500052186,-0.8642539547870667,-0.06910605742607687,1.221824555074528,-1.2807406410198592,-0.07539086771728873,0.737233441553798,-0.8398790028461506,0.06500091288669746,0.5892283184551139,-0.7265015133878432,0.013372586141653903,-0.18219662515774696,0.31637285927669806,-0.002860561376421827,0.0,0.0,0.0,-0.25293267991156226,0.10011382695609454,0.009145371667633696
2.05,-5.207832616825823,-0.6001455708205571,1.0,-5.201592922210693,-0.5932986736297607,0.9840061664581299,-0.06536423948615265,-0.05107339429190842,0.002311881081368151,-0.996550979831537,0.30144008594074784,-0.958262888102679,0.0,0.3035409450531006,-0.9722628593444824,0.0028987014666199684,0.8544820322611908,-0.9290709806448469,-0.060373977115866645,1.312660657377097,-1.3539007028635315,-0.06946254808440523,0.45514150403479653,-0.46071438791277974,-0.08528038963239713,0.549643440059677,-0.6480362960099224,-0.015751575441620085,-0.19031853748346883,0.32313355484295725,-0.0017930954732264738,0.0,0.0,0.0,-0.26786008763243735,0.10169616737572733,0.010881666441765064
2.0667,-5.202693308491787,-0.6162452221482758,1.0,-5.198425769805908,-0.6030095219612122,0.984050452709198,-0.06536423948615265,-0.05107339429190842,0.002311881081368151,-0.996550979831537,0.3149523077710276,-0.9724337438283485,0.0,0.3131900131702423,-0.9821879267692566,0.0024253735318779945,0.847964032231586,-0.8711064385807661,-0.051467400991989515,1.331676517171169,-1.3056228492712245,-0.06283455210472849,0.5784564204448002,-0.5950024298210508,-0.028375753959179007,0.5581495585000774,-0.6323797293817853,-0.019478463679067366,-0.19913952932231826,0.3303759874062626,-0.0008026330814983806,0.0,0.0,0.0,-0.28457295561726476,0.10414042328419586,0.01216978419423736
2.0835,-5.197261051601906,-0.6327720775085051,1.0,-5.191769123077393,-0.6227691769599915,0.9841232299804688,-0.06497629091650002,-0.05496075354657206,0.0025658158436462856,-0.9963688632991213,0.329062211014428,-0.9866379043934513,0.0,0.3340011537075043,-1.0034986734390259,0.0026705926284193993,0.8279639086726988,-0.8041955246988582,-0.052766790313492046,1.3340634832854217,-1.2441465235538998,-0.06608436633556944,1.2333203814906393,-1.2629282938890851,0.01453229865771812,0.7574723259158924,-0.8185291905077461,-0.009437865003812678,-0.20463700367024218,0.3336796584841075,0.00034300672070451124,0.0,0.0,0.0,-0.30146257094248075,0.10627134037093397,0.01297456930137288
2.1,-5.191726811494257,-0.6491299335832327,1.0,-5.188290596008301,-0.6328076124191284,0.9841649532318115,-0.06497629091650002,-0.05496075354657206,0.0025658158436462856,-0.9963688632991213,0.34326430040249367,-1.000357935915389,0.0,0.3434918522834778,-1.0124722719192505,0.0024613570421934128,0.8925927639548488,-0.8556553870302915,-0.05119856924111674,1.4169739898808869,-1.3011597757235098,-0.06673063246153275,0.5764433937673772,-0.5450359128822985,-0.012708492473499769,0.704029276380151,-0.7377889761654446,-0.01040341401192396,-0.21169904700386544,0.3381190960622744,0.0014474096277664538,0.0,0.0,0.0,-0.31268217892217265,0.1073852926309438,0.014084653592649567
2.1167,-5.1858827163331265,-0.6659176977945449,1.0,-5.181084632873535,-0.6530970335006714,0.9842313528060913,-0.06469851387958263,-0.05768708335786623,0.0027175866451339854,-0.9962324339504917,0.35808217328636827,-1.0140907560563375,0.0,0.359050452709198,-1.0249426364898682,-0.00019640717073343694,0.9080597543400096,-0.836107452894423,-0.0350583758012499,1.446638073466409,-1.287028230502543,-0.05106744177611698,0.9335436247371357,-0.7482439952505615,-0.15947056734812437,0.7717861069752894,-0.7408754888915133,-0.054410762259234774,-0.21818110312121103,0.34245359197996644,0.0016540888389289462,0.0,0.0,0.0,-0.3203972160051884,0.10846718562815351,0.014354977135938137
2.1333,-5.1797861316966385,-0.6829378442296093,1.0,-5.173544883728027,-0.6736665368080139,0.9842739105224609,-0.06483442627077363,-0.06075225572121402,0.0029532718220069247,-0.996040665789767,0.37335391036120863,-1.0276564827116983,0.0,0.3765302896499634,-1.0405200719833374,0.0015421499265357852,0.991850273687665,-0.8930120230764886,-0.03447871814635392,1.5480029195016929,-1.350582228937874,-0.05130050655316055,0.4676681918924716,-0.47935225566597556,-0.0013055789527775792,0.6820049399122061,-0.6636690504391597,-0.03873314151448415,-0.22715014415819396,0.34819421101971004,0.002080885178207339,0.0,0.0,0.0,-0.3290025016558341,0.1093759948416752,0.01474090322859929
2.15,-5.173435141510556,-0.7001719578455867,1.0,-5.169618606567383,-0.6840477585792542,0.9843124747276306,-0.06386731661767243,-0.062387498290334166,0.0030681641310476176,-0.996001722101743,0.389070814737792,-1.0410284626489874,0.0,0.39031967520713806,-1.0516538619995117,0.0020032180473208427,0.9657402313371315,-0.832320575221218,-0.04761372127945493,1.5434497126559408,-1.2977212332266674,-0.06460926114080116,0.8277428334263592,-0.6683339773589226,0.02767678306758333,0.7250294298093332,-0.6650462221293124,-0.01912771796708911,-0.23625643737906013,0.35413155389622575,0.002829691953543827,0.0,0.0,0.0,-0.34145304393974923,0.11126910410922373,0.014165847907802408
2.1667,-5.166818268201828,-0.7176277262675467,1.0,-5.161375999450684,-0.7051346302032471,0.9844287037849426,-0.06333356238384442,-0.06432748212472815,0.0030408951200610918,-0.9959124972234454,0.40524757894912267,-1.054200605460911,0.0,0.41421598196029663,-1.0705820322036743,0.004410191439092159,0.9389188407432102,-0.7673673788107543,-0.06211787952867895,1.5348558730176132,-1.23738348278738,-0.08069766096954695,1.4343748211116836,-1.1361626309462476,0.14447847794664834,0.9344411544181956,-0.8041283968661562,0.029171821387199613,-0.24179510108201135,0.3570953729191447,0.004564705283986235,0.0,0.0,0.0,-0.35414193119239157,0.11292073105748086,0.014015076156881757
2.1833,-5.159925279958571,-0.7353080667115172,1.0,-5.157097816467285,-0.71578049659729,0.9844836592674255,-0.06333356238384442,-0.06432748212472815,0.0030408951200610918,-0.9959124972234454,0.4218949209223854,-1.0671622744722657,0.0,0.424428254365921,-1.0762437582015991,0.0022974794264882803,1.0185505244798463,-0.8332663754065107,-0.0491990556206838,1.6280681806197346,-1.3090690300421683,-0.06920490392334307,0.6125967162941034,-0.33962614951159165,-0.1267338345463094,0.8394267937559032,-0.6669988434836762,-0.01685437781791517,-0.24963828757658565,0.3623347073390996,0.005464288767821249,0.0,0.0,0.0,-0.3598793685633027,0.11346794729655815,0.014541559534838015
2.2,-5.152751741191301,-0.7532004948966787,1.0,-5.148199558258057,-0.7372929453849792,0.9846004843711853,-0.06443781290175724,-0.06797222259318948,0.0031011229665831325,-0.995599303992161,0.43900899218356515,-1.0798913173554332,0.0,0.44714418053627014,-1.0916930437088013,0.00649371137842536,1.0044780000286777,-0.784767919555489,-0.07444721209464775,1.6246127365085508,-1.2654085931166572,-0.09780495311738385,1.3628398964397592,-0.9268784597559755,0.251752549111549,0.9939479083777397,-0.7437200561701416,0.062443296488408954,-0.255147516412865,0.3660706790065138,0.007948405535780266,0.0,0.0,0.0,-0.36498722006700807,0.11456999455465451,0.015409335486955847
2.2167,-5.1452854431395,-0.7713116317918854,1.0,-5.138806343078613,-0.7591622471809387,0.984801173210144,-0.06475638775876093,-0.0709325777199242,0.0032040034237982504,-0.9953718374507478,0.45660401196839956,-1.0923791394237932,0.0,0.4741244912147522,-1.112215280532837,0.007795259822160006,0.9668993183483567,-0.7026580300477362,-0.08275313144384541,1.59339410429656,-1.1849596138124845,-0.10979068236641328,1.6182183151964078,-1.230877579328195,0.07806394651513635,1.1782439426046705,-0.8875378610527653,0.06705479788352293,-0.25748393492027166,0.3666935312842511,0.010655614409031976,0.0,0.0,0.0,-0.36901085102793163,0.11560805248049735,0.016381936513535884
2.2333,-5.1375250703014625,-0.7896211851347489,1.0,-5.133906364440918,-0.7702538371086121,0.9849030375480652,-0.06296532845533212,-0.07204063680652183,0.003273587870689706,-0.9954068614818602,0.474667961333227,-1.1045983763338953,0.0,0.4874364137649536,-1.1218619346618652,0.007916140370070934,1.0383171514650626,-0.7382110174980206,-0.08348441843359297,1.6687303665845772,-1.2220892866811242,-0.1144169323198509,0.7985790294205987,-0.5787004591158087,0.00725159497153768,1.066159920888003,-0.7963634152096797,0.04939979932782697,-0.26227026615132604,0.3685382097014474,0.013153591662782743,0.0,0.0,0.0,-0.36814294896818855,0.11534005948165615,0.017778922223475175
2.25,-5.1294656217858465,-0.80811851773346,1.0,-5.123781204223633,-0.7926512956619263,0.9850945472717285,-0.06309287864836076,-0.07394532335499149,0.00342127042787188,-0.9952586731624959,0.49319746144477306,-1.1165290494715068,0.0,0.5080934762954712,-1.134964108467102,0.006324029061943293,1.0439463403921818,-0.6946504834469361,-0.07439287770112288,1.6739519130017586,-1.1791597236905123,-0.10959699191232611,1.2404896556661178,-0.7868065001073806,-0.09560883138556804,1.117625244915082,-0.79354203919448,0.0065906011386216296,-0.2665560687217461,0.3702063878014411,0.01491229608983998,0.0,0.0,0.0,-0.36344950388783065,0.11430285244213506,0.020291818121363256
2.2667,-5.121088056490467,-0.8268242198362192,1.0,-5.113187313079834,-0.8153173923492432,0.9852918982505798,-0.06315708805497808,-0.07614382019424214,0.0037518703075913678,-0.9950875569575417,0.512220607458459,-1.1281706657258592,0.0,0.5334969162940979,-1.1491000652313232,0.009102044627070427,1.0234358772032566,-0.641749147328323,-0.09155739327506127,1.649459631215546,-1.126070345094933,-0.13093488097875594,1.5240116428755328,-0.8480490316674771,0.16665963607968362,1.2375979373410313,-0.8096334996268314,0.053845905923137274,-0.26882767062911933,0.3711277399280664,0.017670081240749192,0.0,0.0,0.0,-0.35719608338317016,0.11319345783854344,0.021707406462945493
2.2833,-5.112388909724958,-0.8457224366811957,1.0,-5.107697486877441,-0.826754093170166,0.9854070544242859,-0.06315708805497808,-0.07614382019424214,0.0037518703075913678,-0.9950875569575417,0.5317289905605201,-1.1394988280704803,0.0,0.5599243640899658,-1.1671885251998901,0.011405190452933311,1.1034429466577849,-0.675517793983439,-0.09627008890732555,1.7236556860266075,-1.1605815526416885,-0.13993606776844258,0.8212798832567921,-0.5245861768030101,0.04623823715610112,1.1146932385009904,-0.7254823199623223,0.05159998305355601,-0.2736992536002909,0.3731242135841625,0.020516609314495754,0.0,0.0,0.0,-0.3465134857685316,0.11193954507408709,0.02314936954662128
2.3,-5.103358856784698,-0.8648102876678696,1.0,-5.09633207321167,-0.8499119281768799,0.9856630563735962,-0.060912209926030206,-0.07744753812251749,0.0039766815975484345,-0.9951260791770806,0.5517270689090722,-1.1504972945316676,0.0,0.5713673233985901,-1.1752275228500366,0.010408314876258373,1.0957373872308689,-0.5966553068612085,-0.10028647764142648,1.710033766740597,-1.080577659098886,-0.14948221913900997,1.4508746585041408,-1.0430034471414473,0.03213966599559452,1.2139401382588952,-0.8192203602141251,0.045854941771112594,-0.27705856664259604,0.3729943125262202,0.02337752712747657,0.0,0.0,0.0,-0.33723781286713206,0.11092803971145737,0.02581821437010692
2.3167,-5.093991643174833,-0.8840780419277813,1.0,-5.084523677825928,-0.8733230233192444,0.9858976006507874,-0.05975590323459973,-0.07878246315793713,0.004231670031039378,-0.9950902543558464,0.57221194220737,-1.161145728952195,0.0,0.5942794680595398,-1.185744047164917,0.008722256869077682,1.0980742381317319,-0.5553875399966169,-0.09087266386152579,1.707824472795719,-1.037828007946767,-0.14462718042825176,1.3744154116788947,-0.6308476709429213,-0.10114042767909498,1.2613153720674377,-0.7636092993498724,0.0024592219940820434,-0.2797245558235705,0.3733576671524051,0.025500921402145382,0.0,0.0,0.0,-0.33002567884041656,0.10908280079774504,0.0282535951645806
2.3333,-5.084279025546419,-0.9035199826208169,1.0,-5.078427791595459,-0.885115921497345,0.9860058426856995,-0.059204042278365704,-0.08011890877262572,0.004525897180493943,-0.9950152751123456,0.5931846309243883,-1.1714261063322435,0.0,0.6082998514175415,-1.192144513130188,0.009299380704760551,1.1870675788643823,-0.5945969521326594,-0.0944099587424114,1.7942549849396785,-1.0770355011973995,-0.15276810190910828,0.8408869918350421,-0.38387456565569905,0.03461359890895571,1.1371972298217663,-0.6515046653424751,0.01195178176260955,-0.2850330372279193,0.3752653711662108,0.027875256608008294,0.0,0.0,0.0,-0.32215436884737697,0.10717317789852938,0.030482886558688596
2.35,-5.074220646493205,-0.9231148886012149,1.0,-5.0658159255981445,-0.9088972210884094,0.9862408638000488,-0.0574169006562149,-0.08154074258530834,0.004710205349032078,-0.995003684729005,0.6146288819644994,-1.181312603423451,0.0,0.6377009749412537,-1.2067289352416992,0.009438086301088333,1.1556864356875436,-0.5219931198391686,-0.09595898849955461,1.759875613502735,-1.0032068998217014,-0.15841464475367206,1.7653317586429031,-0.8756925059050891,0.008328300586930069,1.322634023490512,-0.7176890134811984,0.010882063891187786,-0.287187365537372,0.3755560945039079,0.030301763247395086,0.0,0.0,0.0,-0.3170018122778192,0.10565768547862488,0.03215389300672237
2.3667,-5.063797073629184,-0.9428785091713174,1.0,-5.052619457244873,-0.932978093624115,0.9864571690559387,-0.05572574387173611,-0.08249681618490863,0.0048183541623110036,-0.9950204591747124,0.6365686205872257,-1.1907980288390587,0.0,0.6659475564956665,-1.2209779024124146,0.007568273693323135,1.2519034241783968,-0.5448097595925118,-0.09271500981973532,1.855398278217598,-1.02514112863721,-0.15847695427846206,0.8409939754725891,-0.4842303344256665,-0.033557717763054336,1.1804450781151867,-0.6487677443711444,-0.0022373719035102416,-0.29240508403097626,0.37660369995635823,0.03253600587713587,0.0,0.0,0.0,-0.3110897700082249,0.10372766908834001,0.033225938581590876
2.3833,-5.052994281809891,-0.9628141294880467,1.0,-5.045821666717529,-0.9451029896736145,0.9865456819534302,-0.05572574387173611,-0.08249681618490863,0.0048183541623110036,-0.9950204591747124,0.6590148263654326,-1.1998673335432017,0.0,0.678361177444458,-1.22632896900177,0.005966497585177422,1.2424412160147587,-0.4829521287933133,-0.07575001783565313,1.8476281860573835,-0.9620961189664855,-0.14445786393405932,1.59769790445696,-0.6914148489093456,-0.1746169353397753,1.3036257388109989,-0.6613579491154401,-0.0531269697061195,-0.29580398030983207,0.3770741025051653,0.033791765358273836,0.0,0.0,0.0,-0.3093829897327927,0.10206988766800687,0.03491608074013236
2.4,-5.041828048713994,-0.9828708199520411,1.0,-5.031858921051025,-0.9694837927818298,0.9866851568222046,-0.054610197134082716,-0.08395400527659133,0.005123455198681367,-0.994958966922735,0.6819165618126072,-1.2084816947824,0.0,0.7043012976646423,-1.2345502376556396,0.0038903262466192245,1.23910796559316,-0.43674867459306826,-0.06354684756710413,1.8436890756174806,-0.9149563000865458,-0.13419266105007474,1.5575004294548787,-0.4936225950526798,-0.12465777814360972,1.3785741876966218,-0.6118394068046621,-0.07424417176485003,-0.29811803618447613,0.3779386585965342,0.03457648897092911,0.0,0.0,0.0,-0.30646307383984434,0.10026896689694337,0.0360693245120415
2.4167,-5.03024608516315,-1.0031193771319507,1.0,-5.024669647216797,-0.9817543625831604,0.9867411255836487,-0.05392831776000414,-0.08525402086764282,0.005367864773196023,-0.9948843248540221,0.7053617664368457,-1.2166542316135303,0.0,0.7192874550819397,-1.2413982152938843,0.003349781734868884,1.3407050923783874,-0.45652720443466843,-0.06014046331757414,1.9459728451884981,-0.9339806206681225,-0.13184531281145395,0.8971425716854831,-0.4099524713472161,-0.03235956221989495,1.2364467752593258,-0.5522386934589097,-0.0618790694791015,-0.3035448810912143,0.37928603467446353,0.03551559426344646,0.0,0.0,0.0,-0.30172287171889645,0.09816738155899048,0.036189255230433356
2.4333,-5.018301976798856,-1.02344433973184,1.0,-5.009852409362793,-1.0064746141433716,0.9868337512016296,-0.05272721950531871,-0.08711296820731053,0.005642999400275168,-0.9947861226969917,0.7292230045898959,-1.2243219114801436,0.0,0.7499562501907349,-1.2541054487228394,0.0017376221949234605,1.314059797129209,-0.3750673057293185,-0.05049221165368409,1.9215159213853945,-0.8508591496576183,-0.12306921637263855,1.8420266922515143,-0.7632208268297224,-0.09682939594505821,1.415225035273103,-0.6145244754666296,-0.0721970446582186,-0.30611462351549296,0.37898543343391844,0.03616127094614581,0.0,0.0,0.0,-0.3013415007406926,0.09680641049438143,0.036415733772808656
2.45,-5.00595672657419,-1.0438925457422668,1.0,-4.994442462921143,-1.0314682722091675,0.9868847727775574,-0.051425195353517875,-0.08827890018526968,0.005762064247318442,-0.9947508457847881,0.7535600940200172,-1.2314877776593718,0.0,0.7791745066642761,-1.2685569524765015,0.0004375769931357354,1.2977367037471066,-0.2781035976505325,-0.042510337282018335,1.9053065293646214,-0.7493626795928086,-0.1154547591389964,1.7549548194927753,-0.8680099096389855,-0.07808544614911805,1.5155194770031322,-0.6893580087272037,-0.07393540840388937,-0.30706553385209323,0.3764388794451267,0.036659322109039584,0.0,0.0,0.0,-0.30050429176542154,0.0948202024971494,0.03628509974793848
2.4668,-4.993069560106782,-1.0646668326945419,1.0,-4.978458404541016,-1.0567152500152588,0.9869146943092346,-0.04930387334515773,-0.08974412220286075,0.005874217011205914,-0.9947264427595004,0.778625645681164,-1.238197095033846,0.0,0.8084179162979126,-1.278696060180664,0.00018290954176336527,1.2854372207509515,-0.20302030888018038,-0.04069169559867533,1.8890380521937904,-0.6680635784241779,-0.11394101302465207,1.7383923636209022,-0.6027254560142863,-0.015138862337697713,1.5813156267032,-0.6637824957354692,-0.05657759334829329,-0.30689480948273185,0.37332317705226165,0.03737917080507128,0.0,0.0,0.0,-0.296706021960107,0.09172009249173586,0.035870146620905465
2.4833,-4.980010091511667,-1.085157174062339,1.0,-4.9702677726745605,-1.069395899772644,0.9869277477264404,-0.04930387334515773,-0.08974412220286075,0.005874217011205914,-0.9947264427595004,0.803685093465687,-1.2442428614882717,0.0,0.8211819529533386,-1.281373381614685,-0.0001242880680365488,1.4110481293295052,-0.22965731394113337,-0.03848214970052141,2.010710786508052,-0.6897051965909659,-0.11237123174497912,0.7731424651599393,-0.1621705538306015,-0.018607555254158695,1.3427281379896319,-0.5156974822474132,-0.04536814410360545,-0.311553528857649,0.37195394559608697,0.03821854358037779,0.0,0.0,0.0,-0.2881091283208979,0.08809393705374553,0.035670538464079915
2.5,-4.9663902406983755,-1.1059582115546718,1.0,-4.953467845916748,-1.0948389768600464,0.9869453310966492,-0.047640280599605046,-0.09165788810446196,0.00583923512694188,-0.9946332139305942,0.829467027139907,-1.2497902222399728,0.0,0.8504241108894348,-1.2876757383346558,-0.0005099761765450239,1.401760066291631,-0.16764884837524932,-0.03582040918832605,2.001823301816602,-0.6225043581782461,-0.11015549660828056,1.7530265132566283,-0.37781748016865574,-0.02312146324976104,1.4638557176178373,-0.4749927855250247,-0.03880051730071163,-0.3144531777407411,0.3706535835037418,0.03909959368534145,0.0,0.0,0.0,-0.28561005778423,0.08420192629925498,0.03523549373461306
2.5167,-4.9523487681045975,-1.1268289792791173,1.0,-4.9448561668396,-1.1076115369796753,0.9869447350502014,-0.044984287622302735,-0.0925789692830861,0.005652777469129681,-0.9946726633808004,0.8556831664707721,-1.254748548364765,0.0,0.864348828792572,-1.2913087606430054,-0.0017377517651766539,1.529697175891161,-0.18074763134211583,-0.028015693719518148,2.133244229711842,-0.6314547559072524,-0.10259922384663749,0.8356631850050079,-0.21802833023322363,-0.07368241611818573,1.2784018001696167,-0.39913218164200526,-0.049098291387306855,-0.3214847139949891,0.36995514157300635,0.0396926148416417,0.0,0.0,0.0,-0.28206233982569145,0.0807519829921302,0.034890915285477636
2.5333,-4.937862636017627,-1.1477830742511368,1.0,-4.9271559715271,-1.1332707405090332,0.986915111541748,-0.03986662761529169,-0.0929619260853682,0.00535572648082489,-0.994856845108793,0.8823556673208774,-1.2591032326610676,0.0,0.9020107388496399,-1.3018754720687866,-0.0029569596517831087,1.4742363163283778,-0.08327201238773466,-0.02011592922924252,2.0817626906676425,-0.5279918737923173,-0.09442521395601587,2.2584890553736616,-0.6336588364811346,-0.0731127992168623,1.5677414715004248,-0.4683687367233589,-0.056187813024977884,-0.3237036437584968,0.36727537335743454,0.04004194522629404,0.0,0.0,0.0,-0.28382273058076773,0.07744448804714808,0.03426733950047931
2.55,-4.922938150620489,-1.1687907251773297,1.0,-4.908738613128662,-1.1591168642044067,0.9868937134742737,-0.03827411157848559,-0.09430357354312534,0.005237926039236947,-0.9947937512765722,0.9094516315531341,-1.2628297925342387,0.0,0.9334683418273926,-1.3064666986465454,-0.0014117799000814557,1.4565781842403633,-0.01590782755820139,-0.02884348532723721,2.064435795057388,-0.454418871649899,-0.10345259707705767,1.8889441660701503,-0.2756907659269864,0.09278387420588761,1.6625663777359678,-0.41148667806287464,-0.012208648116848526,-0.32446343408768646,0.364745644639449,0.04115215147207958,0.0,0.0,0.0,-0.2833941767293381,0.07376539945224865,0.03345696027774087
2.5667,-4.907559770615763,-1.1898535976740139,1.0,-4.88974142074585,-1.1849650144577026,0.9868841767311096,-0.036610667663991715,-0.09739371988984935,0.005338741300875,-0.9945580660996993,0.9369778411216744,-1.2659102651705232,0.0,0.963901698589325,-1.3052582740783691,-0.0018228631233796477,1.5895236399437949,-0.04251758509725888,-0.02881397076385725,2.1989677581604643,-0.47665227797241644,-0.1042206636637504,0.875731747463037,0.06518098673193352,0.0042085333226881076,1.43027841346949,-0.27076567109799965,-0.007361996090029917,-0.3300910032040322,0.36391271209257176,0.04231164880486836,0.0,0.0,0.0,-0.27935311501263715,0.07022198078258579,0.03309504409502479
2.5833,-4.891715181554579,-1.2109677042797928,1.0,-4.880021572113037,-1.1978778839111328,0.9868787527084351,-0.036610667663991715,-0.09739371988984935,0.005338741300875,-0.9945580660996993,0.9649340282203693,-1.268324610548085,0.0,0.9784496426582336,-1.3048869371414185,-0.0008492536726407707,1.582533344450242,0.0041014134153127095,-0.031269843058233854,2.2087348531753137,-0.42735490187133285,-0.10880471836399846,0.8730898008241759,0.022285657051282052,0.05843083238427019,1.2657861509734327,-0.18425156276780086,0.012061249407346748,-0.3398573770900811,0.3641346554449938,0.043823027930175895,0.0,0.0,0.0,-0.28634413163499045,0.0673216598416518,0.03371184737558872
2.6,-4.875390666580437,-1.2321299637827354,1.0,-4.860130310058594,-1.2237052917480469,0.9869072437286377,-0.03396048963469489,-0.09980117421857193,0.005539823915120512,-0.9944122801507002,0.9933212717348,-1.270051947769003,0.0,1.011449933052063,-1.3067262172698975,0.0008397113415412605,1.5612229646385407,0.06989661265790856,-0.041109463671895136,2.2034205113347913,-0.3586301201596235,-0.12057114026593428,1.9791133448675235,-0.11030641863391338,0.10129162982175029,1.4763733764849762,-0.16242160468335057,0.03840368861848765,-0.3459520027972596,0.36400993465772424,0.04584865492988976,0.0,0.0,0.0,-0.296245543898991,0.06451679815980785,0.03361302166414939
2.6167,-4.858591186700803,-1.2533130146689548,1.0,-4.849907875061035,-1.2366633415222168,0.9869256615638733,-0.03003929699738913,-0.10003379057803766,0.005811713234864295,-0.9945135590276718,1.0221076552865258,-1.2710695291150251,0.0,1.0501301288604736,-1.3127309083938599,0.000640355923678726,1.6666138718091907,0.09343610726544914,-0.0435696271706911,2.3230176200959014,-0.33045617755632295,-0.12483553407401765,1.2380608435716636,-0.27855886265142954,0.028034814242914815,1.406019160999545,-0.1967074459401572,0.03534260738519064,-0.3538186852638358,0.3622473140011101,0.047854443977819176,0.0,0.0,0.0,-0.3025850630228749,0.061644970820662004,0.03341146292550738
2.6333,-4.841290482384235,-1.2745287948539148,1.0,-4.828934669494629,-1.2626200914382935,0.9869690537452698,-0.027584841030042804,-0.10187896116659838,0.006324387500150804,-0.994394199152689,1.051314231126884,-1.2713566182054696,0.0,1.0646765232086182,-1.3096271753311157,0.0007814025739207864,1.650788523417526,0.1492470027273968,-0.04019772129689955,2.3224508403853883,-0.2707836904161228,-0.12437634146085719,1.952225205667276,0.10438328382084094,-0.03148815705963637,1.567269168694176,-0.10781995931360852,0.015612944218387026,-0.35935231250396826,0.3614585070094063,0.049508421475323,0.0,0.0,0.0,-0.31231000446389406,0.05857218613411332,0.03467019868863464
2.65,-4.823560263839635,-1.2956713018543327,1.0,-4.807350158691406,-1.2884782552719116,0.9870432615280151,-0.025189193087259334,-0.10582842643672084,0.007189578006382418,-0.9940393226882273,1.0807978500901998,-1.2708938256825442,0.0,1.0963702201843262,-1.305465817451477,0.004724767990410328,1.6401485168787922,0.19608555555985474,-0.06379805035974415,2.3277579472785597,-0.22097956049830292,-0.1521652558490069,1.9059860921929888,0.2502544985303606,0.23714493282448562,1.6672645954267942,-0.0021098346339832458,0.08101323631707806,-0.36351152455272023,0.3618559057707904,0.05249303866231991,0.0,0.0,0.0,-0.32409790584704745,0.05520921028736722,0.03587416682694283
2.6666,-4.805299042333535,-1.3168427366810898,1.0,-4.796321392059326,-1.3013765811920166,0.9871123433113098,-0.025189193087259334,-0.10582842643672084,0.007189578006382418,-0.9940393226882273,1.1107041870445011,-1.2696595443794763,0.0,1.113620638847351,-1.3045170307159424,0.0058423979207873344,1.7734519233780375,0.20307308107324057,-0.07041973674626775,2.4788254712308246,-0.21131244379000674,-0.1631185524433623,1.0352334349200898,0.056938661630252824,0.06707129226223692,1.4806774448635855,0.015322360725108081,0.07689731960749854,-0.3718694667334825,0.3616347847989377,0.05553898686443075,0.0,0.0,0.0,-0.33350408111930446,0.052750740064309604,0.03715982883266379
2.6833,-4.786522605878368,-1.3380024447707812,1.0,-4.7737135887146,-1.3271522521972656,0.9872588515281677,-0.022460982802122616,-0.1071145717633452,0.007527975053076405,-0.9939645120321204,1.1409811486683046,-1.2676316676439752,0.0,1.1530667543411255,-1.303816318511963,0.004128789994865656,1.7195299181592525,0.2820938322784573,-0.060445573354720644,2.445790886799955,-0.1288427853052715,-0.15730725271671572,2.364807112330803,0.04200791847119192,-0.10273133768027386,1.7416886824247997,0.023200425118388775,0.02386765680424335,-0.37611973392366227,0.36084253167480396,0.05767140662218634,0.0,0.0,0.0,-0.3501412347170404,0.050094085908924835,0.03919027273980875
2.7,-4.767269689541086,-1.359087803695554,1.0,-4.750322341918945,-1.3529328107833862,0.9873711466789246,-0.01900680095391985,-0.10855056230731593,0.007802013862094215,-0.9938786167548552,1.1715421834345567,-1.2647956453572666,0.0,1.1909871101379395,-1.3031967878341675,0.004226669669151306,1.6738705587296963,0.3680610185197014,-0.06117378128986048,2.412441730411854,-0.03808429932497448,-0.16095765568876863,2.2774715046680796,0.03720860301277278,0.005878588541368348,1.8998615643487555,0.02733589526799371,0.018556955056934023,-0.37782840510359494,0.3591452153473115,0.05976723507564404,0.0,0.0,0.0,-0.3607427665785627,0.04700010249736442,0.04001663932326411
2.7166,-4.747477428050614,-1.3801482149696749,1.0,-4.738358974456787,-1.3658134937286377,0.9874300956726074,-0.017046824984193493,-0.11038996668016475,0.007982992429599984,-0.9937101136545087,1.202462152220846,-1.2611231203621704,0.0,1.2086894512176514,-1.302260160446167,0.0037895306013524532,1.8106494103722544,0.393902752549738,-0.05842651562623133,2.558022782662776,-0.0064486914296619235,-0.16119648520859375,1.061685851147494,0.056173589761921786,-0.02621711790412526,1.6524167740125841,0.03584930976502671,0.005338830358437234,-0.3847530799786128,0.35640891096890415,0.06165746441704321,0.0,0.0,0.0,-0.36262029231190906,0.04394253301049579,0.0411125051653192
2.7335,-4.726936143866084,-1.4013754819207411,1.0,-4.713927268981934,-1.391477108001709,0.9875512719154358,-0.014812957719419092,-0.11311898565795726,0.008048910100671021,-0.9934384350690074,1.2340334483518922,-1.2565418425756416,0.0,1.2409807443618774,-1.2952549457550049,0.004449791274964809,1.8042542370835317,0.4537111809253543,-0.06257372655662949,2.561118733873921,0.058203515587962995,-0.1687325992933756,1.9131494194423255,0.4150351724722434,0.03911820188681244,1.7293898164976103,0.14779190702505707,0.015311118237791958,-0.3910717018182059,0.3549032099125356,0.06378170245525908,0.0,0.0,0.0,-0.3657927949721834,0.040604455424855704,0.04237717028148704
2.7501,-4.706216733845697,-1.4221654254876048,1.0,-4.688872337341309,-1.4169777631759644,0.9877061247825623,-0.011097744633320163,-0.11524396653960378,0.008033821528904111,-0.9932427893982199,1.2653570876665845,-1.2511669030042218,0.0,1.2735260725021362,-1.2875070571899414,0.0038610210176557302,1.7911349860861001,0.515568052828681,-0.05940778980136316,2.5599989991253604,0.12457193801313854,-0.16817559917879993,1.9633379838048528,0.46740115350870887,-0.03551830864718023,1.7984555914862157,0.24214639826126283,0.000305342383917254,-0.3966563718017229,0.35418381729055837,0.06565883949768812,0.0,0.0,0.0,-0.3722076412375374,0.036812297524984126,0.04310896987974866
2.7667,-4.684937159181397,-1.4428960687168577,1.0,-4.67608642578125,-1.429660439491272,0.9877726435661316,-0.011097744633320163,-0.11524396653960378,0.008033821528904111,-0.9932427893982199,1.296996268423363,-1.244897928827615,0.0,1.2935082912445068,-1.2835767269134521,0.0015078511787578464,1.9184272770763846,0.5429993266384993,-0.045215127532039795,2.6986491389996647,0.15728373338337176,-0.15563666854521696,1.202891998564765,0.23659849300322927,-0.14165639997084678,1.6226343334119921,0.24050855522697123,-0.04160435867216353,-0.4061844772713058,0.35225715781729355,0.06672425719435791,0.0,0.0,0.0,-0.37403738465197434,0.03345843543783395,0.043697283818819266
2.7833,-4.6630790403024935,-1.4635626156362538,1.0,-4.649889945983887,-1.4549328088760376,0.9878997802734375,-0.007591174252418349,-0.11611519985024066,0.008137502776240927,-0.9931734156855709,1.3289488530168438,-1.2377074324174393,0.0,1.3371169567108154,-1.2787960767745972,0.0028522806242108345,1.8404063537308923,0.6354475273323846,-0.05351460714232645,2.630592698075586,0.25600120602425375,-0.16588904933118576,2.6201581480632594,0.28723785239514094,0.08077793090736377,1.917121595789221,0.25430389784811674,-0.005474869939774939,-0.41083058503213765,0.34961388251858627,0.06846204018652649,0.0,0.0,0.0,-0.37935575931255566,0.029832438789544634,0.04391240200233282
2.8,-4.640634867526009,-1.4841489655602367,1.0,-4.622829437255859,-1.480115532875061,0.9880850911140442,-0.005257081781885042,-0.11824972699307489,0.008397717418947211,-0.9929345273482112,1.361195344223482,-1.2295706039799164,0.0,1.375096082687378,-1.2705806493759155,0.0054055433720350266,1.9753714062338685,0.675833476489171,-0.05924278154831428,2.7786950717540426,0.30442211474098974,-0.17387423733671192,1.1589220923920807,0.24552895466102906,0.05687366864090221,1.6932872443564617,0.25171337423481877,0.012931558227820805,-0.42030317429896674,0.34566212887872433,0.07057335032959616,0.0,0.0,0.0,-0.38302049122120724,0.025749232869456955,0.04405810545880147
2.8167,-4.617738644799958,-1.504514826779972,1.0,-4.595007419586182,-1.5051416158676147,0.9883034229278564,-0.00198628613990924,-0.12106489412922367,0.008668173745841598,-0.9926048125523105,1.39351743175777,-1.2205208877600189,0.0,1.4105814695358276,-1.259640097618103,0.004366762470453978,1.935064165889902,0.751391660600555,-0.06593888504443954,2.759641139206293,0.38857454659651774,-0.1834814644728477,1.1103393843725335,0.3487622874363206,-0.03607475268171056,1.5211903812300942,0.2803639872283411,-0.0015360004680089502,-0.4342147181870089,0.34115359263861356,0.07242853054450706,0.0,0.0,0.0,-0.3903622551293822,0.02166352136542364,0.045114048883901095
2.8333,-4.594240057916343,-1.524776269648994,1.0,-4.580819129943848,-1.5175933837890625,0.9884174466133118,0.002145806693167006,-0.12316879631825867,0.008816909974236547,-0.9923443028816646,1.4261008564236661,-1.2104837225970202,0.0,1.4279208183288574,-1.2541974782943726,0.00526290200650692,1.9104025087516228,0.8297370407142504,-0.06938738442102818,2.766920242317213,0.47692908575216114,-0.19009439023934865,1.0402875125160922,0.32653411529108856,0.0537645778947933,1.3792190646591185,0.29399425290932424,0.01478974102381936,-0.45141115791272035,0.3356590044749736,0.07468302054869191,0.0,0.0,0.0,-0.40510657565286956,0.017148950487115625,0.04602398526962857
2.85,-4.570229422286604,-1.5448356594658992,1.0,-4.551885604858398,-1.5422966480255127,0.9886608719825745,0.0060109413877752465,-0.1250329672329637,0.009063511184873809,-0.9920929812239941,1.458791566821696,-1.1994803187033738,0.0,1.4668588638305664,-1.2370970249176025,0.005048413760960102,1.856305101216953,0.875642682207899,-0.06894027086455254,2.737787537423349,0.5303746853616669,-0.1921577257610267,2.3403694309502314,1.0278219623690583,-0.012891806116819282,1.6629682202628804,0.5106336053150597,0.006617642357019353,-0.4631417150206729,0.33313478833114313,0.0768454784095885,0.0,0.0,0.0,-0.418340721185723,0.012133208515089013,0.04637197648688565
2.8666,-4.545637975540267,-1.564731936752089,1.0,-4.537109375,-1.5545334815979004,0.9887903332710266,0.0060109413877752465,-0.1250329672329637,0.009063511184873809,-0.9920929812239941,1.491655060198581,-1.1874635813000227,0.0,1.4863965511322021,-1.2292838096618652,0.006689348258078098,1.9919900466997769,0.9227668976859885,-0.0790594275297076,2.901795495013903,0.5860670401808973,-0.20592178071543932,1.171943824723986,0.468665980207082,0.09842941086036268,1.518008843976476,0.4982439953177858,0.03372215451346715,-0.47775460330775815,0.32906004703651404,0.07960106685355922,0.0,0.0,0.0,-0.43205084500636814,0.007639810468577191,0.04726128633217249
2.8833,-4.520484744782511,-1.5844295464782172,1.0,-4.506926536560059,-1.5788052082061768,0.9890772700309753,0.009558425821869002,-0.1281284583269145,0.009371857528579514,-0.9916672980540342,1.5246357594756963,-1.174425641030273,0.0,1.5276092290878296,-1.2141788005828857,0.007497827522456646,1.9224440591992358,0.9944813151955346,-0.08498057334544115,2.8594604433120896,0.6651028886291832,-0.21625256987175356,2.4705718410107624,0.9054983063444195,0.048465816920834105,1.799222851219545,0.6184729115441975,0.03807475313416018,-0.4875727862190193,0.3261888280700289,0.082536317027199,0.0,0.0,0.0,-0.44944359789383476,0.0031895984963224494,0.0487356794991134
2.9,-4.4948168236109804,-1.6038742962015966,1.0,-4.4915289878845215,-1.5908368825912476,0.9892356991767883,0.013445761368930356,-0.13041287546812166,0.009415100195151663,-0.9913238855323674,1.557644091289513,-1.1603773250051637,0.0,1.54629647731781,-1.2056512832641602,0.007649125065654516,2.063249046263035,1.052475744048775,-0.08632200775037632,3.032518066626437,0.732419413946928,-0.22209846867006888,1.122215222495848,0.5120983906992727,0.009085789625808945,1.5993578251789986,0.5870692087250694,0.029516681259242363,-0.5017325914381586,0.3213763845079646,0.08540680894710895,0.0,0.0,0.0,-0.46753642892524305,-0.001320054406117429,0.05036965197258361
2.9166,-4.4685680025933125,-1.62309852544911,1.0,-4.460097312927246,-1.614717960357666,0.9895358681678772,0.017702740582500442,-0.1307326436077738,0.009286425866647931,-0.991216116040725,1.5907364614388233,-1.1452685713466277,0.0,1.589800238609314,-1.1929408311843872,0.00804009661078453,1.9766233893205496,1.1530897807346399,-0.0898196833170539,2.973891650262476,0.8424198998291103,-0.2311561928552794,2.608772732471692,0.7622026192382477,0.02344523498262896,1.897355555444026,0.6387717925183632,0.027724279347218467,-0.5110521066364889,0.31633082396808254,0.08833492454645413,0.0,0.0,0.0,-0.4862161543054375,-0.005660943062552928,0.05300158499177139
2.9333,-4.441783846001734,-1.6420504404583585,1.0,-4.4277753829956055,-1.638305425643921,0.9898698925971985,0.021778625324731342,-0.13230410992792677,0.009199898386655032,-0.9909271993941828,1.6238256805233222,-1.129111435959765,0.0,1.6347079277038574,-1.1748037338256836,0.008828647434711456,1.8779472969787865,1.228176522104496,-0.0958834791257823,2.898323947391508,0.9262847341381191,-0.24219749580687291,2.69477230782437,1.0883514313919052,0.047318509735754036,2.1327675555718866,0.7714959191285111,0.03350885429245505,-0.5161195503077977,0.31243026234012944,0.09147998801034248,0.0,0.0,0.0,-0.5042571001049234,-0.010538474373752504,0.054834028670748144
2.95,-4.414466908952583,-1.6607117476701594,1.0,-4.411263465881348,-1.6499950885772705,0.9900467991828918,0.021778625324731342,-0.13230410992792677,0.009199898386655032,-0.9909271993941828,1.6568804276100564,-1.1118957948320374,0.0,1.6540313959121704,-1.164143681526184,0.009370085783302784,2.0126736745904057,1.2970431945579008,-0.09968518708738203,3.0482086367726744,1.0061908366460357,-0.2513452440776457,1.1605214925971534,0.6402173601764083,0.03251749808485352,1.8457427475049606,0.7327400890753231,0.03321618782040765,-0.5268328256088105,0.3062024498621698,0.09473412604719417,0.0,0.0,0.0,-0.5087021365734583,-0.015350091950304592,0.056925930943069525
2.9666,-4.386559932285087,-1.67910318728559,1.0,-4.377608299255371,-1.6730912923812866,0.9903956651687622,0.030473788858688032,-0.13867451651829532,0.009147636294501549,-0.9898268294732604,1.689939469675203,-1.093572169739364,0.0,1.6950308084487915,-1.1412315368652344,0.008187315426766872,1.93266134362807,1.3583096103799142,-0.09401256292060453,2.9782755468083044,1.0767120237384444,-0.25129747373816824,2.458525147971292,1.3739241700740572,-0.07092469101163755,2.0266473122840623,0.922029349060748,0.0024718969489869805,-0.5346034291067494,0.3022642872542186,0.09748763790555953,0.0,0.0,0.0,-0.511010774073485,-0.020666700612748872,0.05979727291200415
2.9833,-4.358105909263988,-1.697177623226464,1.0,-4.343114852905273,-1.6957582235336304,0.9907407760620117,0.03517274099916762,-0.13851464298518137,0.008763509917173257,-0.9896968485924529,1.7229205004597887,-1.0741553139634537,0.0,1.7366563081741333,-1.11821448802948,0.006977192126214504,2.0669047001317638,1.4361382926749515,-0.09580323249631648,3.1269398510979696,1.166506029892908,-0.2576255245552974,1.1478871225983531,0.7100440301921317,0.01214979334043344,1.7672212427048524,0.8594474083583026,0.005328988851984696,-0.547621265124752,0.29559463241390305,0.10036933655662479,0.0,0.0,0.0,-0.5124138858414539,-0.02596236963185942,0.061452955502356105
3.0,-4.329138780631352,-1.7148974809593178,1.0,-4.307721138000488,-1.717968463897705,0.9911313652992249,0.03517274099916762,-0.13851464298518137,0.008763509917173257,-0.9896968485924529,1.7557554141652432,-1.0536583125716177,0.0,1.7848877906799316,-1.0943702459335327,0.012298653833568096,1.9540810175309709,1.5136871107422176,-0.11049773435659291,3.033089768342874,1.258595605554008,-0.27822531217207613,1.3792385016323958,0.6848831548198637,0.21744778615255742,1.652681646166012,0.8079128501067473,0.06795033482720242,-0.5636982148666965,0.28639901832708153,0.10457207496153176,0.0,0.0,0.0,-0.5153105359452069,-0.03130751313887182,0.06315550285395147
3.0166,-4.299602898021725,-1.7322800138160597,1.0,-4.289650917053223,-1.7289091348648071,0.9913504719734192,0.03986415939047587,-0.1388768951481325,0.00829820870961298,-0.9894722058898898,1.7884773354670989,-1.0320312612975269,0.0,1.8102929592132568,-1.0840812921524048,0.01103538554161787,1.8051392541785907,1.5971765857563416,-0.11496995725441025,2.904104898684778,1.3598358809273077,-0.28769986809079384,1.5239627579697086,0.6171965503925859,-0.07577882538865291,1.614681477704448,0.7516099126042746,0.025518859714457786,-0.5803844976020631,0.27456967662329074,0.10805273421479239,0.0,0.0,0.0,-0.5185811469041242,-0.037228971794256785,0.0646771766215912
3.0333,-4.269493939332015,-1.749308863979855,1.0,-4.252795696258545,-1.7504303455352783,0.991802453994751,0.04337621939839622,-0.14085973051481995,0.007937431686359705,-0.9890470284821119,1.8210583905486786,-1.009258633029478,0.0,1.8569151163101196,-1.0556749105453491,0.013353932648897171,1.6755312795288717,1.6535501313704248,-0.13086762510921177,2.7811284728922328,1.430269514344532,-0.30966024033416084,2.7945337620578776,1.702679528403001,0.13897379644515898,1.9629954368556182,1.032383046411255,0.0590128307157279,-0.5891296267583198,0.2668024293598134,0.1123380315829096,0.0,0.0,0.0,-0.5164675666050413,-0.04352181233392072,0.06645458364203943
3.05,-4.238879787893093,-1.76592886150202,1.0,-4.23403263092041,-1.7609643936157227,0.9920373558998108,0.048785777941481596,-0.14446574111642715,0.007575263817105589,-0.9882773848814544,1.853394484161503,-0.9853820604595115,0.0,1.8774299621582031,-1.040730357170105,0.013152454048395157,1.7922154263267047,1.7446673736464176,-0.1305679367367327,2.894986466417641,1.5372508612015627,-0.3150495750655723,1.2313322839152834,0.896994848311391,-0.012093052375500858,1.7469951010972011,0.9924139757675096,0.038021074385808346,-0.6008418923602877,0.25671375209267694,0.11639148750796084,0.0,0.0,0.0,-0.5019291477306481,-0.04929723964782211,0.06809015082087873
3.0667,-4.207717090235296,-1.7821474922392835,1.0,-4.195959091186523,-1.781579852104187,0.992507815361023,0.048785777941481596,-0.14446574111642715,0.007575263817105589,-0.9882773848814544,1.885501269150796,-0.9603591919981899,0.0,1.9151768684387207,-1.011691689491272,0.012940120883286,1.7080793253675886,1.810966853084021,-0.1313964529317184,2.8067047097441646,1.617102819312163,-0.322464247754659,2.2644278215598495,1.742022684039647,-0.012737815463335097,1.8997506975805973,1.213712167460674,0.023036122354154545,-0.6091068498402651,0.24943895892019743,0.12028889437350476,0.0,0.0,0.0,-0.4895185345363113,-0.055574925148339435,0.07077890044943579
3.0833,-4.176013226923539,-1.7979434991831662,1.0,-4.157105922698975,-1.801626205444336,0.9930027723312378,0.05679225670241422,-0.1400944491129834,0.006337200142098084,-0.9884877398023723,1.9173391117813572,-0.934186431988199,0.0,1.9569242000579834,-0.980609118938446,0.012534666806459427,1.5948476469116581,1.8715471913855632,-0.13120504907392047,2.688937321219945,1.689380625528753,-0.3282698378755575,2.5024438346767277,1.8631702681072428,-0.024303973821671526,2.077676727405792,1.405444069274954,0.009060460702038996,-0.6130154189177845,0.24439445385464906,0.12403099672079518,0.0,0.0,0.0,-0.48107425539050236,-0.0622278879978387,0.07303379208084189
3.1,-4.143800127389331,-1.8132846839417547,1.0,-4.1373515129089355,-1.811408519744873,0.9932346343994141,0.05679225670241422,-0.1400944491129834,0.006337200142098084,-0.9884877398023723,1.9488449298123312,-0.9068821981460679,0.0,1.9773136377334595,-0.9618417620658875,0.010313354432582855,1.7038294316804061,1.9638467626200664,-0.11881110546500737,2.7874253112946077,1.7956749811612664,-0.32110362809656057,1.2240853658536586,1.1267033092866139,-0.1333570848362533,1.8256809559161478,1.3231547022280012,-0.03298380178478516,-0.6207445675045181,0.23614503762847144,0.1270341265521442,0.0,0.0,0.0,-0.46285131210968333,-0.06797325616967154,0.07525839607940905
3.1167,-4.1110724409526265,-1.8281579514711381,1.0,-4.097099781036377,-1.8305060863494873,0.9936624765396118,0.062482070714672794,-0.1375921801801795,0.00547487562156518,-0.9885011425001987,1.9799934306000655,-0.8784350955751175,0.0,2.0244247913360596,-0.9288405179977417,0.00796035397797823,1.548067966416996,2.026715993724926,-0.10662114747288684,2.6168731566509447,1.8705056296455718,-0.31372597350946674,2.8278045708888477,1.980869957210527,-0.14123673338509093,2.1215261634213474,1.5173242669228133,-0.06494204579164962,-0.6221794661557842,0.23014645281851673,0.12942029052340015,0.0,0.0,0.0,-0.4466257240781646,-0.07393608873916226,0.0776845355131797
3.1333,-4.077817012233811,-1.8425527659960428,1.0,-4.055920124053955,-1.8490287065505981,0.9940651655197144,0.06853434762412504,-0.1373839431383993,0.004686392379623382,-0.9881329476316075,2.010765289732393,-0.8488264101992407,0.0,2.0648810863494873,-0.8979328274726868,0.007177972700446844,1.4255658615413696,2.1087974654000883,-0.10374249406056266,2.47751897626046,1.9644501471675753,-0.3145510612519834,2.4275883775161304,1.854622383725089,-0.04694695091310319,2.211881323089787,1.6169008359863024,-0.059629564877242316,-0.6206145622146396,0.22455066446483019,0.1318793969478168,0.0,0.0,0.0,-0.43133855250445047,-0.0802033462323172,0.07892917024360391
3.15,-4.044067810130541,-1.8564382817447878,1.0,-4.03501558303833,-1.858069896697998,0.9942686557769775,0.07152603103019352,-0.13566054269772063,0.004010188342114593,-0.98816202895708,2.041097426737919,-0.818079926227653,0.0,2.0831680297851562,-0.8803946375846863,0.00786567572504282,1.5352125171503608,2.232942886549069,-0.10869522818593055,2.557022191372869,2.105698957205088,-0.32240608138696536,1.097845845559293,1.0528948686753024,0.041285844798897874,1.882997688282776,1.4503959657883885,-0.02983749145432108,-0.6240154640964094,0.21397774650564516,0.1349001945457128,0.0,0.0,0.0,-0.3977942101260988,-0.08673381716166426,0.078810658655322
3.1667,-4.009769242624275,-1.8698202112033562,1.0,-3.9926347732543945,-1.8755871057510376,0.9947224259376526,0.07152603103019352,-0.13566054269772063,0.004010188342114593,-0.98816202895708,2.0710066207416986,-0.7861380425060707,0.0,2.1207289695739746,-0.8394355177879333,0.011171520687639713,1.4195394129737848,2.2687118598278557,-0.1306230158910546,2.4064664644060856,2.155176205506516,-0.35067475381091184,2.250921560222889,2.454564937848264,0.1981099978568367,1.991615540026749,1.7468450000898401,0.03745677371214332,-0.6244873343249958,0.20747160860454716,0.1392634345667799,0.0,0.0,0.0,-0.362439717107305,-0.0939359542832071,0.08078830335307732
3.1833,-3.9750219711211496,-1.8826431787526063,1.0,-3.949470281600952,-1.8923288583755493,0.9951991438865662,0.08217380010374323,-0.12871392019957933,0.0015681156456964199,-0.9882700934766621,2.100373005516446,-0.7530890305048474,0.0,2.155935525894165,-0.7999941110610962,0.010349555872380733,1.5191684093032338,2.3933619017697865,-0.12179614991706786,2.4802654485694315,2.2983548384455914,-0.3470080453126916,1.115103279462918,1.2077076683032966,-0.09862997475271619,1.732853100210956,1.5876818056364943,-0.0027185217671385,-0.6287507273264161,0.19615872085925545,0.14294296603314913,0.0,0.0,0.0,-0.33234631193978187,-0.10115165753506039,0.08226892936247458
3.2,-3.939781812509118,-1.8949087662424666,1.0,-3.9276552200317383,-1.9004018306732178,0.9954397082328796,0.08217380010374323,-0.12871392019957933,0.0015681156456964199,-0.9882700934766621,2.1292033743200887,-0.7188871666493366,0.0,2.171980381011963,-0.7777489423751831,0.007639062590897083,1.4208386472439734,2.438291136884624,-0.112694880754284,2.363529226846863,2.3653663451708935,-0.34351936459431287,0.9629263965201466,1.3350360576923077,-0.1626693110762935,1.5055566649070067,1.5130961630978836,-0.049938918279874664,-0.6369419438537031,0.1814990876607754,0.14572878297506656,0.0,0.0,0.0,-0.3057486357491862,-0.10857429594704499,0.08509570086496229
3.2167,-3.9040490682402322,-1.9066003050346203,1.0,-3.8835554122924805,-1.9158623218536377,0.9958431124687195,0.08714600870236515,-0.1258899786164062,0.0005070265875861497,-0.9882090648400182,2.1574643740300585,-0.6835278172635606,0.0,2.205176830291748,-0.7325663566589355,0.0030236414168030024,1.312871072067665,2.4666534618709135,-0.08688076453155077,2.244682681288971,2.4112022265265005,-0.31992298358381055,1.9911052639105378,2.7100273134178954,-0.2768304922448126,1.6488994859720225,1.866452115642229,-0.1169214579365886,-0.641037692298745,0.17233725034237105,0.14718622745511134,0.0,0.0,0.0,-0.29077391692256127,-0.11688601499795814,0.08585599159714848
3.2333,-3.867856049495196,-1.9176911917855046,1.0,-3.8387558460235596,-1.9304181337356567,0.996186375617981,0.0924182172515986,-0.12314980521173748,-0.0005704575945948579,-0.9880752485959962,2.1850978420956735,-0.6470390194667558,0.0,2.2455713748931885,-0.6918675303459167,0.0013642350677400827,1.1542003218707086,2.526798826871134,-0.07851345420829944,2.0619134646104946,2.4860866470236145,-0.31183485032551217,2.422392839781533,2.440640101798633,-0.09951180531726288,1.8772488615806409,2.0359629039056726,-0.11178181027755388,-0.6390323821645038,0.1651655666186014,0.14862521095855688,0.0,0.0,0.0,-0.26868076057528234,-0.12445338677108189,0.08469618515865583
3.25,-3.8312252974534635,-1.9281596623063866,1.0,-3.8160667419433594,-1.9374059438705444,0.9963569641113281,0.09793261081199876,-0.12108629024028802,-0.0016283013453698113,-0.9877978801859459,2.2120553519666317,-0.6094411086924172,0.0,2.260432243347168,-0.6716175079345703,0.002603245433419943,1.255242427635134,2.6809621697572306,-0.08667913563193338,2.133927860744258,2.660149859130384,-0.32017604766333696,0.8924700390887874,1.2161158918114001,0.07440881620842342,1.5865241538361126,1.7939290811400497,-0.056814934230263375,-0.6407790830449339,0.15173861498342692,0.15102208306863332,0.0,0.0,0.0,-0.23790635006419017,-0.13092630435657998,0.08247482896277027
3.2666,-3.794136807998309,-1.9379960822925422,1.0,-3.7703371047973633,-1.950707197189331,0.99666827917099,0.1028779764779308,-0.11797313237282159,-0.0027032988634886883,-0.9876695851790788,2.2383196118220186,-0.5707112198892412,0.0,2.287454605102539,-0.6268632411956787,-0.0016505203675478697,1.163645753095015,2.72910179266548,-0.06260206045806968,2.005449170394451,2.725812226364739,-0.29772164394704537,1.6213664454108492,2.6852969787136645,-0.2552298425563988,1.5968102351407283,2.0570771765257905,-0.11539064170670063,-0.6412284610626774,0.1417173638202677,0.15216934584116845,0.0,0.0,0.0,-0.20057495623675883,-0.13842779751952664,0.08295023764780728
3.2833,-3.7566231931789473,-1.9471762271173767,1.0,-3.7241594791412354,-1.9630427360534668,0.9969385862350464,0.10715814732416627,-0.1123643242741287,-0.003945998691832404,-0.9878643457660476,2.2638350887015566,-0.5308813822998354,0.0,2.3108222484588623,-0.5738538503646851,-0.0036812536418437958,1.2837968641019195,2.869077358815271,-0.06209250517373108,2.1045372586000166,2.889102380393632,-0.29695993917966623,0.5932188841201717,1.5082296137339055,-0.011036092297031473,1.3005317251275812,1.8950473444004277,-0.08458327137539054,-0.6460911168243354,0.12677002110306326,0.1537559771290701,0.0,0.0,0.0,-0.17464927767376173,-0.14679504268142396,0.08111145687686508
3.3,-3.7186865002119767,-1.9556844363394228,1.0,-3.7008919715881348,-1.9687949419021606,0.9970685839653015,0.10715814732416627,-0.1123643242741287,-0.003945998691832404,-0.9878643457660476,2.288568407257969,-0.48995261153892855,0.0,2.3261728286743164,-0.5470256805419922,-0.003026025602594018,1.168190730342124,2.868320593172793,-0.05614647120547375,1.974829800458906,2.9152001348250827,-0.2918568802522751,0.9211542863683186,1.6098989927892868,0.03931878198949153,1.188532571115446,1.810866339191343,-0.04800512059600546,-0.6526220530315552,0.10814471847570256,0.1559295222885968,0.0,0.0,0.0,-0.154017017085227,-0.15502426012799228,0.07978088675820451
3.3166,-3.680346077030604,-1.9635011743534634,1.0,-3.653881072998047,-1.9795241355895996,0.9973587989807129,0.11217415489483348,-0.10744112406388247,-0.00511173837479521,-0.9878498893970085,2.3124748344013137,-0.4479451008152048,0.0,2.36061429977417,-0.4986790716648102,-0.0005803056992590427,1.2410086018631368,3.0172743465487537,-0.06482816769020247,2.044316407234133,3.0948662517539156,-0.30044016667239126,0.9436170364965593,1.5599703849950641,0.08104112122122552,1.1162290288398302,1.7367972677490586,-0.009908311362321332,-0.6593682177630532,0.08664018326729023,0.15871182090607772,0.0,0.0,0.0,-0.14393958760794284,-0.1642320884724521,0.07690017807611103
3.3333,-3.6415765416893016,-1.970615504396425,1.0,-3.630136251449585,-1.98452627658844,0.9975324869155884,0.11855933905932504,-0.10504092442609594,-0.00604255152415831,-0.9873568977099765,2.3355367145809383,-0.40483014173751586,0.0,2.3744709491729736,-0.4729853570461273,0.0012137256562709808,1.0877016045207981,3.0670850964709264,-0.08372892303433674,1.8950226087915587,3.1793404596497252,-0.32193795906428924,0.8304375160746434,1.5398401108793187,0.10751740191788357,1.0318581507026605,1.6786519151466757,0.024757905452432297,-0.6673017336081292,0.06209430187940283,0.16210515386019778,0.0,0.0,0.0,-0.1400192706626314,-0.17434966505820182,0.07610388216975475
3.35,-3.6024967118307263,-1.9769915880781077,1.0,-3.5823447704315186,-1.9936853647232056,0.9979100823402405,0.12445483693630637,-0.10398639249565166,-0.00659307365940762,-0.9867392777918979,2.3576527754220598,-0.36074114655038314,0.0,2.3924667835235596,-0.4134373962879181,0.0006324364221654832,1.0129212936176637,3.0508206401584066,-0.08205956766628561,1.8297258634890015,3.189719159812345,-0.32273016937451904,1.0807869641169563,3.576308743091154,-0.034910847386317265,1.0463028307214324,2.2388748952749182,0.007142599015773549,-0.6736488541540294,0.04711802148775131,0.16518646662786593,0.0,0.0,0.0,-0.14315571571730826,-0.18601654114168964,0.07548413508036751
3.3667,-3.563006489411269,-1.9826314802624214,1.0,-3.5340993404388428,-2.0017077922821045,0.9982743859291077,0.13007670957022086,-0.10184357361891742,-0.007182876657469069,-0.9862334313160701,2.3788487000044993,-0.3155667866959991,0.0,2.4151523113250732,-0.3569641411304474,-0.00014023161202203482,1.0845197562739153,3.206262303801079,-0.07532739448218082,1.9034935469875118,3.374798132337106,-0.3183920702458517,0.7450248756218906,1.6948786956024475,-0.07543466790173593,0.957360071752925,2.078277274213442,-0.017235719488464453,-0.6804597240719101,0.027669826407197527,0.1677994882460373,0.0,0.0,0.0,-0.13851406664168628,-0.1962056549432244,0.07526518751763361
3.3833,-3.5232001994251143,-1.9875063952039473,1.0,-3.5097877979278564,-2.005302906036377,0.9984492063522339,0.13007670957022086,-0.10184357361891742,-0.007182876657469069,-0.9862334313160701,2.3990414184860125,-0.2694162516041822,0.0,2.428353786468506,-0.3296284079551697,-0.0014350202400237322,0.9607679912650747,3.2230910361757643,-0.07223493885707286,1.7836304632412072,3.4253762414856475,-0.3184937122256456,0.7924293381037567,1.6408497316636852,-0.07772074592603981,0.9086695046498314,1.9491406685486332,-0.035092004810978725,-0.6877063434576055,0.0038359906543284604,0.17003452788390538,0.0,0.0,0.0,-0.13515612851852704,-0.20612119596421147,0.07622424548466737
3.4,-3.4830740306706507,-1.9916033488860179,1.0,-3.4607975482940674,-2.0116899013519287,0.9988440871238708,0.13630378394842696,-0.09870799165240966,-0.007981180115113867,-0.985705036276289,2.418203134705103,-0.22228833622844205,0.0,2.452124834060669,-0.2712515890598297,-0.0008288747631013393,0.8255910593926749,3.2259150878510097,-0.07780770116861732,1.6623851134474261,3.455176791479123,-0.32525756290928076,1.4268561451714465,3.5040661314328236,0.03638385709596285,1.061647672114447,2.4081830854211503,-0.013991023972354159,-0.6907575390019104,-0.012183743339516991,0.17266961955411966,0.0,0.0,0.0,-0.1460365150528408,-0.21707796028859644,0.0747802421865438
3.4167,-3.442586362614552,-1.9949108073285762,1.0,-3.4114415645599365,-2.016772508621216,0.9992488622665405,0.14123439755883568,-0.09535120458567048,-0.008779862894395331,-0.9853344811841812,2.436320620955291,-0.17413615397173232,0.0,2.460819721221924,-0.23665118217468262,1.9281244021840394e-05,0.8959573748908332,3.361714325720628,-0.08387811687564636,1.731846088355875,3.6199772395401273,-0.3330837066591096,0.5212984933817433,2.074453600731868,0.05085085527460449,0.9021267182930006,2.3096600417832716,0.005151483932088521,-0.6955238648289834,-0.03132870791101065,0.17569081774571157,0.0,0.0,0.0,-0.1403648486360586,-0.22693420590848878,0.07351477203775164
3.4333,-3.4018103666617647,-1.9974069813736501,1.0,-3.386631488800049,-2.018826961517334,0.999443531036377,0.14613410304130675,-0.09342432706291534,-0.009555154172753221,-0.9847971510125159,2.4533280259949124,-0.12504924043889729,0.0,2.4801855087280273,-0.17240208387374878,-0.0020733780693262815,0.7702370796777503,3.3363389084116024,-0.0732875332789513,1.6029883438887258,3.6152127586770106,-0.32630715132031685,1.1607362313870073,3.8509281488467804,-0.12542869657054048,0.9784729733068587,2.764670557594509,-0.03339817203816731,-0.6980813139865459,-0.04300327385916523,0.17796624558187077,0.0,0.0,0.0,-0.13466995022442962,-0.2358705764062429,0.07505337245949475
3.45,-3.3608302867549953,-1.999074705010622,1.0,-3.336754083633423,-2.0220084190368652,0.999864399433136,0.151605277642737,-0.0904695721986765,-0.010668884644653603,-0.9842343641443498,2.469162839431218,-0.07513470266564234,0.0,2.5009799003601074,-0.11067518591880798,-0.000833742436952889,0.6258152847079413,3.327260740631936,-0.08282517518504393,1.455750522045601,3.62154186151666,-0.3383099848167962,1.249362555507807,3.7086574273026787,0.07447942546062526,1.0584445291706726,3.0433527353003056,-0.0015507335182576402,-0.6978139172011995,-0.050261095611882495,0.1808534646201521,0.0,0.0,0.0,-0.1321213201364603,-0.24402002527284147,0.0746313450116002
3.4667,-3.3195134345336808,-1.999904804202615,1.0,-3.286450147628784,-2.02388072013855,1.000342607498169,0.1562639057859038,-0.08664667391463224,-0.011866950960424267,-0.983835992132225,2.4838452306642296,-0.024235329200925013,0.0,2.517108201980591,-0.04007411375641823,0.00045587727800011635,0.6652743319498396,3.4876668717364243,-0.09913412906829763,1.4793868282690044,3.802968450229542,-0.35876191825191384,0.5727934875749786,1.9863811232504998,0.15146427890022493,0.9150714651800504,2.731315396570893,0.04362209488733771,-0.6987223826051979,-0.0646317989775746,0.18467160796708218,0.0,0.0,0.0,-0.11539011371396664,-0.25066977951554303,0.07495618121653398
3.4833,-3.278040974516352,-1.9998794466666756,1.0,-3.2611887454986572,-2.024296522140503,1.0005751848220825,0.1562639057859038,-0.08664667391463224,-0.011866950960424267,-0.983835992132225,2.4972804351650706,0.027420575178672336,0.0,2.523289918899536,-0.007850602269172668,-0.0003319803799968213,0.5499276010513315,3.4363294966442886,-0.08941186866864201,1.343193897985806,3.7785649101566454,-0.35477024884844743,0.3714347109805888,1.9361822666714419,-0.04733922392904788,0.7545799589919897,2.496577563538418,0.016768651022617174,-0.701766088969084,-0.08519802213296522,0.18805713120663034,0.0,0.0,0.0,-0.09150020796539057,-0.2570373913793918,0.07730124897317504
3.5,-3.236286393537336,-1.9989848864740125,1.0,-3.210448980331421,-2.024183988571167,1.0010590553283691,0.16038615206149667,-0.0839951840646755,-0.012619440793737769,-0.9833931130480724,2.5094799719479965,0.07998460640723308,0.0,2.5377118587493896,0.05605422332882881,0.0011078283423557878,0.414676958372546,3.421028572537298,-0.10050540261463767,1.1883912803462586,3.7836173374913047,-0.37093803903091505,0.8646492945868294,3.8313335757372173,0.08632192403262536,0.7870744386574569,2.8906219344102926,0.03730204847865082,-0.7025503533609312,-0.09858822059097835,0.19188947639205012,0.0,0.0,0.0,-0.07116396861278153,-0.2640005443630283,0.07854316002422729
3.5167,-3.1943475021010315,-1.9972074378210463,1.0,-3.1849775314331055,-2.023616075515747,1.0013221502304077,0.1640430655193929,-0.08015733418612202,-0.013506294780104004,-0.9830983379895872,2.520382738563822,0.1333285301006225,0.0,2.546645402908325,0.09265077114105225,0.0021022786386311054,0.43000172211848253,3.5743728324180983,-0.10783167827461512,1.1804890931135024,3.9614638745323307,-0.38313349847567024,0.5356759925088279,2.1944137425124017,0.059629542316098155,0.7128570224065165,2.6850885511814555,0.043893532751367634,-0.7027977894215844,-0.11663778244784048,0.195945666676712,0.0,0.0,0.0,-0.04768958157343553,-0.270453259666392,0.0793561535243431
3.5333,-3.1522969513882306,-1.9945384953494354,1.0,-3.133944272994995,-2.0213699340820312,1.0018805265426636,0.16842590839350668,-0.0762505399659388,-0.014331614367644343,-0.9826562175487079,2.5299438061483768,0.18735181790467798,0.0,2.553762674331665,0.16533344984054565,0.00015883837477304041,0.31881510731734963,3.509164434955684,-0.09902553246806975,1.0441812625479598,3.9122376422057394,-0.38043871670006624,0.42751371246079595,4.365836281094706,-0.11673678193909143,0.628618461933703,3.1812760010038255,-0.003527472073989138,-0.7032649569074453,-0.12602812910515487,0.19916318962843516,0.0,0.0,0.0,-0.022101198323164938,-0.2770450781449005,0.08224999460356133
3.55,-3.110082124559537,-1.9909623805055134,1.0,-3.0827925205230713,-2.017763137817383,1.0024062395095825,0.1712735654815013,-0.07318725960096244,-0.014908436136364436,-0.9823883321795727,2.53814831614144,0.24211393468518388,0.0,2.5654780864715576,0.22982975840568542,0.00016945111565291882,0.16993815178682092,3.4930463863403847,-0.10179794264403427,0.8735214162754126,3.908385158601458,-0.38754157593630656,0.7032674500150277,3.871665283164689,0.0006370749169675187,0.6506562076159802,3.385091535722874,-0.002298021684539638,-0.7014481693764795,-0.13200934879795942,0.20245956646948887,0.0,0.0,0.0,-0.0021350951121121564,-0.28332942346311424,0.08328406682278343
3.5667,-3.0676827229986685,-1.9864613469198655,1.0,-3.031581163406372,-2.0127880573272705,1.0030086040496826,0.17461794952097712,-0.06687860341201841,-0.016102414207829527,-0.9822304079382024,2.5449678815209964,0.2976347912369698,0.0,2.5710203647613525,0.3051286041736603,0.0018404388101771474,0.18483431861881267,3.669774145171643,-0.11583122874598303,0.862085234558889,4.104114939636233,-0.4060752015687136,0.24914656268300694,2.0732884832383482,0.12461009196322721,0.5321232218188433,2.9978232980825394,0.03516757303377249,-0.699738270473371,-0.14619614417039503,0.20656486346951602,0.0,0.0,0.0,0.022487354533294802,-0.28814465029419506,0.08367910935321453
3.5833,-3.0252355555241444,-1.98103621876327,1.0,-3.0059826374053955,-2.0097129344940186,1.0032991170883179,0.17461794952097712,-0.06687860341201841,-0.016102414207829527,-0.9822304079382024,2.550352040161391,0.3537270317906018,0.0,2.5728914737701416,0.3417482078075409,-0.001095534535124898,0.06710796444791821,3.578611768176274,-0.09887236399922814,0.716423693862358,4.037546733299554,-0.39408966223243924,0.11239205464934768,2.1996326635828547,-0.17635534601363012,0.4082109096126871,2.76218283380838,-0.027277858789914382,-0.6988522191354861,-0.16637633043336075,0.20953705053214797,0.0,0.0,0.0,0.049536489721046253,-0.29255863468991944,0.08568024770106317
3.6,-2.9827077327373224,-1.9746710149124358,1.0,-2.9546971321105957,-2.0025548934936523,1.0038636922836304,0.17805485116129044,-0.062035303583745094,-0.016800956075049115,-0.981919532783586,2.554279794631985,0.41042443077434204,0.0,2.5784976482391357,0.4093039333820343,-0.0005297359311953187,-0.07555505580804243,3.544799271577814,-0.10521880095345978,0.54426750428639,4.022678943072327,-0.4039337297695078,0.33642372735857157,4.05398532062838,0.033953291379177755,0.3870180213174033,3.143546538903192,-0.009201304104541966,-0.6963576155468527,-0.17923509823579786,0.2128800375140781,0.0,0.0,0.0,0.07653505545242018,-0.2986445732587154,0.08583489130196992
3.6167,-2.9400628052487807,-1.9673447120000662,1.0,-2.903383493423462,-1.9939907789230347,1.004438877105713,0.18004064734408579,-0.057799476819771406,-0.017313883221426664,-0.981806916404365,2.5567236486104536,0.4677675103004099,0.0,2.576676607131958,0.4859240651130676,-0.004326703958213329,-0.08132748311267816,3.7200989237246422,-0.0952267978050054,0.505754993275444,4.221595971103265,-0.39548643721693955,0.14837549249129217,2.1731160423685263,-0.115530492917315,0.31656638500699685,2.857057719233482,-0.04059162407922029,-0.6928605687930511,-0.19797869620156217,0.2156349086913376,0.0,0.0,0.0,0.10577809240492897,-0.30351835117706055,0.08462473072059654
3.6334,-2.897389735805833,-1.9590571648539261,1.0,-2.8777644634246826,-1.9891175031661987,1.004683017730713,0.18351772019938603,-0.051061080826698184,-0.01800829469749217,-0.9815241953445539,2.557648147981978,0.5256280495783927,0.0,2.5751571655273438,0.5244568586349487,-0.007286296226084232,-0.17597786582365713,3.6190145430467298,-0.06907111044731892,0.3777971002113337,4.148656371327601,-0.37087895477406296,-0.09103895547333686,2.3087331971486935,-0.1773271100881391,0.19623383846989428,2.695182298284757,-0.08095843873884181,-0.6898779948091222,-0.2210499410282551,0.21755256497696207,0.0,0.0,0.0,0.13610302877413133,-0.308591887252616,0.08425527934978201
3.65,-2.8548238411720184,-1.9498251684731027,1.0,-2.8265790939331055,-1.9783376455307007,1.0051947832107544,0.1861394649110062,-0.04544865896501774,-0.018472331499597105,-0.9812977824743534,2.557029795109192,0.583810651642593,0.0,2.575392961502075,0.5950784683227539,-0.006215301342308521,-0.31788824142829913,3.5640065491134654,-0.07822878899404714,0.2023904638684096,4.114317641966882,-0.3796850081391674,0.014170475549123838,4.244100411216024,0.06436287485851017,0.14248540606332225,3.1524512356515273,-0.03805693084721509,-0.6858916651011239,-0.23511623270487114,0.2201623804900676,0.0,0.0,0.0,0.16561295980441518,-0.3151948601485453,0.0812938386550526
3.6667,-2.812214825043703,-1.9396045017200942,1.0,-2.8009836673736572,-1.9724032878875732,1.005466103553772,0.1861394649110062,-0.04544865896501774,-0.018472331499597105,-0.9812977824743534,2.554842788188599,0.6425095607466528,0.0,2.570993185043335,0.6322264671325684,-0.0042228493839502335,-0.3145866872925997,3.739431291432032,-0.09172227706646027,0.17155632852895092,4.314818396330885,-0.3926137896796428,-0.264028385841417,2.2292328382979942,0.11956604599464904,0.022475104616569666,2.8799002905816273,0.008476252878466227,-0.6818425148990467,-0.2545736422663217,0.22361278530755757,0.0,0.0,0.0,0.19569949907749606,-0.32081346263253196,0.07727872730562498
3.6833,-2.769630574100691,-1.9283952582578183,1.0,-2.7499191761016846,-1.959388256072998,1.0059894323349,0.187786653312865,-0.04072095740549768,-0.018984036387367932,-0.9811817522004028,2.551060043379442,0.701621851043221,0.0,2.5603222846984863,0.7097032070159912,-0.009532442316412926,-0.4123041526416974,3.6420194307672604,-0.06268124797808469,0.046000501107259784,4.232271695764969,-0.36330246807978617,-0.6394953420586387,4.64309595930731,-0.31819807502714753,-0.17295067044040455,3.4004278788878155,-0.08796397952588716,-0.6798087212739718,-0.2645712377813352,0.2251150178686787,0.0,0.0,0.0,0.22150406752501467,-0.3256810272163736,0.07550620223302278
3.7,-2.7271817499400677,-1.9162148241776749,1.0,-2.6991324424743652,-1.944928526878357,1.0064804553985596,0.19078463767278586,-0.035074275424333945,-0.019365254632148964,-0.9808139366534483,2.5456683344061473,0.7609821519741589,0.0,2.553051710128784,0.7814448475837708,-0.008116529323160648,-0.540679392144578,3.5751375921017705,-0.073847689363256,-0.10398344029985418,4.175244327672408,-0.3737979955702637,-0.4365721321097765,4.307830238650842,0.08502053701808135,-0.250776544279855,3.6683096405825673,-0.0368957885088227,-0.6772394543475286,-0.26946818735716266,0.22747049055009358,0.0,0.0,0.0,0.24054350250280476,-0.3306385482134741,0.07247981565691418
3.7167,-2.684778813694572,-1.9030246692885886,1.0,-2.6485612392425537,-1.9289039373397827,1.0070009231567383,0.1925293380770307,-0.029020101906698705,-0.01983380114704449,-0.9806614915023844,2.538631862493048,0.820704077693112,0.0,2.544811964035034,0.8235945105552673,-0.008864007890224457,-0.5470473515978014,3.7234122210696516,-0.07094163629373271,-0.1322376866954772,4.338179071591805,-0.3707007527173003,-0.4940389398747749,2.5272107384852904,-0.04481734202118535,-0.32259204970026323,3.3314363881903253,-0.03923437589226872,-0.6737692583757114,-0.280989996371212,0.22969673587130063,0.0,0.0,0.0,0.25895959347338726,-0.3337768541509408,0.07006238055226695
3.7334,-2.6424792934665837,-1.8888267576672555,1.0,-2.623431444168091,-1.9203470945358276,1.007266879081726,0.19446233479535402,-0.022726297213498708,-0.02031035556315721,-0.9804363851844877,2.5299311598680982,0.88069597540635,0.0,2.5360872745513916,0.8951291441917419,-0.009173157624900341,-0.6876665772037049,3.6540777977286316,-0.07190794900689298,-0.29126554114117154,4.277706858800924,-0.37196697320398564,-0.5224355771289885,4.2835034620601045,-0.018511927600114213,-0.38158951164744315,3.612503989850971,-0.0331167304008238,-0.6696981332792106,-0.28761170669645725,0.23195761061514927,0.0,0.0,0.0,0.27329709721667717,-0.33601735437583463,0.06810141358194342
3.75,-2.600424267719618,-1.8736578649274171,1.0,-2.5733368396759033,-1.9021776914596558,1.0078132152557373,0.19662989453070867,-0.017037642239574186,-0.020888989646363314,-0.980107176150769,2.519575308984119,0.9407447190933208,0.0,2.5150043964385986,0.9698284864425659,-0.010474080219864845,-0.7647786630096345,3.5607897429291264,-0.06709429612690429,-0.38119807983996756,4.188710875839691,-0.3677271606918374,-1.2661330736959666,4.486071934823385,-0.0781269575714838,-0.642722938454038,3.8703972138893006,-0.04640457213831528,-0.6686880955008556,-0.2892568016668825,0.2338845416878351,0.0,0.0,0.0,0.2851075123311887,-0.3386643312436821,0.06674832287709799
3.7667,-2.5585587487232972,-1.8574888615830885,1.0,-2.5484299659729004,-1.892511248588562,1.0080409049987793,0.19662989453070867,-0.017037642239574186,-0.020888989646363314,-0.980107176150769,2.5075333549508563,1.000915110052554,0.0,2.5060503482818604,1.00895094871521,-0.013564742170274258,-0.8004017985793316,3.7261455007917474,-0.04995656916433064,-0.4290170044099339,4.365372327728584,-0.3506142015392837,-0.5377126166886204,2.3494000916327815,-0.18560185243184812,-0.6117219721373984,3.4213710632970407,-0.08749815346632492,-0.664966416543144,-0.2995451312131182,0.2349098407374762,0.0,0.0,0.0,0.29358162237374635,-0.33968169572371815,0.0657477916374768
3.7834,-2.5168609634691066,-1.8402970546793427,1.0,-2.4987969398498535,-1.8720825910568237,1.008542537689209,0.1969990587768156,-0.010761049265634816,-0.021482164392305544,-0.9801092834931946,2.49377398437214,1.0612263658636865,0.0,2.491119623184204,1.0827720165252686,-0.009383339434862137,-0.9359810558558445,3.6321854655703376,-0.07783806702307403,-0.5723619772634949,4.276876311253414,-0.38002406650601406,-0.8953192462756984,4.426672004117462,0.2507373433613073,-0.6954450709266031,3.7181542754662225,0.012355147313660352,-0.6612229187538634,-0.3045205776481969,0.23778160630161932,0.0,0.0,0.0,0.2976038401615139,-0.3401702680348792,0.06440439318132068
3.8,-2.4754388057711694,-1.8221138375447141,1.0,-2.449758529663086,-1.850183367729187,1.0090645551681519,0.19794107245117046,-0.0037753250287875474,-0.022382842544983444,-0.9799511485175817,2.478310143889356,1.1215097156983667,0.0,2.46488356590271,1.1587501764297485,-0.014662062749266624,-1.0130901367823097,3.5193851111225016,-0.04907787963581087,-0.6555423080582959,4.165189194998654,-0.3513183000831275,-1.574615439650855,4.559998569077771,-0.3168143423123703,-0.9549922328550593,3.966682097792175,-0.08482170243600515,-0.6606509059040214,-0.3044873911684309,0.23873435861787684,0.0,0.0,0.0,0.3031030771800076,-0.3413166927077218,0.0635060618294398
3.8167,-2.4341818533081994,-1.8028751861565946,1.0,-2.425377368927002,-1.8387031555175781,1.0093281269073486,0.1985244796649704,0.0020997033092521496,-0.022835836872778445,-0.9798276582514448,2.4610744217789824,1.1819137071146042,0.0,2.4549612998962402,1.1933174133300781,-0.010056529194116592,-1.0768114189793512,3.7099523480875276,-0.07834055747336152,-0.7289865826155943,4.366177860666561,-0.3818186867207447,-0.594036369864969,2.0695066944531675,0.275728793463987,-0.8484314647112702,3.40660124300673,0.021619393933669413,-0.6559919465937597,-0.31504034042750023,0.24168515172316274,0.0,0.0,0.0,0.3081671102300028,-0.3411851721515323,0.061792977524220465
3.8334,-2.393392713460968,-1.7827123233977866,1.0,-2.3769822120666504,-1.81455397605896,1.0099129676818848,0.19923226222872595,0.006929005115463793,-0.0230429043395125,-0.9796568370744302,2.4421767384087767,1.2419812198512974,0.0,2.4229912757873535,1.273106575012207,-0.009871339425444603,-1.1407824122126609,3.5650476042529884,-0.08270572685948083,-0.7998132811309397,4.223669401460283,-0.38777717723134053,-1.921722057411468,4.796136262665348,0.011131779633690185,-1.1652864647996763,3.8168173781068337,0.018523258504412637,-0.6559431982112498,-0.3179303707577802,0.24461634918232314,0.0,0.0,0.0,0.31497406712952863,-0.34069142644951395,0.060455101189536585
3.8506,-2.351559103739863,-1.7608122745770682,1.0,-2.3291878700256348,-1.7889959812164307,1.010488510131836,0.1999461244753792,0.012601907704757364,-0.02333911239084702,-0.9794478729995132,2.4208101486917357,1.3039410164563414,0.0,2.400310516357422,1.3403987884521484,-0.008746671490371227,-1.2710853235274715,3.5042859118182834,-0.09269241636744938,-0.9352553934472008,4.164733029713586,-0.3995715750475266,-1.3180464149636302,3.9105507447177,0.06535780005195704,-1.2103839941658214,3.84448918114673,0.03234967118995905,-0.6550964378214927,-0.3198980643823306,0.2478720566930513,0.0,0.0,0.0,0.31926650774122206,-0.34054905351297216,0.05900710198702596
3.8667,-2.3127285417513503,-1.7393375370317246,1.0,-2.3054776191711426,-1.7757238149642944,1.0108205080032349,0.1999461244753792,0.012601907704757364,-0.02333911239084702,-0.9794478729995132,2.399113372795569,1.3617691262535634,0.0,2.3800926208496094,1.3784812688827515,-0.009439123794436455,-1.305821518038457,3.6507969416985486,-0.09054621393117032,-0.9715058419983744,4.320738152558801,-0.39918193964307513,-1.2554035648723871,2.364681411736839,-0.04299691284345947,-1.2236745942858893,3.407622880355283,0.010105982432278277,-0.6525339351949352,-0.3299964906463104,0.25076254849659396,0.0,0.0,0.0,0.31821825915485275,-0.3399447202139417,0.05787317721531088
3.8833,-2.272927566995695,-1.7161358388433645,1.0,-2.2585532665252686,-1.7480595111846924,1.0113948583602905,0.19904984013165866,0.01839439143998846,-0.02381988149181083,-0.9795272355152592,2.3749407267028277,1.4213537735216069,0.0,2.351414442062378,1.450579047203064,-0.010670903138816357,-1.4196114651255365,3.536525422011427,-0.08640730807216188,-1.0853596847119804,4.210955591183577,-0.3972214222608772,-1.719831283957678,4.323706033743209,-0.07386984602873892,-1.3701491176060907,3.6780673709917515,-0.014685217001882828,-0.6513296383529272,-0.3350053898107847,0.25319913873881666,0.0,0.0,0.0,0.31707785793937127,-0.33942477936136584,0.057614975449898666
3.9,-2.2335486889866223,-1.6919460987980226,1.0,-2.235313653945923,-1.7336757183074951,1.0117014646530151,0.1991025658391458,0.02353268232934559,-0.023926302284300826,-0.9794038716896678,2.3490211505705267,1.4806125841737832,0.0,2.335209608078003,1.4907145500183105,-0.011564213782548904,-1.502096495717453,3.6801275407258607,-0.08297055760133618,-1.1769995872398689,4.36616955967602,-0.3945165667355305,-0.9722075209909742,2.4079257913633048,-0.053594089717641,-1.2526694848875695,3.303098361608217,-0.02617182738647142,-0.6459840672617861,-0.34713271953439306,0.2554159788336164,0.0,0.0,0.0,0.32088715878420204,-0.33890929941576703,0.05613003030057795
3.9167,-2.19466630017365,-1.6668045512381446,1.0,-2.1892523765563965,-1.7037506103515625,1.0122833251953125,0.19933952068983013,0.027369494341754515,-0.023444015896790668,-0.9792676109284321,2.3213902891709157,1.5394191929487022,0.0,2.2994041442871094,1.5616552829742432,-0.01327599212527275,-1.593664065458084,3.5597249505991555,-0.07601818889609377,-1.2700808497318619,4.252975728667883,-0.38718641533931064,-2.15066806054791,4.261080639848774,-0.10281858182130633,-1.5177750776370673,3.585912239714564,-0.04879935021058085,-0.6442267241953833,-0.3540797823862533,0.25716134167323973,0.0,0.0,0.0,0.3206435084691612,-0.3391709956824736,0.054006884769977184
3.9333,-2.156190134772663,-1.6406398118443368,1.0,-2.1436920166015625,-1.6724730730056763,1.0128734111785889,0.19973883046933444,0.03246946320910313,-0.023116282002769977,-0.9790381634851388,2.2919654244613072,1.597896530568611,0.0,2.261139392852783,1.6321543455123901,-0.016531305387616158,-1.680789391475647,3.4347492864345575,-0.05986629450863121,-1.361577095154993,4.130898924268643,-0.36928900475185467,-2.2935250153621904,4.225595552824499,-0.19511801645540677,-1.7467906380624014,3.774758445588854,-0.09199529483290553,-0.6452519901851278,-0.3569490681480944,0.2579825069760606,0.0,0.0,0.0,0.3260396938644738,-0.33920056968599127,0.051440203267162844
3.95,-2.1182672513067757,-1.6135388779530406,1.0,-2.0988271236419678,-1.63973867893219,1.0133942365646362,0.1999162318230729,0.03860799891238898,-0.022899562907726937,-0.9787842708697092,2.260840978007619,1.6558075295270174,0.0,2.224632740020752,1.7024133205413818,-0.016453996300697327,-1.7611833704405309,3.5908178324458397,-0.05240464438882328,-1.451668720330167,4.297992784108595,-0.3600027304760144,-1.3336768726471135,2.15584517828259,-0.09240357638739784,-1.6248319038039838,3.2968256593105965,-0.0921158270101785,-0.6419855904055296,-0.3684847254240588,0.25866128418452666,0.0,0.0,0.0,0.3324709402951658,-0.33869022623869643,0.04893680190266447
3.9667,-2.080868216034794,-1.585470811250026,1.0,-2.0767033100128174,-1.6228773593902588,1.0137031078338623,0.1999162318230729,0.03860799891238898,-0.022899562907726937,-0.9787842708697092,2.2279802820574606,1.7131829590495524,0.0,2.2024948596954346,1.7384952306747437,-0.013394070789217949,-1.878664568616688,3.451647633168485,-0.08373249119333878,-1.5810100039533765,4.177181283292786,-0.3905372183788106,-1.328863382660217,2.1658771502991097,0.18367715906488824,-1.53745658678267,2.9629489884816045,-0.010696696700511557,-0.6352139283104561,-0.3868653650006833,0.26081296019413047,0.0,0.0,0.0,0.33755936364714456,-0.3386682851236178,0.04599176699134137
3.9834,-2.0439834575660902,-1.5564133272149678,1.0,-2.033010959625244,-1.5880755186080933,1.0142407417297363,0.20046349811427472,0.04355927369819115,-0.022576675901285027,-0.9784719205753949,2.193354538122514,1.7700244113393322,0.0,2.1649434566497803,1.8068583011627197,-0.02029556781053543,-1.9982856606039439,3.3160841556000964,-0.045486994210457404,-1.7151999998326435,4.053750387645737,-0.3484047764415018,-2.2501250053573725,4.096396988442362,-0.4135459600054288,-1.7478493297791307,3.2975635547233937,-0.1296251623259891,-0.6307369998368662,-0.39775340251839125,0.26062330580098664,0.0,0.0,0.0,0.3476513390655659,-0.33991282952724916,0.042294476430057765
4.0002,-2.0073965385553088,-1.5261639136938083,1.0,-1.989967942237854,-1.5518931150436401,1.0148169994354248,0.19922717826512434,0.04794828318307768,-0.022131942355798045,-0.9785293245830669,2.156713521988029,1.826655275263968,0.0,2.1193220615386963,1.8793734312057495,-0.01643795147538185,-2.079970546343047,3.149493514967864,-0.07201240911465676,-1.8116766424526538,3.8915036010816038,-0.37227442939560274,-2.712414594732515,4.31137839140419,0.22935411823491056,-2.032606625883979,3.596860224563722,-0.023647917442382788,-0.6298086653106945,-0.40140400715949964,0.2623647985960712,0.0,0.0,0.0,0.36151476142030115,-0.34060607895424,0.037897221684874804
4.0167,-1.9721395762438119,-1.4955890796010904,1.0,-1.968796968460083,-1.5332261323928833,1.0150901079177856,0.19847605820438743,0.05345624408072387,-0.021882390865765055,-0.9784021675411094,2.119116942802939,1.8814603289359135,0.0,2.0922272205352783,1.9163464307785034,-0.019511234015226364,-2.1726719662729415,3.2720246240552067,-0.05543575482895677,-1.9224974587029,4.022585537104555,-0.353462843992999,-1.6436794908880532,2.242927393693954,-0.18643739152444316,-1.9177882269977227,3.1971545063148996,-0.07170634558428568,-0.6244569403868991,-0.41128918957311367,0.26311577556786825,0.0,0.0,0.0,0.37428243281685775,-0.33927172347623435,0.034911313596173964
4.0334,-1.9369777041739655,-1.4636154621624926,1.0,-1.9269896745681763,-1.494956135749817,1.0156747102737427,0.19849858569491652,0.05963299117054092,-0.021596677379709675,-0.9780469960487082,2.0792494057423134,1.9363441914056276,0.0,2.0512030124664307,1.9737282991409302,-0.01687447912991047,-2.2997170628033796,3.1773432913570314,-0.0747045064042959,-2.0620634304022145,3.9356454289038627,-0.37328333722755547,-2.448704265038637,3.4250807610752965,0.1573859249811439,-2.074524345272245,3.264442502653864,-0.0040741200677627334,-0.6201804737283553,-0.4192162324372753,0.26509717106681496,0.0,0.0,0.0,0.3825268413271903,-0.33908590510955594,0.03348165975644454
4.05,-1.9028498974759596,-1.431073579875285,1.0,-1.9063795804977417,-1.4753708839416504,1.0159547328948975,0.19849858569491652,0.05963299117054092,-0.021596677379709675,-0.9780469960487082,2.0381439884892516,1.989829958795463,0.0,2.0264627933502197,2.006938934326172,-0.023475760594010353,-2.4286510281814007,3.312918207804527,-0.03702565826964929,-2.214895142818565,4.08604865299301,-0.3331261305917125,-1.4931077153299375,2.0043094765316987,-0.39839680638291747,-1.9028795292412988,2.892428201197229,-0.1204853843209185,-0.6102056829528818,-0.43361943824592813,0.2647521836660977,0.0,0.0,0.0,0.39644979759004584,-0.33951100694255465,0.03134828865596547
4.067,-1.8685370540909536,-1.3967511712862084,1.0,-1.8658289909362793,-1.4352269172668457,1.0164623260498047,0.19116464419567222,0.06991173297524138,-0.02179801287504618,-0.97882245591446,1.9942592554189573,2.043820178822276,0.0,1.9776941537857056,2.0747604370117188,-0.020383622497320175,-2.530257793950679,3.1450708253781468,-0.05867683762839079,-2.3322662240473875,3.927218697273444,-0.35383988197501925,-2.865334510001681,3.9847593433069983,0.18167433164537458,-2.187013830881546,3.2149043194859495,-0.03128231342811712,-0.6035537881127085,-0.44160533355793513,0.2659902821099723,0.0,0.0,0.0,0.4055622182094169,-0.3405425383373625,0.029172762236656134
4.0834,-1.8362896648070328,-1.3629204139087845,1.0,-1.8262336254119873,-1.3936210870742798,1.0170936584472656,0.19013006023691922,0.0784638184952157,-0.021802143266200336,-0.9783755307328504,1.9505136312753184,2.0947569145614997,0.0,1.925024151802063,2.1449928283691406,-0.019387535750865936,-2.6604629998350093,3.24514945392955,-0.0925691697197317,-2.4938393916392263,4.040508531303101,-0.3885373178467032,-1.6801403027739696,2.1912318058512965,0.3246594180242394,-2.0373755009775416,2.9126974832346515,0.0737981914396892,-0.5915454248685517,-0.454763582230288,0.2692810235154399,0.0,0.0,0.0,0.4249218166727685,-0.3405954951432627,0.026687124611531624
4.1,-1.8042186562542866,-1.3276438421889616,1.0,-1.7875957489013672,-1.3507428169250488,1.0176793336868286,0.1905170736733705,0.08483370351833394,-0.0215227939542701,-0.9777746852604792,1.9044220175378035,2.1456047427260097,0.0,1.8744041919708252,2.2017345428466797,-0.017746422439813614,-2.75644705714073,3.069800469233195,-0.056641421073359205,-2.621250145861727,3.8859698023496683,-0.3551468288569495,-1.59295326540264,1.7837539590409448,-0.13707328346016595,-1.906173934085853,2.5794127205700805,0.011545077835161822,-0.5744395539985653,-0.4744914150555143,0.27144869480656725,0.0,0.0,0.0,0.43924264271956226,-0.34167791806095926,0.027056712977023056
4.1167,-1.772837654966923,-1.2914236996094943,1.0,-1.7500548362731934,-1.306739091873169,1.0183053016662598,0.1891785529849373,0.08915921350758274,-0.021315136431656903,-0.9776542717142837,1.8566306360787446,2.1955431024780174,0.0,1.8433325290679932,2.2348852157592773,-0.02104114554822445,-2.8390188297092025,2.9077404154854936,-0.06421429621358585,-2.7599135748039654,3.7480887302394517,-0.3632413711064282,-1.8612928104201776,1.9858322145733953,-0.1973645392970379,-1.892924206062729,2.4041769060020197,-0.05012885949839871,-0.5547459999401445,-0.49653469088444213,0.2722747472032603,0.0,0.0,0.0,0.4756407450349075,-0.3438136238695159,0.026752327689581995
4.1334,-1.7422032232488376,-1.254300283960619,1.0,-1.731724739074707,-1.2843424081802368,1.0186229944229126,0.1891785529849373,0.08915921350758274,-0.021315136431656903,-0.9776542717142837,1.8071940846620482,2.2444714045354512,0.0,1.7867062091827393,2.2891476154327393,-0.020082181319594383,-2.997448757442586,3.035101150204091,-0.05873532902095577,-2.9887603004414713,3.9017253300991426,-0.35544932173689603,-1.6884315066541278,1.7281354193382918,-0.07521482092986806,-1.8325542235716128,2.2045971027562867,-0.05753469382290234,-0.5315420911453876,-0.5207544952532369,0.27293829450445733,0.0,0.0,0.0,0.5228536341442731,-0.3458696846418147,0.02377569821148289
4.15,-1.7126284254068362,-1.2166558610279328,1.0,-1.6959917545318604,-1.2385871410369873,1.0192699432373047,0.18689266070403227,0.0981233371553117,-0.021231980699544937,-0.9772370600608742,1.7566303641602508,2.2918766073911194,0.0,1.7224180698394775,2.360323190689087,-0.022193213924765587,-3.0747426942597986,2.8542177603407195,-0.07851961924965509,-3.1395354013777323,3.7485049867929208,-0.37271007716851245,-1.7969527452615837,2.0679484598349105,0.026835484734965054,-1.8220440164666645,2.1642559257633867,-0.03262707503239714,-0.5053401878695049,-0.5452353412635783,0.2740422191725083,0.0,0.0,0.0,0.5701328949874384,-0.3490518851886232,0.020148238746349075
4.1667,-1.683793599324404,-1.1780818606596213,1.0,-1.6785722970962524,-1.215248465538025,1.019606590270996,0.18554659836389362,0.10623835195369397,-0.021120839460021665,-0.9766472149159643,1.7043989057795885,2.338258921398796,0.0,1.694997787475586,2.3855788707733154,-0.020650457590818405,-3.1354365134349904,2.64698893650812,-0.07641851392376339,-3.2940861754382533,3.57174673683324,-0.3671519964858939,-1.645948421444314,1.5160145404585397,0.09260653551392506,-1.770057378219887,1.9728832205565596,0.004344175764553062,-0.47544050108916014,-0.5721060919435524,0.2759340385227628,0.0,0.0,0.0,0.6340901630924228,-0.3526517083815673,0.01479944403936773
4.1833,-1.6558060188067814,-1.1386949337763799,1.0,-1.644574522972107,-1.1677322387695312,1.0203313827514648,0.18398385907556047,0.11235520573759901,-0.02117251149629602,-0.9762571036861475,1.6506609081331478,2.383436203709709,0.0,1.6280152797698975,2.4455466270446777,-0.02066550776362419,-3.1715121147753957,2.4407868188515565,-0.08063075023486818,-3.4234649566719235,3.38385822349271,-0.3679687589252374,-4.013844043775181,3.5934937280338315,-0.000901863016830014,-2.432464212816525,2.4513170631546926,0.002795449231548567,-0.4562317424411039,-0.5871590199258528,0.27777395106869646,0.0,0.0,0.0,0.7081845843376315,-0.35591238471530073,0.00956405762167272
4.2,-1.6287700644260894,-1.0986311949155745,1.0,-1.6119049787521362,-1.119014024734497,1.0210620164871216,0.18202590878874067,0.12097296921844349,-0.021143177289732484,-0.9755948081086473,1.595609226290798,2.4272293712359287,0.0,1.5656901597976685,2.495128631591797,-0.016461003571748734,-3.3321114892413353,2.5357677933706007,-0.09564183603974016,-3.6708626180578467,3.497184435045086,-0.38278136190834366,-2.0005370338546142,1.6776507991063756,0.12624793241965973,-2.304951415016023,2.222916641283203,0.03924087867770914,-0.43186927448272755,-0.6041631387161126,0.28032271012676413,0.0,0.0,0.0,0.7706204032992392,-0.35725350295837294,0.00681681574183938
4.2167,-1.6026396660065878,-1.0578127890065296,1.0,-1.596044898033142,-1.0942680835723877,1.021416187286377,0.18202590878874067,0.12097296921844349,-0.021143177289732484,-0.9755948081086473,1.539144705737275,2.469702766827001,0.0,1.528071403503418,2.5224931240081787,-0.023181352764368057,-3.381508217000801,2.372162676960741,-0.07236230810375674,-3.80269297644689,3.3547683413946996,-0.35749904653787756,-2.2559657425544386,1.6410260076350067,-0.4030137901945926,-2.290489949167247,2.0511318906946516,-0.09132078290556152,-0.4041384743577657,-0.6232998848558469,0.2803085151444095,0.0,0.0,0.0,0.8253232338038547,-0.3593057795781117,0.0048282232897113525
4.2333,-1.577446456670709,-1.016272252087847,1.0,-1.5653574466705322,-1.0439813137054443,1.0220664739608765,0.17590216926346014,0.13121843872042263,-0.02155364544738004,-0.9753848746562145,1.4813193650210215,2.51079562172154,0.0,1.4549373388290405,2.5761401653289795,-0.018950000405311584,-3.5590436390995532,2.4638465428028336,-0.06372999907623808,-4.079447763182631,3.468627912990541,-0.3459161726831441,-1.991567694264603,1.5258614529291543,-0.10934697419571525,-2.2022426359532936,1.8960624568091784,-0.09664244404904154,-0.37190546949181086,-0.6436357136443297,0.280108847474453,0.0,0.0,0.0,0.8923095935748883,-0.36114565654337794,0.002077326132453037
4.25,-1.5532770688363011,-0.9741452672712099,1.0,-1.5505692958831787,-1.0183959007263184,1.0224580764770508,0.1708510512277137,0.13783701912571347,-0.022017007899908816,-0.975359502253411,1.4223310654026862,2.550357088532346,0.0,1.3756721019744873,2.641040086746216,-0.01799553819000721,-3.545200546395052,2.2082595171328743,-0.10584448111647135,-4.162082520336421,3.2356657583818196,-0.3841776878149137,-2.3322563544144197,1.9296787689486201,0.014143295806229762,-2.2406250619753587,1.9059866065765936,-0.06393646875177976,-0.3371306588491888,-0.6629676454522907,0.28044299748509344,0.0,0.0,0.0,0.9540126327905574,-0.3644385957966545,-0.0021097907866510844
4.2667,-1.5300577634358932,-0.9312918335443772,1.0,-1.5222551822662354,-0.9663349986076355,1.0232717990875244,0.16807574249791057,0.14745868300105047,-0.021958381633630168,-0.9744354325998096,1.3619924837888626,2.5884990462829953,0.0,1.3379158973693848,2.6647114753723145,-0.009090946055948734,-3.5366915003089736,1.9620106924789502,-0.16843156305660842,-4.248899364411049,2.9996908149003882,-0.4451884619140234,-4.6897212294496065,3.3854896354538955,0.5770515211758399,-2.963643014093318,2.34276294239291,0.12529490156538764,-0.31423701009465704,-0.6715209235404683,0.2846934009035683,0.0,0.0,0.0,1.0264448741967318,-0.36615919888097004,-0.007936502046153364
4.2833,-1.507871535559882,-0.8878488423957678,1.0,-1.508713722229004,-0.9399669766426086,1.0237681865692139,0.16807574249791057,0.14745868300105047,-0.021958381633630168,-0.9744354325998096,1.3005047928801283,2.6250770921457787,0.0,1.2967349290847778,2.6855459213256836,-0.0063594430685043335,-3.6856524641556723,2.0494536654893345,-0.18809476785268317,-4.477309236266702,3.098489920961036,-0.4717468549599436,-2.470931147447177,1.2501037151481338,0.16389502462340672,-2.8181854654932157,2.020189967375743,0.1366903634078241,-0.28607154092803894,-0.6837938505153097,0.2895444130598051,0.0,0.0,0.0,1.0777283130390694,-0.3652424049563922,-0.0058923259525446095
4.3,-1.4867261034556958,-0.8438233085848224,1.0,-1.4828321933746338,-0.886499285697937,1.0247466564178467,0.16680959749726593,0.156670773351454,-0.02150488154365294,-0.9732248065231827,1.2378877071254162,2.660070471326598,0.0,1.2154957056045532,2.7330124378204346,-0.004100230522453785,-3.665203921619811,1.8325317621776038,-0.2073670323301053,-4.514513509577663,2.8879965796024205,-0.5013517993569878,-4.8758227920554065,2.8488495220651364,0.1355936154019518,-3.425637612865094,2.2648254137871406,0.13636658335062324,-0.2672819419716862,-0.6897071897522793,0.2947713237618209,0.0,0.0,0.0,1.1165915299295377,-0.36575762767253717,-0.0007865567349384303
4.3167,-1.4666193485110655,-0.7991967134229283,1.0,-1.4586477279663086,-0.8321546316146851,1.0258609056472778,0.1620712839869081,0.16489817156893768,-0.02145489538131901,-0.9726671194236866,1.1741242814238513,2.69347546586655,0.0,1.1290581226348877,2.7802820205688477,-0.005505704320967197,-3.614385127992788,1.603402131785312,-0.20536760069817547,-4.513614163548695,2.6586954793670436,-0.5081362831038898,-5.185443961325019,2.8357314491675725,-0.08431524078894674,-3.945164611880357,2.433367310195495,0.07121727534137566,-0.25668751572926785,-0.6900277599610779,0.29910337690739947,0.0,0.0,0.0,1.1559165512851748,-0.36526558762065386,0.0036653054983148505
4.3334,-1.44756804781675,-0.7539866461221675,1.0,-1.4362437725067139,-0.7768734693527222,1.0270966291427612,0.15513206665712295,0.17278820072770434,-0.021621459726634096,-0.972425280806931,1.109248808126928,2.725257729249717,0.0,1.0388295650482178,2.8296496868133545,0.00648748641833663,-3.7535517993765897,1.621040771243955,-0.25031183775727417,-4.694005504599665,2.6766970211513934,-0.5619982827813801,-2.7344035648994516,1.6188299817184644,0.4113243842255699,-3.5877258210650775,2.1929010030816936,0.17162311020894241,-0.23734940622137082,-0.6923147432313698,0.3057582819624176,0.0,0.0,0.0,1.1778031114444458,-0.36334150667606885,0.0059281630616883785
4.35,-1.4295999925847325,-0.7082399397527424,1.0,-1.4156723022460938,-0.7207510471343994,1.0283745527267456,0.15105416808578662,0.18171692760812924,-0.021411020512019166,-0.9714438914393548,1.0433380335813451,2.7553648929040393,0.0,0.9528539180755615,2.8673014640808105,0.005791897419840097,-3.687810358347125,1.3761709930680301,-0.2513947248843147,-4.652109688351243,2.4341825418665604,-0.5709506666348123,-2.695680422675996,1.396687134085392,-0.3702576755609203,-3.324377715055555,1.9578441161145645,0.011649997996101336,-0.2107926035849533,-0.697364297721406,0.3096815302699278,0.0,0.0,0.0,1.1750919335890708,-0.36064725107712453,0.009874411480569872
4.3667,-1.4128086962849493,-0.6622001081110511,1.0,-1.4061226844787598,-0.6925463676452637,1.0290448665618896,0.1452755572491607,0.18804810470215727,-0.02106141240362134,-0.9711279165160687,0.9767544950963981,2.7836337784188063,0.0,0.904291570186615,2.8874807357788086,0.0009233539458364248,-3.619792372994642,1.1840512415516353,-0.26263555424518703,-4.6194576260829985,2.2444691040851437,-0.589040982913676,-2.9225231365234237,1.2144056245067796,-0.29299306072440634,-3.205742898555405,1.7383674851571655,-0.0782862010671675,-0.18099348162108383,-0.7039364698330817,0.31220395364956416,0.0,0.0,0.0,1.1806587347094404,-0.35648139270042656,0.014201475018924744
4.3835,-1.3969566474371014,-0.6151633915198174,1.0,-1.3970434665679932,-0.6641196012496948,1.0296703577041626,0.1452755572491607,0.18804810470215727,-0.02106141240362134,-0.9711279165160687,0.9084882168414047,2.810460579701223,0.0,0.8594107627868652,2.9052653312683105,0.0009845865424722433,-3.7791318381355854,1.2254249400008232,-0.26712858437466824,-4.813561273389218,2.288976134138366,-0.5998587529108246,-2.668118294048446,1.0572760903150822,0.003640215511742945,-3.0470262888439423,1.5372968567172287,-0.05410002547883404,-0.14782157023776848,-0.7113291009688836,0.31560219656782385,0.0,0.0,0.0,1.182251005491401,-0.35222209316865927,0.01712797196833255
4.4,-1.382495167654164,-0.568485019970067,1.0,-1.380240559577942,-0.6067115068435669,1.0309699773788452,0.1371701031999453,0.19291267683512744,-0.02086441803368138,-0.9713566896097858,0.8405184088316312,2.835075778593336,0.0,0.7644239664077759,2.943202495574951,0.0054337382316589355,-3.677589151214026,0.9858174397194479,-0.30134592041927366,-4.734459035449119,2.0466159174208514,-0.641945295741603,-5.74374666608999,2.2940184248086157,0.2690352886490276,-3.8431474336506053,1.760694894634692,0.041295425373822886,-0.12952955453464726,-0.7122053698815722,0.3212161529843399,0.0,0.0,0.0,1.1863994387697405,-0.348593107819831,0.019383222337989444
4.4168,-1.3689372515543385,-0.5205733969052674,1.0,-1.36527419090271,-0.5485800504684448,1.032267689704895,0.13191203623547626,0.19884585201904398,-0.020470218559559005,-0.9708968253456834,0.7705380031615622,2.8583044062810083,0.0,0.6786131262779236,2.9724886417388916,-0.0009855356765910983,-3.6360856077293993,0.788691184535527,-0.2704051361887787,-4.707821009291706,1.8429891265856102,-0.6167286880144678,-5.097898754975142,1.739847877508817,-0.38135984236014714,-4.213572957486598,1.7545404741467197,-0.08348013476436272,-0.11827660488722698,-0.7104167464247454,0.32473564876579797,0.0,0.0,0.0,1.1900120064495334,-0.3438811956253378,0.02158790305989116
4.4334,-1.3567892911577963,-0.4732146881078193,1.0,-1.3521114587783813,-0.4899236857891083,1.0334964990615845,0.12586331019801106,0.20245941744324675,-0.02007391174301109,-0.9709611835833596,0.7011670035204616,2.8792750186514042,0.0,0.580776572227478,3.0055952072143555,-0.004599046893417835,-3.791143504391471,0.8100255594184702,-0.27419199239560843,-4.872475592212891,1.8588194621608505,-0.6252620636558741,-2.7958910147105573,0.8712031444177913,-0.003921568323079536,-3.7950473362254145,1.4937631491678418,-0.05999299181515796,-0.09851726720944111,-0.7107245885980609,0.32886739480799004,0.0,0.0,0.0,1.1798493550308606,-0.3380693141443194,0.02220267645227556
4.45,-1.3456988183396343,-0.42509633186008494,1.0,-1.3462761640548706,-0.4603714346885681,1.0340501070022583,0.11850314282228087,0.20541454372658807,-0.020301251843878827,-0.9712619434943334,0.6304965567030713,2.898590445149172,0.0,0.5348164439201355,3.014741897583008,-0.009575996547937393,-3.673744555712112,0.5932853168444029,-0.22999361743425425,-4.769712986891435,1.6398825783434443,-0.5872602885154377,-2.760058273556405,0.5492891198831665,-0.2988823481773406,-3.489499647860375,1.2149371530509767,-0.13051749612561553,-0.07181560156295984,-0.7144727789682456,0.3317064461503473,0.0,0.0,0.0,1.1677840327422835,-0.33212448253079596,0.025560224930836144
4.4667,-1.335775197246343,-0.37659118981643497,1.0,-1.3360308408737183,-0.40112993121147156,1.0350902080535889,0.11177978535159193,0.20881413750343514,-0.020679604102961147,-0.9713261331446154,0.5590820522617996,2.916060873230544,0.0,0.4432969391345978,3.037198781967163,-0.0118563212454319,-3.5906112874795633,0.3968866250956022,-0.22268328597133633,-4.699884600665979,1.4373976379229516,-0.5832430812662194,-5.484428355074224,1.3457587404094813,-0.13665149804974924,-4.078439064640648,1.2535580767374133,-0.13232836560815145,-0.05716904780928743,-0.71457970810526,0.33436938232134233,0.0,0.0,0.0,1.1664423609957035,-0.32593130472208953,0.026190412973540668
4.4833,-1.327067091616598,-0.32792642317723025,1.0,-1.331647276878357,-0.37135565280914307,1.0355861186981201,0.11177978535159193,0.20881413750343514,-0.020679604102961147,-0.9713261331446154,0.4872688073133172,2.931598667355958,0.0,0.3945032060146332,3.049823522567749,-0.016444087028503418,-3.739409782849239,0.395507692004353,-0.19882051287957211,-4.857565612495786,1.4286876364329448,-0.5601635388465284,-2.9324089065925407,0.7587224713788311,-0.27571584265879556,-3.7401100153604396,1.107473561652656,-0.17465896960539434,-0.03627950733766419,-0.714441569034279,0.3360501494592214,0.0,0.0,0.0,1.1544353369842113,-0.31873837539431293,0.025292876507734794
4.5001,-1.3195263806484534,-0.2787906796372253,1.0,-1.3241745233535767,-0.3114335536956787,1.0363982915878296,0.1045063667268093,0.2111366501273401,-0.021001606025584388,-0.9716268087618921,0.4146075002612839,2.945289339375472,0.0,0.30911943316459656,3.065837860107422,-0.02602645568549633,-3.691714857790944,0.21264138292155024,-0.14660467549348596,-4.805465186047851,1.2377294433650676,-0.5082210009287775,-5.10521176353191,0.9575189952814723,-0.5729428386363312,-4.143113002137177,1.0632042328576814,-0.29223964739696723,-0.02309937827888307,-0.7129097860048572,0.33515141535519677,0.0,0.0,0.0,1.1368497065357894,-0.3121782744386601,0.02646491008009485
4.5167,-1.3132357229576201,-0.22971222751144674,1.0,-1.3184635639190674,-0.25106778740882874,1.037143588066101,0.09594519329262478,0.2124000545950148,-0.02163507315870308,-0.9722205735637136,0.34189003413425817,2.956981932800665,0.0,0.21449881792068481,3.088178873062134,-0.027910489588975906,-3.582734650016204,-0.023083684906512022,-0.14026220363164385,-4.683998617955685,0.989545501414611,-0.4997950600933546,-5.690429505470083,1.34357569935334,-0.11330471785698923,-4.59990911507701,1.1459750142709155,-0.23941478570450506,-0.019084812168050132,-0.7070175698075707,0.33488354583884244,0.0,0.0,0.0,1.1203487801075307,-0.3056116165135522,0.024649310622868265
4.5334,-1.3081334033460694,-0.18018729459728403,1.0,-1.316313624382019,-0.22071616351604462,1.0374726057052612,0.08803551530600956,0.2133189401862493,-0.02208305201152537,-0.9727574822668938,0.2683804639655389,2.966791207794173,0.0,0.16513186693191528,3.0960841178894043,-0.03340856730937958,-3.7347444506670064,-0.032222277235685715,-0.11017232464835389,-4.825603691913128,0.9675838178718221,-0.46463465498148626,-2.9515908313376666,0.4726451134678983,-0.32872347723514656,-4.113295430496026,0.9471957207324125,-0.2657803437884948,-0.005970554642809408,-0.7018253767133797,0.33373132637943004,0.0,0.0,0.0,1.0968297958889308,-0.29798071839412815,0.02073100395370228
4.55,-1.3042846158599244,-0.13084382104872738,1.0,-1.3134459257125854,-0.15970182418823242,1.0380425453186035,0.08251562158187874,0.21551439586696208,-0.022056415203266493,-0.972758072322773,0.19502127587902768,2.974591825482208,0.0,0.07567587494850159,3.106401205062866,-0.034664005041122437,-3.6515182366927417,-0.22212470479151925,-0.10675283609382633,-4.716096529882982,0.7646974173019209,-0.4592024702763924,-5.387092779508679,0.6213010954931155,-0.07560320320464041,-4.489343689820289,0.8509856708062109,-0.20963657591579712,-0.0001927039045900884,-0.6961399473768408,0.33326201658385407,0.0,0.0,0.0,1.0647709970948307,-0.29068217471659935,0.019187617598711997
4.5667,-1.301649186243839,-0.08120360312258416,1.0,-1.3123432397842407,-0.09865409880876541,1.038525104522705,0.07388763485609233,0.2163127625448797,-0.022613638687429043,-0.9732616007219327,0.12111208942596839,2.9804643285930936,0.0,-0.014839589595794678,3.1145877838134766,-0.04394523426890373,-3.5590110935274537,-0.41059091138707143,-0.05476303189036799,-4.59334334546061,0.5628495897870984,-0.40091785727055773,-5.428370485286968,0.4909634247476336,-0.5566115255655009,-4.766561562951988,0.7447005234448354,-0.31206992290465063,-0.0004064107920371699,-0.6897190612615869,0.33039503139650184,0.0,0.0,0.0,1.0347386627251935,-0.2837214399125829,0.015759793983687924
4.5834,-1.3002455795708387,-0.031340995102740625,1.0,-1.3125030994415283,-0.06805934756994247,1.0387157201766968,0.07388763485609233,0.2163127625448797,-0.022613638687429043,-0.9732616007219327,0.046772424998136476,2.984377596741839,0.0,-0.06068912148475647,3.1215198040008545,-0.04086250439286232,-3.733415314868329,-0.4502717874209325,-0.07550692594365047,-4.736232943104353,0.5071164815222109,-0.41586557492100706,-2.7426569162970464,0.4146640614972118,0.1844047270989917,-4.169067919239501,0.647267727619705,-0.16550153188294991,0.010375513629858698,-0.6820868326123493,0.32992003007487364,0.0,0.0,0.0,0.9924421146061649,-0.2753014363307941,0.010438618902482953
4.6,-1.3000834239487802,0.018267151818657706,1.0,-1.3141560554504395,-0.006792684551328421,1.0392106771469116,0.06397117682447939,0.21599843134868546,-0.023427536479022935,-0.9740141327020947,-0.027276750251103928,2.9863016144790824,0.0,-0.15108253061771393,3.1231250762939453,-0.037157222628593445,-3.6339594241407087,-0.6242646574184786,-0.10151642152434534,-4.592183719778226,0.3176507916074046,-0.4368739663148338,-5.440263986741473,0.09661218808741444,0.22299978655780517,-4.5443482327167555,0.48470414771518777,-0.05080884182666384,0.013604321363785397,-0.6752118358753068,0.33141607944213186,0.0,0.0,0.0,0.9446199742737315,-0.2667036131505764,0.003941465348356595
4.6167,-1.3011581239972434,0.06805258803147317,1.0,-1.3156688213348389,0.02389812469482422,1.0394728183746338,0.056883030477394604,0.21627967200044257,-0.023783845936334005,-0.974382833332868,-0.10167023539488151,2.986260036963763,0.0,-0.20086589455604553,3.125012159347534,-0.03779172897338867,-3.783639532491172,-0.6581478793057963,-0.10033609363925053,-4.709935961165689,0.2678053445572397,-0.4324125369638977,-2.9864493049000256,0.11320403901713436,-0.03806333848222203,-4.084427994648497,0.3750305255154216,-0.04704613628280005,0.025234932023317832,-0.6676838021336153,0.33284730197690165,0.0,0.0,0.0,0.9010614966511995,-0.2582694217294207,-0.0007708586522544567
4.6335,-1.3034979770077724,0.11823566377342784,1.0,-1.3200300931930542,0.08516007661819458,1.0399314165115356,0.05112048154131835,0.2156151426399713,-0.023927018780725513,-0.9748458164637601,-0.17672956561140366,2.9842174856974255,0.0,-0.284143328666687,3.116489887237549,-0.041355665773153305,-3.724907577230256,-0.7936030646481914,-0.08258808626900646,-4.612595324319469,0.11893494483667966,-0.4130812002013309,-4.953567072738361,-0.5069278005474168,-0.2119926024279211,-4.341013736234258,0.1146603076235829,-0.09574134790625041,0.03168054959515815,-0.6631163524111297,0.33317201519519,0.0,0.0,0.0,0.8560071974940547,-0.24942165707374145,-0.002678901262865557
4.65,-1.307025744981308,0.1674921455850718,1.0,-1.3261680603027344,0.14625002443790436,1.040463924407959,0.03966088514010785,0.21434782378374118,-0.024662692021483152,-0.9756402424113421,-0.25046452232856026,2.9802552415381127,0.0,-0.3788403272628784,3.1114838123321533,-0.035757556557655334,-3.583283917965403,-0.9634332144299786,-0.12017567074421096,-4.42949282039841,-0.06321078468603625,-0.45197904617996687,-5.734573070370478,-0.3031532442031706,0.3390051092229505,-4.752417922522762,-0.008685889484084039,0.032603752338735484,0.02932082768214156,-0.6585385600455343,0.3358697132253258,0.0,0.0,0.0,0.8168880747508658,-0.24168386969840808,-0.004066337789569944
4.6667,-1.311819155899123,0.21711041234893688,1.0,-1.3341346979141235,0.20735463500022888,1.0410181283950806,0.03260842663699964,0.21502213648142304,-0.024755583675601187,-0.9757506671544406,-0.3247947089228975,2.974295942600779,0.0,-0.47122281789779663,3.113950729370117,-0.03429781645536423,-3.757545864800567,-1.0236125618831005,-0.11407178034520712,-4.571457542900775,-0.1390810047138228,-0.4463834346558776,-2.7073770139942193,0.024468419998282916,-0.08793360794722835,-4.148684467986087,0.0011018686546857637,-0.002981079545404327,0.0376858809425703,-0.6509708000812372,0.33789933550447493,0.0,0.0,0.0,0.7762257971576374,-0.2335607570880405,-0.005587681193804407
4.6834,-1.3178522770977539,0.2666278391193257,1.0,-1.338780403137207,0.23791368305683136,1.0412969589233398,0.03260842663699964,0.21502213648142304,-0.024755583675601187,-0.9757506671544406,-0.3990199768087298,2.966368932202787,0.0,-0.5095891356468201,3.1042821407318115,-0.036474574357271194,-3.6652819377960495,-1.2008781442789347,-0.12277292764489631,-4.455974101100023,-0.331239451342599,-0.45817884809809595,-2.3014215840507997,-0.5799748290952776,-0.1305738447841881,-3.603338701207228,-0.17044259317995253,-0.040648795927138874,0.05664411775273284,-0.6445034822981887,0.3391707414434337,0.0,0.0,0.0,0.7340480455512405,-0.225135210638147,-0.003764820990234054
4.7,-1.3251135923525625,0.3159488516981829,1.0,-1.349136471748352,0.29868197441101074,1.0418872833251953,0.028278543912217825,0.21536484304337725,-0.024335211008553535,-0.9758207995103627,-0.4729895577520161,2.9564932537116784,0.0,-0.5870589017868042,3.0860371589660645,-0.035469990223646164,-3.615712615045052,-1.3247828197756744,-0.13314719736414646,-4.387232820313982,-0.4668636202344141,-0.4717571397114657,-4.651850393700787,-1.0955619183965641,0.06032256621331424,-3.912878517057028,-0.4435547268993387,-0.010840204314078457,0.06824733535870661,-0.6407440509647102,0.3411077176847954,0.0,0.0,0.0,0.7032728699102235,-0.2171751485765501,-0.002497775337476193
4.7167,-1.333613060644982,0.36513340676252204,1.0,-1.3549721240997314,0.3289698362350464,1.0421688556671143,0.017458320471273672,0.21151094575225324,-0.02456828308081878,-0.9769108013065515,-0.5467863446512226,2.9446594226288565,0.0,-0.6348788738250732,3.081747531890869,-0.03470478951931,-3.768498993081478,-1.3916549384194448,-0.1405517497277424,-4.539306214935356,-0.5487546810992806,-0.48068886716806625,-2.869488397379038,-0.25740364531174,0.045916683953761195,-3.6048506831121916,-0.38859952522883345,0.005915466479495132,0.08481987700537463,-0.6331275486821002,0.3434880710611188,0.0,0.0,0.0,0.6859873448485031,-0.20977270863806394,-0.003350953620794925
4.7334,-1.3433460019751635,0.41413178097487735,1.0,-1.3679795265197754,0.38924509286880493,1.0427041053771973,0.010405635428854703,0.2104716887616716,-0.024299891949501377,-0.9772424970043322,-0.6203292346219351,2.9308778818120396,0.0,-0.7215887904167175,3.0644845962524414,-0.03943980485200882,-3.653374317901154,-1.5428017324249765,-0.11624284123278358,-4.410008262815035,-0.7138978738338342,-0.45768752667639645,-5.19724695257013,-1.0347114051759865,-0.2838088764879889,-4.074955166959849,-0.5793435615319271,-0.0796164550158964,0.09188077077780035,-0.6269979861693648,0.3442665203233674,0.0,0.0,0.0,0.6647531741360806,-0.2019058724217776,-0.0028218348797545553
4.75,-1.3542832963184321,0.46280288354172433,1.0,-1.3826152086257935,0.4491147994995117,1.0431725978851318,0.005472125539699871,0.21046261665252963,-0.02394139085606778,-0.9772934103973333,-0.6934003521689407,2.915194990206138,0.0,-0.7965749502182007,3.039541006088257,-0.04274072125554085,-3.600375792076095,-1.6580799558851522,-0.10021730543000104,-4.354027116121429,-0.8399260959740489,-0.4409530742760934,-4.504135160680529,-1.4982671707624449,-0.198273570415879,-4.201656945465322,-0.8506266066497049,-0.11464620424342317,0.09565937460430013,-0.6236935603622557,0.3443031838428486,0.0,0.0,0.0,0.657991949441034,-0.19446029954884766,-0.0035674149967561456
4.7667,-1.3664704833046222,0.5113351230531106,1.0,-1.3904833793640137,0.4788683354854584,1.0433703660964966,0.005472125539699871,0.21046261665252963,-0.02394139085606778,-0.9772934103973333,-0.7662770134881323,2.8975502693770463,0.0,-0.8352577090263367,3.0250637531280518,-0.04414987936615944,-3.800926894789615,-1.6971575138505839,-0.09419943970895248,-4.558938529659274,-0.8922780102540647,-0.4337666180548726,-2.3168580159648147,-0.867097916577418,-0.08439985577403647,-3.6452298519686313,-0.8554892383955695,-0.10571692934609021,0.10973258683984076,-0.6178891570177922,0.3444008355083319,0.0,0.0,0.0,0.6482790480298187,-0.1869903465787269,-0.004833657162411718
4.7833,-1.3798250099076133,0.5593996848619986,1.0,-1.407448172569275,0.5378498435020447,1.0437763929367065,-0.0028163999314676494,0.20876394060685868,-0.02402656963690827,-0.9776668736219883,-0.8384604259661157,2.8780687291940854,0.0,-0.9176778793334961,3.0026395320892334,-0.0423010028898716,-3.692142357095142,-1.8468685506109996,-0.10878004054976828,-4.44815245218525,-1.0539397022347476,-0.4476191304901884,-4.952015499434171,-1.3473047887808163,0.11108524688793708,-4.031016859941486,-1.00068217805299,-0.04171296430902043,0.11648398731960594,-0.6129185373615104,0.3456518183080098,0.0,0.0,0.0,0.6395261077705021,-0.1800103110147417,-0.006812728367589673
4.8,-1.3944171152526894,0.6072510760452542,1.0,-1.425926923751831,0.5963283777236938,1.0441310405731201,-0.01157711761992698,0.20719750029839068,-0.023782750118272758,-0.9779415446337338,-0.9103282992832751,2.8566536891341148,0.0,-0.9939175248146057,2.974318265914917,-0.04979372397065163,-3.613943860036446,-1.970737693669179,-0.06706969003895666,-4.376009590217318,-1.1869383734170804,-0.40282833300784093,-4.569088817763553,-1.6973108907495784,-0.4490433801045923,-4.1898655365280915,-1.2063397067076926,-0.16196434805423143,0.1197452691527375,-0.6096652031005827,0.34446659074505187,0.0,0.0,0.0,0.6423204610281344,-0.1741341171515158,-0.008707947776167641
4.8167,-1.4102245068788481,0.6547889626427038,1.0,-1.446009635925293,0.6542490124702454,1.044406771659851,-0.01675755535779501,0.20622559397172946,-0.02372661051605627,-0.9780732956821788,-0.9817260179578376,2.8333430701220905,0.0,-1.0364803075790405,2.961249351501465,-0.05008561536669731,-3.781255020480799,-2.050572694849289,-0.06744949333168734,-4.546200680106853,-1.2816752277524972,-0.400568741551671,-2.545322012632419,-0.7815418395426095,-0.017455569100474785,-3.704366230046324,-1.0809316120559724,-0.11930271524053725,0.1320998199696113,-0.6014248748349958,0.34388949555584586,0.0,0.0,0.0,0.6328458396564428,-0.16747259226179614,-0.010770247335862208
4.8334,-1.4271856782664776,0.7018308316893803,1.0,-1.4566301107406616,0.68297278881073,1.044519066810608,-0.023780337211195487,0.2064572962714181,-0.02361125459168185,-0.9778816539619999,-1.05237609679907,2.808233746572728,0.0,-1.1118946075439453,2.9283077716827393,-0.051806747913360596,-3.694740692007688,-2.165847897463316,-0.05989682681551131,-4.463209164646177,-1.4092625956079297,-0.3904212090059428,-4.5220806885114655,-1.975281637788071,-0.10320456803625551,-3.9457704840027703,-1.3449600861800968,-0.11455024795113031,0.13999538396346065,-0.596277668222278,0.34321620142850395,0.0,0.0,0.0,0.6284730886750285,-0.16030763363310824,-0.01269181923807248
4.8501,-1.4452805280601335,0.7483419541941396,1.0,-1.478981614112854,0.7399533987045288,1.044753909111023,-0.030784932699463523,0.20687950232637597,-0.023453330350311576,-0.9776007452166747,-1.122223634329291,2.7813622031963314,0.0,-1.1897022724151611,2.8976733684539795,-0.050154708325862885,-3.5843814835873307,-2.303729865859758,-0.07247295869789469,-4.355137145260554,-1.5585025437328435,-0.40021021709201776,-4.675085236226113,-1.840672721542561,0.09926304687276165,-4.161077528946518,-1.4913035165519604,-0.05142865533576421,0.14337116247043186,-0.5917491259856471,0.3436159674766367,0.0,0.0,0.0,0.6273844992027914,-0.1534781961412672,-0.01587870908251366
4.8667,-1.4645640460503426,0.7944651401722496,1.0,-1.5028398036956787,0.7963406443595886,1.0450266599655151,-0.03791813929596255,0.20554079197712444,-0.02336886806589577,-0.9776344626954835,-1.1914809376932034,2.7526531258673144,0.0,-1.2644777297973633,2.8597917556762695,-0.04928312450647354,-3.7707503212027524,-2.375279406487783,-0.08881436319573141,-4.545105111501366,-1.645153933710306,-0.4157860100921442,-2.2278007467704324,-1.1803121557631508,0.14179697000042918,-3.5903388872835835,-1.3994931826867154,0.005615080954658791,0.1574168217153342,-0.582894447411118,0.34506345460726034,0.0,0.0,0.0,0.6169379685832795,-0.14723102536635888,-0.018091807710847483
4.8834,-1.484977738939676,0.8400560647096538,1.0,-1.515344500541687,0.8243025541305542,1.045142650604248,-0.03791813929596255,0.20554079197712444,-0.02336886806589577,-0.9776344626954835,-1.259929736203144,2.722199880041278,0.0,-1.304334282875061,2.8424980640411377,-0.04904358461499214,-3.6486117608245867,-2.502537262228329,-0.08408267852244308,-4.435563732999064,-1.792545383775727,-0.4121715233719656,-2.393998195592089,-1.038751807988085,0.014388049735783127,-3.237157248918514,-1.292995735406886,0.008205021687229067,0.17888943826413986,-0.5697566023896276,0.3465657379564325,0.0,0.0,0.0,0.6080625339103378,-0.1402352760629745,-0.018476893106909965
4.9001,-1.5065529873687213,0.8851823613719058,1.0,-1.541439414024353,0.879620373249054,1.0454082489013672,-0.044226395089845716,0.20538123454537432,-0.02323302877314511,-0.977406237510797,-1.327670636243142,2.689962023913533,0.0,-1.375260353088379,2.796746253967285,-0.048118311911821365,-3.5572852393209935,-2.576289757339839,-0.09247649769347618,-4.3625858031031175,-1.8806687005270488,-0.42102243075188306,-4.25392524166333,-2.7440513641823485,0.05549498083852886,-3.537325744405401,-1.7213738787643393,0.022165881973322445,0.19373650720161742,-0.5629364634836661,0.34831836735841215,0.0,0.0,0.0,0.6115640565805064,-0.13268459332912394,-0.019772434300005318
4.9167,-1.52927315462611,0.9297991391006084,1.0,-1.5549899339675903,0.9069604873657227,1.045549750328064,-0.051379905930614866,0.20533745450648366,-0.023321410714472506,-0.9770633728981608,-1.3946359110366218,2.6559706751113747,0.0,-1.411555290222168,2.7750115394592285,-0.0484425351023674,-3.73505845603807,-2.665494438998101,-0.0927605512960463,-4.561275058231765,-1.9886743183467224,-0.42272076035560213,-2.1726012930111747,-1.3010318400433858,-0.019407878305670125,-3.1344341425333666,-1.597281226110957,0.009892548072449303,0.21577774910386288,-0.5514797178495474,0.3498435642630126,0.0,0.0,0.0,0.6104388530898325,-0.12534040280183092,-0.019883355203456764
4.9334,-1.5529846303585755,0.9736207158008898,1.0,-1.5832631587982178,0.9610514640808105,1.0458537340164185,-0.0590683129625479,0.20469113258456909,-0.02358082456705699,-0.9767581032743964,-1.4603971715813122,2.620462222226563,0.0,-1.4905388355255127,2.7312889099121094,-0.04156903550028801,-3.578511540917252,-2.7675863990530103,-0.1370418118656653,-4.423110312358853,-2.105956687366422,-0.47088464396369,-4.764302355682112,-2.6373572640722522,0.4146107929214485,-3.615601029053904,-1.9043306825597284,0.1293727712101449,0.22852855015852558,-0.5441406264164226,0.3537753038353495,0.0,0.0,0.0,0.6160702212830755,-0.11748908527016577,-0.01993247173732479
4.95,-1.5778200918206888,1.01690528755804,1.0,-1.6129505634307861,1.0141855478286743,1.0462671518325806,-0.06556666157992734,0.20406067895111887,-0.023584575636574467,-0.9764753400677368,-1.5253428932816309,2.583244394570809,0.0,-1.5607032775878906,2.6800689697265625,-0.04230986535549164,-3.465963304316298,-2.8314227389107405,-0.13620287151619778,-4.3292007537687365,-2.179375255128141,-0.4741345960955272,-4.218862893514537,-3.0797637479213256,-0.04454477930213888,-3.793694957592043,-2.2513400074920105,0.07802913151205804,0.23719198638256855,-0.5416085257571565,0.3569193493527694,0.0,0.0,0.0,0.6260454630698704,-0.11043895802544293,-0.018987624773439977
4.9667,-1.6037799410809246,1.0596402746784253,1.0,-1.6283560991287231,1.0404224395751953,1.046445608139038,-0.06556666157992734,0.20406067895111887,-0.023584575636574467,-0.9764753400677368,-1.5894557442014088,2.544322616367867,0.0,-1.5991367101669312,2.6573848724365234,-0.041890211403369904,-3.613567128625076,-2.943072835819095,-0.1411613508106848,-4.4909989913100405,-2.307218411771819,-0.48554870999454336,-2.305876210502224,-1.3609692600380494,0.02517782045230228,-3.35446366976843,-1.9884862890470534,0.06242645849469655,0.25372168079520524,-0.5318296161726137,0.35993163857234084,0.0,0.0,0.0,0.6237101818897594,-0.10402480787466238,-0.015544279388482296
4.9833,-1.6307954074474074,1.1017059626784877,1.0,-1.6602411270141602,1.0922397375106812,1.046799898147583,-0.071451504865314,0.20357476266628072,-0.02347988286487344,-0.976166403668152,-1.6525583334499674,2.503805963752189,0.0,-1.6678411960601807,2.603935480117798,-0.0426911935210228,-3.494043093740303,-3.0092405238894737,-0.13968694789654365,-4.383538219605445,-2.3847966780323278,-0.49039006130879326,-4.12215514898365,-3.2068748480123594,-0.048057597951564224,-3.5811002259527562,-2.348176860812366,0.0298095456538085,0.2658182340896118,-0.5272472433719065,0.3624701243126468,0.0,0.0,0.0,0.6236768917755293,-0.09719660248523918,-0.011767010900397229
5.0,-1.6588669770115025,1.1431020955525524,1.0,-1.6766865253448486,1.1177781820297241,1.0469655990600586,-0.078315440515033,0.20374054202654224,-0.023491852569850532,-0.9756047547648958,-1.7146531433288286,2.461699534482746,0.0,-1.7007485628128052,2.577558994293213,-0.041243474930524826,-3.6637336975237598,-3.117218847244742,-0.15076748403206694,-4.577143588031586,-2.509604711303993,-0.5074704440027902,-1.9741897187973796,-1.5823869325170925,0.08685201640587006,-3.1067108738520988,-2.1221016772153014,0.04664952561647275,0.2868293414271835,-0.516231481308575,0.36549151322105433,0.0,0.0,0.0,0.6265805490806428,-0.09138265463217404,-0.008788553250331045
5.0168,-1.6881931532871362,1.1840940371818176,1.0,-1.7106703519821167,1.1681835651397705,1.047332763671875,-0.08453035684453272,0.20224746357626353,-0.02361732373786746,-0.9753937254944018,-1.7761410557727264,2.4177102700692954,0.0,-1.7761543989181519,2.529273509979248,-0.037510860711336136,-3.4905762846266315,-3.2304732333205175,-0.1765898177325562,-4.4227956496778,-2.6382534190339166,-0.5396325059850912,-4.4871885818058,-2.873332954996879,0.22211734223369842,-3.514253124991437,-2.343878881084249,0.0984508322038059,0.3001790029160818,-0.5077226128401147,0.3697281019981751,0.0,0.0,0.0,0.6320403621350874,-0.08449720144648615,-0.006685413745640145
5.0333,-1.7180408858334886,1.2236851560370858,1.0,-1.7461086511611938,1.217710018157959,1.0476967096328735,-0.08945371461155249,0.2011006320232139,-0.023669164361535874,-0.9751904090971852,-1.8355277340556286,2.372938671249767,0.0,-1.8438578844070435,2.470073699951172,-0.04083544388413429,-3.3451014361730222,-3.2825619249467537,-0.16003826842396848,-4.296638265955671,-2.6997973481493176,-0.5294231375414568,-4.097440263188272,-3.582794643887799,-0.20120501702643426,-3.6864206274196745,-2.709629458609621,0.009986948536038737,0.3095480789578466,-0.5044247925291419,0.3724694446657541,0.0,0.0,0.0,0.6419887508248029,-0.07833978426829448,-0.0030845755482658633
5.05,-1.7491263926709015,1.2628503688442387,1.0,-1.7643691301345825,1.242153286933899,1.047850251197815,-0.08945371461155249,0.2011006320232139,-0.023669164361535874,-0.9751904090971852,-1.894275553266358,2.3263104109936474,0.0,-1.8810175657272339,2.445657730102539,-0.039717838168144226,-3.468558948899321,-3.4300027003426568,-0.1691067314806469,-4.4305150701912295,-2.8656978501994486,-0.5446885567035535,-2.229423544557288,-1.464854813331426,0.06705161099985696,-3.2562884582205323,-2.3421492318917116,0.026833479897623698,0.32639707581110494,-0.49187717339147846,0.37568546110814005,0.0,0.0,0.0,0.6355590454808036,-0.07242767675173001,-0.00010363588523339129
5.0667,-1.7811850046747977,1.3012305752537887,1.0,-1.801954746246338,1.2901577949523926,1.0481678247451782,-0.09522206400765504,0.2020005673376867,-0.023990365494037408,-0.9744501839967884,-1.951845862880683,2.278222492987803,0.0,-1.9471104145050049,2.3839969635009766,-0.038154032081365585,-3.3173105899665836,-3.4828580007527594,-0.18168332695180653,-4.293683504468356,-2.9324171150029477,-0.5637569580920286,-3.964837380931949,-3.6989616407791983,0.09381100896764781,-3.4654650507438562,-2.7427050542029976,0.04660647066428339,0.338856807190378,-0.485226378797673,0.37945846946897915,0.0,0.0,0.0,0.6375161073113944,-0.06521450695213873,0.0026151616712429917
5.0834,-1.814351189303047,1.338972595415877,1.0,-1.8408246040344238,1.3369635343551636,1.0485172271728516,-0.10121282232334959,0.2036487356537734,-0.024418577474908058,-0.9734921861301358,-2.008458893123816,2.2284732160454293,0.0,-2.0129663944244385,2.3201544284820557,-0.03285674378275871,-3.1582672478533826,-3.5285029471623632,-0.2168391509481262,-4.1402906909330275,-2.986424616230324,-0.607522545342883,-3.932293149592848,-3.8120693582370024,0.3163037056545755,-3.60328123799836,-3.0584009421142033,0.12622602383832487,0.34759561661695615,-0.4829616019839921,0.3850201722043749,0.0,0.0,0.0,0.634427826462689,-0.05911672894804704,0.005663222190381889
5.1,-1.8481209289764475,1.3755170530108984,1.0,-1.8811522722244263,1.3827186822891235,1.0489314794540405,-0.10693856125560763,0.20127649501698167,-0.025072654416948614,-0.9733567683058703,-2.0632755795163478,2.1778186065353284,0.0,-2.0844714641571045,2.258312940597534,-0.030402425676584244,-3.1526838788497566,-3.780202169024415,-0.2341135699894403,-4.133398539679588,-3.254690324300858,-0.6342105206922616,-2.262028627270637,-1.8145981834904577,0.1364225702029202,-3.2073189524988375,-2.6912076341003948,0.12923623069304735,0.3626690049536095,-0.4716268786799009,0.39098078698017097,0.0,0.0,0.0,0.6180456558762221,-0.05388496604365644,0.009116163722650342
5.1167,-1.8829548902815292,1.4113763343003054,1.0,-1.901826024055481,1.4051686525344849,1.049119234085083,-0.11218742703621112,0.19892326524304638,-0.02543688748177979,-0.9732402744165861,-2.117064501450458,2.125567664577706,0.0,-2.117579698562622,2.224989652633667,-0.034190088510513306,-3.0650117685553626,-3.7168789673819354,-0.21510930222579192,-4.04898341639933,-3.215969355427673,-0.6242502401874712,-1.9873203961302879,-2.0002289770450514,-0.22735430441067034,-2.8471530800732783,-2.4872181051401663,0.023964187128817524,0.38360988405805174,-0.4536066871232046,0.39519143501961684,0.0,0.0,0.0,0.6003617637859155,-0.0473029248310577,0.013949502942062503
5.1333,-1.9186706334967312,1.4463502968629967,1.0,-1.9441962242126465,1.4491225481033325,1.0494190454483032,-0.11784665560734094,0.19860522249000512,-0.02566684068725523,-0.9726301566375425,-2.1695254452944948,2.071994049754903,0.0,-2.182713508605957,2.158129930496216,-0.034925661981105804,-2.874916493081313,-3.760799602485553,-0.21384200607875756,-3.8496357073454552,-3.2774239770871625,-0.6309554289094658,-3.9085355385143643,-4.01210369692114,-0.04414013319789401,-3.1604925812768663,-2.9373922030077444,0.0038585469881992976,0.3966377405534206,-0.4431827999946291,0.39919149847844654,0.0,0.0,0.0,0.5780814737107217,-0.040192825403761526,0.017921924352261625
5.15,-1.9552678210277326,1.4804375592494599,1.0,-1.965792179107666,1.4705606698989868,1.0495810508728027,-0.11784665560734094,0.19860522249000512,-0.02566684068725523,-0.9726301566375425,-2.22065633887419,2.017098268458401,0.0,-2.2392578125,2.089911937713623,-0.035950325429439545,-3.011495354162238,-3.904122750497797,-0.22695410810664726,-3.9918377844511954,-3.4444212791804363,-0.6513496801491573,-1.6261456412016186,-1.9924076695405997,0.10643404431004161,-2.7075253204625445,-2.658415496725448,0.034140708626468036,0.41642230372924416,-0.42577924689617525,0.4039511311320627,0.0,0.0,0.0,0.5639201265597136,-0.0339222244211854,0.020444440910447313
5.1667,-1.992704277811842,1.5135976660752828,1.0,-2.0098841190338135,1.5124977827072144,1.0498442649841309,-0.12895936237188252,0.19269689287328579,-0.027092879306621322,-0.9723699841416847,-2.270396499112924,1.9609435832822366,0.0,-2.268467903137207,2.056713819503784,-0.0368318110704422,-2.8403076627495585,-3.950368616164028,-0.20784625839022738,-3.8242729701396323,-3.5092365447807725,-0.6359799533036004,-3.5181810379355727,-4.091420152200034,-0.2208453878669108,-2.946845705061622,-3.0814646628369013,-0.041135847579703774,0.43042515934426673,-0.41506501642899135,0.4073953227598727,0.0,0.0,0.0,0.5535401480458069,-0.026067054954263893,0.020738372153500245
5.1833,-2.030915580651784,1.54577641868661,1.0,-2.055232286453247,1.5532408952713013,1.0500692129135132,-0.13438709147503217,0.18744339884188016,-0.02810798615300625,-0.9726331069169382,-2.3186646280299152,1.9036266290223236,0.0,-2.332331657409668,1.987634539604187,-0.038630470633506775,-2.929272965782448,-4.119051128024792,-0.21659232991326235,-3.9245277275266184,-3.7045307221824935,-0.6495159347750383,-1.9336636073366646,-1.8939448175140676,0.06466227753039046,-2.647735831325976,-2.730887099543328,-0.009902307316600027,0.4487181982188775,-0.3956768780879302,0.4115056149435826,0.0,0.0,0.0,0.5465365635252929,-0.018843527754368775,0.021417989918193363
5.2,-2.0699440366504906,1.577010566555694,1.0,-2.0783650875091553,1.5730870962142944,1.0501118898391724,-0.13438709147503217,0.18744339884188016,-0.02810798615300625,-0.9726331069169382,-2.3655158498335407,1.8450839450242638,0.0,-2.362046718597412,1.9509615898132324,-0.04668417200446129,-2.7193905766399937,-4.139296691950576,-0.15340413181119403,-3.7451012849950738,-3.7582904533980592,-0.5869718179776587,-1.7835176943661366,-2.2011347862795323,-0.4833885015240194,-2.3926028415045497,-2.57449453409305,-0.1496840860145876,0.47134485528931275,-0.37107294056173723,0.4128957340895308,0.0,0.0,0.0,0.5543658530657671,-0.009933297990779251,0.020671952076933876
5.2167,-2.1097679220696293,1.6072795651863283,1.0,-2.1255061626434326,1.6116949319839478,1.0500013828277588,-0.13949637479590166,0.18528041203958898,-0.02884197351982341,-0.9723065952815243,-2.4109193477794926,1.7853481168955558,0.0,-2.4171369075775146,1.8772339820861816,-0.05370914563536644,-2.5348182332833202,-4.165219093197082,-0.11236975363605325,-3.587884379978051,-3.807863793124965,-0.5438458883790901,-3.3028631055332407,-4.420246144170156,-0.42117347303420577,-2.6613283087740163,-3.1193941452065888,-0.22983271522383586,0.48680091609175424,-0.3557968212920955,0.41239691673207995,0.0,0.0,0.0,0.5662652306029765,-0.0015584787800212389,0.019079218010956852
5.2333,-2.15032697915934,1.6365365700622494,1.0,-2.149503231048584,1.6304707527160645,1.0499083995819092,-0.14478201765309795,0.18399425222498544,-0.029660591758450497,-0.9717534178948188,-2.454804855093374,1.7245095312609902,0.0,-2.473132610321045,1.801719069480896,-0.056353382766246796,-2.6169356327501156,-4.329266913369858,-0.1170327139142637,-3.6901035067677803,-4.002752136105932,-0.5457073869293634,-1.7273936550619333,-2.1427754097891696,0.03463607968361129,-2.385613728960153,-2.831078444312839,-0.1517566931253293,0.5055869690482901,-0.3333137732491597,0.4130330173784508,0.0,0.0,0.0,0.5675809049693746,0.0067989959852341126,0.01564165563664895
5.25,-2.1916060627571854,1.664771119368477,1.0,-2.1983137130737305,1.666918396949768,1.0496643781661987,-0.15230926962430452,0.18138416770242363,-0.030934143079904167,-0.9710534851815984,-2.4971566790527158,1.6625909058642212,0.0,-2.499053955078125,1.766409993171692,-0.056460313498973846,-2.4216589802957333,-4.354768663479879,-0.09749742934744973,-3.523212216389297,-4.052762661927035,-0.5201258677930125,-3.1866365378564687,-4.505298761477074,-0.199662212894368,-2.6220903028814093,-3.325338882586582,-0.16589927815671968,0.5185497172180282,-0.31878425737223204,0.41307684253089316,0.0,0.0,0.0,0.5830035188755357,0.01677825581938812,0.009551595914669624
5.2666,-2.233514677836597,1.691924660737003,1.0,-2.2482330799102783,1.7019670009613037,1.0494208335876465,-0.15230926962430452,0.18138416770242363,-0.030934143079904167,-0.9710534851815984,-2.5378869911055046,1.5997279832451041,0.0,-2.5535483360290527,1.685438871383667,-0.053544797003269196,-2.204481468639309,-4.346857382510068,-0.11541780840847424,-3.3179823961892856,-4.060883285677573,-0.5351276557274736,-3.2743499749301628,-4.865231716925722,0.17518175632118044,-2.814649279779478,-3.7799433927529686,-0.06520592265291644,0.5259105735997057,-0.3116638184028253,0.41477350565820625,0.0,0.0,0.0,0.5875903539502707,0.025689721570329675,0.004936341660793104
5.2833,-2.276141606782653,1.7180552932424478,1.0,-2.2992541790008545,1.7355114221572876,1.0490751266479492,-0.1605304259923054,0.1737726233512843,-0.03259068281377638,-0.971066972173122,-2.5770829398636717,1.5357875898260203,0.0,-2.6055400371551514,1.6056724786758423,-0.061820559203624725,-2.2813034794928537,-4.495080229054653,-0.08553764778302139,-3.392201524883543,-4.23258800044462,-0.5028299594352746,-1.487355532669642,-2.4824565167639316,-0.30756008446332533,-2.4228079059537944,-3.396901552078745,-0.13675330085984794,0.5386981366143502,-0.2955860445141512,0.4148400350062824,0.0,0.0,0.0,0.5721999087763389,0.03309381590411826,0.0024522766459708
5.3,-2.319417140085333,1.7431171087570603,1.0,-2.3251724243164062,1.7517293691635132,1.0488773584365845,-0.1605304259923054,0.1737726233512843,-0.03259068281377638,-0.971066972173122,-2.6146756631355905,1.4708742898720004,0.0,-2.6544241905212402,1.51995050907135,-0.059413112699985504,-2.044189771066471,-4.503454180623394,-0.08532151049909317,-3.151363983729961,-4.272159326895743,-0.5022786009454461,-1.6053437079840946,-2.4608590554109333,0.19001335569413852,-2.181477533469751,-3.1205646984981437,-0.040285811350953375,0.5548999195064335,-0.2722751663558462,0.41652741889167066,0.0,0.0,0.0,0.5522742931570565,0.04098031262819475,0.00042967155468221527
5.3167,-2.3633247089278373,1.767099148065801,1.0,-2.377739191055298,1.7828935384750366,1.048482894897461,-0.16812797421469852,0.17072718764915884,-0.03378550382221177,-0.970280301245666,-2.650648722098701,1.405012936608244,0.0,-2.675698757171631,1.4758082628250122,-0.05967539921402931,-1.8573022960627308,-4.455687983449341,-0.07883338552088845,-2.951824144183399,-4.243402788330024,-0.4947949258816091,-2.602524877044493,-5.327712169735789,-0.061293901192382476,-2.305778405007217,-3.772154973257477,-0.04648778344857207,0.5660544802963644,-0.26079942484274915,0.41783727619301364,0.0,0.0,0.0,0.5284673678243039,0.04851422972343227,-0.0018757358322929762
5.3333,-2.407759512467932,1.7899460641059937,1.0,-2.4312379360198975,1.8123619556427002,1.0480962991714478,-0.17137792107841415,0.16705353851736318,-0.034684622541494604,-0.9703193713742356,-2.6849190961589904,1.3383607312981014,0.0,-2.725255012512207,1.3908544778823853,-0.05519290640950203,-1.6198979441011012,-4.43076492437742,-0.10539751719270726,-2.6891368515642324,-4.229903051787875,-0.5227857412896212,-2.9753360340113657,-5.100588327917663,0.2691269199387337,-2.503444054962805,-4.164332780061259,0.046687445655128085,0.5702777648859233,-0.25639457146116995,0.4207853862189624,0.0,0.0,0.0,0.4989611425772079,0.05553269887162489,-0.0033971621220485137
5.35,-2.45280429937069,1.8117007050932041,1.0,-2.4583423137664795,1.8264472484588623,1.0478901863098145,-0.17137792107841415,0.16705353851736318,-0.034684622541494604,-0.9703193713742356,-2.717551057639806,1.2707935509439645,0.0,-2.7478842735290527,1.3460835218429565,-0.059924062341451645,-1.668173057284779,-4.578389419396666,-0.07757747426931247,-2.7098157369761062,-4.396370255765021,-0.49386350002860624,-1.3568059010206708,-2.6843783057437745,-0.2836707872316093,-2.164935514182004,-3.727423169299684,-0.05084034283241336,0.577694169375036,-0.24271301016684477,0.42174895615849,0.0,0.0,0.0,0.4639485103162912,0.060693846535198985,-0.005462930399196221
5.3666,-2.4983266473128993,1.83229905735702,1.0,-2.5132131576538086,1.853333830833435,1.0474246740341187,-0.17947398955130175,0.1571451134116586,-0.03650153103395078,-0.9704443367800705,-2.74844858603553,1.2025100290306507,0.0,-2.7913973331451416,1.2590663433074951,-0.057679835706949234,-1.443064219149633,-4.544125191099743,-0.0902946915995608,-2.447033013472085,-4.37444399205299,-0.5050748010737711,-2.6131036753862236,-5.225670432255201,0.1347732593101671,-2.297242946785813,-4.169733145614579,0.003956185082114663,0.5799766825907872,-0.2367267711762392,0.4236360217285599,0.0,0.0,0.0,0.4239921117316648,0.06704557212948598,-0.008855912254349587
5.3833,-2.5443970363652286,1.8517732478212203,1.0,-2.568845272064209,1.878472089767456,1.0469977855682373,-0.18265791131887352,0.14962143602004138,-0.03741106002481585,-0.9710046369841743,-2.7776598717318306,1.1334044454521566,0.0,-2.82523250579834,1.170567274093628,-0.05855565145611763,-1.2634462093739574,-4.5003467639792945,-0.08447277531414785,-2.228975339878981,-4.336368733997252,-0.49827865060203846,-2.0290383460581625,-5.307140201881559,-0.05252119613393955,-2.218064046527802,-4.505516497639817,-0.012716970121067532,0.5805967816842887,-0.2367014171641218,0.42511013164708267,0.0,0.0,0.0,0.3849323488207348,0.07272338718207876,-0.011304256359192083
5.4,-2.5909547166286115,1.8700948601952758,1.0,-2.596921920776367,1.8904056549072266,1.0467555522918701,-0.18265791131887352,0.14962143602004138,-0.03741106002481585,-0.9710046369841743,-2.8051422902929137,1.063567925057082,0.0,-2.8451099395751953,1.1271318197250366,-0.05855964496731758,-1.296626996409064,-4.668375219689829,-0.08479687822163215,-2.214512002518659,-4.52010745549233,-0.49648193029877274,-1.192101462745042,-2.6049373007134995,-0.00023950126542459643,-1.9151811397119096,-3.944430780774389,-0.009033393257311147,0.5837191022654422,-0.22506332969867082,0.42655887843970497,0.0,0.0,0.0,0.3341659038441532,0.07679556550117211,-0.01487382636256442
5.4166,-2.6378980911695313,1.887225758176019,1.0,-2.6536526679992676,1.9129852056503296,1.046218991279602,-0.18514359283261034,0.14058345792283117,-0.0383392179227228,-0.9718479111291802,-2.8308386372640286,0.9931528632457025,0.0,-2.8798186779022217,1.0389825105667114,-0.06485237181186676,-1.087730755095341,-4.62818661635512,-0.04589752822588708,-1.9559560637657554,-4.489440213069433,-0.452031636531398,-2.0836291292150912,-5.2917644701437,-0.37776391731550923,-1.9649100650299305,-4.342188311836132,-0.11788938345016814,0.5832019350225874,-0.22025235351919126,0.42574190269320833,0.0,0.0,0.0,0.285023373647827,0.08150595023350475,-0.019607794387697462
5.4333,-2.685299048432218,1.9031927753492717,1.0,-2.711069345474243,1.9338258504867554,1.0455684661865234,-0.18881825801626376,0.13299571073603234,-0.038993463452157366,-0.9721828521342963,-2.8547891630239075,0.9220514273516727,0.0,-2.9141201972961426,0.9519820809364319,-0.06324264407157898,-1.1108049494507652,-4.797079391839433,-0.03818131139238631,-1.9313712793301212,-4.678358409030558,-0.43886657409262786,-1.077918179479116,-2.6706988478801565,-0.0756382400869093,-1.7030538483761022,-3.8487340713427756,-0.10541607368191588,0.5845855540248138,-0.20489051493084479,0.4248862572905805,0.0,0.0,0.0,0.2359807758545421,0.08616953212197019,-0.024200994590338976
5.45,-2.7330563472184752,1.9179611295776413,1.0,-2.740004062652588,1.9435828924179077,1.0452390909194946,-0.19178275407086467,0.12583458975492892,-0.03918969917882408,-0.9725478438424007,-2.876941694366462,0.8504154791722867,0.0,-2.9257752895355225,0.905346691608429,-0.06666518747806549,-0.9184722028852322,-4.752029539065273,-0.03315897658863151,-1.700527523196818,-4.646654907259047,-0.42905285468023224,-1.6794807573957722,-5.348034234517897,-0.033089550743513045,-1.6960946410603412,-4.291354883046935,-0.08406396215880375,0.5835768473342754,-0.1970245691080365,0.4241824470121338,0.0,0.0,0.0,0.19847847297731033,0.09164993730181098,-0.028288568920533094
5.4666,-2.781156772455586,1.9315283340482727,1.0,-2.7982189655303955,1.9618170261383057,1.0444837808609009,-0.1948924512869417,0.11762480776766988,-0.039438913494069056,-0.9729471009383444,-2.897292501072409,0.7782648413166207,0.0,-2.9522035121917725,0.8176644444465637,-0.07025092840194702,-0.7229251186893055,-4.713205326726243,-0.009350114476526422,-1.4566957133796796,-4.6152708406356355,-0.3977765967860406,-1.5863983742164467,-5.263273893007414,-0.21524011077081603,-1.6637102981089362,-4.5782831390863254,-0.12278955880778691,0.5801083568380834,-0.1940691085782689,0.42245423541624205,0.0,0.0,0.0,0.1536622378522908,0.09613462248766129,-0.03402775310672782
5.4833,-2.8296013394694786,1.9438943130147512,1.0,-2.8569886684417725,1.9782707691192627,1.0436820983886719,-0.19913129418476191,0.10962821507689112,-0.039571971094817866,-0.973017191147418,-2.915841469522127,0.7055979907957817,0.0,-2.976534605026245,0.7232394814491272,-0.07241607457399368,-0.7313056202870991,-4.886140724757988,-0.012422661647271988,-1.4146758198881861,-4.807031843699216,-0.39441745052910115,-0.8958842968112957,-2.718849691715663,0.03523766862652533,-1.4370340285471452,-4.029344399533253,-0.07613703291850418,0.5775987825166341,-0.1796847944456183,0.4213229339871669,0.0,0.0,0.0,0.10577141708445298,0.10057591338684625,-0.03932814510533773
5.5,-2.8783916207373683,1.9550566167084618,1.0,-2.8865227699279785,1.9858211278915405,1.0432617664337158,-0.19913129418476191,0.10962821507689112,-0.039571971094817866,-0.973017191147418,-2.9325849250626925,0.6324125688939471,0.0,-2.9869515895843506,0.6786856055259705,-0.07107621431350708,-0.5519667332591212,-4.810717040605339,-0.0012022450426707187,-1.1937596722844173,-4.760999812275875,-0.37791949255659485,-0.6241892625503586,-2.669683419526272,0.08028488313951827,-1.1970673968134085,-3.627947626962589,-0.029958424288662393,0.577122421689893,-0.1560691376722012,0.420856731317383,0.0,0.0,0.0,0.06467051733540305,0.10635190934273761,-0.04413948380345882
5.5167,-2.9273770756103454,1.9649814645994252,1.0,-2.9458584785461426,1.999578833580017,1.042513370513916,-0.20332358325422387,0.10260369993434562,-0.03955633461402031,-0.9729170080885076,-2.9474721968991378,0.5589343865844816,0.0,-3.001507043838501,0.5873191356658936,-0.06739582121372223,-0.3916811968509229,-4.745458903347981,-0.020959167426647135,-0.9850815835080728,-4.715616335807389,-0.39313410081173683,-0.8736780342602001,-5.484190076849321,0.22091228158049145,-1.1015969462222062,-4.175944325734786,0.04410319338597708,0.575275743145713,-0.14310662252474227,0.42158556133093983,0.0,0.0,0.0,0.01812464351143702,0.11326405498415063,-0.04941062794585019
5.5333,-2.9765832413900335,1.9736771773140163,1.0,-2.9756386280059814,2.0057597160339355,1.0421050786972046,-0.20559360724666453,0.09327144463829826,-0.039726734322549875,-0.9733722361992738,-2.9605157659710244,0.48512513791494927,0.0,-3.009740114212036,0.541462779045105,-0.07003145664930344,-0.4069761278897765,-4.920701715118314,-0.004506212455660269,-0.9512327209771845,-4.917989677957507,-0.3743223068686856,-0.4944019700483922,-2.7537081579474845,-0.15827185880365374,-0.9223418912186869,-3.7560742140101997,-0.01564162094069456,0.5735007814923718,-0.12172481677513101,0.42098647134763945,0.0,0.0,0.0,-0.029244188404963782,0.11901277961432467,-0.05117037693461408
5.55,-3.0260635572612573,1.9811508840418095,1.0,-3.0354225635528564,2.016772508621216,1.0412662029266357,-0.2089437021841136,0.08422754227469421,-0.03955903201232506,-0.9734903738156498,-2.971726326062714,0.41090466410811366,0.0,-3.021876335144043,0.44453272223472595,-0.07090450078248978,-0.2384172187373813,-4.819549757223107,0.0035495543569572796,-0.7436783843556979,-4.834137610070676,-0.36152967415727166,-0.7274663084332528,-5.810157132036642,-0.05233179226272991,-0.864811057332067,-4.362477035016442,-0.02647323012142879,0.5702098806116499,-0.11150567597428239,0.41998817991403814,0.0,0.0,0.0,-0.06494871499333328,0.12609352882185115,-0.05490895139980916
5.5666,-3.0756279468658527,1.9873744442787744,1.0,-3.095319986343384,2.025937080383301,1.0404003858566284,-0.21222517678383085,0.0761025729175293,-0.03918143839651598,-0.9734647906786037,-2.9810616664181615,0.33655807970122065,0.0,-3.0283865928649902,0.3522494435310364,-0.06912419945001602,-0.09185478622094184,-4.741279753588626,-0.004148555816962024,-0.5608632280949399,-4.76596469681707,-0.36537907104612743,-0.39099057819525185,-5.542313998109911,0.10692065923995532,-0.724930591613012,-4.710786471051637,0.012907084131638092,0.5666525713133724,-0.10797041958943686,0.4195848121786341,0.0,0.0,0.0,-0.09764412943937442,0.13265536281788098,-0.05835429694946865
5.5833,-3.1253850355612616,1.9923628219262821,1.0,-3.125309944152832,2.0298409461975098,1.0399959087371826,-0.21222517678383085,0.0761025729175293,-0.03918143839651598,-0.9734647906786037,-2.9885442328894234,0.2619224466581073,0.0,-3.0276453495025635,0.30430158972740173,-0.06683482974767685,-0.12808110173580936,-4.907832416923087,-0.017195717620986678,-0.5601717271532852,-4.951438233996803,-0.37902535650498326,0.04447019109737956,-2.876585922302323,0.13734855961780523,-0.49778941779502967,-4.169296944367173,0.04964448218054173,0.5644239731360388,-0.0937355874118926,0.41979711728872127,0.0,0.0,0.0,-0.13233334771856287,0.13734140448560822,-0.05796747840472469
5.6,-3.175234868217409,1.9961046219803391,1.0,-3.1852774620056152,2.03617262840271,1.0391044616699219,-0.2139786331958538,0.06692625569261615,-0.03869573811427641,-0.9737744857214617,-2.9941569329705087,0.18714769767388623,0.0,-3.027519464492798,0.20783060789108276,-0.0710715502500534,0.0004052920330403671,-4.799691194181406,0.011378527735153049,-0.4118487431851347,-4.854580030533784,-0.3456415082566373,0.007554080347945519,-5.789009743046813,-0.2542362045038343,-0.34860278070177564,-4.647465766920327,-0.040066650723367424,0.5629042066162927,-0.08829566605317267,0.41820191860715067,0.0,0.0,0.0,-0.15065017139811765,0.1431845024055501,-0.06118188261536034
5.6166,-3.2251840907534484,1.9986001550394246,1.0,-3.245225667953491,2.0406882762908936,1.0382331609725952,-0.2159719894696008,0.05719680322784605,-0.03829374147317952,-0.9739703842733404,-2.997900232559137,0.1122238638698275,0.0,-3.0253164768218994,0.11482919752597809,-0.06915207207202911,0.12744241989265173,-4.707643057503588,0.002943123047223245,-0.26546988201788113,-4.766672384680573,-0.3520974530152523,0.13211701793016672,-5.577456997626469,0.11511445852040379,-0.2066855097650967,-4.922016176186722,0.005745649055997847,0.5617427055188897,-0.0882851880240658,0.4173513917262641,0.0,0.0,0.0,-0.16883040360835685,0.14731451520105182,-0.06231081566378852
5.6333,-3.2751657907768967,1.9998458095693936,1.0,-3.2751901149749756,2.042238235473633,1.0377591848373413,-0.21723310220238773,0.04895937554214192,-0.037511074496332196,-0.9741693173983118,-2.9997687143540905,0.03725131383465466,0.0,-3.0241196155548096,0.0668771043419838,-0.07204009592533112,0.12142332690245174,-4.874796473146307,0.021382706603865237,-0.2511265222767978,-4.9470128011523515,-0.32651510421857455,0.07182304632729562,-2.8775811407273872,-0.17330886771396686,-0.12446469355234635,-4.318461586453953,-0.04711451697251805,0.5596152393374388,-0.07660279770877546,0.4153553826261563,0.0,0.0,0.0,-0.1870653901581893,0.14881912571482042,-0.06745757180371648
5.65,-3.325149421671137,1.999841870396159,1.0,-3.335015296936035,2.043999433517456,1.0368459224700928,-0.21927672386134,0.04244466867918421,-0.036593832632189585,-0.974051854131512,-2.9997628055942385,-0.03772413250670526,0.0,-3.0143613815307617,-0.026446962729096413,-0.06804236769676208,0.2247446771602324,-4.774257288253366,0.0007348569229384261,-0.14141314663701154,-4.853584436771562,-0.3408917155785135,0.5856873014510174,-5.601292290038923,0.2399428679774477,0.0851851552117955,-4.697176657155561,0.0376300697706415,0.5597825098156846,-0.07194474759843054,0.4148689318337155,0.0,0.0,0.0,-0.19362468601844066,0.15127189611662684,-0.07324235933226361
5.6666,-3.3751237772261304,1.998588606515928,1.0,-3.3946120738983154,2.0439345836639404,1.035953402519226,-0.22031319915991993,0.03539135143403759,-0.0359101264556459,-0.974125273941618,-2.997882909773892,-0.11268566583919612,0.0,-3.0059375762939453,-0.11980433762073517,-0.06581907719373703,0.2083318889646742,-4.938744886639493,0.006001037071164311,-0.15037729832675034,-5.035286191592163,-0.3316031548694681,0.3917834094128758,-2.9059426782980124,-0.04232654937538457,0.17569856371711404,-4.168371647226809,0.014025414387568113,0.5597410680183863,-0.05680312019626007,0.41384624709163736,0.0,0.0,0.0,-0.20103188072696176,0.1533444251489298,-0.07624205515100492
5.6833,-3.425080467164406,1.9960848871563388,1.0,-3.4243385791778564,2.04323148727417,1.03554105758667,-0.22031319915991993,0.03539135143403759,-0.0359101264556459,-0.974125273941618,-2.994127330734508,-0.18762070074660986,0.0,-2.999131441116333,-0.1677369922399521,-0.06295266002416611,0.3388000461846648,-4.833934538963996,-0.025677019005379415,-0.029577645823273768,-4.957384228331882,-0.36114604246338666,0.4082225082225082,-2.8749338624338625,0.17192370942370944,0.24434388210330923,-3.786525172281141,0.06063987707634233,0.5597057063206277,-0.033254112543482255,0.41366940011467246,0.0,0.0,0.0,-0.19132801431268912,0.15670380191136796,-0.07820037665666517
5.7001,-3.4752432123383437,1.9923076611129462,1.0,-3.48358154296875,2.04038405418396,1.0346699953079224,-0.22046609738960532,0.028181911725294488,-0.03512834456261737,-0.9743544263569716,-2.9884614916694194,-0.26286481850751586,0.0,-2.9863345623016357,-0.2631641924381256,-0.06625466048717499,0.4544209043033557,-4.709792451753658,-0.002672478976799092,0.07946852243198155,-4.849259496364194,-0.3364784363367509,0.7631193573612,-5.690633219591953,-0.19690898912348048,0.39749588434453004,-4.348652670278814,-0.015393255588325175,0.561056948274827,-0.021122166219279034,0.412074514612372,0.0,0.0,0.0,-0.18610456640345283,0.1605892108298153,-0.07826855725242018
5.7166,-3.5246931153896934,1.9873381704924993,1.0,-3.5426199436187744,2.0356833934783936,1.033827543258667,-0.2215043112456863,0.023756187066998904,-0.03436927982093615,-0.9742639792200674,-2.981007255738749,-0.3370396730845403,0.0,-2.9728970527648926,-0.35871899127960205,-0.06194266304373741,0.4895225178044553,-4.87557598967635,-0.022811519659833274,0.11806917596617028,-5.038760000833136,-0.3578803694255843,0.21399585563805906,-2.8478637828814826,0.2130488041788983,0.34332332193928733,-3.905592359974025,0.05204701581630645,0.5594718455284149,-0.0008011147775607748,0.41178452052369624,0.0,0.0,0.0,-0.18801850369012985,0.16398512593434675,-0.07671567075794525
5.7333,-3.5743344335864635,1.9810958125615212,1.0,-3.5720062255859375,2.0326273441314697,1.0334231853485107,-0.22495725503021408,0.018756095693908997,-0.03266528273564062,-0.973640290155803,-2.971643718842282,-0.41150165037969544,0.0,-2.9638051986694336,-0.40578150749206543,-0.06050082668662071,0.589543782255766,-4.739661668647942,-0.03321088899097277,0.21186034757847627,-4.918334334716466,-0.36881135485838534,1.1380872747023427,-5.7212615954147195,0.13332962601660878,0.5779521671334445,-4.4416111042627655,0.07604312799447101,0.5610962705455063,0.009209343917705538,0.4120531826790274,0.0,0.0,0.0,-0.18341283586821658,0.1694633221508181,-0.07645271681161485
5.75,-3.6237278426877215,1.9736261763233567,1.0,-3.630510091781616,2.0252091884613037,1.0327887535095215,-0.22506863861411622,0.013603991174952411,-0.03183330394603564,-0.9737277870133118,-2.960439264485035,-0.4855917640315824,0.0,-2.9450156688690186,-0.49747174978256226,-0.04796982929110527,0.70083372266891,-4.618370571671877,-0.10631670221355535,0.31318728126466755,-4.805192516133224,-0.448416369617335,1.1283736380166947,-5.506303423392466,0.7525279913520324,0.7404466456945634,-4.755927736837779,0.2757538241440638,0.56431675031431,0.012597468707811239,0.41642662868185354,0.0,0.0,0.0,-0.17667030891006755,0.1742244757535363,-0.0743269612780739
5.7666,-3.672950205013823,1.9649193735571309,1.0,-3.6596078872680664,2.0208306312561035,1.0325013399124146,-0.22506863861411622,0.013603991174952411,-0.03183330394603564,-0.9737277870133118,-2.947379060335696,-0.5594253075207345,0.0,-2.9343061447143555,-0.5443763732910156,-0.04911213740706444,0.7248430137158824,-4.782926439974443,-0.09910866656506642,0.3413727463992979,-4.986403361316175,-0.44917287457043187,0.6428663432227041,-2.8155689608289327,-0.06856994117899617,0.7116391568759372,-4.183098361153911,0.17410315522559167,0.5651557042032083,0.026610684083905337,0.41923132411845876,0.0,0.0,0.0,-0.1816854368866237,0.1768662372578265,-0.06916711611309329
5.7833,-3.721965468170038,1.9549795762800288,1.0,-3.7175371646881104,2.010712146759033,1.0318952798843384,-0.2244273532405987,0.008774994933392469,-0.031557452822531806,-0.9739402492766551,-2.9324693644200432,-0.6329482022550568,0.0,-2.9178292751312256,-0.6337707042694092,-0.04509537294507027,0.8702205453029394,-4.665369156318947,-0.12124263007107403,0.4799992956808283,-4.880123979252489,-0.47710604942907664,0.9881466441705511,-5.361134147387686,0.2408923796791444,0.7932692210049468,-4.530876056859023,0.19382055502772183,0.5662170616331833,0.03391975024174496,0.42276759076471204,0.0,0.0,0.0,-0.17599581201107223,0.1808350726917973,-0.06690417140670947
5.8,-3.7706946209806027,1.9438226703534267,1.0,-3.7750747203826904,1.998792290687561,1.0313879251480103,-0.22626718961864478,0.0025712949339527003,-0.030744018646271576,-0.9735766062677031,-2.91573400553014,-0.7060419314709043,0.0,-2.8931772708892822,-0.7256518006324768,-0.04242771863937378,0.9764762642242804,-4.524643087937587,-0.13575777599269487,0.5915332734174157,-4.743707434173326,-0.500810904263196,1.4795026256671484,-5.514290926781805,0.16010063566900853,0.995857864727128,-4.821198100875449,0.18386581851549136,0.5695084069610551,0.03502339246982694,0.42647616774211144,0.0,0.0,0.0,-0.18456541615419036,0.18404095376591234,-0.06142303947161037
5.8166,-3.8191476657559082,1.9314465307484419,1.0,-3.8036723136901855,1.9921737909317017,1.0311660766601562,-0.2253276415349278,-0.0013093445325514784,-0.029847091563111293,-0.9738248933522807,-2.897169796122663,-0.7787214986338624,0.0,-2.8814473152160645,-0.768524706363678,-0.0376155786216259,1.0269658950233727,-4.705437307834981,-0.1645604945306127,0.6535273898901874,-4.938961907811672,-0.5385338037314777,0.703626898544092,-2.5717513801092644,0.2886584783759046,0.9095859422435725,-4.15712031452861,0.2148025270594471,0.5690809493094324,0.048402894394849745,0.4311808748999693,0.0,0.0,0.0,-0.19564244417624724,0.18512170558184132,-0.05720756569910429
5.8333,-3.8672713296252668,1.9178642388305753,1.0,-3.8604328632354736,1.977606177330017,1.0307323932647705,-0.22463300878790762,-0.004588569544229462,-0.029367123252269155,-0.9739900247047465,-2.876796358245863,-0.8509069944379002,0.0,-2.8493096828460693,-0.866077184677124,-0.041598327457904816,1.107729409514596,-4.518744488005541,-0.1395201432113504,0.7348447537082015,-4.757979276642584,-0.5203091364738132,1.927983980547808,-5.852317099334907,-0.23893097868840735,1.21023565697284,-4.657573389448743,0.08085210302548942,0.5729505058935492,0.05196535892792998,0.433653465777172,0.0,0.0,0.0,-0.20006585008715477,0.18726942970911312,-0.0528644725147093
5.85,-3.9150642178502064,1.9030754078386682,1.0,-3.916607141494751,1.9612751007080078,1.0302966833114624,-0.22516745190045,-0.010118025334616207,-0.028946034088796826,-0.9738374952599855,-2.8546131117580025,-0.9225963267753097,0.0,-2.8202168941497803,-0.9516467452049255,-0.03455266356468201,1.1654178143043932,-4.701904791504935,-0.15494266671178367,0.7984841688401283,-4.95791338404699,-0.5425825098911468,0.8421947803218707,-2.488344338678787,0.1556749439013235,1.1015832632996625,-4.017177325467327,0.10294117323030912,0.572874079362532,0.0675198354859173,0.43679205843016083,0.0,0.0,0.0,-0.2059404338982671,0.18848875705613743,-0.049152215250797715
5.8666,-3.9623905888148547,1.8871244547855104,1.0,-3.944462537765503,1.9524986743927002,1.0301127433776855,-0.22516745190045,-0.010118025334616207,-0.028946034088796826,-0.9738374952599855,-2.8306866821782655,-0.9935858832222824,0.0,-2.7925257682800293,-1.0358086824417114,-0.03775870427489281,1.2775488765884262,-4.559878278661663,-0.17236246695709043,0.911442354682504,-4.84222054684492,-0.5652357441090765,0.9025431621176302,-2.6313202951500823,-0.08366219822336844,1.0428229874651702,-3.608047000045434,0.047852447324586385,0.5700532369767274,0.09160149034530549,0.43909049400760036,0.0,0.0,0.0,-0.20394671507080517,0.1907407778379511,-0.04621721685561432
5.8833,-4.009388855263236,1.8699645590300142,1.0,-3.999807834625244,1.9336453676223755,1.0296796560287476,-0.2240229542291367,-0.016782242874310255,-0.028420083566229434,-0.9740248380016164,-2.804946838545021,-1.0640832828948543,0.0,-2.780909776687622,-1.0809504985809326,-0.035692423582077026,1.433578867065177,-4.4237433620705096,-0.1727017297039106,1.078178384931905,-4.723804111388556,-0.5717721004256414,1.455994168762863,-5.126432797850446,0.01513124749885662,1.1647986719414953,-4.056302239930994,0.03819255107263962,0.5679543506615596,0.10601541262467808,0.4415121395707021,0.0,0.0,0.0,-0.21255386852828775,0.1940453366933683,-0.04244176884897131
5.9,-4.055896814634763,1.8516533168023162,1.0,-4.054604530334473,1.9131255149841309,1.0292032957077026,-0.22374308861831224,-0.01999460191082571,-0.0278403958118105,-0.9740453213699928,-2.777479975203474,-1.1338452219521449,0.0,-2.747945785522461,-1.164689302444458,-0.04254993796348572,1.54666116282236,-4.288662863519456,-0.13014781061478062,1.2250916523293816,-4.5993124734467035,-0.5336022521761701,1.9788037955661146,-5.02677791930844,-0.411651471998397,1.4051078624554636,-4.342804398401725,-0.09460962658490431,0.5684688906297015,0.11355608635203736,0.4415232981264604,0.0,0.0,0.0,-0.246899380136723,0.1970935235752101,-0.0380688565650709
5.9167,-4.101960836540398,1.8321732496288188,1.0,-4.081774711608887,1.9022527933120728,1.028923511505127,-0.2248356086886995,-0.024156950912776715,-0.026997121666804545,-0.9737230665662785,-2.748259874443228,-1.2029412548105964,0.0,-2.732738971710205,-1.2044793367385864,-0.04105014726519585,1.6395791752285176,-4.464873840259689,-0.13871209471748444,1.349700762458637,-4.795184124333158,-0.5449667228599828,0.9120835120835121,-2.3865508365508363,0.08995535714285714,1.2595580629480647,-3.765282591419531,-0.040122669992607184,0.5636197136123039,0.13115880172680497,0.442605802301793,0.0,0.0,0.0,-0.2737413008424234,0.19915148234666397,-0.036351174159294605
5.9333,-4.1475201195261535,1.811548963455963,1.0,-4.135628700256348,1.879425287246704,1.0284578800201416,-0.22450846485055795,-0.029391989892890612,-0.026677479967697985,-0.973663386628787,-2.7173234451839443,-1.271280179289231,0.0,-2.691739082336426,-1.2876386642456055,-0.038786254823207855,1.7229820827331623,-4.3196622733817405,-0.15091615843599812,1.4528069500684104,-4.663752710343255,-0.5573580197853268,2.459292098677154,-4.988137289953522,0.1357948248122989,1.6137414784950501,-4.126291649215612,0.011811389814745148,0.5634940705484851,0.14140307681250835,0.4447596314546394,0.0,0.0,0.0,-0.2933189378837331,0.20268736014900604,-0.038317770105310664
5.95,-4.192522605116048,1.789805408237684,1.0,-4.188840866088867,1.8549734354019165,1.0279000997543335,-0.22080866697430188,-0.036252358865554356,-0.02680691293947492,-0.9742744737853465,-2.684708112356526,-1.3387839076740726,0.0,-2.656315803527832,-1.368773102760315,-0.04193505272269249,1.8483770462780518,-4.176499523143699,-0.13016435241403543,1.609710589967954,-4.528495617493886,-0.5389509454462134,2.12567242760673,-4.868697779558201,-0.1889523810375415,1.7648728515167353,-4.34546350825849,-0.04745774481086603,0.5640530593999485,0.1464336890337885,0.4457964294022189,0.0,0.0,0.0,-0.32538660308985085,0.20556240531639872,-0.03700983637004102
5.9666,-4.236974028100546,1.7669407660317977,1.0,-4.215182304382324,1.8421738147735596,1.0275808572769165,-0.22080866697430188,-0.036252358865554356,-0.02680691293947492,-0.9742744737853465,-2.6504111490476965,-1.4054610421508196,0.0,-2.636510133743286,-1.412683129310608,-0.04635310173034668,1.9444276192390162,-4.313234927350635,-0.10297862834406943,1.736352834293975,-4.680052615134159,-0.5086469580539144,1.1890897639598632,-2.636263437397117,-0.2652501485091825,1.5948911601653266,-3.840876407349128,-0.11175404309432674,0.5586252706550138,0.16021609537879788,0.44549641579687155,0.0,0.0,0.0,-0.3505504857099724,0.20660159240472567,-0.03982808608702664
5.9833,-4.280853231963283,1.7429649845442052,1.0,-4.267327308654785,1.815414547920227,1.0267904996871948,-0.21850650074151556,-0.04330955362076399,-0.026659398969686745,-0.9745094003189462,-2.614447476816308,-1.4712798479449252,0.0,-2.5990962982177734,-1.4836589097976685,-0.05291977524757385,2.075558373226257,-4.215637877415008,-0.0605199939425711,1.893751677661888,-4.5950715753845435,-0.4598702743942866,2.244382785794991,-4.2576981936240506,-0.39392189533603167,1.786632959167371,-3.9639298171388493,-0.19505515041332533,0.5545776392208275,0.17128317220287265,0.44333620559106496,0.0,0.0,0.0,-0.3727709436564583,0.20815052576666246,-0.04398592513934941
6.0001,-4.324425901700069,1.7177169650224686,1.0,-4.31867790222168,1.7872223854064941,1.026032567024231,-0.21921264484653527,-0.04999168883943123,-0.025934051706814308,-0.9740504211386626,-2.576575447533703,-1.5366388525501034,0.0,-2.5537006855010986,-1.5595970153808594,-0.05089903995394707,2.1672485080835484,-4.081801287208669,-0.0697287500969219,2.0128373069758556,-4.470020918623781,-0.46397893210102714,2.7042423553807042,-4.523675950517689,0.12037634570864521,2.057528024581881,-4.129177106500658,-0.10193400744293224,0.5532930006284459,0.1783372756066247,0.44265254758977735,0.0,0.0,0.0,-0.3988817995207532,0.20988235580848771,-0.0484023655856721
6.0166,-4.366730206810733,1.6917702757400395,1.0,-4.343994140625,1.7725344896316528,1.0256155729293823,-0.21678116681416149,-0.05626630617984665,-0.025163902343974746,-0.9742724928834664,-2.537655413610059,-1.6000953102161009,0.0,-2.5282890796661377,-1.5998679399490356,-0.052171122282743454,2.25816738473629,-4.220164208113584,-0.060858626961000944,2.1272070703248804,-4.625980595533372,-0.4476881232778068,1.5364123854004497,-2.4348224067347055,-0.0769114340079571,1.903685163177966,-3.6289726304756877,-0.09454688641357102,0.5463258875974559,0.19417303420743368,0.4418521600679381,0.0,0.0,0.0,-0.41536557318604606,0.21164335321235503,-0.05502266375113224
6.0333,-4.408715256856174,1.66455714206943,1.0,-4.393423557281494,1.7421218156814575,1.024814248085022,-0.2140582222509106,-0.06411040893853498,-0.02485049837844772,-0.974398006198332,-2.496835713104145,-1.6630728852842607,0.0,-2.476792335510254,-1.6789610385894775,-0.051203612238168716,2.325538179994737,-4.0475379633077395,-0.063485103079679,2.2149556404266857,-4.464049166634448,-0.44633369102454357,3.0864520369814663,-4.740436689958703,0.05798761449536303,2.252859562406354,-3.957097135675859,-0.0495159137881679,0.5439518247391798,0.20328831317080326,0.4416761812751401,0.0,0.0,0.0,-0.4333692851711282,0.21322289015590518,-0.058827593330275485
6.05,-4.449961970773822,1.6363335435582764,1.0,-4.417703151702881,1.7263692617416382,1.0243901014328003,-0.2140582222509106,-0.06411040893853498,-0.02485049837844772,-0.974398006198332,-2.4545003153374148,-1.7249429561607343,0.0,-2.4287900924682617,-1.7466901540756226,-0.04648701474070549,2.4532442649861963,-4.223788799713059,-0.044725983257174,2.3646601623104644,-4.661861598293382,-0.4233468556501476,1.3382670808342518,-1.9545012095792955,-0.17462361685681158,1.9828551453357461,-3.3658942157434266,-0.08644999439642709,0.5339241124053014,0.22320110953209202,0.4405510931435262,0.0,0.0,0.0,-0.44534000972956933,0.2148716890482304,-0.06193022075055262
6.0667,-4.490517585437496,1.607068100226021,1.0,-4.464663028717041,1.6940999031066895,1.0236608982086182,-0.21364315481841925,-0.07253238713715619,-0.024368970634210764,-0.9739105778953034,-2.4106021503390314,-1.7857763781562455,0.0,-2.399475574493408,-1.7874393463134766,-0.05125241354107857,2.5093116500515227,-4.053824822733177,-0.059026878591773774,2.43767258881744,-4.508846022982725,-0.4328786694577845,3.30091533180778,-4.554512299771167,0.1715438179347826,2.3719706032942773,-3.716795999175802,-0.010285505501248661,0.5293736206354208,0.23627056951006642,0.44068528772516274,0.0,0.0,0.0,-0.4577345594013381,0.2187506307394818,-0.06683349685915203
6.0833,-4.530298311098184,1.5768215072445446,1.0,-4.510354042053223,1.660312294960022,1.0228922367095947,-0.21181737441435158,-0.07879507165108697,-0.023834759329335167,-0.9738361044139847,-2.365232260866817,-1.8454474666472753,0.0,-2.3367977142333984,-1.864408254623413,-0.04888065159320831,2.524189677719977,-3.8656687292625564,-0.0701767908942452,2.459470527261878,-4.33111318316719,-0.4445698284691192,3.762774453954713,-4.620716800732832,0.14238528933959294,2.7825613204972406,-3.983649941253787,0.034785703583972816,0.5309289297112116,0.24324190991688213,0.44157257572516434,0.0,0.0,0.0,-0.4662097792531129,0.22220254398775105,-0.0671795381502904
6.1,-4.569343523280029,1.545563657668956,1.0,-4.555231094360352,1.6249959468841553,1.022081732749939,-0.20988856077074294,-0.0847788757367772,-0.023611802500712566,-0.9737565311639961,-2.318345486503434,-1.9040152849200438,0.0,-2.280247688293457,-1.9293625354766846,-0.053293488919734955,2.5829857884318894,-3.7380517381014573,-0.040383620074899235,2.517217081477489,-4.21117406739043,-0.4133739955741679,3.391549295774648,-3.89558876099235,-0.26465691356259385,2.9623457016077728,-3.957652671297917,-0.0536152300753337,0.5343716953414163,0.24919222399202226,0.440640478915387,0.0,0.0,0.0,-0.46860298838701553,0.22393010529695037,-0.06765010341611838
6.1166,-4.607577033716105,1.5133546513947724,1.0,-4.577342510223389,1.606804370880127,1.0216563940048218,-0.210589536618464,-0.09189278961337037,-0.023220426865440423,-0.9729690594464185,-2.2700319770921586,-1.9613655505741567,0.0,-2.248979091644287,-1.9655441045761108,-0.04876616969704628,2.6901664121286832,-3.864237897460165,-0.06614253491884714,2.6175449180231327,-4.352934658197037,-0.4373003064641124,1.876600798431754,-2.1714553493496647,0.2717093754918654,2.6418139614326126,-3.4303345745465412,0.04242653962510111,0.5298120071239975,0.2638739460925956,0.4414399728078093,0.0,0.0,0.0,-0.4571905130184469,0.22482281464427611,-0.07028220126254402
6.1333,-4.644986151956079,1.4802068271178788,1.0,-4.620935916900635,1.56926429271698,1.0209033489227295,-0.2098838877389143,-0.09743902511782052,-0.022680104267530764,-0.9725945425505508,-2.220310240676818,-2.0174792279341194,0.0,-2.184803009033203,-2.035853624343872,-0.04074978083372116,2.7181315308541665,-3.684002982608477,-0.11117229074384571,2.630575940592118,-4.183803875784502,-0.48452910505921637,3.8512848394666057,-4.219359869512963,0.4810732540920277,2.9988718707936353,-3.663269263070523,0.17192306712333516,0.5308189416343138,0.27324507343901805,0.44480816236237003,0.0,0.0,0.0,-0.4432633513722653,0.22655581973700722,-0.07145134804699937
6.15,-4.681675232784556,1.44601989997017,1.0,-4.663327693939209,1.5303375720977783,1.020219087600708,-0.20463996104212068,-0.1012105305884618,-0.022249700650537465,-0.9733364956717365,-2.169029849955255,-2.072512849176835,0.0,-2.121025800704956,-2.1024599075317383,-0.04499741643667221,2.7539078274833875,-3.5153569723019444,-0.0829411641145521,2.644566082950787,-4.022860962057618,-0.45756236872410594,3.8151750695286317,-3.984411324253013,-0.25409505811880484,3.2398594950833717,-3.7580762692219243,0.04615472998393892,0.5353745745079602,0.27928152843986415,0.445868780887326,0.0,0.0,0.0,-0.42603282997535946,0.2282224613158098,-0.07124757627777215
6.1666,-4.717289251719536,1.4111311692965602,1.0,-4.684213161468506,1.5103932619094849,1.019798994064331,-0.20463996104212068,-0.1012105305884618,-0.022249700650537465,-0.9733364956717365,-2.1166967539448405,-2.125933877579304,0.0,-2.088533401489258,-2.1353564262390137,-0.04929196834564209,2.87889122166206,-3.6363757673422303,-0.05573132102561207,2.747130418114844,-4.15807099283766,-0.4282822636213768,1.95556033864256,-1.9798823360596929,-0.2584683060697374,2.860710910258998,-3.233120919122527,-0.04377555802211599,0.5312918977800646,0.29386433631503595,0.4451442872019922,0.0,0.0,0.0,-0.3995310942328483,0.22783088918039293,-0.07259334460622745
6.1833,-4.752128812920297,1.3752533987184645,1.0,-4.7250075340271,1.4693719148635864,1.0189098119735718,-0.20129022962124005,-0.10637677010673773,-0.021658085337990067,-0.9734974544861996,-2.062880098077697,-2.178193219380446,0.0,-2.0229649543762207,-2.2091522216796875,-0.04986598342657089,2.916091283543748,-3.402283650070395,-0.04847198017623899,2.7621716866877613,-3.9305485630570036,-0.4200276555983208,3.932029395785079,-4.425409625117955,-0.034422718109290554,3.176983708264316,-3.5851063372497434,-0.0410144287328435,0.5323311848887081,0.3006229313634955,0.44434108563056146,0.0,0.0,0.0,-0.37841158803272146,0.22764198162311314,-0.07278541020847966
6.2,-4.786038407185813,1.3385401945285966,1.0,-4.744958877563477,1.4483532905578613,1.0184755325317383,-0.2007377265841107,-0.11147514793055505,-0.020434393738324744,-0.9730673880439945,-2.007810291792895,-2.229057610778719,0.0,-1.9923080205917358,-2.235795021057129,-0.04409731179475784,3.068389703117671,-3.5453102472735356,-0.08152800514435743,2.8938253886795557,-4.09058825916853,-0.4506896662411282,1.8407870814424578,-1.5997594949393728,0.34637828726038966,2.782514041624807,-2.9989956621219993,0.07335098161839657,0.5244657366038517,0.31727784193858327,0.44568791412752495,0.0,0.0,0.0,-0.3499014221657362,0.2280001699564105,-0.07652625303075417
6.2167,-4.8190679963604115,1.3009352106978909,1.0,-4.784161567687988,1.405429720878601,1.017618179321289,-0.1967208237221928,-0.11376145904576716,-0.019233250702612826,-0.9736474551200499,-1.9514028160468362,-2.278601994540617,0.0,-1.9249517917633057,-2.2911550998687744,-0.049695953726768494,3.1072966928147205,-3.400955899311508,-0.04423746608026935,2.9292595802808887,-3.961544211670626,-0.41308902787013435,4.035835202354252,-3.3170526135340923,-0.33545815416922614,3.1525173559132957,-3.0928918874809286,-0.04733694729584757,0.5226793868725067,0.33147506982820824,0.4446670144368901,0.0,0.0,0.0,-0.34464227433867484,0.2291132425309095,-0.07581545264702513
6.2333,-4.851082570582367,1.2625937031506194,1.0,-4.822218418121338,1.361183762550354,1.016615629196167,-0.19247430482958752,-0.11650527420156503,-0.01838112571941956,-0.9741880305990507,-1.893890554725929,-2.3266238558735512,0.0,-1.8546817302703857,-2.358705759048462,-0.0522131510078907,3.132513532866633,-3.169633798989619,-0.024674767556214228,2.9407557017347843,-3.7387415956802483,-0.39307101937169847,4.220917410170851,-4.0575708536812405,-0.15120069063542757,3.4679285796663692,-3.37768275027205,-0.07799942270453449,0.5259859097931896,0.3387567712393599,0.44288270109819217,0.0,0.0,0.0,-0.334228078661341,0.2303510254512692,-0.07448644928270792
6.25,-4.882163345805811,1.2234210833513375,1.0,-4.8408613204956055,1.3385618925094604,1.0160698890686035,-0.1910287943662094,-0.12033848792678233,-0.017841308883692,-0.9740166615130054,-1.8351316250270062,-2.373245018708717,0.0,-1.8220558166503906,-2.3866214752197266,-0.05676672235131264,3.2963655936791896,-3.2784009821309783,0.004839660370428156,3.102856316740762,-3.8627946896475347,-0.35798766050078534,1.9574166785867544,-1.674824774710342,-0.27319500071520525,3.021997858009694,-2.8749679518131175,-0.13562472503037326,0.5193580730348122,0.3539721166686313,0.4397431511699636,0.0,0.0,0.0,-0.3258487960963848,0.23042159084792532,-0.07691583029875007
6.2666,-4.91225760719121,1.1834802102502917,1.0,-4.877262592315674,1.292380690574646,1.0149089097976685,-0.18867943946815904,-0.12626042043885857,-0.016786457559161385,-0.9737436342283518,-1.7752203153754376,-2.4183864107868147,0.0,-1.7524845600128174,-2.4456534385681152,-0.05395736172795296,3.3370696688665737,-3.07580436755988,-0.0067086839469903126,3.142271291529784,-3.6712456882783875,-0.3629868553548752,4.173324180146165,-3.5411106820554625,0.16852322621243976,3.361890431729695,-3.071625461238235,-0.04583469074387196,0.5180342720533558,0.364290503281808,0.4380870161406353,0.0,0.0,0.0,-0.32323589471656583,0.2311508174366995,-0.08180884473275038
6.2833,-4.9413381077557235,1.1428076023674594,1.0,-4.912447929382324,1.2449127435684204,1.0137702226638794,-0.18378023184533604,-0.1284392807979702,-0.016046780367795173,-0.9744078685608835,-1.714211403551189,-2.462007161633585,0.0,-1.6859493255615234,-2.502776861190796,-0.052505701780319214,3.50878971897633,-3.1461750869518816,0.007739145749005694,3.325506539508663,-3.7578115052479077,-0.3437253260617203,2.0214001659371155,-1.8735444740079534,-0.12117343289560267,2.966153204388825,-2.7179300558217756,-0.06807606443474812,0.5074432445609482,0.37988065018855505,0.43578427567092204,0.0,0.0,0.0,-0.3241600650932811,0.23175576810747103,-0.08431980386019604
6.3001,-4.969514502563504,1.1012362715285646,1.0,-4.929631233215332,1.2208013534545898,1.0132051706314087,-0.18378023184533604,-0.1284392807979702,-0.016046780367795173,-0.9744078685608835,-1.651854407292847,-2.5042717538452566,0.0,-1.6512038707733154,-2.52951717376709,-0.05553147569298744,3.5725272983857455,-2.9603095057067237,0.010334325518576826,3.4161274599822353,-3.5845916086282656,-0.33740601934694836,4.037513351847895,-3.144313893042797,0.026610232856227302,3.2824383017582397,-2.8438063578216566,-0.040122938840845446,0.5013359872968972,0.3920279077095886,0.4338073717156615,0.0,0.0,0.0,-0.344936148893387,0.2322541952119531,-0.08606702685013634
6.3166,-4.996398461512836,1.0593546430619363,1.0,-4.962896823883057,1.1716351509094238,1.0119290351867676,-0.1809800426454768,-0.1309590459412622,-0.015420267464680715,-0.9746066752453093,-1.5890319645929045,-2.5445976922692544,0.0,-1.5759304761886597,-2.5895285606384277,-0.06128419563174248,3.5896629130821665,-2.7134028401118897,0.05083555397927508,3.446968290567023,-3.3442469308120093,-0.28876328082190333,4.537699239691277,-3.617661008666657,-0.34679069591962863,3.653014273731605,-3.072262394918776,-0.13065686586600425,0.5007798885150039,0.39790791958702615,0.42982518379405277,0.0,0.0,0.0,-0.35808526599986035,0.2329361711130936,-0.09022634899287435
6.3333,-5.02235199278371,1.0166137973458662,1.0,-4.979031085968018,1.1466213464736938,1.0112881660461426,-0.17868855668752098,-0.1381658448865283,-0.01455849085317847,-0.9740475972998124,-1.5249206960187993,-2.5835279891755656,0.0,-1.5447206497192383,-2.6139729022979736,-0.058606233447790146,3.795648568087072,-2.7949539135217947,0.03759581167505299,3.685594074299361,-3.436874135756632,-0.2960518972835887,1.8723770972494387,-1.4664940712027805,0.1606594982335188,3.127337633547659,-2.5982102362457398,-0.04465495063418772,0.48814204930165006,0.41070670747276017,0.427190453363139,0.0,0.0,0.0,-0.3780875555139389,0.23121351476207722,-0.09354274440449727
6.35,-5.047240034307146,0.9732174795565283,1.0,-5.010286331176758,1.0958058834075928,1.0100160837173462,-0.17645347506667383,-0.14209794828924233,-0.014056016125231623,-0.9738967958758403,-1.4598262193347924,-2.6208600514607197,0.0,-1.4682033061981201,-2.6687872409820557,-0.05977813899517059,3.8143291791731744,-2.557367296292336,0.05065356776659424,3.7453010535769318,-3.2047485579548676,-0.274894864175538,4.588025903846979,-3.2867006904833382,-0.07026816092693457,3.5585595087440494,-2.8014652022559163,-0.052216438459358305,0.4818593878812248,0.4180083685904784,0.42418150282723976,0.0,0.0,0.0,-0.412831262284982,0.22937289307205275,-0.09863307088510753
6.3667,-5.071017610534285,0.9292451900211441,1.0,-5.040028095245361,1.0438891649246216,1.008817434310913,-0.1688017799154273,-0.14757979723860248,-0.013792556175190023,-0.9744413753054496,-1.3938677850317163,-2.656526415801427,0.0,-1.3872102499008179,-2.721763849258423,-0.052822183817625046,3.806925522770524,-2.3167564669128793,0.014617215786038251,3.7655582516962935,-2.965502119717039,-0.3081297255433387,4.860352819984548,-3.179099779666352,0.41742339292357,3.9428726878155933,-2.912949831742641,0.08642982363074767,0.4812586403094581,0.4207348898951892,0.4236864399674972,0.0,0.0,0.0,-0.4398913692352279,0.22801076290897043,-0.10093949863812028
6.3833,-5.093680862282965,0.884708406357619,1.0,-5.068284034729004,0.9909662008285522,1.0075780153274536,-0.16534158950713373,-0.15210078167706678,-0.013622957256782179,-0.9743418244492669,-1.3270626095364286,-2.6905212934244482,0.0,-1.3105788230895996,-2.773282289505005,-0.05799225717782974,3.8265006776360644,-2.0712466019693183,0.051582262612405394,3.8072474653606685,-2.715404756941982,-0.26636789373448944,4.599929873772791,-3.092480751066205,-0.3103423215359075,4.136847978506239,-2.9659506405124514,-0.030704565645479576,0.4829286204444006,0.4193841593823286,0.4208298433414541,0.0,0.0,0.0,-0.46367540816900493,0.2247739955903351,-0.10287968699455928
6.4,-5.115240256402735,0.839584904303867,1.0,-5.08182954788208,0.9640743732452393,1.0069774389266968,-0.16534158950713373,-0.15210078167706678,-0.013622957256782179,-0.9743418244492669,-1.2593773564558006,-2.722860384604102,0.0,-1.2693815231323242,-2.8018300533294678,-0.05055050924420357,3.9933107438725632,-2.0857000297383785,0.009702059303172028,3.9935313203697618,-2.7277046304222883,-0.3047363626583711,2.4716635674438563,-1.7127449578028895,0.44647336754398514,3.6452551048679958,-2.5959814174460876,0.11016708187595449,0.47334488982333967,0.4218951012025847,0.42058097394938826,0.0,0.0,0.0,-0.47356546632053825,0.22010949948132505,-0.10614255198784514
6.4166,-5.135664699728164,0.7939364648206505,1.0,-5.107760906219482,0.909601092338562,1.0059220790863037,-0.16055305257320343,-0.16007347086914658,-0.013011870100222691,-0.9738736994028564,-1.1909046972309758,-2.7534970495922453,0.0,-1.193965196609497,-2.839092254638672,-0.04115920886397362,4.024673123442131,-1.901041881766324,-0.04156639987767452,4.051567491525994,-2.539833334098333,-0.3561191165358977,4.523754361878611,-2.235126708998341,0.5633254497740404,3.9046041423523077,-2.4894505119720556,0.24394771470454923,0.4670613698116483,0.42404671099437724,0.42305117377003804,0.0,0.0,0.0,-0.49395573789551045,0.2147447413376318,-0.10849845711181491
6.4333,-5.154948910171628,0.7477730542437909,1.0,-5.120150566101074,0.882046103477478,1.005445957183838,-0.15330924871552432,-0.1627468494008801,-0.012902119706700363,-0.9745990466657288,-1.1216595813656864,-2.7824233652574426,0.0,-1.1084823608398438,-2.8815953731536865,-0.04618490859866142,4.200959367890859,-1.9343812725052842,-0.02826029910924266,4.258272738919906,-2.575007064014524,-0.3424211624357043,2.473015850329441,-1.3151628624923177,-0.11097352144582447,3.4819731126194564,-2.1427793347434956,0.13916847870204296,0.45064338296299594,0.4302599732958533,0.42370688685065,0.0,0.0,0.0,-0.5079567539920434,0.21036581821338662,-0.10954602352418832
6.45,-5.1730513499173725,0.701198003828241,1.0,-5.143680095672607,0.826326847076416,1.0043984651565552,-0.1435157498339026,-0.1664028399086484,-0.0128306807984744,-0.9754736359191785,-1.0517970057423616,-2.8095770248760585,0.0,-1.068917989730835,-2.9026217460632324,-0.046380266547203064,4.184749061817635,-1.6993280609253927,-0.002950178974722384,4.275850647447001,-2.337145764727534,-0.316051481468533,5.031517086369558,-2.4973729796280653,-0.20234812314784326,3.9394268155391496,-2.2474618598167706,0.038346535748924666,0.4412084618751004,0.4324693549777063,0.42248510083449675,0.0,0.0,0.0,-0.5323100475044671,0.20534834882443512,-0.10938379834068615
6.4666,-5.189991820914003,0.6541642889046866,1.0,-5.165591239929199,0.7697609066963196,1.0032947063446045,-0.13858201867379308,-0.1732507544875772,-0.012078865314737031,-0.9750042886141611,-0.9812464333570299,-2.8349877313710037,0.0,-0.9821828603744507,-2.9472291469573975,-0.048007842153310776,4.150204499159395,-1.4325873793266277,0.012224253136785102,4.265513834156322,-2.0623074582052214,-0.29812583621067534,5.204484978540773,-2.676638054363376,-0.09766161480686696,4.31289510742204,-2.374162516736617,-0.0018055561910230444,0.4375698336491994,0.4294374004272831,0.42043617736085,0.0,0.0,0.0,-0.5528791686461263,0.2002826784513107,-0.11008608801338957
6.4833,-5.2057460241021305,0.6067388990487764,1.0,-5.185805797576904,0.7123998999595642,1.0022066831588745,-0.13320348152830075,-0.1799940487347008,-0.011488135086008343,-0.9745394088750859,-0.9101083485731647,-2.858619036153196,0.0,-0.9014365077018738,-2.974963665008545,-0.042430330067873,4.149971465163064,-1.2533429458565466,-0.015874219497654884,4.278031078458208,-1.8747099702966108,-0.325395698634554,4.847420813831995,-1.6649777434267967,0.3348330578098387,4.470696865775,-2.164798209494853,0.09757631559139261,0.4359089030268952,0.42715369608678894,0.42027582622927856,0.0,0.0,0.0,-0.5639685163220388,0.19421332835327526,-0.11075434709237944
6.5,-5.220336776039174,0.5588440449637709,1.0,-5.195316791534424,0.6835384964942932,1.001720666885376,-0.13320348152830075,-0.1799940487347008,-0.011488135086008343,-0.9745394088750859,-0.8382660674456563,-2.8805051640587616,0.0,-0.8599613308906555,-2.9877665042877197,-0.04110872372984886,4.339186861363181,-1.2973278992234172,-0.021431218637112615,4.492905455041481,-1.914593057601924,-0.3317908923255345,2.4847452543171786,-0.7670080415934639,0.07917639728042736,3.8844076517412303,-1.7521450037495918,0.09214432340055442,0.42159974079934026,0.4295945788101683,0.4200723533692169,0.0,0.0,0.0,-0.5753183344776405,0.18767057956833869,-0.10971267968079501
6.5167,-5.233697203993237,0.5107006200003467,1.0,-5.21309232711792,0.6253734230995178,1.0007154941558838,-0.12506589972671892,-0.18399049193584474,-0.011192137768916378,-0.9748747713486872,-0.76605093000052,-2.900545805989855,0.0,-0.7751345038414001,-3.0164458751678467,-0.04279737547039986,4.315310056124463,-1.0889744217607285,-0.006297277270086887,4.499692017152542,-1.6999565908529588,-0.3167388358969239,5.093257461885334,-1.7219955622360603,-0.10139172213871592,4.241282210509557,-1.743244337556849,0.03500894539246208,0.4127720202396287,0.4298811451344669,0.4188119176867531,0.0,0.0,0.0,-0.5971539812677081,0.18110102395776348,-0.10837035905991606
6.5333,-5.245862931424828,0.46218768060905363,1.0,-5.229103088378906,0.566595733165741,0.9997664093971252,-0.1151020317588873,-0.18704006403834292,-0.011260373516655502,-0.9755207560958136,-0.6932815209135804,-2.9187943971372414,0.0,-0.6891313791275024,-3.0438551902770996,-0.04154340177774429,4.48716134470799,-1.08335747014499,-0.023583083784708414,4.7121337178177445,-1.6898030643395319,-0.3333634123690744,2.719493270784765,-1.0405183140491139,0.1967191500164476,3.7920223009281795,-1.5357867713067876,0.08274875346393896,0.39372673541154135,0.4314344617281679,0.41850017728083255,0.0,0.0,0.0,-0.6186991085212964,0.17501113246637387,-0.10871984869646656
6.55,-5.256804663333583,0.4134192902562016,1.0,-5.23646879196167,0.5369972586631775,0.9992478489875793,-0.10695419246804914,-0.19084410160767856,-0.011045635323492467,-0.975713830808842,-0.6201289353843025,-2.935206995000375,0.0,-0.6437740921974182,-3.0566365718841553,-0.04718130826950073,4.455268342192405,-0.8857301792051466,0.02736174015875914,4.730151309100581,-1.489695665220115,-0.27998940602617295,2.7226861591745024,-0.7672348403532122,-0.3384296330485309,3.4763347270368645,-1.3088961940423487,-0.041590804343888274,0.3665012899348965,0.4354071491565148,0.4157839716707112,0.0,0.0,0.0,-0.6413842568430717,0.1685583368584536,-0.10843282548577907
6.5666,-5.266523941916376,0.3643948214089695,1.0,-5.249822616577148,0.47747668623924255,0.9981524348258972,-0.10064558896266576,-0.19589628648552793,-0.010425149419715082,-0.9753903958933694,-0.5465922321134542,-2.949785912874565,0.0,-0.5547780990600586,-3.076659679412842,-0.04440416768193245,4.402275458340753,-0.6921634634569095,0.01623752998315009,4.723033240021085,-1.2918189942182692,-0.28941397973182614,5.341751456088382,-1.20183459980824,0.1666905919518024,4.0270398407018595,-1.2772896546007149,0.01989767071639655,0.3491442067527454,0.4372798630811983,0.41409034767704406,0.0,0.0,0.0,-0.6699019884330771,0.1623756676801614,-0.10843883796206781
6.5833,-5.275019250864118,0.31511737292021125,1.0,-5.255857467651367,0.4476267099380493,0.9976620078086853,-0.10064558896266576,-0.19589628648552793,-0.010425149419715082,-0.9753903958933694,-0.47267605938031687,-2.962528876296178,0.0,-0.5128405094146729,-3.081468343734741,-0.03959839418530464,4.600639708766363,-0.7282411310716184,-0.010067032878262161,4.968043190438393,-1.3276090422724778,-0.31542332612450236,2.515933861601396,-0.28848299339188144,0.2883095660382756,3.5809337363551386,-0.9853758552479072,0.09913776812746145,0.3220629143062741,0.4419155228954252,0.4138867353641379,0.0,0.0,0.0,-0.6894663959783041,0.1574523883054342,-0.10853044211789768
6.6,-5.282278056831563,0.26565711999508523,1.0,-5.266554355621338,0.3876477777957916,0.9967183470726013,-0.09287634954364489,-0.20114328990226285,-0.010028842603167148,-0.9750973488556732,-0.39848567999262785,-2.9734170852473447,0.0,-0.41717857122421265,-3.101445436477661,-0.04137001559138298,4.505071059189246,-0.5118617189116972,0.005390370352265528,4.924624575289548,-1.1080863258802236,-0.3004798613216237,5.7406250894211235,-1.198815348956992,-0.10631411494548888,4.218514097648588,-1.0483870949420133,0.038484617087101186,0.30601827114163266,0.4432685228939707,0.4125370218128472,0.0,0.0,0.0,-0.7255717872419343,0.15295608407455577,-0.10666679013895798
6.6167,-5.288303838655577,0.21598112229427935,1.0,-5.275340557098389,0.32737287878990173,0.995771050453186,-0.08465357842451042,-0.20588068523694042,-0.009630091269405628,-0.9748611157697696,-0.323971683441419,-2.9824557579833657,0.0,-0.32893091440200806,-3.1090164184570312,-0.03671905770897865,4.449812934097811,-0.3577607486542733,-0.01763778783820502,4.916269960067185,-0.9516535490337448,-0.3243825532232045,5.289567702750983,-0.45380493033226155,0.2787785816362987,4.534708698111468,-0.8728555724435092,0.10942378740716302,0.29528437321263984,0.4454489183061494,0.4125891776558106,0.0,0.0,0.0,-0.7617413991820131,0.14844388207332207,-0.10584441227081115
6.6333,-5.293082498201757,0.1661991436856485,1.0,-5.279072284698486,0.29717615246772766,0.9953399896621704,-0.07744021379049973,-0.2095848821905098,-0.009004927065443513,-0.9746774819508076,-0.24929871552847277,-2.9896237473026357,0.0,-0.23157748579978943,-3.117865562438965,-0.034544285386800766,4.635975941138131,-0.37479556994773255,-0.024805057982271173,5.149328801711718,-0.9680885175518686,-0.33355960071473,2.6709768882023996,-0.1407016490038758,0.09475783384104919,3.9845010033735186,-0.6567103522636163,0.1050941298567352,0.2728701212966677,0.4491129502977638,0.4126638817061021,0.0,0.0,0.0,-0.7862229818702549,0.14417999730637227,-0.10390933897364325
6.65,-5.296614443384675,0.11632181423836067,1.0,-5.285033702850342,0.23665843904018402,0.9945167303085327,-0.0708103986159027,-0.2137384857213948,-0.008346677585400393,-0.9742855162596563,-0.174482721357541,-2.9949216650770127,0.0,-0.1825295239686966,-3.123980760574341,-0.03307410329580307,4.493523360817366,-0.1674500931203322,-0.03289776902907082,5.041032349090491,-0.7575065771193972,-0.3454819984576765,6.112503576282097,-0.7571275302195837,0.12391795114798655,4.612726257571214,-0.6863553385762869,0.11065126595526209,0.2614647203398681,0.4502375099743196,0.41298007504464296,0.0,0.0,0.0,-0.8089737086129929,0.1398189740247453,-0.10039584561603725
6.6667,-5.298898630765314,0.06636462856485974,1.0,-5.289045333862305,0.17601542174816132,0.9937242865562439,-0.06316810550459664,-0.2175967294062715,-0.008009839972101324,-0.9739596368269701,-0.0995469428472896,-2.9983479461479714,0.0,-0.09349852800369263,-3.121859073638916,-0.029510648921132088,4.6683754288277255,-0.16700239147818793,-0.02721059157938388,5.255326594865476,-0.7551963146716987,-0.34172999171109064,2.79303158556987,-0.09176830576089909,-0.03459363427084376,4.075519130834649,-0.5108223788945002,0.0677723166874765,0.23877036701657356,0.4522866229697771,0.4125956786040584,0.0,0.0,0.0,-0.8257215330543246,0.13590730022373354,-0.09807627847235165
6.6833,-5.299932668562224,0.016411009036050635,1.0,-5.290394306182861,0.14573584496974945,0.9933630228042603,-0.06316810550459664,-0.2175967294062715,-0.008009839972101324,-0.9739596368269701,-0.02461651355407595,-2.9998990028433363,0.0,-0.048426784574985504,-3.1229491233825684,-0.02913852594792843,4.605429225676429,-0.02813316202751484,-0.05032528086327037,5.240457785834813,-0.6153061761410638,-0.36809920005174557,2.706940357546859,-0.06546672967051849,0.022349139782636713,3.6714896626920703,-0.37934525123308777,0.05436256464074542,0.20663930146008985,0.4551038668538294,0.41204372190085736,0.0,0.0,0.0,-0.8416678616184747,0.13206914725971947,-0.09426980271238218
6.7,-5.2997177391923795,-0.03360005296596776,1.0,-5.291568756103516,0.08510537445545197,0.992651104927063,-0.056189915016920694,-0.22058601571033093,-0.007652561137274444,-0.973717587475972,0.05040007944895164,-2.99957660878857,0.0,0.054328255355358124,-3.1248722076416016,-0.027532335370779037,4.445325982712998,0.14898248217657084,-0.05615778089481527,5.120613297632865,-0.43649420707036146,-0.37624288229616004,6.16301604438661,-0.1153422659478629,0.09633569607899214,4.4070337895682545,-0.30140674464892026,0.06675380020735704,0.1886738687151742,0.45731456810555815,0.4119718297290781,0.0,0.0,0.0,-0.8639611836350417,0.12816212114137412,-0.09188672832773333
6.7166,-5.298254263004431,-0.08354579812665103,1.0,-5.290774345397949,0.024498648941516876,0.9919984936714172,-0.05019817678699826,-0.22379462894568497,-0.007535856513747779,-0.9733136099329951,0.12531869718997654,-2.9973813945066463,0.0,0.14508691430091858,-3.1211369037628174,-0.026153726503252983,4.350213669034527,0.30362537341583995,-0.060899859600092476,5.052509005569751,-0.2812782356345237,-0.38438483952671254,5.449578489828641,0.22428528481239174,0.08277818687100053,4.714812040248818,-0.14621284918917882,0.07148449203700552,0.17709372551082228,0.460042799991642,0.4121999707147337,0.0,0.0,0.0,-0.8793890620460451,0.12486080905872168,-0.08871499078811365
6.7333,-5.295540080239051,-0.13349077930524372,1.0,-5.2896647453308105,-0.005796155426651239,0.9916743636131287,-0.044868333739515195,-0.2277493046199546,-0.007009568816392257,-0.9726602916342277,0.20023616895786558,-2.9933101203585766,0.0,0.1951955109834671,-3.119229316711426,-0.025937393307685852,4.500884946430605,0.32860342099267137,-0.060299536674855325,5.21937816745716,-0.2545517104465125,-0.3867561359592018,3.0048852279713483,0.11439314870680412,0.012972952082409962,4.21001039199037,-0.06927719537092503,0.05421081599476628,0.15595993631642643,0.4615470794311629,0.41226991086861553,0.0,0.0,0.0,-0.8744531573429816,0.12160805200802094,-0.08581331158426911
6.75,-5.291581096874355,-0.18331594194925624,1.0,-5.285966396331787,-0.06623326987028122,0.9910613298416138,-0.0381653410991911,-0.22992020449305375,-0.006794914916926268,-0.9724371240713625,0.27497391292388434,-2.9873716453115318,0.0,0.28738218545913696,-3.1103649139404297,-0.020032837986946106,4.388493276504936,0.47426352354149853,-0.09236384664888764,5.12215870393416,-0.10813757703999854,-0.42391641512857525,5.5331053862995665,0.5320473376168057,0.3543953292025014,4.600612217246388,0.1082447975067389,0.14283077093137264,0.1422946378411512,0.4645052899583863,0.4142600544794269,0.0,0.0,0.0,-0.8759600652703746,0.11789581062311072,-0.08270748599973927
6.7666,-5.286377261327584,-0.23303513829618944,1.0,-5.280421733856201,-0.12648189067840576,0.9905976057052612,-0.03017139048897836,-0.22899997020266688,-0.007023392982703851,-0.9729334032125784,0.3495527074442841,-2.9795658919913772,0.0,0.37787291407585144,-3.099518299102783,-0.016984401270747185,4.279509674164561,0.6187582400333553,-0.10802251412145214,5.023283698799711,0.03616419784776981,-0.44525396465482614,5.430847296349822,0.6509651294232117,0.18295348652109836,4.8457127872615375,0.2684657590869066,0.1546757299184312,0.13383865702919476,0.46828789565234463,0.4167718579309552,0.0,0.0,0.0,-0.8776126816643453,0.11430614653324084,-0.0795404073975812
6.7833,-5.279931285887179,-0.2826165302404298,1.0,-5.276943206787109,-0.1564934402704239,0.9903490543365479,-0.03017139048897836,-0.22899997020266688,-0.007023392982703851,-0.9729334032125784,0.42392479536064476,-2.9698969288307695,0.0,0.42724543809890747,-3.094501256942749,-0.02132442221045494,4.429791052656789,0.6582766065853111,-0.08041792915572277,5.178846118661346,0.0775987124516444,-0.42221702387896953,2.962311890252625,0.30101851057133866,-0.2603977796970217,4.289698418508976,0.27807592630967914,0.03213844335280086,0.11503926541802247,0.46969934254258777,0.41713741072047356,0.0,0.0,0.0,-0.8640943314225795,0.1109785515910789,-0.07533831599722678
6.8,-5.272241389117362,-0.33206008952058313,1.0,-5.2684502601623535,-0.2164148986339569,0.9898136258125305,-0.025509190400400263,-0.2290148691136155,-0.006963881632606471,-0.973063721268174,0.4980901342808747,-2.958362083676043,0.0,0.5225836634635925,-3.0842275619506836,-0.01912078633904457,4.567637635791767,0.7138308318908865,-0.07771728770010444,5.334770434670402,0.13787507216991446,-0.4234922880763866,3.0789070425352554,0.25265398848390463,-0.009862152445384275,3.9322506740206777,0.270570905612751,0.019739099805154196,0.08897674535325875,0.4689345229975152,0.41736165508641165,0.0,0.0,0.0,-0.8561095442318932,0.10702123672345684,-0.0715866547101295
6.8167,-5.263326785230516,-0.3812452418016588,1.0,-5.263529300689697,-0.24628600478172302,0.9895761609077454,-0.02009162395609783,-0.23115492803031676,-0.006981330427889942,-0.9726844839252731,0.5718678627024882,-2.9449901778457748,0.0,0.5627098679542542,-3.0752410888671875,-0.01717015542089939,4.483270661543084,0.8652132719019769,-0.1008005269925798,5.28868347153252,0.29438425778243393,-0.4520345585696395,2.409194365713304,0.5395516619427982,0.11711670907412179,3.482616614069328,0.3499789411908131,0.048486749885551496,0.05317670353776832,0.4680091573539389,0.41824423491101503,0.0,0.0,0.0,-0.8585895135272041,0.10281985676560415,-0.06701020333395537
6.8333,-5.2531799186038945,-0.4302187880166133,1.0,-5.2523603439331055,-0.3056941330432892,0.9890764355659485,-0.011456640853458626,-0.2308439264351549,-0.007193329075899747,-0.972896819748071,0.6453281820249199,-2.9297698779058416,0.0,0.6560859680175781,-3.055410146713257,-0.022045789286494255,4.335821410720302,0.9978364488500201,-0.06868381194244311,5.178588235400614,0.42946331027947626,-0.42383060163427055,5.600007864220656,1.1893132390580095,-0.29240445865564724,4.107709211840092,0.5977657668964584,-0.05215056553218429,0.029974311028876034,0.4698907108790159,0.4173268681277361,0.0,0.0,0.0,-0.872741135709188,0.09848242769152797,-0.062180078435908656
6.85,-5.241818669085186,-0.47889482811180667,1.0,-5.246021747589111,-0.33526062965393066,0.988803505897522,-0.011456640853458626,-0.2308439264351549,-0.007193329075899747,-0.972896819748071,0.71834224216771,-2.912728003627779,0.0,0.7075516581535339,-3.0500552654266357,-0.021423136815428734,4.464732100384067,1.0795391113876824,-0.0706820545131075,5.342503469318939,0.5172450717878825,-0.4276325725006205,3.0895354162790363,0.3214587299088294,0.03737843321072293,3.807125697667219,0.5161948793618114,-0.025719968732457445,0.0014372305257355014,0.46777816867286576,0.41695235200640113,0.0,0.0,0.0,-0.8792085994606073,0.09451587092693417,-0.06000183401888814
6.8667,-5.229233039647584,-0.5273138332455779,1.0,-5.231954097747803,-0.39410877227783203,0.9882673025131226,-0.005976138627617284,-0.2317590820302962,-0.00698672522449937,-0.9727298339342707,0.7909707498683669,-2.8938495594713753,0.0,0.7946562767028809,-3.0249500274658203,-0.021600011736154556,4.34219306078143,1.2010446192655722,-0.06654832928081422,5.251290359518817,0.6422224737467801,-0.42564173196424493,5.2213524174300785,1.5048948850237955,-0.010602495140844064,4.224631273941897,0.8080771920477869,-0.021257014217821966,-0.018996740001573385,0.4693885773898724,0.41669413785056214,0.0,0.0,0.0,-0.8901005587358144,0.08943356812891971,-0.05760073516713141
6.8833,-5.215455722820088,-0.5753515220417633,1.0,-5.216034889221191,-0.4524611830711365,0.9877748489379883,-0.0026060660839740736,-0.23460547998119152,-0.006336483645673281,-0.9720665268324062,0.863027283062645,-2.8731835842301323,0.0,0.887844443321228,-2.998798370361328,-0.016341380774974823,4.173704485982274,1.3257419687731415,-0.09523058153110586,5.10329368053338,0.7675768249029362,-0.4587231100871848,5.594576605977327,1.5700217565555936,0.31570332181094696,4.6290641752041255,1.0330171539709594,0.07821983578752259,-0.030971147982418564,0.47320748866399553,0.4184326506094905,0.0,0.0,0.0,-0.8986180465686876,0.08495765520620976,-0.05494012205341156
6.9,-5.200484257424143,-0.6230245478975959,1.0,-5.198231220245361,-0.5102335810661316,0.9873987436294556,0.005341902314513302,-0.23596477906594063,-0.005786762300545692,-0.9717297313659558,0.9345368218463939,-2.8507263861362144,0.0,0.9766191840171814,-2.9673380851745605,-0.012094719335436821,4.022228938966202,1.4276062733549275,-0.11841031863708285,4.956087452911351,0.866534748145772,-0.4874271234581857,5.330759924981031,1.8891322710418188,0.2550042099743733,4.836217585817965,1.2857579842178013,0.13040981423285689,-0.03771579614986894,0.47967324089752567,0.42137694485960453,0.0,0.0,0.0,-0.89614271779528,0.08139828431162982,-0.052360140038501694
6.9167,-5.184310178626877,-0.6703544963100839,1.0,-5.1886677742004395,-0.53890061378479,0.9872177839279175,0.012535558028489074,-0.23532441038637825,-0.0057579338561642565,-0.9718189983911018,1.005531744465126,-2.826465267940316,0.0,1.020646095275879,-2.9538557529449463,-0.01338129211217165,4.180771148169069,1.5032650524506053,-0.10935984544028887,5.11494982494037,0.9442073998606413,-0.4831444067350906,2.6405972945146714,0.8086283818566607,-0.07716463627166391,4.188030345263869,1.1449006048402577,0.06913004249136301,-0.05582304328501971,0.4809649795000801,0.4233449041161342,0.0,0.0,0.0,-0.8783556334862817,0.07809267308988384,-0.04956034282133243
6.9334,-5.166924757683282,-0.717350645883321,1.0,-5.168093204498291,-0.5958197116851807,0.9868261218070984,0.016424837598937994,-0.23555976892517522,-0.005540245383605459,-0.9717053283406679,1.0760259688249816,-2.8003871365249235,0.0,1.114272117614746,-2.9264564514160156,-0.013993758708238602,3.9869369497471983,1.6486627433096446,-0.10328633748296401,4.912465337980718,1.091269134372491,-0.4823381018488371,5.601380746573096,1.6392229021353075,-0.03664214834110716,4.6052772163140805,1.290833582002646,0.03790415850102896,-0.06512780134288856,0.4831209979150445,0.4248408756812213,0.0,0.0,0.0,-0.860400586890631,0.07427261102210908,-0.04578911131534826
6.9501,-5.148365786478263,-0.763900464312329,1.0,-5.145755290985107,-0.6521233320236206,0.9864723086357117,0.02160448508339644,-0.23418366378458239,-0.005208423245279189,-0.9719383582660847,1.1458506964684936,-2.772548679717395,0.0,1.199005365371704,-2.894702196121216,-0.011835586279630661,4.154742240322297,1.7289751044834587,-0.10913723834830424,5.080609386260359,1.1773562730348366,-0.49412736471142443,2.469210680290554,0.9735846902515948,0.07190057600645042,3.9746713328153582,1.1971759106250073,0.04794052231987661,-0.08559579857222847,0.481062754884913,0.42663813435480463,0.0,0.0,0.0,-0.8402713473658332,0.07055607656370912,-0.04164800799168445
6.9667,-5.12870225690099,-0.8098444638356334,1.0,-5.133946418762207,-0.6799993515014648,0.9863041043281555,0.02160448508339644,-0.23418366378458239,-0.005208423245279189,-0.9719383582660847,1.21476669575345,-2.7430533853514856,0.0,1.2403632402420044,-2.8741862773895264,-0.013461698777973652,3.9974463072568005,1.8410854188698333,-0.10296608801415008,4.936661000861677,1.2972723359445695,-0.49362819461412355,2.482966663326797,1.231696319940455,-0.09762549784936232,3.5342928496744923,1.2073669664034616,0.004966772575592068,-0.11456480283049461,0.4771216282014487,0.4277015403775661,0.0,0.0,0.0,-0.8246498907743816,0.06669145472381513,-0.03703943377759263
6.9834,-5.107870928805466,-0.8553377723332821,1.0,-5.109013080596924,-0.7351858019828796,0.9858493804931641,0.03055791923667184,-0.22987603459581432,-0.005590737308121506,-0.9727240176691763,1.2830066584999231,-2.711806393208199,0.0,1.329980731010437,-2.837611198425293,-0.021685609593987465,3.8018196581911736,1.957937729336319,-0.05087677727275608,4.7496883673897665,1.4187817550072443,-0.44293463972391767,5.37090805172537,2.1919982853468603,-0.4928710728191755,4.076495226147527,1.4980481284044826,-0.1420040586414418,-0.1313329052519577,0.4768652353981869,0.42591518420610547,0.0,0.0,0.0,-0.8165358039466352,0.06229073893088759,-0.033857321754943895
7.0001,-5.085887454316003,-0.9003366040080265,1.0,-5.0683207511901855,-0.816580593585968,0.9849932193756104,0.0408799880016415,-0.22930879069841834,-0.004981167438108475,-0.9724821369055722,1.3505049060120398,-2.6788311814740045,0.0,1.4518626928329468,-2.774506092071533,-0.027081331238150597,3.94061880999185,2.058788202232085,-0.0376569741338324,4.89491617280474,1.5291234062731347,-0.42958093920519147,2.604542275134541,1.0745150100638088,-0.1134035346451972,3.6419478113136883,1.3730134107222391,-0.13356066121022078,-0.15480468952414833,0.47183988507834435,0.4241122860137982,0.0,0.0,0.0,-0.7994926732887413,0.057824910880606116,-0.03218832094243915
7.0167,-5.0628463188249775,-0.9446548873558145,1.0,-5.05394983291626,-0.8432496786117554,0.9846646189689636,0.0408799880016415,-0.22930879069841834,-0.004981167438108475,-0.9724821369055722,1.4169823310337217,-2.644269478237466,0.0,1.4916290044784546,-2.7525930404663086,-0.028947187587618828,3.7949954778727797,2.141447582246531,-0.013240326959597759,4.78238237772529,1.632253992159494,-0.40397950307417685,0.0,0.0,0.0,2.566778251527835,0.9676747565547006,-0.09413111285919638,-0.19900367533134836,0.4565545267987991,0.4228993382418045,0.0,0.0,0.0,-0.788383224521162,0.05263906328823758,-0.0321601621272254
7.0333,-5.038798561984646,-0.9882204009430917,1.0,-5.039182662963867,-0.86973637342453,0.9843281507492065,0.0462717711113674,-0.22836765157117006,-0.0043809541684648404,-0.9724648988445312,1.4823306014146376,-2.60819784297697,0.0,1.5276820659637451,-2.731501579284668,-0.028846003115177155,3.6526161190715367,2.243859858807361,0.0011926545122298293,4.690026033654936,1.7570997059043274,-0.3888492319036879,2.174790024736812,1.2722775125122245,0.006103642028130933,2.4510561623944054,1.0575990575057008,-0.06453998117063517,-0.24375248794702625,0.44117604493922175,0.4219859006009495,0.0,0.0,0.0,-0.7936574266363734,0.045584107963811626,-0.031944014185031705
7.05,-5.013558942960071,-1.0313659626929537,1.0,-5.00844144821167,-0.9220544695854187,0.9836065173149109,0.052311266989008724,-0.22358035963621167,-0.004537318976440219,-0.9732701565321804,1.5470489440394304,-2.5703384144401067,0.0,1.615155577659607,-2.689997673034668,-0.03402179852128029,3.431702724646778,2.363112025710918,0.03640183196244262,4.5024577047392675,1.892864644814992,-0.3515127300090778,5.250443630327141,2.4911989467357394,-0.31066801246458114,3.277486508874742,1.480823947501179,-0.13720147462619792,-0.2699117561304214,0.43228386709116684,0.41932505341442533,0.0,0.0,0.0,-0.8008432239620676,0.037963513804759146,-0.031410491442904906
7.0667,-4.987247038596189,-1.0738703044354978,1.0,-4.975904941558838,-0.9734899997711182,0.9828303456306458,0.058546308438672416,-0.2207394038971303,-0.004988458842900868,-0.9735613069616936,1.6108054566532468,-2.5308705578942843,0.0,1.697380781173706,-2.6403017044067383,-0.0353061743080616,3.5360584405102586,2.4698181835102977,0.0381288933287669,4.635493342633296,2.0181965688964465,-0.34781238978589746,2.7046511627906975,1.4029338103756708,0.007425313059033989,3.1083750446836063,1.4578293553807926,-0.09450500347806166,-0.29700084807592064,0.42069707084513475,0.4171306962967809,0.0,0.0,0.0,-0.8024340540471164,0.03092454376871656,-0.031189413182116543
7.0833,-4.959873073725536,-1.1157156354201292,1.0,-4.95908260345459,-0.9988217353820801,0.9824274778366089,0.058546308438672416,-0.2207394038971303,-0.004988458842900868,-0.9735613069616936,1.6735734531301938,-2.4898096105883036,0.0,1.730864405632019,-2.616549491882324,-0.036683302372694016,3.397511161092959,2.553422903380596,0.05941086439101806,4.5321469309457365,2.1232537443789625,-0.324251408279212,2.0086171140891604,1.4248487535576881,-0.08261121798080637,2.783706402690706,1.4480928789179877,-0.09099374061000354,-0.32946734295383207,0.4067069401803393,0.41471803691292874,0.0,0.0,0.0,-0.8051684268989453,0.023462218821294286,-0.031055764242698663
7.1,-4.931459467803233,-1.1568664594131812,1.0,-4.924351215362549,-1.0487667322158813,0.9815730452537537,0.06469077631088618,-0.22044824819926095,-0.005222331705287796,-0.9732370712560993,1.7352996891197718,-2.44718920170485,0.0,1.8039880990982056,-2.5638158321380615,-0.03975743055343628,3.5451462914432454,2.6640854317205016,0.06962304469495617,4.731491050249067,2.258408084278064,-0.31173563376508057,2.150480507965564,1.552255241255041,-0.07510730093241427,2.596766544749399,1.4788435121127526,-0.0863037732519713,-0.3640084328440698,0.3912714212223735,0.4120740376355423,0.0,0.0,0.0,-0.8223363259617514,0.01440592622006407,-0.030715359175505556
7.1167,-4.901991220983126,-1.197340439429402,1.0,-4.906408786773682,-1.073344349861145,0.9811294078826904,0.07104844928464837,-0.21636361798596407,-0.0058582855024686496,-0.9737066292953592,1.7960106591441032,-2.402986831474689,0.0,1.8438640832901,-2.5352349281311035,-0.03928833827376366,3.3501901023498895,2.73033154992293,0.08276122903887195,4.603036619560388,2.350012225698975,-0.2969107501774806,2.3893142857142857,1.7125285714285714,0.028107366071428573,2.535522846163035,1.54783161281332,-0.05252751376829509,-0.3995453120473672,0.3750770413258066,0.40982138566667403,0.0,0.0,0.0,-0.8533012051631317,0.005242282898148157,-0.0301494064503215
7.1333,-4.871596536580956,-1.2369657740644016,1.0,-4.869278907775879,-1.1217381954193115,0.9803045392036438,0.07775890718551494,-0.21208155612917393,-0.006785347582314325,-0.9741298679481056,1.8554486610966023,-2.3573948048714337,0.0,1.9248665571212769,-2.4844260215759277,-0.035443127155303955,3.1187006852363077,2.8301120622381655,0.06446990008742315,4.432580712090035,2.46882002662906,-0.31503664887526955,4.866976091222943,3.0528170527311014,0.23103677818843382,3.223810457359793,1.9921308221248477,0.03118584807807638,-0.42017268342346986,0.36582683307549213,0.40896297021829814,0.0,0.0,0.0,-0.8937073434302569,-0.004534797466386302,-0.029456421255605433
7.15,-4.840200515324368,-1.2758457479627188,1.0,-4.830569267272949,-1.1690759658813477,0.9794738292694092,0.08405692129520997,-0.21220419292162848,-0.007114640909729893,-0.9735775334983704,1.9137686219440782,-2.3103007729865532,0.0,2.0002710819244385,-2.4188125133514404,-0.03718949109315872,3.2350852562031656,2.919753651393864,0.0853010206533531,4.592783832167328,2.5786633687628955,-0.29390306961229623,2.243898773313485,2.030130398064784,-0.18128448713911513,2.9345226178437596,2.003348991481496,-0.031539278315379324,-0.44486164698891717,0.35468768364456416,0.4067451293935113,0.0,0.0,0.0,-0.9128369289752456,-0.013597401013595915,-0.027541039127861988
7.1667,-4.807831136804915,-1.3139426406360353,1.0,-4.7903265953063965,-1.2153663635253906,0.9786590933799744,0.09040309344768474,-0.2134399859351725,-0.007303205909967672,-0.9727370410453661,1.970913960954053,-2.2617467052073725,0.0,2.0706233978271484,-2.365492343902588,-0.034548111259937286,3.026872493211559,2.9856270417770925,0.07682298581717983,4.426836559963219,2.6693481692117143,-0.3029537536049885,2.1454652111084087,1.6180590330934428,0.05731730108880718,2.7015784493386654,1.8896043536085638,-0.00530719199462144,-0.47373720862580615,0.3392280632121031,0.40488545911798013,0.0,0.0,0.0,-0.9262268581258539,-0.022949190646724727,-0.025108719695811778
7.1833,-4.774513885463158,-1.3512249263451082,1.0,-4.769650936126709,-1.2381349802017212,0.9782695174217224,0.09040309344768474,-0.2134399859351725,-0.007303205909967672,-0.9727370410453661,2.026837389517662,-2.2117708281947364,0.0,2.10677170753479,-2.3336966037750244,-0.0332610048353672,2.824570419350467,3.061169134461334,0.06364431144984106,4.267266016806318,2.7716925860495265,-0.3163066338711241,2.1689937340848617,1.9078281022002233,0.07722977346857028,2.5443497070515657,1.894984337278312,0.019059228783690083,-0.504215169077478,0.32205109911320096,0.40345516149379657,0.0,0.0,0.0,-0.9384804283783735,-0.03257455070139335,-0.023504216172831355
7.2,-4.740288459107969,-1.387648786458732,1.0,-4.727189064025879,-1.2827613353729248,0.9775464534759521,0.09613326306739249,-0.21028252316884247,-0.008150821180370237,-0.9728685813595687,2.081473179688098,-2.160432688661954,0.0,2.1780741214752197,-2.2654800415039062,-0.030285079032182693,2.6061629906153048,3.0811172362280606,0.05015227023616031,4.062246147478746,2.8069712541986727,-0.33066556915224266,4.279618208096621,4.094403342825661,0.1786170418282509,3.0566326850182075,2.544293027708446,0.0661636115204744,-0.5222158698247346,0.3160954693870058,0.4030073383673512,0.0,0.0,0.0,-0.9338672870387067,-0.04194948735761794,-0.02218949897894821
7.2167,-4.705140640544095,-1.4232286465256838,1.0,-4.705410480499268,-1.304628610610962,0.9772085547447205,0.10244977437522773,-0.20687258497486402,-0.00941025330757276,-0.972943602749918,2.134842969788526,-2.107710960816143,0.0,2.2138888835906982,-2.2348976135253906,-0.029315227642655373,2.6992612414582795,3.2234671696583814,0.04678273917794851,4.154910720349407,2.9685023280080234,-0.3354537857378105,2.1478431204335204,1.8340553911265531,0.058162849947811665,2.7883413951053946,2.334617895985004,0.06380164046989845,-0.5428686852967792,0.3043712046836018,0.4026143156415582,0.0,0.0,0.0,-0.912780793594348,-0.04940636303324372,-0.02037779072579919
7.2333,-4.6691120683869896,-1.4579204862395954,1.0,-4.660717487335205,-1.347490668296814,0.976529598236084,0.10896932285740815,-0.2054045048741083,-0.010491319971877236,-0.9725351997878474,2.186880729359393,-2.053668102580485,0.0,2.283385753631592,-2.1713333129882812,-0.028665246441960335,2.4699802386720227,3.283405249613313,0.04706019313595444,3.915061865916895,3.0406187522856634,-0.33781721139007764,4.168683141696699,3.8128253532406613,0.038988312310508554,3.1958435079655123,2.771011755378735,0.05647629247038114,-0.553846685047008,0.2994614910893863,0.40217652124153175,0.0,0.0,0.0,-0.8912349421978647,-0.05667499376173697,-0.017299116715499673
7.2501,-4.6319236856783474,-1.4919716135131413,1.0,-4.61470365524292,-1.3891280889511108,0.975898802280426,0.1142662887288747,-0.20084167388342877,-0.01158991972516218,-0.9728677384225983,2.237957420269712,-1.9978855285175214,0.0,2.347393751144409,-2.101879835128784,-0.02725996822118759,2.2643018315712835,3.3141975856309083,0.042592759996401774,3.6912478362259797,3.0776779418618396,-0.34488538549531156,3.8078548734823556,4.131808124361738,0.08360042072081017,3.376520449134895,3.1727437155272504,0.0644838308925392,-0.5587919127337838,0.30074507104007236,0.4019877492922094,0.0,0.0,0.0,-0.8681540919209125,-0.06422542727100375,-0.014509603800496016
7.2666,-4.594561077560244,-1.5245037279278983,1.0,-4.591230869293213,-1.4093838930130005,0.975591778755188,0.1142662887288747,-0.20084167388342877,-0.01158991972516218,-0.9728677384225983,2.2867555918918474,-1.9418416163403664,0.0,2.3787662982940674,-2.0648632049560547,-0.028529247269034386,2.3541838431813025,3.4382764909612025,0.05254945365816521,3.750223262497809,3.2136940266438456,-0.33619472857561034,1.9003509380009531,2.242233872015944,-0.07688491526219257,2.9407282286849585,2.8980402022817984,0.0227491931532261,-0.5694823109306025,0.29492314583196216,0.4010662572582569,0.0,0.0,0.0,-0.826557108385904,-0.07034068151460535,-0.012322075024481348
7.2833,-4.556033490285277,-1.5563996502446877,1.0,-4.543233871459961,-1.44890558719635,0.974960207939148,0.11901034063143896,-0.19448681157762662,-0.0127115738045826,-0.9735758476244298,2.334599475367032,-1.8840502354279145,0.0,2.4441041946411133,-1.9912248849868774,-0.02711104229092598,2.1149721685330434,3.451296744985603,0.04803330992444099,3.4717596240783157,3.230786199654025,-0.34177888150038827,3.9175875230511914,4.415271682415336,0.08503399157291325,3.2291149469772265,3.3459546664926387,0.04113680406028357,-0.572515408727274,0.2962552427405024,0.4005488420815158,0.0,0.0,0.0,-0.7842720468179981,-0.07574469740892432,-0.010736650656686527
7.3,-4.516743047165179,-1.5873047461578365,1.0,-4.4939045906066895,-1.487209439277649,0.974337637424469,0.12568666221918973,-0.19040951755014865,-0.013689928599065995,-0.9735295282379164,2.3809571192367547,-1.8251145707477696,0.0,2.472357988357544,-1.9568722248077393,-0.027605315670371056,2.2091513756307983,3.6082617991839605,0.0533965746607441,3.533596121194495,3.400186253588914,-0.33601214556189923,1.6960056101784666,2.0621055343265637,-0.029670012916290987,2.776513049270481,2.966938937059509,0.020233337513606037,-0.5817146877490121,0.2885257864330571,0.3996692886843697,0.0,0.0,0.0,-0.7427300578146847,-0.08045024083801043,-0.010260568461726356
7.3167,-4.476610934652587,-1.6172775607346945,1.0,-4.468819618225098,-1.5058655738830566,0.9740025997161865,0.13150960495500408,-0.18569809257668787,-0.014699935676781043,-0.973655715902358,2.4259163411020417,-1.7649164019788819,0.0,2.5243613719940186,-1.883116602897644,-0.03291796147823334,2.0275740324422524,3.630990981235111,0.08937575671372766,3.319839204498501,3.4291534299316164,-0.29721866535978825,3.1141474279350665,4.416748761439728,-0.3181401116845847,2.8761888889817673,3.3949492961892336,-0.07966068932759957,-0.5871104240409936,0.2874857534315122,0.3968075228305524,0.0,0.0,0.0,-0.7051547480152546,-0.08564820212801746,-0.010213100757036447
7.3333,-4.435873268644471,-1.6461445615677026,1.0,-4.417862892150879,-1.5420827865600586,0.9732561111450195,0.1356320277205251,-0.1787401352104752,-0.015818133714623598,-0.9743745304037114,2.469216842351554,-1.7038099029667075,0.0,2.580108404159546,-1.808521032333374,-0.034956589341163635,1.809840046254917,3.65002643315953,0.10623017911577559,3.0619662242279837,3.4494367550376857,-0.2752111871817437,3.3495208216940995,4.482021860271892,-0.12248950678298738,3.0159251268668825,3.7158729861304236,-0.09230453904631586,-0.5871954183519652,0.2912865162171682,0.3935197091246809,0.0,0.0,0.0,-0.6649307596211015,-0.09069683809532371,-0.012078342827161635
7.35,-4.394378019457507,-1.6740181452207332,1.0,-4.391912937164307,-1.5596625804901123,0.972896933555603,0.13907376571170502,-0.17361852920477228,-0.016606827690807926,-0.9748021944755514,2.5110272178310997,-1.6415670291862607,0.0,2.6108546257019043,-1.7710936069488525,-0.031462229788303375,1.8605460502453934,3.8082600319942355,0.08796324104226638,3.06912253892406,3.6179441215824792,-0.288454476331991,1.844986193971129,2.24590468832711,0.20968576977552686,2.670242551980252,3.28191147719868,-0.003151480238903895,-0.5909726013072034,0.2850856948509534,0.3917883866123484,0.0,0.0,0.0,-0.6176038873714634,-0.09476978443919729,-0.015370669238090977
7.3667,-4.352181474524834,-1.7008568854159205,1.0,-4.339206695556641,-1.593705415725708,0.972207248210907,0.13907376571170502,-0.17361852920477228,-0.016606827690807926,-0.9748021944755514,2.551285328123881,-1.5782722117872514,0.0,2.6573102474212646,-1.6924244165420532,-0.0352693535387516,1.6756539487668223,3.810634939791137,0.11518116575998416,2.837966152472844,3.6240223359881503,-0.2551975394256851,2.7863434863434864,4.718468468468468,-0.2283459799084799,2.704517669845002,3.7060093577648754,-0.0696330125452654,-0.5917617616540713,0.28561752168517646,0.38863422692164307,0.0,0.0,0.0,-0.5705504420519505,-0.09900491788218935,-0.0182555217359738
7.3833,-4.309336968125762,-1.7266264462166376,1.0,-4.2855424880981445,-1.626254677772522,0.9714311957359314,0.14633213988720278,-0.16727946208899414,-0.01765527269436495,-0.9748296742207805,2.5899396693249566,-1.5140054521886426,0.0,2.70644211769104,-1.6189244985580444,-0.03504890203475952,1.4618936007550374,3.8454433377427546,0.11869090269686122,2.576708705638601,3.660202080762139,-0.24532670717571764,2.9482524285734724,4.410504027354536,0.013228616750361246,2.7764726254960754,3.9139890606648393,-0.045170745069559405,-0.5881616754775776,0.28894213223000326,0.38574594031207743,0.0,0.0,0.0,-0.5266534294059856,-0.10370087524938797,-0.021728330439498563
7.4,-4.2658667068265705,-1.7513142221326232,1.0,-4.258330345153809,-1.64198637008667,0.9710835218429565,0.15007892458483119,-0.16010430521951985,-0.018660938646683348,-0.9754459032928583,2.626971333198935,-1.448800060239856,0.0,2.730449676513672,-1.5788609981536865,-0.03253549337387085,1.5233951613486763,4.005240104865633,0.1063124536902853,2.582447487559345,3.8308599753270864,-0.25160940310385055,1.4408259046746892,2.404431439323479,0.15084350451443043,2.3821653011588406,3.468340059828793,0.012696244068034407,-0.5889090917847564,0.28211784559427106,0.3838125896415122,0.0,0.0,0.0,-0.4701432344259127,-0.10773771605572435,-0.025890732847376384
7.4167,-4.221772037078668,-1.7749186774778845,1.0,-4.20321798324585,-1.6722474098205566,0.9704380631446838,0.15266801668411203,-0.153848500520064,-0.01974828519141594,-0.9760293421167946,2.6623780162168265,-1.3826580556180021,0.0,2.7694475650787354,-1.4934661388397217,-0.03208339214324951,1.3472370361808057,3.9744036844348365,0.10781314289123767,2.341229616816764,3.802483388183013,-0.24464279971560332,2.3384371247212217,5.120546691828215,0.027109424143649568,2.36925594423049,3.9561016558856346,0.016951278263986708,-0.5873889136562876,0.28335346068610295,0.38185673923982105,0.0,0.0,0.0,-0.40660366697967054,-0.11143316443427921,-0.029400796632980078
7.4333,-4.177131123502217,-1.7973983955105053,1.0,-4.147314548492432,-1.7008605003356934,0.9697562456130981,0.15762913703958079,-0.14660841577191414,-0.020973873399264195,-0.9763294698250407,2.696097593265758,-1.3156966852533256,0.0,2.812150001525879,-1.414281964302063,-0.034405723214149475,1.1360884678550625,3.9807047454413182,0.12616395178303375,2.0726354913067784,3.808544957098786,-0.2196119795919934,2.5631386130112483,4.752890752454277,-0.13939383640058386,2.4264936517548934,4.19132836054587,-0.029204657190766717,-0.5815605570722403,0.2881454129291531,0.3788726671538498,0.0,0.0,0.0,-0.3549864663794756,-0.11598562458662068,-0.03309673577882268
7.45,-4.13192484703451,-1.8187636044540278,1.0,-4.119049072265625,-1.714613676071167,0.9694223999977112,0.15762913703958079,-0.14660841577191414,-0.020973873399264195,-0.9763294698250407,2.7281454066810418,-1.2478872705517647,0.0,2.8275668621063232,-1.3772042989730835,-0.03215990588068962,1.218649538580717,4.173371536394585,0.11537719286825787,2.0967049728854263,4.0126132917429675,-0.22351326566122898,0.9253169628802839,2.225394235997825,0.13479351800177442,1.9833188553659509,3.6109486745184993,0.019210601611046027,-0.5808754341400107,0.2804063312482733,0.3766671469653982,0.0,0.0,0.0,-0.29718000016469864,-0.11964808659665581,-0.03777668843591135
7.4666,-4.086213069806591,-1.838985864237487,1.0,-4.062057971954346,-1.7409844398498535,0.9687737822532654,0.16540480121882153,-0.13123228396015835,-0.022915958031797724,-0.9771869474579947,2.7584787963562305,-1.1793196047098862,0.0,2.853501558303833,-1.2958017587661743,-0.03505486622452736,1.085391098590313,4.1709719363890105,0.1370306634587939,1.9018763841165072,4.014951006025033,-0.19497282572742586,1.5564617673992673,4.885345123626373,-0.1737400376316392,1.8573028410960855,3.9871737991409537,-0.03775195375850108,-0.5801623217310251,0.2785583614783303,0.37321372366063,0.0,0.0,0.0,-0.236322963795169,-0.12253743111435242,-0.04121023447441026
7.4833,-4.040002229055394,-1.8580626203099422,1.0,-4.004507541656494,-1.765724539756775,0.9680405855178833,0.1687345207891936,-0.12177340109193804,-0.02366368527122946,-0.977824081366934,2.787093930464913,-1.1100033435830905,0.0,2.88784122467041,-1.2134804725646973,-0.03883550316095352,1.151281194961268,4.34570754202127,0.16438182296081205,1.9256130165776226,4.206559762969989,-0.15893931801957323,0.8932423540182531,2.498333476382571,-0.24516784145853002,1.5726945646462036,3.5476409235080792,-0.09898491486196924,-0.5821996385054266,0.26668261977763835,0.3683285322531873,0.0,0.0,0.0,-0.19213218311092806,-0.127534840726358,-0.04500739127280201
7.5,-3.993302168335771,-1.8759883004381765,1.0,-3.9462385177612305,-1.7888888120651245,0.9673717021942139,0.1687345207891936,-0.12177340109193804,-0.02366368527122946,-0.977824081366934,2.8139824506572646,-1.0399532525036563,0.0,2.916435956954956,-1.1318914890289307,-0.03434276208281517,0.9335795908689083,4.350409120777561,0.14293532942826115,1.6751510332516109,4.23662325513206,-0.17118724471234814,1.007949102866538,2.401451140181571,0.2429241278861963,1.405971382164992,3.2092647499281277,0.0019528838171795626,-0.5855874885684759,0.2462475973587834,0.3651524008997749,0.0,0.0,0.0,-0.15598395381422667,-0.13246173171328235,-0.05102982675916563
7.5167,-3.946195483796992,-1.8927312003346835,1.0,-3.916934013366699,-1.7998427152633667,0.9670550227165222,0.1741263170698097,-0.11161703002771094,-0.0243924464288313,-0.9780729585073908,2.839096800502025,-0.9692932256954883,0.0,2.9256157875061035,-1.0862711668014526,-0.03737102076411247,0.7949463804045416,4.315506162312228,0.16274975346478637,1.5185923367091378,4.233200388343531,-0.14289015113255255,0.5508061170479093,2.7373002589302318,-0.18170089266555084,1.1535109655758724,3.0699322058305993,-0.05226506774174771,-0.5911084502713378,0.22182692478662228,0.3607406214827779,0.0,0.0,0.0,-0.13253750603325845,-0.13952115081792535,-0.055100716885439015
7.5333,-3.898691854335425,-1.9082893028973384,1.0,-3.8579342365264893,-1.8204814195632935,0.9664242267608643,0.1778115663807954,-0.10688961559359635,-0.024410696014236608,-0.9779375406831253,2.862433954346008,-0.8980377815031375,0.0,2.950775384902954,-1.0040127038955688,-0.03197892755270004,0.8343584011626053,4.497037210400788,0.1624533094314904,1.5293725966075304,4.450555768065665,-0.13505713093085192,0.8396038753810267,2.542610587174607,0.03076656124332756,1.0608398550975733,2.914257225855689,-0.02775261325053853,-0.5954405774217932,0.19366829854550371,0.35658885502805227,0.0,0.0,0.0,-0.09957361802313196,-0.14718685621038086,-0.05907841466570993
7.55,-3.850776426778739,-1.9226662028820405,1.0,-3.828263998031616,-1.830215334892273,0.966154932975769,0.18237864366646242,-0.1012882967923205,-0.024433244578189836,-0.9776921195842464,2.8839993043230607,-0.8261646401681089,0.0,2.958080530166626,-0.9639860391616821,-0.031562767922878265,0.6880636205359247,4.506935877320635,0.13463806267150513,1.3694041830516386,4.501770432726186,-0.1537403743298027,0.438171235717248,2.4008465971656157,0.024961745820641527,0.8770166977991926,2.7626890243775435,-0.012190370963351516,-0.6013598702675167,0.16097380649504592,0.3525606666890472,0.0,0.0,0.0,-0.0799806922481973,-0.15580836190059638,-0.06418222968773936
7.5666,-3.8025835620360287,-1.9358227613010384,1.0,-3.768772840499878,-1.8483901023864746,0.9656282067298889,0.1862768162219471,-0.09416104343817362,-0.024626530025460894,-0.9776647241327142,2.9037341419515577,-0.7538753430540436,0.0,2.9682869911193848,-0.8735764622688293,-0.032605115324258804,0.5797454189688599,4.451451479071978,0.14467056944322731,1.256566499511921,4.475340772418946,-0.13429369178520867,0.6128879853395945,5.429006557095407,-0.0625919407141221,0.7990410742551652,3.5498346937899514,-0.027069835571029405,-0.6063643431616429,0.14291646851425796,0.34823497965987915,0.0,0.0,0.0,-0.0704567373814183,-0.16680576186122603,-0.06927071843144315
7.5833,-3.754010954359782,-1.9477869630227325,1.0,-3.7089242935180664,-1.8648090362548828,0.9652175903320312,0.19062602327677117,-0.08625670756460715,-0.025359337280519808,-0.9775368927411807,2.9216804445340987,-0.6810164315396733,0.0,2.9887661933898926,-0.7860751748085022,-0.022366942837834358,0.5975773082419302,4.630558422881989,0.12082200992502745,1.2586397355209695,4.688552853525244,-0.15015208762978077,0.7376420962322157,2.656513190820047,0.2615242055122614,0.780914973719852,3.286109858384104,0.05812840014899821,-0.6093045855985684,0.11886166239521155,0.34552823474750594,0.0,0.0,0.0,-0.05175784168047089,-0.17685609303846642,-0.0745541371926977
7.6,-3.7051928361948447,-1.958524640002361,1.0,-3.6788816452026367,-1.8723552227020264,0.9650830030441284,0.19062602327677117,-0.08625670756460715,-0.025359337280519808,-0.9775368927411807,2.9377869600035416,-0.6077892542922675,0.0,2.989668130874634,-0.7373720407485962,-0.022077396512031555,0.4734535532739029,4.565184119236253,0.08654800160265719,1.12717182055398,4.644618005635521,-0.17878083839687114,0.5449733178820264,5.515251012203671,0.3700696426527605,0.7112606844809306,3.9441930702322705,0.15021915645800848,-0.6119515605510407,0.10642666788364938,0.3446901779497879,0.0,0.0,0.0,-0.04176670672903646,-0.18586055428291695,-0.07936133795025957
7.6167,-3.656087136301308,-1.9680452107003876,1.0,-3.618708610534668,-1.8860270977020264,0.9648014903068542,0.19572739352683277,-0.08012280274630144,-0.02546963558307282,-0.9770478628579088,2.9520678160505813,-0.5341307044519623,0.0,2.9994404315948486,-0.6456894278526306,-0.021047009155154228,0.532819943320442,4.728604247937241,0.09354610186837586,1.1857650493936438,4.836685495609153,-0.16786733924527364,0.10911586411986732,2.860263210568455,-0.0506150456079149,0.5334965277778149,3.6241971640764623,0.09092922925082166,-0.6161775781311664,0.08667412523580907,0.3428329046579516,0.0,0.0,0.0,-0.03676752794203533,-0.19475537290772083,-0.0814194635443021
7.6333,-3.606786974586426,-1.9763303752723398,1.0,-3.5885372161865234,-1.8921964168548584,0.9647118449211121,0.19966083245780897,-0.07410682481012919,-0.025393434080965116,-0.9767287269209843,2.9644955629085095,-0.4601804618796391,0.0,3.0030338764190674,-0.6010751128196716,-0.016407979652285576,0.37197934291394547,4.680415611838485,0.0567329713747915,1.0342864790702477,4.823602396283771,-0.20482249023681914,0.21565008370176417,2.6773976620738007,0.2783977908457455,0.43966244803204346,3.344684645909302,0.14627337509979704,-0.6211862053997336,0.05977033840805451,0.34216081350237765,0.0,0.0,0.0,-0.04112093075656875,-0.2029571228533415,-0.08060535189076701
7.65,-3.5572859151507608,-1.9833819495662037,1.0,-3.5281922817230225,-1.9031124114990234,0.9646128416061401,0.2038609081575333,-0.06863066897804053,-0.02496749802991393,-0.9762721922579143,2.9750729243493055,-0.38592887272614124,0.0,3.000480890274048,-0.5014142394065857,-0.014457913115620613,0.2846796928938281,4.561809996182062,0.04670736203814041,0.95561446678065,4.726053295700415,-0.21503470514860346,-0.15315302430024172,5.978631806284595,0.11698402212623539,0.26465248538465524,4.122273989755059,0.1376266227643654,-0.6279889610397991,0.04765507706335003,0.3415764302568927,0.0,0.0,0.0,-0.04294581284702287,-0.211898376581702,-0.07983436307014884
7.6666,-3.5076418316698925,-1.989192014296451,1.0,-3.4677367210388184,-1.9121509790420532,0.9646234512329102,0.20871866962320193,-0.06452988598505181,-0.024138385226007652,-0.9755459177643746,2.9837880214446764,-0.3114627475048394,0.0,3.0081708431243896,-0.41353708505630493,-0.00782755110412836,0.12440926150901206,4.50927566306999,0.008050717986569644,0.8005192585789609,4.685433890364796,-0.25762985233538305,0.4616485608370189,5.275502025276597,0.3980384717570527,0.3228093274639652,4.462727984024995,0.2145049602777999,-0.6318962086109058,0.042250007755690634,0.34277582091730163,0.0,0.0,0.0,-0.044213788459042995,-0.2184082350504965,-0.07709525059534894
7.6833,-3.457859504423919,-1.9937603609418646,1.0,-3.407277822494507,-1.9193633794784546,0.964722752571106,0.21249570686771024,-0.060909951118367826,-0.023403259894280673,-0.9749809814069346,2.990640541412797,-0.23678925663587902,0.0,3.003772020339966,-0.3176489770412445,-0.009311615489423275,0.1690509101116624,4.663626142144437,0.012218606609557092,0.8610530618480517,4.857898571642528,-0.2585298765623397,-0.1815684029765312,2.9917662421293647,-0.032881815254722384,0.17390780264835118,4.028473192239475,0.1414718625162477,-0.636662548501668,0.02826730917277956,0.3429073441795757,0.0,0.0,0.0,-0.055339603234721285,-0.22253973867087015,-0.07215886100767886
7.7,-3.4079692637725962,-1.99708353307527,1.0,-3.37705397605896,-1.9222840070724487,0.9647704362869263,0.21249570686771024,-0.060909951118367826,-0.023403259894280673,-0.9749809814069346,2.995625299612905,-0.16195389565889484,0.0,3.005974054336548,-0.27468761801719666,-0.009279998950660229,0.028444990192732573,4.599653103873566,0.01838172149881867,0.7279021361711477,4.805316052788992,-0.2577940307092086,0.04969175094048147,5.339821344280585,-0.05427223988356625,0.1372369538189955,4.415607134954447,0.08368462576505148,-0.6409860785094524,0.021288201479376625,0.34217954691045066,0.0,0.0,0.0,-0.05847106746896269,-0.22695115039480293,-0.06600379470242343
7.7166,-3.3580172598213016,-1.999158322285363,1.0,-3.31662917137146,-1.9268336296081543,0.9649462103843689,0.2133918173556807,-0.05548779593593377,-0.023223798613321266,-0.9751131539238648,2.9987374834280445,-0.08702588973195241,0.0,2.9997332096099854,-0.18483494222164154,-0.004109236877411604,0.05496205097874274,4.791276395882335,0.0013104267913695011,0.7692879661833625,5.019116897974747,-0.2788727096415979,-0.21790562286335483,2.6344861681280487,0.1790188205808099,0.03239237404588689,3.889787671018381,0.11182902255025,-0.6457720591665755,0.003524762377322705,0.3422356170841389,0.0,0.0,0.0,-0.06855385603804419,-0.2313652644697352,-0.062052480651171506
7.7333,-3.3080275717267833,-1.9999838894581554,1.0,-3.2864580154418945,-1.9283759593963623,0.9650641083717346,0.2136397936072506,-0.04936404323976311,-0.02350487594604042,-0.9753813343209395,2.999975834187233,-0.012041357590175326,0.0,2.9980416297912598,-0.13024486601352692,-0.0035213464871048927,-0.07654340107211258,4.652522365914496,-0.01530187378882264,0.6428293784064479,4.906918512540534,-0.29901038707970284,-0.10149488591660111,3.275407696159073,0.035273457057792716,-0.007133592226232072,3.7084114730787254,0.08922842036864097,-0.6504062153982912,-0.01906050591325087,0.3421084935898585,0.0,0.0,0.0,-0.06896656408026922,-0.23533564071278656,-0.058399980298978325
7.75,-3.258012129254317,-1.999559206102746,1.0,-3.2261569499969482,-1.930006980895996,0.9653689861297607,0.21690070054489455,-0.046439257418993546,-0.02324887598818527,-0.9748112560479812,2.999338809154119,0.06298180611852411,0.0,2.996183395385742,-0.03739167004823685,-2.990402572322637e-05,-0.23371010668790287,4.5537055584715285,-0.03662015499862381,0.4872711237953404,4.824026451982069,-0.32386682803620087,-0.11145590527535071,5.569285006935606,0.2094148505132773,-0.03793144579470594,4.257775352483783,0.12470965126091743,-0.6542203026294017,-0.03063644240915061,0.34300268601475015,0.0,0.0,0.0,-0.06676092785384158,-0.2396844511013893,-0.05575601297717307
7.7666,-3.208080107262218,-1.9978865666796688,1.0,-3.1659493446350098,-1.9298121929168701,0.9658274054527283,0.22051500880730232,-0.04457817376094194,-0.022898804264453742,-0.9740952653854782,2.996829850019503,0.13787983910667262,0.0,2.982757329940796,0.05546159669756889,0.006056202109903097,-0.23893936974384197,4.7344472620512175,-0.06509079444800481,0.4830484870091747,5.029069452822033,-0.35681343261176884,-0.23392616776928143,2.7305808461852394,0.2854972765283677,-0.09579267002508375,3.806919620849316,0.1721770970438541,-0.6572500962445288,-0.050811360065068215,0.3451929874664232,0.0,0.0,0.0,-0.0647377605084879,-0.2438108307057471,-0.05347034930265917
7.7833,-3.158132670981829,-1.9949620700547792,1.0,-3.1359622478485107,-1.9290416240692139,0.9660812616348267,0.22051500880730232,-0.04457817376094194,-0.022898804264453742,-0.9740952653854782,2.992443105082169,0.2128009935272566,0.0,2.9772403240203857,0.09833289682865143,0.0032889500726014376,-0.33830144716957,4.6438609872694805,-0.05781711917166721,0.3809266474156876,4.955307617021538,-0.3562194470771618,-0.9020838097415962,5.410797949598388,-0.0859983676689701,-0.33382455149664636,4.2804138184636376,0.09595898104546244,-0.6636404151338756,-0.062192021586385184,0.3462666437641159,0.0,0.0,0.0,-0.05558767945138202,-0.24925460816567266,-0.04786431585862134
7.8,-3.1083167365330935,-1.990793190290412,1.0,-3.0760960578918457,-1.9261707067489624,0.9665704965591431,0.22182050743992726,-0.04042563443798185,-0.022824920839014183,-0.9739817639224383,2.986189785435618,0.2875248952003595,0.0,2.971135377883911,0.19109266996383667,0.005788448732346296,-0.502065798349851,4.53167861251133,-0.07414603379476947,0.22133788650971342,4.852340968108636,-0.37814555296823016,-0.36631807842520137,5.565910180111873,0.14997864446234674,-0.3434172345480442,4.659915840147222,0.11190657303326781,-0.6685477499006874,-0.06608006100272339,0.3479524969629952,0.0,0.0,0.0,-0.054855934958876966,-0.25458229459458265,-0.043952977789534504
7.8167,-3.058601385804044,-1.9853782282135242,1.0,-3.0163824558258057,-1.921411156654358,0.9671956896781921,0.22152203399548523,-0.034775923152081396,-0.02329342520706127,-0.9742567299621234,2.978067342320286,0.3620979212939335,0.0,2.958322048187256,0.28771722316741943,0.007882132194936275,-0.6364750637700253,4.389396514733971,-0.08874040520525117,0.08873554581595866,4.710519923783528,-0.39801705652090963,-0.7686465767531,5.796317882120739,0.1255959742255324,-0.4689527085178712,4.995402493583831,0.11594793447394974,-0.6738350576104912,-0.0628017301293442,0.35003672769719246,0.0,0.0,0.0,-0.05137555197549269,-0.25832167892021274,-0.040760076381533984
7.8333,-3.009066686980988,-1.9787263093656438,1.0,-2.986642599105835,-1.9183253049850464,0.9674949049949646,0.22375678634407836,-0.03061227813453869,-0.023341304026969642,-0.9738844889960752,2.9680894640484654,0.4363999695285178,0.0,2.9507734775543213,0.3334665596485138,0.004852434154599905,-0.6639033508380329,4.562570038914656,-0.07097524090304663,0.05938442845992298,4.8930752492671425,-0.38578626828118145,-0.4531026389604442,2.7461020235846356,-0.18185749913239166,-0.4642734782840676,4.3313678831365126,0.028030327319423023,-0.6767075696998257,-0.07176526960905232,0.35068581711704705,0.0,0.0,0.0,-0.04658020959813012,-0.25873994074343354,-0.03587478973891224
7.85,-2.9596967554096807,-1.970835787609232,1.0,-2.927323341369629,-1.9109054803848267,0.9680878520011902,0.2251565358666858,-0.02674685368034693,-0.023279221719113084,-0.97367716864825,2.956253681413848,0.510454866885479,0.0,2.9368977546691895,0.4148262143135071,0.003968606702983379,-0.8130322502994128,4.502342455105825,-0.06757325875541031,-0.09564423784931542,4.839330629750437,-0.387633000267746,-0.8325322576030669,4.881514104654822,-0.0530289390842703,-0.5729902008075747,4.493781103054217,0.004100150312195024,-0.6799622471304607,-0.07760079446526787,0.3510282778027513,0.0,0.0,0.0,-0.037425765319636706,-0.2593873801793448,-0.030968536290415627
7.8666,-2.9105212429967144,-1.961710044283603,1.0,-2.8683385848999023,-1.9018045663833618,0.9686071872711182,0.22222342077497928,-0.020459060181415797,-0.023806099472347783,-0.9744903920902678,2.942565066425405,0.5842181355049281,0.0,2.9150712490081787,0.5061029195785522,-0.0036349231377243996,-0.8311837796324618,4.670974751309446,-0.025017038205796815,-0.11645785943695741,5.025623396541533,-0.34625367268257734,-0.7648438393776456,2.7634656360828282,-0.42863820644091066,-0.6296289015280805,3.9829603512754534,-0.12365212199861098,-0.6821466609587976,-0.09342979259923354,0.34895010163642226,0.0,0.0,0.0,-0.032579259236706834,-0.2612188526328538,-0.027713467159641743
7.8833,-2.8616095398141574,-1.9513620382743038,1.0,-2.8389439582824707,-1.896587610244751,0.9688498377799988,0.22222342077497928,-0.020459060181415797,-0.023806099472347783,-0.9744903920902678,2.9270430574114554,0.6575856902787636,0.0,2.9094927310943604,0.5488404035568237,-0.0015744740376248956,-0.9966125043072401,4.561173598500405,-0.03603159203570616,-0.2962410519913107,4.942698392978094,-0.3586609513723259,-0.33475449238869176,2.564581664186792,0.12364298246457237,-0.5425765863681468,3.5642290383584045,-0.050646087212250245,-0.6809166650742627,-0.11834190777261089,0.3482288469339879,0.0,0.0,0.0,-0.01945478724166677,-0.263182886705078,-0.0255994875973682
7.9,-2.812953038306464,-1.9397900033521915,1.0,-2.7802398204803467,-1.884857416152954,0.9694278240203857,0.2209985912104042,-0.013832648364836019,-0.024598291636958543,-0.9748657519231058,2.909685005028287,0.7305704425403035,0.0,2.89105486869812,0.6411920189857483,0.0004224066506139934,-1.1503944780485278,4.417228492045037,-0.04988316726625275,-0.46440004775346144,4.814330799780292,-0.37205366225443176,-1.105655953334096,5.538012552899462,0.11974614917938815,-0.7088079072082167,4.146926007779337,-0.0003431846766857455,-0.680825824588107,-0.1313346728441567,0.34849930634126364,0.0,0.0,0.0,-0.0051686057069592825,-0.2657676348910973,-0.0263288113530846
7.9166,-2.7646397001589027,-1.9270156588243,1.0,-2.721912384033203,-1.8713836669921875,0.9699590802192688,0.22271594884667759,-0.010216301248631513,-0.024639764135893277,-0.974518461891376,2.89052348823645,0.8030404497616457,0.0,2.8674724102020264,0.723871648311615,-0.00399895990267396,-1.2833559420599094,4.32280492527116,-0.025010602134565296,-0.6219207080859853,4.730709263891999,-0.3448789507136387,-1.415961634814974,4.9643332617564955,-0.26547212683303806,-0.9175726126358957,4.388239569355985,-0.07861409430894396,-0.6823616052374681,-0.13864747763667404,0.34725773793844,0.0,0.0,0.0,0.02092637126354399,-0.2692568609841648,-0.027389389359366564
7.9333,-2.7166264015029187,-1.913027768898446,1.0,-2.692852735519409,-1.8640602827072144,0.970238208770752,0.22536764943087687,-0.005532153188691397,-0.02426360351293351,-0.9739559279043012,2.869541653347669,0.8750603977456217,0.0,2.856776714324951,0.7644079923629761,-0.003281909739598632,-1.3587307428006798,4.512740060649444,-0.029716316810557863,-0.7298079262896338,4.940776313251529,-0.3486068023576875,-0.6416322210621165,2.4317655219760574,0.043015666678883534,-0.8361099655287973,3.810652671015683,-0.0427067657712047,-0.6795098191890766,-0.15645350901392532,0.3466401389064585,0.0,0.0,0.0,0.05058700267803054,-0.2715827435881598,-0.027749653359328906
7.95,-2.668971739641137,-1.8978417570041153,1.0,-2.6351447105407715,-1.848106026649475,0.9706781506538391,0.22500355334330338,-0.0015236191103808999,-0.024289650265313288,-0.9740539614739375,2.846762635506173,0.9465423905382937,0.0,2.8224165439605713,0.8552578091621399,-0.013372406363487244,-1.4472976818620829,4.357694049671059,0.029604808961088303,-0.8504476536442773,4.796952934552913,-0.2833959262680485,-2.060639423489376,5.448422173925477,-0.6051447046178401,-1.1976134429181076,4.294152162689906,-0.20874872530671826,-0.6813857715177752,-0.1648308017278523,0.34265218819971327,0.0,0.0,0.0,0.08453574329996974,-0.27442808315400247,-0.029651452970576475
7.9666,-2.621765549508008,-1.8814882487450793,1.0,-2.577897310256958,-1.8304908275604248,0.9710999727249146,0.22269617143801387,0.008651652181225305,-0.025071094983553727,-0.9745270598484723,2.822232373117619,1.0173516757379881,0.0,2.7998950481414795,0.934696614742279,-0.00801085215061903,-1.5484389133073693,4.554953106389005,0.015441444097596069,-0.9826080551772551,5.01794728429982,-0.2904661872487584,-0.5982586530337529,2.290222107659922,0.14209154288568115,-1.0206729542066397,3.702555383511718,-0.10517426563550507,-0.6771692989691075,-0.18444431509297493,0.3403868559062072,0.0,0.0,0.0,0.11133844083899341,-0.278549862817839,-0.03447922455985278
7.9833,-2.574945224512226,-1.8639462364945973,1.0,-2.5494771003723145,-1.8210561275482178,0.9713380932807922,0.22269617143801387,0.008651652181225305,-0.025071094983553727,-0.9745270598484723,2.795919354741896,1.087582163231661,0.0,2.7816998958587646,0.980280339717865,-0.01089157722890377,-1.6785014345198395,4.410346602172182,0.01334560690198483,-1.1422736801690663,4.902707224063136,-0.28474028007201496,-1.0917257953765163,2.7350652323186084,-0.17284614211990731,-1.0416490515918997,3.4169346075291465,-0.12515224044985931,-0.6709030559845064,-0.2103810393957058,0.33750692572292146,0.0,0.0,0.0,0.1346753016337331,-0.28197958249524835,-0.03942103874892168
8.0,-2.5285278814858625,-1.8452183530290687,1.0,-2.4930386543273926,-1.8009469509124756,0.9717904329299927,0.22224071151958089,0.0160052867954363,-0.025492352734420163,-0.9745271019953208,2.7678275295436032,1.1572081777712062,0.0,2.7517354488372803,1.0647886991500854,-0.01156899705529213,-1.8224025139380935,4.27126949154275,0.016089996597279388,-1.3207578755421685,4.784050829236816,-0.27736286697681906,-1.795479870853453,5.0637696791336895,-0.040591226713620386,-1.2641936876189872,3.903110420778452,-0.10018828362669917,-0.6664705603691744,-0.22610203586702426,0.3349665790054088,0.0,0.0,0.0,0.1648259219732493,-0.28667930182704177,-0.0415137154313104
8.0166,-2.4827001376341222,-1.825382407874229,1.0,-2.4373393058776855,-1.779072642326355,0.972287118434906,0.22285877397956888,0.02053209013317314,-0.025423021168619695,-0.9743029229080914,2.7380736118113433,1.2259497935488164,0.0,2.7107081413269043,1.156667709350586,-0.012940828688442707,-1.9062060523040036,4.405687888704571,0.01105778747974906,-1.44533603791225,4.944635901647395,-0.277498698062016,-1.0900441336619475,2.7891184730899297,0.04738961658881183,-1.2127815562635536,3.5742396367764098,-0.0566205901205154,-0.6581117932254292,-0.247404130227917,0.3331516891156764,0.0,0.0,0.0,0.1972417788336755,-0.2915438827149069,-0.04459520357391134
8.0333,-2.437287049182021,-1.8043631465120693,1.0,-2.409803867340088,-1.7674906253814697,0.972528338432312,0.22460826858783184,0.026680957082700234,-0.025122809166676602,-0.9737597764713315,2.706544719768104,1.2940694262269683,0.0,2.6958272457122803,1.1928720474243164,-0.011157097294926643,-2.0206636137382583,4.267807164995682,0.011776228882601991,-1.6115469204142108,4.842122142156756,-0.2729732608707103,-0.8919869092364198,2.1701513440898634,0.10691997940276964,-1.1180771131206932,3.159727109480275,-0.008340424876177914,-0.6451856009127356,-0.27703799706802457,0.3322008689574987,0.0,0.0,0.0,0.236068907588688,-0.2972769800930496,-0.04745137920418639
8.05,-2.3924618561423343,-1.7822386252809648,1.0,-2.3553311824798584,-1.7431968450546265,0.9730481505393982,0.2250940426270563,0.035805233486414526,-0.02523871300008157,-0.9733517949777459,2.6733579379214474,1.3613072157864983,0.0,2.6508913040161133,1.2756770849227905,-0.014371901750564575,-2.0998816243487837,4.113126532013356,0.029364363502955904,-1.7371722728789918,4.712867632132857,-0.2511812715970008,-2.696236213038067,4.9684491366608015,-0.19289397003705133,-1.5839785242993867,3.6936949109126616,-0.0628240045944607,-0.6388526501684259,-0.2951240822674146,0.33005553274151306,0.0,0.0,0.0,0.27614329869863397,-0.30461701785208617,-0.049509897641556354
8.0666,-2.3482124074097,-1.7590055084027343,1.0,-2.301825761795044,-1.7172805070877075,0.9735838174819946,0.2241389845030873,0.041773490653360314,-0.02554549991039237,-0.9733263804280939,2.6385082626041014,1.4276813888854496,0.0,2.6104214191436768,1.3616364002227783,-0.009805836714804173,-2.222667204569088,4.265476057295983,0.03839834754739169,-1.9111755469412541,4.8953106933551,-0.23529296124999083,-0.9947894299865442,2.45722036130436,-0.0936683611755275,-1.4100391347246464,3.3286650241419244,-0.07192982241648525,-0.6263232499302718,-0.3191915352775276,0.3275550241477404,0.0,0.0,0.0,0.31483159230243807,-0.3106431007815899,-0.0538637153503579
8.0833,-2.304510773176865,-1.7346472838243159,1.0,-2.2754693031311035,-1.7036478519439697,0.973891019821167,0.2241389845030873,0.041773490653360314,-0.02554549991039237,-0.9733263804280939,2.601970925736474,1.4932338402347023,0.0,2.5822792053222656,1.408003330230713,-0.011003570631146431,-2.2747887685800934,4.042867273293237,0.006700738310079224,-2.0084830483875784,4.705101255764428,-0.25976405671803054,-1.6871346283035318,2.779712133556308,-0.07180452748238354,-1.4918427890560877,3.166604097326718,-0.07189283306185391,-0.612648506592081,-0.3464212339963978,0.32485924852478354,0.0,0.0,0.0,0.3463427863995663,-0.3158127484747933,-0.058394453496673784
8.1,-2.2614461641246115,-1.7092120787042542,1.0,-2.223398447036743,-1.6752039194107056,0.9745396971702576,0.22409897133878226,0.049958719467183714,-0.02599735627327769,-0.972937828631672,2.563818118056381,1.5578307538130824,0.0,2.5386765003204346,1.4824409484863281,-0.007732104044407606,-2.3866042637946316,4.2120701484357586,0.0021394092126092445,-2.1782201878911422,4.911814706583493,-0.2574944710575142,-1.2949357499178114,2.176291076456883,0.038245024460056315,-1.433712232124062,2.8742455930694177,-0.03937812447110256,-0.5953732067861102,-0.3781140301895717,0.32283878060251625,0.0,0.0,0.0,0.38698913088262055,-0.32163052795816216,-0.06320490033239276
8.1166,-2.219067150573742,-1.6827311654067714,1.0,-2.172252893447876,-1.6450955867767334,0.9752076268196106,0.22282447698159313,0.057976498851873316,-0.02609606419249015,-0.972783149697637,2.524096748110157,1.6213992741393866,0.0,2.4839978218078613,1.5723416805267334,-0.011155335232615471,-2.4558542475225247,4.021347860996669,-0.003184074421633376,-2.302776495159346,4.761331524479572,-0.2576361845991633,-1.7925138896844035,2.698994787788533,-0.13071738497157626,-1.53963703945139,2.8225083521950083,-0.06634314362881423,-0.5776487455120057,-0.41083657785495076,0.32028565160237804,0.0,0.0,0.0,0.42457099314882735,-0.32914708562795186,-0.06583354142484808
8.1333,-2.1773333715883263,-1.655179640235695,1.0,-2.1470296382904053,-1.629382848739624,0.9755801558494568,0.2217478568098066,0.06589412151943286,-0.025963048738589796,-0.9725285827326312,2.4827694603535426,1.6839999426175107,0.0,2.458162784576416,1.6161404848098755,-0.00394547451287508,-2.538822856100679,3.784722861847212,-0.0415829610159415,-2.44465843828125,4.565444126305282,-0.2943283649077769,-1.5498376646595249,2.6274797259607823,0.43251780906288884,-1.5426484504552769,2.7649323370850456,0.08092972756217054,-0.5575504312462694,-0.4436108980041158,0.320706078818381,0.0,0.0,0.0,0.4633860134268406,-0.33711036645395387,-0.06796067492654556
8.15,-2.1363032274788556,-1.6265945473976826,1.0,-2.0973961353302,-1.5967075824737549,0.9763742685317993,0.2222307806684005,0.07394049754083709,-0.025731451806022435,-0.9718457616399062,2.439891821096524,1.7455451587817163,0.0,2.402543544769287,1.6903190612792969,-0.0054286993108689785,-2.5983564799123493,3.623657137248751,-0.03586646049280606,-2.5629495013397348,4.4321365832220545,-0.28523006726809114,-3.3363462143531364,4.449636738079574,-0.08897193591609222,-2.0721808147598852,3.2622878685288654,0.03077165111710586,-0.5456416742187647,-0.46431219322417233,0.32031539554873245,0.0,0.0,0.0,0.5102346956461504,-0.3441672527491311,-0.07095178877344736
8.1666,-2.0960348306840606,-1.5970184316638432,1.0,-2.0729637145996094,-1.579828143119812,0.9767646789550781,0.2222307806684005,0.07394049754083709,-0.025731451806022435,-0.9718457616399062,2.395527647495765,1.8059477539739093,0.0,2.3738150596618652,1.7285908460617065,-0.0045212646946311,-2.7039788060387964,3.7530928666774934,-0.04248928619109282,-2.7223700597661726,4.591230077913465,-0.29252784239147567,-1.7252161960941528,2.2983148158753792,0.05449368078324552,-1.9697505176663253,2.977705404319138,0.03777482785515207,-0.529248509841606,-0.4884676846527908,0.3201601500574901,0.0,0.0,0.0,0.5476397635689824,-0.3496695265831815,-0.07012159385710724
8.1833,-2.056484743767546,-1.5664194226059427,1.0,-2.0248937606811523,-1.5448652505874634,0.977547287940979,0.22189847910967242,0.08145257796366874,-0.02543591810426406,-0.9713287883960716,2.349629133908914,1.8652728843486808,0.0,2.312540054321289,1.8068913221359253,-0.007154523395001888,-2.743833522481,3.548214286647939,-0.029854184596225686,-2.802426068231041,4.404659317235458,-0.27864569011484164,-3.675662533430586,4.69695799545201,-0.15795951859956237,-2.473366924613426,3.485260192948097,-0.020009528762735977,-0.5204296898401128,-0.5016431984872031,0.3189571221709117,0.0,0.0,0.0,0.5790222355901533,-0.35480183210031635,-0.07016561665229576
8.2,-2.017716952164222,-1.534845329416938,1.0,-1.9778937101364136,-1.5083680152893066,0.9783365726470947,0.21863148722077475,0.08862814214292122,-0.025194290221751063,-0.9714476846557208,2.302267994125407,1.9234245717536664,0.0,2.2459521293640137,1.8841711282730103,-0.01128007099032402,-2.757525357320433,3.337346865886374,-0.008325208998436473,-2.840784733457459,4.203276437601409,-0.25413378763204486,-3.995279307631786,4.636792790215292,-0.24753309178528002,-2.9226632769113063,3.825213662856892,-0.08717864314046735,-0.5183088879942207,-0.5064108568937374,0.3164266682555583,0.0,0.0,0.0,0.6015682641312468,-0.35951871482129777,-0.07061808962194993
8.2166,-1.9797532305425614,-1.5023143704754998,1.0,-1.9548516273498535,-1.4894862174987793,0.9787004590034485,0.2138557593273765,0.09672729655537322,-0.025245456495843296,-0.9717367277428085,2.25347155571325,1.9803701541861578,0.0,2.215862274169922,1.9253253936767578,-0.008705037645995617,-2.880990032741112,3.426932129141791,-0.024884907605447815,-2.9704459636386478,4.305693414477311,-0.27019028478857504,-1.80552217453505,2.4694349070100143,0.1545131996602289,-2.5928628048866105,3.4249629938158397,-0.015826793610772376,-0.5076712259316418,-0.5169510116135083,0.31522342141472204,0.0,0.0,0.0,0.5971271568291772,-0.3618102737220121,-0.0699180442315948
8.2333,-1.9425924381418955,-1.468824261445336,1.0,-1.9096126556396484,-1.450544834136963,0.9795502424240112,0.21158462898016242,0.10513290070334795,-0.025147717954146564,-0.9713633488118505,2.203236392168004,2.0361113427871564,0.0,2.1494362354278564,1.9985768795013428,-0.010194246657192707,-2.9083975717174884,3.218956323578039,-0.019516356886648545,-2.9902508357462625,4.102868208945253,-0.26548674972266584,-3.9823189731568567,4.391512535376347,-0.0892798277993768,-3.0030556616156563,3.710306084642827,-0.037511471844810594,-0.5033009323779398,-0.520671974638236,0.31359932272111735,0.0,0.0,0.0,0.5851541964067138,-0.3632399107289783,-0.06762892988510007
8.25,-1.9063131964092783,-1.4344466157710707,1.0,-1.8655179738998413,-1.4102492332458496,0.9803473949432373,0.2084845017328754,0.11149049465176919,-0.024435014745827342,-0.9713429497371713,2.151669923656606,2.090530205386082,0.0,2.085498332977295,2.0644683837890625,-0.013829242438077927,-3.065773159029047,3.3702856512867525,-0.040004721960891665,-3.150312782192633,4.267398730730351,-0.29185693448822336,-1.6367941399487818,1.697912642888822,0.19090679857504614,-2.5997102885052565,3.1162107590137276,0.029921776509667364,-0.4893194556435364,-0.5343674911588921,0.3133206896542836,0.0,0.0,0.0,0.5738590788071223,-0.3627455882847058,-0.06146847712695193
8.2666,-1.8708883019697116,-1.3991568012746056,1.0,-1.844069480895996,-1.3895787000656128,0.9807141423225403,0.2084845017328754,0.11149049465176919,-0.024435014745827342,-0.9713429497371713,2.0987352019119085,2.1436675470454323,0.0,2.046701192855835,2.101796865463257,-0.013249366544187069,-3.0502859792478794,3.1315042833777023,-0.005694809862213823,-3.1355196374906082,4.049189639578516,-0.2658800544873342,-2.3290300419356225,2.2408650474459346,0.03481051369348352,-2.519800532345949,2.8577927057832233,0.03136502108047201,-0.47192436971682444,-0.5526370885488627,0.31320704581263176,0.0,0.0,0.0,0.5571580279595533,-0.3650482676519503,-0.05302180118751136
8.2833,-1.8363674312507374,-1.3630039265154137,1.0,-1.8021785020828247,-1.3471829891204834,0.9814950823783875,0.20325098267348593,0.11600599999992707,-0.02363582620436376,-0.9719429522725723,2.0445058897731205,2.1954488531238936,0.0,1.9753808975219727,2.1693572998046875,-0.01320832408964634,-3.0628322641884105,2.9240077429756557,-0.009229076050879748,-3.163702571188228,3.851523598908882,-0.27346291848116133,-4.28020146231882,4.054557941879266,0.0024631133833650505,-3.0395030626913275,3.2110996774161475,0.022832649672200517,-0.46388203180982435,-0.5619609774924674,0.3128636608568106,0.0,0.0,0.0,0.564752338809642,-0.365554878440759,-0.048629818426529
8.3,-1.802760862842619,-1.3259996101674472,1.0,-1.7817914485931396,-1.3254311084747314,0.9818383455276489,0.19993467370347442,0.122085308844343,-0.023213261901193518,-0.9718963378581194,1.9889994152511707,2.245858705736071,0.0,1.9372841119766235,2.2064099311828613,-0.017646681517362595,-3.1771569922883467,2.9971440647994765,0.01628996747114453,-3.2946436767322655,3.9362454003495273,-0.24780581386769018,-2.2864634757100952,2.2237962366745365,-0.2663779110324104,-2.8171920128951786,2.9196296562204522,-0.06254759390850947,-0.4504088315187642,-0.5746935321993747,0.3108210606975779,0.0,0.0,0.0,0.5678955159626832,-0.3644078033506759,-0.04672527935874318
8.3166,-1.770078994414195,-1.2881543838637197,1.0,-1.7419277429580688,-1.2809488773345947,0.9825785160064697,0.19880820698078966,0.12840570029641926,-0.022634838552230033,-0.971326428172555,1.9322315757955795,2.2948815083787073,0.0,1.869807481765747,2.2646381855010986,-0.01811455376446247,-3.222816891948454,2.823454462540214,0.01597714721105259,-3.3487088883297353,3.7702012527501134,-0.24699499658274032,-4.048022598870056,3.4931988843595794,-0.028068346384895946,-3.180555698443497,3.088957775807815,-0.05236868984334135,-0.4428919256829273,-0.5827104384927365,0.3088724743542087,0.0,0.0,0.0,0.5687839220642086,-0.36403635171716303,-0.04590033056041579
8.3333,-1.7383445293701614,-1.249492773509274,1.0,-1.703450083732605,-1.2353296279907227,0.9832068681716919,0.19501259087862213,0.1319744820599012,-0.021976757659580935,-0.9716325828801381,1.874239160263911,2.342483205944758,0.0,1.839428424835205,2.2928874492645264,-0.023570356890559196,-3.398529286588478,2.9326340156799513,0.047748215463449206,-3.5513696690639605,3.8931665180268107,-0.2103417976717309,-1.8218329997140406,1.6941092364884187,-0.3271846850872176,-2.779435923655442,2.677172992585724,-0.13349939460264132,-0.4260698741710629,-0.5970650748806634,0.30522944764398996,0.0,0.0,0.0,0.578910256646545,-0.36346742746619626,-0.04713943450880986
8.35,-1.7075932915647756,-1.2100582113809628,1.0,-1.684831976890564,-1.2120299339294434,0.9835095405578613,0.18908000048222867,0.13500654741519916,-0.0218343013116141,-0.9723915633281223,1.8150873170714443,2.3886100626528366,0.0,1.7543820142745972,2.361457347869873,-0.02333787828683853,-3.347416089775538,2.6752597786333316,0.043782534206790125,-3.5183162492270137,3.6409783914433125,-0.2083908966624115,-5.101767759836382,4.113374047111658,0.01394593654800555,-3.4650307282341144,3.1011657941194812,-0.08997083790744327,-0.4210895620103306,-0.6021541463234638,0.30223535031264626,0.0,0.0,0.0,0.5919897214618063,-0.3635644664865172,-0.05006191944344465
8.3666,-1.6778555863126183,-1.1698920895291245,1.0,-1.6488043069839478,-1.164436936378479,0.9840790629386902,0.18680502160090992,0.14069868740665992,-0.02166954928078504,-0.9720279624660189,1.7548381342936867,2.433216620531072,0.0,1.6790820360183716,2.422029733657837,-0.025487231090664864,-3.355954984435949,2.4518657731960816,0.05436153913748054,-3.5406562455011144,3.4163916447238662,-0.19039603315343628,-4.519684025243635,3.635698850870791,-0.12900927406660084,-3.7763836579905146,3.258969722427555,-0.10149569778862577,-0.421075904383798,-0.6021449313093734,0.29885155906692185,0.0,0.0,0.0,0.6057771654489633,-0.36238094021841105,-0.05409398677600502
8.3833,-1.6490960450837169,-1.1289446982212086,1.0,-1.6143511533737183,-1.1156584024429321,0.9846830368041992,0.18680502160090992,0.14069868740665992,-0.02166954928078504,-0.9720279624660189,1.6934170473318129,2.4763559323744246,0.0,1.6024830341339111,2.4805524349212646,-0.02849692851305008,-3.358644152280972,2.2280564459746888,0.06991090134120892,-3.5400609149306552,3.185682455885617,-0.16832043381199266,-4.591609381029284,3.5080533363822153,-0.18041168394763546,-4.017053191761107,3.332503757905373,-0.12479313929370965,-0.42478549667609466,-0.5980420787036234,0.294808843926081,0.0,0.0,0.0,0.6062022593257782,-0.359583931207305,-0.0565775087728794
8.4,-1.6214146058576302,-1.087359680405663,1.0,-1.5976704359054565,-1.0908913612365723,0.9849762916564941,0.18470529458405552,0.14687757608321694,-0.021445412340404105,-0.9715200086477656,1.6310395206084947,2.5178780912135545,0.0,1.5696070194244385,2.5012965202331543,-0.02473408356308937,-3.5433281650432367,2.343307278238754,0.04636780989081668,-3.7305497881826666,3.3009179408765084,-0.18316050195650602,-1.974681369039095,1.2459831018187026,0.22601339861091221,-3.4141077001388718,2.7165247237413466,-0.021228637419955426,-0.41559699854636506,-0.6031299304856407,0.29260422873410014,0.0,0.0,0.0,0.6028186216857951,-0.3544807321521136,-0.06307591688677745
8.4166,-1.5947583746990848,-1.0450602850271813,1.0,-1.5655125379562378,-1.0405601263046265,0.9854848980903625,0.18032821134020857,0.14970976659489707,-0.021414645140991125,-0.9719105413460675,1.567590427540772,2.5578624379513726,0.0,1.4891507625579834,2.558069944381714,-0.029419077560305595,-3.5292573758127066,2.107164987779532,0.07241848799625128,-3.7147306173297383,3.061137274000939,-0.14932424933669264,-4.828277914496652,3.407042293824758,-0.2811521928475362,-3.8315965949851902,2.9203781313999198,-0.09796282174816001,-0.4132781822506111,-0.60245634237127,0.28877531059940315,0.0,0.0,0.0,0.5987514237676429,-0.3515159438501366,-0.06703257326645924
8.4333,-1.5691620974486922,-1.0020978770019373,1.0,-1.5350093841552734,-0.9891465306282043,0.9860420823097229,0.17005489067389784,0.15276997023993213,-0.02147107977114719,-0.973283980698492,1.503146815502906,2.5962568538269615,0.0,1.4032295942306519,2.614710569381714,-0.03061268851161003,-3.4830874839814943,1.8585504346937713,0.07725968244488168,-3.662068688247853,2.8024038016494006,-0.13720576619499872,-5.153210930462014,3.397080062345388,-0.07158805124190297,-4.221761302691075,3.0611092543587706,-0.09017650742850573,-0.41772977623891105,-0.596450452931131,0.28488467804588696,0.0,0.0,0.0,0.5967109805052696,-0.3474029140244983,-0.07041922940600656
8.45,-1.544655883948934,-0.9585233613454093,1.0,-1.520425796508789,-0.9629879593849182,0.986286997795105,0.17005489067389784,0.15276997023993213,-0.02147107977114719,-0.973283980698492,1.437785042018114,2.633016174076599,0.0,1.3620634078979492,2.644587516784668,-0.029918242245912552,-3.6341906057541147,1.8889561275426086,0.07232542897832328,-3.7971620801403794,2.823337921734683,-0.1345230447244788,-2.4705036485906424,1.7930032908856774,0.041675758334525685,-3.704758034499929,2.6867411960703738,-0.051251308638776166,-0.41130256540365034,-0.5947404767445161,0.28157159089973144,0.0,0.0,0.0,0.5742740397899152,-0.3396413174475582,-0.07472311719692938
8.4666,-1.521239583339998,-0.9143365792330178,1.0,-1.492423415184021,-0.9100510478019714,0.9868373274803162,0.16095015289215214,0.16092912240191168,-0.021007885906012484,-0.9735274208954908,1.3715048688495268,2.6681406249900026,0.0,1.2839078903198242,2.6843035221099854,-0.03190581500530243,-3.6390359844417377,1.71816445420523,0.0819380603111517,-3.770820093184391,2.6429530026989427,-0.11822662991771377,-4.688396573177534,2.3824854474463306,-0.11923060076660136,-3.9951461096208956,2.5969193380266615,-0.0713200381698739,-0.4096970738354431,-0.5926508089611928,0.27771107827739216,0.0,0.0,0.0,0.5414811825780965,-0.3321377395325202,-0.07754638804852669
8.4833,-1.4989478010519317,-0.8696039194163792,1.0,-1.4660367965698242,-0.8562986254692078,0.9873453974723816,0.15083714869444795,0.1631685473887502,-0.020555903102581662,-0.9747828912189334,1.3044058791245687,2.701578298422102,0.0,1.24861478805542,2.7031142711639404,-0.031341005116701126,-3.8358539602778876,1.7952917629339487,0.07774359911095186,-3.964283816776531,2.7175738906723277,-0.11407890429925927,-2.1186489194217835,1.1292113925862315,0.03390560147416631,-3.441169841301439,2.1636251264261466,-0.040255506079981476,-0.39641415929303,-0.5966459612903854,0.274303212499106,0.0,0.0,0.0,0.5248440157916731,-0.3256361664479936,-0.08248070908889488
8.5,-1.4777412448555072,-0.8242408806284993,1.0,-1.4534833431243896,-0.8291047811508179,0.9876115322113037,0.15083714869444795,0.1631685473887502,-0.020555903102581662,-0.9747828912189334,1.2363613209427489,2.733388132716739,0.0,1.1629841327667236,2.747380018234253,-0.03310824930667877,-3.800171456800967,1.574531325913055,0.08612565938439953,-3.916255119399439,2.4911591576172527,-0.09825425311529407,-5.128307274933961,2.651017348468623,-0.10583792924966089,-3.9392436484498727,2.3075122187091726,-0.05961663608574047,-0.39177208091134336,-0.5962755157185872,0.2703785183070487,0.0,0.0,0.0,0.5078557435098151,-0.3203523159856106,-0.08599860580735508
8.5167,-1.4577210121327198,-0.7784652406258808,1.0,-1.4296871423721313,-0.7739760875701904,0.9880986213684082,0.14374738759622957,0.16516479862415429,-0.020027676650194653,-0.9755286797033337,1.1676978609388213,2.76341848180092,0.0,1.0820956230163574,2.7905240058898926,-0.030849479138851166,-3.791213452042258,1.3460142656055125,0.07053404945874941,-3.904347013786829,2.253590270301221,-0.10637841295998032,-4.856441454337246,2.590309189808188,0.13561363799026624,-4.210017204877296,2.390999053413601,-0.0019810908472554373,-0.3918039001828655,-0.5919136074674118,0.2674522145394449,0.0,0.0,0.0,0.5049374619274369,-0.3156623972282966,-0.09053975212071516
8.5333,-1.4388473200729688,-0.7321958085105588,1.0,-1.4075952768325806,-0.7179675698280334,0.9886384010314941,0.14049113261699,0.16852755868958086,-0.01957657893058252,-0.9754370946015195,1.098293712765838,2.7917290198905467,0.0,0.9950611591339111,2.8295040130615234,-0.03467881307005882,-3.7445086595965233,1.1289588637789236,0.0911895546946857,-3.855543103326719,2.023638971128306,-0.07902576214213786,-5.226483979039601,2.340778283652607,-0.2299543370414913,-4.510096775133087,2.3761729642674863,-0.06928295991637723,-0.3973189038114056,-0.5848912339055902,0.263122284166747,0.0,0.0,0.0,0.5083533475416013,-0.30978887344379213,-0.09290696732992341
8.55,-1.4211259278236834,-0.6854430836353853,1.0,-1.3972117900848389,-0.6896541118621826,0.9888809323310852,0.1364375369721763,0.1728181671369956,-0.018930257008667992,-0.975274534206813,1.028164625453078,2.8183111082644747,0.0,0.9596552848815918,2.843001127243042,-0.0335710383951664,-3.9564300773851024,1.1945415902237766,0.08370085357096624,-4.066036665438847,2.080116880040488,-0.08099194669449208,-2.1245368317143307,0.8098971372981015,0.0664722492453397,-3.8058358776428705,1.9137797124601639,-0.029205540899109542,-0.3885616302457777,-0.5837539420006296,0.2594371647921537,0.0,0.0,0.0,0.498168218299522,-0.3018213478160818,-0.09474436452669535
8.5666,-1.4045771706539973,-0.6382572349719151,1.0,-1.3776366710662842,-0.6325740218162537,0.9893943667411804,0.1364375369721763,0.1728181671369956,-0.018930257008667992,-0.975274534206813,0.9573858524578727,2.8431342440190037,0.0,0.8799876570701599,2.87158465385437,-0.04120269790291786,-3.955912559185753,1.0162451395791812,0.1272772301387226,-4.04472471742932,1.8923946428786487,-0.027030707469445026,-4.779105107338491,1.7146698322344427,-0.45780832105722336,-4.0931627432267845,1.8549988365765848,-0.15573691541086274,-0.38442911006498526,-0.5816794665982463,0.2531352306292041,0.0,0.0,0.0,0.47324126830855223,-0.29447003670122124,-0.09882729302103647
8.5833,-1.3892193521206129,-0.5906922343231117,1.0,-1.3597811460494995,-0.5748023986816406,0.9898938536643982,0.1184686034799262,0.17544870341779734,-0.019572954301610563,-0.9771386471696013,0.8860383514846675,2.8661709718190806,0.0,0.7958810329437256,2.903529167175293,-0.03259510174393654,-3.926891905218057,0.8044793269345882,0.07347096931734765,-4.019652840091589,1.6691333031274271,-0.07191374694990532,-5.0482076416714365,1.9173583285632514,0.5166410274756725,-4.375109453129273,1.87340849838983,0.042761342751235665,-0.38522995588238396,-0.5766648123678232,0.2504980061027568,0.0,0.0,0.0,0.47799089075591644,-0.2879891638250156,-0.10511328983550385
8.6,-1.3750506852686615,-0.5427431581469735,1.0,-1.3514984846115112,-0.5457223057746887,0.9901949167251587,0.1184686034799262,0.17544870341779734,-0.019572954301610563,-0.9771386471696013,0.8141147372204602,2.8874239720970074,0.0,0.7518203258514404,2.9175310134887695,-0.033646728843450546,-4.096911312977673,0.8344953924017465,0.07860221500467102,-4.186119995620004,1.6899277831580213,-0.05697529658539072,-2.6439475227835243,0.8402077342375209,-0.06310490793596292,-3.864038809891121,1.5683887484326375,0.011507690572602019,-0.3753858833825005,-0.5746907001754206,0.24724949061919377,0.0,0.0,0.0,0.4645945660248316,-0.2807416905808542,-0.11167197902913203
8.6166,-1.3620800956175783,-0.494435480319147,1.0,-1.3362982273101807,-0.48709163069725037,0.9907478094100952,0.11137692733427858,0.17920100046222978,-0.01937928953270303,-0.9772956441803043,0.7416532204787205,2.9068798565736325,0.0,0.6684849858283997,2.943843126296997,-0.03468964248895645,-4.072430450792047,0.6329283023926349,0.08240379392449082,-4.1514586558653725,1.4764499318591378,-0.04764968402851849,-4.997622962539319,1.5779382327709466,-0.06254356412639406,-4.198693570894781,1.5712079307504911,-0.010353593290109566,-0.3711617141418095,-0.5705952516187507,0.24351305770607737,0.0,0.0,0.0,0.4501899192151352,-0.27292637784775226,-0.11345957975306807
8.6333,-1.3503160307357913,-0.4457941453116683,1.0,-1.3292770385742188,-0.4576711356639862,0.9910263419151306,0.10671752474277042,0.18181370994320042,-0.01933301229303809,-0.9773338292250553,0.6686912179675024,2.9245259538963126,0.0,0.632045567035675,2.9484403133392334,-0.032953258603811264,-4.29467180930848,0.6980811590191438,0.07089232628901865,-4.392810872435191,1.5350725426680836,-0.053197363321377644,-2.1836183618361837,0.2754846913262755,0.10405214628605718,-3.6038065385412277,1.1886867478251597,0.023421072089489268,-0.3544338163331046,-0.5714885171234768,0.2403902684260348,0.0,0.0,0.0,0.4525728794598153,-0.2655028665254629,-0.11630057881563852
8.65,-1.3397889736414217,-0.39695431996924946,1.0,-1.3164838552474976,-0.39853498339653015,0.9915894865989685,0.09743507911912883,0.1833995509728736,-0.019894534755748726,-0.9779955768935248,0.5954314799538742,2.940316539537867,0.0,0.5407205820083618,2.977177858352661,-0.03336957097053528,-4.221684849504688,0.4590544779968602,0.07085453448700374,-4.33333579295956,1.2860430969317664,-0.047783852039792116,-5.48523241493871,1.7260568220872952,-0.025004877778096003,-4.159237845110756,1.347328215556161,0.009124846580820412,-0.34723743934261536,-0.5676035650669885,0.23698050803529833,0.0,0.0,0.0,0.45888838279748806,-0.25938505386791777,-0.11834212150850247
8.6667,-1.3304706066178882,-0.3477843708447685,1.0,-1.305365800857544,-0.338897168636322,0.9922658801078796,0.0905224427859555,0.18587616828000258,-0.02046823765767901,-0.9781803486773966,0.5216765562671527,2.9542940900731676,0.0,0.4582996070384979,2.9954330921173096,-0.02800324186682701,-4.200072310030953,0.2702683352479679,0.03553276117440074,-4.336208751235517,1.0869284052903794,-0.0810564955814676,-4.938269598880064,1.0937660705102565,0.3215247075167133,-4.389222257615892,1.2724720358436286,0.10135099543341732,-0.3437885354207238,-0.5627042176438638,0.23540674715883722,0.0,0.0,0.0,0.47992497662528816,-0.25395585239854784,-0.11881749040296888
8.6833,-1.3223988670885067,-0.29848577706011215,1.0,-1.2959986925125122,-0.2788233458995819,0.9930148720741272,0.08654590343402084,0.1902332093802936,-0.020955118051676852,-0.9776922881716403,0.4477286655901682,2.9664016993672395,0.0,0.3714549243450165,3.011585235595703,-0.028786826878786087,-4.1477693086036505,0.08087582221166043,0.03672187899814272,-4.302379906859426,0.8852483561133869,-0.0786858734737531,-5.216730637030247,0.9702537809349221,-0.04706968592461045,-4.633517856045434,1.1832516831850781,0.05753449752998748,-0.34457549536705323,-0.5566867847730862,0.23313051547535207,0.0,0.0,0.0,0.4991860936228286,-0.2476857491286403,-0.11772276300345626
8.7,-1.3155576109411762,-0.24897470655973902,1.0,-1.2882181406021118,-0.21847385168075562,0.9937008023262024,0.08036038453135745,0.19381348406252882,-0.021707355003899278,-0.9775006043046129,0.37346205983960856,2.9766635835882354,0.0,0.29101359844207764,3.0208606719970703,-0.027461156249046326,-4.374250429351281,0.11080179302652046,0.03724041262699185,-4.546474518778139,0.9041842210172915,-0.07939647400716314,-2.2123486214893067,0.17040281714334793,-0.019245961450370754,-3.918744444960838,0.8842401855329798,0.03486750268024795,-0.330744229247343,-0.5534644547036368,0.23053282110294662,0.0,0.0,0.0,0.5029683186742011,-0.23991797328713418,-0.11389593446879163
8.7166,-1.3099552139898247,-0.19930316022009448,1.0,-1.284969449043274,-0.18819403648376465,0.9940362572669983,0.08036038453135745,0.19381348406252882,-0.021707355003899278,-0.9775006043046129,0.2989547403301417,2.9850671790152625,0.0,0.24971123039722443,3.028902053833008,-0.0275204386562109,-4.331686851658303,-0.09161673457841996,0.024437202117403523,-4.5283680071548105,0.6911378404754078,-0.09287873855069015,-2.4788536524289904,0.48262144952421837,-0.003557965765185662,-3.4936623653283614,0.7656749940563525,0.023523602071705264,-0.307030341909832,-0.5504600403992538,0.22782525796725533,0.0,0.0,0.0,0.5037114974063392,-0.23229453465457411,-0.11050931729916166
8.7333,-1.305591379223874,-0.14944649000184532,1.0,-1.2796963453292847,-0.12750005722045898,0.9948151111602783,0.07002515541294028,0.19483160440858224,-0.023135669553084978,-0.978060356599686,0.224169735002768,2.991612931164189,0.0,0.1613992303609848,3.0361499786376953,-0.01764838397502899,-4.549710309426822,-0.06304963713404307,-0.0010071068669015304,-4.801608295440706,0.7114635410497749,-0.11746188809496673,-2.3313118847247423,-0.036920087442312365,0.23730168758662076,-3.150515258534242,0.5287342565255903,0.08663480025552156,-0.2758664479765953,-0.5494335360856247,0.22655952410596275,0.0,0.0,0.0,0.5277644339904801,-0.22507964209819334,-0.11010474287789755
8.75,-1.3024793627809053,-0.09955553165857972,1.0,-1.27627432346344,-0.06655079871416092,0.9957466721534729,0.062214206418961825,0.19655576876089015,-0.024045029956555972,-0.9782214418546946,0.14933329748786958,2.9962809558286416,0.0,0.06824608147144318,3.04672908782959,-0.015228535048663616,-4.449186575523051,-0.2719184365154541,-0.05405620809347855,-4.757644063933856,0.4940960471676782,-0.1719601924512925,-2.667657005608493,0.22804532577903683,0.13360287095458837,-3.0079666768043243,0.43996538831200754,0.10050063318718323,-0.2401135351536492,-0.5483347652508702,0.22582998720187764,0.0,0.0,0.0,0.5485710235644546,-0.21767971843226205,-0.1079260028440637
8.7667,-1.3006148389373777,-0.04958808044876374,1.0,-1.2752623558044434,-0.035989340394735336,0.9962194561958313,0.05840805623884458,0.20113297446108994,-0.02415642407717028,-0.9775226892532326,0.07438212067314562,2.999077741593933,0.0,0.026573965325951576,3.0477938652038574,-0.015144961886107922,-4.3643751253281495,-0.4703391398155681,-0.060261962238493005,-4.767419582127518,0.28773173322091916,-0.1784385953601813,-2.500007486876734,0.06387847927453728,0.005013749034528134,-2.8580078396878124,0.3289376588165694,0.07231115971894571,-0.20067186594377245,-0.5468784524103435,0.22503764225825854,0.0,0.0,0.0,0.603716322743141,-0.21119242062614377,-0.10686100913657022
8.7833,-1.3000000349480647,0.0003738880293750471,1.0,-1.2744609117507935,0.025062009692192078,0.9971902966499329,0.05163799742582754,0.20539902578380198,-0.02482811840188843,-0.976999689010061,-0.0005608320440625707,2.9999999475779027,0.0,-0.05921759456396103,3.045732259750366,-0.01313187088817358,-4.5856628360049765,-0.4374018397631533,-0.07850802329395723,-5.102687867284865,0.3132698374353329,-0.1967297550682125,-2.3039239133936626,-0.42619453314050887,0.1601583194919744,-2.694432137348681,0.1060088337838572,0.09824524691486725,-0.1576998347191186,-0.5468589087496808,0.22516087608590526,0.0,0.0,0.0,0.6747248659990072,-0.20381276844880536,-0.10693914431165001
8.8,-1.30063470772679,0.05038281505892473,1.0,-1.274759292602539,0.05557446554303169,0.9977110624313354,0.05163799742582754,0.20539902578380198,-0.02482811840188843,-0.976999689010061,-0.0755742225883871,2.9990479384098148,0.0,-0.10444536060094833,3.0460259914398193,-0.010783100500702858,-4.481420728450501,-0.6427992705082497,-0.09370462765478127,-5.1344117243551715,0.10059187168315531,-0.2154862348528807,-2.7127372048792346,0.017617869553404168,0.140877990980137,-2.6998361278555016,0.07991420557269041,0.11083121218507935,-0.11297739074788735,-0.5453621926073169,0.22590991940155766,0.0,0.0,0.0,0.7659683866525583,-0.19802894958408812,-0.10412831220345822
8.8166,-1.3025176577511384,0.10032094698517628,1.0,-1.276667833328247,0.11645115166902542,0.9988321661949158,0.04306650855047002,0.209267853596011,-0.02591504347813584,-0.9765657872046413,-0.15048142047776442,2.996223513373292,0.0,-0.19236111640930176,3.0404529571533203,-0.00169807905331254,-4.399435410326572,-0.793629888574341,-0.15378136633410922,-5.191928920476137,-0.05760386002031159,-0.27977138607561913,-5.277517228177642,-0.33454509023772383,0.5453670592502612,-3.460814702367798,-0.0424417538513685,0.23911413648973068,-0.0822661082685425,-0.543677621535183,0.2295857744323204,0.0,0.0,0.0,0.8747596184181076,-0.19234840701884645,-0.10359575469081046
8.8333,-1.3056509404851888,0.15023923859095226,1.0,-1.2805348634719849,0.1771460920572281,1.0000885725021362,0.03564497009495189,0.2130528565948879,-0.026788747647766755,-0.9760226829147298,-0.2253588578864284,2.9915235892722167,0.0,-0.2909073233604431,3.0355122089385986,-0.0015734730986878276,-4.560112628016777,-0.803507577921923,-0.16423781371396107,-5.478763112746382,-0.07678885221371701,-0.2937616780377442,-2.891777143756078,-0.3288570447914879,0.07350484013223285,-3.2928244144527463,-0.12699678270691556,0.1902232452726738,-0.04698758662716353,-0.5409056182717282,0.23285495000602688,0.0,0.0,0.0,0.9656380713567684,-0.18581310743647766,-0.10333108568224374
8.85,-1.3100297270663745,0.2000457768623792,1.0,-1.2832149267196655,0.20745369791984558,1.0007160902023315,0.030728951147929087,0.21864286686987267,-0.026963741362783938,-0.9749481911587932,-0.3000686652935688,2.984955409400438,0.0,-0.3349602520465851,3.0288686752319336,0.0018810679903253913,-4.430188911544038,-0.9725689469383327,-0.18468162191630544,-5.463842023667217,-0.256375379343061,-0.32426348701076685,-2.6429135913720105,-0.39857249113170845,0.20725190965517365,-3.100958860701243,-0.20717089557271526,0.1952504182406657,-0.005599878414574169,-0.5376972579154022,0.2366962307165819,0.0,0.0,0.0,1.0392529905377532,-0.17849630967986954,-0.0971143656221205
8.8667,-1.315655750500454,0.24975567957122494,1.0,-1.289913296699524,0.26766857504844666,1.002042293548584,0.02309082530626954,0.22353006790922614,-0.027633918400955637,-0.9740316236442267,-0.3746335193568374,2.976516374249319,0.0,-0.4295119643211365,3.013545036315918,0.0029363068751990795,-4.631625803147693,-0.9540851432677123,-0.20310012958135193,-5.793942198488452,-0.24733335888240326,-0.3499258784503803,-2.462422446820677,-0.8286253430924062,0.15007018344945464,-2.9124512404419716,-0.39063560714574885,0.18191238714626462,0.040740577944951784,-0.5356852998580167,0.2407524481763198,0.0,0.0,0.0,1.1215758173958073,-0.17106648452729234,-0.0939266993072914
8.8833,-1.3225136019864954,0.29924495930855083,1.0,-1.298666000366211,0.3276146650314331,1.003434658050537,0.015005911260258154,0.22868244638269805,-0.028376714459111715,-0.9729717146978747,-0.4488674389628262,2.9662295970202566,0.0,-0.5271695852279663,3.002150774002075,0.010802742093801498,-4.4352100114749105,-1.1296597871349896,-0.22452331432260397,-5.737644634362624,-0.4333892350380195,-0.381547362520537,-3.0191777634593358,-0.4140607101947308,0.23326378261920103,-2.9439588607361413,-0.3975511257193188,0.19707225766761374,0.08888996274148092,-0.532117205816974,0.24557589562885718,0.0,0.0,0.0,1.2135446601462325,-0.1641533462799961,-0.08855184743092413
8.9,-1.3306208471125216,0.34863412364855845,1.0,-1.3037843704223633,0.3574453294277191,1.004217505455017,0.015005911260258154,0.22868244638269805,-0.028376714459111715,-0.9729717146978747,-0.5229511854728377,2.954068729331217,0.0,-0.576607346534729,2.989739418029785,0.018046408891677856,-4.272791064826722,-1.2643716306987443,-0.2994586599409752,-5.717366464412445,-0.5782208734210448,-0.4683675202916014,-2.9629624337339067,-0.7438520783618879,0.4341360133889659,-2.9495690628238522,-0.49978549647265164,0.2670578113013897,0.13800397213278012,-0.5283440445200126,0.2522735066474702,0.0,0.0,0.0,1.3065714274529423,-0.15780671275768685,-0.08336464629684405
8.9166,-1.3399413672584262,0.39770611790018107,1.0,-1.3155481815338135,0.4167536199092865,1.0058332681655884,0.010448087842017296,0.2356698248833494,-0.028368074355166934,-0.9713629273433654,-0.5965591768502716,2.9400879491123604,0.0,-0.6791103482246399,2.9736239910125732,0.017747029662132263,-4.420345827601925,-1.29151311554152,-0.30154635300375165,-5.985092928430827,-0.6174904367977602,-0.48330207284582255,-2.9243513374190964,-0.7023741336846325,-0.020833184174351337,-2.9421243293661115,-0.5595933650017322,0.1820671274946626,0.18760249154558428,-0.5233514843618189,0.2580523447158475,0.0,0.0,0.0,1.3771446092833184,-0.15067119438194101,-0.07629662487377659
8.9333,-1.3505075989078748,0.44663114320886854,1.0,-1.322189211845398,0.4462680220603943,1.0066378116607666,0.005102982367017216,0.2418057316769594,-0.028251201144246212,-0.9698999680847038,-0.6699467148133028,2.9242386016381876,0.0,-0.721667468547821,2.9589004516601562,0.019484015181660652,-4.24804902116935,-1.4327585193817594,-0.3205745090307994,-5.946274246084743,-0.7710656303051439,-0.5163844993559046,-2.5497093147828074,-0.882126073106975,0.10406738344022741,-2.826276244675765,-0.6548109155423498,0.15904017740551069,0.24103558586399812,-0.5183756395763067,0.26398811638339686,0.0,0.0,0.0,1.4571896390513952,-0.1433172495003088,-0.06817812605829177
8.95,-1.3622790849067201,0.49521475665620296,1.0,-1.3369042873382568,0.5048232078552246,1.0083447694778442,-0.0021053509869524787,0.24537133398755678,-0.028752580054131793,-0.9690004700437843,-0.7428221349843045,2.9065813726399194,0.0,-0.8264098763465881,2.9372222423553467,0.02582668513059616,-4.016066066079193,-1.5679637129662556,-0.3674433770497183,-5.827739575518756,-0.9169596145719601,-0.5768191730312402,-6.2867987979393245,-1.3011591299370349,0.3806967077489983,-3.847885752275854,-0.8456247220939698,0.2244772365013969,0.27450733710554165,-0.5150080793361487,0.27182588433116117,0.0,0.0,0.0,1.5371661723340218,-0.1359960190581469,-0.06245008834963929
8.9667,-1.3752638519019926,0.5434986294415523,1.0,-1.3538240194320679,0.5629159808158875,1.0100950002670288,-0.00809696804468543,0.24937450487939425,-0.02845603482800918,-0.9679551439070171,-0.8152479441623284,2.887104222147011,0.0,-0.9334990978240967,2.9125137329101562,0.022974226623773575,-4.1250882521168775,-1.617253750297072,-0.3574323976210474,-6.014826019863983,-0.980007907608524,-0.5792694232218545,-3.2083536027013104,-0.8009500372002518,-0.14718780404051965,-3.6590841726401107,-0.8324359385695226,0.11475492340677218,0.31147083066709014,-0.5089563934134204,0.2781710628810414,0.0,0.0,0.0,1.578266937080015,-0.1282894492751277,-0.05633403728023425
8.9833,-1.3894424534754588,0.5914134437245457,1.0,-1.3630846738815308,0.5917888283729553,1.0109683275222778,-0.00809696804468543,0.24937450487939425,-0.02845603482800918,-0.9679551439070171,-0.8871201655868186,2.8658363197868115,0.0,-0.9819228649139404,2.894578456878662,0.024526061490178108,-3.893515315301933,-1.726699547161987,-0.3734302039999955,-5.846969859583917,-1.104062984245125,-0.6108942481713096,-2.907425168558627,-1.0768570078875417,0.09317415845942426,-3.4371806961496416,-0.9045935056507075,0.10838388715078792,0.3535091943308448,-0.50234334603274,0.2848815185090374,0.0,0.0,0.0,1.5999453499511385,-0.120293216884122,-0.0474174743377233
9.0,-1.4048250805463114,0.6389929770143845,1.0,-1.3830550909042358,0.6489682197570801,1.0127506256103516,-0.011710733666418633,0.2534847603765858,-0.027791210439598316,-0.9668691882082854,-0.9584894655215768,2.8427623791805328,0.0,-1.0826088190078735,2.8624777793884277,0.022966640070080757,-3.66042850782324,-1.8277586867109092,-0.37341035660734523,-5.655544288086177,-1.2155452294842268,-0.6248270051715172,-6.038744226616905,-1.9252713311312255,-0.09352791243046917,-4.205209800553108,-1.2059162552233398,0.04877583346123128,0.3793249538004432,-0.4996585017340808,0.2908890122014348,0.0,0.0,0.0,1.6157908264624938,-0.11255495549260164,-0.03947236363726277
9.0167,-1.421401969658797,0.6861992716391885,1.0,-1.3938428163528442,0.6773478388786316,1.0135971307754517,-0.01988872902736635,0.2564229541635379,-0.027512324743001738,-0.965968383615062,-1.0292989074587826,2.8178970455118044,0.0,-1.1345911026000977,2.847395420074463,0.021872825920581818,-3.7654989427356997,-1.8983896826420448,-0.3715335784278375,-5.778759465191177,-1.3005129221672385,-0.6360201745621886,-3.116577089110609,-0.9042568398181766,-0.06557919126475885,-3.8838255265956203,-1.1168608822004529,0.015016140032347833,0.40990685699218504,-0.49301599023926396,0.2966227929826236,0.0,0.0,0.0,1.6033536654632923,-0.10486077023554245,-0.0321361968482725
9.0333,-1.439130121024992,0.7329142470463647,1.0,-1.4169255495071411,0.7335546016693115,1.0152679681777954,-0.026469116485372236,0.2572166846881193,-0.027296237850686376,-0.9656054571025348,-1.099371370569547,2.7913048184625118,0.0,-1.233038067817688,2.8147923946380615,0.021005243062973022,-3.528960475838261,-2.0149031883782893,-0.3751908142234095,-5.534667866488297,-1.4281591495691242,-0.651607055837925,-5.911305331271832,-1.9576676401534674,-0.0520945176945542,-4.482374622301119,-1.3650824050363959,-0.004796152747088004,0.4278265129001254,-0.48939723501010907,0.3022793767320646,0.0,0.0,0.0,1.5778808777499105,-0.09734680379905616,-0.025863135117549146
9.05,-1.458052606048471,0.7792495094096444,1.0,-1.4419670104980469,0.7889989614486694,1.0169559717178345,-0.030639852710176902,0.25732604522329294,-0.027264838448545763,-0.9654539391821381,-1.1688742641144667,2.762921090927293,0.0,-1.3257030248641968,2.7752740383148193,0.01881524734199047,-3.3170861615644265,-2.09805800339653,-0.37105699400348957,-5.288128546176886,-1.5177132572143623,-0.6587309850179779,-5.55069193527656,-2.367175561617229,-0.13118218552291455,-4.797761419315404,-1.6609186206676116,-0.042107619649643706,0.43758271385317193,-0.4895525270974328,0.3074743111708322,0.0,0.0,0.0,1.5334596707592878,-0.09079221908473503,-0.019800320156343882
9.0667,-1.4781761289584865,0.8252016619610719,1.0,-1.4689399003982544,0.8435889482498169,1.0185309648513794,-0.036492311410839,0.25573225161014135,-0.027671808417766938,-0.9656622289074789,-1.2378024929416078,2.73273580656227,0.0,-1.4265947341918945,2.742347002029419,0.013053759932518005,-3.417562361954326,-2.187862747853679,-0.353532770478588,-5.3319066576556855,-1.619875017397898,-0.6512426339176587,-3.010430154958237,-1.0132618068500363,-0.21972399175761628,-4.270108562039226,-1.4697184916483619,-0.09454321908817745,0.45518590173849627,-0.4837908223396261,0.31183899715272434,0.0,0.0,0.0,1.4591583939628636,-0.08419690811615482,-0.014129133713653663
9.0833,-1.4993206831401493,0.8703757796682662,1.0,-1.4831602573394775,0.8705925345420837,1.0192649364471436,-0.036492311410839,0.25573225161014135,-0.027671808417766938,-0.9656622289074789,-1.3055636695023993,2.7010189752897755,0.0,-1.470137596130371,2.721877098083496,0.008214977569878101,-3.17878914304761,-2.306316029102796,-0.3202341102389221,-5.044447269268201,-1.7534765488666715,-0.626392151628739,-2.625116787167067,-1.2340917911198632,-0.29172103633338603,-3.78447692367627,-1.4001571829733654,-0.15275371466653004,0.48063847162296225,-0.474677009963529,0.3151351605422778,0.0,0.0,0.0,1.3850196545976292,-0.07816247027259551,-0.008977119152461032
9.1001,-1.521712150064243,0.9152553320089771,1.0,-1.5129022598266602,0.9240544438362122,1.0205849409103394,-0.043798983899096734,0.25343549071067656,-0.028292252174695824,-0.9659460036385028,-1.3728829980134658,2.667431774903635,0.0,-1.5567575693130493,2.6838722229003906,-6.0505117289721966e-05,-2.9759993421373285,-2.423848122855013,-0.2778707378005345,-4.780109616514471,-1.8824051594798874,-0.5880510557530895,-5.17204783258595,-2.2692575984055803,-0.4941261319199765,-4.194113217384153,-1.6567315106359297,-0.253533091691438,0.49462694194132983,-0.46862491982199084,0.3163320484837368,0.0,0.0,0.0,1.3094833324358126,-0.07281804355313448,-0.00615173053118185
9.1167,-1.5450970636378962,0.9593308521816998,1.0,-1.544473648071289,0.9767098426818848,1.021787166595459,-0.04864761003535063,0.25009131740544327,-0.028874468740025347,-0.9665681754162205,-1.4389962782725496,2.6323544045431553,0.0,-1.6469467878341675,2.6412904262542725,-0.005502188112586737,-3.075926877746667,-2.5183585754113045,-0.27996231140230865,-4.822811584111776,-1.993121361578645,-0.5936000418314316,-2.8445927520631504,-1.2723071402942232,-0.01651202850287047,-3.795710110092562,-1.5432424101751085,-0.18356014167365495,0.512796124603904,-0.45807565079773993,0.3186655576276054,0.0,0.0,0.0,1.2340885817612053,-0.06716156303491957,-0.005027827198482473
9.1333,-1.569549083673705,1.0027659877486301,1.0,-1.5609190464019775,1.0027060508728027,1.0223032236099243,-0.05459840787030078,0.24544654503872446,-0.02924068270673646,-0.9674296148529348,-1.5041489816229452,2.595676374489442,0.0,-1.6898983716964722,2.618671178817749,-0.01150151714682579,-2.856637622303399,-2.6156302509263187,-0.21926066696375646,-4.553812342421512,-2.1103195848838947,-0.5339164474940317,-2.587238442647671,-1.3624965891628729,-0.36137653869145925,-3.4389471859605645,-1.4898829402213751,-0.23605479212153646,0.5355172315697099,-0.4443613321699201,0.31976689444082096,0.0,0.0,0.0,1.1616574885484032,-0.060949333872504036,-0.005111113910545749
9.15,-1.5951604486307782,1.045716072405503,1.0,-1.5950719118118286,1.054000973701477,1.0232410430908203,-0.061567642152668176,0.23986059139790886,-0.029319117991815243,-0.9684094026402675,-1.5685741086082545,2.557259327053832,0.0,-1.769589900970459,2.570091724395752,-0.014393826946616173,-2.6647076108929255,-2.693155783753195,-0.2073706727601996,-4.309513578230727,-2.201448926513763,-0.5205135278402311,-4.781085952139148,-2.914519889573887,-0.17352385980031754,-3.8351710807459325,-1.9104618065444188,-0.21759451798802193,0.54670658808903,-0.43701366392054275,0.32076744139964,0.0,0.0,0.0,1.0980993792487717,-0.054693193318889465,-0.007624586319608538
9.1666,-1.6218267212899562,1.0879956096527146,1.0,-1.6307610273361206,1.1042672395706177,1.0240222215652466,-0.06689057838535155,0.23465237888687215,-0.029515311571633458,-0.9693259701548339,-1.631993414479072,2.5172599180650654,0.0,-1.8454068899154663,2.5205612182617188,-0.025097405537962914,-2.8025412270052263,-2.787803187445334,-0.17683532700130744,-4.40732019795099,-2.3144479255037265,-0.4866848847312711,-2.2797086725714366,-1.5521913946799835,-0.3345996260034055,-3.3759701478096726,-1.8046938326563922,-0.2521365644409662,0.5631916755856303,-0.42552498945418443,0.32066228067106,0.0,0.0,0.0,1.0415872953601335,-0.04783027248742329,-0.01081272294109635
9.1833,-1.6495461333126762,1.1296026000044714,1.0,-1.6491765975952148,1.1290485858917236,1.0243505239486694,-0.06689057838535155,0.23465237888687215,-0.029515311571633458,-0.9693259701548339,-1.6944039000067073,2.4756808000309856,0.0,-1.8841817378997803,2.4988861083984375,-0.02645084075629711,-2.611330393625629,-2.899788402351667,-0.1421762873661203,-4.1829112481646185,-2.450530256429479,-0.44727884047657607,-2.3266927996108673,-1.3006194652284009,-0.08121316113249116,-3.066204296401373,-1.6558818661468027,-0.20167685172312125,0.5835371913863108,-0.4090914529063889,0.3210903935720491,0.0,0.0,0.0,0.9880436631526791,-0.040166693015799185,-0.015987840461593364
9.2,-1.6783148759650561,1.1705286662375123,1.0,-1.6871401071548462,1.1778650283813477,1.0248924493789673,-0.07424689986115511,0.2272765644936323,-0.02983141293546519,-0.970537439168431,-1.7557929993562684,2.4325276860524156,0.0,-1.9553067684173584,2.4446399211883545,-0.034796543419361115,-2.4420641025499408,-2.9648878585592624,-0.09564207515172374,-3.9838188783488393,-2.5324460382289478,-0.3929725422826807,-4.26427284942394,-3.252308527973927,-0.500363276001315,-3.419896031012448,-2.1271761954875448,-0.28985454342633055,0.5936637505768211,-0.4000596043604875,0.3191768202258795,0.0,0.0,0.0,0.9480910252220774,-0.03238221596982698,-0.021846353094922537
9.2167,-1.708077868991603,1.2106956383855048,1.0,-1.726506233215332,1.2255916595458984,1.0252515077590942,-0.08085601566477725,0.2197026651807473,-0.02988582451689276,-0.9717509733776053,-1.8160434575782571,2.387883196512595,0.0,-1.9910436868667603,2.417170763015747,-0.03901132941246033,-2.5734654172896563,-3.07729667734744,-0.07210585390868918,-4.089264143783989,-2.6669767060679344,-0.35986457060691013,-2.144431886463132,-1.6483161177716101,-0.25291272640132767,-3.0433557031808225,-1.9858079481564148,-0.2789486438346132,0.6080132295211012,-0.38623910782959886,0.3167975694672592,0.0,0.0,0.0,0.9077854969732322,-0.02408086344990685,-0.029038852769038233
9.2333,-1.7388390800733569,1.2501106279421026,1.0,-1.7467056512832642,1.2490618228912354,1.0253925323486328,-0.08662999166515599,0.21301760075610857,-0.029767223285183057,-0.9727449646528862,-1.8751659419131539,2.3417413798899647,0.0,-2.0565357208251953,2.3618438243865967,-0.04212121665477753,-2.4194345731108933,-3.1497979297027414,-0.05587657015559788,-3.9063091398453804,-2.7561949546570506,-0.3308736691814083,-3.929863088170074,-3.3199044335398216,-0.18660942931944663,-3.3050688864133937,-2.379657614657851,-0.2516884199750539,0.6152754447325839,-0.3782681102451223,0.31430672710036217,0.0,0.0,0.0,0.8715991220019031,-0.015334864800568606,-0.039309628074551725
9.25,-1.770581005950362,1.288750379491775,1.0,-1.7879536151885986,1.2951130867004395,1.025571584701538,-0.09314309167951423,0.2070943669600845,-0.02988245276901184,-0.9734183869983932,-1.9331255692376623,2.294128491074457,0.0,-2.1153621673583984,2.3030481338500977,-0.048070210963487625,-2.5854381167996836,-3.278811412980166,-0.04036044193680599,-4.054961075214769,-2.9069974662251363,-0.3031575663247739,-1.6666428356949827,-1.6589073022863434,-0.16915625848978366,-2.8213755698259804,-2.1668789488953495,-0.22732341741882975,0.6298823531789499,-0.36405043249264946,0.31168539382688804,0.0,0.0,0.0,0.8396406052361357,-0.007763514262380425,-0.04888826943892012
9.2666,-1.8032477290238826,1.3265491469703774,1.0,-1.830489158630371,1.3400744199752808,1.025735855102539,-0.10016987748352325,0.19995483833630884,-0.030375486602892302,-0.9741978508147537,-1.9898237204555662,2.245128406464176,0.0,-2.1837141513824463,2.24518084526062,-0.04459521546959877,-2.4104679301461496,-3.349988850496048,-0.04129070497243337,-3.8737445512855215,-3.0061479587831226,-0.2932932803035122,-2.0960681801905037,-1.595015397837141,0.18178646243643917,-2.607251571562944,-1.9980543763578735,-0.10654670335895147,0.647818105691756,-0.34433457170476384,0.31089785771840955,0.0,0.0,0.0,0.815458515447616,0.0004936799918385344,-0.058895282387330716
9.2833,-1.8369224960845547,1.363599727756115,1.0,-1.8522685766220093,1.3621324300765991,1.0258042812347412,-0.10016987748352325,0.19995483833630884,-0.030375486602892302,-0.9741978508147537,-2.0453995916341725,2.194616255873168,0.0,-2.214287281036377,2.213696002960205,-0.04637935385107994,-2.2359458769079494,-3.3964725546018717,-0.03495235469950675,-3.702701430614178,-3.083085061072946,-0.278390376492524,-1.8310629426547864,-1.8856665524331735,-0.10685427733036326,-2.3781065014821774,-1.9648754365611434,-0.10663750481701112,0.6684418644452883,-0.32206829194621844,0.30961906691000884,0.0,0.0,0.0,0.79831368926094,0.008680798417292464,-0.06618104511699159
9.3,-1.8714365584835653,1.3997165761548729,1.0,-1.896793246269226,1.4054083824157715,1.0259039402008057,-0.10582759140228472,0.19504558922682813,-0.03053829987868991,-0.9745897743590566,-2.0995748642323093,2.142845162274652,0.0,-2.2771198749542236,2.1496846675872803,-0.04506997764110565,-2.0558700905217133,-3.4401842995526115,-0.04416949365032341,-3.5090543664948832,-3.1484516297858116,-0.28229526617857414,-3.7737921356359365,-3.844588595812928,0.07864252190909872,-2.7901384103994156,-2.5198011177249864,-0.051939454462366835,0.6783199370716109,-0.3092838685949235,0.3090157724824847,0.0,0.0,0.0,0.774864338901559,0.01755119882812381,-0.07088999995423392
9.3166,-1.9068491030473191,1.4349671000827655,1.0,-1.9195088148117065,1.4265940189361572,1.0259941816329956,-0.11288651681246133,0.1932352740819859,-0.03117522305338655,-0.9741380444367167,-2.1524506501241483,2.089726345429021,0.0,-2.302780866622925,2.115086555480957,-0.03948945552110672,-2.202754726985343,-3.560158358310191,-0.0789694377766148,-3.641406442172545,-3.293684638716597,-0.31450275431646957,-1.54120426720126,-2.077969499534617,0.3351672692775829,-2.4214302238700993,-2.3893643484353526,0.062341525748466034,0.6927564418776869,-0.29230720241102914,0.31042026785604965,0.0,0.0,0.0,0.745895273309515,0.02583348281743504,-0.07488695131619487
9.3333,-1.943200562989944,1.4693860240689631,1.0,-1.9657418727874756,1.4679793119430542,1.0263267755508423,-0.12005181559992337,0.19022948992091251,-0.032173218279275995,-0.9738405298330783,-2.204079036103445,2.035199155515084,0.0,-2.3544538021087646,2.0446929931640625,-0.028149602934718132,-2.0709124132216084,-3.57721106824036,-0.1495503742515405,-3.4884833127438775,-3.3278241301682527,-0.3875208806715689,-3.095817620843332,-4.217403725288539,0.6793907705190836,-2.62052170960649,-2.929034984564948,0.24450574095365624,0.7018586034776009,-0.2843097418345307,0.31542580922478186,0.0,0.0,0.0,0.7157122960446684,0.03492280376242353,-0.07745530280475343
9.35,-1.9803268440248283,1.5028182729121078,1.0,-2.013077735900879,1.5080221891403198,1.0268012285232544,-0.12469483360407292,0.18274084314585293,-0.03380274188325265,-0.9746355458365393,-2.254227409368162,1.9795097339627574,0.0,-2.4088284969329834,1.9711352586746216,-0.020914863795042038,-2.194220220413634,-3.6964759114744314,-0.1714962483163811,-3.5977869653965913,-3.467642060407151,-0.41690465619651695,-1.6198225275511664,-2.2372549019607844,0.19972940818663232,-2.325097020733645,-2.724808860134612,0.23128694911913494,0.71503456647196,-0.2706682190474812,0.3204880181045452,0.0,0.0,0.0,0.6885321785109972,0.041834367980200904,-0.07507961022440934
9.3666,-2.0183079234765713,1.5353388619379964,1.0,-2.061523199081421,1.5466753244400024,1.0272924900054932,-0.1299222914198109,0.1754053053347213,-0.0354955279068442,-0.9752401845252766,-2.303008292906995,1.9225381147851428,0.0,-2.4654219150543213,1.896864414215088,-0.022561047226190567,-2.0325504896223325,-3.695546572653067,-0.18624136359967114,-3.425127616417489,-3.4914096924614673,-0.44032260793098676,-1.5470348379712426,-2.3222118892624652,-0.12122581193218399,-2.0953988433111297,-2.605954875846576,0.12721873898689556,0.7320215855609494,-0.2528850464874286,0.3238379329209777,0.0,0.0,0.0,0.6605555412342069,0.04874816629582889,-0.06975668858966202
9.3833,-2.0570749790421887,1.5668878046232364,1.0,-2.0862040519714355,1.5654886960983276,1.027544379234314,-0.1299222914198109,0.1754053053347213,-0.0354955279068442,-0.9752401845252766,-2.3503317069348544,1.8643875314367162,0.0,-2.4933738708496094,1.8610163927078247,-0.020790977403521538,-1.8248034991716722,-3.7190403388528654,-0.20249369715259835,-3.2054958460036724,-3.5297511060518567,-0.46599603257436895,-3.5281344383847926,-4.287957515638196,0.12872268236211906,-2.5183685778744653,-3.1025127980017198,0.12766273055966296,0.7388239703587798,-0.24381244036974647,0.327599466354397,0.0,0.0,0.0,0.6418683764732207,0.05452320756873791,-0.06409713093262645
9.4,-2.0966211662425756,1.597460291357698,1.0,-2.1363656520843506,1.602023720741272,1.028021216392517,-0.14238652117555134,0.1721796436991446,-0.03730919109196501,-0.9740063776819687,-2.396190437036547,1.8050682506361364,0.0,-2.519472360610962,1.8203544616699219,-0.02371853031218052,-1.9271413901976941,-3.8389851217356963,-0.18704700601836866,-3.2916819785081284,-3.669498265196739,-0.4584348598251803,-1.5661797318758675,-2.440137066659036,-0.17568350013592204,-2.237265026855696,-2.906967375503296,0.03810937883219138,0.7488391176964955,-0.22967308017043556,0.32997734947829116,0.0,0.0,0.0,0.6157014706139385,0.06018622363147826,-0.05858949567147953
9.4167,-2.136981298639265,1.6270794388367122,1.0,-2.161815881729126,1.619762659072876,1.0282936096191406,-0.14238652117555134,0.1721796436991446,-0.03730919109196501,-0.9740063776819687,-2.4406191582550685,1.744528052041102,0.0,-2.5634496212005615,1.7433048486709595,-0.018059387803077698,-1.787100386928513,-3.8374235182718492,-0.22449963072347945,-3.138666743585662,-3.6802542545771586,-0.5035883425319674,-2.6353206749246354,-4.617168859743117,0.33912197023273755,-2.354778329647967,-3.41185011194536,0.12697379758655677,0.7552104178120462,-0.22414654057714337,0.3343804804483515,0.0,0.0,0.0,0.596355938845103,0.0669772768824529,-0.05529176863986361
9.4334,-2.178073090929363,1.6556811319524078,1.0,-2.2132742404937744,1.654089093208313,1.0287715196609497,-0.14672118888472813,0.16780647484385308,-0.037990663485537715,-0.9740999015388143,-2.483521697928612,1.6828903636059556,0.0,-2.6027989387512207,1.667649745941162,-0.01980290748178959,-1.9272232290126536,-3.9827360448991707,-0.21762675427317735,-3.2695698310107275,-3.8438664515576413,-0.5053359319523737,-1.0179486813359415,-2.318128596518784,-0.09016876418973913,-1.9601217834944786,-3.0889635300408997,0.06286934451599527,0.7676734424597977,-0.21096350564111668,0.3378883374798031,0.0,0.0,0.0,0.574673159538276,0.07209391229958724,-0.050179159800606804
9.45,-2.2197156411795995,1.6831475586198605,1.0,-2.2656686305999756,1.6869399547576904,1.0292222499847412,-0.15104207720861992,0.16073131104319865,-0.038810293248529006,-0.9746002267774871,-2.524721337929791,1.6204265382306005,0.0,-2.6496729850769043,1.5868189334869385,-0.023311994969844818,-1.7433038695220953,-3.9902463604914775,-0.22987943888996032,-3.0824655038112048,-3.876590355462896,-0.527219868767983,-1.5202914975110817,-2.3855097620106442,0.1040426765195312,-1.830275844051794,-2.881291120306403,0.07502446467110548,0.7820772343017678,-0.1920018901590987,0.3419141433336022,0.0,0.0,0.0,0.5570843999873416,0.07834588513051746,-0.0445737134555796
9.4666,-2.2621158608410594,1.709618821165205,1.0,-2.2922322750091553,1.7028086185455322,1.0293954610824585,-0.15551137569905712,0.15796175280635727,-0.03859117178312094,-0.9743587674823683,-2.5644282317478075,1.5568262087384106,0.0,-2.6756980419158936,1.5508893728256226,-0.024928469210863113,-1.5475174518646662,-3.9967577618441577,-0.19169101657963328,-2.883961502957933,-3.9127685635464005,-0.49781918260169117,-1.5618400343396766,-2.1562383745886393,-0.09700936292745743,-1.7510286866756342,-2.6672422975821424,0.024236934406990214,0.7963863916989674,-0.16761412982217833,0.345216045430877,0.0,0.0,0.0,0.5400576593942992,0.08362493152442102,-0.03908787940881912
9.4833,-2.3051947748104835,1.735039643332577,1.0,-2.346043348312378,1.733396053314209,1.0297011137008667,-0.15551137569905712,0.15796175280635727,-0.03859117178312094,-0.9743587674823683,-2.6025594649988655,1.492207837784274,0.0,-2.7128756046295166,1.466781735420227,-0.02817409113049507,-1.4019699916910415,-3.9628246699474072,-0.17473605169869533,-2.7176580386713862,-3.8969039503313643,-0.4866184466017103,-2.2296033629786383,-5.044081901112414,-0.19464561468729447,-1.8923126782932282,-3.3689287913508235,-0.04038119472254814,0.8054309409274943,-0.15645987544372714,0.3472483891174759,0.0,0.0,0.0,0.5102571060528505,0.0905391558276842,-0.03536599421446099
9.5,-2.3489198519397023,1.7593881186269285,1.0,-2.4006035327911377,1.762403964996338,1.0299737453460693,-0.16472408285871043,0.1551670412973974,-0.03737279068636791,-0.9733409210908301,-2.639082177940393,1.4266202220904458,0.0,-2.750685930252075,1.386596441268921,-0.023202383890748024,-1.4858082630380054,-4.1220407416274565,-0.185819871346788,-2.7835447232090385,-4.080124955436313,-0.501959309665761,-1.190424498657373,-2.4035165400217107,0.09422625764154716,-1.68510245886788,-3.0839214493870237,-0.000642614490121509,0.8159396716525511,-0.13901448564407637,0.35003133866371766,0.0,0.0,0.0,0.48179678851848207,0.09709869945293244,-0.033891900344744735
9.5167,-2.3931684399506192,1.7825982502230857,1.0,-2.428142547607422,1.7763259410858154,1.030134677886963,-0.16472408285871043,0.1551670412973974,-0.03737279068636791,-0.9733409210908301,-2.6738973753346285,1.3602473400740709,0.0,-2.7651588916778564,1.3445311784744263,-0.024841027334332466,-1.3467413296036417,-4.104654858698565,-0.19890154907432933,-2.636606040106093,-4.0920889074410525,-0.5177162116656683,-0.8693236334474216,-2.526665139125578,-0.09842570780048404,-1.4442696391648553,-2.919409201317338,-0.02950997087079375,0.8296825607372922,-0.11697221064527524,0.3522693801186621,0.0,0.0,0.0,0.46018214976515903,0.10440625938776255,-0.033454717527323166
9.5333,-2.437972065759479,1.8046905110264808,1.0,-2.4837422370910645,1.8029680252075195,1.0303449630737305,-0.16820060187807945,0.14619145436541797,-0.03696097382956804,-0.9741511942534521,-2.7070357665397213,1.293041901360781,0.0,-2.80206298828125,1.2622658014297485,-0.03042164072394371,-1.1685965928306086,-4.08672325442959,-0.16747972172414283,-2.444470804011131,-4.092671168576278,-0.48848024105404536,-2.216594349214532,-4.941157938451404,-0.3351919500293566,-1.672274009775625,-3.5162663811345176,-0.11975287823629753,0.8367557364658814,-0.10607048520189943,0.3528129269859398,0.0,0.0,0.0,0.43911847471464094,0.11201839934858768,-0.03181240765603728
9.55,-2.483375501300512,1.8256846464063312,1.0,-2.5118417739868164,1.8156906366348267,1.0304021835327148,-0.16820060187807945,0.14619145436541797,-0.03696097382956804,-0.9741511942534521,-2.738526969609497,1.2249367480492315,0.0,-2.821115255355835,1.2215299606323242,-0.03213876113295555,-1.227117276733432,-4.256651657140825,-0.1584770575981418,-2.4842655519101084,-4.286782146668731,-0.4808127245237548,-1.14251604878258,-2.442824871681226,-0.10297134809773673,-1.515879777012446,-3.19936682766221,-0.11479866381412514,0.8443877856003474,-0.0881732405442982,0.3533813961804772,0.0,0.0,0.0,0.41276048957632927,0.11830373007220385,-0.031045729254864186
9.5667,-2.529281861362051,1.8455334054886288,1.0,-2.568554162979126,1.839963436126709,1.0304067134857178,-0.17506869689491086,0.13796949720729534,-0.03627933284860127,-0.9741659035035823,-2.768300108232943,1.1560772079569235,0.0,-2.8533737659454346,1.1414265632629395,-0.038274746388196945,-1.0542308183269702,-4.255875557527687,-0.1226977144575665,-2.290759402344136,-4.304142642198572,-0.44243727611453876,-1.9348205348205347,-4.804490204490205,-0.36802784927784926,-1.6395587459283676,-3.673228586225859,-0.18955654777231232,0.8479176858385412,-0.0783479932238496,0.35235346013470065,0.0,0.0,0.0,0.38861089817862504,0.12661507789473467,-0.032613898477728394
9.5833,-2.5756415156678183,1.8642169364577679,1.0,-2.625892400741577,1.8626964092254639,1.0304168462753296,-0.17970501618432522,0.13248811253181333,-0.03594767929766907,-0.9740948860638415,-2.7963254046866517,1.086537726498272,0.0,-2.880615711212158,1.060115098953247,-0.03296965733170509,-1.128693910837347,-4.434577291332448,-0.14131152390326296,-2.3457510684934757,-4.50797050698113,-0.4600154355360808,-0.7788830365832713,-2.4491254937882867,0.17637142540218698,-1.385471545485714,-3.311850979731858,-0.08152792182408929,0.8542759935821216,-0.06014653704865521,0.3532167281566323,0.0,0.0,0.0,0.362781164074007,0.13353975269733792,-0.03451281652381442
9.6,-2.6224475280548973,1.881733947124588,1.0,-2.683769702911377,1.8837943077087402,1.0303584337234497,-0.18148837578536667,0.12686898932121965,-0.035922854803896204,-0.9745131092416153,-2.822600920686882,1.0163287079176535,0.0,-2.9058117866516113,0.9734009504318237,-0.042702723294496536,-0.9566148468241752,-4.413101772700183,-0.1266574126660851,-2.1612840004021723,-4.518764316152819,-0.442021170253689,-0.8426069036579082,-2.6112828438948994,-0.29958471077336996,-1.225207980982089,-3.105030461363112,-0.14590227146594947,0.862498743161336,-0.03602118004677693,0.352674696332439,0.0,0.0,0.0,0.342170410416661,0.14168372349941272,-0.037310938744835105
9.6167,-2.6697716458851555,1.8981075369087217,1.0,-2.712902307510376,1.8937416076660156,1.030254602432251,-0.18148837578536667,0.12686898932121965,-0.035922854803896204,-0.9745131092416153,-2.8471613053630827,0.9453425311722665,0.0,-2.918869972229004,0.9329314231872559,-0.046781934797763824,-0.7974099358265906,-4.393202834100507,-0.0739309375629853,-1.985719231489469,-4.536292219603756,-0.38576774580401924,-0.7818477702278308,-2.4230785702049906,-0.24423932400216983,-1.094319943228667,-2.903705798682916,-0.17493316673511283,0.8712302697911574,-0.006771754658836657,0.35138577848409885,0.0,0.0,0.0,0.31707902587172115,0.14986114016208552,-0.039548970243064925
9.6333,-2.7173594904538265,1.9132511692498129,1.0,-2.771606206893921,1.9123369455337524,1.0299155712127686,-0.1856678601154154,0.12125065372985755,-0.03595657228270487,-0.9744397737252062,-2.869876753874719,0.8739607643192597,0.0,-2.9443819522857666,0.8425042629241943,-0.05356108769774437,-0.6170753666019211,-4.330246964893352,-0.03255622292022853,-1.7821239316046236,-4.497258485221968,-0.3368980790842287,-1.5335282399644583,-5.435587657824211,-0.4074957095461255,-1.2239822600770183,-3.651163600100671,-0.2435898800466091,0.8747868526822615,0.008160630447927905,0.3482925409314642,0.0,0.0,0.0,0.2902617123204409,0.15885088988068866,-0.043950684767464034
9.65,-2.765369874824429,1.927218365742386,1.0,-2.8011181354522705,1.9209704399108887,1.0296802520751953,-0.1856678601154154,0.12125065372985755,-0.03595657228270487,-0.9744397737252062,-2.8908275486135793,0.8019451877633561,0.0,-2.9539525508880615,0.7991141080856323,-0.05749622359871864,-0.6692295515965333,-4.506653026855164,-0.008758322450611367,-1.8073987603701354,-4.70269266093823,-0.3003657139008432,-0.5741379063747014,-2.602964944148061,-0.23606785545718495,-1.0321363293009216,-3.341716198359301,-0.2413692409036247,0.8792106647219841,0.02961063928396887,0.3446949768055129,0.0,0.0,0.0,0.2589585440516178,0.16642899479909673,-0.05308758535528109
9.6666,-2.8137241267443787,1.9399834471173931,1.0,-2.860368490219116,1.9370629787445068,1.0292710065841675,-0.19557358913990427,0.11367025063141169,-0.03529756415938854,-0.9734393761289516,-2.9099751706760895,0.729413809883432,0.0,-2.971592664718628,0.7176727056503296,-0.04982920363545418,-0.5142192587490574,-4.498502903201847,-0.05369036070414612,-1.6363598147501546,-4.716890728725807,-0.3348352882397216,-1.0579235597752263,-4.88425297053062,0.4598111514648898,-1.0397491910643508,-3.7971012472984547,-0.03436797321621307,0.8815001245486115,0.04317903149858369,0.34466334626291545,0.0,0.0,0.0,0.24064043145248568,0.17520879402537637,-0.06351841872733999
9.6833,-2.862360796897695,1.9515306628152118,1.0,-2.919949769973755,1.9514628648757935,1.0288323163986206,-0.1974918186561806,0.10497811640219172,-0.035466151553432086,-0.9740220141627662,-2.927295994222818,0.6564588046534571,0.0,-2.98738431930542,0.6271411776542664,-0.05808918550610542,-0.5644330244190561,-4.663075492084008,-0.030422055286472904,-1.6622590311607592,-4.909879312433127,-0.30138557405523764,-0.38387770875676297,-2.783975753585435,-0.23254426330403916,-0.846123941762829,-3.4980080841017154,-0.09287323622734443,0.8852718358311885,0.06370822304390333,0.3432104447026233,0.0,0.0,0.0,0.21255417091051473,0.18309559730521535,-0.07224692593385856
9.7,-2.9112568349524754,1.9618559456873568,1.0,-2.9499199390411377,1.957995891571045,1.0285353660583496,-0.1974918186561806,0.10497811640219172,-0.035466151553432086,-0.9740220141627662,-2.942783918531035,0.5831147475712863,0.0,-2.9989733695983887,0.5805612802505493,-0.060859329998493195,-0.3661391298564169,-4.597961739898216,0.014249307672279166,-1.4507117675062913,-4.8800655948738925,-0.25053223506519556,-0.6956422182468694,-2.7959964221824687,-0.1662801878354204,-0.801698986543575,-3.290761410449356,-0.11454431004133395,0.8883571948224532,0.08999243072076807,0.34097821746939766,0.0,0.0,0.0,0.19621544282742098,0.19211142425490793,-0.07619667473192293
9.7166,-2.960447043653234,1.9709651924466276,1.0,-3.010239839553833,1.969778299331665,1.0278944969177246,-0.2008739610035661,0.09718492703650455,-0.035436522318928944,-0.9741401517791423,-2.9564477886699416,0.5093294345201481,0.0,-3.013942241668701,0.4857390522956848,-0.06535247713327408,-0.19115224065802183,-4.505582065574998,0.04348208205254078,-1.2479316650570977,-4.809268473736837,-0.21106057539835027,-0.8975169042071105,-5.685435220791103,-0.26940409989564423,-0.8299861871547062,-3.997712888034405,-0.16026175046399888,0.8885092884299621,0.10286002241438785,0.33731176274469216,0.0,0.0,0.0,0.16827013596911367,0.200826385747451,-0.0827691052938011
9.7333,-3.009839790691307,1.9788398249817836,1.0,-3.070946455001831,1.9797766208648682,1.0271567106246948,-0.20602231445300523,0.09362812288053382,-0.034637165190071414,-0.9734417784993167,-2.9682597374726756,0.435240313963039,0.0,-3.0275731086730957,0.3957826793193817,-0.061365582048892975,-0.011516813490971094,-4.438730539427835,0.022344018758011508,-1.0338367525622645,-4.754111270700834,-0.22242096832620595,-0.8174902768245252,-5.394995066918326,0.23910789865019447,-0.8262971660306012,-4.410216126136914,-0.042360530546448075,0.8859097370387908,0.10768182189122376,0.3354457407524787,0.0,0.0,0.0,0.13641020203250254,0.20769890938177488,-0.09068075366826123
9.75,-3.0593905757658826,1.985474025256872,1.0,-3.1013026237487793,1.9840857982635498,1.0268579721450806,-0.21100094254349097,0.0894559958097283,-0.03423516854897449,-0.9727817588516361,-2.978211037885308,0.36091413635117614,0.0,-3.0275020599365234,0.34994253516197205,-0.05699317529797554,-0.055436310050999374,-4.612925443268728,-0.0032918405512498694,-1.0378280428835918,-4.947556049013082,-0.23860621115131533,0.004263660166254131,-2.7508834933398196,0.2623896974661268,-0.5811004295196144,-3.9203508043987583,0.047607306850631165,0.8850128524405954,0.12220416794884387,0.33503881044048966,0.0,0.0,0.0,0.09737888039199706,0.2124264377955102,-0.0997244398404242
9.7667,-3.1091216027890627,1.9908705225298262,1.0,-3.162027597427368,1.9912683963775635,1.026298999786377,-0.21336565469946744,0.08099459450268119,-0.034539595235768605,-0.9729964127511022,-2.986305783794739,0.2863175958164058,0.0,-3.034770965576172,0.2554624378681183,-0.05418137460947037,0.10735545008300255,-4.514703360707704,-0.018244904452225263,-0.8385560108140394,-4.859985667858396,-0.24920090612227946,-0.4358915703991765,-5.665650377444813,0.16861413237733044,-0.5382321202449651,-4.435595138163523,0.08333073345451086,0.8827220002999605,0.12727312084136755,0.33518393549259845,0.0,0.0,0.0,0.06318946059708139,0.21800918630932453,-0.10422793382254424
9.7833,-3.1589342242670364,1.9950189089121078,1.0,-3.2229299545288086,1.9965697526931763,1.025788426399231,-0.21377907313651082,0.07124139228877521,-0.03484853163535346,-0.973657443923147,-2.9925283633681614,0.21159866359944488,0.0,-3.040678024291992,0.15850618481636047,-0.0543886199593544,0.11937401493219474,-4.67547241476456,-0.03438496275357128,-0.7847078085711066,-5.039381415900346,-0.26435023339145447,-0.3374114616870573,-2.905340917221149,0.16561471524647636,-0.47894619132888666,-3.9838361228421073,0.10762246882915451,0.8788867678390084,0.14156364618483216,0.3357543459299668,0.0,0.0,0.0,0.025195055664292906,0.22234535495095387,-0.10578907529208356
9.8,-3.208827814057502,1.997920827387929,1.0,-3.2840328216552734,2.0000598430633545,1.0251659154891968,-0.2161251247753091,0.06456401439563364,-0.034530702250732834,-0.9736165193332429,-2.9968812410818932,0.13675827891374662,0.0,-3.047677516937256,0.06538894027471542,-0.05594569817185402,0.28046480026111864,-4.577370650207408,0.00598443017525252,-0.5853220568029492,-4.9683194141902165,-0.2228243863040828,-0.16979133869536595,-2.699504196840026,-0.20630170020322294,-0.38767802823795405,-3.6046778638442993,0.014946316365856721,0.8746792490001962,0.16441356015979397,0.3345086438494381,0.0,0.0,0.0,-0.008892391936128358,0.22653520382301415,-0.10569982737010282
9.8166,-3.258678221644122,1.9995730820936521,1.0,-3.314642906188965,2.001101016998291,1.0248667001724243,-0.2161251247753091,0.06456401439563364,-0.034530702250732834,-0.9736165193332429,-2.999359623140478,0.06198266753381661,0.0,-3.045024871826172,0.017402231693267822,-0.05564146861433983,0.4445834573544509,-4.457603448055924,-0.004866521795812595,-0.371048580104445,-4.880069052006643,-0.23197531404296887,0.1595582962856733,-2.8864311451312203,0.018299602036426214,-0.22612386309887014,-3.392638304689326,0.015936267585657953,0.8710067941436496,0.19151714947047033,0.3330968776096437,0.0,0.0,0.0,-0.05537475668475371,0.2309484544802491,-0.10598808536248741
9.8333,-3.3087939376576134,1.999980666571673,1.0,-3.3452672958374023,2.0017125606536865,1.0245633125305176,-0.21952255589199193,0.058877756523718176,-0.03400900855986504,-0.9732351746479163,-2.9999709998575095,-0.013190906486420208,0.0,-3.0414042472839355,-0.028129778802394867,-0.05392216145992279,0.4351045286428042,-4.637418624409469,-0.014486170549909083,-0.32940768725681285,-5.095329801399596,-0.2411777615498805,0.21671685242532787,-2.7253734498308906,0.10291120510039531,-0.09538918983246227,-3.1956495235678486,0.04161285882884527,0.8667979201272882,0.22182854476887554,0.33213235700612964,0.0,0.0,0.0,-0.10228570422767116,0.23608263222125137,-0.10544076600615823
9.85,-3.3588390715578402,1.99913430355697,1.0,-3.4065372943878174,2.0015714168548584,1.024033784866333,-0.22191884130585912,0.05196815476363764,-0.033656955934253496,-0.9730974808938313,-2.998701455335455,-0.08825860733676043,0.0,-3.0409939289093018,-0.12172339856624603,-0.04546310752630234,0.6097818668903869,-4.527925566846235,-0.06339512724907426,-0.11499725019642437,-5.010170770966025,-0.29427855437845474,0.024583958288693666,-5.607600796371687,0.5068187093779016,-0.05997092369179023,-3.9077016238614046,0.1789501287344824,0.8608631136960564,0.23842981177589687,0.3339215897918355,0.0,0.0,0.0,-0.13608399660924508,0.24381539234389357,-0.10303816266245502
9.8666,-3.4087452239557736,1.9970414307837503,1.0,-3.4676730632781982,1.9995098114013672,1.023550033569336,-0.22280471010964142,0.04435259329099961,-0.0333174630694982,-0.9732835592300069,-2.9955621461756254,-0.16311783593366042,0.0,-3.0328400135040283,-0.2182978093624115,-0.04711798578500748,0.7491119357428477,-4.3931229296505165,-0.05183102354721658,0.06901405454482834,-4.887537651384944,-0.28577270415661016,0.48990817802862097,-5.802438618229741,-0.09942933575899955,0.10236343757927868,-4.467062615750564,0.09676742272120867,0.8552527577184175,0.24381046018927793,0.3343362538676682,0.0,0.0,0.0,-0.17515487652039805,0.2506042615451495,-0.10039457325827462
9.8833,-3.458629891605977,1.9936992143974668,1.0,-3.5285680294036865,1.995516061782837,1.0230857133865356,-0.22403274283470334,0.03603826341183131,-0.03354231650630386,-0.9733372964618583,-2.9905488215962004,-0.23794483740896555,0.0,-3.0200412273406982,-0.3177030086517334,-0.04625605791807175,0.7563649837165072,-4.552862673693249,-0.06488845399025767,0.1273279160882539,-5.065470486996048,-0.30433543441207656,0.3857200068653813,-2.8959608673265063,0.13453443239029692,0.18601547589661963,-4.003244663723797,0.10791693426396048,0.8481979856905327,0.25784625046669896,0.335130260094121,0.0,0.0,0.0,-0.2191609180622794,0.2547615628361006,-0.09568327967230209
9.9,-3.508446017957858,1.9891079049658196,1.0,-3.5589544773101807,1.9927709102630615,1.0228286981582642,-0.22403274283470334,0.03603826341183131,-0.03354231650630386,-0.9733372964618583,-2.9836618574487295,-0.3126690269367873,0.0,-3.0150227546691895,-0.36877793073654175,-0.04884353652596474,0.8973407581954682,-4.3758005163209965,-0.039409774422048294,0.31210878510721307,-4.9133000055644915,-0.2780912988762945,0.30091493924231594,-3.0625268048606147,-0.15514899035025018,0.21993589755704487,-3.7255275577689524,0.030255065117050367,0.8393422030693217,0.2778442687041133,0.33458078888671205,0.0,0.0,0.0,-0.2541102299810666,0.25965522053938167,-0.09589926443246581
9.9167,-3.5580905855528773,1.9832774010836136,1.0,-3.6196329593658447,1.985920786857605,1.0223721265792847,-0.22612118239869092,0.027142665271424983,-0.033837007271092,-0.9731328842465804,-2.9749161016254204,-0.3871358783293162,0.0,-3.0008857250213623,-0.4625696837902069,-0.042309366166591644,0.9294920918636057,-4.554608508160402,-0.07268417359683443,0.40179638762386727,-5.121453331405557,-0.3166358139202264,0.36189944613799324,-2.683563393585505,0.3377612328796531,0.26184613184410865,-3.417920691949079,0.12103650630016655,0.8285638362889335,0.3031813075991936,0.3358620079570692,0.0,0.0,0.0,-0.30086813204919505,0.2636635156459614,-0.09191036763367727
9.9333,-3.607673589238098,1.976192541855511,1.0,-3.680056571960449,1.9772108793258667,1.0218628644943237,-0.22604905860417665,0.01902078843926953,-0.03394203721758121,-0.9733386451610107,-2.9642888127832667,-0.46151038385714727,0.0,-2.985891819000244,-0.5569703578948975,-0.04569030553102493,1.0594889676991508,-4.412806008899487,-0.044457806868998695,0.5794993640855384,-5.014646475172229,-0.28782231491572174,0.5209465531259361,-2.734336442865905,-0.32083435855192777,0.33833731192761074,-3.2161141273739022,-0.009411849321341398,0.8169307306631418,0.3329855653297869,0.33473908633268107,0.0,0.0,0.0,-0.33694112704952944,0.26885490094295483,-0.09137457828595805
9.95,-3.6569566573498284,1.9678876860160583,1.0,-3.7101988792419434,1.9721463918685913,1.0216113328933716,-0.22663390934753805,0.012085861691590014,-0.03398106519930229,-0.9733120083527518,-2.9518315290240875,-0.5354349860247429,0.0,-2.9754137992858887,-0.606099545955658,-0.044613584876060486,1.2005994780325888,-4.243969672973779,-0.060914961955639946,0.7782647355562862,-4.881921232243514,-0.3063700930381086,0.62899670817232,-2.9492307141834835,0.06463566265922427,0.4241452782409229,-3.137325265824954,0.012448329622481803,0.8043646991967697,0.3637998526742691,0.3340681187998546,0.0,0.0,0.0,-0.38202995672046697,0.2741517065954668,-0.08861298771738593
9.9667,-3.706007719931488,1.9583558745427334,1.0,-3.770049810409546,1.9606304168701172,1.021046757698059,-0.22898401762050552,0.004605681164725044,-0.03382634411841879,-0.972831407839182,-2.9375338118141,-0.6090115798972318,0.0,-2.9530527591705322,-0.6933521032333374,-0.04649514704942703,1.2366489193150787,-4.414860493599657,-0.03249914814853927,0.888615354567678,-5.089321953471674,-0.27563288319407936,0.6564137812526849,-2.694679525732451,-0.27770453862015637,0.492715185629353,-3.006648152869656,-0.0732101003665277,0.7902168002842342,0.39584911952081875,0.3318014824791032,0.0,0.0,0.0,-0.4421832355368336,0.2786123403511979,-0.08866774743356308
9.9834,-3.7549167880983463,1.947575599535557,1.0,-3.829378366470337,1.9472975730895996,1.0205779075622559,-0.23016834406366163,-0.003062158205134675,-0.033531274031993984,-0.9725682007702314,-2.9213633993033357,-0.6823751821475196,0.0,-2.9272561073303223,-0.7876365184783936,-0.04179827496409416,1.3602406065282526,-4.27769196063964,-0.07810739554924684,1.069001027340917,-4.992681127652548,-0.3221060182786851,0.6860646026920167,-2.900715825233018,0.3105043606103427,0.5497954675000396,-2.975374993567823,0.04006942187438925,0.7745833807957734,0.42857019498595306,0.33173763961336467,0.0,0.0,0.0,-0.4833438016084377,0.2864189720269554,-0.0877390168839264
10.0,-3.8034284483270517,1.9356032128034446,1.0,-3.858863353729248,1.939945936203003,1.0203648805618286,-0.23016834406366163,-0.003062158205134675,-0.033531274031993984,-0.9725682007702314,-2.903404819205167,-0.7551426724905776,0.0,-2.913844347000122,-0.8323221802711487,-0.03732898458838463,1.46451014392861,-4.132980049312045,-0.10047403836842594,1.2403606696059741,-4.89020683081463,-0.3483816661090465,0.8052708428767751,-2.6830229328905175,0.26834577559551076,0.625216467775398,-2.8890673217762486,0.1074607738255109,0.7576550126013488,0.4622768177784339,0.33322108717415877,0.0,0.0,0.0,-0.5335055382787129,0.294949963724151,-0.08531345943353824
10.0167,-3.851686379460468,1.922405300325038,1.0,-3.9174044132232666,1.9238296747207642,1.0199270248413086,-0.22809508790185012,-0.011050450600934845,-0.033176819036017435,-0.9730107426795958,-2.883607950487557,-0.8275295691907023,0.0,-2.879235029220581,-0.9329147934913635,-0.045238979160785675,1.4970128499246513,-4.266940627549727,-0.08666538824810122,1.3541048922638252,-5.063130299710982,-0.3410664710476417,1.009120409417752,-2.976452046373994,-0.13516240368533158,0.7385519281720081,-2.9148648896562444,0.035833977266863305,0.7401240250146932,0.4941275697190905,0.3335371491265616,0.0,0.0,0.0,-0.5972160673538671,0.30206210244216464,-0.07913606632702115
10.0334,-3.8995595143235473,1.9080168732964895,1.0,-3.97538685798645,1.9058666229248047,1.0194053649902344,-0.22737221676632766,-0.01956895035100206,-0.033033519751080376,-0.9730507821856812,-2.8620253099447344,-0.8993392714853214,0.0,-2.849936008453369,-1.0208848714828491,-0.0409010648727417,1.5967674891951762,-4.096963412936724,-0.05666704090635566,1.5175862733039098,-4.936282011209934,-0.31295109568989754,0.8341323792486584,-2.495660107334526,0.058705500894454386,0.7667690243063832,-2.791107975878178,0.04258606907716267,0.7205755451895879,0.5283682137335189,0.33414652332614214,0.0,0.0,0.0,-0.6413943292983214,0.31095038453969126,-0.07786246854260027
10.05,-3.947056741207753,1.8924369404705677,1.0,-4.004226207733154,1.8962255716323853,1.0191457271575928,-0.22893864653808355,-0.028282474105841324,-0.032648634730478854,-0.9724820526118751,-2.8386554107058517,-0.9705851118116299,0.0,-2.833725690841675,-1.0627180337905884,-0.04094431921839714,1.7064744427299676,-3.943708365638974,-0.0746521527272046,1.691615524305535,-4.809895210988139,-0.3347729621749869,1.8972227389145646,-5.294824650517249,0.1990450929330796,1.1004996227838895,-3.5302509000402864,0.08877563260718258,0.7050606531763735,0.5467811043109372,0.3356174990452169,0.0,0.0,0.0,-0.690201734751941,0.31940574103822744,-0.07549668959743462
10.0667,-3.994133665474507,1.8756807975918837,1.0,-4.061408042907715,1.8756103515625,1.0186949968338013,-0.22836138222745408,-0.03431621693866091,-0.03228254720431326,-0.9724357753722103,-2.8135211963878257,-1.0412004982117609,0.0,-2.7932167053222656,-1.1532092094421387,-0.03583100438117981,1.7748135288143505,-4.100271919228331,-0.10884737353087193,1.828341968192866,-4.9944148959930885,-0.37449497160047623,0.9713696747595053,-2.6307690105359596,0.34811947971541457,1.0623781019479093,-3.2647074059327,0.16533867644386718,0.6859292024917076,0.5691365938256561,0.338683919719434,0.0,0.0,0.0,-0.7394576418702232,0.3250063829391016,-0.07303632164982969
10.0834,-4.040831755123519,1.8577320341213384,1.0,-4.089666366577148,1.864611268043518,1.018444538116455,-0.22836138222745408,-0.03431621693866091,-0.03228254720431326,-0.9724357753722103,-2.7865980511820077,-1.1112476326852792,0.0,-2.770473003387451,-1.197281002998352,-0.03924061357975006,1.8100821261229663,-3.9179613539994973,-0.08261317803164392,1.9223169244534453,-4.844330531645415,-0.3489715465601269,1.3639210191447078,-2.6429490570623813,-0.2044714473627772,1.151399082570385,-3.0811529771263886,0.05616396867282962,0.6659232878541889,0.5951007428192734,0.33980602119016906,0.0,0.0,0.0,-0.778158086184668,0.3312684348266448,-0.07344765266168608
10.1,-4.0870176350488805,1.8386416839944826,1.0,-4.145557403564453,1.8413124084472656,1.0179789066314697,-0.22697606800046163,-0.04444074342466,-0.03170580972929015,-0.972369099057866,-2.757962525991724,-1.1805264525733212,0.0,-2.7282137870788574,-1.2858606576919556,-0.03703008592128754,1.8817594749924242,-3.738205013787729,-0.09414737142453422,2.054030007826431,-4.681424174672618,-0.3664188994270391,2.536027013105935,-5.315772906770446,0.13265645567446918,1.5601665552717885,-3.740853623736548,0.07874594893102893,0.6517971951216595,0.6067365588716673,0.3414184098845858,0.0,0.0,0.0,-0.8240677279556661,0.33648260201322183,-0.06914688188208097
10.1167,-4.132724461596678,1.8183976383229614,1.0,-4.200613498687744,1.8163981437683105,1.0175127983093262,-0.22700337388994063,-0.05352073929565754,-0.031211342902560352,-0.9719212466455892,-2.727596457484442,-1.2490866923950166,0.0,-2.686314582824707,-1.3680839538574219,-0.03296949341893196,1.9629395840961203,-3.9003104334309127,-0.08548257922650127,2.193185848690492,-4.86369498613029,-0.35977514550295825,1.1431474696588046,-2.4387594458438286,-0.08017159949622166,1.437054899111323,-3.356451623330163,0.03183058401174364,0.6328138670089967,0.6244323730722163,0.3422063139232461,0.0,0.0,0.0,-0.8630601316033681,0.33895217962716095,-0.0679137476467891
10.1333,-4.177883422352966,1.7970310784062256,1.0,-4.2545905113220215,1.789818286895752,1.0171111822128296,-0.2268185810326446,-0.06025272896775711,-0.030673591262409913,-0.9715874857522314,-2.695546617609338,-1.3168251335294503,0.0,-2.634411573410034,-1.4533591270446777,-0.032351523637771606,2.0032769689939776,-3.725398621054763,-0.10443400048229368,2.282969655978981,-4.71394751634498,-0.3767697974254457,1.6434574688945205,-2.6214581275145683,-0.11914512728548315,1.4979887102447729,-3.139468109484458,-0.012740205429427203,0.612720184672981,0.6462067348290942,0.34215076470026295,0.0,0.0,0.0,-0.8924128716579844,0.3423421604611231,-0.06981496775711092
10.15,-4.222544749319101,1.7745171696841247,1.0,-4.281137466430664,1.7758848667144775,1.016937494277954,-0.22457658996281973,-0.06816366082311553,-0.029966451438094146,-0.9716075476521226,-2.661775754526187,-1.3838171239786516,0.0,-2.6036438941955566,-1.4965399503707886,-0.03121272101998329,2.0191433881923317,-3.5433825535946646,-0.12557658455575282,2.3540994814272174,-4.557940880360597,-0.3985365301675161,1.845244223289865,-2.589703443148021,0.06829793489762068,1.6005048846759566,-2.9771675316303368,0.011183734773842123,0.5926395429104306,0.669972856313428,0.34272005702299635,0.0,0.0,0.0,-0.9275956361453164,0.3445854704525049,-0.06976011141123308
10.1667,-4.266629137507298,1.750893517756547,1.0,-4.33324670791626,1.7468724250793457,1.0165351629257202,-0.22114003076565059,-0.07813747017883968,-0.028973808861965475,-0.9716749826097401,-2.6263402766348207,-1.449943706260948,0.0,-2.557438611984253,-1.576086163520813,-0.035479411482810974,2.099605153722019,-3.684769384537869,-0.09361732410281665,2.4917633654309532,-4.725797147035599,-0.3656620940963085,1.4263591386164098,-2.4874024079846713,-0.31540787563988903,1.549093877481462,-2.8325799154232194,-0.08523207791503436,0.5697932443852111,0.6946572371637972,0.3415805367760802,0.0,0.0,0.0,-0.9619514560941452,0.3463705253339326,-0.06953576678258833
10.1833,-4.310057778841081,1.726204878744879,1.0,-4.358883857727051,1.731781244277954,1.0163425207138062,-0.22114003076565059,-0.07813747017883968,-0.028973808861965475,-0.9716749826097401,-2.5893073181173185,-1.5150866682616213,0.0,-2.4968957901000977,-1.6545536518096924,-0.03501071780920029,2.146361350904604,-3.528293065604056,-0.11583423648034685,2.5866422782140552,-4.599390327059077,-0.38783815978720615,1.8012774611176352,-2.3831022828172888,0.17750215714776732,1.6235430806691156,-2.6998859029276954,-0.007668129586172787,0.5465724750413028,0.7214370122000048,0.34198370993389116,0.0,0.0,0.0,-0.9868534023507544,0.3496602492550165,-0.06997978662703186
10.2,-4.352928617100177,1.7003944622620686,1.0,-4.409038543701172,1.7004587650299072,1.015981674194336,-0.22129264450410852,-0.08382603032235504,-0.027927766228773635,-0.9711965737322928,-2.5505916933931028,-1.5793929256502652,0.0,-2.4645233154296875,-1.6953269243240356,-0.02863863855600357,2.1349020701756514,-3.3510940526580386,-0.1378777652796055,2.614021439460795,-4.438196667421753,-0.41245571550899934,3.77185034869098,-4.7691994398079345,0.23290864903681263,2.257762651984348,-3.310785080997988,0.06335453261761982,0.5343049507121453,0.7346711873396653,0.34390809526302757,0.0,0.0,0.0,-1.0134243199972888,0.35243142742404926,-0.0693301450336337
10.2167,-4.395088828028973,1.6735532434691551,1.0,-4.457969665527344,1.6675961017608643,1.015674114227295,-0.21982596051770975,-0.08958817359501436,-0.026571185615753518,-0.9710533165942044,-2.5103298652037327,-1.6426332420434602,0.0,-2.4058210849761963,-1.7702884674072266,-0.031847257167100906,2.188978173938578,-3.482395686822004,-0.12465972373440426,2.6970618316197625,-4.588307973777484,-0.4015689036235057,1.954401683101716,-2.409733652015858,-0.1305004266791659,2.168204949274682,-3.044778230149216,0.006125005439346541,0.5187825744128541,0.7514508678946071,0.34487144942172093,0.0,0.0,0.0,-1.026866232094039,0.3544614190608729,-0.06796226953261947
10.2333,-4.4365975432203975,1.645644562092725,1.0,-4.505670547485352,1.6332799196243286,1.0153617858886719,-0.21642459393904717,-0.09762710542930038,-0.0251865773484736,-0.9710792790528872,-2.4684668431390873,-1.7048963148305964,0.0,-2.340891122817993,-1.8458974361419678,-0.032004743814468384,2.23423219528674,-3.3417082757147982,-0.1363423244099602,2.7558678231845084,-4.471637728776008,-0.41606901986521944,1.7724172445842568,-2.1411167512690357,0.19003684224637163,2.051361184820199,-2.7780008448652205,0.060419141122716284,0.4995389634427732,0.7730526307482424,0.3469936342171502,0.0,0.0,0.0,-1.0211745913405417,0.3568768223129674,-0.06726693876189094
10.25,-4.477396510533649,1.6167057422373394,1.0,-4.528918266296387,1.6156240701675415,1.0151926279067993,-0.21479854745007265,-0.10306912758245126,-0.02431498052126833,-0.9709001549467158,-2.425058613356009,-1.7660947658004735,0.0,-2.3084793090820312,-1.8815547227859497,-0.034005846828222275,2.211207293571288,-3.160150944697095,-0.10328111803171058,2.7391706209914144,-4.3019227199008085,-0.3873511617389581,4.065008220744871,-4.5313532060904995,-0.31945110890699835,2.6458265943611106,-3.295622508885737,-0.051725499783839494,0.49102785188050624,0.7830557004982985,0.34698108793629817,0.0,0.0,0.0,-1.0189911793006323,0.35871607470541544,-0.06291104422905064
10.2667,-4.5173778635604895,1.5868179282176322,1.0,-4.551843643188477,1.597572922706604,1.0150258541107178,-0.21479854745007265,-0.10306912758245126,-0.02431498052126833,-0.9709001549467158,-2.3802268923264482,-1.8260667953407341,0.0,-2.2744462490081787,-1.9186984300613403,-0.03151032701134682,2.2812506358970555,-3.2892354997728304,-0.11792016887552226,2.80783896321418,-4.446496445359672,-0.4027809753298848,2.0463179322505267,-2.2333529251544646,0.15004900941840962,2.4688406797560525,-2.9820211120820086,0.007842023276502116,0.47815928205046787,0.7975548267453815,0.34809672626988397,0.0,0.0,0.0,-1.0047476093675924,0.35970611884145987,-0.06323591981552139
10.2833,-4.5566948915162175,1.5558656592511582,1.0,-4.5965895652771,1.5604220628738403,1.0146398544311523,-0.21181891277432222,-0.10838140066246138,-0.02346605869856188,-0.9709972612856849,-2.333798488876737,-1.885042337274327,0.0,-2.21513295173645,-1.9884018898010254,-0.036770012229681015,2.320214775613726,-3.1243084657563776,-0.08492064722026615,2.832286211729282,-4.289461562212273,-0.3682169498169926,3.5544792113159023,-4.177132447492499,-0.31519815330761536,2.789341017085907,-3.334839822003304,-0.08752534123436025,0.4708563496634572,0.8044505397980098,0.34732911282433127,0.0,0.0,0.0,-0.9829277857790127,0.36070255665788614,-0.0640328102276048
10.3,-4.595190388251145,1.5239691132637327,1.0,-4.640167236328125,1.5219086408615112,1.0142441987991333,-0.21004893479768297,-0.11184441754378324,-0.022379723678193592,-0.97101466793412,-2.285953669895599,-1.9427855823767177,0.0,-2.1430089473724365,-2.0572941303253174,-0.036932796239852905,2.4110640577917906,-3.263822397739531,-0.10795356303317138,2.9029072914644436,-4.442708045423018,-0.39239717353157877,2.0061234709206666,-1.9963230560125904,0.235504149080764,2.558120882159458,-2.939685207874688,0.00783886849457649,0.45815424102534974,0.8180030708153353,0.34831276490665447,0.0,0.0,0.0,-0.9499974746980028,0.3608825768681513,-0.06386915440824709
10.3167,-4.632902749784797,1.4910969987281593,1.0,-4.682343006134033,1.4820208549499512,1.0137637853622437,-0.207466723829966,-0.11518533500496905,-0.021355470965681876,-0.9712023057036904,-2.236645498092239,-1.999354124677197,0.0,-2.074537992477417,-2.1255574226379395,-0.035684797912836075,2.3699582520071796,-3.077644905776223,-0.07019871828271906,2.8467597161767704,-4.275949894509493,-0.35285134887440983,2.1581655992680697,-2.06114192589204,-0.1148260592978042,2.4400467724469284,-2.6803231734139628,-0.02837406020418071,0.44227873399117024,0.8365954632478713,0.34857447515009266,0.0,0.0,0.0,-0.9190801981607611,0.3617095254853989,-0.06592184455840187
10.3333,-4.669736814762496,1.4573335439371082,1.0,-4.702934265136719,1.4615558385849,1.0135247707366943,-0.2040510721038363,-0.11941562209254157,-0.020625445402624645,-0.971430783769468,-2.1860003159056625,-2.054605222143744,0.0,-2.043213129043579,-2.1593706607818604,-0.03978986665606499,2.3977612916395934,-2.8930491759513366,-0.0626248747243574,2.862453261988791,-4.113449009471492,-0.3428356926998378,1.8807311871054553,-2.030132123276886,-0.24646654332297915,2.2749265887351133,-2.4883748915135633,-0.09275894741728455,0.42299858125344136,0.8577575336926524,0.34732525843233236,0.0,0.0,0.0,-0.887690551602639,0.36264229982750307,-0.06711444045685193
10.35,-4.705736777634407,1.4226398391743553,1.0,-4.723184585571289,1.4408055543899536,1.0132344961166382,-0.2040510721038363,-0.11941562209254157,-0.020625445402624645,-0.971430783769468,-2.133959758761533,-2.1086051664516097,0.0,-2.0107038021087646,-2.1911163330078125,-0.04500724747776985,2.5174911612125577,-3.018533824204049,-0.030310347211590205,2.9907092512728632,-4.261402664676955,-0.30716232140830413,1.950645188978856,-1.9048238963119797,-0.31305658278733084,2.179192792457316,-2.3160999718471094,-0.157794835879739,0.4018008615562733,0.8803498973423316,0.3445875332842999,0.0,0.0,0.0,-0.8750189516165788,0.36251894313057387,-0.06773555908758602
10.3667,-4.740860262054285,1.3870550476577554,1.0,-4.762701988220215,1.3982744216918945,1.0126185417175293,-0.2022557454319958,-0.12356270076444147,-0.019272615859121954,-0.9713153856982452,-2.0805825714866333,-2.161290393081427,0.0,-1.937264323234558,-2.260472297668457,-0.04035179689526558,2.498478834676637,-2.8038988798639988,-0.05558385424826273,2.9678818697025777,-4.059654910108824,-0.32999763498249446,4.406814214998999,-4.161778591662136,0.2793552748290366,2.836827351855286,-2.860978034901199,-0.0287401331651623,0.39314871366321624,0.8913444379482598,0.3441250681412405,0.0,0.0,0.0,-0.8625517486891568,0.3644115922965658,-0.06971128740700876
10.3833,-4.775116559143578,1.3505669686988533,1.0,-4.800864219665527,1.3544883728027344,1.0120668411254883,-0.20188132600071518,-0.1258041834379062,-0.017541897671870626,-0.9711382846408023,-2.02585045304828,-2.212674838715368,0.0,-1.8715128898620605,-2.317594051361084,-0.03423294797539711,2.529399075550724,-2.6509524618488425,-0.08994129388435912,2.9876982068923437,-3.9134067668767036,-0.3637421927418357,3.939004184937083,-3.42202162455544,0.3665649593646894,3.1622100980740653,-3.0266083570698292,0.0879611553585515,0.3905853629046751,0.8974402108006193,0.3458865698893598,0.0,0.0,0.0,-0.8488844942462949,0.3650140942272416,-0.0720856710318832
10.4,-4.808387115710727,1.313304347498276,1.0,-4.8376593589782715,1.3094133138656616,1.0114938020706177,-0.19793907574422215,-0.12649162224472116,-0.016052596632889694,-0.9718859697333856,-1.969956521247414,-2.262580673566091,0.0,-1.7944555282592773,-2.3863964080810547,-0.04433560371398926,2.495387502591593,-2.4146054642556813,-0.026842874017696694,2.9335244910532983,-3.673288217706152,-0.29860023373060013,4.628478139454955,-4.13263830213808,-0.6068196505033725,3.5950792236782845,-3.35312861237246,-0.11715083742334728,0.3961964979462409,0.8950572381161127,0.3436257557251246,0.0,0.0,0.0,-0.8343334864079462,0.3636255153343581,-0.07186839601222117
10.4167,-4.840754504471708,1.2751766767590051,1.0,-4.8555827140808105,1.2863746881484985,1.0111587047576904,-0.19498869624969437,-0.1292280854096319,-0.014766401256882734,-0.9721427704813624,-1.9127650151385076,-2.3111317567075624,0.0,-1.7632724046707153,-2.4125287532806396,-0.04231021925806999,2.6522914119367087,-2.5389625072182334,-0.03769168258441713,3.061933532618721,-3.7995702798928725,-0.3071609204010142,1.8708286249660282,-1.5678076411437398,0.1215127537154382,3.0860489318605544,-2.826069230371035,-0.04669298313327189,0.3914581970405019,0.900558133896507,0.342515851410399,0.0,0.0,0.0,-0.801100317722514,0.36004963877813245,-0.07304661359380187
10.4333,-4.872168121611769,1.2362392152766069,1.0,-4.890458583831787,1.2394143342971802,1.010546088218689,-0.1934357244935036,-0.13264618165297526,-0.013313515095015174,-0.9720135482438281,-1.8543588229149104,-2.358252182417654,0.0,-1.6960524320602417,-2.4702162742614746,-0.040231384336948395,2.6877057685148977,-2.347889155490153,-0.047453487310982645,3.0755741925853863,-3.60486402800528,-0.31460476947348515,4.029282723336144,-3.4578909007760137,0.12460900097180341,3.3645087871076678,-3.0125945356272483,0.0038784935552592104,0.39158578946835515,0.9010577016166491,0.3422762445971806,0.0,0.0,0.0,-0.7794542135388437,0.35591717089847785,-0.07512496243467807
10.45,-4.9024995524997275,1.1966600119658766,1.0,-4.924075126647949,1.1912709474563599,1.0099289417266846,-0.18732269817027897,-0.13336512786323015,-0.012107440878027457,-0.973127658037365,-1.7949900179488147,-2.403749328749592,0.0,-1.6214617490768433,-2.5275893211364746,-0.041926175355911255,2.8443726897742905,-2.4563947487896516,-0.059806236226628506,3.1987925893821343,-3.7171436020782314,-0.32394865377443616,2.017780551132533,-1.5449642093787208,0.13584925621494456,2.9669299969540908,-2.579323238630871,0.042838674794714066,0.3831162498009259,0.9082449735657045,0.34274947266876105,0.0,0.0,0.0,-0.7375361494087697,0.35250387972287534,-0.07860705512095337
10.4667,-4.931960118511758,1.1561600977317494,1.0,-4.940282344818115,1.1667609214782715,1.0095679759979248,-0.18732269817027897,-0.13336512786323015,-0.012107440878027457,-0.973127658037365,-1.734240146597624,-2.447940177767637,0.0,-1.5859419107437134,-2.5569264888763428,-0.04520724341273308,2.832666816576223,-2.2231964020803083,-0.013367466665337169,3.179228539945827,-3.492177921606645,-0.2756725273478991,2.1284824413521157,-1.757993542303626,-0.1966139508386433,2.7194049537726155,-2.3368517003798384,-0.027852116899776996,0.36868489582657665,0.9194140500999904,0.3418044371686616,0.0,0.0,0.0,-0.7152466191961804,0.3495674694263466,-0.07949937648609967
10.4833,-4.960362686506434,1.114986882997794,1.0,-4.971750736236572,1.116837739944458,1.0086718797683716,-0.18115414337414124,-0.13447865286924404,-0.010970361052052003,-0.9741552403509092,-1.672480324496691,-2.4905440297596515,0.0,-1.517775535583496,-2.613680839538574,-0.05642160400748253,2.873652321586036,-2.0019347112347736,0.058109921319149827,3.1991245150333016,-3.2706812894406383,-0.19802988970971314,4.087238392040256,-3.4029763266239708,-0.6724101884149131,3.123214385394347,-2.6515911761940982,-0.21813744055392673,0.3619017320980776,0.9222264980580128,0.3367910917732791,0.0,0.0,0.0,-0.6873739255453432,0.34652008014785174,-0.08065128074441615
10.5,-4.987717895850335,1.0731301430984577,1.0,-4.9869842529296875,1.0914357900619507,1.0081892013549805,-0.17895965311967713,-0.13832671150476028,-0.009754972381543358,-0.9740349110984106,-1.6096952146476866,-2.531576843775503,0.0,-1.4798433780670166,-2.64172625541687,-0.051984600722789764,3.023698565281026,-2.06826049665347,0.03362830494011515,3.339210285009933,-3.3378693523878655,-0.21560363887449055,2.275801398961507,-1.6826302765023102,0.2662052185698551,2.873042583165483,-2.3655362083730362,-0.07515063498304018,0.34962825795933206,0.9281002880645245,0.33408091991509115,0.0,0.0,0.0,-0.6651399776882392,0.34150856766987103,-0.08484897610048545
10.5167,-5.0140262659331425,1.0305891323370768,1.0,-5.01636266708374,1.0397682189941406,1.0072236061096191,-0.17650703580859708,-0.14113755595475866,-0.008595006816826564,-0.9740902077636568,-1.5458836985056152,-2.5710393988997136,0.0,-1.409391164779663,-2.6909945011138916,-0.054903678596019745,3.05843739604445,-1.8682293430762682,0.055729834319712346,3.365583691797788,-3.134321027379337,-0.1865435259573913,4.224900631952189,-2.9545337565411343,-0.17505218609705184,3.2721357878214503,-2.5394190500248537,-0.10464339882756973,0.34431624665166605,0.9289407432237166,0.3304759366425754,0.0,0.0,0.0,-0.6514625424050038,0.337150941079352,-0.08820257636547177
10.5333,-5.039226196327451,0.9874675883330783,1.0,-5.0442938804626465,0.9872825741767883,1.0062878131866455,-0.17071984413703212,-0.14228094463712054,-0.007920320065864166,-0.9749606244791038,-1.4812013824996175,-2.608839294491177,0.0,-1.3388373851776123,-2.736954927444458,-0.055865537375211716,3.242727962056647,-1.9523369706611706,0.026649118837034358,3.5598515728268243,-3.2198879723762612,-0.2122707328376134,2.053498531834133,-1.3133567284967413,0.3120850640979732,2.912371796149668,-2.1774630432934163,0.018382460203692344,0.33086731493828797,0.9347880670624853,0.3289788595828975,0.0,0.0,0.0,-0.6479909257084653,0.3327629346526054,-0.09005900790824975
10.55,-5.063406296680068,0.9436091525780631,1.0,-5.057730674743652,0.9606083631515503,1.0057405233383179,-0.16380780510372756,-0.14476630017132594,-0.00769820617421173,-0.9757819822628842,-1.4154137288670947,-2.6451094450201014,0.0,-1.2637826204299927,-2.7949094772338867,-0.06403464823961258,3.2309792998393183,-1.7025419955708199,0.1058364408960335,3.5613273526114666,-2.9639067976444937,-0.12449511940662789,4.750196291167612,-3.2239289640109066,-0.7412369377150281,3.4549311780094936,-2.486398909923223,-0.2058710700440314,0.32665299367791856,0.9332835423374912,0.3228792280018504,0.0,0.0,0.0,-0.6570010464500669,0.32808125973618263,-0.09254766769918905
10.5667,-5.086444940591589,0.8992299340183876,1.0,-5.08350133895874,0.9064260721206665,1.0045465230941772,-0.16073455865543965,-0.14975394077267568,-0.007169979721824729,-0.9755444004778282,-1.3488449010275814,-2.679667410887384,0.0,-1.2273749113082886,-2.813490390777588,-0.06517137587070465,3.2848256947154892,-1.4803889538985706,0.13015304154344332,3.615075927185463,-2.7313775048416673,-0.09166613799522325,4.109679172686053,-2.8072032383104717,-0.1849606832777881,3.6482247532277334,-2.5811062111805407,-0.19969794167998048,0.3250512115262948,0.9276591759416315,0.3164028895435981,0.0,0.0,0.0,-0.6553014439962686,0.32332937500146497,-0.09458371000493151
10.5834,-5.108364175376928,0.8542944511193559,1.0,-5.107777118682861,0.851331353187561,1.0033535957336426,-0.16073455865543965,-0.14975394077267568,-0.007169979721824729,-0.9755444004778282,-1.2814416766790337,-2.7125462630653927,0.0,-1.1449095010757446,-2.8596434593200684,-0.06380249559879303,3.2555437982434956,-1.2487932548065748,0.12779261189591917,3.582500288841491,-2.4831981052186824,-0.08428098425504649,4.948000114442665,-2.7692263675898374,0.08213406958113985,4.031942196568545,-2.6366427197282762,-0.11649598075680102,0.3298957333558663,0.9180737919153266,0.3110877943064125,0.0,0.0,0.0,-0.656852223953862,0.31633105849678117,-0.09901419815544683
10.6,-5.129150737233827,0.8088309962389825,1.0,-5.1193013191223145,0.8234543204307556,1.0027498006820679,-0.15724579679975884,-0.15403055366757062,-0.006484039762309913,-0.9754518881453468,-1.2132464943584738,-2.743726105850741,0.0,-1.1072105169296265,-2.8787856101989746,-0.062112826853990555,3.438814839231221,-1.3069023885172717,0.12058194359621321,3.7679072819729273,-2.528883292604185,-0.08289850277030905,2.2626532919307984,-1.1488917190160697,0.10141213707196314,3.509615773651687,-2.1974314318735724,-0.05216552154706126,0.3235010930419406,0.9139108899111378,0.3066763559822716,0.0,0.0,0.0,-0.6525935357836468,0.3080700141757751,-0.10319590961574934
10.6167,-5.1488005360200795,0.7628476768083292,1.0,-5.1411895751953125,0.7670570015907288,1.001672387123108,-0.15198767155410084,-0.15636697508075642,-0.006501994319775556,-0.975913396136541,-1.1442715152124938,-2.77320080403012,0.0,-1.0301040410995483,-2.918464422225952,-0.05581668019294739,3.4453033073114323,-1.0902154150836003,0.08813636929135438,3.770391585681397,-2.2962129712171464,-0.109949774849047,4.625069717554522,-2.380050053628888,0.37766111011798353,3.838918165657904,-2.2513437868368738,0.07472715629854601,0.3222353355861464,0.9065183332850987,0.30453801990467044,0.0,0.0,0.0,-0.6473236139561113,0.2994792228484476,-0.10645187576426908
10.6342,-5.168228105601747,0.7139493997754376,1.0,-5.161581516265869,0.7098772525787354,1.0005266666412354,-0.13989936583920565,-0.16038061897054048,-0.0067931447492887926,-0.9770671239676784,-1.0709240996631564,-2.8023421584026202,0.0,-0.9528964757919312,-2.958177328109741,-0.06283383071422577,3.47055970881069,-0.8752861925696207,0.13594939813008633,3.789076139331147,-2.0621943277256287,-0.05387769182835306,4.401505987250758,-2.2639827110488904,-0.40003890693596833,4.005004373319591,-2.2550750282728402,-0.06543246312911112,0.323184829437268,0.8962502808881646,0.2995502048524847,0.0,0.0,0.0,-0.6417012599577254,0.29065785426784363,-0.10972311489404529
10.65,-5.184611449942672,0.6695070445820415,1.0,-5.171161651611328,0.6809406876564026,0.9999324679374695,-0.13989936583920565,-0.16038061897054048,-0.0067931447492887926,-0.9770671239676784,-1.0042605668730622,-2.826917174914008,0.0,-0.912134051322937,-2.978250741958618,-0.059726208448410034,3.628600504884486,-0.8800099650630948,0.12027679032819716,3.942750779689169,-2.0480442675144097,-0.06293268407154184,2.582004349401957,-1.271505376344086,0.1968453621481213,3.5849087573039107,-1.964707289779215,0.011996744688997363,0.31480543716327863,0.8885350072692865,0.2958168970388352,0.0,0.0,0.0,-0.6289557119679616,0.2794992951820286,-0.11260742263909616
10.6667,-5.200761572503376,0.6221779845787618,1.0,-5.189164161682129,0.6226300597190857,0.9988068342208862,-0.12837094626855491,-0.1672700402927184,-0.005980553509998757,-0.9774998878081882,-0.9332669768681428,-2.851142358755065,0.0,-0.8367953896522522,-3.0068161487579346,-0.05925053730607033,3.6479364760856385,-0.6925779380767243,0.12309070876334882,3.9587527400693077,-1.8406024676818316,-0.05315369385637467,4.519806759830074,-1.7137299214738317,0.028537029951511163,3.860907735295348,-1.8906141834038728,0.016879739214395208,0.3105663305654297,0.8799338537357922,0.29203181280187945,0.0,0.0,0.0,-0.6213825945490989,0.26809067586931506,-0.11578741018215596
10.6834,-5.215719198479441,0.574473630880727,1.0,-5.205617427825928,0.5637642741203308,0.9977233409881592,-0.11697878350787283,-0.17047222745076357,-0.005591875273031336,-0.9783782281311552,-0.8617104463210905,-2.873578797719162,0.0,-0.7564977407455444,-3.035936117172241,-0.05265270546078682,3.8542713473470402,-0.7484294819072821,0.10817537980565017,4.16896754612329,-1.882216989052827,-0.06303388012744643,2.2371822382444244,-0.6355235111511666,0.17768818934809666,3.3815542908406933,-1.5200884769713805,0.06435333287847675,0.2956399599046302,0.8759129321934772,0.28905622006512116,0.0,0.0,0.0,-0.6103361586808803,0.25787457495206784,-0.11784696013202456
10.7,-5.229472239545894,0.5264379135489303,1.0,-5.213192939758301,0.5340849161148071,0.9972142577171326,-0.11697878350787283,-0.17047222745076357,-0.005591875273031336,-0.9783782281311552,-0.7896568703233955,-2.8942083593188412,0.0,-0.712761402130127,-3.0514180660247803,-0.05256998911499977,3.806009613257878,-0.5043627709480455,0.09112146271683397,4.1317421615523395,-1.6198193933718579,-0.07698440235747445,5.210443785711217,-2.042774698915954,0.22338664060374333,3.921475897347082,-1.6743950031133812,0.11130287205833281,0.2897342133813407,0.8670160360696617,0.28698545742593756,0.0,0.0,0.0,-0.615466761675802,0.24844058635415087,-0.11887959235162913
10.7167,-5.242036911320505,0.47800903241331333,1.0,-5.227147102355957,0.47434985637664795,0.9961246252059937,-0.10850539669078046,-0.17408749455397496,-0.00523455429135597,-0.9787200390725785,-0.71701354861997,-2.9130553669807577,0.0,-0.6331312656402588,-3.073476552963257,-0.061510518193244934,3.799058239350671,-0.31953696284605965,0.1503421284603439,4.138154463285305,-1.415657995934525,-0.010354894334571318,4.772283028034178,-1.3219786814505758,-0.535811403352099,4.172649712996447,-1.5703552636513067,-0.07973708970685471,0.28772648713608256,0.8575104545141693,0.2811516610924862,0.0,0.0,0.0,-0.6268227110707174,0.23861057857429618,-0.12045463829757097
10.7334,-5.253406505882143,0.42918879619267486,1.0,-5.23945951461792,0.41409891843795776,0.9949514269828796,-0.10390192560142429,-0.1776784297547054,-0.004992209912418304,-0.9785754753821863,-0.6437831942890123,-2.930109758823215,0.0,-0.5544191598892212,-3.0955655574798584,-0.05505998432636261,3.7962303821993983,-0.12207812658841782,0.11767361845243496,4.137763379043355,-1.1954454008795514,-0.03840706407381567,4.711071948400354,-1.3220696937697993,0.38607694283512656,4.331601797927428,-1.4970568253701748,0.05777972663917111,0.28802365045389655,0.8464346059354493,0.27780299542508985,0.0,0.0,0.0,-0.6295566472978531,0.22693266835568426,-0.12172231289883921
10.75,-5.26350129924641,0.3803454322818413,1.0,-5.245021820068359,0.38383057713508606,0.994451105594635,-0.09856246253576857,-0.18245339900483046,-0.004384873825376314,-0.9782520404667137,-0.5705181484227619,-2.9452519488696147,0.0,-0.5137751698493958,-3.102670192718506,-0.048433929681777954,3.9917003118154994,-0.15333894577241403,0.08060341598220244,4.335417745855104,-1.207620860878659,-0.07396579285134636,2.444516540717266,-0.4273054476103073,0.39852140900813054,3.774499738702377,-1.181246666220335,0.15837289919788966,0.27653075180217834,0.8383223911592992,0.2764296536238212,0.0,0.0,0.0,-0.6202481858417837,0.21595952394694584,-0.12186044479027242
10.7667,-5.272393005929366,0.331158315856506,1.0,-5.254874229431152,0.32315316796302795,0.9935219883918762,-0.08920778775049146,-0.18523868665956306,-0.0043487961230509915,-0.9786264730688844,-0.496737473784759,-2.95858950889405,0.0,-0.43117839097976685,-3.1117870807647705,-0.046933967620134354,3.963321648244565,-0.01040712302659505,0.07646509827238557,4.312312682632228,-1.046689724769635,-0.07680319414376702,4.957300669681186,-0.5471781809856333,0.09002485368610841,4.123684192231398,-0.9940580601601153,0.1381953069279394,0.2706318520601062,0.8316691304311171,0.2748172245475846,0.0,0.0,0.0,-0.6196228864477686,0.20461347131192278,-0.12154893213143204
10.7843,-5.280460462728811,0.27888412570094895,1.0,-5.263001918792725,0.26225703954696655,0.9926342368125916,-0.07843426301769735,-0.18693721519126422,-0.0045906347398065395,-0.979224958317739,-0.41832618855142345,-2.970690694093217,0.0,-0.34335970878601074,-3.128591775894165,-0.04358462989330292,3.9250224028867304,0.1788337008314718,0.0610675551191866,4.27951479437515,-0.8379782237437223,-0.09142443517709231,4.981044112078758,-0.9531562719749013,0.18997323287986154,4.376792511009809,-0.9819831047033296,0.1534810970426176,0.26890808950434303,0.8227155929393116,0.2736560664088378,0.0,0.0,0.0,-0.6234004809927626,0.1940963316358824,-0.12116407611255887
10.8,-5.286474716873347,0.2322029268182445,1.0,-5.266414642333984,0.2317165732383728,0.992219865322113,-0.07843426301769735,-0.18693721519126422,-0.0045906347398065395,-0.979224958317739,-0.34830439022736676,-2.9797120753100197,0.0,-0.3029830753803253,-3.13094162940979,-0.04313443601131439,4.103103172084795,0.1631411976195102,0.060682309662516865,4.462381349920521,-0.8360471182349688,-0.0918747064819487,2.5742452916229652,-0.14981683311292504,0.028702479213218418,3.8446476256984803,-0.7363124113685573,0.11664416841185554,0.2560612445207554,0.8157370519584783,0.2719475784001823,0.0,0.0,0.0,-0.6153394223564812,0.18345126389600064,-0.11939056225571673
10.8167,-5.291659027308184,0.18246730924145604,1.0,-5.271921634674072,0.17053595185279846,0.9913802146911621,-0.07162836884673394,-0.19063574866206495,-0.004247222218139725,-0.979034960324652,-0.27370096386218407,-2.9874885409622762,0.0,-0.21371158957481384,-3.137941837310791,-0.04243002459406853,4.028043938982708,0.32781268253845774,0.06094144487814557,4.391546045983107,-0.6536545515668349,-0.09159109367414012,5.355834561084808,-0.4199768276809086,0.04226109803893522,4.290777629820471,-0.6429243652242697,0.09468492649742369,0.25095150258623994,0.8085572921305549,0.26995385841087144,0.0,0.0,0.0,-0.6144536095866394,0.17290994197473777,-0.11742131985858575
10.8333,-5.295597254074101,0.13263332738006714,1.0,-5.274012088775635,0.1398770809173584,0.990971028804779,-0.06516218881148043,-0.19434636774167618,-0.00399223378464883,-0.9787581398236325,-0.1989499910701007,-2.9933958811111516,0.0,-0.1739254891872406,-3.141066789627075,-0.041783422231674194,4.2370956348013795,0.32724855344239656,0.05940866958564239,4.613007605408603,-0.6387009833028927,-0.09294111546060024,2.387612316144909,-0.18753219252561093,0.03880339488067304,3.728928444022785,-0.5084842723900651,0.07818767698662721,0.2341086082309781,0.8015764708798283,0.26775281421518693,0.0,0.0,0.0,-0.6100205788382019,0.16437306586546097,-0.11540302916894431
10.85,-5.298289503158434,0.08269861889305433,1.0,-5.2769622802734375,0.07858695834875107,0.9902351498603821,-0.05587513074210495,-0.19564522824566066,-0.004628651197163353,-0.9790707851458862,-0.12404792833958149,-2.997434254737651,0.0,-0.09328774362802505,-3.140690565109253,-0.034968577325344086,4.209673260349222,0.4699596753162317,0.022524578032508735,4.6067191083627375,-0.4819026725931244,-0.1315272567180369,4.836954675790858,0.022567358846747897,0.4087799789771752,4.056038039646435,-0.3517081245258022,0.17578456695182348,0.22241545798412168,0.795926484277333,0.2676140178639306,0.0,0.0,0.0,-0.6194613059976376,0.15593586363202303,-0.11356218311338495
10.8667,-5.299731944959525,0.03274367585338796,1.0,-5.27822732925415,0.017344122752547264,0.9895113110542297,-0.048542511600232686,-0.19776390290509874,-0.0050679056523438674,-0.9790339488002877,-0.049115513780081936,-2.9995979174392886,0.0,-0.00453030364587903,-3.1394927501678467,-0.03911256417632103,4.128723453436352,0.6188853915057431,0.05135709573911296,4.549077167159809,-0.3196858053731685,-0.10156938351539352,5.328805564576444,0.07191422968465953,-0.24879604679291736,4.431782276078839,-0.22664706278378405,0.050440609480648865,0.2172894020125097,0.7905946136580729,0.26524566436268054,0.0,0.0,0.0,-0.6376431157359663,0.1479765832208386,-0.11231918510817405
10.8833,-5.299925352182095,-0.017279632499693415,1.0,-5.277703285217285,-0.04388340935111046,0.9888189435005188,-0.0435936444531517,-0.20191621568874807,-0.005337519042268078,-0.9784176354345129,0.025919448749540122,-2.9998880282731424,0.0,0.03718968480825424,-3.13960337638855,-0.03590662404894829,4.327442042714208,0.633215203756254,0.03429720262382485,4.769807525400028,-0.29038329998444024,-0.11902579075459813,2.5013767861673766,-0.006632740579793013,0.19221635742466694,3.861891292372611,-0.1616948135462199,0.09229540158715516,0.20037557881843016,0.7840923849280375,0.2637783865928673,0.0,0.0,0.0,-0.6427410615042497,0.1395061188126567,-0.11045539321444431
10.9,-5.298868704401799,-0.06725996255628928,1.0,-5.276822566986084,-0.07442459464073181,0.9885081052780151,-0.0435936444531517,-0.20191621568874807,-0.005337519042268078,-0.9784176354345129,0.10088994383443392,-2.9983030566026985,0.0,0.11836156249046326,-3.1327908039093018,-0.03200496360659599,4.286024900026465,0.7703288683056628,0.014472507504726728,4.752147238403978,-0.1405270233233511,-0.1415930818083292,4.871014110451392,0.4088132198297446,0.23413334287145005,4.159802792563016,0.006729585395914187,0.1341685543044531,0.18810790645285655,0.7791001297818047,0.263292694853732,0.0,0.0,0.0,-0.6542302448303696,0.13175576184720927,-0.1072271055406761
10.9167,-5.296563020836762,-0.11720112553719081,1.0,-5.273756980895996,-0.13537654280662537,0.987897515296936,-0.03731364812119509,-0.20537026582804924,-0.005454055078400677,-0.9779576025830166,0.1758016883057862,-2.9948445312551426,0.0,0.20689700543880463,-3.1210098266601562,-0.03103051520884037,4.194915433274579,0.8881185231931656,0.012082050064598171,4.686561140993193,-0.012145526176116084,-0.14554354557489668,5.313880004865345,0.7070919550098738,0.05848620263444092,4.500507479339513,0.21348935781472878,0.11182574080343984,0.18184081357024715,0.7760566089335362,0.262583999243662,0.0,0.0,0.0,-0.6734865212888619,0.12420744043574553,-0.10495840360416715
10.9333,-5.293011678753825,-0.1670462461441837,1.0,-5.271531581878662,-0.16579756140708923,0.9876088500022888,-0.029044931668827687,-0.20660705456088932,-0.0061882110326119556,-0.9779732390638141,0.25056936921627554,-2.9895175181307367,0.0,0.25127220153808594,-3.1189708709716797,-0.028749855235219002,4.375551782330263,0.9228570820394553,0.0002541710245429485,4.890940378137895,0.03571655965622533,-0.15985383846874415,2.66434376655167,0.1224215182444136,0.13693375395450708,3.958438390749044,0.18660446707650974,0.1192380851986202,0.16449865446629305,0.770166902539052,0.2622119703620629,0.0,0.0,0.0,-0.6798872502739244,0.11697361984417798,-0.1021039608687758
10.95,-5.288211783321232,-0.21682690022827483,1.0,-5.265799045562744,-0.2264314740896225,0.9870442748069763,-0.023878465611241014,-0.20972025259957075,-0.006109101397957022,-0.9774507445828244,0.3252403503424123,-2.982317674981849,0.0,0.33666419982910156,-3.1075246334075928,-0.028829675167798996,4.295388961870667,1.063811643324573,0.003988058446473097,4.82735807492336,0.18846852340950115,-0.1587931954868694,5.12074117495675,0.686401784310081,-0.004786598551677795,4.301571416695317,0.3341537701947045,0.08262373168807724,0.15290623415701932,0.7653935007670927,0.2613223935337958,0.0,0.0,0.0,-0.6848753472097131,0.10994961914797924,-0.09854113960045333
10.9667,-5.282173066092782,-0.2664393665664644,1.0,-5.2582011222839355,-0.28680163621902466,0.986596405506134,-0.01837936608849424,-0.2129417364287888,-0.006016167596990468,-0.9768735434924678,0.3996590498496966,-2.9732595991391735,0.0,0.4281449019908905,-3.0925209522247314,-0.02102205529808998,4.171234584256666,1.1938936433267886,-0.040171879733784444,4.71874743457087,0.32950279156840656,-0.20754691058384056,5.493169291338583,0.9009305654974946,0.46882650322118824,4.65335288878067,0.5014766394597441,0.19663784868541895,0.1479278892313421,0.7617840518895749,0.2628707283844051,0.0,0.0,0.0,-0.695440739545546,0.10260679986880718,-0.09549569753434901
10.9833,-5.274887511349168,-0.3159419527652018,1.0,-5.253724575042725,-0.3168300688266754,0.9863957762718201,-0.01837936608849424,-0.2129417364287888,-0.006016167596990468,-0.9768735434924678,0.4739129291478027,-2.9623312670237523,0.0,0.4694775342941284,-3.080530881881714,-0.022095512598752975,4.366061511873237,1.2015480827539309,-0.032274029541476956,4.925829779459347,0.3481067716587398,-0.2043625306064976,2.4773024435553017,0.7186338953986854,-0.06433847170620177,4.010943024477633,0.5655854305156918,0.11959286889786466,0.1303816847272496,0.7570907765355196,0.2632336118253675,0.0,0.0,0.0,-0.6901499523133598,0.09635053455967142,-0.09114511076034684
11.0,-5.266370845216901,-0.36522006938415685,1.0,-5.243523597717285,-0.3766281306743622,0.9859370589256287,-0.010725867183840367,-0.2146961516816154,-0.006306011474199901,-0.9766016541727239,0.5478301040762352,-2.9495562678253524,0.0,0.5550288558006287,-3.0680954456329346,-0.025248417630791664,4.268291670707606,1.3672511429991347,-0.010594100836734732,4.836646420996077,0.5255253258791848,-0.1853640582376481,5.131469246499921,0.7458921446651507,-0.1891149654282323,4.341742845693534,0.6188152680977356,0.028456673781683345,0.1187071148364024,0.7517277260944282,0.26202005009865015,0.0,0.0,0.0,-0.6870618651248731,0.08999809102552184,-0.08725009269773679
11.0167,-5.25662595662804,-0.41426424640488024,1.0,-5.2315263748168945,-0.4360637366771698,0.985522985458374,-0.005169711364921967,-0.21642541580259314,-0.006300785264984535,-0.9762651537342131,0.6213963696073204,-2.9349389349420614,0.0,0.6414352655410767,-3.0410685539245605,-0.01977565512061119,4.4452191884930885,1.4030764932909818,-0.03157309716937906,5.0378128312779245,0.5753518412570093,-0.20929011606461329,2.6206050636532683,0.6590044342726362,0.22557439922757833,3.83363151425204,0.6306798445120917,0.08664942916254764,0.09685844337998664,0.7443731759252061,0.26206112861144426,0.0,0.0,0.0,-0.6894520861648222,0.08335147610876638,-0.08434410971621005
11.0333,-5.2456656502383385,-0.4630174699540202,1.0,-5.217792510986328,-0.4948674738407135,0.9851823449134827,0.000366087526165672,-0.21702143546080996,-0.006439827718221995,-0.9761454988312905,0.6945262049310303,-2.9184984753575085,0.0,0.7287891507148743,-3.0134735107421875,-0.01774895191192627,4.336923211531489,1.4681518582716062,-0.04572317206089682,4.967941183199885,0.6543875301058225,-0.2279306461833819,2.5637955964038253,0.989692492698849,0.06217867330212449,3.458752741812779,0.7366669401287296,0.0794252147670679,0.0665884801731252,0.7373448577715505,0.26214504723682613,0.0,0.0,0.0,-0.6976064518415218,0.07641947039423329,-0.07993757311434105
11.05,-5.2334757592956835,-0.5115383545893495,1.0,-5.2102370262146,-0.5241194367408752,0.9850156903266907,0.007630971414124857,-0.21803273855411673,-0.00702929354149533,-0.9758863800066456,0.7673075318840242,-2.9002136389435256,0.0,0.7742739915847778,-3.0056443214416504,-0.01758413203060627,4.192665685313811,1.6238030309499054,-0.05050884130197009,4.875940026017599,0.8272815784681739,-0.23543378736413956,2.7269475414522586,0.4693825042881647,0.009881427780160091,3.242710471059644,0.6577596893637465,0.05889461775843476,0.03205662931505866,0.7270446053221337,0.26205933789475294,0.0,0.0,0.0,-0.715330970018846,0.0694768471595979,-0.07713439183258347
11.0667,-5.220101079257745,-0.5596533261164834,1.0,-5.193796634674072,-0.5822075605392456,0.9846915006637573,0.013388873660152774,-0.21991504841874965,-0.007020274115913996,-0.9754019441298614,0.8394799891747251,-2.880151618886617,0.0,0.8590639233589172,-2.9753012657165527,-0.0204012431204319,4.362923530256479,1.67724013972721,-0.05607600812835134,5.100596417276437,0.8992555469191064,-0.244265474586326,2.5959218613447184,0.801902606054528,0.06866222564076849,3.051766651760141,0.7003133129503444,0.061778194133248726,-0.005445374430500749,0.715487780400276,0.26224833954097093,0.0,0.0,0.0,-0.7322275125894575,0.06249681240782766,-0.07405887308299627
11.0833,-5.205493402291289,-0.6075318047842175,1.0,-5.184919834136963,-0.6109854578971863,0.9844932556152344,0.013388873660152774,-0.21991504841874965,-0.007020274115913996,-0.9754019441298614,0.9112977071763263,-2.858240103436933,0.0,0.9047752618789673,-2.961254835128784,-0.02216104418039322,4.223323756810089,1.7796062083648274,-0.01941360715353202,5.031088961579245,1.0216252404492048,-0.2119809497885291,2.7386868456011544,0.8415587012727299,-0.10543432263916465,2.9593397706499536,0.7420115332028698,0.012414002946766256,-0.04526091271810506,0.7029404775346899,0.26165018015779073,0.0,0.0,0.0,-0.7625042920510509,0.05504049038093261,-0.06908283752279364
11.1,-5.189711737650785,-0.6549729372919549,1.0,-5.1658172607421875,-0.6681633591651917,0.9841103553771973,0.017333597409817773,-0.22199751366696077,-0.006332774723004324,-0.9748725797125646,0.9824594059379324,-2.834567606476177,0.0,0.9901861548423767,-2.931767702102661,-0.018802260980010033,4.085317027303437,1.9003646429403218,-0.03712210538936578,4.965666750158135,1.15903872982173,-0.233184101879033,5.124218649425698,1.7690778275235657,0.2015098884653345,3.5984515843481883,1.045220275542686,0.0682385645614971,-0.07194384240503643,0.694537045769673,0.26213356254432735,0.0,0.0,0.0,-0.8084058804496622,0.04678886734891894,-0.06607156605466015
11.1167,-5.172736079252768,-0.7020395839729883,1.0,-5.155630588531494,-0.6965088248252869,0.9839463233947754,0.02329985260145929,-0.2228645902446633,-0.0059789519297553766,-0.9745526429855184,1.0530593759594824,-2.8091041188791532,0.0,1.0305159091949463,-2.912999391555786,-0.016266830265522003,4.26240265229612,1.9527374862704003,-0.05097888718172161,5.2104312355897395,1.2292044794502721,-0.2513759950391487,2.417436011032827,1.125005359209981,0.15197815139410917,3.249794201033383,1.0687742905171895,0.09296002114903465,-0.10499427377431485,0.6844311662901451,0.2631938343972183,0.0,0.0,0.0,-0.8430343095193046,0.03910184052998297,-0.06279672653979117
11.1334,-5.154563447988619,-0.7487285338389098,1.0,-5.133962631225586,-0.7525768280029297,0.9835932850837708,0.028764623516093935,-0.22388474417615736,-0.005792662859337217,-0.9741739114047995,1.1230928007583647,-2.781845171982929,0.0,1.1203436851501465,-2.876751184463501,-0.021283915266394615,4.0849273377695905,2.050811618414162,-0.018563004796143368,5.093327124678656,1.340646805985164,-0.22303083304734256,5.376980162694449,2.1697730840587983,-0.300316536142429,3.8777783766651583,1.393809257932028,-0.023142406695651152,-0.12621845660259948,0.6789635049937605,0.2620831939615154,0.0,0.0,0.0,-0.8821813303064663,0.03120130743523765,-0.05761536571031622
11.15,-5.135306908355336,-0.7947632050763169,1.0,-5.110490322113037,-0.8079348206520081,0.9832456707954407,0.03510399422089028,-0.22528701197296327,-0.00559174883248579,-0.9736438304910779,1.1921448076144754,-2.7529603625330035,0.0,1.2052019834518433,-2.840144634246826,-0.016302820295095444,3.9252706577405068,2.154894925328358,-0.0461540247105825,4.985707463093331,1.455234418283685,-0.2553251659427534,5.100623387790198,2.2003296073373457,0.29940135515190597,4.238784574561055,1.6319088062931177,0.07207840711173305,-0.14008938469963553,0.6762541001902727,0.26285328569662375,0.0,0.0,0.0,-0.9203474206531893,0.023406406854400284,-0.05368214446445285
11.1667,-5.114853190028001,-0.840421262608929,1.0,-5.085296154022217,-0.8623954653739929,0.9829229116439819,0.04211853636540688,-0.22625832824374537,-0.00507566067246988,-0.97314308378392,1.2606318939133936,-2.7222797850420024,0.0,1.2943732738494873,-2.792032480239868,-0.017853619530797005,4.074581254645092,2.19607927856565,-0.03669139156731038,5.167444934414017,1.5085835386982471,-0.25054039623835,2.556965284433065,1.5389423695841855,-0.08118592299495073,3.742280780577797,1.6044634149778734,0.026831975567664,-0.1631828844788066,0.670884142916851,0.2628613772066496,0.0,0.0,0.0,-0.9296807952901187,0.016611596950552022,-0.04901237253560999
11.1834,-5.093261921308827,-0.8855572717694625,1.0,-5.072003364562988,-0.889271080493927,0.9827501773834229,0.04211853636540688,-0.22625832824374537,-0.00507566067246988,-0.97314308378392,1.3283359076541938,-2.6898928819632406,0.0,1.3397736549377441,-2.772458076477051,-0.018058456480503082,3.857542591206899,2.2841540933071953,-0.032003522244203886,4.983772718296963,1.6129323623654677,-0.2512527562077833,2.7216505159648974,1.1734413858159678,-0.012279513442243376,3.440972071842582,1.4772178339422544,0.015285549149712956,-0.19261061640704175,0.6612352411306107,0.2627217155883198,0.0,0.0,0.0,-0.9336195106830225,0.009986489811116998,-0.0434724816247404
11.2001,-5.070506405797037,-0.9302188274979478,1.0,-5.044116497039795,-0.9424482583999634,0.9824560880661011,0.04796022654627446,-0.22776690092920793,-0.0048981381465420075,-0.9725215863557783,1.3953282412469217,-2.655759608695556,0.0,1.4242042303085327,-2.7304341793060303,-0.014727190136909485,4.007869087726235,2.3752694549525777,-0.04884968660585631,5.177538487389949,1.724171870818461,-0.2729991493267827,2.4456898395721924,1.2379750445632798,0.18160873440285205,3.1471465655548245,1.4065889897453498,0.06438719341690366,-0.22678446707776548,0.6484528192531925,0.26362982067801105,0.0,0.0,0.0,-0.9428849325859492,0.0026447648809242233,-0.03948035795708469
11.2168,-5.0466980358888485,-0.9741899052146038,1.0,-5.02952766418457,-0.9687083959579468,0.9823138117790222,0.05278380691780075,-0.22763095626933605,-0.0049785121866522935,-0.9723031392399464,1.4612848578219058,-2.6200470538332725,0.0,1.4661272764205933,-2.704742431640625,-0.014966622926294804,3.8122960034887785,2.4500526597947756,-0.047201063309821656,5.04166454872564,1.8206135468598588,-0.27807847889281156,2.5153491831888535,1.5414842788887935,-0.01436577555932252,2.960628430571652,1.4464125446559915,0.0411378775637323,-0.2647673907325196,0.6347168214796649,0.26422753538088695,0.0,0.0,0.0,-0.9646011545043419,-0.005277708544748118,-0.033350119797897065
11.2335,-5.0216347997350175,-1.0178278913162897,1.0,-4.999084949493408,-1.020434856414795,0.981971025466919,0.0582484303184656,-0.22756808370806988,-0.0047082244471519175,-0.9720071419228544,1.5267418369744346,-2.582452199602527,0.0,1.5529054403305054,-2.657776355743408,-0.018368786200881004,3.600701175395824,2.5324968757555775,-0.024469644940531943,4.88208321770903,1.918870385097076,-0.2596424462634959,5.1761878350896655,2.801456262354765,-0.2029339566712175,3.6147020617848877,1.8464462170010263,-0.030916588937768618,-0.28864410956374287,0.6272732127176252,0.2635239533815765,0.0,0.0,0.0,-0.9927379327494634,-0.013646722059123637,-0.028351152058612557
11.25,-4.995962458170018,-1.0600525177923534,1.0,-4.966804027557373,-1.0712579488754272,0.9816434979438782,0.06426280140603836,-0.228526613678685,-0.0045085326789073,-0.9714039362269665,1.59007877668853,-2.5439436872550276,0.0,1.6437305212020874,-2.610978603363037,-0.017075568437576294,3.3444868023765992,2.620943581065943,-0.029987133781625097,4.641482384556451,2.017418595410936,-0.2685004640330827,5.518985874683086,2.8436653386454185,0.07858237504527345,4.176881448996522,2.1408435284335834,0.0014095066028997523,-0.29967066064336245,0.6238886928184066,0.2634790603141057,0.0,0.0,0.0,-0.9973249215364888,-0.02036370716339965,-0.02496573006264806
11.2666,-4.968972990845382,-1.1020567843031597,1.0,-4.950018405914307,-1.0962780714035034,0.9814675450325012,0.06426280140603836,-0.228526613678685,-0.0045085326789073,-0.9714039362269665,1.6530851764547396,-2.503459486268073,0.0,1.6832027435302734,-2.5839896202087402,-0.018606744706630707,3.475669458413482,2.7114076309823134,-0.019303685994949582,4.765370955531184,2.12147577026182,-0.25878756399139835,2.3726461062225916,1.6222878271088308,-0.09203787368511565,3.6442381988065646,1.9877564074743541,-0.02617786804736069,-0.3189132197100158,0.6155343886074021,0.26293427624931687,0.0,0.0,0.0,-0.9707882774076859,-0.025602527886908782,-0.02345039825286808
11.2834,-4.940819516738549,-1.1435520598074553,1.0,-4.915310382843018,-1.1455188989639282,0.9811169505119324,0.06841421330080079,-0.22885798273838975,-0.004517299223397562,-0.971042316266743,1.715328089711183,-2.461229275107824,0.0,1.760366439819336,-2.526566982269287,-0.01954086497426033,3.2896001905761003,2.752378085665357,-0.011314549480524683,4.563881942092857,2.1702266872209464,-0.25136752281166863,4.615103810175679,3.4344056582249602,-0.055869044818047,3.9308554723282376,2.4148337075010717,-0.034943246112058374,-0.3312080394831433,0.6138818648757687,0.2622036465062056,0.0,0.0,0.0,-0.9430737120336136,-0.03173046643135818,-0.02215067317506163
11.3,-4.911809500413626,-1.1840904249154192,1.0,-4.879015922546387,-1.1936131715774536,0.9807205200195312,0.0739767965141171,-0.22669656590620557,-0.004849669270754447,-0.9711398440741973,1.7761356373731287,-2.4177142506204388,0.0,1.8392218351364136,-2.4708662033081055,-0.02053450234234333,3.079073423032844,2.808412655622769,-0.0027298454632580516,4.3303427153357905,2.2299923092280904,-0.24273645430592444,4.745516241965106,3.352071854912764,-0.059797078562614785,4.171358221528625,2.6915235390348338,-0.04228055171864727,-0.33667189181332047,0.6160939526836273,0.2612819664609944,0.0,0.0,0.0,-0.9145974004896258,-0.037673606288948586,-0.021275357618328
11.3167,-4.881673857096791,-1.2240538426787284,1.0,-4.860236644744873,-1.2172863483428955,0.9805172085762024,0.08091214999863779,-0.21995679487219966,-0.005852469237374183,-0.9721306743358399,1.8360807640180927,-2.3725107856451864,0.0,1.8865388631820679,-2.4491775035858154,-0.02143048495054245,3.1434609851054645,2.9578548228687187,0.004312711342712383,4.356535819193638,2.3911308989685973,-0.23427311634449258,2.836062762582526,1.2999657035068164,-0.053702927169967704,3.777154596117182,2.2807102317179635,-0.045652645724924376,-0.3472806397612533,0.6084929499951874,0.2602187936799142,0.0,0.0,0.0,-0.8657941943269206,-0.041769026095066206,-0.02163296599270922
11.3333,-4.850598196288387,-1.263188518657132,1.0,-4.8214592933654785,-1.2635537385940552,0.9801018834114075,0.0849259155545197,-0.21785118573579998,-0.0064454332490739615,-0.9722586743147674,1.8947827779856983,-2.3258972944325813,0.0,1.9650541543960571,-2.3858487606048584,-0.022857479751110077,2.9156672202411023,2.981285988606381,0.015614253293015246,4.081646018907104,2.4203803912989326,-0.22370282976993416,4.713214352163273,3.8015771922542974,-0.08566143321263471,4.05349654498171,2.729697956191387,-0.05746397105394135,-0.35045152209119784,0.6079780688770758,0.2588255058521132,0.0,0.0,0.0,-0.8155272765748038,-0.04707247156962732,-0.0195084227891638
11.35,-4.818542852757515,-1.3015481567499014,1.0,-4.781261444091797,-1.3086169958114624,0.9796413779258728,0.08958199381335158,-0.215650351063546,-0.0065417809447698635,-0.9723308297194181,1.9523222351248521,-2.2778142791362734,0.0,2.032552480697632,-2.326822519302368,-0.026016976684331894,2.7424557040525097,3.0355717075491,0.037552265915670624,3.861672067657429,2.4772583230795355,-0.20066634312467627,4.050598772409254,3.54218591275235,-0.1896025442462049,4.052641069554136,2.969559251258066,-0.09647369302977882,-0.3507557268015159,0.6106562727619801,0.25653632148351974,0.0,0.0,0.0,-0.7684606368034033,-0.05234288829241524,-0.018317712443172846
11.3666,-4.785546938197328,-1.3390856187759408,1.0,-4.760621547698975,-1.3307583332061768,0.9793859124183655,0.08958199381335158,-0.215650351063546,-0.0065417809447698635,-0.9723308297194181,2.0086284281639113,-2.228320407295992,0.0,2.0680806636810303,-2.2967517375946045,-0.027048904448747635,2.85424793964592,3.159450232010817,0.04570777467028275,3.9305052368505304,2.6113736234445746,-0.1888709761994202,2.133310427761553,1.8056175914791273,-0.06196270328694955,3.4860195834337,2.625942399288534,-0.08628541808132818,-0.3590997256589864,0.6049349206673839,0.2542594864609714,0.0,0.0,0.0,-0.717157571545624,-0.056858312101141485,-0.019680735591268456
11.3833,-4.751585982997299,-1.3758263458611937,1.0,-4.718338966369629,-1.3739981651306152,0.9788420796394348,0.09414659233749055,-0.20931263462255373,-0.00714245782974713,-0.9732798924541864,2.0637395187917904,-2.1773789744959484,0.0,2.1390788555145264,-2.2349891662597656,-0.030087415128946304,2.64035033372053,3.209655058163717,0.06736403274063374,3.66534615310254,2.6668447752831774,-0.16204525935612948,4.2552692873780025,3.701733327617496,-0.18211282348065905,3.7131161560385832,2.943535544154563,-0.11457541964547878,-0.3608250278664284,0.6038493877404345,0.25122556983744765,0.0,0.0,0.0,-0.6641707915155814,-0.06103910485989463,-0.021816277740684425
11.4,-4.716700964392195,-1.4117217776496278,1.0,-4.674607276916504,-1.416175365447998,0.9782702326774597,0.10020713002925094,-0.2015950935815875,-0.008385284098636332,-0.9742934398671764,2.1175826664744415,-2.125051446588292,0.0,2.2070658206939697,-2.1709439754486084,-0.030615655705332756,2.750126598218555,3.346154923556894,0.0594341059564476,3.736812749440859,2.817617966793549,-0.1647038715245209,2.0016572849101353,1.843929479669686,0.1005465647055462,3.207862216005044,2.6189117358129477,-0.051067477962063734,-0.3697092544751892,0.5946754850039239,0.24919719635331278,0.0,0.0,0.0,-0.6169768967471151,-0.06613852824057882,-0.025059218872344278
11.4167,-4.680997390229732,-1.4466672762521,1.0,-4.652303695678711,-1.4367129802703857,0.977959930896759,0.10501286121043286,-0.1945001984703849,-0.009073921456455827,-0.9752229043173871,2.17000091437815,-2.071496085344598,0.0,2.2357187271118164,-2.1385159492492676,-0.0348837710916996,2.561209390171823,3.3844336425450683,0.10200242370134216,3.519085923626255,2.876122629201941,-0.11504894854062933,1.721071776364782,1.9478289511370797,-0.2563695571618835,2.7689345033354815,2.4207958320269585,-0.11167640416102795,-0.38556423917168786,0.5796924642627642,0.24578364794850663,0.0,0.0,0.0,-0.5723122942827441,-0.07138145091963696,-0.02873227570653513
11.4333,-4.644407208079837,-1.4807326763676751,1.0,-4.606806755065918,-1.4768024682998657,0.9772527813911438,0.10945188319943362,-0.18895937356761233,-0.009323346505943311,-0.9758216424473328,2.2210990145515126,-2.0166108121197555,0.0,2.2983033657073975,-2.0708811283111572,-0.037719886749982834,2.3648017749028543,3.4146384417526656,0.12331311592301741,3.295135610684562,2.9187542228484067,-0.08534883329095816,3.7550281806997967,4.058035075673047,-0.17016466755357193,3.0600473802706873,2.9041387814746953,-0.128943208536711,-0.39284545498085344,0.5728996271977104,0.24164933769798203,0.0,0.0,0.0,-0.5374883808008546,-0.07701540829345145,-0.03298738848400645
11.45,-4.606978091883431,-1.5138719454883705,1.0,-4.583603858947754,-1.4963260889053345,0.9769097566604614,0.10945188319943362,-0.18895937356761233,-0.009323346505943311,-0.9758216424473328,2.270807918232556,-1.9604671378251477,0.0,2.3314907550811768,-2.04063081741333,-0.035015083849430084,2.45045695753825,3.576191362980229,0.1095689420730741,3.351644925591046,3.1007653421049475,-0.09137552833043205,1.9916441315763116,1.8153839550156672,0.1623208370891817,2.744635213461478,2.5827184569323647,-0.04295673867456372,-0.4032512764579986,0.5583105989164031,0.23882937336936208,0.0,0.0,0.0,-0.4979366915947971,-0.08288457804112148,-0.03788490296585591
11.4666,-4.568758379021744,-1.5460440406605875,1.0,-4.536211967468262,-1.5345503091812134,0.9762453436851501,0.1151995358587393,-0.18344671066217916,-0.009753960857179113,-0.9762076654328441,2.319066060990881,-1.9031375685326162,0.0,2.3898792266845703,-1.9745019674301147,-0.0363386906683445,2.257277848701287,3.6258521510459474,0.12162366476083886,3.1305363455733266,3.1646757563124095,-0.07089131709578478,3.50687344273563,3.9717687659306353,-0.07949722735343816,2.9696618705911484,2.99279149658621,-0.05374415880320474,-0.40714096373219144,0.5500804127885062,0.23554166114532785,0.0,0.0,0.0,-0.4661175331398482,-0.08890401805496838,-0.04302667928870421
11.4833,-4.5296849789398115,-1.577299861335756,1.0,-4.487741470336914,-1.5715326070785522,0.9755563735961914,0.12063285732185074,-0.17797061014782917,-0.010505818487764966,-0.976557189247545,2.365949792003634,-1.8445274684097175,0.0,2.4376626014709473,-1.900527000427246,-0.03680857643485069,2.1162795828101433,3.6325247139570296,0.12870344412410528,2.966419193491902,3.1799465653960697,-0.05668127255855149,2.8640962615753973,4.43399879958843,-0.028164567137304218,2.9384969733289195,3.4182622341721274,-0.04619259581114535,-0.40899676719184747,0.5486426091385875,0.23213243433150532,0.0,0.0,0.0,-0.44114284348991156,-0.09606446057762762,-0.046747717648848545
11.5,-4.489843051353367,-1.6075675765410635,1.0,-4.438133716583252,-1.6071723699569702,0.9748955965042114,0.12512945980845147,-0.1706478296609062,-0.011693137357165363,-0.9772846859996915,2.4113513648115954,-1.7847645770300509,0.0,2.498628616333008,-1.8297587633132935,-0.03250456228852272,2.1967612620573718,3.7660633174817395,0.12039697096277902,3.0199162432655746,3.3289156452876516,-0.0591001878917814,1.776534316668096,2.3122302261098246,0.10817508682788783,2.595464359251185,3.091741369835946,-0.0006204344329448219,-0.4148891936772032,0.5392868371773606,0.22938050626104753,0.0,0.0,0.0,-0.4082657875309995,-0.10213916498327255,-0.04988334740648713
11.5167,-4.449260524275316,-1.6368262728043026,1.0,-4.412876129150391,-1.6245229244232178,0.9745950698852539,0.1303238455189986,-0.1640937444705491,-0.013223152251807825,-0.9777085990020141,2.455239409206454,-1.7238907864129742,0.0,2.522360324859619,-1.7926206588745117,-0.032004788517951965,1.9896184315060272,3.809654405352508,0.10636148190004402,2.7906296487952567,3.3938911391245727,-0.06826269829638937,1.4228658013608555,2.2266639030247584,0.029964593816112984,2.2492918327322755,2.8363546901359573,0.008408824925583916,-0.42593892282498264,0.5231326918021284,0.22665131249728757,0.0,0.0,0.0,-0.37507229446424667,-0.107369425574193,-0.05202713230085417
11.5333,-4.408038040281524,-1.6650080183858214,1.0,-4.361596584320068,-1.6582953929901123,0.973964512348175,0.13606584918351478,-0.15893627544803052,-0.014349400337715926,-0.977762546968108,2.497512027578732,-1.6620570604222862,0.0,2.563213348388672,-1.7177822589874268,-0.032882023602724075,1.8543272686269763,3.8228771987205517,0.11564420048320923,2.6358476690434722,3.421394661008493,-0.05330618112394864,2.454941402332445,4.4971918966159485,-0.052714843190349296,2.3100033444486963,3.3266641895252262,-0.009635999093187303,-0.43303794403905593,0.515400772668777,0.2235198643516804,0.0,0.0,0.0,-0.34848245637744,-0.11391823495671859,-0.054569482744522516
11.55,-4.366090942763971,-1.6921731890550173,1.0,-4.335572719573975,-1.674718976020813,0.9736537337303162,0.13606584918351478,-0.15893627544803052,-0.014349400337715926,-0.977762546968108,2.538259783582526,-1.5991364141459563,0.0,2.589724063873291,-1.6803535223007202,-0.032474637031555176,1.9244763970417498,3.9829516360617534,0.11563141685407796,2.6889162111104845,3.602911843721557,-0.04701598023835554,1.5916690523904953,2.2471729172630974,0.02445896256799313,2.0979379320416167,3.0079786354969027,0.00042945676158620116,-0.44154953716424106,0.5000842947096923,0.22049642753065413,0.0,0.0,0.0,-0.32289027690449346,-0.12004450236949576,-0.057849030438220615
11.5667,-4.323439489147683,-1.7183048658643583,1.0,-4.282741546630859,-1.7065800428390503,0.9730838537216187,0.1402505426006216,-0.15240747968386903,-0.01535557205221651,-0.9781952686617694,2.5774572987965376,-1.535159233721524,0.0,2.6372458934783936,-1.6079704761505127,-0.029221754521131516,1.7269874763098143,4.019764144816079,0.09986121357083899,2.4708275626276555,3.6546352340893096,-0.058510936385296475,2.849763378751269,4.340627367999657,0.19506709928084298,2.3198905454380845,3.4014008988865934,0.057890046332665285,-0.4438716057706288,0.49090847811189936,0.21853563726478653,0.0,0.0,0.0,-0.2999684805472123,-0.12577956738513033,-0.06016348730865108
11.5833,-4.280167198965985,-1.7433508717613837,1.0,-4.22906494140625,-1.7369370460510254,0.9725386500358582,0.14467493403556078,-0.14643482376888217,-0.016477141837939933,-0.9784449887391965,2.6150263076420757,-1.4702507984489768,0.0,2.673837184906006,-1.5250457525253296,-0.02989572286605835,1.5826178857647608,3.9944680221376174,0.10754638024459151,2.307700700559248,3.6372768411295646,-0.04653695290812343,2.1955738033246543,4.97570169666104,-0.04043987475322595,2.2831899709606334,3.8661632687523815,0.028861256397984536,-0.44447984484847297,0.48947242544710723,0.21599773057210073,0.0,0.0,0.0,-0.28060296994601425,-0.1322812444390546,-0.061914397419385786
11.6,-4.236249488726772,-1.7673247847690186,1.0,-4.201935291290283,-1.7515486478805542,0.9722720384597778,0.14970719827131596,-0.13992259402109122,-0.017345577651506877,-0.9786259251598537,2.650987177153528,-1.4043742330901583,0.0,2.6953163146972656,-1.4879201650619507,-0.02788788452744484,1.6540613421444774,4.173840458036781,0.09775753200849291,2.360376089994804,3.834402975970653,-0.05212132356271537,1.287551807917679,2.225468057739031,0.12035850185793912,1.9892593874032716,3.38180005457121,0.055872915603313075,-0.4482989076122936,0.47725470457764546,0.21395491594107433,0.0,0.0,0.0,-0.2580158402380333,-0.13781722251151737,-0.06407606036986606
11.6167,-4.1918162239267165,-1.7901574854579392,1.0,-4.147046089172363,-1.7797157764434814,0.9718120694160461,0.15468852902846245,-0.13427930486123263,-0.018096592345122526,-0.9786281589428248,2.6852362281869087,-1.3377243358900754,0.0,2.732722282409668,-1.4108670949935913,-0.025071201846003532,1.4821199100102276,4.189293287673433,0.08409591017276963,2.164221366284276,3.8614408124718396,-0.06384566226683205,2.2466742084687756,4.627955264702934,0.16917536748385434,2.0652529474942716,3.749687849267225,0.08932187028976638,-0.4489610979781682,0.47068363130579016,0.21258732081907725,0.0,0.0,0.0,-0.23314035829588045,-0.142831156104197,-0.06464574837947556
11.6333,-4.146772114053719,-1.8118987242285356,1.0,-4.091604232788086,-1.8062233924865723,0.9713608026504517,0.1592552967982107,-0.12883314309730456,-0.018888278747551113,-0.9786128174899669,2.717848086342803,-1.270158171080579,0.0,2.761711597442627,-1.3257110118865967,-0.027901314198970795,1.3495972911157272,4.15640881806015,0.10428800777548641,2.011138360343075,3.834539992205686,-0.039579161387772344,1.7385398495810576,5.106959020847036,-0.16972678032686092,1.9688012694750539,4.150379106710344,0.012845973852872339,-0.44928101249376373,0.4707199889982738,0.20976238781469336,0.0,0.0,0.0,-0.2122600567335837,-0.1488511631438096,-0.0658952186514346
11.65,-4.101232499964974,-1.8324918774717334,1.0,-4.063589572906494,-1.818932056427002,0.9711306095123291,0.1592552967982107,-0.12883314309730456,-0.018888278747551113,-0.9786128174899669,2.7487378162076,-1.2018487499474608,0.0,2.780856132507324,-1.2862882614135742,-0.02634645812213421,1.4046020497996978,4.336415113119985,0.09707163976167177,2.0436434201126707,4.0304503862436665,-0.0433814873506308,1.1492815022614071,2.3666199118337437,0.09334085793925688,1.7268640553794263,3.6237807896335115,0.03660953488450432,-0.45193797160890525,0.45929866110925605,0.2073575404556757,0.0,0.0,0.0,-0.18710339870406753,-0.1533339342329373,-0.06690441334337313
11.6666,-4.055194516234189,-1.8519398593501382,1.0,-4.007060527801514,-1.8432400226593018,0.9707599878311157,0.1667289946129391,-0.11687160670628766,-0.020931094348025658,-0.978828145739009,2.777909789025207,-1.1327917743512832,0.0,2.8069465160369873,-1.205802321434021,-0.02226182259619236,1.2662489845479425,4.33575428327281,0.07539111315951796,1.8816836940808452,4.039694581342751,-0.06280215877431217,1.566208673250322,4.831580077286389,0.24520113246028338,1.6794356501880099,3.9803452149614507,0.09818958703239089,-0.4539236385875873,0.45342840418722974,0.20617612840146166,0.0,0.0,0.0,-0.16151107094531536,-0.1573687022571698,-0.06798285646763151
11.6833,-4.008642828868567,-1.8702474010390056,1.0,-3.9786288738250732,-1.8547815084457397,0.970575213432312,0.1667289946129391,-0.11687160670628766,-0.020931094348025658,-0.978828145739009,2.8053711015585083,-1.0629642433028503,0.0,2.8168270587921143,-1.1614675521850586,-0.025666523724794388,1.357091962403752,4.495814634919818,0.09772456441111554,1.9593881273073537,4.219593074210826,-0.036338920543733444,0.5925025734873614,2.658605455793206,-0.2041683570070342,1.3585531394714767,3.5901434798894214,0.008927995589277253,-0.46022677664814804,0.4385422372928871,0.20330812659052158,0.0,0.0,0.0,-0.1420693882554537,-0.16232067658389468,-0.06924464163567261
11.7,-3.9616849692850606,-1.8873719827904165,1.0,-3.921359062194824,-1.8766860961914062,0.9702113270759583,0.17158184070240015,-0.10985839745585521,-0.021381222690121972,-0.9787919837429867,2.831057974185625,-0.992527453927591,0.0,2.8460872173309326,-1.0820101499557495,-0.021037593483924866,1.177765425958643,4.503943257364755,0.07276304286488422,1.7688404039269847,4.242858155847417,-0.05825701765685276,1.7561890043215707,4.769017772817034,0.2778274895538193,1.4759425145849354,3.938168718096403,0.08831204103176521,-0.46306268119337973,0.4289152595001051,0.20198178546952938,0.0,0.0,0.0,-0.128012296774962,-0.16783015798276674,-0.07096172494779239
11.7166,-3.914297502825582,-1.903323035646407,1.0,-3.8636343479156494,-1.8969745635986328,0.9699418544769287,0.17417943263564553,-0.10583655814430544,-0.02167304746921147,-0.9787698987943669,2.8549845534696106,-0.9214462542383732,0.0,2.86256742477417,-0.9935383796691895,-0.02112899348139763,1.0632911849447793,4.45707096164193,0.07566080040481094,1.6502307856689173,4.204136358717284,-0.05215081106310798,0.9887568124275844,5.308007552675621,-0.005483691298688295,1.332116390746676,4.342570179363045,0.06062182649155489,-0.4668932083514304,0.42602259879196347,0.2001847188234202,0.0,0.0,0.0,-0.12004639237270771,-0.1730879958673174,-0.07237310735550127
11.7334,-3.866205747747174,-1.9181790977951103,1.0,-3.805474281311035,-1.9155296087265015,0.969690203666687,0.1802834368991108,-0.09933616277059519,-0.021795863385772236,-0.9783431198063456,2.8772686466926656,-0.849308621620761,0.0,2.89011287689209,-0.9067985415458679,-0.017447812482714653,0.8721560584655234,4.421334329599339,0.055849057972628735,1.445264588188,4.1714240301099235,-0.07078946435018985,1.6417375982265925,5.1697845764710895,0.21940221658164352,1.4235222303120891,4.586778988842487,0.1074966997627915,-0.46683233887716247,0.4272108251985889,0.19936489447578223,0.0,0.0,0.0,-0.10627619084531405,-0.1773005257091737,-0.07272637215296365
11.75,-3.8184137409912404,-1.9316436506642385,1.0,-3.7762339115142822,-1.9241985082626343,0.9696077108383179,0.1850636666027656,-0.09576432536059622,-0.021286518721518054,-0.9778177593396573,2.897465475996358,-0.7776206114868609,0.0,2.8937759399414062,-0.8645634055137634,-0.015885647386312485,0.955886837213907,4.604245349892335,0.047894389773254,1.5233734952553957,4.368418666075661,-0.07742811989740106,0.2213609578284611,2.5522929963836503,0.09440251433572983,1.0686222501112208,3.986161538447604,0.10363105689508385,-0.4712603228311932,0.41594916626960243,0.1985968838174974,0.0,0.0,0.0,-0.09622633521029543,-0.18012248245292883,-0.07327437414684236
11.7667,-3.769925407043146,-1.9440087735952565,1.0,-3.7176198959350586,-1.940285086631775,0.9694234132766724,0.18740234781143056,-0.09216088044839214,-0.020951409129007916,-0.977725837063055,2.9160131603928847,-0.7048881105647196,0.0,2.9025917053222656,-0.780243992805481,-0.017977429553866386,0.8536785361983533,4.581090557649364,0.06238683893604158,1.4148029328225746,4.35493366912009,-0.0614895575667416,0.528402189290767,5.053964159652457,-0.12537791435042941,0.9091394142574298,4.301396389043907,0.036023422860307755,-0.477410850833632,0.4097626903871808,0.19661072782648636,0.0,0.0,0.0,-0.08371354579058941,-0.18360580185790698,-0.07273433132370319
11.7833,-3.7212079251499244,-1.9551429318059832,1.0,-3.688232660293579,-1.9477243423461914,0.9693463444709778,0.18740234781143056,-0.09216088044839214,-0.020951409129007916,-0.977725837063055,2.932714397708975,-0.6318118877248867,0.0,2.9110591411590576,-0.7381920218467712,-0.017175739631056786,0.889568961464342,4.773689838369391,0.05898326091555983,1.4531435908734762,4.569113362013544,-0.06357986013346455,0.5083302321587038,2.5245290985601008,0.04812829201614519,0.7908132178917078,3.77683268811096,0.039597001482471625,-0.48419227296416506,0.3922630111573938,0.19472527976141152,0.0,0.0,0.0,-0.07938235644496923,-0.18768653480154712,-0.07216215871238714
11.8,-3.6722014639219687,-1.9650613400742336,1.0,-3.629225730895996,-1.9612890481948853,0.9693108797073364,0.18876036141730007,-0.08444379248604744,-0.021063013983864745,-0.9781591066657471,2.94759201011135,-0.5583021958829536,0.0,2.9240946769714355,-0.6455623507499695,-0.008931091986596584,0.7396382603668449,4.699454996075828,0.010715697835272486,1.303607659256857,4.507179837733034,-0.1127437779025705,0.782110518259974,5.557626561002475,0.49466517793282505,0.7882440218963855,4.302555587938972,0.17394144470231854,-0.4899792832675549,0.3836967052377323,0.1955693805512662,0.0,0.0,0.0,-0.07399011562245736,-0.1914215468949379,-0.0721099048134232
11.8166,-3.622977199259529,-1.9737491554801159,1.0,-3.569983720779419,-1.9729998111724854,0.9693675637245178,0.19143795597155322,-0.07801833157481153,-0.021123368270932353,-0.9781709920770271,2.960623733220174,-0.48446579888929375,0.0,2.9397292137145996,-0.5530296564102173,-0.006118650082498789,0.5622950973278259,4.621927049213024,-0.005421600180178565,1.1295906616326992,4.435278420094,-0.13055930821157097,0.9383549882662698,5.55363530994219,0.16879738320824508,0.8325595228295855,4.671897188547469,0.17242282372842288,-0.49323985926239733,0.38169324694580764,0.19665999804318407,0.0,0.0,0.0,-0.07405570504247584,-0.1950446178267835,-0.07152229001179165
11.8334,-3.573371225735022,-1.981228955204353,1.0,-3.510462999343872,-1.982984185218811,0.9695634841918945,0.19651779971873787,-0.07559856509796771,-0.02023048728522905,-0.9773721828572002,2.9718434328065295,-0.4100568386025332,0.0,2.944688320159912,-0.4646407663822174,-0.0019255754305049777,0.4376193921127128,4.567429246414787,-0.030541603173568355,1.0110793621239231,4.3826157037739835,-0.15788578560463024,0.29652439198243663,5.2851178256778715,0.25072035162598366,0.6743121547941842,4.852931128799697,0.19553768505082478,-0.4974983530917219,0.3830735922275894,0.1985033343433203,0.0,0.0,0.0,-0.07596161691948855,-0.19826004958678622,-0.07115915191225841
11.85,-3.523842022273056,-1.9874342125123812,1.0,-3.480710983276367,-1.9873062372207642,0.969660222530365,0.19651779971873787,-0.07559856509796771,-0.02023048728522905,-0.9773721828572002,2.9811513187685716,-0.335763033409584,0.0,2.9435319900512695,-0.4199153184890747,-0.004875245504081249,0.48713203437996494,4.74938306257492,-0.01231730938381137,1.0659064065749342,4.577810749834711,-0.14261212720101585,-0.06947329217458567,2.6871427855209062,-0.1772186759719994,0.4547330962727283,4.2135508245573785,0.08549319420357061,-0.5038822012658881,0.37175447909768716,0.1984903163803851,0.0,0.0,0.0,-0.07489217092908101,-0.20018216635747796,-0.06819549856318065
11.8666,-3.4741790852789327,-1.9924009752686316,1.0,-3.42120361328125,-1.994688630104065,0.9698736667633057,0.20173010574243622,-0.06489503047548201,-0.019903638475027095,-0.9770862164900538,2.988601462902947,-0.2612686279183996,0.0,2.9473869800567627,-0.33532851934432983,-0.0008210847736336291,0.3468581820314282,4.712120112130849,-0.036707468314980396,0.9335496649706034,4.550171694963853,-0.1713611062235093,0.23180365002222125,5.086272275027597,0.24377994592862492,0.3889202491353049,4.471194147946814,0.1322223364069488,-0.5102411792585632,0.36474369350390845,0.1995907657140173,0.0,0.0,0.0,-0.07645030368061208,-0.20279527633691236,-0.06493712780548838
11.8834,-3.424076437268985,-1.996147549084144,1.0,-3.3615729808807373,-2.000345468521118,0.9702364206314087,0.20166333459768282,-0.059498748189677576,-0.020299860997878005,-0.9774353188362694,2.994221323626216,-0.18611465590347775,0.0,2.950376033782959,-0.24087420105934143,0.0039055191446095705,0.20122521996612883,4.614369463161116,-0.06588378965799624,0.7980122924096695,4.456517990811591,-0.20534180920794617,0.1784524724570843,5.639111296153955,0.282187686405089,0.32678631462441876,4.8159846367625425,0.17649484872569934,-0.516078956301625,0.36417735879786184,0.2018502917848245,0.0,0.0,0.0,-0.08070811614191568,-0.20632588644833724,-0.062392272234874556
11.9,-3.3743901040895836,-1.998616049273482,1.0,-3.331758737564087,-2.002446174621582,0.9704355597496033,0.20166333459768282,-0.059498748189677576,-0.020299860997878005,-0.9774353188362694,2.997924073910223,-0.1115851561343755,0.0,2.9523239135742188,-0.1902506798505783,0.001674547791481018,0.19861385071320428,4.761583989731875,-0.05251335048283412,0.8023508296829324,4.61558541181771,-0.1962152206174125,0.11748971785210964,3.0534446993011017,-0.1345648720169188,0.2649981338280579,4.2956506323107195,0.08466433375263757,-0.5210819629248298,0.3533517054355532,0.20263701000788523,0.0,0.0,0.0,-0.08265501604489836,-0.20735312752138818,-0.058935139873306834
11.9167,-3.3243680884694933,-1.9998515435562567,1.0,-3.272099494934082,-2.0053343772888184,0.9708397388458252,0.20414044186192573,-0.05641046947517821,-0.019910129089697734,-0.9771121789487365,2.999777315334385,-0.036552132704239924,0.0,2.9529404640197754,-0.10785751044750214,0.0034370142966508865,0.04442636151620674,4.7285579847036665,-0.06413611950686349,0.6506571149298473,4.590935503826292,-0.21305567374710543,0.036958168384044816,4.938931843192179,0.10564834449271841,0.1976765680169374,4.485559003367923,0.09085919725943127,-0.5259799696688746,0.34569741515817864,0.2037662551934212,0.0,0.0,0.0,-0.08025078374476598,-0.20807493428080412,-0.05484670095317924
11.9333,-3.2743558519708995,-1.999835587660111,1.0,-3.212519645690918,-2.006622076034546,0.971255898475647,0.20693225437564342,-0.05385065428908872,-0.019619863744003225,-0.9766750739828299,2.9997533814901667,0.038466222043650536,0.0,2.945042848587036,-0.02198605239391327,-0.0003318456292618066,0.052416991313305225,4.939891051051353,-0.05595690477194015,0.6685034752421551,4.825402666842263,-0.207032495444754,-0.20179603042956015,2.430662107475834,-0.08250390502112767,0.07974495557482875,3.87891588121822,0.03967924081330529,-0.5312905717577955,0.32561453561875847,0.20411392404127846,0.0,0.0,0.0,-0.08479591217105445,-0.21112615140966812,-0.053038333368464606
11.95,-3.22442540740265,-1.9985716101640554,1.0,-3.1828060150146484,-2.006587266921997,0.971437931060791,0.2062629940314268,-0.047964140934829806,-0.020002388541088125,-0.9771155928434658,2.997857415246083,0.11336188889602483,0.0,2.9402711391448975,0.025421377271413803,-0.001240630284883082,-0.0639295712835216,4.83839228043163,-0.037144867795043446,0.5595276203438032,4.75514449362837,-0.19125215479903757,-0.2866554949225855,2.847952160228591,-0.0545942954813294,-0.028423154314847036,3.574556547290321,0.01184796980978247,-0.5374612047092363,0.29814543221679096,0.20404894171265547,0.0,0.0,0.0,-0.08599598691808849,-0.214897645413531,-0.04994165470866136
11.9667,-3.174466428112047,-1.9960564426711616,1.0,-3.123452663421631,-2.0051751136779785,0.9718589782714844,0.20706334161122442,-0.042052307861327985,-0.020561171458645514,-0.9772070515047345,2.9940846640067424,0.18830035783192958,0.0,2.9396026134490967,0.11398795992136002,0.0022061606869101524,-0.24278519240389804,4.756631605026286,-0.05899229318752308,0.38313438065641525,4.697207682741613,-0.2157100546271961,-0.040089214228525676,5.311036999242251,0.20669234187573274,-0.03186718842836742,4.087197315316167,0.06936958972155526,-0.5420901646027176,0.28069473758825286,0.20514888955752306,0.0,0.0,0.0,-0.08382940845759568,-0.2212708153035806,-0.04843112811785003
11.9833,-3.1246023646446095,-1.9922940720465283,1.0,-3.06415057182312,-2.002000093460083,0.9724216461181641,0.21130121776570696,-0.038922472354196866,-0.02053718990184282,-0.976429821471345,2.9884411080697926,0.26309645303308526,0.0,2.931328535079956,0.20360785722732544,0.006748505402356386,-0.28146014557271826,4.931418301373808,-0.08427072238664213,0.3376918707410739,4.902522843881485,-0.24315318742074876,-0.069096214082412,2.776466649741837,0.24827837158702462,-0.04285787725684819,3.700245665892328,0.122186732142587,-0.5447567590543229,0.25564370405574777,0.2074368914749756,0.0,0.0,0.0,-0.07439525725946931,-0.2267482465634247,-0.04855442644086896
12.0,-3.0748834856261595,-1.987290254330296,1.0,-3.03460955619812,-1.999770998954773,0.9726950526237488,0.21130121776570696,-0.038922472354196866,-0.02053718990184282,-0.976429821471345,2.980935381495444,0.3376747715607605,0.0,2.9233593940734863,0.2450142800807953,0.00039331111474893987,-0.39576848217258315,4.8642064130609155,-0.05045701801118074,0.2117616791393246,4.875175432658059,-0.21235761254342217,-0.4784843105817682,2.486130396816308,-0.3815794895397541,-0.17146276255861997,3.3418166474076063,-0.0265342641107372,-0.548201098231104,0.2225646255030725,0.2069750798430574,0.0,0.0,0.0,-0.05932906308080375,-0.23353364510021662,-0.04507448531081598
12.0166,-3.025269712063444,-1.9810409558841273,1.0,-2.9757425785064697,-1.9941174983978271,0.973175585269928,0.2143477763685366,-0.03615684357011659,-0.02006489231742977,-0.9758817438533094,2.971561433826191,0.4120954319048338,0.0,2.9094221591949463,0.32688745856285095,0.0015667403349652886,-0.5271114458719689,4.80862737357876,-0.05900586723175483,0.0712113348216099,4.852250329879778,-0.22134401445027163,-0.8360076654653624,4.911060580058349,0.07038668943524845,-0.36764856414989755,3.8050861382617676,0.002078572853687663,-0.5535296889271303,0.19861514226328097,0.20710348215861957,0.0,0.0,0.0,-0.044793091766448516,-0.2422380985642993,-0.04476533494010278
12.0333,-2.9758163920275167,-1.97355136450054,1.0,-2.946409225463867,-1.9906556606292725,0.9734444618225098,0.2141589584872078,-0.029997397761613243,-0.0203532610549413,-0.9761259426935815,2.96032704675081,0.4862754119587246,0.0,2.8967843055725098,0.42131492495536804,0.004885523114353418,-0.5810633727281193,4.983905466225459,-0.06972906432412973,-0.0008056263776399231,5.066481448113501,-0.23139784965266613,-0.2460673835945544,2.7328448547076993,0.10260923093440753,-0.331755577443759,3.4885409134121,0.031757060573323996,-0.5558151602978443,0.16838712629463298,0.20788209156828164,0.0,0.0,0.0,-0.024442586052635076,-0.2509631081826755,-0.04621330623974522
12.05,-2.926574258666009,-1.9648290550857497,1.0,-2.8879504203796387,-1.9823302030563354,0.9740544557571411,0.21714290267821845,-0.02407406913518007,-0.02070834825364555,-0.9756231729376951,2.9472435826286247,0.5601386120009859,0.0,2.8891208171844482,0.46708351373672485,0.0014897213550284505,-0.7198929707985698,4.841933299352492,-0.061187557442743845,-0.15677477697459874,4.968731266991667,-0.22358323886889703,-0.4596913747979921,2.7454110235544813,-0.20369584975392574,-0.3695245631757611,3.2691553873318346,-0.03775294205780449,-0.5568213968977496,0.1328103887932629,0.20735601712928886,0.0,0.0,0.0,-0.006296796926221513,-0.25960835643243746,-0.044960335703135686
12.0667,-2.877585871747515,-1.9548826829896195,1.0,-2.82977557182312,-1.9722946882247925,0.9746658802032471,0.22074548884838413,-0.01983306357719562,-0.020658614972402744,-0.974910975491558,2.932324024484429,0.6336211923787272,0.0,2.8761017322540283,0.5489599704742432,0.004169292747974396,-0.8882485870339679,4.769035102932713,-0.079477891861651,-0.34915508939862094,4.9317651992737686,-0.24205854221351797,-0.7813805735218362,4.914068313204739,0.16082274929481355,-0.49111198514906484,3.754763748029044,0.020870231506770358,-0.5579166143927276,0.10713111999896605,0.20803803258280795,0.0,0.0,0.0,0.018823116757380604,-0.26986121634002164,-0.045457382230940965
12.0833,-2.828836341607534,-1.9437090335259102,1.0,-2.7720487117767334,-1.9604989290237427,0.975310206413269,0.22193259698354198,-0.014612291305302661,-0.020773170106655317,-0.9747312613295076,2.9155635502888653,0.7067454875886983,0.0,2.850039005279541,0.6416653394699097,0.0024745094124227762,-0.9141405818411743,4.923935263695165,-0.06395660472078024,-0.39926730107952935,5.1274669749672075,-0.226318225755457,-0.8566669049831986,2.865174805176235,-0.16366908222814042,-0.5990304789327106,3.4921408325918204,-0.03360914683445265,-0.5583754575221546,0.07656035986739382,0.20774359860257216,0.0,0.0,0.0,0.04350217676050964,-0.28009207113943574,-0.04538197756789542
12.1,-2.7803911195096784,-1.9313225031867658,1.0,-2.7433691024780273,-1.9539363384246826,0.9756449460983276,0.22193259698354198,-0.014612291305302661,-0.020773170106655317,-0.9747312613295076,2.8969837547801487,0.7794133207354823,0.0,2.8409173488616943,0.6846636533737183,0.0013406358193606138,-1.0550143080774161,4.803323598284731,-0.06575591746406761,-0.5723934765968698,5.053309230501216,-0.22942150359392768,-0.5473390557939914,2.580085836909871,-0.06803734687947068,-0.5837702260295494,3.222885527735013,-0.0437729807509165,-0.5562697910399125,0.03995285135669762,0.20724819117017557,0.0,0.0,0.0,0.07364895955936612,-0.28993848357318297,-0.04358260504031549
12.1167,-2.732265213800953,-1.9177270954282108,1.0,-2.686340093612671,-1.9395123720169067,0.9763588905334473,0.22383233457003415,-0.007620792950209393,-0.02134851673567752,-0.9743640358384321,2.8765906431423165,0.8516021792985707,0.0,2.8154537677764893,0.7762845754623413,0.003551298752427101,-1.1154525241360664,4.973202316311349,-0.0810879179974302,-0.6687286953119931,5.273891918643864,-0.2444200023848357,-0.727184341087488,2.660245778584807,0.14422576093153516,-0.6261086940534231,3.0567839901092873,0.011727683950290557,-0.552444958151283,0.0003031368659045103,0.20788850110516718,0.0,0.0,0.0,0.10572112932720962,-0.3009927391984192,-0.044556416717761706
12.1333,-2.6845480384989395,-1.9029500474485654,1.0,-2.629807710647583,-1.923264503479004,0.97711181640625,0.22515909628773284,-0.00016550013739011067,-0.021795062595650467,-0.9740782380586798,2.854425071172848,0.9231779422515904,0.0,2.796003818511963,0.8626863360404968,0.0061555723659694195,-1.2555260714176306,4.806795269991177,-0.0785326797196797,-0.8505973336122062,5.162496622690316,-0.24324709068089628,-0.6603649279596688,2.7701727249291053,-0.042770715735190916,-0.6362217604226015,2.9721711060761447,-0.004361239734131151,-0.5464919795666086,-0.04186703251372188,0.20829391566637764,0.0,0.0,0.0,0.1415632417611842,-0.3138343201854175,-0.043579504705161046
12.15,-2.6372033237265127,-1.8869818668765257,1.0,-2.601698398590088,-1.9145052433013916,0.9775198101997375,0.2270710248501568,0.0054647287677861865,-0.021880494257582067,-0.973617109389122,2.8304728003147885,0.9941950144102304,0.0,2.7825686931610107,0.9072394967079163,0.007699623703956604,-1.4198993293578088,4.682762344397883,-0.11095946594176898,-1.0547862150098535,5.095599539924385,-0.27860186643088664,-0.8068700869141884,2.675718438121966,0.09273071927039334,-0.6866002654363706,2.884652860067379,0.024302081167215328,-0.5388954700089066,-0.08542903101432855,0.20932782225051377,0.0,0.0,0.0,0.1737823556609511,-0.3274081645121736,-0.04168542176139611
12.1666,-2.5902087511178595,-1.869811857650478,1.0,-2.5459814071655273,-1.8956191539764404,0.9783362746238708,0.23028411091980905,0.01118352927510812,-0.021638402759735494,-0.9728185951972347,2.804717786475717,1.0646868733232102,0.0,2.747072696685791,1.0011507272720337,0.0020749568939208984,-1.5115410809080072,4.4954636897624445,-0.08057103357746431,-1.1953350950282526,4.947046314005972,-0.2480603095375442,-2.1279049824200325,5.629766600920447,-0.3371860975330875,-1.1120997614100991,3.695060610322995,-0.08241583630365594,-0.5368029161737671,-0.11185837552297477,0.20846007644595083,0.0,0.0,0.0,0.2205969302940125,-0.33972424872055224,-0.040970800485870915
12.1833,-2.543671626229495,-1.851477083582096,1.0,-2.4909300804138184,-1.8750097751617432,0.979158878326416,0.2327253617526813,0.01871864821900702,-0.021900387570079196,-0.972115754351467,2.777215625373144,1.1344925606557572,0.0,2.713778257369995,1.0845677852630615,0.004761819262057543,-1.6126238978072513,4.674306321266712,-0.0939913529342471,-1.3395853753616507,5.1693231097591825,-0.26065704579158344,-0.7437162220125246,2.403748820451231,0.1210205587754854,-1.003346207431088,3.3138417679360406,-0.022357694157252243,-0.529521614789481,-0.1444688614579606,0.20880910036109543,0.0,0.0,0.0,0.2564830923438802,-0.35054792703450943,-0.04214340750375908
12.2,-2.4975544914450167,-1.8319610273692875,1.0,-2.463715076446533,-1.8640726804733276,0.979575514793396,0.2327253617526813,0.01871864821900702,-0.021900387570079196,-0.972115754351467,2.7479415410539314,1.2036682628324744,0.0,2.6927661895751953,1.1279573440551758,0.0002746708341874182,-1.6838788998103813,4.515973733148987,-0.07457433259075064,-1.4517831389896414,5.057773983912424,-0.23844143249398667,-1.2582413660180174,2.5982467912567992,-0.2686987222079205,-1.0785959171051536,3.102585051496806,-0.09508206814845846,-0.5208857472733865,-0.18132004789139328,0.20776980006754955,0.0,0.0,0.0,0.28878998645264664,-0.36048020287204396,-0.04390270016431352
12.2167,-2.451950139668438,-1.8113010336196516,1.0,-2.409773826599121,-1.8409525156021118,0.9804210066795349,0.2314536332824257,0.027009302106024344,-0.022274693731704428,-0.9722158531166804,2.7169515504294774,1.2720747904973428,0.0,2.6612610816955566,1.2132800817489624,0.004939882084727287,-1.8257883522515794,4.35618688660952,-0.10613770092687336,-1.6373608757059477,4.933278440498084,-0.26998593627400547,-1.882445118737268,5.09807399176603,0.27874858197621516,-1.3159068938215546,3.691689859314714,0.015279572477035264,-0.514388359617345,-0.20546412386471338,0.2088788998682497,0.0,0.0,0.0,0.3259608830717132,-0.3716274300238503,-0.04503066452111759
12.2333,-2.4070544947624124,-1.7895944581597223,1.0,-2.35664701461792,-1.8159852027893066,0.9813360571861267,0.229518376439351,0.03551499975085639,-0.023024022551379617,-0.9723836397206023,2.684391687239583,1.339418257856381,0.0,2.617830276489258,1.3090896606445312,0.0038168015889823437,-1.8969950208319777,4.467920090680083,-0.11101624931544851,-1.7415434522480622,5.080583864770055,-0.27699835885996665,-1.3528269034291223,2.931108169168118,0.03278070160843538,-1.3268063554650589,3.4671522428129764,0.02044622567440095,-0.5051835748605996,-0.2327485111294981,0.21019928719679093,0.0,0.0,0.0,0.3497320062766842,-0.37991526296047395,-0.044217177652272774
12.25,-2.362608475857485,-1.7667193128694134,1.0,-2.3303892612457275,-1.8028360605239868,0.981796383857727,0.23079399295638173,0.04131065503643794,-0.02320424247561219,-0.9718483747445139,2.6500789693041202,1.4060872862137728,0.0,2.5996882915496826,1.3488281965255737,0.005482667591422796,-2.0097542069860896,4.2802402861675715,-0.11503079315529252,-1.8912974710601118,4.932681205197288,-0.2860565005497836,-1.0887537559021319,2.384826155387037,0.09997350747603377,-1.2565288770556065,3.1476297995348177,0.043924132826174335,-0.49198886059457037,-0.2661359644948983,0.2120959466265097,0.0,0.0,0.0,0.3735321246685925,-0.3863049545348182,-0.041070239232018656
12.2666,-2.318797264239028,-1.7427682552006691,1.0,-2.278675079345703,-1.775365948677063,0.9827490448951721,0.23133552727618606,0.05047648823278397,-0.023374094275111085,-0.9712825111564066,2.6141523828010036,1.4718041036414575,0.0,2.550159215927124,1.4319347143173218,-0.00021466874750331044,-2.07474571709404,4.417310271929176,-0.09655442394737523,-1.9959655834292178,5.113316350103994,-0.2726758816304393,-1.6071356927926637,2.5660051583321395,-0.20352437054466974,-1.3600344172950636,2.975923574777874,-0.029127188121484165,-0.47829277792139,-0.30159857054901124,0.21264095077277345,0.0,0.0,0.0,0.3995126442565675,-0.39440750762580734,-0.036519493089709344
12.2833,-2.2754864180409173,-1.7176646705283805,1.0,-2.253185510635376,-1.7610256671905518,0.9832239747047424,0.23133552727618606,0.05047648823278397,-0.023374094275111085,-0.9712825111564066,2.5764970057925707,1.5367703729386242,0.0,2.5302696228027344,1.4720803499221802,0.004166834056377411,-2.18177947375203,4.252172207617203,-0.11312407328504381,-2.1529024890906663,4.995950321588361,-0.29583022003940174,-1.191518839089325,2.4049904304853316,0.26248114286182944,-1.310285538556692,2.8073736753231797,0.05696092107086688,-0.4612593211127576,-0.3403022972453539,0.21492163034981848,0.0,0.0,0.0,0.4323823364513937,-0.4034758167258035,-0.03221548359546057
12.3,-2.232884581761746,-1.6915273229121062,1.0,-2.2028627395629883,-1.7309999465942383,0.9842241406440735,0.22874392282960726,0.05848739768116631,-0.02377760820275442,-0.9714371900904416,2.537290984368159,1.6006731273573804,0.0,2.4728260040283203,1.566243290901184,0.001249097753316164,-2.2073127868106264,3.9930177100346125,-0.10009290954190764,-2.2236228170281387,4.766576427773236,-0.28765680240345276,-3.44849499763837,5.652854709662645,-0.17515956097835889,-1.941524052109566,3.6474116850842835,-0.011565287823961858,-0.4544207575944421,-0.3611465500282375,0.21594037181684253,0.0,0.0,0.0,0.47073078781195454,-0.4124121677103857,-0.028376478955297393
12.3167,-2.190918228872571,-1.664312958837023,1.0,-2.178058624267578,-1.7152994871139526,0.9847236275672913,0.2289156659689331,0.06411440762078759,-0.023764500532867532,-0.9710418105045608,2.4964694382555344,1.6636226566911432,0.0,2.4502339363098145,1.6082783937454224,0.003777175210416317,-2.325517206252986,4.115691709370837,-0.1172493201667999,-2.3819805127379214,4.920338487385965,-0.30742094331112935,-1.3547888995324764,2.520738315485467,0.15160238180554164,-1.7683091109872646,3.3147971135489893,0.03660479055603458,-0.44188447759161337,-0.3866712933746303,0.2179625582781669,0.0,0.0,0.0,0.498347784076549,-0.4179754846404977,-0.027790935133837437
12.3333,-2.1496437948765514,-1.6360564175278243,1.0,-2.1292312145233154,-1.6826950311660767,0.9857764840126038,0.23086942001014804,0.07108486943011785,-0.02349134680766841,-0.970100292055676,2.4540846262917366,1.7255343076851726,0.0,2.3950440883636475,1.6875721216201782,-0.0022622335236519575,-2.3796596863410713,3.926860066660221,-0.08580285011940081,-2.4630558962883766,4.753305879917638,-0.27898932717837827,-3.3101155408110734,4.7557913401590115,-0.3622249644073886,-2.223478549516564,3.740204947089416,-0.08113704274026612,-0.43609684439780955,-0.40298937634719734,0.21774874073961936,0.0,0.0,0.0,0.5194930543451151,-0.4234564369102197,-0.02456226368064191
12.35,-2.1091601669091196,-1.6068293288100277,1.0,-2.081538200378418,-1.648642659187317,0.9867590665817261,0.22764484365592047,0.07970801453668155,-0.023656688894376648,-0.9701880839411242,2.4102439932150417,1.7862597496363208,0.0,2.337033987045288,1.7669594287872314,-0.00703813461586833,-2.507827184764228,4.081634744760525,-0.09573629216240764,-2.6224356329491645,4.937929259266971,-0.29168566331976875,-1.4387448058461099,2.0706118355065195,0.07951110936044742,-1.9918108053741985,3.247310544477269,-0.033710771985378044,-0.42347662436750133,-0.4277202589477889,0.218432109404298,0.0,0.0,0.0,0.5380850725524375,-0.4285742555586575,-0.02248273824693686
12.3666,-2.0693601354559226,-1.5765549542578383,1.0,-2.0581912994384766,-1.6309561729431152,0.9872147440910339,0.22764484365592047,0.07970801453668155,-0.023656688894376648,-0.9701880839411242,2.3648324313867572,1.8459597968161159,0.0,2.3030123710632324,1.8129932880401611,-0.0035551395267248154,-2.497653738501554,3.803709841276152,-0.0843533731496473,-2.647003371125828,4.692389834905848,-0.2827005474747426,-2.0405691405691404,2.761046761046761,0.20890519425675674,-2.0062051571066926,3.10375658789759,0.037913895674942716,-0.4088241006995908,-0.455129228772682,0.2205700710265926,0.0,0.0,0.0,0.5581737333238651,-0.4335507648570138,-0.022222896701497324
12.3833,-2.030301800615332,-1.5452723004310056,1.0,-2.012648344039917,-1.5944275856018066,0.9882975220680237,0.2242181415529468,0.08567273663670849,-0.023986572277671436,-0.9704694984486315,2.3179084506465086,1.9045472990770018,0.0,2.243725299835205,1.8935613632202148,0.0009190112468786538,-2.544074049331,3.5760307808195977,-0.1162217227390352,-2.7194442693532417,4.484527286258425,-0.31922648116090246,-3.5539231099042445,4.8295983993139915,0.26819992119948727,-2.4631197852660023,3.613256634789055,0.10589853947431328,-0.4016447451746545,-0.47056284405653254,0.22399712279611386,0.0,0.0,0.0,0.5770149651968963,-0.43793366138229467,-0.020992364374246585
12.4,-1.9920648610330127,-1.5130451653058505,1.0,-1.9684714078903198,-1.5563111305236816,0.9893695712089539,0.22390581760041292,0.09329351378184973,-0.023914754047808826,-0.9698404988814548,2.2695677479587757,1.9619027084504808,0.0,2.182041883468628,1.9744328260421753,-0.00101892976090312,-2.5801442117511666,3.333698132003882,-0.10959986359092344,-2.7629794467958515,4.249799918315958,-0.317170599270061,-3.6998441231570065,4.85076579861856,-0.116239989141578,-2.828223414103311,3.978591958588105,0.04031918567866562,-0.4001032459186374,-0.47628184631876624,0.22624008533161521,0.0,0.0,0.0,0.5829384809633223,-0.43981993999331,-0.018669349652477633
12.4167,-1.954627599856243,-1.4798557716654102,1.0,-1.946881651878357,-1.536669373512268,0.9899101853370667,0.2240477839912658,0.10052844706558586,-0.02312112889034871,-0.9691037719694845,2.219783657498115,2.0180586002156353,0.0,2.146164894104004,2.013559579849243,-0.0037797270342707634,-2.6687123455079385,3.4298827530289797,-0.09540152065108831,-2.8460866246158605,4.358300384973887,-0.3096579177774025,-2.150683169448891,2.345493654241939,-0.16549884299787046,-2.6282011501051,3.4964714901079335,-0.020442058236118024,-0.39306097695880965,-0.48866345979673614,0.22734898967749648,0.0,0.0,0.0,0.5704352560667315,-0.4397541721481712,-0.013092592551182301
12.4333,-1.9180684268629506,-1.4457749227203245,1.0,-1.904634714126587,-1.496353268623352,0.9909370541572571,0.22114694811716254,0.10410137765946807,-0.022624259693253785,-0.9694045740273067,2.168662384080487,2.072897359705574,0.0,2.082756519317627,2.0802180767059326,-0.00740403076633811,-2.705910428773463,3.2519484835521744,-0.07848816917354728,-2.881400929099522,4.189769266393869,-0.2937712006121047,-3.807338267504617,4.002490945270783,-0.21762031180657954,-2.976303978899975,3.645857682068293,-0.07865268262566023,-0.39155178515462613,-0.49643084927341136,0.22731596660950174,0.0,0.0,0.0,0.567042285480685,-0.44138993356828343,-0.0120329351709443
12.45,-1.8823682605755703,-1.410787103490979,1.0,-1.8637700080871582,-1.454604148864746,0.9917992353439331,0.21458086424587006,0.1095024594176467,-0.022571028223584515,-0.9702859910702151,2.1161806552364686,2.1264476091366444,0.0,2.013784646987915,2.156352996826172,-0.013786764815449715,-2.8035057620878203,3.3316758095871224,-0.031927124876383495,-2.9866143735807595,4.28345622833772,-0.24463192697516306,-2.2214988839924454,2.3553053282206835,-0.48572756113897153,-2.7534717188948226,3.2648630390762996,-0.19882862709455223,-0.38430123959747203,-0.5096959136012492,0.22481762095101657,0.0,0.0,0.0,0.5674098510904114,-0.44208450514934866,-0.012112818852237002
12.4666,-1.8475865803703948,-1.3749528204559738,1.0,-1.8438392877578735,-1.4332033395767212,0.9922633767127991,0.21458086424587006,0.1095024594176467,-0.022571028223584515,-0.9702859910702151,2.0624292306839607,2.1786201294444076,0.0,1.9797953367233276,2.1890335083007812,-0.010671751573681831,-2.8357289589918757,3.1144543831081806,-0.06496915700444905,-3.0195480824220216,4.085933736295043,-0.27635351562831895,-2.0422820714848506,1.9636415729532268,0.18716872000573026,-2.5435155361745054,2.880718679135348,-0.084875155144437,-0.3714486505372355,-0.5295455117311476,0.22431415181022085,0.0,0.0,0.0,0.5552677739673814,-0.44193384145571574,-0.01292979318635095
12.4833,-1.8136214132784125,-1.338162432941359,1.0,-1.8051416873931885,-1.3893468379974365,0.993111789226532,0.20890647598016648,0.11554021673778696,-0.02270943847409428,-0.9708207502841213,2.0072436494120387,2.229567880082381,0.0,1.9101685285568237,2.2665085792541504,-0.020983392372727394,-2.849306997572769,2.8380362756458317,-0.0071113147034589375,-3.030924209700025,3.815428517814667,-0.21445467652194322,-4.169381665548306,4.639350113501706,-0.6174800658167126,-3.0235009344163895,3.399898822035638,-0.24210985948819222,-0.36716741525995444,-0.5368611501417568,0.22062784407691313,0.0,0.0,0.0,0.5487846273872101,-0.4405310920270785,-0.01328448225842885
12.5,-1.7806227789169062,-1.3005740502000707,1.0,-1.7677125930786133,-1.344062089920044,0.9939299821853638,0.20646098938901886,0.11973228980465025,-0.021998674020806606,-0.9708522761268074,1.9508610753001059,2.2790658316246404,0.0,1.8362641334533691,2.32924485206604,-0.02173171006143093,-2.9770000951852187,2.94891004694297,-0.04109109036660019,-3.1661651460743387,3.9377149352162872,-0.2456482848150141,-2.141886770867594,1.7814354559624763,0.3210079598592859,-2.763232319589144,2.9220988548244846,-0.0758671868022795,-0.35679333294895893,-0.5507535739016339,0.21994066231137255,0.0,0.0,0.0,0.545958383838079,-0.43805131437168315,-0.01538346786295864
12.5167,-1.748601521300798,-1.2622055142843427,1.0,-1.7316114902496338,-1.2975269556045532,0.9945621490478516,0.20383113931159447,0.12312019309939162,-0.021322680717540343,-0.970999326481262,1.893308271426514,2.327097718048803,0.0,1.7668956518173218,2.3864331245422363,-0.02985912375152111,-2.9898025760766105,2.752542736538021,0.031333307084188355,-3.193919085835696,3.761305728355865,-0.16685914947996472,-1.991340442281543,1.6329635726043084,-0.3936988969798898,-2.5353557291149573,2.541522557277508,-0.16969691683193172,-0.3405848658475329,-0.5707051218414038,0.21729328042189436,0.0,0.0,0.0,0.5447013756066187,-0.4380578699764404,-0.01910082385774129
12.5333,-1.7175471706543564,-1.2230466233533241,1.0,-1.7140763998031616,-1.2737749814987183,0.9948383569717407,0.19878004234927224,0.12703583288940606,-0.021056649809739585,-0.9715477412740857,1.8345699350299862,2.373679244018465,0.0,1.7261412143707275,2.4228265285491943,-0.03486727550625801,-2.972256945791436,2.5064346154810035,0.06813771672812319,-3.205548087674969,3.5343891027230754,-0.12086834712620717,-2.4468086629163626,2.184981606332575,-0.3006786467056011,-2.5092150167496334,2.4362651518632283,-0.2083651175158577,-0.3229677525197714,-0.5904229206195933,0.21339167239234452,0.0,0.0,0.0,0.5562588944033041,-0.43753156662247833,-0.024385608538014157
12.55,-1.6874695551740375,-1.1831084331156567,1.0,-1.6800671815872192,-1.225278377532959,0.9952868819236755,0.19260673286178687,0.13140302347765412,-0.021025418994993005,-0.9722108376417076,1.774662649673485,2.4187956672389435,0.0,1.656046748161316,2.480970621109009,-0.03677590563893318,-2.9985898890177185,2.2963184747228502,0.07750398554011095,-3.263299608664527,3.333845843974841,-0.09795737222456344,-4.20543134646469,3.4884492697649803,-0.11451136477420647,-3.009969079961615,2.7468891348164686,-0.18065777428979082,-0.3147966140297315,-0.6008269027357778,0.20947447751376502,0.0,0.0,0.0,0.5795063336765403,-0.43670046651621297,-0.03401311974909063
12.5666,-1.658413550483309,-1.1424508430401656,1.0,-1.6474698781967163,-1.1756142377853394,0.9957812428474426,0.18870348687941269,0.1358062364504888,-0.020939523717727827,-0.9723730187147774,1.7136762645602484,2.462379674275036,0.0,1.5777794122695923,2.5404245853424072,-0.04111137613654137,-3.1198394551866007,2.3523451936376705,0.07550054458874111,-3.412213948034055,3.39872097283297,-0.0858435374213169,-2.4725789134636034,1.9502540977739604,0.008896329897645123,-2.851321680635346,2.511707911344179,-0.12469793814889525,-0.30262554403486475,-0.6126345182195311,0.20616301493610398,0.0,0.0,0.0,0.5950000368823194,-0.43374126097576854,-0.044818932926045954
12.5833,-1.6303454114908473,-1.1010238667124037,1.0,-1.6316922903060913,-1.1503791809082031,0.9959820508956909,0.18870348687941269,0.1358062364504888,-0.020939523717727827,-0.9723730187147774,1.6515358000686056,2.504481882763729,0.0,1.545840859413147,2.5615363121032715,-0.041070666164159775,-3.1607900892427474,2.1800700619089866,0.10007933334031005,-3.4784218893028003,3.241776074111161,-0.04956002740357454,-1.91458952664075,1.2655642579464899,0.002440401326320604,-2.574781227606631,2.1438235284072795,-0.08716437655835592,-0.2835898214342421,-0.6297675928441706,0.20317983264614736,0.0,0.0,0.0,0.6012216214942949,-0.4319384193580038,-0.05354047190226278
12.6,-1.6033508851727132,-1.0589531534283207,1.0,-1.6011154651641846,-1.099086046218872,0.996330976486206,0.18363016272285704,0.13892506372762448,-0.02063703578596512,-0.9729100117116548,1.5884297301424812,2.54497367224093,0.0,1.4664077758789062,2.6212661266326904,-0.049336571246385574,-3.3026897333890166,2.247983480458223,0.13727509088504686,-3.665179683762579,3.3270216411846594,0.0013612839158343437,-2.3958491321953383,1.645137289129906,-0.38051633661949663,-2.521957202600758,1.996602235809538,-0.17376723692375054,-0.2623757893931321,-0.6473099300912025,0.19796565510494288,0.0,0.0,0.0,0.6248657397666947,-0.43172823063523375,-0.06205184813573037
12.6167,-1.5774009278430587,-1.0161950780258906,1.0,-1.5863368511199951,-1.0729628801345825,0.9965400695800781,0.17455642434177437,0.14144911862984147,-0.02067231269816875,-0.9742150045820975,1.524292617038836,2.583898608235412,0.0,1.3904036283493042,2.676398992538452,-0.040232330560684204,-3.30040457649195,1.9794296368546649,0.1003392671174117,-3.709981203648088,3.076937716140079,-0.024772501976297434,-2.2797105801266926,1.6693835528291365,0.4676949723306593,-2.4504415719714707,1.9000012998376299,0.015604131606253138,-0.2379940739721287,-0.6653915251516126,0.19594883818773834,0.0,0.0,0.0,0.6475707011282669,-0.43211655413380157,-0.07083706909402919
12.6333,-1.5525248279277455,-0.9727952112294987,1.0,-1.5579590797424316,-1.0198376178741455,0.9970449209213257,0.16897658989652695,0.1463273555613523,-0.020646518826880074,-0.9744788438537758,1.459192816844248,2.6212127581083813,0.0,1.344929575920105,2.706411600112915,-0.038566283881664276,-3.263585268262006,1.7139547583649963,0.08008005491796322,-3.725035097867883,2.8170536463613245,-0.035363016636159095,-5.003995025871188,3.435879477430605,0.1781902586404048,-3.204297224265585,2.3534206099544566,0.0636025279829274,-0.22738908895202595,-0.6718321931394641,0.19459726356294868,0.0,0.0,0.0,0.688838918557903,-0.43126669485686403,-0.07915419200882637
12.65,-1.5287681761927534,-0.9288368136182242,1.0,-1.5311925411224365,-0.9658038020133972,0.9975985288619995,0.16642745037545636,0.1519000678477459,-0.020241066144205296,-0.974073222583707,1.3932552204273363,2.6568477357108695,0.0,1.271305799484253,2.7435340881347656,-0.03736268728971481,-3.444605272318412,1.8013489109442145,0.086198257884738,-3.9534142688303495,2.9127006512539273,-0.021167270218469092,-2.170394181068427,1.1386721266877622,-0.07440248206640798,-2.8990701486984127,1.9948046550670429,0.02286092662278478,-0.20954261675835495,-0.6822237080850875,0.19228427311859295,0.0,0.0,0.0,0.7183516132702923,-0.42912803222462537,-0.08491874501538585
12.6667,-1.5061050742647437,-0.8842742761277749,1.0,-1.5183422565460205,-0.9384093880653381,0.9978603720664978,0.16642745037545636,0.1519000678477459,-0.020241066144205296,-0.974073222583707,1.3264114141916623,2.690842388602884,0.0,1.2281616926193237,2.77071213722229,-0.04411189630627632,-3.4296320261822815,1.584190047269645,0.10943685670093029,-3.984085685288664,2.7058634651542786,0.012656443290837427,-2.5885377925273216,1.6306145219431252,-0.4049355492218344,-2.8073953213857985,1.8872890712652113,-0.10343241211835674,-0.18792036083837052,-0.6929427899065099,0.18728549795267546,0.0,0.0,0.0,0.7423740199447529,-0.4287306279781238,-0.0905050845425826
12.6833,-1.4845746080360926,-0.8391845126148921,1.0,-1.4937609434127808,-0.8829700946807861,0.9983962178230286,0.16084930970668349,0.15639063016411942,-0.020238958801779748,-0.9742997197476045,1.2587767689223381,2.723138087945861,0.0,1.150653600692749,2.8116517066955566,-0.038395918905735016,-3.4339361426030113,1.379856404508721,0.0725151815738263,-4.037157827855558,2.5051974257255387,-0.01630476510511325,-4.654085124049763,2.4582754720762767,0.34322410380667423,-3.3525719040988404,2.0558546930175723,0.028428755169862596,-0.17583254058380882,-0.697716773076329,0.1846789037532481,0.0,0.0,0.0,0.7790542258363553,-0.4276242481404888,-0.09585895707430855
12.7,-1.4641525712569363,-0.7935138425871868,1.0,-1.4708364009857178,-0.8264799118041992,0.9990301728248596,0.1515786405052059,0.16062869169888094,-0.020699075946973153,-0.9750866435561514,1.1902707638807803,2.7537711431145953,0.0,1.0616596937179565,2.8653957843780518,-0.03327864408493042,-3.565926702154136,1.3751616906010222,0.06451278498305779,-4.212798262563751,2.501970501916552,-0.01709055658100761,-2.806728996011494,1.7457363011250733,0.065614233534903,-3.191429100959986,1.9643020755262515,0.03940658804269155,-0.15918057009664854,-0.7013786580581791,0.18227183335886535,0.0,0.0,0.0,0.8060521305062633,-0.4254301532573505,-0.10066849179479995
12.7167,-1.4448880763025458,-0.7473685506866952,1.0,-1.4494940042495728,-0.7690094113349915,0.9997971653938293,0.1463959311180576,0.16672263702425905,-0.020541952495724578,-0.9748588819867985,1.1210528260300427,2.7826678855461813,0.0,0.9803025126457214,2.902029275894165,-0.029737146571278572,-3.5586087196708367,1.1520885824085072,0.006130808993780157,-4.2398247294712395,2.2835525909915133,-0.07185717568457951,-2.269396366757259,0.9143327134887713,0.30783764393505936,-2.919228185323223,1.6543319289844571,0.11865234200437302,-0.1352648702635286,-0.7091406689496274,0.18145159866450392,0.0,0.0,0.0,0.8164808800639313,-0.42232333963337876,-0.10346361398614425
12.7333,-1.4267890263294052,-0.7007714663997548,1.0,-1.4394464492797852,-0.7399366497993469,1.000169277191162,0.14287812991911664,0.17201361936032605,-0.01999303194071867,-0.9744729011481358,1.0511571995996323,2.8098164605058917,0.0,0.9413431882858276,2.915586471557617,-0.027496792376041412,-3.535691442038701,0.9443048634850062,-0.001686493607771844,-4.262479397690834,2.0817764156135317,-0.0793918881798262,-2.338297583103187,0.8136885937924817,0.13446369735844196,-2.747726853559288,1.4061586515345408,0.12332014309774453,-0.10672066448642002,-0.7189933705004267,0.18103191125913262,0.0,0.0,0.0,0.8335086201385531,-0.41847818162809913,-0.10332651668707826
12.7501,-1.4097804913197634,-0.6535060894931624,1.0,-1.4206994771957397,-0.6813422441482544,1.0010173320770264,0.13462091560512565,0.17564249857851746,-0.019973433656161114,-0.9750015490690079,0.9802591342397435,2.8353292630203546,0.0,0.8489044308662415,2.9525704383850098,-0.028285475447773933,-3.7016644223751953,0.9984592318199191,-0.012029296967662084,-4.4883172433319185,2.141972985695807,-0.09019386538088793,-2.591351082004556,0.8344817767653758,0.08089630196469248,-2.7015618676302258,1.237389189249576,0.11079584979135705,-0.07650850838971529,-0.7289177782001722,0.18061956049458475,0.0,0.0,0.0,0.8631613293464386,-0.41459597567571593,-0.1024549920813589
12.7666,-1.3941136943110777,-0.6062981030709502,1.0,-1.4120049476623535,-0.651642382144928,1.001457929611206,0.13462091560512565,0.17564249857851746,-0.019973433656161114,-0.9750015490690079,0.9094471546064253,2.8588294585333833,0.0,0.8054388165473938,2.9716153144836426,-0.02562083676457405,-3.6172433975862543,0.7222503668188385,-0.019454199907536385,-4.466776674415792,1.871403877468079,-0.09940497508542524,-2.6216278400920334,1.1486914006327293,0.16071764002732242,-2.6779638817027043,1.2112039808715476,0.12553367471707,-0.04416804167699859,-0.7373333290842056,0.18074978489619717,0.0,0.0,0.0,0.893701318506536,-0.41182018156503497,-0.10079900971830831
12.7835,-1.3794304094736252,-0.558043410448823,1.0,-1.3958122730255127,-0.5917420387268066,1.0023717880249023,0.12163142153019511,0.1854753201405276,-0.02042676515874426,-0.9748782273902651,0.8370651156732345,2.880854385789562,0.0,0.7214609384536743,3.000288963317871,-0.02369437925517559,-3.5879772384290636,0.5161233736579515,-0.03566200114384177,-4.497421166587062,1.6630199099942944,-0.1153050019503119,-4.99416898253176,1.7052234573502723,0.11456653297272006,-3.3617499620237847,1.3570475597941338,0.12229597402164777,-0.024684063951267404,-0.739773537442602,0.1810358822764918,0.0,0.0,0.0,0.9341279921092651,-0.4071229988937409,-0.10139288147002168
12.8,-1.3661898374085932,-0.510272726155531,1.0,-1.3814177513122559,-0.5311088562011719,1.0032954216003418,0.12163142153019511,0.1854753201405276,-0.02042676515874426,-0.9748782273902651,0.7654090892332965,2.90071524388711,0.0,0.6376717686653137,3.026885986328125,-0.023494437336921692,-3.75907544805635,0.5144648235883301,-0.03187761147862833,-4.733798636612348,1.6565954558356535,-0.11091379142941214,-2.6144569185702538,1.0265083190233626,-0.0615467034156337,-3.1411353969097546,1.2594663344708448,0.06802225544829024,3.670137943891788e-05,-0.7408492591280902,0.18048199237601295,0.0,0.0,0.0,0.9746864871765591,-0.40128137311923334,-0.10144581242522914
12.8167,-1.354029065388283,-0.4617327383307372,1.0,-1.3748849630355835,-0.5006217360496521,1.0037739276885986,0.11315542687685112,0.19102545949682104,-0.020517633764133788,-0.9748252909485353,0.6925991074961058,2.9189564019175753,0.0,0.5916157960891724,3.0400619506835938,-0.022225188091397285,-3.7097706522180385,0.31684519157056856,-0.05170681238164665,-4.748411225360529,1.454633262894905,-0.1304321253751568,-2.7612280049743423,0.7899483983476036,0.07609624476479081,-3.028979791033774,1.1208560580893452,0.07040584466727093,0.028757551464104365,-0.7423350013178471,0.180137972284504,0.0,0.0,0.0,1.0098830216783865,-0.39545307000648927,-0.10141265929099387
12.8333,-1.3431013938999028,-0.412974388362641,1.0,-1.363150954246521,-0.43923890590667725,1.0046629905700684,0.106050095152286,0.19476509141327597,-0.020761874751254426,-0.9748789438866897,0.6194615825439616,2.9353479091501455,0.0,0.5023349523544312,3.061431884765625,-0.02951103448867798,-3.6411956999410493,0.11458345828263447,-0.012592401230542727,-4.738665534590548,1.2436763438548748,-0.08676692320600443,-5.359615852524009,1.28285791982138,-0.43737644287881605,-3.7170261547046506,1.168681968669896,-0.0795007676328788,0.04481607241168166,-0.7399923899877303,0.1770244505009712,0.0,0.0,0.0,1.0526537622378167,-0.3891004955845101,-0.1028499285255095
12.85,-1.3333881856089924,-0.3639202817894464,1.0,-1.3532172441482544,-0.3776283264160156,1.0055243968963623,0.09723463397596707,0.19924960565688818,-0.02117600968472245,-0.9748829056904498,0.5458804226841696,2.949917721586511,0.0,0.4109860062599182,3.0820155143737793,-0.02171136811375618,-3.819334456525983,0.1332115398541448,-0.03220412780198334,-4.971254360396808,1.25270507688826,-0.10221459487931442,-2.6220733155026674,0.5072586066335798,0.1733583436431769,-3.393776063516107,0.9734177029976899,-0.004852136338941097,0.06813999313388441,-0.7383532748757758,0.17536464191770704,0.0,0.0,0.0,1.0837799107369408,-0.3811402621583395,-0.10535417484037596
12.8667,-1.3249064556199992,-0.3146513800199298,1.0,-1.3489731550216675,-0.34675461053848267,1.0059967041015625,0.09216689691101719,0.20353341133953545,-0.021357030399076722,-0.9744861774054168,0.47197707002989475,2.962640316570001,0.0,0.36540746688842773,3.0902276039123535,-0.024980850517749786,-3.724580362513033,-0.08519153685840458,-0.04681141613824824,-4.925630069468579,1.0259149232703082,-0.11469310361755328,-2.735145362978224,0.492803387987524,-0.19620000464989842,-3.199336242561251,0.8315315727541417,-0.06134152443471504,0.09704998219889838,-0.737348390584766,0.17262789405415052,0.0,0.0,0.0,1.1039997247566478,-0.3737580695439468,-0.10474620657484549
12.8835,-1.3175985796665368,-0.26473497815715374,1.0,-1.3417489528656006,-0.2847384810447693,1.0068116188049316,0.08474007956272309,0.20784397500263108,-0.02178726542867594,-0.9742409670407803,0.3971024672357306,2.9736021305001943,0.0,0.2798497676849365,3.103423833847046,-0.0247581135481596,-3.6760999335589597,-0.27107212200375996,-0.052451550453420204,-4.92110280249633,0.8286463203624399,-0.11743780381407866,-5.086750676853729,0.784569152479907,0.013242612194707074,-3.7565354808775524,0.8176674079311664,-0.039322924086365146,0.1154933759149171,-0.7337257502033881,0.1704737814208164,0.0,0.0,0.0,1.1295094930224538,-0.3659926921628117,-0.10548752806015795
12.9,-1.3116528126938942,-0.21558168459286806,1.0,-1.336361289024353,-0.2225000560283661,1.0076943635940552,0.07632333811002934,0.21121951083151252,-0.022468569234854546,-0.9741951534164489,0.32337252688930207,2.9825207809591583,0.0,0.1826924830675125,3.1169052124023438,-0.027283238247036934,-3.8183772144481245,-0.26969317213908833,-0.06140122897810674,-5.102489480419359,0.81676961254132,-0.12341181750300441,-3.0098741241060463,0.3285415011196995,0.06465564725854223,-3.5361074012177416,0.6732685002168228,-0.008626549351730899,0.1388346490287603,-0.7298442595133824,0.16905457257019324,0.0,0.0,0.0,1.1452776169424739,-0.35661852516702586,-0.10704398404529557
12.9167,-1.3068816638867915,-0.16576880963955737,1.0,-1.334390640258789,-0.19128844141960144,1.008118987083435,0.07632333811002934,0.21121951083151252,-0.022468569234854546,-0.9741951534164489,0.24865321445933605,2.9896775041698125,0.0,0.13575850427150726,3.124789237976074,-0.02437141351401806,-3.7086609133620967,-0.49685147844946587,-0.06181952300315974,-5.027030447610727,0.5761284835138513,-0.12634268480785582,-2.813425396598542,0.47260254394740603,0.17454735065027868,-3.322758464597118,0.6140282422438859,0.045449733899120846,0.16765188224627167,-0.7248861887732155,0.1688354446146294,0.0,0.0,0.0,1.1507176520023592,-0.34809377319010154,-0.10431228280993332
12.9333,-1.3033595761490258,-0.11587500957584751,1.0,-1.3317822217941284,-0.1288444846868515,1.009000301361084,0.07002688343372922,0.21579734346608392,-0.022958779229884773,-0.9736532713851445,0.17381251436377126,2.994960635776461,0.0,0.044812534004449844,3.1266133785247803,-0.026812266558408737,-3.9106364236309195,-0.4682312104839513,-0.07915568050160804,-5.270115160974681,0.5923977715777644,-0.14544499439651465,-2.4445022378562338,-0.1515593496632491,0.14834008533167461,-3.0634811740904286,0.38801279204681344,0.07582484622563361,0.20181385692236758,-0.7214782602223658,0.1693090572867259,0.0,0.0,0.0,1.157664880421394,-0.33915072183934986,-0.10301974339181928
12.95,-1.3010886909123964,-0.06598165200784205,1.0,-1.331214427947998,-0.09756870567798615,1.0093920230865479,0.0618075472827484,0.21861440194205964,-0.023845843950493526,-0.9735600004093898,0.09897247801176307,2.998366963631405,0.0,-0.004773379769176245,3.130537748336792,-0.02597680874168873,-3.762511085264154,-0.6721274158962245,-0.059150494339783144,-5.1752407269522,0.37460046889482834,-0.12957701619054635,-2.978864998773597,0.2357558222807872,0.05018998055658999,-3.0385009325604586,0.3430637516873863,0.06825696533757297,0.2377458533116924,-0.7169703244374076,0.1697916128118118,0.0,0.0,0.0,1.1749837883763543,-0.3297575603536453,-0.09936509096104859
12.9666,-1.3000638747309856,-0.01598420607857158,1.0,-1.3314502239227295,-0.03504033014178276,1.0102444887161255,0.05276478815241023,0.22265586851412533,-0.025049094328631043,-0.9731459076227703,0.02397630911785737,2.999904187903521,0.0,-0.09547358006238937,3.131767511367798,-0.022329455241560936,-3.663766492343894,-0.8451139026269157,-0.0856384749695076,-5.121142058119762,0.18748428053159016,-0.16003775198912423,-5.441238831304084,0.07377529857684331,0.21881011764285205,-3.747833076433528,0.2635648783957783,0.11270300764097743,0.2595892948617127,-0.7113996827929338,0.1711794004415618,0.0,0.0,0.0,1.197786270914156,-0.3211985003655721,-0.09678012342194518
12.9833,-1.300289489049545,0.03402752406907623,1.0,-1.3323132991790771,-0.0037876449059695005,1.0107014179229736,0.05276478815241023,0.22265586851412533,-0.025049094328631043,-0.9731459076227703,-0.051041286103614344,2.999565766425682,0.0,-0.14797097444534302,3.1312108039855957,-0.020091837272047997,-3.7946588170274858,-0.861904850815089,-0.10170568529074675,-5.280801283985054,0.15466659437300367,-0.1802905822102925,-3.1485855211416642,-0.03338910099666824,0.13420345187536642,-3.5709242453337495,0.17589863608769096,0.1190503317544303,0.2847902408287282,-0.7046558715128066,0.17286452792330514,0.0,0.0,0.0,1.201352226128841,-0.31191557367528616,-0.09427963100375938
13.0,-1.3017646030364862,0.08399582324181146,1.0,-1.3354870080947876,0.05866418778896332,1.0115058422088623,0.04843162851015671,0.22596304742307816,-0.025559239783006914,-0.972595469781218,-0.1259937348627172,2.9973530954452703,0.0,-0.23738723993301392,3.1259608268737793,-0.025478191673755646,-3.695502024634078,-1.0181052578872456,-0.07379312023520246,-5.202290884891171,-0.017769652941369785,-0.15589790420143157,-5.366209274707035,-0.31507104122251,-0.3232555597089671,-4.100925199418029,0.030955413622512085,-0.011526451673955287,0.30001039792717665,-0.6986109717420684,0.17216364917964433,0.0,0.0,0.0,1.2067784623299156,-0.3017246332038073,-0.09005886521341522
13.0167,-1.3044892195762345,0.13392805984010805,1.0,-1.3405150175094604,0.12091576308012009,1.0123424530029297,0.040841613296072374,0.22921948152642385,-0.026485458925882298,-0.9721568896756136,-0.2008920897601621,2.993266170635648,0.0,-0.3330022394657135,3.117920398712158,-0.02447744831442833,-3.5529542298238224,-1.168111539439533,-0.08439214912002857,-5.0616179942785475,-0.18271335752769657,-0.16961417539133317,-5.735510640427905,-0.48230885844226423,0.06003006028145648,-4.583484697822543,-0.12056958070480514,0.009598338533063036,0.3056030532780733,-0.6930537982940039,0.17193796249766297,0.0,0.0,0.0,1.2030607111766523,-0.29234438361783244,-0.08671593622635836
13.0333,-1.3084612240690061,0.18377514511837403,1.0,-1.3475464582443237,0.1829829066991806,1.0131971836090088,0.03128322435269585,0.22967992530969325,-0.027508531526635748,-0.9723743674139299,-0.27566271767756106,2.9873081638964907,0.0,-0.38533616065979004,3.115591526031494,-0.02245458960533142,-3.6815722394492822,-1.2075792445937767,-0.09894066807934454,-5.178334089972381,-0.2396626013169778,-0.1872690069825991,-3.139409531028762,-0.13970451522476007,0.12134733584576439,-4.157167314427831,-0.12621856311483315,0.04258868503774526,0.3190108518161401,-0.6848695530062914,0.17248484238710823,0.0,0.0,0.0,1.1777509987069585,-0.28304709027050756,-0.08415650348385367
13.05,-1.3136782770946906,0.23350805792195808,1.0,-1.3517975807189941,0.2139168679714203,1.0136538743972778,0.025580681992186983,0.23178761544673818,-0.02762346598252497,-0.9720376562411763,-0.35026208688293714,2.9794825843579638,0.0,-0.4800392687320709,3.1013782024383545,-0.017565110698342323,-3.534584933232873,-1.341863765211814,-0.13330320648058436,-4.992217257736538,-0.38939245631249264,-0.22821468379573256,-5.681541701829417,-0.8527026447155751,0.293335444588274,-4.60719049541905,-0.34068994235306316,0.11661371149369147,0.3234167533647719,-0.6787927009632129,0.1746818155246122,0.0,0.0,0.0,1.134215571138893,-0.2736786079361085,-0.07977033820946401
13.0666,-1.32013190629574,0.28305888350634817,1.0,-1.3617475032806396,0.27543210983276367,1.014569640159607,0.01851641710313965,0.23284323595125414,-0.02772297469185921,-0.9719426993914813,-0.4245883252595223,2.9698021405563897,0.0,-0.5704847574234009,3.083796501159668,-0.018959933891892433,-3.4051741725482234,-1.4656406319885815,-0.12999842381450666,-4.816668311521042,-0.5257576456104927,-0.2325544138103473,-5.430385567866243,-1.0556128145666925,-0.08374577714792865,-4.850212726795198,-0.5517482412696258,0.057463928365957685,0.3219631716564458,-0.674521272091036,0.17602084624802825,0.0,0.0,0.0,1.0895309673163731,-0.2653617142870529,-0.07346485625218759
13.0833,-1.3278226241969378,0.33244006733627557,1.0,-1.36738121509552,0.30599167943000793,1.01503586769104,0.01851641710313965,0.23284323595125414,-0.02772297469185921,-0.9719426993914813,-0.4986601010044134,2.958266063704593,0.0,-0.6166309118270874,3.0724737644195557,-0.016616910696029663,-3.565049836632406,-1.4834796797704364,-0.14688864482045805,-4.924850588752184,-0.5578657423770197,-0.2586090727990972,-2.7701588664662946,-0.6797051667382281,0.14065194736653786,-4.236142808936052,-0.5895234644071599,0.08202255204817037,0.33114155460051853,-0.6684973978711901,0.17810995150160178,0.0,0.0,0.0,1.028659197519259,-0.2571165395222265,-0.06638952352296265
13.1,-1.3367580328662945,0.38168177646434637,1.0,-1.3801195621490479,0.3668993413448334,1.016021490097046,0.00900527477694387,0.2310925296210965,-0.02856270850159027,-0.9724707994033227,-0.5725226646965196,2.944862950700558,0.0,-0.7126737833023071,3.057940721511841,-0.015464888885617256,-3.3921252857350828,-1.6455771140989413,-0.15926341817098777,-4.684954033588645,-0.7344226500264549,-0.280438123388903,-5.757389092156414,-0.8711982620626573,0.06905913685541962,-4.6852425163988904,-0.6726790130004798,0.0781955149437909,0.33061014356344115,-0.6622397684799899,0.18043591406392118,0.0,0.0,0.0,0.9622186042901212,-0.2489146955924965,-0.05926120884600593
13.1167,-1.346909628127908,0.4306251261834757,1.0,-1.3947314023971558,0.4274108409881592,1.0169585943222046,0.0022171876494762894,0.2295615874957868,-0.028893561262400752,-0.9728626808007771,-0.6459376892752136,2.9296355578081377,0.0,-0.8033466339111328,3.033153533935547,-0.014896837063133717,-3.2426391118897375,-1.7561280695456885,-0.16792244721862293,-4.4607890750586945,-0.8569799849181683,-0.2953204655924647,-5.441232437691361,-1.4874667353420894,0.0340885058982173,-4.908424558808601,-0.9132192409596915,0.06517431970544008,0.3238257180544887,-0.6584538527958345,0.18283414464659947,0.0,0.0,0.0,0.8943242451144683,-0.24069423183168565,-0.05543612627275765
13.1333,-1.3582895750025497,0.47933352214947483,1.0,-1.402687668800354,0.4574231505393982,1.017406940460205,-0.003379955979618949,0.22761636292303924,-0.029191497334524304,-0.9733073721994154,-0.7190002832242123,2.9125656374961753,0.0,-0.8437539339065552,3.015056610107422,-0.01844300888478756,-3.429344080660289,-1.7657141623997894,-0.1494676516831328,-4.56544795385537,-0.8800270474524513,-0.2824289153499563,-2.423296348194115,-1.0853041265120535,-0.21267011719308532,-4.174769288978145,-0.9640218444649826,-0.016850436382808455,0.3292579261931115,-0.6532993304531572,0.18389904739054003,0.0,0.0,0.0,0.8068459470019692,-0.23238778449418085,-0.050937783723716545
13.15,-1.3708742532005516,0.5277062184923269,1.0,-1.4199072122573853,0.5169803500175476,1.0182002782821655,-0.010840959690411442,0.2244902468752892,-0.029897035578596683,-0.9739572766034534,-0.7915593277384904,2.8936886201991725,0.0,-0.9335673451423645,2.992486000061035,-0.02494659461081028,-3.273511011621791,-1.9081349675204802,-0.11501935426529375,-4.324497955304711,-1.0353188815497538,-0.25151774706951413,-5.390120621565934,-1.3545673076923077,-0.39031043419471156,-4.533563216003755,-1.0793180034242242,-0.12710265367095586,0.32619664873467213,-0.6486837146846848,0.18291178177711756,0.0,0.0,0.0,0.7247902949482479,-0.22413237128604171,-0.04641338897289716
13.1667,-1.3846685470510798,0.5757650782607254,1.0,-1.4388763904571533,0.5759721398353577,1.0188566446304321,-0.01841100783501376,0.2199065979756233,-0.030366972939493128,-0.9748743920270505,-0.8636476173910881,2.87299717942338,0.0,-1.016782522201538,2.9604804515838623,-0.03170933574438095,-3.148934589380663,-2.003050857258575,-0.0783533293929759,-4.119532259897332,-1.1396767721941472,-0.20926320805589882,-4.992629704329914,-1.9202248637514483,-0.4057416382368508,-4.669088033968689,-1.3275690783106602,-0.2093619747529972,0.3182113886444894,-0.6468905157045566,0.18023931889941397,0.0,0.0,0.0,0.6523862818721787,-0.21648356935987104,-0.04932944023649104
13.1833,-1.399660561580896,0.6234661328323817,1.0,-1.4490011930465698,0.6052448153495789,1.0191570520401,-0.01841100783501376,0.2199065979756233,-0.030366972939493128,-0.9748743920270505,-0.9351991992485726,2.8505091576286556,0.0,-1.059558629989624,2.9483258724212646,-0.030287358909845352,-3.311369164788346,-2.0799333195924956,-0.0890257587017027,-4.203255830964532,-1.231942332240696,-0.21559048042637874,-2.5667157837513055,-0.7293171771505415,0.08532357369708587,-4.048429319488959,-1.1509541825086915,-0.12236541472045731,0.31998564033888927,-0.6394095869832569,0.17906863518960567,0.0,0.0,0.0,0.571901025837297,-0.20858140036854284,-0.05250391346492965
13.2,-1.4158441982988033,0.6707882787554661,1.0,-1.4704219102859497,0.6632291674613953,1.0196833610534668,-0.023731963165817115,0.215603236155267,-0.030139379957534324,-0.9757272756535169,-1.006182418133199,2.8262337025517947,0.0,-1.132824420928955,2.9061782360076904,-0.038223616778850555,-3.2341653243867263,-2.132360078741241,-0.044696008750272576,-4.05349599635173,-1.293650334523644,-0.16313040895805486,-4.395008581235698,-2.5283180778032035,-0.47607377181064076,-4.150745852176652,-1.5575771792381676,-0.22678658665593682,0.318189600776172,-0.6381215819450322,0.1756647849846473,0.0,0.0,0.0,0.5011410711888312,-0.20058816227256462,-0.057230384776865
13.2167,-1.4332019360370756,0.7176802828448596,1.0,-1.4933961629867554,0.720443606376648,1.0200533866882324,-0.02954148476455875,0.21112515457440875,-0.0296463882705023,-0.9765626683378514,-1.0765204242672894,2.8001970959443865,0.0,-1.2122746706008911,2.8721559047698975,-0.043184004724025726,-3.4092223414158496,-2.19829174722399,-0.035002266940048266,-4.176542948168942,-1.3728934023425925,-0.1422090668465688,-2.37452079876409,-1.0441151227327345,-0.11328639068490015,-3.6263717513656566,-1.4059937953289534,-0.19327925429969162,0.3249836768368369,-0.6319909245897968,0.1725709012018721,0.0,0.0,0.0,0.44233692991625584,-0.19340742029160077,-0.06536410129535156
13.2333,-1.4517300456419593,0.764132302561099,1.0,-1.5054694414138794,0.7487849593162537,1.0201798677444458,-0.03663065844107602,0.20517794975829418,-0.02939595169665061,-0.9775971205877029,-1.1461984538416485,2.7724049315370607,0.0,-1.2491031885147095,2.852996349334717,-0.047379277646541595,-3.298332823674639,-2.30663920677173,0.006419838262352151,-4.050141495875234,-1.497082192005729,-0.08715260220003954,-2.2087336993822926,-1.1490648592999313,-0.2516050388927019,-3.2078590874686874,-1.3301436773815114,-0.21049809196403785,0.3393760933661015,-0.6227034938616618,0.1687691632222866,0.0,0.0,0.0,0.4124325788344941,-0.18685352090433952,-0.07519672275989492
13.25,-1.4714060011896881,0.8100888763061213,1.0,-1.5307888984680176,0.8048996925354004,1.0203644037246704,-0.0422725356815095,0.20076692908177282,-0.028948310018616457,-0.9782984020000756,-1.2151333144591818,2.7428909982154677,0.0,-1.3273248672485352,2.8164851665496826,-0.04915094003081322,-3.1691337934516746,-2.418762311974307,0.01544831985673678,-3.9163171064619506,-1.6214576744093185,-0.0635791084648505,-4.693305199914169,-2.19067305629068,-0.10629984443172877,-3.646389930179342,-1.5841876784049171,-0.17973686480373996,0.3435154611032691,-0.6167073396124023,0.16503382853873166,0.0,0.0,0.0,0.40366785190700705,-0.180597297952586,-0.08600640021714438
13.2667,-1.492236984110536,0.8555658235239594,1.0,-1.5575852394104004,0.8601875305175781,1.0204464197158813,-0.04712741008805513,0.1987456715943116,-0.02814393741478605,-0.9785127187247534,-1.283348735285939,2.7116445238341957,0.0,-1.398127555847168,2.775773286819458,-0.05515085160732269,-3.0758240344433307,-2.5134245296815854,0.05035584094863221,-3.8111517293398167,-1.7270938460969911,-0.010872541633834193,-4.246160885355601,-2.44156252680946,-0.35982517551259685,-3.823453278491462,-1.8373004043662657,-0.23290222569823804,0.3423987057123519,-0.6137668125586014,0.15973031971389864,0.0,0.0,0.0,0.392928989184134,-0.17256387102599288,-0.09850193713143224
13.2834,-1.5142116421652716,0.9005331426560294,1.0,-1.5715104341506958,0.887514054775238,1.0204792022705078,-0.04712741008805513,0.1987456715943116,-0.02814393741478605,-0.9785127187247534,-1.350799713984044,2.6786825367520923,0.0,-1.4313275814056396,2.7539515495300293,-0.053523093461990356,-3.2711778807758005,-2.5930212581623406,0.03974186100682342,-3.999498327272995,-1.8222685860602528,-0.0048954845466538666,-1.9894421030073577,-1.3076219729980714,0.09754000285734696,-3.282019658256167,-1.6809296502019493,-0.13534964015401768,0.3503617707390967,-0.60563521252958,0.1557642610468202,0.0,0.0,0.0,0.3779586757580977,-0.16511745957250784,-0.11112691549334291
13.3002,-1.537496947665429,0.9452951869714145,1.0,-1.6002999544143677,0.9414598941802979,1.0205659866333008,-0.05329197673865254,0.19649011977597838,-0.027676318130557664,-0.9786652481695144,-1.4179427804571216,2.643754578501856,0.0,-1.4916119575500488,2.704279899597168,-0.04963616281747818,-3.231360667875427,-2.6511281737765695,0.015294517430866073,-3.9688111667953416,-1.8903786796136457,-0.015066427343865416,-3.5840987696320235,-2.95313828882463,0.23109044551227534,-3.371198933200617,-2.0565088931813573,-0.027169829238055068,0.35624575583940826,-0.6031200059467001,0.15349861756023644,0.0,0.0,0.0,0.38120474308050656,-0.15762948821622366,-0.12313767278550496
13.3167,-1.5614208574332504,0.9886063751725791,1.0,-1.6304229497909546,0.9944548606872559,1.0207364559173584,-0.06040869864902774,0.19142877322693394,-0.02774800991987463,-0.9792527330909078,-1.4829095627588686,2.607868713850124,0.0,-1.5636560916900635,2.6612586975097656,-0.041726306080818176,-3.102934620132756,-2.754281644413436,-0.03370077790081272,-3.8454816869539328,-2.00114630557438,-0.05630084892634918,-4.369469026548672,-2.6092313031407253,0.4797319646885303,-3.6659065106892843,-2.2196826510132768,0.12247684525235095,0.35584070685684926,-0.6020661154318289,0.15394892775464747,0.0,0.0,0.0,0.3867063599643273,-0.1510692234072273,-0.131348856729111
13.3333,-1.5866722676772311,1.031750009282151,1.0,-1.6460435390472412,1.0206166505813599,1.0208426713943481,-0.06619384356426189,0.18694642954602003,-0.027315035345122217,-0.9797567672522496,-1.5476250139232266,2.569991598484153,0.0,-1.6004770994186401,2.6343045234680176,-0.04473470151424408,-3.2606504330297796,-2.8317977373513794,-0.016876068780256936,-3.9929585795799376,-2.0912425400191004,-0.03661506562798811,-2.209799965659341,-1.6176453754578755,-0.1805478050595238,-3.23603724453513,-2.041950243502448,0.033018429931852424,0.3631175943560601,-0.59551905980298,0.15261738054795027,0.0,0.0,0.0,0.36919055219409763,-0.145036137529299,-0.1328783837002191
13.35,-1.612977562769664,1.0742231128966728,1.0,-1.678358554840088,1.0721908807754517,1.0210715532302856,-0.07017027228071922,0.18678338446255563,-0.026763923153993847,-0.979526392578289,-1.6113346693450092,2.5305336558455034,0.0,-1.6679342985153198,2.5845141410827637,-0.03794471174478531,-3.147840937817064,-2.9108393744395817,-0.059462178057153814,-3.875847101892509,-2.1790383778288067,-0.0820751438001833,-4.051028735879043,-2.990077745801297,0.407761425626047,-3.47663762882822,-2.3218548116296356,0.1436494116449112,0.3656567928702298,-0.592787988966157,0.15342035185921687,0.0,0.0,0.0,0.3623493712052154,-0.13901300764461802,-0.1308073861161874
13.3667,-1.6403642689713713,1.1160686539335605,1.0,-1.6949691772460938,1.0975456237792969,1.0212289094924927,-0.07017027228071922,0.18678338446255563,-0.026763923153993847,-0.979526392578289,-1.6741029809003407,2.4894535965429427,0.0,-1.724157691001892,2.524078845977783,-0.03599780052900314,-3.3588409675955497,-2.9820105504762826,-0.06100361075565619,-4.0937285909659735,-2.2629292138473334,-0.08634445261059112,-1.5694668936218907,-1.8668306847277252,0.00046957023930425826,-2.9136059693853564,-2.187523372641607,0.10138010548515435,0.37886932243657695,-0.5855582510048045,0.15355647729862296,0.0,0.0,0.0,0.356018300933847,-0.1335230856241449,-0.12821563544368803
13.3833,-1.6687940761179973,1.157223934202997,1.0,-1.7290722131729126,1.1474061012268066,1.0215719938278198,-0.07748501589046679,0.18722840249927006,-0.02630806284049998,-0.9789022820455398,-1.7358359013044957,2.4468088858230037,0.0,-1.7563767433166504,2.5005850791931152,-0.030975814908742905,-3.262205484100728,-3.0569650112089075,-0.10520487823570424,-4.013022272986123,-2.3466097785050577,-0.1356747106236522,-3.7350800686302543,-3.1671718615956532,0.4174555869316557,-3.1561201380170116,-2.476733512155843,0.1946913646938234,0.38787564179981526,-0.5824464007487898,0.15571846326921987,0.0,0.0,0.0,0.3629411470855797,-0.12790883195506011,-0.12524863088127192
13.4001,-1.698372710766883,1.1978272105707806,1.0,-1.7644439935684204,1.196260929107666,1.0220566987991333,-0.08265390012348676,0.18419069473462768,-0.02628243755660531,-0.9790563709236955,-1.7967408158561708,2.4024409338496753,0.0,-1.8193303346633911,2.4456686973571777,-0.027814526110887527,-3.153289192244206,-3.1262633290467234,-0.1273349554406673,-3.9165316243653674,-2.4203099774191803,-0.16493148998125778,-3.758829558557661,-3.2789442965535893,0.18875405711275928,-3.3340509750126497,-2.7135607981584045,0.19293856297645245,0.39330686841696083,-0.5823629564155147,0.1582078442113603,0.0,0.0,0.0,0.36993556370420083,-0.12359039521202854,-0.12061130967076984
13.4167,-1.7286904881149316,1.237330359224855,1.0,-1.80113685131073,1.2439830303192139,1.022505283355713,-0.08583819462725002,0.18243252314392755,-0.026149717130644488,-0.9791151657773681,-1.8559955388372824,2.3569642678276024,0.0,-1.8859918117523193,2.3892011642456055,-0.026696650311350822,-3.2956038925628346,-3.2485088023092996,-0.12044277695620398,-4.072377155594026,-2.5547866584522487,-0.1642226228580266,-2.0564045847576917,-1.6238401654649393,-0.08757895313263049,-2.9568664083626115,-2.3918553499630955,0.11012466504790633,0.40571878357051305,-0.5741641898772253,0.15944982570442032,0.0,0.0,0.0,0.37105447946067854,-0.11955795397982555,-0.11566997980259769
13.4333,-1.7600991801322723,1.2762074537357555,1.0,-1.8199529647827148,1.2674047946929932,1.0227422714233398,-0.09108741602188783,0.1834105196901986,-0.025898226885580036,-0.9784646291706026,-1.9143111806036333,2.309851229801591,0.0,-1.912835955619812,2.357311725616455,-0.026242947205901146,-3.187988269288721,-3.2914034936043204,-0.14168951928147866,-3.9839628664960687,-2.605701046880152,-0.1934146988761556,-3.5638434897100497,-3.685791567678965,0.18159975903054068,-3.136057136830801,-2.7738489714177432,0.13122541918123962,0.4148985773417742,-0.5717892070511968,0.16140805674361902,0.0,0.0,0.0,0.38107601986557355,-0.11391323967297179,-0.1096828771489421
13.45,-1.7924493040278595,1.314264394661103,1.0,-1.858426809310913,1.3133137226104736,1.023285150527954,-0.0983414997799161,0.18442061106161067,-0.02635265420622444,-0.9775599892141646,-1.9713965919916545,2.2613260439582104,0.0,-1.9721341133117676,2.296320676803589,-0.017734788358211517,-3.0702070281884044,-3.3414805412170105,-0.19622816167996238,-3.87871873687086,-2.659064425736668,-0.2585772929259908,-3.5619181966602698,-3.663606679460373,0.5110675778005328,-3.2617791053896057,-3.0365217094236163,0.2433617669899968,0.42128112633264164,-0.5730190485306959,0.1659670883953013,0.0,0.0,0.0,0.387230582349814,-0.10939706694964677,-0.10361795714927287
13.4667,-1.8258180130697443,1.3515870188080248,1.0,-1.8781253099441528,1.3358309268951416,1.0236294269561768,-0.0983414997799161,0.18442061106161067,-0.02635265420622444,-0.9775599892141646,-2.027380528212037,2.2112729803953832,0.0,-2.003530979156494,2.2677083015441895,-0.012594939209520817,-3.210128099537944,-3.4798105704952884,-0.22957719818575928,-4.035245659773872,-2.808967807598165,-0.30461026972937505,-1.881633469551053,-1.7147572371617181,0.3080343189173549,-2.8543348880081245,-2.6463126785946454,0.2624542863748047,0.43499358781180597,-0.5649096341670128,0.17148149985432068,0.0,0.0,0.0,0.3901239724241214,-0.105933128730111,-0.09644842831070491
13.4833,-1.8600206154318415,1.387969514081166,1.0,-1.9185067415237427,1.3800181150436401,1.0243465900421143,-0.10143062143138569,0.18349640443075163,-0.02675937129435457,-0.9774071647414642,-2.081954271121749,2.1599690768522377,0.0,-2.065437078475952,2.2010178565979004,-0.013673864305019379,-3.0573102794846676,-3.5082430254962516,-0.22750010973991497,-3.8918784209633515,-2.844161893501357,-0.316185861876058,-3.718518624600799,-4.005900296446933,-0.06480788010010455,-3.1094577222124093,-3.0476877933163635,0.16584051328054603,0.4437663052284665,-0.563040268454825,0.1756936186405764,0.0,0.0,0.0,0.39080183625021736,-0.10104086354006941,-0.08700786650443333
13.5,-1.8951743206098095,1.423539535989742,1.0,-1.9602237939834595,1.4230279922485352,1.025078296661377,-0.10549262668956635,0.1829645559835707,-0.026847711088833496,-0.9770744575193192,-2.135309303984613,2.1072385190852856,0.0,-2.1283130645751953,2.1336660385131836,-0.008741332218050957,-2.8871877060795685,-3.5377387626689725,-0.261589873448977,-3.727726766932509,-2.8758597636680783,-0.36545323630461396,-3.7721310771959433,-4.040650522792614,0.2959183422610959,-3.305091008649444,-3.3408285399844617,0.20424186589972865,0.4479123727081848,-0.5654892342441022,0.18117959811435216,0.0,0.0,0.0,0.39262668814475565,-0.09638976475679198,-0.07731623525871521
13.5167,-1.931285144846191,1.4582934016449804,1.0,-1.981552004814148,1.444077968597412,1.025455117225647,-0.1118577201428445,0.1826297703949585,-0.026472477696541017,-0.9764391780717144,-2.1874401024674706,2.0530722827307133,0.0,-2.155996799468994,2.1009128093719482,-0.009569765999913216,-3.0256937907831123,-3.6756560030877528,-0.25935413433539,-3.8730134157169562,-3.024717613881289,-0.3768858181706175,-1.6566178253984107,-1.9599805966529227,-0.049574169650882426,-2.818431594901426,-2.93317698859459,0.1293107330697102,0.4603599497398388,-0.5584341602879863,0.185764002717728,0.0,0.0,0.0,0.3869596751940053,-0.09250422891847775,-0.06823231888250052
13.5333,-1.968063366403022,1.4919600544526486,1.0,-2.0251290798187256,1.4852683544158936,1.0262163877487183,-0.11571685154571797,0.18237571182631288,-0.026192285447640542,-0.9760444306885615,-2.237940081678973,1.9979049503954667,0.0,-2.215735912322998,2.037332534790039,-0.004525898490101099,-2.8525653907917814,-3.7384357791229132,-0.2942950330754366,-3.7010442393839744,-3.0954279348473066,-0.4275544909087971,-3.594789245645749,-3.8259303893718974,0.3035137251710855,-3.0476265633175337,-3.1967341098496664,0.18073864034207,0.4678819218018307,-0.5549947725488099,0.19185089624541207,0.0,0.0,0.0,0.3805969267903624,-0.08801307172679664,-0.05859143841205157
13.55,-2.005788832775849,1.524800791786357,1.0,-2.0473644733428955,1.5053952932357788,1.026624321937561,-0.11571685154571797,0.18237571182631288,-0.026192285447640542,-0.9760444306885615,-2.2872011876795355,1.9413167508362261,0.0,-2.2414205074310303,2.001117467880249,-0.002773037413135171,-2.985899455595759,-3.8706737520111036,-0.3077395247695245,-3.8444885012634575,-3.2431378937452253,-0.4578921420102759,-1.540768603669961,-2.172471002159642,0.10515070619663468,-2.6027745519566974,-2.89435291943861,0.15842370062003294,0.48306975440255334,-0.5438928681516592,0.19806755731603556,0.0,0.0,0.0,0.3755192912651449,-0.08364299011421922,-0.047914940075284164
13.5667,-2.0443092646707077,1.5566761953624724,1.0,-2.0926733016967773,1.5446962118148804,1.0273914337158203,-0.12001470793398755,0.1806056969711812,-0.02591403195377158,-0.9758619348345093,-2.3350142930437086,1.8835361029939377,0.0,-2.296556234359741,1.9354546070098877,-0.006549027748405933,-2.8205445787952064,-3.9320280092830564,-0.28983233224276095,-3.694083051453302,-3.317251743321989,-0.4544333258042409,-3.3076262944104355,-3.9391555580982893,-0.22652399117780622,-2.8108596692925545,-3.202797754804229,0.044780106100327066,0.4938773893899021,-0.5371231376403854,0.20255793750851467,0.0,0.0,0.0,0.3796610832681936,-0.07765312832068201,-0.037956943947034756
13.5833,-2.0836224095927123,1.587584819011243,1.0,-2.139206886291504,1.5827726125717163,1.0281037092208862,-0.12385415149025038,0.17744016044918332,-0.025796568686971777,-0.9759660796971797,-2.3813772285168646,1.8245663856109313,0.0,-2.3553221225738525,1.8650681972503662,-0.006715720519423485,-2.6206433495405674,-3.9688309117268705,-0.29333067757827624,-3.500928393267773,-3.361323585554049,-0.4718293918879682,-3.5246961246961246,-4.221678821678822,-0.009998000232375232,-3.021597238109749,-3.5035900683960453,0.028608607901293322,0.4994261622106468,-0.5346160756910563,0.2070875131549427,0.0,0.0,0.0,0.38085888151655867,-0.07289125048176535,-0.02858879884525077
13.6,-2.1236850631927293,1.6174928653456582,1.0,-2.162919521331787,1.6013084650039673,1.0284353494644165,-0.12896041077473921,0.17594607574289636,-0.025545710644634873,-0.9755817004387604,-2.426239298018487,1.7644724052109053,0.0,-2.409557819366455,1.795425534248352,-0.007074068766087294,-2.714544276897616,-4.118100488588897,-0.2841238706430227,-3.5970264144985014,-3.5271032048585975,-0.47362958542647854,-1.662674565018315,-2.2151084592490844,-0.11815506372696315,-2.6204184272349966,-3.123206747087824,-0.014718710443828557,0.511163550353515,-0.5229602410347625,0.2110815301792301,0.0,0.0,0.0,0.3713185872473702,-0.06803704269553748,-0.021575815395774238
13.6167,-2.1644992550966986,1.6464015483241166,1.0,-2.2110981941223145,1.6373168230056763,1.0291255712509155,-0.13425335425635102,0.17644240229931674,-0.025251904963665462,-0.974785420029844,-2.4696023224861747,1.7032511173549518,0.0,-2.4333903789520264,1.7583192586898804,-0.0040367706678807735,-2.5431084981947047,-4.166782798380569,-0.31643248517722444,-3.428449725484252,-3.5894602179460935,-0.5166602767594435,-3.0207925181255275,-4.188934490697708,0.27876776690464616,-2.738616176723658,-3.4378290558944116,0.07192386188343361,0.5196546001626831,-0.5157296636066057,0.21703626866567483,0.0,0.0,0.0,0.36568662712686406,-0.06159291682787013,-0.01680847708345584
13.6333,-2.2059780576072954,1.6742508741414155,1.0,-2.2603530883789062,1.6720569133758545,1.0298864841461182,-0.1385455326738728,0.17465054352285525,-0.025787970729875542,-0.9744933845165121,-2.511376311212123,1.6410329135890567,0.0,-2.477970838546753,1.6853200197219849,0.002414942253381014,-2.393156384939609,-4.199174856336537,-0.3599427443137211,-3.276457732789873,-3.6309203252443023,-0.5750987592152479,-2.676974616673109,-4.383470056836891,0.3874134964351673,-2.720418461539992,-3.716999563374044,0.1650621683809209,0.5268880031636753,-0.5123786722492477,0.2252056442699381,0.0,0.0,0.0,0.3564133446865886,-0.05587585884298681,-0.010049629368411372
13.65,-2.2482003857536843,1.7010930519731429,1.0,-2.285386323928833,1.6889619827270508,1.0302915573120117,-0.1385455326738728,0.17465054352285525,-0.025787970729875542,-0.9744933845165121,-2.5516395779597145,1.5776994213694733,0.0,-2.503798007965088,1.6487877368927002,0.000485516240587458,-2.470097869976318,-4.370489103889288,-0.3514021816613786,-3.348185716547884,-3.821404852845483,-0.5830956120355466,-1.5482363366110221,-2.189965412760119,-0.11566143441521928,-2.3743688736426503,-3.266191171668585,0.08218742989559559,0.5389771254863633,-0.4985309936103698,0.23223110781292966,0.0,0.0,0.0,0.3391107210852028,-0.05055325743343573,-0.0005376774387615864
13.6666,-2.2910142397591455,1.726831704489811,1.0,-2.336254596710205,1.7216382026672363,1.0310238599777222,-0.14316187304000397,0.16928776139617188,-0.027015961308088986,-0.9747391849370276,-2.5902475567347163,1.5134786403612814,0.0,-2.560206413269043,1.573026180267334,-0.00030594924464821815,-2.2259388814996948,-4.393757793766904,-0.3513478758785391,-3.0930212621693873,-3.859239265980665,-0.596686843653651,-3.3882881979749953,-4.550775487991751,-0.04754102067374995,-2.673696390147494,-3.645423940902254,0.04388922016918214,0.5439078164084216,-0.490329556250692,0.23887443047090673,0.0,0.0,0.0,0.3231745642612711,-0.04418897153554638,0.006464537304205137
13.6833,-2.334515829974395,1.7515251403933572,1.0,-2.3881781101226807,1.7528281211853027,1.031760573387146,-0.15365617127941858,0.16470110261883225,-0.029119931985752787,-0.97386623941067,-2.6272877105900356,1.448226255038407,0.0,-2.601160764694214,1.4947758913040161,-0.000580028397962451,-2.0615705303053025,-4.403834746706421,-0.3544463645729161,-2.915040647338348,-3.8791611628251514,-0.6136878032864124,-2.4556124199451053,-4.69186728042086,-0.0164337158203125,-2.6093140161029096,-3.954353141149421,0.026080786909557688,0.547865440268328,-0.486685992789457,0.24547850562942555,0.0,0.0,0.0,0.3056046767647176,-0.03798759109181262,0.013762933084070623
13.7,-2.37859978347152,1.7751117263376044,1.0,-2.4409499168395996,1.7824923992156982,1.0323737859725952,-0.15365617127941858,0.16470110261883225,-0.029119931985752787,-0.97386623941067,-2.6626675895064067,1.38210032479272,0.0,-2.644686460494995,1.4168254137039185,-0.006869664415717125,-2.1337989661550276,-4.571391024269879,-0.33805179231561855,-2.972431052997516,-4.06610165273221,-0.6082747928563306,-1.292523431351506,-2.394676969306718,-0.1907848189212635,-2.220573367777518,-3.4939082281610268,-0.03794190370382333,0.5569440529337931,-0.4725309248528108,0.2510874274456766,0.0,0.0,0.0,0.281688033908695,-0.032758446684857966,0.019135573095035496
13.7167,-2.4232865486164386,1.7976021595901368,1.0,-2.467653274536133,1.7967653274536133,1.032646656036377,-0.15863921968527803,0.16021932775573713,-0.030206224859272577,-0.9737817771262541,-2.696403239385205,1.3150701770753421,0.0,-2.665058135986328,1.3774511814117432,-0.008564555086195469,-1.9382855018151113,-4.591662480269365,-0.3131276622419046,-2.7680171474306228,-4.115466742384592,-0.5918066233112108,-1.221497905676831,-2.3609026318422894,-0.1016266632178239,-1.9256280307129054,-3.159424267560417,-0.05674280871378211,0.5702642724773589,-0.4498961026832126,0.2564703555190629,0.0,0.0,0.0,0.25946737313815244,-0.026299635201560412,0.022208605550243322
13.7333,-2.4684828266483185,1.8189500241681271,1.0,-2.521671772003174,1.8241370916366577,1.0330440998077393,-0.1633119484188136,0.15431331901450002,-0.031075756490900816,-0.9739358238575615,-2.7284250362521907,1.2472757600275217,0.0,-2.70204496383667,1.2952711582183838,-0.02024516463279724,-1.7618063144899974,-4.583587467976817,-0.24613244065577877,-2.5845149854847347,-4.128273953291307,-0.5290057548410996,-2.2197198414628914,-4.931934925381676,-0.7009976869571749,-2.012449308524306,-3.6827018109028056,-0.2469386241724828,0.5793346618048889,-0.43642692146928114,0.25802927036540324,0.0,0.0,0.0,0.24337400918984836,-0.018886593216228768,0.02484404381991755
13.75,-2.514187296066457,1.8391569792534443,1.0,-2.5765130519866943,1.8498955965042114,1.033177375793457,-0.16755623254063107,0.14794774186028078,-0.031573552918663,-0.9741866397530499,-2.7587354688801664,1.1787190559003142,0.0,-2.745250701904297,1.2119677066802979,-0.028931939974427223,-1.8027001921187422,-4.7671578409018736,-0.21741501796922424,-2.6207309392623817,-4.341030795315618,-0.5008193380491994,-1.2963583268916945,-2.3768000801626155,-0.3026634163231126,-1.8010461623570804,-3.297175751303106,-0.2633896013280669,0.5897845977057978,-0.41420577930740066,0.2589188999333303,0.0,0.0,0.0,0.2282461494378415,-0.011921266278855602,0.024485420146644888
13.7667,-2.560418238021592,1.8582300227229442,1.0,-2.6042258739471436,1.862134575843811,1.033179521560669,-0.16755623254063107,0.14794774186028078,-0.031573552918663,-0.9741866397530499,-2.7873450340844164,1.109372642967612,0.0,-2.7586045265197754,1.169032335281372,-0.033166393637657166,-1.614711048564656,-4.735573278871844,-0.17149198702967627,-2.42752231508572,-4.330880803685485,-0.4487665753404244,-2.0975801607505504,-5.197870484253883,-0.4726996018778067,-1.8885884185980457,-3.8582955765146707,-0.3251817391645135,0.5966087926264683,-0.40147141796445013,0.258170632067652,0.0,0.0,0.0,0.21620247389459551,-0.003221057221909636,0.01910395624309614
13.7834,-2.607373970723571,1.8762380402200483,1.0,-2.660125255584717,1.8854238986968994,1.0330610275268555,-0.1726131991101529,0.14398838459310387,-0.03161279163462665,-0.9738957000577791,-2.8143570603300723,1.038939043914644,0.0,-2.790447473526001,1.0868011713027954,-0.03663863241672516,-1.4344724489396317,-4.731866466224954,-0.15117469127702865,-2.2394855467429333,-4.343472650297048,-0.42173407816323016,-1.8992491681123973,-4.904617331702739,-0.20709912971758482,-1.8917356667070728,-4.167188882845199,-0.29032159459489,0.6009186904878764,-0.39369308792674385,0.25755637301720363,0.0,0.0,0.0,0.20409440731542533,0.005299271998838513,0.013003013868997902
13.8,-2.6542923973328936,1.8928976971452784,1.0,-2.688323497772217,1.896475911140442,1.0330028533935547,-0.1779977724746054,0.13850592517298482,-0.03161473038965814,-0.9737214649860351,-2.839346545717918,0.9685614040006597,0.0,-2.805868625640869,1.0460171699523926,-0.033866725862026215,-1.4793519089201606,-4.918933710635502,-0.16861112075324858,-2.278633521961322,-4.5563120958619265,-0.4352615047316363,-0.9288442759492217,-2.4564952036303063,0.16695701576770636,-1.6074725288590668,-3.6621608414503752,-0.1553245908828309,0.6080859385353886,-0.3748547910441557,0.2590872532755389,0.0,0.0,0.0,0.19119567450577266,0.012233176270579866,0.007563130702848826
13.8167,-2.701737244549274,1.9084238720579099,1.0,-2.7451682090759277,1.9173362255096436,1.0328819751739502,-0.18220731936144355,0.13161946334982577,-0.03141727240438454,-0.9739044244554208,-2.862635808086865,0.8973941331760884,0.0,-2.8326239585876465,0.9600447416305542,-0.03720180317759514,-1.3040828597260492,-4.891855598088818,-0.14909013544699068,-2.0967177613392525,-4.549321707152025,-0.4103496288734509,-1.608542965670465,-5.16870207123916,-0.2005063875152297,-1.6077885413707547,-4.106919348367851,-0.1686630830612972,0.6134023549801314,-0.3632459360252642,0.2600009451464351,0.0,0.0,0.0,0.17923254663307175,0.020712045088470993,0.001258548280025095
13.8333,-2.7496669058792005,1.9227931468349442,1.0,-2.802628993988037,1.936496376991272,1.0326557159423828,-0.18641858768362551,0.12565269449346803,-0.03102433733571755,-0.9739081755249382,-2.884189720252416,0.8254996411811992,0.0,-2.864288806915283,0.8723195791244507,-0.038688696920871735,-1.3168534330657142,-5.069427444412146,-0.13965881162759164,-2.0986254111486398,-4.756804668477975,-0.3975301426729639,-1.0459416976278937,-2.630190768791083,-0.09942483566733352,-1.441921083913646,-3.6709620806951904,-0.1482226869250166,0.6196567441152836,-0.34175187397454365,0.2609326924245908,0.0,0.0,0.0,0.16211523396764208,0.029129098040372538,-0.003061361379218512
13.85,-2.7978641876005215,1.9359389520090544,1.0,-2.831570863723755,1.9454034566879272,1.0325337648391724,-0.19017444877093517,0.12104502452432896,-0.030947461484033656,-0.9737679951067911,-2.9039084280135814,0.7532037185992175,0.0,-2.885469436645508,0.7818961143493652,-0.04061392322182655,-1.1258771952977773,-5.01010310568664,-0.13741966545692552,-1.9095199900117847,-4.734826355907952,-0.39078137380675215,-0.6730110991765127,-2.8577085571070535,-0.03188350340136054,-1.2149248026279544,-3.430874776249399,-0.113877233553499,0.6287352317791073,-0.3136754386917607,0.2621945067276194,0.0,0.0,0.0,0.1549075629349002,0.03839868891307245,-0.008832798377792751
13.8668,-2.8467147307727387,1.9479559709350645,1.0,-2.889846086502075,1.9619765281677246,1.0322374105453491,-0.19533316771092993,0.1145930716846259,-0.031123466723415098,-0.9735218575114875,-2.921933956402597,0.6799279038408919,0.0,-2.898873805999756,0.7378136515617371,-0.04248183220624924,-0.9359840304639144,-4.978219631690705,-0.11744492396631134,-1.711540393156175,-4.730695592743668,-0.3660954268951134,-1.39434396860604,-5.184258232383552,-0.19455293287550474,-1.267892619767602,-3.948505620055354,-0.137694174547546,0.634335121818863,-0.295084991075883,0.2626765365459368,0.0,0.0,0.0,0.14122124087339769,0.0475609521288459,-0.014026033617134776
13.8833,-2.895235645605872,1.95861323834286,1.0,-2.9487621784210205,1.976868987083435,1.031901240348816,-0.19533316771092993,0.1145930716846259,-0.031123466723415098,-0.9735218575114875,-2.93791985751429,0.6071465315911919,0.0,-2.9242467880249023,0.6466219425201416,-0.04313436895608902,-0.7176271465920289,-4.913214754173504,-0.11290548736710893,-1.4797992848164045,-4.684332265025669,-0.3576329303186258,-1.5320894877774898,-5.506402781376868,-0.039401939189772826,-1.3458883640757913,-4.408425336621939,-0.10867651012860852,0.6355170852664033,-0.2850825966842099,0.2633874473165566,0.0,0.0,0.0,0.12665505295797228,0.05620010753637519,-0.018660004365039715
13.9,-2.944326534644404,1.968120013119612,1.0,-2.9783778190612793,1.9836535453796387,1.0317128896713257,-0.2010171233112455,0.10783285416073617,-0.031556314857622,-0.9731230640308773,-2.952180019679418,0.5335101980333938,0.0,-2.928893804550171,0.5997444987297058,-0.04370005056262016,-0.7616602899308895,-5.081806123359166,-0.10962664892341767,-1.5092931017304474,-4.880080144891806,-0.3520861456078799,-0.278845190918325,-2.8128907423568292,-0.0339438421865835,-1.0308777164239273,-3.9373943619303136,-0.08661406062198963,0.6396719977711783,-0.26544117531094735,0.2642345064263339,0.0,0.0,0.0,0.10796081402837948,0.06371519684358744,-0.02177500974187169
13.9167,-2.9936651911015213,1.9764005122588724,1.0,-3.0378365516662598,1.9958186149597168,1.0313262939453125,-0.20546204585903777,0.10215153273845257,-0.0319753809723659,-0.9727939392908558,-2.9646007683883084,0.45950221334771757,0.0,-2.9456496238708496,0.5067845582962036,-0.03923434019088745,-0.5733005721312845,-5.006472327580195,-0.13553320189149876,-1.3073124203115318,-4.82427825382552,-0.3761724971577186,-1.0043300560192066,-5.571942523150795,0.267671013990511,-1.0230403618462427,-4.419942854659616,0.01797736886706173,0.6417463671391286,-0.25439286548079343,0.26691869407516566,0.0,0.0,0.0,0.0922654810411189,0.07219879172611897,-0.026279398808945784
13.9333,-3.0431231745890788,1.9834349741211097,1.0,-3.0975632667541504,2.006092071533203,1.031004786491394,-0.20765716963331854,0.09608037404086742,-0.03235697853878348,-0.9729337825342149,-2.9751524611816644,0.3853152381163816,0.0,-2.9582009315490723,0.40829065442085266,-0.04252530634403229,-0.3977723624954171,-4.893030497457607,-0.11521229513560005,-1.1119908351192758,-4.720982454799539,-0.35545738924764264,-0.7538556269958329,-5.91573289132645,-0.19766174301547978,-0.9435721080807418,-4.861527412862014,-0.04568323831548171,0.6426578112847487,-0.2517042702759776,0.2682506323468196,0.0,0.0,0.0,0.0715606613391099,0.07965622761790929,-0.028005538234777038
13.95,-3.092776280839642,1.9892356145558396,1.0,-3.127561330795288,2.010549306869507,1.0307917594909668,-0.2094595532681066,0.08736531719441358,-0.03262300944658425,-0.9733600557600541,-2.9838534218337593,0.310835578740537,0.0,-2.9649133682250977,0.36282840371131897,-0.044967103749513626,-0.3956796936839511,-5.0738244606868514,-0.10052238495573196,-1.0875128277090083,-4.921934289908455,-0.3383655236379369,-0.40289643526667523,-2.7287525579931025,-0.1465624955279841,-0.783954767238965,-4.231893293804003,-0.07546463887035856,0.6436795989809849,-0.23659828737687894,0.2688201256027208,0.0,0.0,0.0,0.048153535044072174,0.08470811659848221,-0.030976986920515807
13.9666,-3.1425631323867615,1.9937937788838975,1.0,-3.187786102294922,2.0180552005767822,1.030289649963379,-0.2094595532681066,0.08736531719441358,-0.03262300944658425,-0.9733600557600541,-2.990690668325846,0.23615530141985766,0.0,-2.9748518466949463,0.2668552100658417,-0.05069044232368469,-0.21210859219144576,-4.971465824446125,-0.06468143102220214,-0.8798001149602547,-4.832166683568059,-0.2963571169263408,-0.5963263379254109,-5.758561864297669,-0.34341046700427735,-0.7285634255174596,-4.682593759576052,-0.1545671447289709,0.6434849584669528,-0.22970758739473807,0.2675964671929343,0.0,0.0,0.0,0.024206564301856217,0.0904084465166725,-0.03592078128879558
13.9833,-3.1924926443049118,1.997108451855194,1.0,-3.248213529586792,2.023700475692749,1.0296664237976074,-0.21513631756239499,0.07497989150867641,-0.03170210080662117,-0.9731852306324309,-2.995662677782791,0.16126103354263213,0.0,-2.9795563220977783,0.17466534674167633,-0.050831153988838196,-0.21651855532353392,-5.142098791308822,-0.048101252013091234,-0.8591284376468908,-5.025589381340268,-0.2745635818173105,-0.11380557024250132,-2.8486635276297174,-0.16000715393189385,-0.5470756703723758,-4.1411840353525555,-0.15617313487571818,0.6440738643524778,-0.2118806715104165,0.26597637601474944,0.0,0.0,0.0,-0.0014639820291208923,0.09537126154186222,-0.03951404621053019
14.0,-3.24240794891329,1.999170616943843,1.0,-3.2784788608551025,2.0258359909057617,1.0293598175048828,-0.21513631756239499,0.07497989150867641,-0.03170210080662117,-0.9731852306324309,-2.9987559254157645,0.08638807663006447,0.0,-2.981121301651001,0.12692105770111084,-0.05037432163953781,-0.04296733086764985,-5.0554258496414635,-0.06390681142054522,-0.6678655816497974,-4.9709868950498315,-0.2839238328263236,-0.09400779101741522,-2.8679832507447296,0.027441764293079745,-0.4133217514156206,-3.7653118927443336,-0.10196666061044586,0.6451953179060891,-0.1855775524692247,0.26507012978655653,0.0,0.0,0.0,-0.02029706712394149,0.10113859787759258,-0.045053108380778105
14.0167,-3.292445733260001,1.9999857332126199,1.0,-3.339085340499878,2.028780698776245,1.0286623239517212,-0.21544038073262078,0.06652671410544501,-0.031553954634105416,-0.9737371436136811,-2.9999785998189297,0.011331400109998198,0.0,-2.9837093353271484,0.03379032760858536,-0.061290252953767776,0.131431642864081,-4.959944031327963,0.004119604289903656,-0.46643471599453096,-4.896945127740656,-0.20578794664358424,-0.1550825058932781,-5.580664243874563,-0.6541143563825987,-0.33708480615650216,-4.301237086992756,-0.2649707523099319,0.6451880799928261,-0.16991439430425354,0.26069338700692796,0.0,0.0,0.0,-0.047321721134214165,0.10691549071694714,-0.05078583607344005
14.0333,-3.342421028526939,1.9995500634739598,1.0,-3.3693907260894775,2.029527425765991,1.0282421112060547,-0.21544038073262078,0.06652671410544501,-0.031553954634105416,-0.9737371436136811,-2.99932509521094,-0.06363154279040835,0.0,-2.9870831966400146,-0.014021397568285465,-0.06083696335554123,0.17013999312137654,-5.128282457918488,0.0025599585602185115,-0.4006743259790746,-5.09520454470432,-0.19780913147306484,-0.202524580309991,-2.8700200385878665,0.02720985752722797,-0.29736016805525145,-3.8787156551613555,-0.1787136959400696,0.6429318765070934,-0.14612512549832607,0.25750690681307015,0.0,0.0,0.0,-0.07211755740664232,0.11304721228415816,-0.057137816779786806
14.05,-3.3924319956338014,1.997862939789202,1.0,-3.42996883392334,2.0295979976654053,1.027431607246399,-0.22173615579098865,0.05335276303091754,-0.030646111517180805,-0.9731636092991448,-2.996794409683803,-0.13864799345070222,0.0,-2.980998992919922,-0.10973729938268661,-0.05877289921045303,0.314805539225436,-5.009607677651681,-0.006687260498531522,-0.2368100084832206,-4.9979707271351606,-0.19749458476990994,0.36466654281998884,-5.736886635186985,0.1237130067591706,-0.10191778277805602,-4.427281691279363,-0.08943180568383866,0.6420962955850235,-0.13262015796299328,0.25568401860061585,0.0,0.0,0.0,-0.0904807478763668,0.12098320744647284,-0.06487669432923743
14.0666,-3.442287360057448,1.9949321560313478,1.0,-3.4601874351501465,2.028930187225342,1.027048945426941,-0.22173615579098865,0.05335276303091754,-0.030646111517180805,-0.9731636092991448,-2.9923982340470214,-0.21343104008617228,0.0,-2.9772450923919678,-0.2029663324356079,-0.051666803658008575,0.3412590590285449,-5.194918826894916,-0.03062963968771104,-0.18272846441669,-5.214351240168388,-0.21376303120583853,0.14235563834360224,-2.691164117352056,0.24996686488035536,-0.029803804143084214,-3.914748051478908,0.010764885243146685,0.6399667328019172,-0.10888919739573878,0.25555729912964587,0.0,0.0,0.0,-0.11597920935668227,0.12832161066921116,-0.07242390761151837
14.0833,-3.4921444205841357,1.9907487339286158,1.0,-3.520533323287964,2.0261588096618652,1.0263792276382446,-0.22280396200308036,0.04699542196358737,-0.030580193846109736,-0.9732495888701072,-2.986123100892924,-0.28821663087620375,0.0,-2.973332643508911,-0.2504221200942993,-0.05176939815282822,0.5122200118723361,-5.066435129749888,-0.0452266531312171,0.012227500835643113,-5.12508208746663,-0.22615981778296418,0.23452573208900832,-2.844664218033185,-0.00614986923153878,0.048231106249150134,-3.598839745334128,0.005771340561935725,0.637180897187016,-0.077864133030889,0.2551866960421749,0.0,0.0,0.0,-0.13718838615032297,0.13651109074763107,-0.07425353139042784
14.1,-3.541824435266053,1.9853264070445078,1.0,-3.580699920654297,2.0214502811431885,1.0256184339523315,-0.22324829515350644,0.03779048702853533,-0.0310838065389664,-0.9735327735452518,-2.9779896105667616,-0.36273665289908014,0.0,-2.968428373336792,-0.34763461351394653,-0.05888035520911217,0.6964558511833056,-4.9222507944224105,0.0003895748532363186,0.23159127651084876,-5.007398560100014,-0.17628348942598,0.29441653427226017,-5.835927548055591,-0.426889885425165,0.12090954426823375,-4.259268953183414,-0.12195816133698412,0.6331607575531294,-0.060172905839645324,0.2522388264118603,0.0,0.0,0.0,-0.1682961828806726,0.14532067151724826,-0.07556576213264397
14.1167,-3.5914100704103156,1.9786561527621354,1.0,-3.640690326690674,2.0147926807403564,1.024858832359314,-0.22699066134675852,0.030488313716356144,-0.031069350169927203,-0.9729237094374208,-2.967984229143203,-0.43711510561547384,0.0,-2.9542407989501953,-0.4440937340259552,-0.05292297154664993,0.8357761747267151,-4.775424707815235,-0.032385962499497545,0.409151884498944,-4.8760469658730035,-0.20739603498343817,0.8506225252655203,-5.783250782623612,0.3571776680675272,0.3363341536246964,-4.7091762438894325,0.019491492932679183,0.6303006772511832,-0.05217945364200489,0.25186321331277833,0.0,0.0,0.0,-0.20367638702341218,0.15280171169977322,-0.0768531408288377
14.1333,-3.640764708219721,1.9707560512737057,1.0,-3.670557975769043,2.0107319355010986,1.0244909524917603,-0.23050369600055068,0.025465895050267588,-0.030704147727580282,-0.9722535323992492,-2.9561340769105584,-0.5111470623295814,0.0,-2.9483277797698975,-0.49113163352012634,-0.052001792937517166,0.8855083266541299,-4.939476610796644,-0.03688968380974078,0.4960790011047584,-5.062556300217737,-0.208874854580883,0.35491857236898594,-2.8233671541830048,0.055292125203926845,0.34182061371566796,-4.1524509326367,0.03006049392702572,0.6242835206706642,-0.03423062887803752,0.2516676970141897,0.0,0.0,0.0,-0.23485419512129263,0.15731031829912986,-0.07968252624304746
14.15,-3.689910021261851,1.9616243716164372,1.0,-3.7299935817718506,2.001217842102051,1.0239150524139404,-0.2306309478729172,0.018303638738432413,-0.030801169772852303,-0.9723814902313281,-2.9424365574246556,-0.5848650318927772,0.0,-2.9278523921966553,-0.5846372246742249,-0.043681178241968155,1.0075374239630168,-4.798952253942176,-0.08473083398295334,0.6498021438423545,-4.936698731641796,-0.2546522634899131,1.22884084307525,-5.61178581138123,0.4993659407328974,0.6036851979799,-4.583273261909434,0.1686080395782535,0.6207680499944953,-0.024874366976988874,0.25422843109989773,0.0,0.0,0.0,-0.2630327698738329,0.16262084467660914,-0.084307001592938
14.1667,-3.738831311347222,1.9512629449106231,1.0,-3.7889456748962402,1.9897955656051636,1.0233489274978638,-0.22851941183594568,0.007688364885084597,-0.03157759901612004,-0.9729967499258902,-2.9268944173659346,-0.6582469670208331,0.0,-2.9076478481292725,-0.6813771724700928,-0.04408387467265129,1.1406252639279193,-4.630829011306339,-0.08026242786221705,0.816653931153698,-4.77417801913956,-0.25365127778781005,1.2121177446577223,-5.803655204966101,-0.024158698543925394,0.78330560641596,-4.943552317092695,0.11169977518074192,0.6179948386783869,-0.023384087626091638,0.25585695518188717,0.0,0.0,0.0,-0.29402350590416554,0.16673309545931236,-0.08246810525629414
14.1833,-3.787463692974534,1.9396853219096208,1.0,-3.8182241916656494,1.9833694696426392,1.0230669975280762,-0.22851941183594568,0.007688364885084597,-0.03157759901612004,-0.9729967499258902,-2.9095279828644314,-0.7311955394618013,0.0,-2.8933215141296387,-0.7309794425964355,-0.045296356081962585,1.1720320171293395,-4.771342793747869,-0.07234670074812133,0.8920435382934367,-4.927118953188442,-0.24503195398094374,0.8596792423136902,-2.9764796772393667,-0.07275728035538005,0.8058524996559782,-4.362836520537933,0.05724468096327977,0.6126845899321027,-0.011602436048738165,0.2565391454039525,0.0,0.0,0.0,-0.3326961110962,0.1673785954893117,-0.08385389217113011
14.2,-3.8357963371721193,1.9268944665115784,1.0,-3.8764216899871826,1.9690399169921875,1.0224244594573975,-0.2278371597256756,-0.0016267840588234065,-0.031967541658542785,-0.9731730080463628,-2.8903416997673674,-0.803694505758179,0.0,-2.872051477432251,-0.8244805335998535,-0.04485418274998665,1.3182793235312424,-4.6095595781992955,-0.07253455304127332,1.0683633554238123,-4.77161256493124,-0.24358638567815108,1.276166907462772,-5.609910309411075,0.026529666199379177,0.944697909036014,-4.730995496467785,0.048177047209734314,0.6076673660010538,-0.007427957949092156,0.25709902288226344,0.0,0.0,0.0,-0.35775139789362365,0.16948094468103647,-0.08604719024538568
14.2167,-3.883833833508987,1.9128873607325134,1.0,-3.934035539627075,1.9528775215148926,1.0218594074249268,-0.22830108062394713,-0.008337015420379224,-0.03154430300579637,-0.9730437015151313,-2.86933104109877,-0.8757507502634803,0.0,-2.8407042026519775,-0.9157311320304871,-0.04568801447749138,1.3618463381599082,-4.766837479600857,-0.08915376853472257,1.1448157134484913,-4.945012223387288,-0.26114658973499505,0.9518160117779906,-2.7485063106587955,0.17257181679793027,0.9467993030669298,-4.145728453770211,0.08490065682388745,0.5999260108483186,0.007444312251794374,0.25842486600808395,0.0,0.0,0.0,-0.3828953861369018,0.17073043153463735,-0.08643204480781147
14.2333,-3.9314597296899443,1.8976982399158995,1.0,-3.9626026153564453,1.9441229104995728,1.021569848060608,-0.22615045338498174,-0.01574162664786415,-0.031130336659722414,-0.9734676145174539,-2.846547359873849,-0.9471895945349164,0.0,-2.8262460231781006,-0.9565216898918152,-0.0411669947206974,1.474920299432751,-4.635566803594591,-0.0918422560578529,1.2897714239814853,-4.841321216237084,-0.2668747296428966,0.8676901944512012,-2.4479961081142956,0.2713235451930919,0.923444848282817,-3.644526834943429,0.13993610082428498,0.5894007317027696,0.03241572436706526,0.26095867085518903,0.0,0.0,0.0,-0.4042518562515039,0.17333868827542806,-0.08592619727014532
14.25,-3.978672292787656,1.8813303588158954,1.0,-4.019229412078857,1.9253954887390137,1.020992636680603,-0.22397672967303237,-0.025005293216316112,-0.03101890039225968,-0.9737797540775256,-2.821995538223843,-1.018008439181484,0.0,-2.7943685054779053,-1.0431581735610962,-0.04728562384843826,1.5849411227856878,-4.492769531574355,-0.05294377787729676,1.4244354460490092,-4.716730072488869,-0.23156485018394563,1.9137479424604595,-5.201170113790883,-0.3673282849066056,1.2158004219991467,-4.10407638248577,-0.009817617394042036,0.5823352159089605,0.047347057592251746,0.26057482471517984,0.0,0.0,0.0,-0.42182953917228205,0.1766134833222621,-0.08195375240853099
14.2666,-4.025473870256682,1.8637831589470895,1.0,-4.075206756591797,1.9048999547958374,1.0202882289886475,-0.22421282578167828,-0.03316002351688581,-0.030336332180625748,-0.9735033971918396,-2.795674738420634,-1.0882108053850226,0.0,-2.761798858642578,-1.1316311359405518,-0.048275426030159,1.699458855191016,-4.329607991205161,-0.04415883236297535,1.5754220362087483,-4.562382776404504,-0.22452542375333218,1.955243534143444,-5.31126998439893,-0.05942048821331959,1.4340975439131731,-4.460461998312893,-0.02446129147888291,0.5771509274472197,0.05386998641580853,0.25978758174845357,0.0,0.0,0.0,-0.45311410846495215,0.1789047987835341,-0.07942099035809676
14.2833,-4.071850709777708,1.845060021195963,1.0,-4.102877140045166,1.89400315284729,1.01994788646698,-0.22421282578167828,-0.03316002351688581,-0.030336332180625748,-0.9735033971918396,-2.7675900317939446,-1.157776064666563,0.0,-2.74013614654541,-1.1748253107070923,-0.048470716923475266,1.7493237447539083,-4.485655162181598,-0.0419505696425313,1.6559564089040313,-4.736180539162039,-0.22087494334859914,1.299243561694765,-2.590615303218795,-0.011712773297298843,1.3942861835617915,-3.9084490777031986,-0.020697695899990882,0.5685318428059069,0.06969925045851846,0.2589664868173754,0.0,0.0,0.0,-0.4751645069560299,0.18082612652192176,-0.08004211311130753
14.3,-4.117737045956234,1.8251865996852956,1.0,-4.15760612487793,1.870953917503357,1.019350528717041,-0.2246321974610738,-0.03906057177169885,-0.02928270311470191,-0.973220043929301,-2.7377798995279434,-1.2266055689343514,0.0,-2.698903799057007,-1.2583009004592896,-0.03970390185713768,1.8289125226571206,-4.337947267818675,-0.09220977134308672,1.768342912551356,-4.599669324192745,-0.27366901649110276,2.473624738965014,-5.007895414366222,0.5259416926509712,1.712926652782076,-4.233025731472369,0.1406802428294347,0.5640497538457053,0.07861646911390766,0.26127981358644137,0.0,0.0,0.0,-0.5034801437399407,0.1831055872601625,-0.07982056843842536
14.3166,-4.163101868908815,1.8041771431558793,1.0,-4.211475372314453,1.8462724685668945,1.018772006034851,-0.2211968868642918,-0.04625767825889645,-0.02882785432557224,-0.9737049012745702,-2.706265714733819,-1.2946528033632227,0.0,-2.662787437438965,-1.3378379344940186,-0.04337308555841446,1.946698671597662,-4.204078829081183,-0.06792779761341539,1.9040911032953636,-4.473294323502872,-0.25143224260862146,2.1669527651417617,-4.772158326896117,-0.22014808278259376,1.8469634596359783,-4.3921875276648485,0.03415712605072034,0.5599772197019794,0.0832928494853717,0.26165091182956496,0.0,0.0,0.0,-0.5173696513996809,0.1859226449363165,-0.07814646683435889
14.3333,-4.207931851483014,1.7820380896778345,1.0,-4.238124370574951,1.8333295583724976,1.018462061882019,-0.21741183118185423,-0.05505121253727758,-0.02875038841800931,-0.9741020931749369,-2.6730571345167515,-1.361897777224521,0.0,-2.640313148498535,-1.3778499364852905,-0.04359674081206322,2.0215701090649065,-4.364499265559589,-0.06565147637602653,1.9995351962940697,-4.649869855625077,-0.2506362335920061,1.3486129590683433,-2.400997181567163,-0.013420863914044952,1.699841283241833,-3.804351743414152,0.020111233803994127,0.5505783208015241,0.09826656877530515,0.2617676477782874,0.0,0.0,0.0,-0.5285434080306874,0.1871040212901836,-0.07678289056230785
14.35,-4.252173021534354,1.7587969004584179,1.0,-4.290646076202393,1.8062312602996826,1.0177823305130005,-0.21709353818189997,-0.06240537398709497,-0.02807473228953111,-0.9737493661997493,-2.638195350687627,-1.4282595323015317,0.0,-2.5922365188598633,-1.45722496509552,-0.044836148619651794,2.083867277316513,-4.215631625673455,-0.05540885361299619,2.0842467514187195,-4.510857016605927,-0.24245338603857006,2.8858802988235968,-4.76461917165183,-0.07439753162835962,2.049981678529902,-4.087840239566595,-0.007789481140395866,0.5460691219076691,0.1073509847224386,0.2613432815127569,0.0,0.0,0.0,-0.5464485960098755,0.18787440621003323,-0.07429874908718301
14.3666,-4.295842024636163,1.7344447705154946,1.0,-4.342182636260986,1.7775717973709106,1.0171842575073242,-0.21538087991923555,-0.06781732436383332,-0.027281444306859092,-0.9737904172301989,-2.601667155773242,-1.493763036954245,0.0,-2.542088031768799,-1.538935661315918,-0.042473915964365005,2.169077101132327,-4.361895164020506,-0.08202162072749619,2.1777315068687715,-4.677167214886371,-0.2684547548954315,1.4370841977251592,-2.441812719078618,0.2754332391444309,1.8690431399315146,-3.6019028301669564,0.07582304250533652,0.5359094049638569,0.12520801885251384,0.26256490331764726,0.0,0.0,0.0,-0.5445638107003012,0.19006403201335037,-0.07613176914971193
14.3833,-4.338919794936416,1.7089896604980601,1.0,-4.367557525634766,1.762679934501648,1.0168821811676025,-0.21538087991923555,-0.06781732436383332,-0.027281444306859092,-0.9737904172301989,-2.56348449074709,-1.5583796924046243,0.0,-2.5195138454437256,-1.5728399753570557,-0.040196046233177185,2.242622697831463,-4.223732667034957,-0.07989459857109527,2.2749026084539823,-4.569175556110888,-0.26898203517458275,1.3531555479334592,-2.0323129251700682,0.13654144693591722,1.7167436936120302,-3.1385312019526856,0.09374822527696408,0.5208594268974783,0.1524185365415352,0.2642496269554135,0.0,0.0,0.0,-0.5531393375199974,0.19302435253439576,-0.07516219035192603
14.4,-4.381287120229145,1.6825035404499338,1.0,-4.41752290725708,1.731784701347351,1.0162651538848877,-0.21241013296016484,-0.07413735493351924,-0.02681652242093545,-0.9739951244734162,-2.5237553106749004,-1.6219306803437181,0.0,-2.4627249240875244,-1.6511621475219727,-0.04445823282003403,2.2741845368454188,-4.054287025710617,-0.05177814939148906,2.32233829683557,-4.420494555339532,-0.2445179517197748,3.4096309656732227,-4.702496492885568,-0.25590349351541697,2.216514958157571,-3.600242341291093,-0.009475352887591701,0.5140891229873525,0.16952535225381304,0.2639302362307094,0.0,0.0,0.0,-0.562242882977504,0.19668217737510252,-0.07119043390242362
14.4167,-4.42306895548894,1.654906680516149,1.0,-4.466353893280029,1.6993200778961182,1.0155709981918335,-0.2118337853434905,-0.07975349625458077,-0.02649553202267649,-0.9736856823116493,-2.4823600207742236,-1.6846034332334112,0.0,-2.411752700805664,-1.7293853759765625,-0.04049428924918175,2.373469099895725,-4.202322922277027,-0.04542213912683568,2.45038785763911,-4.5951486655363105,-0.24025463566779443,1.5695519319187823,-2.241796841534112,-0.05096899363166462,2.025519647912317,-3.199204400706231,-0.021725034037367696,0.5019328722768878,0.19320367995386514,0.2632940807064184,0.0,0.0,0.0,-0.578851630020273,0.19962206330541873,-0.06846158416545967
14.4333,-4.464044456712699,1.6263457513076476,1.0,-4.4903693199157715,1.682503581047058,1.0152626037597656,-0.21286213156866385,-0.08708141602284404,-0.025493406405632923,-0.9728600676961694,-2.4395186269614713,-1.746066685069049,0.0,-2.3837509155273438,-1.7663917541503906,-0.040853943675756454,2.4431653984410002,-4.017703852678079,-0.06943045729750796,2.5401965900887746,-4.445373554022862,-0.2634208088137425,1.6824432729773091,-2.223470089388036,-0.021609271143708458,1.9242372314356393,-2.911149797971679,-0.021690858715297322,0.4860388983181667,0.22242048361424424,0.26259107459426206,0.0,0.0,0.0,-0.5830700899659411,0.20524921773053867,-0.06860072307802753
14.45,-4.504333369219712,1.5967407854075435,1.0,-4.537558555603027,1.6478664875030518,1.0146892070770264,-0.21085609963022725,-0.09122686413854218,-0.024815305759941154,-0.9729345411774881,-2.395111178111315,-1.806500053829567,0.0,-2.3268649578094482,-1.836774230003357,-0.03628109395503998,2.4939997272473384,-3.867089431904362,-0.0944901769552553,2.6213121753381645,-4.319992202160325,-0.2921702477646666,3.4134048640915595,-4.223254649499284,0.2743908708869814,2.36386673493269,-3.2985071322056783,0.06571787951214264,0.47734714114604054,0.24259834280510867,0.2637305211125368,0.0,0.0,0.0,-0.6046595892368665,0.21030442745085445,-0.06605045030312554
14.4666,-4.543860717072671,1.5661451134947428,1.0,-4.583568572998047,1.611724615097046,1.0140314102172852,-0.2090100044451773,-0.09505824447584926,-0.0245270213161266,-0.9729734005718151,-2.349217670242114,-1.8657910756090064,0.0,-2.263665199279785,-1.9125536680221558,-0.040954504162073135,2.512173692355649,-3.6723470887599494,-0.06362829744686227,2.670702213969059,-4.140483680529021,-0.2650246129112557,3.793182891404204,-4.548201994762675,-0.2804931546298814,2.785826988721709,-3.6674398969938107,-0.036489945656339326,0.47544458645710247,0.25375508609802877,0.26302930539356223,0.0,0.0,0.0,-0.6339731080705123,0.21438150567104347,-0.06163298992916885
14.4833,-4.582668191321752,1.5345234800977745,1.0,-4.6061859130859375,1.593103051185608,1.0137121677398682,-0.2090100044451773,-0.09505824447584926,-0.0245270213161266,-0.9729734005718151,-2.3017852201466615,-1.924002286982628,0.0,-2.2356185913085938,-1.9496729373931885,-0.03807653859257698,2.6352473688609814,-3.7937280232278017,-0.07975755183819278,2.8121326612864195,-4.281782965658321,-0.28267467103843624,1.6805863108418932,-2.2242310384730772,0.17245114076317555,2.4595397395189753,-3.241378263635295,0.025193281986018133,0.4654773135341625,0.27127688677588413,0.263574981051506,0.0,0.0,0.0,-0.6423626059596004,0.21677805565463532,-0.060657861851262505
14.5,-4.620577015023705,1.5020240834923655,1.0,-4.650573253631592,1.5547399520874023,1.0130810737609863,-0.20917787007444014,-0.1013165299124667,-0.023873660870510738,-0.9723218102938368,-2.2530361252385482,-1.9808655225355576,0.0,-2.1737475395202637,-2.0184736251831055,-0.03319064900279045,2.6747023154015204,-3.6205385453812657,-0.10635285605466382,2.8603919847070496,-4.1224323767541105,-0.3105328458634794,3.717371685599278,-4.13372201292097,0.29355679425289005,2.8308747200891453,-3.5048144482826156,0.10441909583492118,0.4611895706867638,0.28265143882451865,0.26579790981185536,0.0,0.0,0.0,-0.6468792399922929,0.21924239254832625,-0.0616179200030398
14.5167,-4.657772458171894,1.4684869600476036,1.0,-4.693686485290527,1.5149765014648438,1.0124728679656982,-0.20543968695590276,-0.1075668759364959,-0.022750784532483505,-0.9724743818854462,-2.2027304400714054,-2.0366586872578414,0.0,-2.1036341190338135,-2.090968608856201,-0.03679400682449341,2.765557874668434,-3.728511337611153,-0.0825023269708618,2.9633572067046337,-4.249642530424513,-0.2886929109449894,2.1706356004796983,-2.211609845240135,-0.22805040403175147,2.635960064426402,-3.1230368128516766,0.006268022746113419,0.45143248070586733,0.3001210009925801,0.26625089424713416,0.0,0.0,0.0,-0.6492318127420672,0.22101019182078,-0.06006031027300659
14.5333,-4.6940093073643965,1.4341332054524905,1.0,-4.714772701263428,1.494560956954956,1.0121550559997559,-0.2015718864731262,-0.11108572158702651,-0.02233631242422735,-0.9728976205381926,-2.1511998081787356,-2.091013961046595,0.0,-2.0735135078430176,-2.1227071285247803,-0.036272551864385605,2.8039622205164667,-3.543949633607639,-0.08406310816943918,3.0176518611926935,-4.092395710313453,-0.29036579375344773,1.8107093204913216,-1.9079703601782976,0.03134741690673776,2.3923309612543893,-2.7643269875837078,0.013671918292229978,0.43522231753719764,0.3242410489398921,0.2668813567734455,0.0,0.0,0.0,-0.6489119582134245,0.2242050277659221,-0.06057867118943694
14.55,-4.729412758748026,1.3988492288764915,1.0,-4.755886554718018,1.452739953994751,1.0113937854766846,-0.199536933894077,-0.11677569101578895,-0.021440565452825334,-0.9726709969337496,-2.0982738433147374,-2.14411913812204,0.0,-2.0050363540649414,-2.1932947635650635,-0.045572396367788315,2.819305966275115,-3.3278787275259796,-0.024837372361084853,3.046185493260488,-3.8928112124178016,-0.23008323282902896,4.109808971882378,-4.236474207626816,-0.5581508907490877,2.899361861283321,-3.1989317541860003,-0.15514062645719534,0.42790496651433674,0.3381353007032342,0.2641599422784563,0.0,0.0,0.0,-0.6547844934997099,0.22679718418858788,-0.058914081810512185
14.5666,-4.763928285366721,1.3626863084742769,1.0,-4.77589750289917,1.4313451051712036,1.011018991470337,-0.199536933894077,-0.11677569101578895,-0.021440565452825334,-0.9726709969337496,-2.044029462711415,-2.195892428050082,0.0,-1.970811367034912,-2.2286200523376465,-0.04018104076385498,2.9447588543341663,-3.4201848172645337,-0.05567883006407559,3.1908705326266116,-4.004554499936376,-0.2580119147119068,2.053530556191348,-2.1195496681162735,0.32348627224479287,2.6496570002955417,-2.8802784339173297,-0.013841217832923622,0.41446346900396014,0.3562053770534075,0.2639890789997886,0.0,0.0,0.0,-0.6605751472964055,0.22816430561843434,-0.06165599435195736
14.5833,-4.79755953593227,1.325637747025304,1.0,-4.814867973327637,1.3875514268875122,1.0102810859680176,-0.19775013405652583,-0.12279736404486624,-0.01982334872861381,-0.9723285537895985,-1.988456620537956,-2.2463393038984054,0.0,-1.9053678512573242,-2.289029836654663,-0.04133249446749687,2.988189947077133,-3.2443552983811674,-0.0454235770136302,3.247430087984648,-3.843333445267751,-0.2435938072781279,3.9232473379546917,-3.621482169656257,-0.06902804080611734,3.02564414608459,-3.0990953240963783,-0.030133376654569582,0.40705669022285373,0.3688447597106668,0.2634282079611588,0.0,0.0,0.0,-0.666296831130369,0.23013338717591655,-0.0652579776966611
14.6,-4.830209690617424,1.2878114391247382,1.0,-4.852391719818115,1.342576503753662,1.0095072984695435,-0.19488346083731872,-0.12598597596642383,-0.019054042302744493,-0.9725148007131681,-1.9317171586871074,-2.2953145359261353,0.0,-1.8277621269226074,-2.35537052154541,-0.04904216155409813,2.961192657254715,-3.0202225140726777,0.004386643755785791,3.2200309278766697,-3.6270190291627173,-0.18900398414230052,4.659147188068076,-3.9828378397721256,-0.4628585588938351,3.5078841005129107,-3.359992267372564,-0.1578817596080921,0.4078728134762981,0.3745731262389121,0.26019082645537156,0.0,0.0,0.0,-0.6667110840982525,0.23222338885112773,-0.06680019855728525
14.6167,-4.861943530430986,1.249132662187962,1.0,-4.87055778503418,1.3195960521697998,1.0090585947036743,-0.19006346294791585,-0.13011305859288336,-0.018277613059476807,-0.9729401467083401,-1.873698993281943,-2.3429152956464803,0.0,-1.792272925376892,-2.384009599685669,-0.04737161099910736,3.100072376359889,-3.1266321773125667,-0.0036953009484159693,3.3642454959173964,-3.746650333812963,-0.19217869430447626,2.1278930138807484,-1.7171672408617213,0.10016435142166884,3.100485508881937,-2.8750002927287217,-0.08170183118120922,0.39957988678810485,0.387594475750426,0.25812590589431006,0.0,0.0,0.0,-0.6637530063456121,0.23242368074996997,-0.06964251253824975
14.6333,-4.892674859265901,1.2097052503243688,1.0,-4.90581750869751,1.2728722095489502,1.0081825256347656,-0.18720056714000652,-0.13541025100366064,-0.017495156816872033,-0.972786690032912,-1.8145578754865532,-2.3890122888988508,0.0,-1.7213095426559448,-2.4418387413024902,-0.05048570781946182,3.1211452446402466,-2.932097997333399,0.019096937151593885,3.381304013465527,-3.560009049926337,-0.15918063668834775,4.258781782540886,-3.4705461517549256,-0.1868887628954485,3.442435739685017,-3.050816315432936,-0.11275493598273825,0.39677448121220665,0.39592986125566737,0.2552068579721509,0.0,0.0,0.0,-0.656933250037487,0.23198119133727044,-0.07692928413220927
14.65,-4.922423737730304,1.1695046879979702,1.0,-4.939572334289551,1.2249749898910522,1.0072768926620483,-0.18338727043488864,-0.13979881004410372,-0.016766943568300843,-0.9729051226772275,-1.7542570319969553,-2.433635606595456,0.0,-1.645805835723877,-2.500924587249756,-0.04629301652312279,3.11717868805221,-2.717313110716181,-0.0017736953675830947,3.3585652508198063,-3.3486663169024578,-0.174677391843761,4.528607178607179,-3.543886743886744,0.2514717842842843,3.763093401008468,-3.1963797180322935,-0.0052285509875387715,0.39926822231617753,0.39944447341722317,0.2541085196093479,0.0,0.0,0.0,-0.640654785083774,0.23190873276905344,-0.08120482313316998
14.6666,-4.951136367706388,1.1286047559873902,1.0,-4.9558305740356445,1.2006051540374756,1.0068334341049194,-0.18338727043488864,-0.13979881004410372,-0.016766943568300843,-0.9729051226772275,-1.6929071339810853,-2.476704551559582,0.0,-1.6082333326339722,-2.531094789505005,-0.04988713935017586,3.2622527001657344,-2.7865302792438467,0.021780729416284395,3.4915889668356996,-3.425698241482215,-0.14346149563984734,2.2560951167485075,-1.8116132911483014,-0.215814286839129,3.3181999632572645,-2.7875713586774555,-0.06739730920240838,0.3921238023856716,0.40858882388888507,0.25160667572715545,0.0,0.0,0.0,-0.6214600690556367,0.23057913834948304,-0.08636445067102373
14.6833,-4.9788520048791085,1.0869479958642907,1.0,-4.98729944229126,1.151100993156433,1.005859136581421,-0.17786692626631434,-0.1419712825214879,-0.016211532398624266,-0.9736245693813085,-1.630421993796436,-2.5182780073186626,0.0,-1.5295807123184204,-2.582693338394165,-0.051411595195531845,3.2465150959465823,-2.5944853385529845,0.0356034437881112,3.45712726732776,-3.237860281179694,-0.1218986438882706,4.714238760753379,-3.0926862728286033,-0.09137202049215468,3.730336132448127,-2.8776468580882106,-0.07447508217414447,0.3920929799864642,0.4144584661629551,0.2487006644774402,0.0,0.0,0.0,-0.602705151367642,0.2289164764637547,-0.09119857680105839
14.7,-5.005488521948161,1.0446573129515133,1.0,-5.002437591552734,1.1259058713912964,1.0053718090057373,-0.17468276742271974,-0.14557006098730843,-0.015482139038294745,-0.9736815519204952,-1.5669859694272699,-2.558232782922242,0.0,-1.4897794723510742,-2.6121959686279297,-0.05094126611948013,3.3907133135760774,-2.648875172118452,0.03503917259322176,3.588425829967095,-3.3009468608088044,-0.11674262284979858,2.389751775080165,-1.7714011681172699,0.028239566035845168,3.3345711275544403,-2.5510629109470173,-0.04415184065035722,0.3834544560138808,0.4247239428023927,0.2461115741744015,0.0,0.0,0.0,-0.5811669724048982,0.22734774588795992,-0.09432977873138115
14.7166,-5.0310621083600555,1.0017105255511893,1.0,-5.031621932983398,1.0747298002243042,1.0044175386428833,-0.1700083598945972,-0.14933628822371825,-0.014915811834853842,-0.9739472878003564,-1.502565788326784,-2.596593162540083,0.0,-1.4167476892471313,-2.655064821243286,-0.0465412512421608,3.4146473751427084,-2.4852644563083817,0.01326320506037515,3.5977177540384195,-3.145249993023273,-0.13428001982592463,4.382538092853566,-2.572501609557193,0.26403891551613135,3.643950129980164,-2.557392006623644,0.04683170354218538,0.37991262149331495,0.43360744633466053,0.2451184662188453,0.0,0.0,0.0,-0.5629830003890262,0.2263780903802312,-0.09757524133254551
14.7333,-5.05558392594927,0.9580840667439101,1.0,-5.059297561645508,1.0225286483764648,1.003389596939087,-0.16386849129722716,-0.15205185182012365,-0.014526754276249762,-0.9745852646462658,-1.437126100115865,-2.6333758889239043,0.0,-1.3350483179092407,-2.711881399154663,-0.05706866830587387,3.569281449146641,-2.526496614787614,0.05436537377041528,3.7423763483282966,-3.19731188943317,-0.08700668533394379,2.4021621158459956,-1.7083714155146807,-0.3876441023791843,3.2773516113642733,-2.3067456101113124,-0.08143349551940754,0.36816418514475424,0.4456668381423307,0.24148931718130784,0.0,0.0,0.0,-0.5412590843264099,0.22514843650322525,-0.10011725807694877
14.75,-5.078960079299522,0.9139480489932885,1.0,-5.072543621063232,0.9959999918937683,1.0028315782546997,-0.16053467689710446,-0.1551781351381787,-0.013731316804303699,-0.9746588108969173,-1.3709220734899328,-2.668440118949283,0.0,-1.2985817193984985,-2.733703136444092,-0.055725373327732086,3.5681305608001783,-2.295092807576745,0.07607208851330594,3.757153502123093,-2.981686868473002,-0.06092921797841572,2.1923573087177135,-1.3119141128916665,0.08075835650603445,2.957041462184548,-2.0130531690488667,-0.03355149633168587,0.3487240486502657,0.4624967900490479,0.2385474193582023,0.0,0.0,0.0,-0.5377469899731804,0.22409727084720885,-0.10154611286648067
14.7666,-5.10125825485171,0.8691770241605401,1.0,-5.097876071929932,0.9423006772994995,1.0017187595367432,-0.15846157414529405,-0.15875592252867657,-0.012511418421004367,-0.9744382985855083,-1.3037655362408103,-2.701887382277565,0.0,-1.214309573173523,-2.781702756881714,-0.058389775454998016,3.530722779818925,-2.0636217642548145,0.09756527343230115,3.7278689413506707,-2.7594224364042406,-0.03151322903211823,5.053731001844412,-2.8784975908265538,-0.159781994824209,3.576022536641667,-2.2685481805620045,-0.07081704667102465,0.3408934900886119,0.47199952079427954,0.23452335736409238,0.0,0.0,0.0,-0.5380396516203577,0.22380115135514644,-0.10544485489967301
14.7833,-5.122426953117447,0.823868921947573,1.0,-5.121543884277344,0.8876299262046814,1.000633716583252,-0.15846157414529405,-0.15875592252867657,-0.012511418421004367,-0.9744382985855083,-1.2358033829213595,-2.7336404296761714,0.0,-1.1327247619628906,-2.8232102394104004,-0.049918536096811295,3.509097251967355,-1.857401665512896,0.05214192214108149,3.7071823344730492,-2.557003094464412,-0.07270003302534926,4.8936932427601,-2.4897390060779405,0.5081294690740079,3.9650230128810686,-2.333847755080854,0.1000985465012483,0.34035572529314045,0.47736837656304787,0.233545529851936,0.0,0.0,0.0,-0.5384408077988346,0.22223305238846808,-0.10870357468550525
14.8,-5.142441737856603,0.7780799718563246,1.0,-5.132781982421875,0.8599913120269775,1.0001119375228882,-0.15417230224482753,-0.1625159985992403,-0.011691535776921964,-0.9745167338705871,-1.1671199577844869,-2.763662606784905,0.0,-1.094526767730713,-2.8450121879577637,-0.054086215794086456,3.6929987963775797,-1.8958137313976076,0.07975316720827319,3.906933174387518,-2.600970636647673,-0.03900837489390323,2.2936207982591768,-1.3091106911756285,-0.25025075337857183,3.471594529985838,-2.0313266441323115,-0.003330970350393231,0.32962852997211844,0.4856260260706452,0.2304428954549627,0.0,0.0,0.0,-0.5435629079820568,0.21953087917942038,-0.11168135335278627
14.8167,-5.161324596603617,0.7317586665550211,1.0,-5.154046058654785,0.8039949536323547,0.9990187883377075,-0.1485888415242469,-0.16614274973085416,-0.011180884560363933,-0.9747784657998397,-1.0976379998325316,-2.7919868949054254,0.0,-1.0088599920272827,-2.889301061630249,-0.050792742520570755,3.650161022538628,-1.6486327276723607,0.0654908015718183,3.8741644078010795,-2.3534312692922734,-0.04984721992527062,5.136704789135097,-2.6556254467476768,0.19748145997140815,3.9631655126240117,-2.215631061317433,0.05595252943999462,0.3275341792213604,0.4881394541481648,0.22833565238156575,0.0,0.0,0.0,-0.5515375644838121,0.2166590874717479,-0.11299763088447683
14.8333,-5.17904358173497,0.6849782609255687,1.0,-5.173630237579346,0.7471562027931213,0.9979567527770996,-0.14171644291905583,-0.16776936190956107,-0.010725656449597762,-0.9755280475006061,-1.027467391388353,-2.818565372602454,0.0,-0.9299201965332031,-2.922508955001831,-0.05269114300608635,3.828211324269664,-1.6683877142369157,0.08107575563328506,4.070415797441612,-2.37561856321429,-0.030089662248514393,2.437830593280915,-1.2804717655468192,-0.12912526804860613,3.5128587650474876,-1.9395549447844336,0.0013141808525181792,0.3156731188756326,0.4933284353088822,0.22506394517045408,0.0,0.0,0.0,-0.5578775920475803,0.21390241366849208,-0.11389852728865463
14.85,-5.195569716774261,0.6378208595274596,1.0,-5.182833671569824,0.7184962034225464,0.9974070191383362,-0.14171644291905583,-0.16776936190956107,-0.010725656449597762,-0.9755280475006061,-0.9567312892911894,-2.8433545751613916,0.0,-0.840369701385498,-2.964050054550171,-0.055109843611717224,3.8147580140063373,-1.490439764364009,0.09781541586499198,4.083781960135624,-2.2028255108187236,-0.006350622471151063,2.5671932939138404,-1.0092631036408148,-0.12749429109338983,3.233681033520167,-1.6649157898224725,-0.03671243436930051,0.29674142485209537,0.5020670630946585,0.22090025017602796,0.0,0.0,0.0,-0.5657653709813812,0.21031868336005613,-0.11673421183988492
14.8667,-5.210928405324484,0.590214054156646,1.0,-5.199873924255371,0.6605551838874817,0.9962737560272217,-0.12993678335025363,-0.1740219469849174,-0.009024441056304039,-0.9760898649912563,-0.885321081234969,-2.866392607986726,0.0,-0.7991715669631958,-2.9781394004821777,-0.0547797754406929,3.7580140857280773,-1.2381144536007866,0.10339897165322665,4.0451376002541535,-1.9497105225428568,0.006092331262003051,5.276616200606164,-2.327972207925888,0.002069171027048665,3.8367928346952063,-1.8606621634939515,-0.025263395623536345,0.2889564267188111,0.504399412415648,0.21676988168002898,0.0,0.0,0.0,-0.5760799412448874,0.2071966565264222,-0.11946324128880538
14.8833,-5.225080418419054,0.5422779569736522,1.0,-5.215283393859863,0.6019849181175232,0.9951185584068298,-0.12993678335025363,-0.1740219469849174,-0.009024441056304039,-0.9760898649912563,-0.8134169354604783,-2.8876206276285816,0.0,-0.7167745232582092,-3.0082032680511475,-0.05365164205431938,3.733022773286416,-1.025067134806613,0.1025688274484855,4.028740885364547,-1.7324664799027756,0.011613663104646413,4.945242183587322,-1.8043500035773057,0.06770743900693997,4.164027342227418,-1.8440377846381955,0.002183294038531104,0.2871878789355243,0.5038904367700507,0.21300100311923006,0.0,0.0,0.0,-0.5829059910136557,0.20350890832611196,-0.12204583877539098
14.9,-5.238032267150927,0.4939948698942501,1.0,-5.222321033477783,0.572465181350708,0.994563639163971,-0.12332817726008068,-0.17894276145304736,-0.00871335516744512,-0.9760603200504501,-0.7409923048413751,-2.907048400726391,0.0,-0.6707668304443359,-3.026400566101074,-0.05372831970453262,3.890833242958617,-1.0189372164120458,0.10598464438941502,4.203294264926776,-1.7223329134284857,0.021368464942251045,2.7613332283960332,-1.0921826481404633,-0.004602111743914829,3.7499264020115017,-1.6220764062736297,0.00018011823095432592,0.27678746725769005,0.5043442108352841,0.2090445114823761,0.0,0.0,0.0,-0.5892484892258494,0.19905148618115576,-0.12442833203521213
14.9167,-5.2497792203956415,0.44537735877945456,1.0,-5.235098361968994,0.5129474401473999,0.9934194684028625,-0.11607909580613503,-0.181655704042311,-0.008510544532410711,-0.9764500098117819,-0.6680660381691819,-2.924668830593463,0.0,-0.5896556973457336,-3.049189805984497,-0.05270029604434967,3.8730617656863804,-0.8251605205506254,0.10575681376453527,4.201123579403724,-1.5221696627130283,0.026475983498981226,4.8643067530276385,-1.366690973562676,0.061651492729378456,4.078911849774917,-1.5466819587171416,0.018327591529057927,0.27187265257923937,0.5037796337031663,0.20531538826084328,0.0,0.0,0.0,-0.5999344662965828,0.19322950845923678,-0.12603455799528923
14.9333,-5.2603155464057565,0.3964378368923693,1.0,-5.2408857345581055,0.48303475975990295,0.9928887486457825,-0.11607909580613503,-0.181655704042311,-0.008510544532410711,-0.9764500098117819,-0.5946567553385539,-2.9404733196086346,0.0,-0.5474011301994324,-3.0580356121063232,-0.048613518476486206,4.05962769601921,-0.853378411636122,0.08412715484666133,4.413316666246159,-1.5473164604607546,0.008659402342784478,2.531365603530773,-0.5299301558282034,0.24482863896704898,3.6220479125285485,-1.246518242771621,0.08519484061714873,0.25701396146030436,0.5062737337806765,0.20281671152266964,0.0,0.0,0.0,-0.6107029316872531,0.18766431504395595,-0.12734895901879278
14.95,-5.26959946903522,0.3473872933430048,1.0,-5.251119613647461,0.4228493869304657,0.9918131232261658,-0.10155947488399565,-0.1842919156596825,-0.008138893622241685,-0.977576595072478,-0.5210809400145071,-2.95439920355283,0.0,-0.41430091857910156,-3.092299461364746,-0.05177445709705353,3.9634129578848496,-0.5962739331872978,0.11718844371991732,4.332212726718947,-1.2822624392216064,0.047960607027299235,5.641311904249982,-1.76230201390382,-0.2746584515874722,4.2181715500848584,-1.3987870392739135,-0.021040428478476314,0.25248429861846794,0.5037377955174593,0.19822059407978512,0.0,0.0,0.0,-0.6212840674525658,0.18225071051684935,-0.12899275738716703
14.9666,-5.2776653202496195,0.2980601970776517,1.0,-5.259618282318115,0.3621435761451721,0.9906972646713257,-0.09292894354223043,-0.18829702003819543,-0.008169787262200167,-0.97767163621587,-0.4470902956164775,-2.96649798037443,0.0,-0.3708532452583313,-3.09940767288208,-0.05383291095495224,3.931081923043701,-0.4296995495389267,0.12698328528894987,4.3087018245692645,-1.1086205856851852,0.06392688883377742,4.964218513006897,-0.7237501073176316,-0.03906607725438571,4.438418249450692,-1.1995037989386181,-0.026361929461835576,0.25159655710794576,0.5023096671247411,0.19336191549929113,0.0,0.0,0.0,-0.6292164586335091,0.17661136902151744,-0.1303055190441187
14.9833,-5.284501076675777,0.24850649221434679,1.0,-5.266374111175537,0.30098864436149597,0.9895787835121155,-0.09292894354223043,-0.18829702003819543,-0.008169787262200167,-0.97767163621587,-0.3727597383215202,-2.9767516150136664,0.0,-0.2794216573238373,-3.1203622817993164,-0.049785662442445755,3.843154286254917,-0.1968668729734442,0.10863974748442384,4.2155451189385476,-0.8652548624686833,0.05053929857332956,5.483155204460966,-1.2566485559050615,0.2427136206033743,4.74684369380247,-1.2163739756613094,0.05307409095944385,0.25643229042985183,0.49748344756954604,0.18992003658496587,0.0,0.0,0.0,-0.6288231231134827,0.17090454192569313,-0.13181958767387159
15.0,-5.290090402908243,0.1988471479617151,1.0,-5.26909875869751,0.2702261209487915,0.9890565276145935,-0.08486537160663371,-0.1941517177901847,-0.007740563756965194,-0.9772631489601025,-0.29827072194257265,-2.9851356043623642,0.0,-0.23812171816825867,-3.1282718181610107,-0.04770584776997566,4.040191694868834,-0.18365308716477394,0.09913669661724267,4.409826546728197,-0.842293741721634,0.04508251195163099,2.479523918582348,-0.4748647333314248,0.12486580687641351,4.077489455105168,-0.9974668943526983,0.07426831767486641,0.24800809040757363,0.4935177267650426,0.18686027225595217,0.0,0.0,0.0,-0.6176429422669371,0.1651229277918175,-0.1328060875903405
15.0167,-5.2944405218018975,0.1490201496260553,1.0,-5.27329683303833,0.20858970284461975,0.9881162643432617,-0.07952735207053951,-0.19602699439947235,-0.007396940501055879,-0.9773403198397259,-0.22353022443908296,-2.991660782702847,0.0,-0.15129315853118896,-3.127845048904419,-0.038379546254873276,3.97633827573637,-0.05520030648661123,0.04827654902506762,4.3385287864867275,-0.7056635270630015,-0.004621467765973913,5.206813665217888,0.025591902093103053,0.5592666097163445,4.410886603211038,-0.6954412386327967,0.21744867806642082,0.24543098551129286,0.49298906360931255,0.18667957512070357,0.0,0.0,0.0,-0.6076214962616502,0.15747415696707776,-0.13378155832966204
15.0333,-5.297542511256801,0.09911566839744403,1.0,-5.275687217712402,0.14677764475345612,0.9872316718101501,-0.06929690528587651,-0.19597460059841723,-0.007602743562334551,-0.978127917997849,-0.14867350259616605,-2.996313766885202,0.0,-0.05788745358586311,-3.1393721103668213,-0.04141463339328766,3.8681016062105127,0.15707282693678126,0.07133560852439924,4.213668309656243,-0.48283502400420963,0.021320407985167378,5.604828708207557,-0.6916837150746077,-0.18212103356271192,4.7633601349434604,-0.6943319490000917,0.09948839603780713,0.24967859839117193,0.4897956775985232,0.1844045233492145,0.0,0.0,0.0,-0.5952453018369023,0.1501121733424677,-0.13438932280998264
15.05,-5.299396805176187,0.049116346069865945,1.0,-5.276200294494629,0.11576856672763824,0.9867821335792542,-0.06000797168174227,-0.19620415340883182,-0.007591153178994083,-0.9786957624878363,-0.07367451910479891,-2.999095207764281,0.0,-0.017701804637908936,-3.1413843631744385,-0.041147179901599884,4.074060715949532,0.16889303413694065,0.07241958983873698,4.402105617768999,-0.46094797637768614,0.02339401636580632,2.4088669323719825,-0.12062140029440768,0.016032088293721686,4.0682707071752935,-0.5249621089984878,0.07485056861485055,0.24048196472088573,0.4868367592233481,0.18171316085344322,0.0,0.0,0.0,-0.5685268665403529,0.14300425129127875,-0.13268758738051256
15.0666,-5.299999826870678,-0.0008321762160954952,1.0,-5.275952339172363,0.05371921509504318,0.9858574867248535,-0.0535481558206139,-0.19879552077938775,-0.007085390996863345,-0.978551367384838,0.0012482643241432429,-2.999999740306018,0.0,0.07003138959407806,-3.13828182220459,-0.04104087874293327,3.993899826716729,0.31683075343504336,0.07687590106794229,4.300930975704475,-0.30434258625553384,0.02995406368250758,5.269952274224501,0.18636324578237332,0.006385291653538796,4.42302906956408,-0.3149658629818859,0.054638367478295126,0.23783416826218584,0.4857405753568676,0.17868094756448136,0.0,0.0,0.0,-0.544865317249931,0.1354327643337096,-0.13175911017904665
15.0833,-5.2993538766665695,-0.050833806254880334,1.0,-5.273928165435791,-0.00830084178596735,0.9850726127624512,-0.044967979426107065,-0.19959273368732738,-0.007120541468521465,-0.9788206857468226,0.07625070938232051,-2.9990308149998546,0.0,0.15679579973220825,-3.1353213787078857,-0.03214693069458008,4.181545885276339,0.32001034635567577,0.037253548639703205,4.481765974630923,-0.29419510243558694,-0.008583758117480855,2.5964289671589724,0.18966873025177644,0.4216822090845403,3.88378333355797,-0.16598850757490652,0.16299641818291147,0.22453710927347098,0.48503228988952923,0.1778445485655984,0.0,0.0,0.0,-0.5247571986280543,0.12917315890173345,-0.13200724180841433
15.1,-5.297459590176474,-0.10077294087220336,1.0,-5.272274494171143,-0.03932381048798561,0.9847131967544556,-0.044967979426107065,-0.19959273368732738,-0.007120541468521465,-0.9788206857468226,0.15115941130830504,-2.996189385264711,0.0,0.19639065861701965,-3.1336138248443604,-0.03137492388486862,4.122984812632641,0.49981364335226375,0.02559616658614683,4.438763363161697,-0.1078393026020924,-0.019166331183239488,2.3784156820622986,0.10257071249552453,0.0463735230934479,3.4393712884027576,-0.0867049172053335,0.12856720797161494,0.20160831743656749,0.4840219294368518,0.17654128806502523,0.0,0.0,0.0,-0.5173868679656236,0.12363101651750433,-0.1317787902956389
15.1166,-5.294314688506526,-0.15069480152652046,1.0,-5.267697811126709,-0.10127673298120499,0.983954906463623,-0.035996859401525284,-0.19877141278203952,-0.006932482230465853,-0.979360081114065,0.22604220228978067,-2.9914720327597895,0.0,0.2857513129711151,-3.127692699432373,-0.03622765466570854,4.021438841420767,0.6642464201632619,0.059039129400580315,4.35794277901372,0.06265312789840172,0.01770587995219222,5.35873139556496,0.35507484666085243,-0.29100593519008333,4.00600147323886,0.043716543740031394,0.004701547340852333,0.19001317825445158,0.4831994594782047,0.17299373947535635,0.0,0.0,0.0,-0.5265171158474045,0.11839383278665545,-0.13166049002696825
15.1333,-5.289923664317066,-0.2005088780850859,1.0,-5.261313438415527,-0.16313005983829498,0.9831905961036682,-0.030212515276412857,-0.19963930595493193,-0.0061360332341554415,-0.9793843998456558,0.3007633171276289,-2.9848854964755995,0.0,0.32927003502845764,-3.123868465423584,-0.03435199335217476,4.205359307544565,0.6974210965098543,0.05030139704373138,4.567908269013934,0.10434546283341573,0.012219066504127435,2.610490975658591,0.22939847258373616,0.11251242455879408,3.5940212678391834,0.09853324294557606,0.03652928881437152,0.17056507543922306,0.4807629301461088,0.17008185123805358,0.0,0.0,0.0,-0.5331140369085916,0.11231270353032974,-0.13199952069844964
15.15,-5.28429448297223,-0.25015076423223026,1.0,-5.257528781890869,-0.19392336905002594,0.982859194278717,-0.02491785957908031,-0.20265421754288596,-0.0053400900000272295,-0.9789187193164589,0.3752261463483454,-2.9764417244583457,0.0,0.40534064173698425,-3.1050617694854736,-0.026789387688040733,4.174850954917589,0.8062974311292972,0.009006949775929307,4.569771156818195,0.21727387906513096,-0.029097947343700747,4.568946629816849,1.129566250912892,0.4542246099623387,3.8818370539427987,0.4029130316556848,0.1598405820646935,0.156131593692871,0.4822947314537872,0.1696761874235867,0.0,0.0,0.0,-0.5510517955934775,0.10672882061037907,-0.13157129030395665
15.1666,-5.277417239974894,-0.29970161669579254,1.0,-5.24873685836792,-0.25529247522354126,0.9823259115219116,-0.01615717350075736,-0.20324172353770356,-0.005507750163403579,-0.9789798322467997,0.4495524250436888,-2.9661258599623412,0.0,0.4883457124233246,-3.09131121635437,-0.02243775501847267,4.0972525532294535,0.9555291460417902,-0.013846748938655118,4.529039834321624,0.369173095529608,-0.0532284451905955,4.975682435329427,0.824267543232814,0.2608556568886666,4.204760203342633,0.5273045848017344,0.1896620784608898,0.1476373792156453,0.4840889933891455,0.1701061629069002,0.0,0.0,0.0,-0.5794246603078158,0.10226705712303673,-0.13072446665495982
15.1833,-5.2693075776241525,-0.3490381995027083,1.0,-5.24367094039917,-0.28590795397758484,0.9820550084114075,-0.01615717350075736,-0.20324172353770356,-0.005507750163403579,-0.9789798322467997,0.5235572992540625,-2.953961366436229,0.0,0.533548891544342,-3.0872466564178467,-0.0234744343906641,4.266607483517036,1.0204785043380094,-0.005674068348704431,4.736917731094171,0.4406836505191134,-0.04734898080060082,2.7125425632368088,0.24390523062836214,-0.06220883079861508,3.7642302818997044,0.4436399156036685,0.11530518246415045,0.13017357448094527,0.48173039950376106,0.16934574854370424,0.0,0.0,0.0,-0.6004838220580807,0.09806445431513491,-0.12767083609180785
15.2,-5.2599674492718,-0.39815524333479996,1.0,-5.232271671295166,-0.34679731726646423,0.9815449118614197,-0.008734502348685506,-0.20305391718073904,-0.005717177853654227,-0.9791119626168814,0.5972328650022,-2.9399511739077,0.0,0.6114836931228638,-3.0674338340759277,-0.022192182019352913,4.209279559362539,1.1541818536818595,-0.01020203640954609,4.713841328464015,0.5795114770187597,-0.05520034786967688,4.676895397250083,1.1889745754224315,0.076948424734952,4.033665705234125,0.6636763300742589,0.10398156651490398,0.11698858133807685,0.4816752223033134,0.16855455903734157,0.0,0.0,0.0,-0.6215503504395524,0.09299515435978645,-0.12355624757721077
15.2166,-5.249402477485093,-0.4470234678123491,1.0,-5.219154357910156,-0.40717124938964844,0.981103241443634,-0.004381691738313784,-0.20565980414060697,-0.005230676781292925,-0.9785997519669285,0.6705352017185237,-2.9241037162276404,0.0,0.6987950801849365,-3.0478391647338867,-0.017917413264513016,4.088188191872403,1.2985163764981411,-0.033012360445106914,4.621058927265079,0.7281237015890568,-0.0818902463895743,5.238313545987698,1.1755971963953655,0.25646802585467027,4.389299765836659,0.8148047264718781,0.14899835639100656,0.11028782234801597,0.4823126335761835,0.16885309172963747,0.0,0.0,0.0,-0.643158557740692,0.08808004133290077,-0.11997520578517008
15.2333,-5.237608097724021,-0.49565598920451054,1.0,-5.211931228637695,-0.43719714879989624,0.9809128046035767,0.002885815790965207,-0.20776373267142229,-0.005520478511653849,-0.9781592331062926,0.7434839838067658,-2.906412146586031,0.0,0.7413378953933716,-3.03625750541687,-0.015495245344936848,4.266514429487125,1.3505904178263408,-0.0459561799978383,4.826414097913311,0.7872161132052313,-0.10051052917114367,2.549507779793968,0.6940662104044921,0.14515579010630242,3.8461595446654107,0.7791605097244274,0.1478639605910615,0.09277732648327505,0.4797040466984784,0.16940287652540945,0.0,0.0,0.0,-0.6526769949094615,0.08367025792263115,-0.11484852735210407
15.25,-5.2246245908835816,-0.5438935412065539,1.0,-5.196269989013672,-0.49675390124320984,0.9806011915206909,0.010437045367707417,-0.209368589832308,-0.006060211053684366,-0.977762378380714,0.8158403118098307,-2.8869368863253726,0.0,0.8170926570892334,-3.011491298675537,-0.013399329967796803,4.203050176753023,1.4831903712030343,-0.05632763726877332,4.787667086092595,0.925070991657583,-0.11656063816383727,4.5499112180313315,1.4874846063522067,0.1258828972993098,4.053919901499976,0.9882707294785913,0.14137474894733593,0.07850270526637788,0.47920462515209683,0.17011909827507216,0.0,0.0,0.0,-0.6631196146059503,0.07891475439335448,-0.10988609738000821
15.2666,-5.21043129037614,-0.5918211594322706,1.0,-5.178936004638672,-0.5556840896606445,0.9802995324134827,0.016057085272256185,-0.21076374534842773,-0.006155884399804099,-0.9773858384361177,0.887731739148406,-2.8656469355642096,0.0,0.9042527675628662,-2.9840757846832275,-0.012942641042172909,4.063275029297564,1.6086849497175126,-0.05690306608338691,4.67183412033908,1.0547191337413104,-0.12219512688615641,5.2317820138531115,1.645615089587269,0.027412733807029594,4.401646325501189,1.1823307992275935,0.107731079131399,0.07080213119191862,0.4802846381071318,0.17045940874779056,0.0,0.0,0.0,-0.6793612222334338,0.07368117786907044,-0.10516734794502106
15.2833,-5.195029820284237,-0.6394231621027611,1.0,-5.169605255126953,-0.5848724246025085,0.9801875352859497,0.016057085272256185,-0.21076374534842773,-0.006155884399804099,-0.9773858384361177,0.9591347431541416,-2.842544730426355,0.0,0.9449000358581543,-2.9673266410827637,-0.008668673224747181,4.243085711506511,1.6609296969383123,-0.08132602846561898,4.872191250881371,1.1136796292531486,-0.15271862897120236,2.4371997941445565,1.0042743595608417,0.25626601544630606,3.8217058041734835,1.1297652838023509,0.1515813071864004,0.05187131221002644,0.4778969675712128,0.1719225747272268,0.0,0.0,0.0,-0.680976851584886,0.06935310011395075,-0.1005299742216434
15.3,-5.178453756737899,-0.686594118673669,1.0,-5.149739742279053,-0.6426413059234619,0.9800242185592651,0.02245631503865013,-0.21216292588858027,-0.006448046353681625,-0.9769550133506393,1.0298911780105036,-2.817680635106849,0.0,1.0231373310089111,-2.9279816150665283,-0.007628751918673515,4.143978566418,1.7324358006954794,-0.08608307582151387,4.7893521821785106,1.1871238809794997,-0.16314300425114275,4.693973594243945,2.3605687393611694,0.06239176778025719,4.0792151987211085,1.493120959955971,0.12525092498737156,0.03743752952345109,0.4807882474647215,0.17318815980224192,0.0,0.0,0.0,-0.6828111452839618,0.06452367225125806,-0.09612823137261305
15.3167,-5.160695855030402,-0.7333559402314002,1.0,-5.128183841705322,-0.6996058225631714,0.9798815846443176,0.029850031305794993,-0.21415411159962894,-0.006573011759516419,-0.9763215883643691,1.1000339103471002,-2.791043782545603,0.0,1.0652165412902832,-2.9104859828948975,-0.006944217719137669,4.308078016451374,1.8006465286531872,-0.08915085603789752,4.983573009220565,1.2613429631949669,-0.17141843677216367,2.523419404649567,1.0491836092762574,0.041050363604844015,3.619915844174563,1.3620625399478503,0.10039338028721322,0.013868376332422515,0.4791320149096765,0.1742453478890702,0.0,0.0,0.0,-0.6893633691016136,0.060171550548543756,-0.09197776715480406
15.3334,-5.141746756679617,-0.7797235947822216,1.0,-5.116771221160889,-0.7278261780738831,0.9798262715339661,0.03598175502469028,-0.21432909477793405,-0.00657237955678873,-0.9760764201465812,1.1695853921733326,-2.7626201350194264,0.0,1.1485410928726196,-2.876993417739868,-0.005122573580592871,4.165047028974984,1.9247850985028037,-0.09878767280810852,4.870075778086458,1.3887994624646542,-0.1877053500480314,4.987633971257725,2.0047951363616905,0.10903982099406316,4.02369123382703,1.5518089499868837,0.10294596761963438,-0.0024684164416768073,0.47954872096226575,0.17560265283919388,0.0,0.0,0.0,-0.702560332669798,0.05643691507588378,-0.08668497559927099
15.35,-5.121701161710593,-0.8254725176662596,1.0,-5.092711925506592,-0.7835223078727722,0.9797362089157104,0.040866664329155984,-0.2148337137267989,-0.006140711534340153,-0.9757759974103956,1.2382087764993894,-2.7325517425658905,0.0,1.2284436225891113,-2.835198163986206,-0.0057315225712955,4.03171842250611,2.0063966123954398,-0.09400892174108666,4.7611230011023595,1.4701856543996072,-0.18754955710393503,4.799236728673511,2.5103750483309706,-0.036575692564906705,4.252646438977874,1.8347951824585949,0.06175662341892919,-0.01415569714330673,0.48362729533954063,0.17639562697470762,0.0,0.0,0.0,-0.7152488814529427,0.05258366265629178,-0.08285499161185925
15.3667,-5.100484499355962,-0.8707787133244074,1.0,-5.080020427703857,-0.8111095428466797,0.9796799421310425,0.040866664329155984,-0.2148337137267989,-0.006140711534340153,-0.9757759974103956,1.3061680699866112,-2.7007267490339433,0.0,1.2755937576293945,-2.818877696990967,-0.006780598312616348,4.151120462469168,2.1117729110545076,-0.08675544993656903,4.900178605608841,1.5816640949721188,-0.1835050023519897,2.8275546532077036,0.9787249252941765,-0.06291220568943824,3.8319332966310418,1.5820675956760635,0.024952106425284646,-0.033560853263755894,0.4806870337800579,0.1766377233990533,0.0,0.0,0.0,-0.7154972898759163,0.04942178230233094,-0.07988817098363261
15.3834,-5.078119664303737,-0.9155820331441439,1.0,-5.039334297180176,-0.8926752209663391,0.9795243144035339,0.05121647625715794,-0.2194249595959089,-0.004850470060876183,-0.9742720714149813,1.3733730497162158,-2.667179496455606,0.0,1.3907109498977661,-2.750761032104492,-0.0041763368062675,4.004085898727615,2.1999964271213437,-0.09294360931304713,4.7683451125886185,1.6719977277314018,-0.19428053905966736,4.768905042772882,2.6159580697219407,0.07428823250346325,4.108544481640781,1.887290960600045,0.03951703258711256,-0.04754065618791729,0.48192493377690626,0.17728410783742166,0.0,0.0,0.0,-0.7167185576730867,0.04607376561303566,-0.07594717809080144
15.4,-5.054761315262703,-0.9595898740907535,1.0,-5.025001049041748,-0.9194117784500122,0.9794791340827942,0.05121647625715794,-0.2194249595959089,-0.004850470060876183,-0.9742720714149813,1.4393848111361303,-2.6321419728940545,0.0,1.4312621355056763,-2.724489688873291,-0.005880497395992279,3.8661438727636313,2.252734456227875,-0.08978840823406475,4.655031225827989,1.7306817040597646,-0.19406940276851947,2.442682751687491,1.5825075398535113,-0.10265356280518455,3.6167516510862114,1.7973133241012194,-0.0024543257029699846,-0.07064717489495012,0.47940609032343706,0.17722480555958542,0.0,0.0,0.0,-0.7182401781694082,0.0426466618446731,-0.07294381102513071
15.4167,-5.030095872664891,-1.0033784288033658,1.0,-4.99500036239624,-0.972155749797821,0.9793428778648376,0.05707794911504531,-0.21796117320534522,-0.004433511288557893,-0.9742768340088631,1.5050676432050487,-2.595143808997336,0.0,1.5204771757125854,-2.6807861328125,-0.008743828162550926,3.6421892711715365,2.3552804218360106,-0.07123508553423452,4.4403530908438045,1.835751777103127,-0.1767906171471954,5.325936890647461,2.609003828690986,-0.17093439541553396,4.1213343735246974,2.036939196770532,-0.052192721685148144,-0.08222812686694733,0.48002170628299,0.17627404380500322,0.0,0.0,0.0,-0.715935692805321,0.03950693844989351,-0.07071851219204232
15.4333,-5.004605872783196,-1.0460969450643849,1.0,-4.97932767868042,-0.9982208609580994,0.9792688488960266,0.06137804982299811,-0.21737886707796264,-0.004231627884190733,-0.9741464316595704,1.5691454175965773,-2.556908809174794,0.0,1.559643030166626,-2.6593565940856934,-0.008003521710634232,3.7829756663820757,2.468168862782563,-0.0746191818039188,4.584010171185285,1.9568002003441056,-0.18160625947231948,2.3617105395574853,1.2922063918800408,0.044640658920022426,3.6018612561236005,1.8170804608752016,-0.023605737853470768,-0.10201448983289702,0.4744033893875625,0.17588399069465882,0.0,0.0,0.0,-0.6990200149703119,0.036965273050894906,-0.06889691302625814
15.45,-4.977921202224147,-1.0883843251015117,1.0,-4.946794509887695,-1.049676775932312,0.9790874123573303,0.06793761146948354,-0.21733042454395546,-0.003964206130389105,-0.9737228979788844,1.6325764876522677,-2.5168818033362204,0.0,1.6350430250167847,-2.6084542274475098,-0.009876122698187828,3.621360332556982,2.5432608433210215,-0.061779297623254514,4.423597181428678,2.035512948550786,-0.17004128306990451,4.523939289903585,3.054101221640489,-0.1123545591580122,3.874075545023536,2.182271599162883,-0.04980601201365929,-0.1154330050681866,0.47420071138956565,0.1749849904158151,0.0,0.0,0.0,-0.6868038438035097,0.033547183380669615,-0.06672300496916511
15.4667,-4.950197002143834,-1.1299778113376848,1.0,-4.912762641906738,-1.1000609397888184,0.9788716435432434,0.07277181284683457,-0.21359735173080002,-0.00408638984422216,-0.974199115220209,1.6949667170065272,-2.4752955032157504,0.0,1.7082388401031494,-2.5531673431396484,-0.011457056738436222,3.77703300045303,2.637018425176042,-0.0526713545670896,4.590329689811171,2.138209203013193,-0.162350179922491,2.105474060822898,1.6723005366726298,-0.07887432915921289,3.351952061184074,2.0317188204937704,-0.05838751053266937,-0.137706474500563,0.4691163313190152,0.1738691711028148,0.0,0.0,0.0,-0.6755902148575785,0.029692890843833288,-0.0641903457474134
15.4833,-4.921417699212304,-1.170899075360929,1.0,-4.895155906677246,-1.1248549222946167,0.9787519574165344,0.07277181284683457,-0.21359735173080002,-0.00408638984422216,-0.974199115220209,1.7563486130413934,-2.4321265488184562,0.0,1.750579833984375,-2.525883674621582,-0.012943625450134277,3.567188912758904,2.703660677451122,-0.040287997154629274,4.398398759608829,2.2179880586539156,-0.1507119771157775,2.538791439722091,1.635945161613129,-0.0891355533695015,3.111892183143947,1.9148792026190582,-0.06746489477701649,-0.16439041237522772,0.4598692359285651,0.17250418900121034,0.0,0.0,0.0,-0.6668194344746974,0.025803382868641568,-0.06208020904006211
15.5,-4.8916615565437,-1.2110381866072122,1.0,-4.858625888824463,-1.173669695854187,0.9784747362136841,0.07656352246298076,-0.20994552750486148,-0.004493823428777003,-0.974700367689549,1.8165572799108183,-2.3874923348155503,0.0,1.8336148262023926,-2.4756393432617188,-0.014366336166858673,3.328860032115772,2.8030688874244434,-0.02964859087752192,4.172098261907356,2.326552401120955,-0.1402826559581415,4.98538484661962,3.0166478191786315,-0.08541893313674688,3.6649814602592548,2.2401414358592793,-0.0727652550566567,-0.1783842355195038,0.45548273889040614,0.17092840106190893,0.0,0.0,0.0,-0.6648539942720805,0.021033747413082136,-0.06029433598128937
15.5167,-4.860856982420722,-1.250490096093719,1.0,-4.8397369384765625,-1.1976687908172607,0.9783353805541992,0.0822267207404047,-0.2076686388444696,-0.00482505551122408,-0.974725276477019,1.8757351441405787,-2.3412854736310824,0.0,1.8707391023635864,-2.4458038806915283,-0.013584403321146965,3.451096923971351,2.9119184899798034,-0.032920305955948415,4.301095305448088,2.449493164239313,-0.14407727722630453,2.2245310513307714,1.7877766189979571,0.0468543517936483,3.239734171638074,2.1065950738009063,-0.0374513607610084,-0.1984954774945613,0.44658258065082024,0.16993572779356456,0.0,0.0,0.0,-0.6515029039821757,0.015842745089670002,-0.05877875652320844
15.5333,-4.829121339253951,-1.2891035372840316,1.0,-4.8009209632873535,-1.2447593212127686,0.9780327081680298,0.08844586755982373,-0.2079544576976462,-0.004375432931309873,-0.974121733606343,1.9336553059260475,-2.2936820088809267,0.0,1.937777042388916,-2.384657382965088,-0.01736707240343094,3.289113559564224,2.959187175575378,-0.007978949039178396,4.140303217658215,2.5043029092677007,-0.11881820106703478,4.023719232970807,3.670105895821408,-0.22704155784917002,3.471180891070264,2.5681720456098,-0.09342185218588803,-0.21285177240679953,0.44500552213234357,0.16775688807964387,0.0,0.0,0.0,-0.6383378856871917,0.00987874417533336,-0.05691763605178749
15.55,-4.796453955156989,-1.326885662027819,1.0,-4.7607502937316895,-1.2906829118728638,0.97768634557724,0.09203442409779135,-0.20538058653757837,-0.004553798394208019,-0.974334490897626,1.9903284930417287,-2.2446809327354837,0.0,2.002957582473755,-2.3274970054626465,-0.01781044714152813,3.1264571144112194,3.0353458845527763,-0.0028440681233599108,3.977974400555955,2.5847007945793754,-0.11308680245033657,3.9159337668662446,3.434096313060418,-0.026637185056005958,3.6024800689985086,2.8238087163359906,-0.07370579778900217,-0.22283547016139613,0.44677863462169476,0.16580576622572654,0.0,0.0,0.0,-0.6286818159833395,0.0038664553517059434,-0.05556303189874988
15.5666,-4.762812806323192,-1.3638836803983208,1.0,-4.740130424499512,-1.3131996393203735,0.977508008480072,0.09203442409779135,-0.20538058653757837,-0.004553798394208019,-0.974334490897626,2.0458255205974814,-2.194219209484787,0.0,2.0425448417663574,-2.2933406829833984,-0.018752489238977432,3.210951449114527,3.143172533931618,0.004449698807994729,4.059447790595687,2.7022784717804638,-0.10420008798221594,2.3749320593872474,2.0491174871985582,-0.056515303623022574,3.240085459990186,2.5951057060363425,-0.06863084971107497,-0.23788031720974576,0.44220307474156073,0.163813194459815,0.0,0.0,0.0,-0.6106160242714143,-0.0013090125904066966,-0.05516340766960431
15.5833,-4.728241665823564,-1.4000449078531487,1.0,-4.697775363922119,-1.3569755554199219,0.9771726131439209,0.09791682813432044,-0.19928171628709732,-0.005678234165630143,-0.975021526675202,2.100067361779723,-2.142362498735346,0.0,2.116014242172241,-2.23504376411438,-0.020152321085333824,2.978373292858959,3.223249154928445,0.01528712298374213,3.8152992724173203,2.7883787864256826,-0.0922522505078456,4.4050175112572365,3.4953184189836324,-0.08392995943821027,3.5839946936289393,2.8608649525819545,-0.07314742653278021,-0.24482668145778627,0.44111426833132844,0.16158942212827737,0.0,0.0,0.0,-0.5920992981005752,-0.006243899828565893,-0.05405004863668964
15.6,-4.69282255942793,-1.4352857966093826,1.0,-4.654186725616455,-1.3994221687316895,0.9768064022064209,0.10351381898108983,-0.19674715759997802,-0.0065483558531375455,-0.9749526165778868,2.152928694914074,-2.089233839141895,0.0,2.1767683029174805,-2.1680257320404053,-0.022034944966435432,2.8098328088789066,3.2546362434909977,0.02918648716853678,3.6324201381255747,2.8207633523526208,-0.07673114937072145,3.6478562737098277,4.023963925273781,-0.11303839202634028,3.60284779930209,3.2042330279211155,-0.08492396865562654,-0.24916753705544853,0.4450530913304201,0.15897668152066144,0.0,0.0,0.0,-0.5734197921912193,-0.011180200192043235,-0.053059044981403215
15.6167,-4.656482673096167,-1.469678453808818,1.0,-4.60934591293335,-1.4404171705245972,0.9764419198036194,0.10774746201147503,-0.1944621530370697,-0.006731610350462908,-0.9749510992913404,2.2045176807132267,-2.03472400964425,0.0,2.238624095916748,-2.097426176071167,-0.019510027021169662,2.918851041656747,3.378286352515828,0.024703632897504768,3.72572510207275,2.9526508341386437,-0.07899643684523946,1.8858580659918798,2.113870303654143,0.06208172052810659,3.0959610476618797,2.882338022557446,-0.04152520230463979,-0.26100687033596676,0.44097207047317605,0.1570530434167107,0.0,0.0,0.0,-0.5458671900800361,-0.015336552095991333,-0.053352973673966464
15.6333,-4.6193228462387905,-1.503125818882896,1.0,-4.586475372314453,-1.4604073762893677,0.9762734174728394,0.11277855239164472,-0.1890027453089081,-0.007519503536525582,-0.9754498650966182,2.2546887283243437,-1.978984269358186,0.0,2.26996111869812,-2.067239999771118,-0.020480575039982796,2.723846485829847,3.4282469144851047,0.02409595801639508,3.524001622894427,3.0184103687332957,-0.07719617526384208,1.8803307534942275,1.811275947411339,-0.05823626897326219,2.7370847660791595,2.5661409215828503,-0.046458614622586714,-0.27853893597001467,0.42881061127839004,0.1549196903807496,0.0,0.0,0.0,-0.5216162010945653,-0.01897406552658095,-0.05362755710051244
15.65,-4.581331442048606,-1.5356398456726887,1.0,-4.539787769317627,-1.4993484020233154,0.9759448766708374,0.11904904987761819,-0.18238487349750782,-0.008554461548559064,-0.9759558801598401,2.303459768509033,-1.9219971630729096,0.0,2.3333075046539307,-1.9981825351715088,-0.019901782274246216,2.5067402549041806,3.460511367601498,0.023067868285742144,3.296036696668943,3.059859559292788,-0.07567723140293234,3.800188797986155,4.142799931346187,0.03472213531237485,3.05093250723603,3.031599478730098,-0.022492573456506917,-0.2873727840569568,0.4245178130010397,0.15319231725245416,0.0,0.0,0.0,-0.5019236577078058,-0.023866004692329544,-0.05444721756377969
15.6667,-4.542541284631657,-1.5671921247842946,1.0,-4.516007900238037,-1.5182178020477295,0.9757764339447021,0.11904904987761819,-0.18238487349750782,-0.008554461548559064,-0.9759558801598401,2.350788187176442,-1.8638119269474849,0.0,2.361886739730835,-1.9591978788375854,-0.022866452112793922,2.6065666643599124,3.5824767358943146,0.04250565633576908,3.3875976121448748,3.196561148557894,-0.05199971552430821,1.7145350001430328,2.338780501759304,-0.17785746148840004,2.6564035370688814,2.8270666536942883,-0.06835912809315191,-0.3011152102034702,0.41478881425454717,0.15049143179277796,0.0,0.0,0.0,-0.47991573758149203,-0.028873226918126584,-0.05598605993270067
15.6833,-4.502992183243336,-1.5977514847608283,1.0,-4.467630386352539,-1.5548774003982544,0.9753989577293396,0.12379230362423878,-0.17785260687453278,-0.008768736126388482,-0.9762003318812033,2.3966272271412423,-1.8044882748650042,0.0,2.41502046585083,-1.8909271955490112,-0.021890245378017426,2.4290818295796903,3.6273399579671874,0.039355572889028245,3.1991110603695843,3.2498807237523906,-0.050854337104567854,3.1890302362520213,4.09753445043859,0.05859089925303722,2.8136446737792844,3.202131968332873,-0.030881159684985775,-0.31000143285800286,0.41093974111035103,0.14839037877105418,0.0,0.0,0.0,-0.460027797931891,-0.03348050689555405,-0.058180468777458076
15.7,-4.462670860355091,-1.6273280156382586,1.0,-4.418212890625,-1.5900651216506958,0.9750670194625854,0.12820634833714079,-0.17435637300822826,-0.008869846415966087,-0.9762603911403314,2.4409920234573876,-1.7440062905326366,0.0,2.469801187515259,-1.8140900135040283,-0.019646095111966133,2.2296414713394386,3.623190870399921,0.02838146118514029,2.9900882495594345,3.248260019413981,-0.059428793892516873,3.286846434446749,4.610235319361991,0.13464914437450826,2.9533424824975287,3.617829814237168,0.017986411561914627,-0.3137906397191222,0.4138869321984872,0.14715834000391925,0.0,0.0,0.0,-0.44665613850087366,-0.038956081212546685,-0.05934808492626209
15.7167,-4.421618554173337,-1.6558900382978674,1.0,-4.393102645874023,-1.6070846319198608,0.9749270081520081,0.1328778088785901,-0.1675794245025687,-0.009877113948527931,-0.9768127255900666,2.483835057446801,-1.6824278312600058,0.0,2.4950647354125977,-1.7763832807540894,-0.0178445503115654,2.3219855986785864,3.772159551545651,0.019108265603924757,3.0765928100823947,3.4080647708973113,-0.06633878647039998,1.515359093899265,2.261726682492921,0.10806032895489517,2.528823503368918,3.2174833835024153,0.04457787830692142,-0.32326239756302183,0.4076539228878078,0.1464274283414285,0.0,0.0,0.0,-0.4313448138407867,-0.0435591422394677,-0.06098037626710376
15.7333,-4.379874565852912,-1.6834105031227484,1.0,-4.342224597930908,-1.639926791191101,0.9746488928794861,0.13775699148001438,-0.16071910821346558,-0.011058658699682328,-0.9772769309795656,2.5251157546841227,-1.6198118487793678,0.0,2.5425539016723633,-1.7010583877563477,-0.020778300240635872,2.1445129779367695,3.7837108372204695,0.0389464259924841,2.8867562622870153,3.424102184754765,-0.04433902516173069,2.8491896608448126,4.519239296800126,-0.1760150919409518,2.623401448564513,3.601785522017705,-0.020545198409465754,-0.3292384208911514,0.40750271288341705,0.1444104677611831,0.0,0.0,0.0,-0.4130048634590945,-0.04789406041771236,-0.06112501660696831
15.75,-4.337490528363122,-1.7098577144186033,1.0,-4.290282249450684,-1.6712754964828491,0.9743897318840027,0.14194626178145173,-0.15576590520934405,-0.011737096520162188,-0.9774715229791403,2.564786571627905,-1.5562357925446828,0.0,2.5971553325653076,-1.6289047002792358,-0.018130986019968987,1.9109874700826037,3.815616214738167,0.025211348779627052,2.638517357359441,3.4579090451281265,-0.05726877991723256,3.278668575518969,4.3326342161775235,0.1589640748031496,2.8168482811196545,3.8175454146578023,0.032449220032754585,-0.3291080395138094,0.4103565344854504,0.14336510477715486,0.0,0.0,0.0,-0.39842184776302797,-0.052649364875409624,-0.06088497608029525
15.7667,-4.294404522069139,-1.7352693296685813,1.0,-4.263932228088379,-1.6864253282546997,0.9742743968963623,0.14194626178145173,-0.15576590520934405,-0.011737096520162188,-0.9774715229791403,2.602903994502872,-1.4916067831037085,0.0,2.617363214492798,-1.5900356769561768,-0.018532371148467064,2.0046731026140114,3.9752290379019284,0.02905411137987013,2.719615015402101,3.6282768755270136,-0.05130515289026845,1.2121099447987873,2.3314432399965677,-0.02407589809226897,2.3431001935513067,3.3788208903898473,0.015761972021530863,-0.3354968435277137,0.40325366848354355,0.14199259002929843,0.0,0.0,0.0,-0.37944506926037563,-0.056301506108628795,-0.06163332575915985
15.7833,-4.250685150363736,-1.7596015869729944,1.0,-4.2106451988220215,-1.7155147790908813,0.9740346670150757,0.14529446159244294,-0.1507338123597971,-0.012593899803540165,-0.9777578265210749,2.6394023804594915,-1.4260277255456042,0.0,2.651978015899658,-1.5049234628677368,-0.01936379447579384,1.8690996974575005,3.935828088060618,0.036107727235779485,2.563199056250566,3.5912450197073666,-0.043013592046794794,2.0746938367224455,5.101337544120379,-0.04983269534431758,2.263861731204611,3.8873392899567047,-0.00360277269473115,-0.3417364559641945,0.40466434934878037,0.14021493095792,0.0,0.0,0.0,-0.352362902828871,-0.06008128099552911,-0.06109361167534573
15.8,-4.206447292364568,-1.7827936802010893,1.0,-4.15652322769165,-1.7430795431137085,0.9738002419471741,0.14969131006188022,-0.1450150701336641,-0.013602642475799903,-0.9779458857591304,2.674190520301634,-1.3596709385468517,0.0,2.6972756385803223,-1.4315712451934814,-0.017509911209344864,1.9408737335597739,4.107868662297312,0.04066366390420395,2.6262491001766017,3.776549052277998,-0.03686573923269139,1.2364248370693978,2.315039747905178,-0.030898065422903388,1.9605435810258922,3.4231677273583756,-0.011660841999186438,-0.3518620925041728,0.39571421831013526,0.13823078085805607,0.0,0.0,0.0,-0.3335132741126551,-0.06439460829082132,-0.06070137772116073
15.8167,-4.161572421103464,-1.8049080207018626,1.0,-4.129104137420654,-1.7563217878341675,0.973699688911438,0.15379392660741528,-0.1384101319717645,-0.014860093701122415,-0.9782481208098021,2.707362031052794,-1.2923586316551956,0.0,2.7168374061584473,-1.3913649320602417,-0.01914193294942379,1.7241357611925405,4.13423591630173,0.03819710386752373,2.4110536236455924,3.823786655395453,-0.035773151906766554,1.1729353404526026,2.4107946991465456,-0.09785700436734285,1.7280272328590467,3.124296705730814,-0.03710752458500077,-0.365359102074524,0.3791321329635476,0.13568407620221357,0.0,0.0,0.0,-0.321558760378528,-0.06868287205727071,-0.061713820427923276
15.8333,-4.116180013002872,-1.825883398898909,1.0,-4.073718070983887,-1.7816308736801147,0.9734604954719543,0.15745290262671052,-0.1331529896037847,-0.015921056318687184,-0.9783789867744284,2.7388250983483635,-1.2242700195043077,0.0,2.752869129180908,-1.307114839553833,-0.02069181762635708,1.5439148476992364,4.105392558118489,0.049577117018961836,2.232012335672649,3.806788210434985,-0.020458120100442678,2.161688980432544,5.054504233894038,-0.09298385827897929,1.856052107017355,3.694129247510706,-0.05360323957398962,-0.37399642512736125,0.3727071890729902,0.13278618141697462,0.0,0.0,0.0,-0.31410106284605155,-0.07410284138948578,-0.06275094429757011
15.85,-4.0702932450760745,-1.8457107889889386,1.0,-4.045742034912109,-1.7936785221099854,0.9733396768569946,0.15745290262671052,-0.1331529896037847,-0.015921056318687184,-0.9783789867744284,2.768566183483408,-1.1554398676141122,0.0,2.7895596027374268,-1.2289379835128784,-0.016940442845225334,1.5919028879607162,4.290179753783917,0.04794253085613942,2.274747406006173,4.012090265647809,-0.017677936932602653,1.1638288739447704,2.3308985548719416,0.031278392831592505,1.6516951564690356,3.2916786305255354,-0.028544630259515348,-0.38406083802238533,0.3573547781844151,0.13030609893379796,0.0,0.0,0.0,-0.2987836800230717,-0.07926529004830668,-0.06468563114505589
15.8668,-4.023626574172294,-1.8645011614776938,1.0,-3.989227294921875,-1.8166618347167969,0.9731720089912415,0.1615132246451288,-0.12938076236836266,-0.01686982402551593,-0.9782073226604435,2.7967517422165407,-1.085439861258441,0.0,2.8033506870269775,-1.188260793685913,-0.01689119264483452,1.419667535281375,4.2925360041282286,0.030003987796383136,2.1059406153397475,4.041777894188453,-0.031289602815322004,0.8224655196928764,2.425885113038533,0.0029371578629318923,1.4068914114059206,3.036080559578393,-0.01925063099578793,-0.3973193555512673,0.3352755932647004,0.1279454846794845,0.0,0.0,0.0,-0.2889537245071055,-0.08451748332492474,-0.06665189406777935
15.8833,-3.977065405294027,-1.8819092531134531,1.0,-3.932171106338501,-1.8379789590835571,0.9730165600776672,0.16615168420419407,-0.1257755960208147,-0.01774437113211694,-0.9778851521504263,2.8228638796701797,-1.0155981079410406,0.0,2.8275368213653564,-1.0981947183609009,-0.018048474565148354,1.2732418051011272,4.2291753977256334,0.0386193015432843,1.9672253548383745,3.9947127606055233,-0.018500313922779538,1.4593949159125894,5.434600279092518,-0.06983056188948512,1.4223914055717588,3.744167419844928,-0.0341827510728626,-0.4079483525951597,0.3262699502514113,0.125332044431685,0.0,0.0,0.0,-0.28603519714208764,-0.09180731313130104,-0.06821242896562116
15.9,-3.9298280195736632,-1.898240413056238,1.0,-3.903404951095581,-1.8479984998703003,0.9729602932929993,0.16986344783416019,-0.11899404560613334,-0.019081016285791442,-0.9780709354586623,2.8473606195843573,-0.9447420293604951,0.0,2.8475182056427,-1.057321548461914,-0.01357248891144991,1.2859657405778897,4.413422786971385,0.01294573479687866,1.98187283810316,4.202960192200293,-0.04238269272003617,1.1992959459652839,2.453234784848528,0.2686516296453972,1.356529548257336,3.3630605109072036,0.05521949318593862,-0.41741511273047743,0.3090220113963312,0.1244824214486403,0.0,0.0,0.0,-0.27849198479479287,-0.0985594166252398,-0.06915399393172547
15.9167,-3.882201399748512,-1.9133848358683292,1.0,-3.845381498336792,-1.8667970895767212,0.97297602891922,0.17356693355966096,-0.11275433112464103,-0.020501491521154113,-0.9781312475988814,2.870077253802494,-0.8733020996227681,0.0,2.87111759185791,-0.9643732309341431,-0.01133060920983553,1.1209117155675445,4.3359420509094955,0.0003162673682401973,1.817977418864547,4.137015215201715,-0.053951427025226234,1.41645082354288,5.578819707788956,0.13455910762582105,1.3742194039357805,4.01719312447793,0.07864199750242355,-0.4248275591068531,0.3034080985907332,0.12420533802379446,0.0,0.0,0.0,-0.2722381441901493,-0.10448126288295287,-0.06993764363032803
15.9333,-3.834160929531076,-1.9273484639168126,1.0,-3.786940097808838,-1.8837963342666626,0.972999632358551,0.17685779636988402,-0.10994720876820174,-0.020777258350960892,-0.9778554807690746,2.8910226958752188,-0.8012413942966139,0.0,2.8937020301818848,-0.8784692287445068,-0.008113346062600613,1.1802926766023563,4.4981470169953655,-0.0007629362997159106,1.883805760123102,4.31921234878611,-0.05451816110511078,0.5229420764402247,2.7429936943248925,0.019939038884996495,1.1229067775945127,3.641026163451967,0.06131181117225212,-0.43508525755510885,0.28950840214620266,0.12371688295942686,0.0,0.0,0.0,-0.26842782596563686,-0.11057373393694651,-0.06996165815403199
15.95,-3.7858639347580327,-1.9400866570597928,1.0,-3.757544994354248,-1.8916832208633423,0.9730579853057861,0.18157231123417625,-0.10437241350552942,-0.020555523780945058,-0.9776069408034058,2.9101299855896894,-0.7287959021370493,0.0,2.9034423828125,-0.8360738754272461,-0.0043402682058513165,0.9922544153675034,4.482513581659945,-0.040237344573292866,1.7080370403726182,4.331031258056036,-0.09509910853993332,0.5851751056363246,2.5470027930960395,0.22667672487108786,0.9641585596145165,3.3180504684551932,0.11013055616175549,-0.4472687948616021,0.2677349386983804,0.12430932153790984,0.0,0.0,0.0,-0.2685138301435129,-0.11625261509447188,-0.06944755757126939
15.9667,-3.7371885200822677,-1.951631675780109,1.0,-3.6985182762145996,-1.906134009361267,0.973190426826477,0.1852582823099427,-0.09884395080026072,-0.02000841554042518,-0.977501362947886,2.9274475136701636,-0.6557827801234019,0.0,2.917548418045044,-0.7437179088592529,-0.007859926670789719,0.8496021892407442,4.406202797556048,-0.018887285042617385,1.577332835051548,4.270855030018937,-0.07407342130217634,0.8457338079105736,5.537244307217291,-0.21102273651135697,0.9291974083970999,3.973197051085839,0.0153202342690383,-0.45813430961768203,0.258237428233187,0.12330008747076092,0.0,0.0,0.0,-0.26959633619312195,-0.12288966069607538,-0.06811395121120196
15.9833,-3.688252911559126,-1.9619530261109366,1.0,-3.6390421390533447,-1.9188075065612793,0.973340630531311,0.18821962788761742,-0.09525314204007579,-0.019543282920258937,-0.9773015868859444,2.9429295391664048,-0.5823793673386888,0.0,2.9429969787597656,-0.6531704664230347,-0.003875582478940487,0.6261747200180608,4.337603023189864,-0.04265538068759955,1.3531896987722667,4.209148484487711,-0.09945528714587426,1.5263255734141739,5.430754161185151,0.23896858063904935,1.1054805567504973,4.4034945505612475,0.08134531386147278,-0.46323514258168613,0.25700137018170904,0.12372332916442841,0.0,0.0,0.0,-0.26377983617251965,-0.1285468314795565,-0.0669234227061537
16.0,-3.6391154103717662,-1.9710405217672184,1.0,-3.609164237976074,-1.9244740009307861,0.97346031665802,0.18821962788761742,-0.09525314204007579,-0.019543282920258937,-0.9773015868859444,2.956560782650828,-0.5086731155576494,0.0,2.9470129013061523,-0.6071435809135437,-0.005239494610577822,0.6691065183905052,4.506245648913209,-0.034186455225133194,1.4034990274946009,4.392618994514478,-0.09190547525797209,0.24116602714621155,2.764027690281198,-0.08190627841153142,0.850319110058609,3.919493967967789,0.033150459983214565,-0.47058890158792044,0.2460976906105587,0.12338876431415632,0.0,0.0,0.0,-0.2638036075161754,-0.13247103621182668,-0.06566974428131743
16.0167,-3.589723039582589,-1.9789038784981512,1.0,-3.5492703914642334,-1.934506893157959,0.9736301302909851,0.19211125714487082,-0.09157243668619516,-0.018695119740825713,-0.9769126557678859,2.9683558177472267,-0.43458455937388385,0.0,2.9575562477111816,-0.5204213261604309,-0.008902579545974731,0.5123017934809315,4.458243262244949,-0.012177453122867554,1.2451310781360325,4.3530529885393126,-0.07023727463559291,0.6321944245889921,5.19999285203717,-0.21964391417977128,0.7859247161229634,4.297520642928445,-0.041479059731709046,-0.47744357605554255,0.2418806504872748,0.12167493821883024,0.0,0.0,0.0,-0.2553857085995585,-0.13669037678163898,-0.06361511670610488
16.0333,-3.5401693699387993,-1.985527303701261,1.0,-3.4891629219055176,-1.94287109375,0.9738131165504456,0.19414110205271612,-0.08429528806531932,-0.018143754668606172,-0.9771767479206551,2.9782909555518917,-0.36025405490819906,0.0,2.9687418937683105,-0.43358951807022095,-0.00665157288312912,0.5317347568230495,4.650875454842047,-0.02167801790390289,1.2665555081138569,4.565343458755727,-0.07984750837415021,0.25963120323877376,2.563527316424188,0.10003317655358139,0.6305532517631447,3.785614119793314,0.00029793891679312165,-0.4851777544569571,0.226973834030295,0.12077814805025278,0.0,0.0,0.0,-0.2496429968338503,-0.14144183794397547,-0.06260865758000546
16.05,-3.490461356276531,-1.9909104630207015,1.0,-3.4590365886688232,-1.946407437324524,0.9739208221435547,0.19438153928675864,-0.07806928184630514,-0.018528302514419576,-0.9776388459677287,2.9863656945310524,-0.2856920344147972,0.0,2.9724268913269043,-0.3892768919467926,-0.006154526956379414,0.3520654488780823,4.589697895237792,-0.028373707686548677,1.0847508785167355,4.531176052540011,-0.08716931147953093,0.22116650449316008,2.6595590550054378,0.029831745732213383,0.5096948013819841,3.4531820831393074,0.009016858494358923,-0.4938273358817798,0.20408531901928972,0.12009321562990426,0.0,0.0,0.0,-0.23885809375687345,-0.14556347632150898,-0.061297611836922006
16.0666,-3.4406407320599586,-1.9950489178177158,1.0,-3.398660182952881,-1.9521045684814453,0.9741610288619995,0.19709869392669535,-0.07170773136247996,-0.01898108610797214,-0.9775734762056882,2.9925733767265736,-0.21096109808993835,0.0,2.9816815853118896,-0.2934713661670685,-0.005511523690074682,0.16820841102385797,4.479639545605856,-0.032571487302029745,0.8944777453096018,4.435921683628501,-0.09166785220977905,0.5552980558774302,5.748501494928687,0.038581336593207734,0.5231577156248395,4.130802326316633,0.01774483279538877,-0.5000118273356794,0.19425908020553276,0.11965354588517187,0.0,0.0,0.0,-0.22625750695006444,-0.15054121822817762,-0.060557180977422555
16.0833,-3.3907222314896215,-1.9979413096268728,1.0,-3.338043689727783,-1.9560726881027222,0.9744539856910706,0.20217946490454725,-0.06791412513815076,-0.01869098934967162,-0.9768120933873389,2.9969119644403093,-0.13608334723443272,0.0,2.994640588760376,-0.21035069227218628,-0.004760719370096922,0.12790184346985917,4.692756434553261,-0.03619092195246143,0.8440813799643179,4.674035539268061,-0.09464882783699019,0.5184093834930625,2.383748748390788,0.03758104728400801,0.5217559211916573,3.6150401782524413,0.02360084586984673,-0.5035515620161595,0.1742084779548213,0.11940652658446711,0.0,0.0,0.0,-0.21262797447829926,-0.15548758266962173,-0.06094862069993835
16.1,-3.3407598964053955,-1.9995846145749925,1.0,-3.307699203491211,-1.9574213027954102,0.9746175408363342,0.20217946490454725,-0.06791412513815076,-0.01869098934967162,-0.9768120933873389,2.999376921862489,-0.06113984460809329,0.0,2.9898574352264404,-0.1646093726158142,-0.004701381549239159,-0.021081254003331898,4.618075505982562,-0.03801248570182114,0.680779381181053,4.631943507205427,-0.09738882030628455,-0.2870716176575803,2.7452672247263363,0.0035612915414609714,0.28297524833695026,3.3582673050522116,0.017684803158135448,-0.5097019958113375,0.14794306219602685,0.1191107624534903,0.0,0.0,0.0,-0.19215863937304742,-0.1618110634188914,-0.05973442784902688
16.1166,-3.2907713819862607,-1.9999787080390523,1.0,-3.247164487838745,-1.9588196277618408,0.9749085903167725,0.20387926837841586,-0.0626610051600257,-0.018905896130228656,-0.9768057292132137,2.9999680620585787,0.01384292702060859,0.0,2.983076333999634,-0.07674331218004227,-0.006543750409036875,-0.14277966677812343,4.545997735433764,-0.027577236136218097,0.5499051086934512,4.582715538525775,-0.08452795567405033,-0.4069130291714952,5.272572052448603,-0.11055488902420704,0.07930761934843376,3.9234050552858517,-0.02017389788157769,-0.5173626815612677,0.13271090012947437,0.11812547151772913,0.0,0.0,0.0,-0.1753220939103069,-0.16942870322148534,-0.06117475197989689
16.1333,-3.2407922078732514,-1.9991234172385346,1.0,-3.1866469383239746,-1.9584498405456543,0.9752761721611023,0.20403685544499808,-0.05600570167879169,-0.0197442812408074,-0.9771604370902814,2.998685125857802,0.08881168819012282,0.0,2.987949848175049,0.016195567324757576,0.001671693054959178,-0.34576542081974276,4.43800253766424,-0.07788403301035718,0.32747237918348765,4.487305177359189,-0.13560486951396897,0.2925366726296959,5.578732222719141,0.49313871030858675,0.14225673318191107,4.4120878904385155,0.1313653661534201,-0.5211187095667085,0.12728753063136092,0.12015824397363731,0.0,0.0,0.0,-0.15211909043652194,-0.17659017032630966,-0.06243740747002551
16.15,-3.190837877414194,-1.9970186856893857,1.0,-3.1563589572906494,-1.9575772285461426,0.9755321741104126,0.20710193231939222,-0.04903085132886022,-0.02054068809026927,-0.9768740071078014,2.9955280285340784,0.1637431838787089,0.0,2.987778663635254,0.06089102104306221,0.004997653421014547,-0.37832107492989103,4.620186346642076,-0.09830416486605831,0.27654385274010435,4.688939404927175,-0.15925358819730626,-0.010270494499992847,2.6815763394198173,0.19954639412933242,0.09722790774606403,3.90120925106505,0.15149365179411034,-0.522630227887928,0.11212844951279088,0.12283164900804953,0.0,0.0,0.0,-0.1322346997820674,-0.1808815077978894,-0.06188222567680158
16.1666,-3.1409303798929726,-1.9936641783306952,1.0,-3.0959441661834717,-1.9545464515686035,0.9760449528694153,0.20710193231939222,-0.04903085132886022,-0.02054068809026927,-0.9768740071078014,2.990496267496043,0.2386044301605409,0.0,2.9754722118377686,0.14878667891025543,-0.0022164254914969206,-0.5002514448100451,4.535398571584744,-0.05678465031554314,0.1279180886587047,4.616508318791114,-0.12089325946454917,-0.7379866462691048,5.270879278483909,-0.4326099829727421,-0.14934269427563546,4.305560877372573,-0.02094441717290864,-0.5265785715794956,0.10443222146492612,0.1223388936354684,0.0,0.0,0.0,-0.1015909618892542,-0.185541968671296,-0.05823028448646238
16.1833,-3.0911330510241335,-1.9890637490099488,1.0,-3.0357306003570557,-1.9498920440673828,0.9765090346336365,0.20898350461417617,-0.03704288622964898,-0.02101290138098532,-0.9769914282277528,2.983595623514923,0.3133004234637998,0.0,2.9685280323028564,0.23303569853305817,-0.0020521492697298527,-0.665039202214405,4.466806396810613,-0.059307326591445,-0.05389200863349741,4.5569803960606325,-0.1268927870938287,-0.4164605287615997,5.05263308406137,0.009852072780681185,-0.22820076127567568,4.526110247437298,-0.01185273045420001,-0.5294107356153738,0.1010749778513616,0.12204818904137345,0.0,0.0,0.0,-0.08173645796553392,-0.19124897710138145,-0.05446272853898974
16.2,-3.041477661051446,-1.9832211677633358,1.0,-3.0057082176208496,-1.9469033479690552,0.976780116558075,0.20898350461417617,-0.03704288622964898,-0.02101290138098532,-0.9769914282277528,2.9748317516450036,0.3877835084228308,0.0,2.96169376373291,0.2798433005809784,0.0003372712526470423,-0.6907723568898564,4.633377832265585,-0.07422554077388899,-0.103474580936746,4.7403698946057045,-0.14482566215513173,-0.4102032054951345,2.809463544647968,0.14341665790909416,-0.2819312093681759,4.019324764676609,0.033985630934774524,-0.5303448289603752,0.08784141447884958,0.12272279207476397,0.0,0.0,0.0,-0.056952946992735176,-0.19483347681896931,-0.05212267069352122
16.2167,-2.991907508401045,-1.9761272774344136,1.0,-2.945929527282715,-1.939518690109253,0.9773293733596802,0.20908839758340766,-0.02811950277936186,-0.021744949992771,-0.9772505049055492,2.9641909161516207,0.46213873739843186,0.0,2.9447073936462402,0.3742729425430298,-0.002663861960172653,-0.8160422846652969,4.494905082260283,-0.05820805225753478,-0.25226215355109094,4.609324923764181,-0.131400580479763,-1.017451159602422,5.656155389580715,-0.17976215353396693,-0.4990701421805641,4.502547082403163,-0.029116621826382295,-0.533255096325897,0.08358966086983481,0.12225785296282833,0.0,0.0,0.0,-0.03052503478830904,-0.19800950237373188,-0.04906532474060012
16.2333,-2.9426114232206406,-1.9678092908581422,1.0,-2.8864262104034424,-1.93047297000885,0.9779151678085327,0.21260571014232368,-0.021360317853260632,-0.021682614803823382,-0.9766639472148231,2.9517139362872133,0.5360828651690387,0.0,2.930363893508911,0.45487865805625916,0.0005239618476480246,-0.8786184451602725,4.70469813665682,-0.07966780962554143,-0.3328582862900047,4.839293944115427,-0.15717410906425422,-0.2611945631511999,2.343340431917904,0.20848190597889005,-0.4288449234681212,3.86510981417072,0.04102680630089087,-0.5321693846985044,0.06678028911562991,0.12322166137551234,0.0,0.0,0.0,-0.013590774171763482,-0.20137609657423772,-0.04571536193679956
16.25,-2.893499424383117,-1.958253630667678,1.0,-2.8568456172943115,-1.9253164529800415,0.9781834483146667,0.21290050627423315,-0.015251195381879308,-0.02157273796975548,-0.9767166729223102,2.937380446001517,0.6097508634253241,0.0,2.917234182357788,0.49957549571990967,-0.004551270976662636,-0.9879160286382722,4.605810457927644,-0.04967899951490384,-0.46351031737555026,4.755208781327694,-0.12969701061497774,-1.386313592038663,5.170300837884984,-0.3217595685196174,-0.7115071746123534,4.250426060066381,-0.06607436239251056,-0.5344973614163622,0.056730380359156896,0.12218803198807998,0.0,0.0,0.0,0.010091650153640193,-0.2061287037592064,-0.04217002088800609
16.2667,-2.8447065956749125,-1.9474875907122162,1.0,-2.7980589866638184,-1.9137128591537476,0.9787346720695496,0.2121666664213857,-0.0075202200329502695,-0.021843152149801405,-0.9769604502940973,2.9212313860683246,0.6829401064876308,0.0,2.8953731060028076,0.5877477526664734,1.0613002814352512e-05,-1.1141738410982367,4.48693840970824,-0.07909796390158252,-0.6051156915321889,4.644813576120397,-0.16151949519191638,-1.3123792348318948,5.293217828159217,0.2738621698749946,-0.8888955892587538,4.558277249686879,0.034281115140086825,-0.5379614271342766,0.052630693374147365,0.12313543666629649,0.0,0.0,0.0,0.02890327756822886,-0.21050585978630396,-0.04071390537596263
16.2834,-2.796136339046338,-1.935489966693285,1.0,-2.7397267818450928,-1.900297999382019,0.9794473648071289,0.21471729886285587,-0.00010723211932379395,-0.02216970593206382,-0.9764245952621298,2.9032349500399275,0.7557954914304927,0.0,2.870347499847412,0.6843967437744141,0.003974015358835459,-1.1701535099364255,4.631393973953638,-0.10403555034373202,-0.6806074418827089,4.805583933953418,-0.1888325506956628,-0.6499127998398948,2.926533865111359,0.23872749050938832,-0.8183435018022379,4.076556778287617,0.09463742192811184,-0.5374421867184891,0.03934299422287053,0.12542596378115783,0.0,0.0,0.0,0.0478961186647725,-0.21353295422265114,-0.04062896342922705
16.3,-2.747906125370993,-1.9222883117776923,1.0,-2.710784673690796,-1.8929332494735718,0.9798152446746826,0.21471729886285587,-0.00010723211932379395,-0.02216970593206382,-0.9764245952621298,2.8834324676665384,0.8281408119435099,0.0,2.8576149940490723,0.7241171598434448,-0.00018502469174563885,-1.2856631820308335,4.504365756225648,-0.08195637684503598,-0.8126171724934474,4.6885945076322795,-0.17125457106078676,-1.6148664111219178,5.252760455403627,-0.25059366719974685,-1.0534916231213285,4.423793601894697,-0.007281105561193768,-0.5394265059277573,0.03257336350626132,0.12590277804514852,0.0,0.0,0.0,0.06638049639037122,-0.21680211491289228,-0.03660458382939775
16.3167,-2.7000878977396385,-1.9079060431692,1.0,-2.6532785892486572,-1.8770641088485718,0.9805190563201904,0.2176218805381205,0.005256597093127259,-0.02190068259801876,-0.975773300012091,2.8618590647538,0.8998681533905419,0.0,2.827397346496582,0.8052522540092468,0.0002394146576989442,-1.3906070934342467,4.407611449628778,-0.08737359876602913,-0.9268122934853928,4.599209761822834,-0.18049331306128438,-1.8155538684123824,4.874804824592817,0.02550140613864706,-1.278466326562632,4.556940358215707,0.002396891076621472,-0.543533781198079,0.028804802484738677,0.12665045021211277,0.0,0.0,0.0,0.07973898124922514,-0.22040311467879478,-0.03353073591685751
16.3333,-2.6525333207967794,-1.892296726024107,1.0,-2.6247920989990234,-1.8684852123260498,0.9808615446090698,0.21641093836012976,0.011494962875467233,-0.02206075632866316,-0.9759854672474947,2.8384450890361608,0.9712000188048306,0.0,2.8128976821899414,0.8508670926094055,-0.0014010316226631403,-1.4562131758629404,4.561547466083749,-0.07860473017911662,-1.0053747266463504,4.7696206048107115,-0.17346830568772292,-0.8690482995141469,2.7339597027722204,-0.09832138318816537,-1.1575986418191402,4.018763149107292,-0.027336984369715763,-0.5428203372172656,0.015018717539210115,0.12690423953297025,0.0,0.0,0.0,0.09198188800067568,-0.22309185626617203,-0.032040664024363966
16.35,-2.6054700886087248,-1.875534111175488,1.0,-2.568222761154175,-1.8500440120697021,0.981654703617096,0.21653531371008541,0.018950782523892897,-0.02242178623300747,-0.9758333171243704,2.8133011667632317,1.0417948670869124,0.0,2.7840240001678467,0.9363716840744019,0.004431798588484526,-1.5878776823270795,4.425555720519763,-0.11695651330530499,-1.1489394528163261,4.642733982962841,-0.2160455833033611,-1.7338859777224178,5.13461400796037,0.35026577163957134,-1.3277291964988325,4.348182717661454,0.08413825085777271,-0.5434239584200748,0.007563238936789872,0.12942255671005745,0.0,0.0,0.0,0.10448572890932159,-0.2247415013798676,-0.030333486712001333
16.3667,-2.5586037360091223,-1.8575068182217715,1.0,-2.5122153759002686,-1.8300174474716187,0.9824935793876648,0.21737010580182856,0.02505329847677015,-0.02225058573435623,-0.9755140126000519,2.786260227332657,1.112094395986316,0.0,2.745647668838501,1.0167756080627441,-0.0011014507617801428,-1.6717961777478916,4.313911500007043,-0.08736539503204543,-1.2396307561481725,4.5377651835840584,-0.1891228694621688,-2.292938645849656,4.804035670023789,-0.33060485025160613,-1.6126766676119175,4.4827588410743,-0.03830149307780632,-0.5473868869133207,0.003321571583685631,0.1297213654747616,0.0,0.0,0.0,0.11522146531360161,-0.22717525516070086,-0.02796389104463822
16.3834,-2.512552524418595,-1.8384576343229868,1.0,-2.456846237182617,-1.8084386587142944,0.9832451939582825,0.21651480926828487,0.03064512106624088,-0.021822668781425088,-0.9755541785466828,2.75768645148448,1.1811712133721068,0.0,2.710521697998047,1.097651481628418,-0.0040440866723656654,-1.7697666807941153,4.500440211841196,-0.07694114006498243,-1.3480838764195453,4.742259554731593,-0.18154369557805553,-0.8631589519901283,2.277168766321348,-0.11749971863610928,-1.391405338612259,3.8316283382226413,-0.061682256812206536,-0.5446692270617773,-0.012975088430697352,0.12958471543436795,0.0,0.0,0.0,0.12298642268720733,-0.2288442544596989,-0.024982159921294843
16.4,-2.4668445798855267,-1.818200221629586,1.0,-2.4294655323028564,-1.7970150709152222,0.9836032390594482,0.21651480926828487,0.03064512106624088,-0.021822668781425088,-0.9755541785466828,2.727300332444379,1.2497331301717096,0.0,2.686555862426758,1.143094539642334,-0.006985100451856852,-1.8335058357783642,4.324242273973369,-0.056495921437012875,-1.4261236756210873,4.5752095945312625,-0.16092854127152104,-2.6854959866077177,5.3099111473580285,-0.23592150690450128,-1.7734445507080485,4.268044442868516,-0.11312086810619304,-0.5474728209803438,-0.020802732609867203,0.12840415114685907,0.0,0.0,0.0,0.14009066082306693,-0.23016458794802655,-0.023971531312350917
16.4167,-2.4216707641679736,-1.796813221646237,1.0,-2.3752474784851074,-1.772924542427063,0.984249472618103,0.21565540341701137,0.037512560172742335,-0.02154378308482851,-0.975510893733262,2.6952198324693555,1.3174938537480394,0.0,2.6501834392547607,1.2223860025405884,-0.007556515745818615,-1.955390104993213,4.193021398104868,-0.055773708065239624,-1.5582783872962145,4.45030685244391,-0.158930719005048,-2.18287831959707,4.758649553571429,-0.034293290022965314,-1.8943168827305887,4.412880038607838,-0.08984952628096309,-0.5506449006824489,-0.0250032540336107,0.12757830758586405,0.0,0.0,0.0,0.15353318298545035,-0.23228220030543137,-0.024421296646055687
16.4334,-2.37698900840814,-1.7742746995323504,1.0,-2.3483803272247314,-1.7603132724761963,0.984618067741394,0.2145890512711933,0.04406891865874095,-0.02136436395071762,-0.9754758697021495,2.6614120492985256,1.3845164873877895,0.0,2.608886241912842,1.304186224937439,-0.012855520471930504,-2.051581334379042,4.355766688951633,-0.062156010037520026,-1.6680657770056153,4.629521308458266,-0.16418163339660888,-1.1847347662055563,2.3784083114210586,0.05047456002772379,-1.6848352725092333,3.8122667995820008,-0.04842329122202582,-0.5473790651321196,-0.03999011376237266,0.12749104527877528,0.0,0.0,0.0,0.16386350775869318,-0.23376450574426014,-0.02546542191968642
16.45,-2.3329283593364525,-1.7506491486943678,1.0,-2.2952802181243896,-1.7338714599609375,0.985260009765625,0.21415611357493333,0.0497815077742636,-0.02111409596425992,-0.9753016346304055,2.6259737230415516,1.450607460995321,0.0,2.587697982788086,1.3431084156036377,-0.014800658449530602,-2.1528532863804033,4.198541881056618,-0.016357101293047016,-1.7862665548904317,4.482487106535328,-0.11605533005408578,-2.5639631389159176,4.863988895884609,-0.48532059600552346,-1.9443698869767052,4.1227543853145505,-0.17740336100678733,-0.5471811773772064,-0.04872083068372998,0.12478189885353833,0.0,0.0,0.0,0.1805944458872348,-0.23522439479497945,-0.025083670092499562
16.4667,-2.289499786912538,-1.725945920169631,1.0,-2.242971658706665,-1.7059859037399292,0.9858808517456055,0.2124004286482953,0.05564589930141035,-0.021083792380180624,-0.9753691960285684,2.5889188802544467,1.5157503196311928,0.0,2.542809009552002,1.4160196781158447,-0.016469508409500122,-2.248737606735252,4.080105140731805,-0.00897793043115147,-1.8982553331643088,4.372311751614538,-0.10443854342869668,-2.6953845272862624,4.3779991983049875,-0.10020706726364313,-2.16608313550431,4.198107319359358,-0.15461360413463238,-0.5491815062020551,-0.05508028461112677,0.12226754509915379,0.0,0.0,0.0,0.198699232631112,-0.23712632627160546,-0.026806932101608567
16.4833,-2.2466908955276725,-1.7001587956528368,1.0,-2.2172012329101562,-1.6914535760879517,0.98615562915802,0.2124004286482953,0.05564589930141035,-0.021083792380180624,-0.9753691960285684,2.550238193479255,1.5799636567084905,0.0,2.515233278274536,1.4569345712661743,-0.01814989559352398,-2.3269863214701503,4.218003727638653,0.000191805958102087,-1.9927645030739691,4.527495372933649,-0.08877635005752217,-1.6551847505652708,2.455844471793698,-0.10086228408798191,-2.0152565942991325,3.6837594824603097,-0.1387452320143796,-0.5458853595519666,-0.0704629802176828,0.11983011920185134,0.0,0.0,0.0,0.2116635411557854,-0.23902866507731363,-0.030861963186227085
16.5,-2.204482834795197,-1.6732728829278365,1.0,-2.166368007659912,-1.661220669746399,0.9867483377456665,0.2103896867995376,0.06204838491185175,-0.021187642214911453,-0.9754164847925977,2.5099093243917547,1.6432757478072038,0.0,2.46834659576416,1.5325974225997925,-0.01412512082606554,-2.426369264618151,4.0664698290910195,-0.0264782342468175,-2.107378477502336,4.387804440191948,-0.1128397942681443,-2.810469752618867,4.535363640261243,0.24125203873279694,-2.250018053183999,3.9351685950813824,-0.02656309227040146,-0.5452136809112971,-0.080625097749499,0.11938771046589429,0.0,0.0,0.0,0.226222893795482,-0.2407095133514291,-0.03302615044456749
16.5168,-2.1627353159931992,-1.6451835880870294,1.0,-2.116502523422241,-1.6295316219329834,0.9873784780502319,0.2097981715857554,0.06871465184205464,-0.021348263854586495,-0.9750935134924587,2.467775382130544,1.7058970260102009,0.0,2.4167532920837402,1.6085044145584106,-0.020194992423057556,-2.651597909377454,4.123823244167752,-0.012492406918547694,-2.351540831072489,4.4655557875083005,-0.0956649744793561,-1.6181921546333145,2.3538018760659467,-0.16605010170906764,-2.063491499701893,3.46832023611752,-0.06774220693759361,-0.5386422860702887,-0.09917738557395124,0.1180630631156564,0.0,0.0,0.0,0.23858520776532366,-0.24255515776659797,-0.034890495554847994
16.5333,-2.122245201557501,-1.6164447515290057,1.0,-2.091920852661133,-1.6131457090377808,0.9876842498779297,0.20823972337343627,0.07286272886742864,-0.021161300434592134,-0.9751305184254513,2.4246671272935085,1.766632197663748,0.0,2.3928709030151367,1.6444480419158936,-0.018375787883996964,-2.63232793308477,4.051090214852075,-0.004822743005072461,-2.364151297688699,4.421995182405298,-0.08582519215824519,-1.4432469815289743,2.172124888338184,0.10993713619859954,-1.8803839813865717,3.0856596781767727,-0.015288017300572998,-0.5255602752012101,-0.12494686753074864,0.11766501015613626,0.0,0.0,0.0,0.257383639805139,-0.24595810002247387,-0.03666256100296353
16.55,-2.082222245754948,-1.5865110592951688,1.0,-2.043630361557007,-1.579222321510315,0.9883272647857666,0.20635720277456077,0.07827365718309062,-0.02107296064011333,-0.9751133225112588,2.3797665889427533,1.8266666313675775,0.0,2.332608222961426,1.7238589525222778,-0.020294783636927605,-2.6721873589596115,3.8474106375150425,0.0038650974942333605,-2.438365396259777,4.237759859640675,-0.07479074032742906,-3.6171613383325223,4.766500186038524,-0.11518434360599902,-2.3931124011933482,3.581874517745294,-0.044779238686111354,-0.5208198416260433,-0.13997367475732136,0.11652199611976742,0.0,0.0,0.0,0.28699787892620887,-0.2503755473683108,-0.037866158298104996
16.5667,-2.0429202520318066,-1.5555547265359142,1.0,-2.0199291706085205,-1.5616936683654785,0.9886208772659302,0.20635720277456077,0.07827365718309062,-0.02107296064011333,-0.9751133225112588,2.3333320898038714,1.8856196219522903,0.0,2.304306983947754,1.757489562034607,-0.021265052258968353,-2.7917957624106515,3.9969339386763814,0.008598135038673682,-2.591759376524516,4.413057993338573,-0.06668189012864181,-1.6972504611161154,2.016857547291211,-0.0581878717525272,-2.187681237830605,3.1198529033901026,-0.04873771224428905,-0.5100947658809989,-0.1626390448176974,0.11514257317189504,0.0,0.0,0.0,0.31005837999486363,-0.25348500984449496,-0.03986254800457954
16.5833,-2.0044440900621763,-1.5236583882961359,1.0,-1.9733293056488037,-1.5256446599960327,0.9892605543136597,0.20604835593702903,0.08740213246658782,-0.02081742429759176,-0.974408332176217,2.285487582444204,1.9433338649067353,0.0,2.2456753253936768,1.8305156230926514,-0.021171435713768005,-2.8547811284133937,3.8125660110246047,0.005195903686135317,-2.680555437468448,4.247608823823402,-0.06564308516525624,-3.5191614195764167,4.3831353749284485,0.0056190075844304525,-2.5807585236786004,3.4927969786977426,-0.03269061504314425,-0.5051510399826639,-0.17751009430164144,0.11393687201960444,0.0,0.0,0.0,0.3309253490377184,-0.25753271849715625,-0.043097883168212885
16.6,-1.9667460124782548,-1.4907829502504268,1.0,-1.9279347658157349,-1.4881675243377686,0.9899285435676575,0.20509613218862238,0.09415597527964029,-0.020393131973632597,-0.9739889288866852,2.23617442537564,1.9998809812826175,0.0,2.1883385181427,1.8984206914901733,-0.016276463866233826,-2.99799882417924,3.9476732623391295,0.010518066131274928,-2.852824660190659,4.410209236054852,-0.055117440245129726,-1.6338533697501822,2.0192689937223833,-0.06598758955255896,-2.3012148151318983,3.0577845850504484,-0.04252049050546582,-0.49257376925245155,-0.1998901697372169,0.11242935198545188,0.0,0.0,0.0,0.34739960526387087,-0.2626458039785055,-0.04679384560904723
16.6167,-1.9299032284889077,-1.4569951395577414,1.0,-1.8838156461715698,-1.4492554664611816,0.9906830787658691,0.2027096406486779,0.09769804911205646,-0.019984265396228426,-0.9741481175335108,2.185492709336612,2.0551451572666384,0.0,2.153836727142334,1.9361323118209839,-0.01683538779616356,-3.03752493404791,3.7498220538556777,-0.02549073743598118,-2.9317779491975644,4.244181963752842,-0.0855389086795986,-2.070257510729614,2.2628612303290416,-0.033537866595135905,-2.233031997538485,2.823108681484708,-0.039868655746771786,-0.476357925220939,-0.2268462794478311,0.1108517185689598,0.0,0.0,0.0,0.3706109403705933,-0.26751363044933296,-0.05080354732534238
16.6334,-1.8939052244913208,-1.4222860057974267,1.0,-1.862364649772644,-1.4292908906936646,0.9910883903503418,0.2016575973579293,0.10455487248108924,-0.019150558585834428,-0.973671310236307,2.1334290086961403,2.1091421632630185,0.0,2.0890979766845703,2.0119614601135254,-0.013994484208524227,-3.079709855977377,3.5163328215540233,-0.04603828015178468,-3.01103496035081,4.03179809768495,-0.10379541437347445,-3.883995365536182,4.549362761224986,0.17043974884138405,-2.720426559338197,3.3327304375206364,0.02221822921019574,-0.46796751572967066,-0.2423232070663866,0.11061895161509709,0.0,0.0,0.0,0.39929262010310407,-0.27314206906454025,-0.052861817393407326
16.65,-1.8588011113312763,-1.3867031994266243,1.0,-1.8204210996627808,-1.3883354663848877,0.9919617772102356,0.2020649887956356,0.10988609056950499,-0.018755642615287338,-0.9730071601974724,2.0800547991399365,2.161798333003085,0.0,2.0214242935180664,2.0796966552734375,-0.017695488408207893,-3.107733973517752,3.318961463207529,-0.02793131007579408,-3.0610415165919695,3.847207253060277,-0.08324645282340629,-4.06135443345877,4.0650460015166905,-0.22211130104522886,-3.116292976655899,3.5489233769471777,-0.04991231386660144,-0.4656107954571373,-0.25138583308346757,0.10910646774570973,0.0,0.0,0.0,0.4189183385313548,-0.2768599567692806,-0.053791324998097516
16.6667,-1.8245382725621861,-1.3501898721536254,1.0,-1.7999496459960938,-1.367357611656189,0.9923762679100037,0.2020649887956356,0.10988609056950499,-0.018755642615287338,-0.9730071601974724,2.025284808230438,2.2131925911567203,0.0,1.9915878772735596,2.1110048294067383,-0.013547692447900772,-3.26588047297534,3.435287016788996,-0.054635931683756134,-3.2390875395316736,3.9824628448227486,-0.11067932736023499,-1.7867871726776892,1.8749250406921956,0.24839540231731347,-2.7237985632116892,3.0547284714951135,0.03815357628532029,-0.4537102417592728,-0.2678060640929299,0.1093757464540161,0.0,0.0,0.0,0.4269173083156067,-0.2793697639408227,-0.053332350777537244
16.6833,-1.7913021274236944,-1.3129473444444488,1.0,-1.7600479125976562,-1.324387550354004,0.9932734370231628,0.20063356855055026,0.11644041810424098,-0.018506428300042396,-0.9725457786468237,1.9694210166666732,2.263046808864458,0.0,1.9195576906204224,2.1787521839141846,-0.01499483548104763,-3.277511163097865,3.215685104190623,-0.05021517841240897,-3.2697217955819555,3.7751387722355663,-0.10709405680749123,-4.331046791673835,4.0735277252136015,-0.08701413229686335,-3.1982876168148233,3.3554966323479034,0.0012017809527102886,-0.4492591503505326,-0.2770283839710452,0.1090556670846485,0.0,0.0,0.0,0.4414697828346233,-0.2824252840738983,-0.052176788689566246
16.7001,-1.7588006171552473,-1.274638953711581,1.0,-1.7215365171432495,-1.280232548713684,0.994206428527832,0.19666084612258386,0.12163023615008071,-0.018563958748259793,-0.9727209830960835,1.9119584305673714,2.311799074267129,0.0,1.847114086151123,2.241523265838623,-0.01715077832341194,-3.291426832100398,3.016238931293781,-0.04175046217486855,-3.301853594676261,3.582801127447778,-0.0994841775170475,-4.326505766766339,3.7488395272675494,-0.12875807614267407,-3.5313582357450355,3.471618644272918,-0.03716474420973435,-0.4497718920616166,-0.28191771551898215,0.1080627759038336,0.0,0.0,0.0,0.4601986546374799,-0.28464448063501474,-0.050329060561654655
16.7167,-1.7275658802960847,-1.2359008613926012,1.0,-1.7028743028640747,-1.2576266527175903,0.9946613907814026,0.19127800604727638,0.1266325955504561,-0.01887011345584294,-0.9731500380139243,1.8538512920889019,2.3586511795558724,0.0,1.8054019212722778,2.2789077758789062,-0.016006113961338997,-3.3976218313768807,3.066905189412532,-0.050716133479604686,-3.412660799373995,3.642660992068024,-0.11308017460197516,-2.5144222477723486,2.253549870652486,0.06900072308853118,-3.23114014499634,3.1120224789863054,-0.005822757818566934,-0.44282113544444685,-0.2914785488802979,0.10773375408995478,0.0,0.0,0.0,0.45786010344156086,-0.28427725377519397,-0.04536971296758431
16.7333,-1.6971668159262514,-1.1962131014296782,1.0,-1.666622281074524,-1.2114337682724,0.9956441521644592,0.18842551787677117,0.13292051548993278,-0.01892165905157174,-0.9728669376324767,1.7943196521445173,2.4042497761106225,0.0,1.7377479076385498,2.337578058242798,-0.011249272152781487,-3.4470593317021327,2.8669056625107756,-0.08402580061091047,-3.4553498973255943,3.448158953873157,-0.15218960979063298,-4.059360828576742,3.520321016265396,0.2854189466117334,-3.4756460286348747,3.2325596698883405,0.08015711651429915,-0.4392241200647778,-0.2970834275084195,0.10922328831753395,0.0,0.0,0.0,0.4475146856882392,-0.284169863853962,-0.041059479137811446
16.75,-1.6677745837240256,-1.1557855296129653,1.0,-1.6318371295928955,-1.1641075611114502,0.9965982437133789,0.18475074205764044,0.13802046591803516,-0.01873482207212298,-0.9728651253179907,1.733678294419448,2.4483381244139615,0.0,1.665568470954895,2.393465518951416,-0.01458650641143322,-3.588727491698714,2.9385687341980677,-0.046006709008460156,-3.602154837417697,3.5299792165393775,-0.11941023001608611,-2.2960370958739427,1.8699211426445121,-0.40267006747957007,-3.1274039113216805,2.8302838709510882,-0.06238229309906355,-0.42730136525228934,-0.30851904301056315,0.10812826647963121,0.0,0.0,0.0,0.44072871097127214,-0.2828914393307464,-0.034724745472005256
16.7667,-1.6393802699600308,-1.1146040158737904,1.0,-1.5986272096633911,-1.1156784296035767,0.9975686073303223,0.17774409849595257,0.1417195091022851,-0.018728963660179936,-0.9736385621350141,1.6719060238106858,2.4909295950599537,0.0,1.581345558166504,2.450331687927246,-0.01982227712869644,-3.5885583863665036,2.7402705164140326,-0.07001143181765546,-3.6195715861677313,3.3494534641320857,-0.14480068839416463,-2.595713652545644,1.7963913472398954,-0.009685230294668517,-2.9704392289352914,2.5250599009284427,-0.046825156985964865,-0.41060114425068633,-0.32483159083138013,0.1073813778268823,0.0,0.0,0.0,0.4416143440519139,-0.28435135688667296,-0.03259212125037312
16.7834,-1.6120193669349743,-1.0727168230233903,1.0,-1.5826406478881836,-1.0910314321517944,0.9979986548423767,0.17774409849595257,0.1417195091022851,-0.018728963660179936,-0.9736385621350141,1.6090752345350854,2.531970949597538,0.0,1.5434616804122925,2.480903387069702,-0.019898705184459686,-3.5797691375605787,2.5121481704245854,-0.043608337244116946,-3.6336301303678287,3.1303675847388646,-0.11775895584778072,-4.7263824555384,3.4467890432893005,-0.3088517541602333,-3.488825763770017,2.797171190704571,-0.12418019767624397,-0.4031772106556302,-0.3336058113758066,0.10526287585576519,0.0,0.0,0.0,0.45703820346288043,-0.2846136029384727,-0.031112257252101413
16.8,-1.585761573857721,-1.0302361954121215,1.0,-1.551811933517456,-1.040946125984192,0.9989526867866516,0.17284895014147675,0.14690294190057543,-0.018602818142586842,-0.9737540023530854,1.5453542931181823,2.571357639213418,0.0,1.4667454957962036,2.5327959060668945,-0.021646294742822647,-3.584297474235369,2.3036866759662717,-0.03785809065818402,-3.650913617909924,2.925054306344947,-0.10951304759695386,-4.608447194294062,3.117255306350434,-0.10498011908853942,-3.8193584739982636,2.891665871996907,-0.11851198354674225,-0.40142477366052587,-0.3377737324633939,0.10325359644245323,0.0,0.0,0.0,0.46804091733508096,-0.28359389791528117,-0.031598639503683384
16.8167,-1.5605299270677282,-0.9870379249922453,1.0,-1.536988377571106,-1.0155203342437744,0.9993813633918762,0.17047886426231515,0.15253097916962916,-0.018187334509966464,-0.9733142421357228,1.480556887488368,2.6092051093984074,0.0,1.4306986331939697,2.55737566947937,-0.02536352537572384,-3.7619240499156983,2.3754341591792842,-0.01767745777170493,-3.8524490132320324,3.004903197508864,-0.08478431377461754,-2.1616696691544424,1.4740070343999314,-0.22291606348831888,-3.329978440317063,2.4731470718068893,-0.14933397619636823,-0.3890511905348947,-0.34722563150984576,0.10058659526650984,0.0,0.0,0.0,0.4795761538512286,-0.2822434068197343,-0.033479739263597236
16.8333,-1.5364038385097514,-0.9432542494878363,1.0,-1.5086053609848022,-0.964069128036499,1.0001920461654663,0.1653013293886383,0.1560986097973111,-0.01783401747889962,-0.9736481716164745,1.4148813742317545,2.6453942422353727,0.0,1.3483085632324219,2.604410171508789,-0.03049050085246563,-3.7376683632277525,2.173857939899598,0.009024579596476734,-3.8429685014259647,2.8085362166197303,-0.05006756813977191,-4.94333819700741,2.8220324435670756,-0.30761442150888335,-3.8062717287569297,2.5761444103205946,-0.1960612566314991,-0.3846488368809897,-0.35278351540915853,0.09683496421778466,0.0,0.0,0.0,0.4899489750792021,-0.2818947613109738,-0.03774281648153602
16.8501,-1.5132911969843486,-0.898705543115418,1.0,-1.4818460941314697,-0.9117559790611267,1.000969409942627,0.1566401258425054,0.1588984932678825,-0.017887881151296556,-0.9746257256208363,1.3480583146731269,2.680063204523477,0.0,1.2687791585922241,2.649022340774536,-0.030554274097085,-3.732192919094321,1.975360221055022,0.005487964972522796,-3.8569788801457645,2.611623882378803,-0.04440147077145191,-4.753883536654885,2.6666999201915402,-0.0038120564217307036,-4.086024054471343,2.6028780519674277,-0.13930577888505657,-0.38471546046996996,-0.3553767590043006,0.09394512526819172,0.0,0.0,0.0,0.5095014215214133,-0.28088690231948044,-0.04405568952421702
16.8667,-1.4914602705737134,-0.8539227407012269,1.0,-1.4691473245620728,-0.8852663040161133,1.0013885498046875,0.1566401258425054,0.1588984932678825,-0.017887881151296556,-0.9746257256208363,1.2808841110518403,2.7128095941394297,0.0,1.2244888544082642,2.674961805343628,-0.0277077779173851,-3.8733256627398505,2.0074266192790233,-0.013732830175180233,-4.01384685036554,2.647192660929301,-0.05639401273469445,-2.6669968702443505,1.5619777758635542,0.17140537962643926,-3.6671012933461196,2.295585265353913,-0.04757816585348599,-0.37546388695867916,-0.3612670962968307,0.09266866988098979,0.0,0.0,0.0,0.5159850745843683,-0.27849894535344694,-0.05000748732147557
16.8834,-1.4706674412793446,-0.8084196865518185,1.0,-1.4449807405471802,-0.8316228985786438,1.0022032260894775,0.15049708816432683,0.1632985690993173,-0.018037502463510203,-0.9748635181401347,1.2126295298277276,2.7439988380809828,0.0,1.146520972251892,2.713580846786499,-0.03514880686998367,-3.879126957010474,1.8201512411546628,0.02676646143378658,-4.022045299814908,2.4616439283243574,-0.0073602678723763346,-4.674266030130642,2.3152568537205913,-0.4460984177124725,-3.9644347321495292,2.3013926777882117,-0.16522862817639827,-0.37075643405674485,-0.3651622876655514,0.08893893293716289,0.0,0.0,0.0,0.5136747768611796,-0.27633039950414334,-0.05481220363099997
16.9,-1.4510437975360095,-0.7624703019593223,1.0,-1.4223628044128418,-0.7771709561347961,1.002961277961731,0.14654916322980852,0.168272285106318,-0.01761148211876208,-0.9746269057325946,1.1437054529389834,2.7734343036959856,0.0,1.060914397239685,2.7524912357330322,-0.03677688166499138,-4.038585857206472,1.8747962151847217,0.020531282486778046,-4.200041310590207,2.5223456614293327,-0.005616017287913153,-2.582061451234179,1.1358312811408282,0.04228642582039975,-3.5563328732254815,1.9572976498902919,-0.10396639136960685,-0.3568137892808216,-0.3735246730433341,0.0861308597743443,0.0,0.0,0.0,0.5182692426645557,-0.27402477320127683,-0.0599835599996531
16.9167,-1.4325607870531136,-0.716010325308451,1.0,-1.4116780757904053,-0.7496488094329834,1.0033141374588013,0.13912790728988433,0.17082425241750585,-0.017452040590845402,-0.9752733119482061,1.0740154879626764,2.8011588194203294,0.0,1.0208009481430054,2.7660276889801025,-0.036037709563970566,-4.018851834240472,1.6939461536716673,0.026348652438278997,-4.208572471889587,2.354904399509159,0.0076072097533494,-2.40670595639984,0.8121531155232592,0.044348465125593636,-3.2169419950142037,1.6192300529077688,-0.06018113489990293,-0.3344885319719053,-0.3871926320279452,0.08397782319410432,0.0,0.0,0.0,0.5242091696210202,-0.2737656138095465,-0.06523638050917473
16.9333,-1.4152461930761333,-0.6691061853592392,1.0,-1.3915878534317017,-0.6938498616218567,1.004101276397705,0.13257615861544159,0.1739674379389028,-0.01740555261693789,-0.9756310965452152,1.0036592780388587,2.8271307103858,0.0,0.9317266941070557,2.808936357498169,-0.03212205320596695,-3.959773870130967,1.4427295460699339,-0.0012176953540654623,-4.176582389263815,2.10874790874165,-0.014782791399093248,-5.3442309893002236,2.574412084453854,0.23492952344509926,-3.84495658776005,1.9012172470082571,0.026940925343584783,-0.32379918780014333,-0.39305072069865044,0.08333710905279915,0.0,0.0,0.0,0.5406077069329914,-0.27296764197306583,-0.06977201300777136
16.95,-1.399107249271976,-0.6217770904670318,1.0,-1.3732906579971313,-0.6371018290519714,1.0048627853393555,0.1287946287802998,0.1790433185652384,-0.017145633002171187,-0.9752238315480544,0.9326656357005476,2.8513391260920358,0.0,0.8870729207992554,2.8264877796173096,-0.03706138953566551,-4.120541413808555,1.472164124878612,0.026235534297362584,-4.372080160837161,2.1442873850475825,0.02006019540198982,-2.679037333714776,1.0530110141610642,-0.2963392665570019,-3.5007559138175157,1.6508112639392747,-0.06849729607559142,-0.30566232428388945,-0.40100956246198116,0.08074011160061434,0.0,0.0,0.0,0.5572010713124952,-0.2711136977069893,-0.07456477270524157
16.9667,-1.3841605059342628,-0.5740723238216074,1.0,-1.3647652864456177,-0.6084251999855042,1.0052796602249146,0.1287946287802998,0.1790433185652384,-0.017145633002171187,-0.9752238315480544,0.8611084857324112,2.8737592410986057,0.0,0.8043095469474792,2.855306386947632,-0.032444581389427185,-4.099807560031346,1.2798027457606722,-0.005500666072529192,-4.380115331717623,1.9561046663658577,-0.009047667582340768,-4.966872943196452,1.7294891973100586,0.27706820539419086,-3.933580457918629,1.6740384279102525,0.033519956049288584,-0.2948425768896636,-0.40658803682858174,0.07998715169683143,0.0,0.0,0.0,0.5751503485759404,-0.26971388377660366,-0.07644015018701986
16.9833,-1.3704051117631355,-0.5259881817019876,1.0,-1.349032998085022,-0.550639808177948,1.006066918373108,0.12457758370569379,0.18351231750024252,-0.017051687676840423,-0.9749425856279412,0.7889822725529814,2.8943923323552965,0.0,0.7190049290657043,2.8781726360321045,-0.03725847601890564,-4.0619275736878215,1.1101192434471436,0.01924410532756493,-4.371289887906892,1.7898440201241173,0.021322375480493302,-5.116379002159271,1.3714661595000786,-0.2887265661866697,-4.28276420683892,1.5847135639955692,-0.06161310719193954,-0.2899758393870549,-0.4114922865274885,0.07734349292919858,0.0,0.0,0.0,0.599338153606125,-0.2682324901494852,-0.07942176308212695
17.0,-1.3578619757321844,-0.47759804720403365,1.0,-1.3418351411819458,-0.5215198397636414,1.0064573287963867,0.11659258403243354,0.18572515875596607,-0.017296855894628264,-0.9755066369015625,0.7163970708060505,2.9132070364017233,0.0,0.6711869835853577,2.8979978561401367,-0.03312335163354874,-4.212293816592311,1.0922610155613421,-0.0077338817652128355,-4.555437862372133,1.7744284832907415,-0.0030130281917494783,-2.8698184211655957,1.1898207105756435,0.24817160201468083,-3.86563678571981,1.4681339759918268,0.029841001071607594,-0.2760370917392902,-0.4159927396442255,0.07640029110015131,0.0,0.0,0.0,0.6191811375191121,-0.26617472808517384,-0.08112114467361467
17.0167,-1.346531392108889,-0.4289060479685099,1.0,-1.328853726387024,-0.46278122067451477,1.0073059797286987,0.11070157677045213,0.18968908566348383,-0.017428480502527773,-0.9754278644416956,0.6433590719527649,2.930202911836666,0.0,0.5766656398773193,2.930030584335327,-0.0358520932495594,-4.117436322881974,0.8428143467428966,0.00415179826273171,-4.470923435403036,1.522665086078674,0.011868722613969748,-5.671691702432046,1.9221030042918454,-0.16373636444921316,-4.39881720739371,1.6021539305879586,-0.027306575350266496,-0.2713707394790037,-0.41577304244566354,0.07434877014194984,0.0,0.0,0.0,0.624857852000066,-0.2640776968901137,-0.08206569449318787
17.0333,-1.3364193428871063,-0.3799355248092726,1.0,-1.3176233768463135,-0.4034745395183563,1.0081294775009155,0.10611850475577525,0.19437210892940432,-0.01743100931343842,-0.9750151625010769,0.5699032872139089,2.9453709856693404,0.0,0.49331367015838623,2.949345111846924,-0.028016535565257072,-4.086716144922777,0.656463541459809,-0.047250065546344366,-4.449698542689072,1.3323048607079895,-0.03964793107418284,-5.000264599453638,1.1586738561437133,0.4700532193529471,-4.57637547051505,1.4712305068824376,0.11952312656502483,-0.2696709065791367,-0.4153155618970868,0.07519811959824768,0.0,0.0,0.0,0.6326533043454319,-0.2605257573510936,-0.08280025407040921
17.05,-1.3275358938719068,-0.330734561296976,1.0,-1.308179497718811,-0.3437303602695465,1.008986473083496,0.09856430909456908,0.19650128869083375,-0.017970320386983853,-0.975371471958388,0.496101841945464,2.9586961591921392,0.0,0.4007592797279358,2.9781155586242676,-0.029970571398735046,-4.250273039472008,0.6448958714596821,-0.03147801125073446,-4.62323349624477,1.3164473161552137,-0.02333082658692745,-2.7986984419932184,0.7855558893800878,-0.182855889737757,-4.051572720113249,1.2688068273431052,0.03025531420461893,-0.2571565119130847,-0.41577561734154994,0.07449520412694165,0.0,0.0,0.0,0.6301169686858467,-0.2557758273539815,-0.08264238879074866
17.0667,-1.319884559519053,-0.28132337686183384,1.0,-1.3041325807571411,-0.3136857748031616,1.009451985359192,0.09388989695663497,0.19852993241349648,-0.01847144641577835,-0.9754124386951406,0.42198506529275076,2.97017316072142,0.0,0.35786187648773193,2.9828078746795654,-0.024391429498791695,-4.184008356824882,0.42799467897181703,-0.07621414838355012,-4.573580684642108,1.0992693309377357,-0.07249895987746455,-2.5734048943747587,0.2814909106512007,0.33469137960009726,-3.6151905606677532,0.9773331230188536,0.12013040505500809,-0.23489171018497157,-0.4197492409522265,0.07568375725361672,0.0,0.0,0.0,0.6244640380021972,-0.25152541101369214,-0.07939894575970229
17.0833,-1.31347154719747,-0.2317427586915882,1.0,-1.3005316257476807,-0.2836035490036011,1.009918212890625,0.09388989695663497,0.19852993241349648,-0.01847144641577835,-0.9754124386951406,0.3476141380373823,2.9797926792037948,0.0,0.31270337104797363,2.987598419189453,-0.02621355652809143,-4.359867503926783,0.44376827871851904,-0.06794306916413806,-4.785498583963091,1.1155841693606328,-0.06636614028918547,-2.7100168831912095,0.2874864076002976,-0.1093480611157214,-3.3479667467188245,0.7736777639189257,0.05238416753709082,-0.20712367294603862,-0.4248084776681831,0.07584023923002364,0.0,0.0,0.0,0.6327547529823462,-0.24700741297393067,-0.07741716810497623
17.1,-1.3082994089497724,-0.18201306439422066,1.0,-1.2947630882263184,-0.2232002168893814,1.010757565498352,0.08502794780640854,0.20185599837893825,-0.019760760658575113,-0.9755172579073872,0.273019596591331,2.9875508865753413,0.0,0.22080746293067932,3.004383087158203,-0.028242116793990135,-4.270904232591756,0.22503601486780644,-0.06032708143005383,-4.726023692770245,0.8938717430395312,-0.06149615662179596,-5.513365398369332,1.0070090115863253,-0.12170502699899871,-3.9872320068698643,0.8425614129540695,0.0009898553859441356,-0.19101933379940034,-0.4264356649637296,0.07517378964193917,0.0,0.0,0.0,0.6461387939778894,-0.2424000632079952,-0.07400471445019705
17.1167,-1.3043675387332776,-0.13210253418660953,1.0,-1.2907859086990356,-0.1625894010066986,1.0116159915924072,0.07641683035673864,0.20425119324310023,-0.021149372876463582,-0.9757021561318046,0.19815380127991428,2.9934486919000833,0.0,0.12786830961704254,3.0189805030822754,-0.028220366686582565,-4.171763981120011,0.007546976263053562,-0.0651373937827282,-4.653562342436512,0.6706661166668897,-0.06693185012867464,-5.569423112641445,0.8747571150988684,0.0013033855654931991,-4.454323739871912,0.8520661726857949,0.0010824152255107964,-0.18374818130075057,-0.4251545682921314,0.07464042010270477,0.0,0.0,0.0,0.6655465426172511,-0.23796457211170474,-0.07284596375675834
17.1334,-1.3016901879417895,-0.08220641721836616,1.0,-1.2895461320877075,-0.13214075565338135,1.0120611190795898,0.07095662183845529,0.20656503415292407,-0.022038544939497882,-0.9756077050442916,0.12330962582754924,2.9974647180873157,0.0,0.07783280313014984,3.0263798236846924,-0.02611549198627472,-4.319654454006765,-0.026949909552151652,-0.08039409779451834,-4.827968353972429,0.6286693146966424,-0.08263240923921099,-3.003766084131278,0.44420112499463266,0.12636129181158487,-4.026092607256068,0.731656955833244,0.03806702938474809,-0.16790018080073932,-0.42309659675213485,0.07497259822554436,0.0,0.0,0.0,0.6762140807664037,-0.23252262749665917,-0.07273428678085171
17.15,-1.300260315945773,-0.03226756914770189,1.0,-1.288414716720581,-0.07110422104597092,1.0129185914993286,0.06620532858048125,0.21049869962321102,-0.02243333446949945,-0.9750917854716697,0.04840135372155283,2.9996095260813402,0.0,-0.006272625643759966,3.031919002532959,-0.02387426421046257,-4.266393691386057,-0.2145202819468839,-0.09855905776999752,-4.797118676824683,0.432970658191388,-0.10489598842826289,-5.050882510926448,0.33265084046848603,0.1345950950001432,-4.3286293174690655,0.6138630577230331,0.06656387865103353,-0.15727900995838454,-0.4209248687510405,0.0760419540002586,0.0,0.0,0.0,0.6880039953970103,-0.22656607138723137,-0.06970502334199322
17.1667,-1.300078647162217,0.017736472690262413,1.0,-1.2890771627426147,-0.010061283595860004,1.0137797594070435,0.05554184400079305,0.2115095654429645,-0.023547528556733446,-0.9755123267261114,-0.02660470903539362,2.9998820292566744,0.0,-0.0941394567489624,3.0313425064086914,-0.028931017965078354,-4.1856006435369935,-0.3766665032016438,-0.07298375879271024,-4.738718715283621,0.2640247544822582,-0.08139984430299843,-5.271336229823426,-0.034585347712904425,-0.30336645736190176,-4.606933628369532,0.422429236389687,-0.04264631796048581,-0.1518144360346129,-0.4197002137135764,0.0751597214636797,0.0,0.0,0.0,0.7049325077812407,-0.2209910439703256,-0.06674363595339151
17.1834,-1.301147704989454,0.06774586873805247,1.0,-1.2900885343551636,0.020443299785256386,1.014191746711731,0.05554184400079305,0.2115095654429645,-0.023547528556733446,-0.9755123267261114,-0.1016188031070787,2.9982784425158187,0.0,-0.1445109248161316,3.032560110092163,-0.0249335877597332,-4.3315238647826595,-0.4078019421232022,-0.09950157793827774,-4.9075598971595795,0.22473043501616607,-0.11063256900659257,-3.020735334067285,0.0730186871791939,0.23972258760955661,-4.138658900071641,0.3192768558936938,0.040714143975800435,-0.13700016102907436,-0.41750406767681536,0.07600262947869225,0.0,0.0,0.0,0.7130361934059949,-0.21502830946255289,-0.06487163841037742
17.2,-1.303466075928094,0.1176957519625808,1.0,-1.2936370372772217,0.0815020427107811,1.0151267051696777,0.04731405740668579,0.21340611567403803,-0.024386588016888304,-0.9755124953135055,-0.17654362794387118,2.9948008861078588,0.0,-0.24122370779514313,3.03753399848938,-0.022529151290655136,-4.189592947928636,-0.6258388842851755,-0.11910724091917135,-4.766901088009375,-0.003918607012602604,-0.13599926587850092,-5.802440494070863,0.2984165128953354,0.14425807120685463,-4.629837636472779,0.3131185013646,0.07128220382379537,-0.13124295051635082,-0.4130870539875886,0.07764103452619732,0.0,0.0,0.0,0.7085510905970895,-0.20883322328498438,-0.06074900956686775
17.2167,-1.3070295868198945,0.16753785300259816,1.0,-1.299109935760498,0.14228098094463348,1.0160589218139648,0.0430636531014834,0.2160538228443409,-0.024455582407900654,-0.9751247864540538,-0.25130677950389724,2.9894556197701583,0.0,-0.32463061809539795,3.025879144668579,-0.020904019474983215,-4.120297480330483,-0.7543895540544893,-0.1340541209332935,-4.696661773389779,-0.1402704054368018,-0.15674623029461227,-5.007141246940615,-0.6996722343881947,0.09756103561051713,-4.741224558468783,0.014124164836274683,0.079040195279918,-0.12791008467204568,-0.41170525086026877,0.07969326244761331,0.0,0.0,0.0,0.7042743777313414,-0.20241389775741866,-0.057001153086294554
17.2334,-1.311847202328364,0.2173670929797043,1.0,-1.306381344795227,0.20284013450145721,1.016992211341858,0.03466272725369339,0.2173367149610958,-0.024928175020253324,-0.9751625078834709,-0.3260506394695565,2.9822291965074537,0.0,-0.42329666018486023,3.022853136062622,-0.02129284292459488,-4.274593591184026,-0.7866774020005254,-0.13025592087814974,-4.848117614185062,-0.1820914398141571,-0.15897063371365588,-2.902014096173896,-0.24639026549936446,-0.0673070657607221,-4.198256013736716,-0.06278445656453488,0.035835808951226136,-0.11425663678108428,-0.40894657080955416,0.08116825109088277,0.0,0.0,0.0,0.6877806597821212,-0.19563939137681408,-0.052453538255376644
17.25,-1.3178916661846019,0.2669204994367177,1.0,-1.3107541799545288,0.23307786881923676,1.0174620151519775,0.026472783261192838,0.21809888803285468,-0.02539925034605957,-0.9752368970710928,-0.40038074915507654,2.973162500723097,0.0,-0.46643438935279846,3.0165815353393555,-0.022936657071113586,-4.135843096785814,-0.9757338714264477,-0.13000675939128659,-4.7139719026506715,-0.38082636261966907,-0.16560989488386904,-2.5936460722477066,-0.37707855504587157,-0.09883394853784404,-3.7245458306694763,-0.15556981896256972,-0.003921164892878162,-0.09084055321141607,-0.40577789403845393,0.08206282717347446,0.0,0.0,0.0,0.6689693590762728,-0.1891296147683247,-0.046459691680892014
17.2667,-1.325186973501307,0.31640719077017476,1.0,-1.320821762084961,0.2933085560798645,1.0183724164962769,0.019598147580308145,0.2185678138693869,-0.02583917915081626,-0.9752827528422726,-0.47461078615526214,2.9622195397480393,0.0,-0.5543637871742249,3.0005218982696533,-0.01972433179616928,-4.023443916615009,-1.1097136252955528,-0.15444552529090405,-4.61555071940456,-0.522146467621696,-0.1949522147856576,-5.2723749106504645,-0.9629592566118657,0.19261570764832023,-4.18149326560447,-0.39392593805808623,0.05410011209395125,-0.07742804970539607,-0.4046305974617618,0.08431126440567915,0.0,0.0,0.0,0.6695348524949464,-0.18293656021209503,-0.043804574910925584
17.2833,-1.3337115867046168,0.36566361008490395,1.0,-1.3327152729034424,0.3532472252845764,1.019240379333496,0.012212186333289278,0.21826517842365442,-0.026272027285023154,-0.9754594324312303,-0.5484954151273559,2.9494326199430745,0.0,-0.6440722346305847,2.9886727333068848,-0.027748214080929756,-4.193466449713853,-1.159524459960844,-0.1348122609358109,-4.800051149773914,-0.5823478162190784,-0.17923333174623735,-2.6837247241660585,-0.40790509308948325,-0.22521318099858326,-3.7393246166312806,-0.3980528401280705,-0.02835827718986244,-0.05630084976232822,-0.40077456588060145,0.08518775239013718,0.0,0.0,0.0,0.6628855498223892,-0.17640207786116427,-0.04076668157971072
17.3,-1.3434719872547076,0.4147265790167753,1.0,-1.339350938796997,0.3831220269203186,1.0196211338043213,0.012212186333289278,0.21826517842365442,-0.026272027285023154,-0.9754594324312303,-0.6220898685251629,2.934792019117938,0.0,-0.6890481114387512,2.9794726371765137,-0.02687508799135685,-4.058038636357336,-1.3254395454122245,-0.11906625724152153,-4.669894488081424,-0.7584499788479151,-0.16738813233233954,-5.394636398724858,-0.8546166711935157,-0.2037764418609638,-4.2280029097504555,-0.5328388279271956,-0.08014492561518374,-0.04488681454647023,-0.39735251382002135,0.08514523932284476,0.0,0.0,0.0,0.656742666270558,-0.16963705274428814,-0.03682336423202675
17.3167,-1.3544439793147731,0.4634779071061162,1.0,-1.3538596630096436,0.4424406588077545,1.0203956365585327,0.005081034395655162,0.21862215169382956,-0.026767969251450793,-0.9754291288471509,-0.6952168606591743,2.91833403102784,0.0,-0.7677537798881531,2.9526119232177734,-0.02756340429186821,-3.982205666918522,-1.425199837736153,-0.1194882213924382,-4.60906715184309,-0.8637949365430895,-0.16883433474715728,-4.725860020328404,-1.6128441154996922,-0.04132976124862211,-4.3749794284016845,-0.8516761286700809,-0.06868597964803708,-0.03706871201407264,-0.3976874908825942,0.08535744222446073,0.0,0.0,0.0,0.66393019693864,-0.16371741031046938,-0.03601132886974164
17.3333,-1.3666400426793002,0.5119758543416895,1.0,-1.361790418624878,0.4719308316707611,1.0207878351211548,-0.0032964314625824826,0.21747455622915068,-0.02752716043367754,-0.9756722740162103,-0.7679637815125342,2.9000399359810496,0.0,-0.8175548315048218,2.944887638092041,-0.026532171294093132,-4.1138471170678415,-1.502032694796917,-0.1283296384928656,-4.755089548242662,-0.9508349111604448,-0.1792333146218335,-2.987638561109919,-0.463391260816706,0.06186518897947508,-3.965411047184007,-0.737047338783376,-0.030144888513581755,-0.021876483019593163,-0.3932066328888166,0.08636216059557449,0.0,0.0,0.0,0.6631189141944132,-0.15799115074765552,-0.0354584844666066
17.35,-1.3800358257513747,0.5601228165338338,1.0,-1.3790580034255981,0.5305632948875427,1.021529197692871,-0.009838823536655793,0.21749291118167718,-0.02775639714272837,-0.9756176095536916,-0.8401842248007507,2.879946261372938,0.0,-0.9050083756446838,2.9228286743164062,-0.03132454678416252,-3.972965279799947,-1.6505067323819698,-0.10399945781063824,-4.623093272403806,-1.1081106131357708,-0.15582929452787386,-5.249996421824011,-1.3242399954199346,-0.2876950776822007,-4.34464412885215,-0.9103973434660864,-0.10617841174281852,-0.014176366150008626,-0.3899948510286259,0.08590579393351319,0.0,0.0,0.0,0.6643043587538674,-0.15240126821757308,-0.03407595721627757
17.3667,-1.3946412941628783,0.6079541118297414,1.0,-1.3980520963668823,0.5887022018432617,1.0222058296203613,-0.016496624218664067,0.2172470159307525,-0.027961736588673427,-0.975576642816939,-0.911931167744612,2.858038058755682,0.0,-0.9829030632972717,2.891794204711914,-0.030776135623455048,-3.8812164952240877,-1.754586495042269,-0.11141383922103731,-4.5386795336825205,-1.2172096596017268,-0.16369253787514584,-4.670144944109323,-1.8606592526944739,0.03287977250636096,-4.440737918873746,-1.1909320275306048,-0.065125894109437,-0.009052110373811704,-0.3899171680794879,0.08619757593322788,0.0,0.0,0.0,0.6665151488322445,-0.14745966736105423,-0.033918877279119346
17.3833,-1.4104285509196817,0.655377554407005,1.0,-1.4186991453170776,0.6461571455001831,1.0228766202926636,-0.024116026322872634,0.21616067037367206,-0.02814524396708989,-0.9756541087245021,-0.9830663316105075,2.8343571736204773,0.0,-1.071264386177063,2.862679958343506,-0.02848166786134243,-4.0475871449065215,-1.8109541677973988,-0.10888371427575638,-4.708531886253777,-1.2825979144862958,-0.1619190023321541,-2.536578468851567,-0.9879014360780608,-0.048970548229600674,-3.8785952458561614,-1.130993686031869,-0.060356540725554665,0.006361725327656945,-0.3862073804767477,0.08656752426684564,0.0,0.0,0.0,0.654583016019598,-0.1421488728343553,-0.03353223621044793
17.4,-1.4274263454819531,0.7024727100784252,1.0,-1.4411150217056274,0.7029439806938171,1.0235546827316284,-0.030313456978596415,0.21564130529618447,-0.027735998068049033,-0.9756079157785341,-1.0537090651176377,2.80886048177707,0.0,-1.1532626152038574,2.829288959503174,-0.03327590599656105,-3.888867376586948,-1.9338087504982984,-0.1269967822469278,-4.566860876003969,-1.4165154401759696,-0.18205067404771116,-2.4431286048769345,-1.096482211181543,-0.04807290774370396,-3.4548192566246727,-1.1208052678708187,-0.05673018775458677,0.03034605435123213,-0.3802658770901688,0.08698410508504212,0.0,0.0,0.0,0.6476474450657891,-0.13702743323215996,-0.031930213284258734
17.4167,-1.4456220994929454,0.7491879618033439,1.0,-1.452971339225769,0.7311090230941772,1.0238398313522339,-0.030313456978596415,0.21564130529618447,-0.027735998068049033,-0.9756079157785341,-1.123781942705016,2.7815668507605817,0.0,-1.1964621543884277,2.81463885307312,-0.03340093046426773,-4.055121933797302,-2.019329781942509,-0.10547304086458897,-4.779336285479289,-1.5218709975250309,-0.16132715041887064,0.0,0.0,0.0,-2.4348934664346773,-0.7899230672201571,-0.03998239944054542,0.07369693857247374,-0.3655533096468779,0.08783313943553461,0.0,0.0,0.0,0.6505174131095128,-0.13190547477060025,-0.031979029881252945
17.4334,-1.4648997126653072,0.7952401746794036,1.0,-1.477952241897583,0.7868562340736389,1.0244429111480713,-0.036795083833829144,0.21415464897194758,-0.027454962882178396,-0.9757203635703612,-1.1928602620191053,2.752650431002039,0.0,-1.2764028310775757,2.775529146194458,-0.03309829160571098,-3.8971270629407373,-2.1403778501246675,-0.11799166878768919,-4.6834032510301755,-1.6648783775838414,-0.1746549596075183,-2.459463525770537,-1.181733511011764,0.09497624088323375,-2.4421469970311303,-0.9055926715627214,-0.00014014210356434742,0.11690103434643545,-0.3512248875685149,0.08941426560114599,0.0,0.0,0.0,0.6693751537430028,-0.12427458497231136,-0.032750974781316854
17.4501,-1.485358079460527,0.8408773395809959,1.0,-1.5045751333236694,0.84180748462677,1.025063395500183,-0.0431176274093575,0.21356768034944848,-0.02709705184462394,-0.975600076464711,-1.2613160093714937,2.721962880809209,0.0,-1.355823040008545,2.7369353771209717,-0.028728988021612167,-3.757876767913945,-2.25403654753824,-0.12683749125904686,-4.638609811099323,-1.8015089263398159,-0.18305958004630946,-2.430605822187254,-1.0457048852013446,0.12689911755239253,-2.438739831272809,-0.9469563579369424,0.0373641693133933,0.15935261533434408,-0.33559885901065006,0.09175887844247342,0.0,0.0,0.0,0.7213804278510333,-0.1169287621877738,-0.035536789655210815
17.4687,-1.5095300047504112,0.8911886422699394,1.0,-1.5474588871002197,0.9225113391876221,1.0259766578674316,-0.055130427539053804,0.21389233752352788,-0.026483857345638864,-0.9749406890197582,-1.336782963404909,2.685704992874383,0.0,-1.4721134901046753,2.6698014736175537,-0.031005248427391052,-3.6869502134877323,-2.340724881920022,-0.12987574750685216,-4.666932111470166,-1.9127683028734417,-0.18413399738003744,-1.9646648312952173,-1.2324220500672258,-0.13075621038478777,-2.298784226349539,-1.0312310478674855,-0.01226803960228652,0.20352040426792997,-0.3194645831851369,0.09314531016688095,0.0,0.0,0.0,0.7764614937145033,-0.10849199586144355,-0.03888706029369568
17.4934,-1.5438483505043499,0.9570430418605569,1.0,-1.5625510215759277,0.9489591121673584,1.026275396347046,-0.055130427539053804,0.21389233752352788,-0.026483857345638864,-0.9749406890197582,-1.4355645627908353,2.634227474243475,0.0,-1.5083703994750977,2.6466052532196045,-0.02931946888566017,-3.750758353659756,-2.470365812233278,-0.13506549800298107,-4.848581387699535,-2.0758641954795007,-0.18867734952768916,0.0,0.0,0.0,-1.62014110658573,-0.7267927941591624,-0.008646290081974761,0.260380095946093,-0.2951409443782081,0.09464012974120489,0.0,0.0,0.0,0.8374429380936859,-0.09936067237556928,-0.0410282782164968
17.5046,-1.5602121203338395,0.9864776397702717,1.0,-1.578021764755249,0.9751577377319336,1.0265814065933228,-0.06173829474228879,0.21352445875630055,-0.026411701940988304,-0.9746272007605341,-1.4797164596554075,2.6096818194992406,0.0,-1.5448027849197388,2.625236749649048,-0.031149473041296005,-3.7676417213761155,-2.5293350298242427,-0.1472636994012726,-5.012091686392855,-2.1765504648072183,-0.19749572270815005,0.0,0.0,0.0,-1.1418458397102793,-0.5122302773311772,-0.006093747216769796,0.3267427116043372,-0.264341664375663,0.09622781094628147,0.0,0.0,0.0,0.917707253412402,-0.08844290064136132,-0.045995787639404005
17.5179,-1.5801783798242717,1.0208886299573199,1.0,-1.5938783884048462,1.0011488199234009,1.0268669128417969,-0.06173829474228879,0.21352445875630055,-0.026411701940988304,-0.9746272007605341,-1.5313329449359798,2.5797324302635922,0.0,-1.5851173400878906,2.604330062866211,-0.02874399907886982,-3.5149469570042724,-2.621435708761809,-0.15438955177251845,-4.927851108154314,-2.3078863242173258,-0.20037556423772876,-3.027817569745371,-1.5701930308347958,0.1806626985370483,-1.6986191653607001,-0.824560219133394,0.049040169020177715,0.3823651183304564,-0.23792810439589437,0.09898902165003302,0.0,0.0,0.0,1.0305390328195856,-0.07562128014858906,-0.053003009184822716
17.5334,-1.60436013701132,1.0605684584427975,1.0,-1.6268335580825806,1.052399754524231,1.0275214910507202,-0.06755327435791258,0.21242950470541178,-0.026284502752182415,-0.9744842386503851,-1.5908526876641962,2.5434597944830197,0.0,-1.662721872329712,2.5549142360687256,-0.026419756934046745,-3.6145823885317223,-2.716479450474314,-0.17884705631127762,-5.188850373277647,-2.439983285482241,-0.22398506491450243,-2.6149568034557236,-1.5282011724776303,0.23685795761339093,-1.9691387845340613,-1.0322878893938667,0.1044874130620623,0.43218129086049983,-0.21367626532952463,0.10289327064395935,0.0,0.0,0.0,1.142086693885425,-0.06281989966254811,-0.057755262040734556
17.55,-1.631363959947754,1.1025668985774788,1.0,-1.6439095735549927,1.077614188194275,1.0278350114822388,-0.07175972476847418,0.21241188205437816,-0.025944672712639043,-0.9741964178219044,-1.6538503478662183,2.502954060078369,0.0,-1.7055940628051758,2.528224468231201,-0.02923985943198204,-3.4174970318381535,-2.782248416794617,-0.1580218721240465,-5.147783501899801,-2.542389029418553,-0.20079311508777994,-2.5764618228189073,-1.6039574169329303,-0.16947784430387003,-2.1484316458134187,-1.2010551826422162,0.023607861673736137,0.47946136882206636,-0.19072803235986066,0.1053041921811867,0.0,0.0,0.0,1.2508251012395812,-0.049131355016203394,-0.06253294921745325
17.5674,-1.660662615578073,1.1456757569385307,1.0,-1.6792981624603271,1.1272345781326294,1.0284423828125,-0.07854641578158482,0.21553336721714808,-0.025851401736884414,-0.9729890370526127,-1.718513635254216,2.459006076413134,0.0,-1.7801944017410278,2.4737370014190674,-0.02786053717136383,-3.261178923887648,-2.848244405696856,-0.1703227905848701,-5.129914981460535,-2.6357665445860334,-0.2117898367481852,-4.294607318345275,-3.1367454500535286,0.07940510136155261,-2.782021931179656,-1.772506329259189,0.04008022666646123,0.5143236097876974,-0.17726117665466892,0.10800202039817709,0.0,0.0,0.0,1.3544124477851902,-0.03521668445615367,-0.066534974234862
17.5833,-1.688480504730243,1.1844850849063098,1.0,-1.6975648403167725,1.1516135931015015,1.0287305116653442,-0.07854641578158482,0.21553336721714808,-0.025851401736884414,-0.9729890370526127,-1.7767269381412354,2.4172783052072115,0.0,-1.8212531805038452,2.4439780712127686,-0.027431108057498932,-3.3490031752736686,-2.93486663156847,-0.17525455174797688,-5.326459892528073,-2.7499315324620266,-0.21639457668327916,-2.579738150877824,-1.8697645155491642,0.02698118895679789,-2.722304061982489,-1.801218723493428,0.036213151316241726,0.5504228962429569,-0.1623904359927607,0.11063748082554092,0.0,0.0,0.0,1.4270338210114475,-0.022544663113682584,-0.06949745589023865
17.6,-1.7186293927910257,1.2244455899122346,1.0,-1.7353767156600952,1.199483036994934,1.0294681787490845,-0.08769304582007809,0.22004747908512703,-0.026379164573937835,-0.9711813587199805,-1.8366628471228068,2.372048758819034,0.0,-1.9028996229171753,2.3869071006774902,-0.015852568671107292,-3.11192144369058,-2.993312722269279,-0.24939782842853564,-5.161276465999807,-2.827668409941575,-0.29450586332017964,-4.89165369177368,-3.419272358478438,0.6937008308097762,-3.362735723094863,-2.2788977305984783,0.23031553156718104,0.5746735279503751,-0.15511264271825081,0.11717804851989828,0.0,0.0,0.0,1.474681494358852,-0.010531669609453105,-0.07207001362825428
17.6167,-1.7497226887999202,1.2635823116751246,1.0,-1.7748268842697144,1.2461413145065308,1.0303776264190674,-0.09426321793567614,0.22331724739767042,-0.026550828687922707,-0.9698138199263475,-1.8953544570895584,2.3253926430899186,0.0,-1.9849839210510254,2.3285410404205322,-0.004759891889989376,-3.2143847126661087,-3.10467116164746,-0.27680987868911533,-5.315853094491889,-2.96061568202577,-0.3338057953923999,-2.369438282647585,-1.7841144901610018,0.24244560599284437,-3.069496163630421,-2.132828674595534,0.2338965512456881,0.6045140525081902,-0.14300860659343284,0.12417402335897759,0.0,0.0,0.0,1.4969543293175902,-0.0010468730282572562,-0.06717810665569302
17.6333,-1.7817900419157782,1.3019364512809009,1.0,-1.7952020168304443,1.2689965963363647,1.0309221744537354,-0.09935743375820301,0.22433299698349507,-0.026558035799018054,-0.9690704759591608,-1.9528586922807158,2.277261313664709,0.0,-2.026930093765259,2.2946112155914307,-7.184542482718825e-06,-2.9374760156966007,-3.143133165090412,-0.35376716358536786,-5.07346586146046,-3.0236067518378427,-0.4264251863162477,-2.516952789699571,-2.035937052932761,0.2851831107078192,-2.90637526050646,-2.1042244969391484,0.249037280991604,0.6380809462725111,-0.1283445014997227,0.13192761380011656,0.0,0.0,0.0,1.497908899491348,0.008818088247153185,-0.05926959106923672
17.65,-1.814787238832145,1.339456253135636,1.0,-1.8371803760528564,1.313689112663269,1.032047152519226,-0.10524401560109074,0.22673242233757632,-0.026563346301930454,-0.9678897741449767,-2.009092725909291,2.227717514405326,0.0,-2.110722303390503,2.2295472621917725,0.003262878628447652,-3.020985197207945,-3.2457851827522726,-0.35478724253284444,-5.186534361617188,-3.1509770061014564,-0.4465055822399404,-2.395556573522675,-2.044849404489235,-0.027779663477367728,-2.7555722475943574,-2.0866958844166668,0.16731585944860478,0.673309025003423,-0.11167947410071796,0.13885771088383025,0.0,0.0,0.0,1.4922401394058196,0.01687129744990199,-0.04713937117673427
17.6667,-1.8487311466153185,1.3761608609445017,1.0,-1.8808202743530273,1.3569084405899048,1.0333224534988403,-0.1114048417188828,0.22979941689357772,-0.026479600513939296,-0.9664781497478013,-2.0640796798161234,2.1767328480519623,0.0,-2.1899564266204834,2.1618688106536865,0.012842073105275631,-2.7126402235339353,-3.287368520844812,-0.4203027506620822,-4.893653214281283,-3.2210405038030574,-0.5329189569860269,-2.5207993591394158,-1.979801447658284,0.36130559195115586,-2.6862629998490686,-2.0551386929170965,0.2245851741405441,0.7094045801941892,-0.09259472645898352,0.14759397831202628,0.0,0.0,0.0,1.4716084105531588,0.026266709417228837,-0.03497777198808165
17.6833,-1.8835683986625138,1.4119920391887928,1.0,-1.9031867980957031,1.3779350519180298,1.0340162515640259,-0.1114048417188828,0.22979941689357772,-0.026479600513939296,-0.9664781497478013,-2.117726443532347,2.1243849641890176,0.0,-2.226328134536743,2.1256070137023926,0.0173057671636343,-2.4645345269420247,-3.289981901554598,-0.47638520913279425,-4.658908297617472,-3.252097874393378,-0.6129159207533056,-2.183553996994203,-2.1769555571459245,0.26797523572246473,-2.537854113916986,-2.091101257751368,0.23739471338358087,0.7461481104964489,-0.07270178446535579,0.15748531996608447,0.0,0.0,0.0,1.448225660178999,0.03481775730413565,-0.020954608345573153
17.7,-1.9193440230190437,1.4469931144365413,1.0,-1.948978304862976,1.4187248945236206,1.0355076789855957,-0.11530871463562863,0.23017022486677655,-0.026538732542400096,-0.9659302828640082,-2.170091697698105,2.070604236558747,0.0,-2.305180072784424,2.056912660598755,0.02071600966155529,-2.1720122718319956,-3.3090721317449354,-0.5054887777721513,-4.3497983412260846,-3.2888510354887934,-0.6666897534601532,-4.725577607269922,-4.116835983825568,0.2043750089302299,-3.183710075382011,-2.6891351743577907,0.22764669310962682,0.7667271845254424,-0.06363847817324854,0.16821286555058226,0.0,0.0,0.0,1.4110588848686463,0.04341738191710656,-0.007011889862580304
17.7167,-1.9559028562095813,1.4810141349948147,1.0,-1.9962047338485718,1.4578349590301514,1.0369654893875122,-0.12099364488181599,0.226864800320393,-0.02743696617786428,-0.9659918172628341,-2.2209448028266734,2.0156226030928175,0.0,-2.376927375793457,1.982000470161438,0.016533203423023224,-2.233606608586012,-3.410347228810443,-0.49309628357816226,-4.369578686286057,-3.409247005719146,-0.6775518588241347,-2.2388779908074286,-2.3460244276120794,-0.17375689532352984,-2.904778374799191,-2.5878426106943606,0.10914501712968888,0.7888774724838056,-0.05143604082363174,0.1775394975821343,0.0,0.0,0.0,1.3470946052162396,0.050335817732334906,0.006916077663838192
17.7333,-1.9933354834224446,1.5141426092403396,1.0,-2.020374059677124,1.476854920387268,1.0376554727554321,-0.12671984742940764,0.22389894239574956,-0.028551497439886355,-0.9659173016346668,-2.27041012419949,1.9593031259177884,0.0,-2.41336727142334,1.9476135969161987,0.01429795753210783,-1.9642463996930717,-3.428368825184122,-0.4801823752304779,-4.054577774740041,-3.4512777550771636,-0.6863506315701284,-2.185958037157282,-2.0628012414365196,-0.13408802730659763,-2.692569472852078,-2.4328408020191588,0.0373381767077765,0.8124114417865428,-0.03475438193209608,0.1861418236057912,0.0,0.0,0.0,1.2779199332604272,0.0576633118251379,0.020026432733859373
17.75,-2.03155654883031,1.546302431992114,1.0,-2.069739818572998,1.5137958526611328,1.0390315055847168,-0.13055641709743762,0.22101213088548835,-0.029515438012178975,-0.9660421827468046,-2.3183673379190664,1.9017740684793445,0.0,-2.4818036556243896,1.8767526149749756,0.015247678384184837,-1.6952043057069546,-3.445287965623687,-0.4940610200744766,-3.7333484857757178,-3.4812984781972975,-0.7193906261274747,-4.109008402880169,-4.2545843652032005,0.05702245972128777,-3.1107281340308384,-2.9706527988815683,0.043149336833847335,0.823547874523522,-0.02777040551125148,0.19537342761564516,0.0,0.0,0.0,1.2145963055452413,0.06378091808486198,0.029956178437352897
17.7667,-2.0705977327114247,1.5775202265535966,1.0,-2.120314836502075,1.5490556955337524,1.0402419567108154,-0.13427892158832894,0.21446393308303263,-0.030819461505106054,-0.9669667160157396,-2.364849350556813,1.8429881940228057,0.0,-2.544590950012207,1.80013906955719,0.0015396226663142443,-1.759465966179755,-3.5632707737382754,-0.4531664763369543,-3.737449128179341,-3.6158950158887926,-0.6937162211039635,-1.9151029748283752,-2.3845394736842107,-0.45380688979369277,-2.7577577339347124,-2.7976214325672455,-0.10356122440926918,0.8371127121430813,-0.016307037448800864,0.2021641154033,0.0,0.0,0.0,1.140870449856505,0.06893127959931823,0.038385629363709185
17.7833,-2.1103791286078737,1.6077319995410424,1.0,-2.1460437774658203,1.5660862922668457,1.0407267808914185,-0.13427892158832894,0.21446393308303263,-0.030819461505106054,-0.9669667160157396,-2.4097540052601856,1.783066867112579,0.0,-2.575117826461792,1.7616256475448608,-0.007290332578122616,-1.50894883405593,-3.5597205154794245,-0.36998933837748726,-3.4317544148307704,-3.6341856510800072,-0.6161813410964854,-1.831666738194355,-2.3108736391857287,-0.5298129780061299,-2.484358745316959,-2.653924587403512,-0.2293985329091331,0.8527915732041578,-0.0005878426363436877,0.20662844280979414,0.0,0.0,0.0,1.0700140075706823,0.07505297823692643,0.039563559909204
17.8,-2.1509377002098997,1.6369654337221315,1.0,-2.19846510887146,1.5990651845932007,1.0414729118347168,-0.13995106290017129,0.2042667164542424,-0.03260610856033133,-0.9683108211616005,-2.453115502364162,1.7219560552283404,0.0,-2.63443922996521,1.6872960329055786,-0.017831958830356598,-1.5688182705513862,-3.7011476040055946,-0.3396434977646061,-3.445756051423297,-3.8001511368988394,-0.5886939529330748,-1.7591480846197827,-2.277165523156089,-0.3373123927958834,-2.270263303204477,-2.542698425404745,-0.2612566767487555,0.8684612304242173,0.018285000268346143,0.2101384259937457,0.0,0.0,0.0,1.0084765504476938,0.08071853262489866,0.03891202917472301
17.8167,-2.1921679719978826,1.665145098101879,1.0,-2.2251367568969727,1.6150181293487549,1.041752576828003,-0.1440061850511545,0.19717141567962287,-0.0336141347361664,-0.9691521144047265,-2.494815063485022,1.6598169339244833,0.0,-2.663182020187378,1.6480698585510254,-0.0262465737760067,-1.3088244397904074,-3.703846456348664,-0.264144637768319,-3.1477544783469105,-3.8319779837820303,-0.5102752656613836,-1.7248404727158269,-2.353943113858128,-0.5049568364237274,-2.1092445146507477,-2.486974407451392,-0.33320141812685033,0.884317246757662,0.039751189808788556,0.21181640301069285,0.0,0.0,0.0,0.9546127917988413,0.08838033762457741,0.034314224882371694
17.8333,-2.234107215502835,1.6922980151134377,1.0,-2.279282808303833,1.6457840204238892,1.042033314704895,-0.1489173281346402,0.18891330706219006,-0.03438963674876692,-0.9700272515672066,-2.53488587066229,1.5965961875111183,0.0,-2.7131073474884033,1.570629358291626,-0.04032735154032707,-1.087592137733725,-3.696898010343265,-0.1824659121744583,-2.878475401382688,-3.842639968246795,-0.4189194246113077,-2.9930819587776223,-4.642648866527543,-0.8441591506817987,-2.3701694825407658,-3.123368908220059,-0.4840454798329733,0.8909606874585855,0.049556385497735465,0.20975334441045224,0.0,0.0,0.0,0.8999225761903771,0.0961855724057947,0.026700168026397193
17.8503,-2.277409941174965,1.7188105106707408,1.0,-2.334491014480591,1.675046443939209,1.0420091152191162,-0.1537331376809723,0.18171558944568905,-0.03486328303233228,-0.9706339133046725,-2.5738881185064337,1.5313103952834446,0.0,-2.761061191558838,1.4884213209152222,-0.05395405739545822,-0.8694956085216362,-3.6676242178433847,-0.10200859926687489,-2.59187286747536,-3.8208618893129396,-0.32013746306487273,-2.8295115637836927,-4.850676664228237,-0.8040423565781329,-2.505775660571892,-3.633301728748893,-0.578514406607308,0.8905777623327933,0.05008428159293294,0.2048160515431784,0.0,0.0,0.0,0.8317994966209306,0.10315338987662201,0.013312812254819454
17.8667,-2.3199036298047173,1.7433906920509905,1.0,-2.390493631362915,1.7026275396347046,1.041707158088684,-0.15915752862201096,0.17337779760133484,-0.03566365168555415,-0.9712554950265111,-2.6099179455095682,1.4672391659336919,0.0,-2.801703453063965,1.4074214696884155,-0.06611110270023346,-0.9358124394469741,-3.8111985551962078,-0.06977505557069552,-2.583060176453981,-3.9779662421452477,-0.26746264903136363,-1.2171073682985718,-2.4576897344154522,-0.3354336656776333,-2.12533722699266,-3.2862395807137394,-0.5067525289642826,0.8931721026693088,0.05820184288639118,0.20010630883657485,0.0,0.0,0.0,0.7540756343376978,0.10856584406264888,-0.002418715375906773
17.8833,-2.363597106596124,1.7672435093175047,1.0,-2.418774127960205,1.7157909870147705,1.0414702892303467,-0.15915752862201096,0.17337779760133484,-0.03566365168555415,-0.9712554950265111,-2.644739129224811,1.4013583073568514,0.0,-2.8238396644592285,1.3677703142166138,-0.06782310456037521,-0.7182182762688946,-3.790137110548375,-0.018852414918065996,-2.29286676121894,-3.9777622267432546,-0.1934878660264901,-1.3313735893428167,-2.3848029023330515,-0.10296766780905402,-1.890944649447723,-3.0201189972010978,-0.3875478577529559,0.8970807780187565,0.07287150332485601,0.19664309277507158,0.0,0.0,0.0,0.6775677069312886,0.1147536128700235,-0.02200764166664748
17.9001,-2.408202958201223,1.7901670414346675,1.0,-2.476015090942383,1.7409324645996094,1.0409345626831055,-0.16333207963051427,0.16177478024908945,-0.03676503313084092,-0.9725225135864456,-2.678045614884962,1.3341063162701268,0.0,-2.8625972270965576,1.2836397886276245,-0.07318957895040512,-0.7611645452864484,-3.938070454746965,-0.015278806349734886,-2.2581321210850156,-4.150504977341266,-0.16735796663053093,-1.2808659535730542,-2.5216203914428768,-0.03674977597291761,-1.710838267681178,-2.8729530974476916,-0.283985852281736,0.9004589755691816,0.09117096740124925,0.1940154838982703,0.0,0.0,0.0,0.5965086002293857,0.12126355519305208,-0.04193632361747426
17.9167,-2.4528776515221247,1.8117350045493212,1.0,-2.533999443054199,1.7644530534744263,1.0402055978775024,-0.1655379483816234,0.14966235797576743,-0.03737139984036707,-0.9740646246266107,-2.7092126172408735,1.266760618456937,0.0,-2.902432441711426,1.2015624046325684,-0.08013509213924408,-0.5578824300303138,-3.9021280184236997,0.05120951348458558,-1.9822788697666867,-4.143681503446165,-0.07634946301998816,-1.1327592651160117,-2.4909936459561255,-0.3634257928179178,-1.5401787802556177,-2.760191686084111,-0.30743797469556383,0.9041202233871546,0.11307020747404786,0.18989743654426186,0.0,0.0,0.0,0.5202762163492184,0.1284832775484168,-0.062338460039688126
17.9343,-2.500975798176727,1.8334558420918354,1.0,-2.5632851123809814,1.775605320930481,1.0398104190826416,-0.16942958817558892,0.14127537746647845,-0.03753741627665147,-0.9746414885421794,-2.7403987267970344,1.194271961771544,0.0,-2.919172763824463,1.1551485061645508,-0.08154860883951187,-0.3491268402927326,-3.8636516781663084,0.06766636077491395,-1.6986813974061215,-4.136262195183823,-0.03666251555877109,-0.9482483861383464,-2.629095427166896,-0.080068048915539,-1.3654301088743637,-2.72148967433322,-0.24031421683993662,0.9074160339850413,0.13647076994508237,0.18590997875410376,0.0,0.0,0.0,0.44213852312834756,0.13613974707243215,-0.08158110242041872
17.95,-2.5441643687074094,1.851678292379249,1.0,-2.622265577316284,1.7966138124465942,1.0389655828475952,-0.17516666065882935,0.13421757026487638,-0.037656776151634375,-0.9746200779431359,-2.766372171005391,1.1292040657750846,0.0,-2.9424760341644287,1.0676487684249878,-0.0826520025730133,-0.39155262766052407,-3.999613762195644,0.07517275923827693,-1.6644002532341526,-4.304044733041578,-0.006913895091701955,-0.8129417666104245,-2.6937084834389773,-0.07052875188107073,-1.2023254521043187,-2.7132881590091125,-0.19019044432162224,0.9095644191054243,0.16034480402353793,0.18185825801872368,0.0,0.0,0.0,0.3632832064682043,0.14408616682239567,-0.0997716036887448
17.9667,-2.590462718142928,1.8699082452502525,1.0,-2.6817708015441895,1.8159945011138916,1.0382006168365479,-0.17969681071975574,0.12413027393409161,-0.03837967889729327,-0.9751040080577379,-2.792144060397657,1.05947995694451,0.0,-2.96856951713562,0.9851148128509521,-0.07053390145301819,-0.2209408999347272,-3.9506768974162845,0.04360185730774102,-1.4341895976848282,-4.292416734786951,-0.021888992089937498,-0.8363378627987228,-2.4152908833173443,0.3449344205959421,-1.094279226384559,-2.625313916564564,-0.03221180342606608,0.9105670610493226,0.18703942605346965,0.1800634743148501,0.0,0.0,0.0,0.30268163670077847,0.1547004113171966,-0.11457262491717157
17.9833,-2.6371874403921955,1.886976287828268,1.0,-2.711768627166748,1.8251068592071533,1.0378676652908325,-0.17969681071975574,0.12413027393409161,-0.03837967889729327,-0.9751040080577379,-2.8160363313280095,0.9891508763283189,0.0,-2.9799931049346924,0.9389054775238037,-0.07264475524425507,-0.042242372801868315,-3.881693439492175,0.020175667207460002,-1.2017420101705267,-4.260690174784101,-0.029480803669227895,-0.6856218876996165,-2.7733959132276342,-0.12668940673115447,-0.9736361107495054,-2.6690304285557156,-0.06010331874091998,0.9103030685035088,0.2133415351801865,0.17714190164693455,0.0,0.0,0.0,0.24919656886514957,0.16565520011173948,-0.12748543077024665
18.0,-2.6842950922173343,1.9028682210106773,1.0,-2.7721810340881348,1.8420273065567017,1.037116527557373,-0.1817249038992098,0.11235361469406777,-0.03910228661501255,-0.9761269542179458,-2.838024454304915,0.918290381661144,0.0,-3.004378080368042,0.847404420375824,-0.07279877364635468,0.15491692126873824,-3.79212343078584,0.023618479963025685,-0.9404118137035802,-4.190836627109894,-0.018024100956359146,-1.4633720597493276,-5.491089824300349,-0.00924283179763063,-1.1182151140679286,-3.502153942513436,-0.04508837339012826,0.9032012109942801,0.2229836603235699,0.17419759389233908,0.0,0.0,0.0,0.19212752397803845,0.17572953600048416,-0.13255501297295424
18.0166,-2.7317688136597598,1.9175800684379163,1.0,-2.802562713623047,1.8498398065567017,1.0367710590362549,-0.18563617885622535,0.1025630440306008,-0.03950946731847629,-0.9764522857416014,-2.858098654115387,0.8469324518106871,0.0,-3.0118000507354736,0.8018169403076172,-0.06862115114927292,0.11043734339214947,-3.9378575357599797,-0.0009457534832870707,-0.9078508718218661,-4.358076680960766,-0.03629130310814643,-0.4452676898430907,-2.7349384234691687,0.2506289066411111,-0.9195487346060391,-3.2756578984709614,0.04221277266269534,0.8958867386055752,0.23692292017577,0.17272170077823626,0.0,0.0,0.0,0.1224014766084404,0.18329622502501605,-0.1373761511533769
18.0334,-2.7799128146886245,1.9311937550838578,1.0,-2.8635971546173096,1.8642162084579468,1.036169409751892,-0.19049960380466263,0.09463746087702878,-0.03941075939926376,-0.9763198603435801,-2.876363486834235,0.7746295708868797,0.0,-3.019547462463379,0.7147909998893738,-0.05679113045334816,0.2305323366065882,-3.8756426751197766,-0.07013248693346785,-0.7235246508459595,-4.306301107323586,-0.10269099735557297,-0.46132114311673933,-5.181976603870015,0.7044208907707378,-0.7842715743203265,-3.8384380231416992,0.23770871267069388,0.8881815662362713,0.24028708718226324,0.1750559454377179,0.0,0.0,0.0,0.0658754212162764,0.19037134502154626,-0.1424974350156128
18.05,-2.827631071329668,1.9434164749808116,1.0,-2.9246089458465576,1.876857876777649,1.0357962846755981,-0.1914902075269945,0.08292282335876673,-0.03965268230971631,-0.9771811733397487,-2.892426717347711,0.7030363935473337,0.0,-3.024383544921875,0.6249932050704956,-0.05338961258530617,0.17678730797532016,-4.038115592747062,-0.11020398248394603,-0.7090821573055945,-4.483921763925156,-0.14744494901125754,-0.11480349470891843,-2.59122069721173,0.40153132298664973,-0.5866323609822194,-3.4702366724491664,0.2860721415120427,0.8812096744568867,0.2513183894221308,0.17861169435454954,0.0,0.0,0.0,0.0046597908240280025,0.19448778175596212,-0.14137072782723803
18.0666,-2.8759795756619364,1.9545349011322792,1.0,-2.9550893306732178,1.8824760913848877,1.0355802774429321,-0.1914902075269945,0.08292282335876673,-0.03965268230971631,-0.9771811733397487,-2.9066663416653187,0.6305775838989139,0.0,-3.027888059616089,0.577361524105072,-0.058434270322322845,0.3122730567471603,-3.923438570536911,-0.05970441920607872,-0.5188057688824189,-4.389966743160753,-0.10155141509416404,-0.21018388766551319,-2.856718477421569,-0.3025542386392885,-0.4754978911030413,-3.289114887667057,0.11229887544281715,0.8741369795094618,0.26706128380022354,0.17909718998234933,0.0,0.0,0.0,-0.043058153879882516,0.19946688882361827,-0.137250194094264
18.0833,-2.9245296367779288,1.9644393618388647,1.0,-3.016237497329712,1.892423391342163,1.035089135169983,-0.1918937952116227,0.06916165604900515,-0.040291754973686936,-0.9781462940237998,-2.9189352191858253,0.5579065906842154,0.0,-3.0342559814453125,0.4873923659324646,-0.05678713694214821,0.4594589306431418,-3.8313496851437625,-0.06830144601838928,-0.3177313561658831,-4.30535902800179,-0.11637551531904225,-0.38197731790684036,-5.396765012942809,0.09880265613603535,-0.4478889085684974,-3.911331727330646,0.10831454482562147,0.8648986284282605,0.27041334946702605,0.17955802345561742,0.0,0.0,0.0,-0.08770834161923557,0.2035959933910019,-0.13148395415496444
18.1,-2.973264275964349,1.973130448459731,1.0,-3.046858072280884,1.8967500925064087,1.0348149538040161,-0.19663759686727392,0.06095639694542695,-0.03962305307521305,-0.9777770876308443,-2.9292329789175136,0.4850591905785254,0.0,-3.0335888862609863,0.44532763957977295,-0.05928980931639671,0.4226752520877605,-4.002055215119707,-0.05307465367412423,-0.29584702845252736,-4.489844873976868,-0.10221851221233547,0.040037776887413425,-2.524644410737794,-0.15020560857993245,-0.30384403291714307,-3.501956286224594,0.03199467042507092,0.8555235499380168,0.2816459453663853,0.1786163932791515,0.0,0.0,0.0,-0.13700126939772894,0.20614371349077568,-0.12947253474094025
18.1166,-3.02215689155345,1.98060677750248,1.0,-3.1079015731811523,1.9040825366973877,1.034367561340332,-0.20073373843857037,0.05527749369857666,-0.03841655738974029,-0.9773303310366288,-2.937557268124988,0.41208585767074574,0.0,-3.024101734161377,0.35591399669647217,-0.05256449803709984,0.49650728858104354,-3.9069233075226353,-0.09233542190839561,-0.1787854458551501,-4.399284712940991,-0.1448519245347953,0.5690912731329195,-5.363519350133005,0.4034209547781814,-0.046137575451782264,-4.051523727503785,0.1416464983288817,0.8491039017861937,0.2825827089889789,0.17989688618703387,0.0,0.0,0.0,-0.17381116735,0.20977869642937713,-0.12738038356063416
18.1333,-3.071195645474044,1.9868690362854722,1.0,-3.168765068054199,1.909803032875061,1.033955454826355,-0.2009642184796522,0.04856288960148782,-0.037775293089647,-0.9776646819858658,-2.943908426127676,0.33901533262753325,0.0,-3.0116872787475586,0.26983335614204407,-0.0530083142220974,0.5632726292692145,-3.8267618819890274,-0.08874432537999954,-0.08000343019527434,-4.316534780107634,-0.14568168614498034,0.7445485093300922,-5.162627797240295,-0.026617573461070996,0.18728740858089124,-4.379541957151057,0.09197186888137139,0.8451082214880123,0.2770541903680391,0.18041722667617988,0.0,0.0,0.0,-0.20183216202352344,0.21271870775056767,-0.1234798659111991
18.15,-3.1202556331709457,1.991906614927824,1.0,-3.1991302967071533,1.9120097160339355,1.0337283611297607,-0.2009642184796522,0.04856288960148782,-0.037775293089647,-0.9776646819858658,-2.948277721144848,0.2660447574459153,0.0,-3.009991407394409,0.22129979729652405,-0.05386042594909668,0.5530716426918371,-3.9561745089756735,-0.08361927402990776,-0.06047087670032725,-4.448940990270531,-0.1449420945489493,0.10186020535292349,-2.915102175251679,-0.051180931463103777,0.16206773678795033,-3.9472125671618854,0.049710545737105,0.8384324222088413,0.2798744606461136,0.18026933635554832,0.0,0.0,0.0,-0.22488990281667698,0.2128920206487433,-0.11894651583650678
18.1667,-3.1694423272192824,1.995734124095212,1.0,-3.259711742401123,1.9150973558425903,1.0331865549087524,-0.20029680732841398,0.03411915934844837,-0.03701441603347983,-0.978441153375982,-2.950679975311842,0.1930286735323668,0.0,-2.9990687370300293,0.13563193380832672,-0.058210551738739014,0.6498996346472438,-3.8698702662791695,-0.055916306963134765,0.06655866899656981,-4.357718967256369,-0.11831650856371878,0.6550047896144003,-5.137284109918076,-0.2608659908782866,0.30759176446433184,-4.298543438176565,-0.04197732445017708,0.8330955588866701,0.2761056715646067,0.17841835744902962,0.0,0.0,0.0,-0.24975459323599614,0.21174302941259276,-0.1160181558484456
18.1833,-3.2185977662210954,1.998342732450018,1.0,-3.3200595378875732,1.9165416955947876,1.0327249765396118,-0.20381862960012068,0.02212206945653453,-0.033007051530215534,-0.9782019700106827,-2.95111290165281,0.12021320388508082,0.0,-2.9861888885498047,0.04772239923477173,-0.05269135534763336,0.7454924082651089,-3.763162552518775,-0.08781430013920843,0.17759069336222588,-4.240254413618312,-0.1525025466438465,0.772880094996924,-5.275180801751148,0.3311900010014736,0.4449533839686408,-4.586864638442786,0.06818849060788988,0.8286609408135138,0.2664553625118141,0.1787405156157584,0.0,0.0,0.0,-0.26075922591063083,0.21063649858772324,-0.11405226911112033
18.2,-3.2677869902197507,1.9997405636734225,1.0,-3.350104570388794,1.916624903678894,1.0324889421463013,-0.20381862960012068,0.02212206945653453,-0.033007051530215534,-0.9782019700106827,-2.9495849851728035,0.04751366837331621,0.0,-2.9766149520874023,0.005251778289675713,-0.052118461579084396,0.7203080381639113,-3.924002463199006,-0.09115422211034119,0.17349856007661235,-4.39981269864848,-0.15652123056543707,0.5745600228931178,-2.548786597689226,0.034381036271283444,0.48321563267107054,-3.9851867497374553,0.05820791217026035,0.8230491467264709,0.26820382274387267,0.17901110542569565,0.0,0.0,0.0,-0.276239668639172,0.20760641270560196,-0.11364409697059977
18.2166,-3.3169225068675714,1.9999284059089009,1.0,-3.409846782684326,1.915518879890442,1.0320006608963013,-0.20288054611938947,0.015634046817040254,-0.03142359443166125,-0.9785742952704279,-2.9461051271097616,-0.024928634494515753,0.0,-2.9528653621673584,-0.08285043388605118,-0.05233708396553993,0.7700776719558605,-3.805999321554474,-0.08846808966206599,0.2314623781763656,-4.27351749999055,-0.15664817585970664,1.4245488087406688,-5.28455025223093,-0.013113416325830162,0.7611143915117407,-4.368782604855925,0.037152552419011275,0.8217002335839052,0.2626040725568556,0.17898778319699202,0.0,0.0,0.0,-0.2830849398044103,0.20491410587922085,-0.11080769699935138
18.2333,-3.365993647270931,1.9989109131024023,1.0,-3.439546823501587,1.914322018623352,1.0317435264587402,-0.2032537459262413,0.00794704116782022,-0.030221524165282003,-0.9786273581527031,-2.9406831016301536,-0.09708606925526689,0.0,-2.9360129833221436,-0.16652995347976685,-0.057077910751104355,0.7671520698201713,-3.964514188881811,-0.07674035518750433,0.23025044746578693,-4.433909661931352,-0.1464261219769854,0.559184082163956,-2.5236307199359165,-0.11499592327168176,0.7015008734007919,-3.8240600435702685,-0.007764458506371558,0.8178519282293246,0.2675178637891772,0.17816079568222723,0.0,0.0,0.0,-0.2809503058749403,0.20187760926036433,-0.10847502889274616
18.2501,-3.415219864344352,1.9966783373544346,1.0,-3.4987239837646484,1.9107788801193237,1.031168818473816,-0.20317759710769426,0.0036843826664132804,-0.029286538477916305,-0.978696900452746,-2.933288261196097,-0.16926766280526892,0.0,-2.927539587020874,-0.21035927534103394,-0.05604332312941551,0.8824862964183766,-3.853505408183215,-0.06417428645796353,0.34218786162345416,-4.317930758789354,-0.13511231381185568,0.9550854329980509,-5.098754339228044,-0.10678546785414503,0.7763636702985673,-4.20037309793816,-0.03699727032736074,0.8146447512264178,0.2654067417640345,0.17677173335888424,0.0,0.0,0.0,-0.2743463164314954,0.1990186088421038,-0.10583370600499208
18.2667,-3.4637614538983237,1.9932842713012882,1.0,-3.557579517364502,1.9055997133255005,1.030535101890564,-0.20228665487702246,-2.1231474937289353e-05,-0.027583342182742627,-0.9789378539856829,-2.924074289829884,-0.24023199495606284,0.0,-2.9040849208831787,-0.2957412600517273,-0.061938751488924026,0.9637401818942289,-3.72995250275375,-0.026645305198152336,0.4095262767860258,-4.184437714002863,-0.09536674244917574,1.415156223027792,-5.151591000632948,-0.35570543112377007,0.9649469074275536,-4.481190008747179,-0.13108574459905314,0.8139548357137042,0.2574593259149261,0.17346614000130087,0.0,0.0,0.0,-0.25974093060550113,0.1970258853341871,-0.10474470275027746
18.2833,-3.512387583645274,1.988690904669029,1.0,-3.586872100830078,1.9023892879486084,1.030131459236145,-0.20228665487702246,-2.1231474937289353e-05,-0.027583342182742627,-0.9789378539856829,-2.912923998938178,-0.3110935379773214,0.0,-2.8939647674560547,-0.3357709050178528,-0.06731262058019638,0.9875514976279843,-3.8901427716175894,0.006612143903274692,0.4320542297829918,-4.343886507197897,-0.05855831147681015,0.6074530961546718,-2.4027433919601586,-0.32256165297594347,0.8594082002285105,-3.867594578558072,-0.18761293246254931,0.8098410660690092,0.2609697969551835,0.16881736335226039,0.0,0.0,0.0,-0.25434379822401665,0.1927739386251247,-0.10364690797217554
18.3,-3.5608745345394044,1.9829131290172166,1.0,-3.6451497077941895,1.8948825597763062,1.0292705297470093,-0.20326583153505182,-0.002801153309018833,-0.026601826374620902,-0.9787581398236325,-2.8998822848127705,-0.38151214503508785,0.0,-2.86867618560791,-0.4154842793941498,-0.06643575429916382,1.076393077487975,-3.79049883063928,0.004678779728968685,0.5132819137081108,-4.239727266884494,-0.056223670965129674,1.5155602549081244,-4.777271525733719,0.05255113522704541,1.05311627962243,-4.136147840030917,-0.11671211006963869,0.8086155605629517,0.25929470581225017,0.16526578935946803,0.0,0.0,0.0,-0.2455043967830875,0.18993373043296433,-0.10436333866536968
18.3166,-3.6090486185421216,1.9759779734038552,1.0,-3.7028419971466064,1.8858146667480469,1.0284236669540405,-0.20384981826801876,-0.00575771258520954,-0.02644504009816041,-0.9786280746491277,-2.8850102308615626,-0.45122386905545947,0.0,-2.841648817062378,-0.4969688355922699,-0.06830554455518723,1.1630322715336867,-3.6705992676820873,0.0191852479898591,0.5865162288296871,-4.111557332056825,-0.03457309002601548,1.6231296802737647,-4.893558225111324,-0.11229032731490099,1.2213946539435787,-4.359749229313426,-0.11540671898108129,0.8095477060191288,0.25274631594919317,0.16150593894437526,0.0,0.0,0.0,-0.23303166331512923,0.1882117484255445,-0.10774760092850068
18.3333,-3.6569830246862414,1.9678829030422167,1.0,-3.7600114345550537,1.8751873970031738,1.0275354385375977,-0.2014629579431498,-0.010573537936609817,-0.026787820417099453,-0.9790726817540693,-2.8683028194013307,-0.5203233457656574,0.0,-2.8158276081085205,-0.5755912065505981,-0.06867534667253494,1.2652340631978467,-3.5588008330082763,0.02492753951911819,0.6875581951457642,-3.984878263141554,-0.025394359780780473,1.549584352777897,-4.7182916970711535,-0.022192592751570303,1.3182822515433548,-4.465597519073667,-0.08788820519220425,0.811097966584701,0.2431487460475335,0.15802857144913285,0.0,0.0,0.0,-0.2334220985326185,0.182928684085744,-0.10770667214923418
18.35,-3.7046294240187976,1.9586411180249985,1.0,-3.7883760929107666,1.8692890405654907,1.0270521640777588,-0.20087681118419667,-0.014940573108353979,-0.02734613971932327,-0.9791208556019172,-2.849790260796334,-0.5887290842556909,0.0,-2.80251145362854,-0.6171126961708069,-0.07228405028581619,1.3088063527285168,-3.6915899625160784,0.048094640645437,0.7331485198428946,-4.111638477246428,0.0040513660715261884,0.7991872478035658,-2.4919690639040724,-0.21658128952866096,1.1650359186540795,-3.8829463260132964,-0.12588075588271003,0.8080387898307209,0.2438988806046837,0.1535649061221564,0.0,0.0,0.0,-0.23238095694509875,0.1761496341256658,-0.10952163154824558
18.3666,-3.75197137869347,1.9482612434788933,1.0,-3.8446524143218994,1.8564152717590332,1.0260807275772095,-0.20079892380814854,-0.01716917201706453,-0.02778868162868766,-0.9790877281789876,-2.8294934799095435,-0.6564058456736197,0.0,-2.7730648517608643,-0.6906774640083313,-0.06578481197357178,1.4058600035227793,-3.59527379794097,0.013086775356433655,0.8388598662262367,-4.006296235639103,-0.028299432254310822,1.766267196750851,-4.412564711266196,0.3898375604210165,1.3425303809834612,-4.039299353466882,0.0263687171578635,0.8072548129374983,0.24120014146931884,0.15185303395374664,0.0,0.0,0.0,-0.2402546756409557,0.16982229622881376,-0.11046682634300216
18.3833,-3.798944292871949,1.9367639486035748,1.0,-3.872624158859253,1.8493977785110474,1.0256257057189941,-0.20079892380814854,-0.01716917201706453,-0.02778868162868766,-0.9790877281789876,-2.8074569314581987,-0.7232500452338694,0.0,-2.756643056869507,-0.7314130067825317,-0.06789430230855942,1.4496429443894525,-3.7227395619622303,0.02716466171999965,0.8839768499048289,-4.135088841688355,-0.010779990776845425,0.9853368238845257,-2.444204826688411,-0.12657316209604738,1.237080314304478,-3.5683982947406685,-0.018782521000855156,0.8028118569984514,0.24713518478973484,0.14919382781505017,0.0,0.0,0.0,-0.23714576251382782,0.16521409493639028,-0.11124917531820509
18.4,-3.845539609422783,1.9241586562835293,1.0,-3.928044319152832,1.8342045545578003,1.0246816873550415,-0.19573687129939155,-0.02223183565512493,-0.028769185912445167,-0.9799822528917828,-2.7837032039009246,-0.7892386387400313,0.0,-2.7221896648406982,-0.8109697699546814,-0.06604861468076706,1.5328883662909494,-3.5736716924496954,0.019987988029803283,0.9714605554781686,-3.9815032784054556,-0.01627527271508873,2.0674125153795533,-4.773888380211165,0.11075245357520959,1.482209556500808,-3.9242810013778087,0.019458571076074516,0.8019905112444172,0.24600355418204983,0.14719382821031535,0.0,0.0,0.0,-0.24056270043163638,0.16182803177371038,-0.11093056746542333
18.4166,-3.8917289111357785,1.9104598649869788,1.0,-3.9828243255615234,1.8174024820327759,1.0236893892288208,-0.19332486511102978,-0.025871958862245633,-0.029284894750824422,-0.9803563483191655,-2.7582650397758632,-0.8543205740789436,0.0,-2.6912026405334473,-0.8857235908508301,-0.06703043729066849,1.6439760623245614,-3.4423362887959894,0.03005058803005678,1.0869356687053235,-3.841706498183802,-0.004167311635842122,1.8587977860728537,-4.4842071766708145,-0.058895932552452054,1.5933852849809644,-4.089581442403405,-0.0036731105234852936,0.8019271373882917,0.2408013101745474,0.14469172218300666,0.0,0.0,0.0,-0.24488674376905373,0.15856889921326506,-0.11047382251710776
18.4333,-3.937516241044734,1.895672187485007,1.0,-4.037139892578125,1.7992051839828491,1.0227437019348145,-0.19339133069113146,-0.03039562225976839,-0.029521085689879427,-0.9802063898321637,-2.7311574011559885,-0.9184906607700294,0.0,-2.6629855632781982,-0.960615873336792,-0.06234037131071091,1.7387533620751496,-3.5869310223291664,-0.0027122290916361536,1.1952498106288687,-3.987167840587347,-0.038157948417579704,0.7403109637590031,-2.0886268149079683,0.3437658536498228,1.3415421532470178,-3.4988630638169433,0.09889722203378523,0.7951018960160869,0.24613723694186795,0.144163564134437,0.0,0.0,0.0,-0.25159834456980606,0.1540995813163129,-0.10871784480849346
18.45,-3.982771509748066,1.8798465537049416,1.0,-4.064083099365234,1.7895430326461792,1.022303581237793,-0.1937306655052048,-0.03319620658633241,-0.02900811639665336,-0.9800638070436514,-2.7024798219045376,-0.9815568320876169,0.0,-2.6470251083374023,-0.9937811493873596,-0.05458870902657509,1.8605499064633644,-3.4470283618705895,-0.03918785507807687,1.3430704441178762,-3.8445107402864647,-0.07881748937929023,1.911177287499821,-4.396359185075951,0.40272354217074463,1.5097088564135366,-3.7638203228435323,0.18859230493920967,0.7899203220401393,0.24595338782585038,0.14555070382134772,0.0,0.0,0.0,-0.27244085969465126,0.15152899059002473,-0.10592106952013436
18.4667,-4.027579296382718,1.862962256052234,1.0,-4.117293834686279,1.7692393064498901,1.0215989351272583,-0.19016282414328028,-0.03649091529648208,-0.028416290349863357,-0.9806626294672941,-2.6722016102300734,-1.0436274600023077,0.0,-2.6023736000061035,-1.0699940919876099,-0.050744570791721344,1.911015042330758,-3.2787189356893784,-0.05944990181337406,1.4125894303038815,-3.6692248666785234,-0.10302790194081454,2.677293000914913,-4.569708514409881,0.23049354378716835,1.854401036448832,-4.001733246656261,0.20096231649914778,0.7895552403452476,0.2400923743336839,0.14747568275241818,0.0,0.0,0.0,-0.2911296283183712,0.15041355665546086,-0.1038976826249777
18.4833,-4.071820944459966,1.8450724727481371,1.0,-4.143558025360107,1.758582353591919,1.0212842226028442,-0.19016282414328028,-0.03649091529648208,-0.028416290349863357,-0.9806626294672941,-2.6404256499847607,-1.1045288730106964,0.0,-2.5860393047332764,-1.0991365909576416,-0.04652197286486626,2.0056288914163156,-3.4366073992563515,-0.08392071002322954,1.5408097598608057,-3.8277767982379673,-0.13431267248183787,0.9810129301086816,-1.7502541632658906,0.25360280904105276,1.596560904061757,-3.3370554697161516,0.21650275203679356,0.7820930753155036,0.24595696522362318,0.15004016666330178,0.0,0.0,0.0,-0.3172739437599938,0.14521243375799273,-0.09964820420469343
18.5,-4.115568163762666,1.8261567759250006,1.0,-4.195497035980225,1.7362852096557617,1.0206652879714966,-0.18708642030334885,-0.04280251122810974,-0.02802331313434788,-0.981010340967509,-2.607123740070478,-1.1643508100854643,0.0,-2.5423238277435303,-1.1722792387008667,-0.04844179004430771,2.073668509900501,-3.2682426874585344,-0.06999617314483775,1.6383924770630864,-3.6545301766369684,-0.1275032348742918,2.6221809081158383,-4.3873078298176615,-0.11515619413657491,1.899342675080225,-3.647109162458959,0.11859096921318549,0.7787061088871361,0.2452516609830351,0.1510386348829546,0.0,0.0,0.0,-0.34343007604972164,0.14103582819539906,-0.09353157315350055
18.5167,-4.1587811285579,1.8062377953173332,1.0,-4.246522426605225,1.7127153873443604,1.020166039466858,-0.18681137523832284,-0.04923894085667061,-0.027287977068378284,-0.9807815257269434,-2.5723450860347667,-1.2230291170699352,0.0,-2.5015182495117188,-1.2345770597457886,-0.03739847615361214,2.1637170784251047,-3.15414312701734,-0.1344331877821867,1.7546313251429253,-3.5345031060138496,-0.20135744305113867,2.444071572393505,-3.7313607608493866,0.661445094392163,2.0601566018771864,-3.6719817742166807,0.2788514290098577,0.7765260366665024,0.24286282584312757,0.15549471501575599,0.0,0.0,0.0,-0.367440283384323,0.1374971531533819,-0.08857045974680404
18.5333,-4.201302219636736,1.7854003217424077,1.0,-4.296645164489746,1.6878966093063354,1.0197423696517944,-0.18321346736834185,-0.05371664311589224,-0.026449339076708493,-0.981248091339959,-2.536246084722574,-1.2803426760193246,0.0,-2.462249279022217,-1.2975859642028809,-0.035266075283288956,2.2495073127893366,-3.261512157983646,-0.12676150525880647,1.8736899866718009,-3.6437171665203554,-0.20427909553617413,1.2823735079599352,-2.034748592144669,-0.07212504657027813,1.8305408165828205,-3.188640614256402,0.17523675842824726,0.7676470147455416,0.24863403862960617,0.1584174052416489,0.0,0.0,0.0,-0.3918296886280059,0.13357096990710352,-0.08089981496428127
18.55,-4.243250376768149,1.763598232797579,1.0,-4.321410655975342,1.675100326538086,1.0195573568344116,-0.17944580779762717,-0.059547222333821134,-0.02583327859202475,-0.9816241676692218,-2.4987556927123693,-1.3364451181512527,0.0,-2.4364073276519775,-1.3259371519088745,-0.03753270208835602,2.332061549044335,-3.1568513407006846,-0.13189943291298167,1.996511715481384,-3.549242539408666,-0.2199151661154881,1.5514951117218476,-1.7021442578835115,-0.1360833923791529,1.7481614242358214,-2.74979972034249,0.0833293597400381,0.7550795729201131,0.26261586495616196,0.15990336481046497,0.0,0.0,0.0,-0.41952973935716237,0.1297753337518195,-0.07188763160795855
18.5667,-4.284598073311581,1.74085227231696,1.0,-4.3702216148376465,1.6485905647277832,1.019083857536316,-0.17711635148043006,-0.06694483718445325,-0.025511108082007527,-0.981579070541315,-2.4599201580409575,-1.391291315537004,0.0,-2.390228748321533,-1.3902583122253418,-0.04151704162359238,2.404089340712165,-3.000319435515207,-0.10626251858315872,2.111357897970303,-3.3981811190078917,-0.19942537180236264,2.7685787389756857,-3.856294401006304,-0.23887607384325105,2.0494072662763143,-3.0764571740871594,-0.011791573379922156,0.7464997158075071,0.26890939138455994,0.15987361636289488,0.0,0.0,0.0,-0.45376827306564504,0.12895229210812464,-0.06671076314369094
18.5833,-4.325247712471811,1.7172265802949003,1.0,-4.4181108474731445,1.6208736896514893,1.0186052322387695,-0.17472346415622406,-0.07320252729683548,-0.025376280313621144,-0.9815646984659728,-2.41985916514083,-1.444745324835659,0.0,-2.3634495735168457,-1.4220716953277588,-0.039623506367206573,2.476366768494565,-3.09699735146987,-0.11704462874281152,2.2279368048608035,-3.505799577488814,-0.21585318822279004,1.6072348463167534,-1.9093783984889245,0.11364636397458645,1.9188698860753934,-2.7319141881889775,0.025239998425398286,0.7331895938772874,0.28045893868157107,0.16075760722276733,0.0,0.0,0.0,-0.4847596302435258,0.128343287337373,-0.0619490477427888
18.6,-4.365249818593099,1.6927028162047144,1.0,-4.441675186157227,1.6066741943359375,1.0183489322662354,-0.17472346415622406,-0.07320252729683548,-0.025376280313621144,-0.9815646984659728,-2.378552114055837,-1.4968677217027688,0.0,-2.316732883453369,-1.4712657928466797,-0.04447970166802406,2.5535760084269556,-3.011508111075995,-0.08605156012988235,2.348518635181039,-3.429499246419692,-0.1874319387646165,2.80252299154712,-2.9511420684525937,-0.29132198714189683,2.1797404338251525,-2.7966342653915106,-0.06821488569183287,0.7230600253368058,0.29005501891525715,0.15997340035693627,0.0,0.0,0.0,-0.5180026520908895,0.1279361164284396,-0.05859302172220212
18.6166,-4.404518914193868,1.66734458591738,1.0,-4.488030433654785,1.577506184577942,1.0177998542785645,-0.1722230970999592,-0.07897799951033638,-0.025545204882452766,-0.9815544146349362,-2.336116996378321,-1.5475417799434295,0.0,-2.262819766998291,-1.5290045738220215,-0.046874936670064926,2.58990473093066,-2.863538013054154,-0.06952780799753899,2.42899433482993,-3.2872653615572687,-0.17207391364721716,3.2363178383329516,-3.465966338447447,-0.14378211229104648,2.4916613952830167,-2.9942333271085757,-0.09052371216774206,0.7170363535948443,0.29475499212850137,0.15874494268218456,0.0,0.0,0.0,-0.556125957494114,0.12897235637461357,-0.056198837032506395
18.6333,-4.443127549618324,1.641115293117338,1.0,-4.510743618011475,1.5624955892562866,1.0174654722213745,-0.16902069525640445,-0.0854055414222175,-0.02597754725447759,-0.981561579599183,-2.2925040389189784,-1.5968558305989722,0.0,-2.230545997619629,-1.5554453134536743,-0.05253012105822563,2.6449906904554132,-2.968693214644679,-0.034507672802427614,2.5231095687146348,-3.404712995750289,-0.13549156657797562,1.9341039306176684,-1.5845418565774623,-0.3389041492234494,2.327060240928934,-2.578066639300357,-0.16385015697263744,0.7057202287248411,0.30631435902505677,0.15597414918976168,0.0,0.0,0.0,-0.5838391069840625,0.1297054220805532,-0.05499025541421368
18.65,-4.480936977960236,1.6141213876552607,1.0,-4.555188179016113,1.531810998916626,1.0168007612228394,-0.16710567680314906,-0.09272214212747759,-0.026544253779555032,-0.9812103277636933,-2.2479016490191044,-1.644628588932012,0.0,-2.176257610321045,-1.612043023109436,-0.04993916302919388,2.683461388441151,-2.8076138868947083,-0.047289322026821345,2.5916249836012897,-3.250907175254872,-0.14572260719382413,3.260618037059312,-3.3993183835953835,0.15561568326316694,2.602663565496645,-2.8205151646867064,-0.0695380018819112,0.6980920280939952,0.31252151273955764,0.15485827589611154,0.0,0.0,0.0,-0.606255623254134,0.13077177562060618,-0.05642499072910875
18.6667,-4.5181920095431805,1.5861929983092056,1.0,-4.5985188484191895,1.500101089477539,1.0161231756210327,-0.16515380093087087,-0.09866129952970464,-0.02658433543248884,-0.9809605233925691,-2.2020425179179473,-1.691162804817193,0.0,-2.1226274967193604,-1.657934308052063,-0.04881340265274048,2.6197782279072235,-2.7809079696101024,-0.052923506683790755,2.5453966457573522,-3.2310705567790134,-0.14832156546574157,3.202326210440898,-2.7402303432370485,0.06722066611619663,2.779694938648631,-2.7968136179848666,-0.02916434347537108,0.6923073488053932,0.3179786888971395,0.15443051279397788,0.0,0.0,0.0,-0.617925766655522,0.13218389827177165,-0.059032454012027065
18.6833,-4.554356020083412,1.557751897729707,1.0,-4.619761943817139,1.4838773012161255,1.015783667564392,-0.16515380093087087,-0.09866129952970464,-0.02658433543248884,-0.9809605233925691,-2.1556297304867726,-1.7357880503613017,0.0,-2.088550567626953,-1.688450813293457,-0.05162234231829643,2.783650720066285,-2.7548388139315527,-0.033180144457852556,2.7195760353917335,-3.215936795396738,-0.12549128824437342,2.05354808120573,-1.8389893823364607,-0.1692726667001911,2.565323114145427,-2.5140463969403535,-0.07052688132833013,0.6813202619153562,0.3280897782628624,0.15309954561022338,0.0,0.0,0.0,-0.6172455772408049,0.13300820320232298,-0.06078840182370251
18.7,-4.58987237382993,1.5284728519768804,1.0,-4.661285400390625,1.450621247291565,1.0150010585784912,-0.1625420871691963,-0.10342439917361779,-0.026371535994357417,-0.980911843782539,-2.1081425584725477,-1.7790534144927161,0.0,-2.0262370109558105,-1.7426844835281372,-0.05012594908475876,2.7785350565486246,-2.575480463772593,-0.03874523622841597,2.7096255036449817,-3.0427371745636878,-0.12735273063667474,3.740743391203538,-3.255699952768753,0.0898299406746912,2.912328663736781,-2.7329960822314234,-0.02318661654308145,0.6757382153265727,0.3329014288212918,0.1525476446562742,0.0,0.0,0.0,-0.6068286624229297,0.1343552819698031,-0.06394015024801546
18.7166,-4.6246130767359634,1.4984659478747209,1.0,-4.681586265563965,1.4336148500442505,1.014635682106018,-0.16066458204529366,-0.10876555338156998,-0.026137283810333853,-0.9806496903848014,-2.059773772816356,-1.8207976487287012,0.0,-1.996041178703308,-1.769302487373352,-0.05379157140851021,2.8657229451995425,-2.6366296057455125,-0.015412545316856985,2.803779911382635,-3.1140270528007474,-0.09977922145420269,1.8114925266394908,-1.5968533218908674,-0.21990609132518057,2.587341715477267,-2.397585973471898,-0.08126180104894648,0.6625900625553897,0.34279622400459236,0.15071928841295046,0.0,0.0,0.0,-0.6006470287384824,0.13460122305064257,-0.06635261227560475
18.7333,-4.65854938874042,1.4677682236487577,1.0,-4.721234321594238,1.398887038230896,1.013821005821228,-0.1585760134065825,-0.11294445819245168,-0.025851233149490352,-0.9805248935663605,-2.010596006472921,-1.8609845421012292,0.0,-1.9326636791229248,-1.8178671598434448,-0.05429219827055931,2.856265553777375,-2.470529211727114,-0.00879642540338299,2.799270627537956,-2.9543006574411446,-0.09000095980646484,3.79998999342425,-2.911842067644452,-0.030016600194413472,2.9453376513676925,-2.54940377181351,-0.06613328111992758,0.6554786309036154,0.3488002012265683,0.1489784704351142,0.0,0.0,0.0,-0.5984837046641963,0.13497124448746212,-0.06777393603203234
18.75,-4.691617363276189,1.4364543550799758,1.0,-4.7594804763793945,1.3632134199142456,1.0129774808883667,-0.15575573201378473,-0.11638868153060472,-0.025415476882736293,-0.9805855428813678,-1.9607410600101831,-1.899539163461141,0.0,-1.864180326461792,-1.8726545572280884,-0.05469813942909241,2.915457742483491,-2.5095184306319225,0.010580716165455861,2.8576713458315988,-3.0033934734015935,-0.06474396172104513,2.148766899633364,-1.643381931714024,-0.17797493519420257,2.710175406093356,-2.281929564755953,-0.09915098159416502,0.6428558667463891,0.3586277642385124,0.14637705781773666,0.0,0.0,0.0,-0.585069470094497,0.13524727853115867,-0.07105237993123567
18.7666,-4.723878933297962,1.4044816778122307,1.0,-4.796441555023193,1.3265318870544434,1.012127161026001,-0.15296289085354559,-0.12064020404438167,-0.024827865520797354,-0.9805263687060585,-1.9101535808911774,-1.9365346562806733,0.0,-1.7977640628814697,-1.9161206483840942,-0.05862044543027878,2.8941293583139363,-2.3094560009968625,-0.004328590326061921,2.851566683810212,-2.817421297538623,-0.07622695893236633,1.9569387229660145,-1.3922288019224167,0.0336881096950452,2.487806169912441,-2.019273638016623,-0.05993445387235381,0.6250235884478758,0.37281096105629524,0.14429721358771191,0.0,0.0,0.0,-0.5824609139441516,0.13515433548546538,-0.0723988449814075
18.7833,-4.755329184724836,1.37186623403601,1.0,-4.814425468444824,1.3078492879867554,1.0116575956344604,-0.15296289085354559,-0.12064020404438167,-0.024827865520797354,-0.9805263687060585,-1.8588727836342438,-1.9719647190052496,0.0,-1.7616441249847412,-1.94026517868042,-0.05841337889432907,2.843845234793198,-2.1351786246570814,0.025492984733197055,2.815070490781209,-2.6592068958190644,-0.041565755646611025,2.163638960297058,-1.4462939160239932,0.012403598971722366,2.3921060846513456,-1.8501195514184352,-0.03857893851034848,0.6049549374132407,0.3885015228636744,0.14253201782866765,0.0,0.0,0.0,-0.5761801934012514,0.13552674829830863,-0.07547327744885957
18.8,-4.785852398323507,1.3387466714790677,1.0,-4.849346160888672,1.2697169780731201,1.0107229948043823,-0.15125068566950264,-0.12370894769459624,-0.02418744415767434,-0.980425595591269,-1.8071290365165473,-2.005702101967948,0.0,-1.6936906576156616,-1.9884281158447266,-0.05873970314860344,2.802519306207793,-1.9253123676029649,0.03176686973477327,2.787231367694661,-2.456481300079519,-0.031227310367977823,4.081415663081924,-2.8927584379877707,-0.019599660976902036,2.890821148645652,-2.1579256076188953,-0.03297590888776624,0.5949988890573343,0.39566594692885826,0.14060095639197262,0.0,0.0,0.0,-0.5797109505442025,0.1355029855476959,-0.07760677628922152
18.8167,-4.815553517186836,1.3050277914828519,1.0,-4.882984161376953,1.2307567596435547,1.0098063945770264,-0.14733446175050963,-0.1267574101495985,-0.022799421995665037,-0.9806657904809325,-1.754786153229154,-2.0378664299672495,0.0,-1.6261967420578003,-2.0296449661254883,-0.060546062886714935,2.8865055040074643,-1.9793243398763567,0.007090040575909562,2.8906186119204618,-2.520389414108138,-0.053976321441659425,1.9686387741391387,-1.1213282065209622,0.2653793203876556,2.6185760564561527,-1.8519031083531505,0.055104007997191284,0.5797760241133038,0.40616139050339717,0.14018831365204934,0.0,0.0,0.0,-0.5838891320263011,0.1349036837283842,-0.07912195163448035
18.8333,-4.844351792748109,1.270817666007088,1.0,-4.899296760559082,1.210973858833313,1.0092909336090088,-0.14302162281613892,-0.12858145660597664,-0.021678821587457424,-0.9810921480004687,-1.7020250532230807,-2.068373388690836,0.0,-1.592810034751892,-2.0496556758880615,-0.06080179288983345,2.842831736468779,-1.7826007066445912,0.05064727286389026,2.868957114451062,-2.335231201441843,-0.007587492335855803,2.004007040943372,-1.2011248336362466,-0.015349963149534181,2.4371440502603923,-1.6597814670237592,0.03430470798864277,0.5606037146760671,0.418801742387095,0.13930364814174911,0.0,0.0,0.0,-0.5867290926583498,0.13382875241015668,-0.08106888294200305
18.85,-4.872260416774713,1.2361218313108964,1.0,-4.9308390617370605,1.1707509756088257,1.0082789659500122,-0.13823114517212312,-0.12955024768784285,-0.02105230868434294,-0.9816647972311862,-1.648866500169784,-2.0972427353811396,0.0,-1.518498420715332,-2.091158866882324,-0.06314551830291748,2.7580957103410633,-1.580188515526221,0.06949367601622836,2.802621132374114,-2.137348685674914,0.013407971428032753,4.461573146292586,-2.49179788147724,-0.14071424098196392,3.034792521014695,-1.9054079197926903,-0.01736408466520727,0.5534550452466275,0.4241350720880992,0.1370840933314074,0.0,0.0,0.0,-0.5979804672796784,0.13302509806059373,-0.08099838874321179
18.8667,-4.8993101949692415,1.2009191897323672,1.0,-4.946089267730713,1.1503477096557617,1.0077375173568726,-0.13823114517212312,-0.12955024768784285,-0.02105230868434294,-0.9816647972311862,-1.5952913991998223,-2.1245108084713107,0.0,-1.486990213394165,-2.1068115234375,-0.06319169700145721,2.8520841114822217,-1.6250247346513185,0.07221991921340187,2.913972696723596,-2.189091896802225,0.01966367633496771,1.8893590861652394,-0.938596365819835,-0.0027690608603657056,2.696639635329367,-1.6199874781126327,-0.013055366876729339,0.5398575248561254,0.43239235210823906,0.1346461679919309,0.0,0.0,0.0,-0.6017461100974995,0.13167481004266737,-0.08208992511349675
18.8833,-4.92544926676262,1.1652959629127955,1.0,-4.975610256195068,1.1090244054794312,1.0065958499908447,-0.13162366391712885,-0.1310127156311425,-0.020548274523001193,-0.98238925941024,-1.5414439573720125,-2.150130979603772,0.0,-1.4160221815109253,-2.1453025341033936,-0.06699054688215256,2.783664957687016,-1.420507690848373,0.10050150959675985,2.8571312859083724,-1.985503150642994,0.052811240389422864,4.258390557939914,-2.3096280400572247,-0.22794751430615165,3.1576970526657915,-1.823581976939066,-0.07649545650003127,0.5352163250248246,0.4348308485826744,0.13070533969643608,0.0,0.0,0.0,-0.6086826532461814,0.13016461121194672,-0.08301507048909909
18.9,-4.950702941067939,1.129238593189967,1.0,-5.00370979309082,1.067075490951538,1.00545334815979,-0.12629014746722123,-0.13360228258217263,-0.01938805607719337,-0.9827641134808959,-1.4873162807917335,-2.174135186139648,0.0,-1.3487704992294312,-2.1769535541534424,-0.06163612753152847,2.87738196065817,-1.4554294282891556,0.09759180595829431,2.9590562446149926,-2.0248269008534634,0.05424159625201386,1.8984417441029307,-0.8631593995711222,0.05643584703359542,2.78594186947519,-1.5400476779276226,-0.037251706038254326,0.5231901465331436,0.4405744116705405,0.1272331333151085,0.0,0.0,0.0,-0.604864430489966,0.12882306089376738,-0.08388292360882804
18.9166,-4.975019830177771,1.0928442562923744,1.0,-5.030401706695557,1.0245403051376343,1.0043197870254517,-0.12106039956295671,-0.13356243109054433,-0.01889653952985926,-0.9834370300642208,-1.433066245897227,-2.196483502580694,0.0,-1.2866175174713135,-2.204040765762329,-0.0679325982928276,2.816422134970646,-1.2623017205332943,0.08842303376814353,2.9038064885456967,-1.8321932974110378,0.05061283781100695,4.130982385794072,-2.0014750107403696,0.14541072962909923,3.1830224139388594,-1.6762694603354515,0.01667358359269161,0.518714206815623,0.44207797650748965,0.12462199363399401,0.0,0.0,0.0,-0.6060985603906736,0.12781360037025388,-0.08681179767685743
18.9333,-4.998456019604229,1.0560526262787087,1.0,-5.043244361877441,1.0030821561813354,1.0036894083023071,-0.11365545379486172,-0.13386095458436895,-0.01820141155736911,-0.9842929061169315,-1.3786160444326285,-2.2172367750654183,0.0,-1.2492517232894897,-2.220224618911743,-0.07190979272127151,2.7658262665096798,-1.0959218405364495,0.14406247505035363,2.8484757887755427,-1.6642095774369738,0.11349645372177267,3.9789414221154398,-1.631843143984898,-0.4967469145071792,3.4179922526026734,-1.663153999744515,-0.13489753151561482,0.5189080488929219,0.44168921839145325,0.11885088991071151,0.0,0.0,0.0,-0.6015575711587849,0.12659851850907117,-0.08828486858213054
18.95,-5.020963459560244,1.0189625954167483,1.0,-5.067757606506348,0.959743320941925,1.0024083852767944,-0.10896456421479338,-0.13602511952278495,-0.017464221030065074,-0.9845399287960538,-1.3241242061949965,-2.2363621442343553,0.0,-1.17943274974823,-2.250033378601074,-0.06999482959508896,2.6886185925280013,-0.9033135172942687,0.13889758826012777,2.7614067995550124,-1.4659599902681335,0.11440851488099796,4.19208085203848,-1.7897818369216674,0.11497849146816308,3.6465173555998063,-1.7005368517259343,-0.06112956240910526,0.5239112455606529,0.43807138944071966,0.11417188024915266,0.0,0.0,0.0,-0.5966994525876641,0.12457508353314507,-0.08968280687002285
18.9666,-5.042576844414757,0.9815426334650507,1.0,-5.079492568969727,0.9379205703735352,1.001767873764038,-0.10896456421479338,-0.13602511952278495,-0.017464221030065074,-0.9845399287960538,-1.2695561588054765,-2.253900227653576,0.0,-1.1481029987335205,-2.2588648796081543,-0.07134455442428589,2.7801711566185623,-0.937115863097349,0.15013957500268926,2.8365460749981795,-1.496659770990047,0.13426411482147488,1.8800826966549347,-0.5299739605688614,-0.08099631227287035,3.125033558180105,-1.3549652912336843,-0.06699459008441815,0.5190698607120631,0.43851247536497234,0.10911229932370804,0.0,0.0,0.0,-0.57544477909168,0.12103143252772582,-0.09323683914249367
18.9833,-5.063292100606796,0.9438225298951444,1.0,-5.101968288421631,0.8940765261650085,1.0005329847335815,-0.10491325108524434,-0.13815548466432873,-0.016423362459240008,-0.9847012669321537,-1.214967775636043,-2.2698579588991725,0.0,-1.080796241760254,-2.275270462036133,-0.06883642822504044,2.7112040260972057,-0.8079768253015671,0.14124748436545698,2.7450137890793433,-1.3643623088146108,0.13299312308842254,4.035580524344569,-0.9836463962032193,0.15038230480029735,3.3938436651602646,-1.2453451666207322,-0.002820957597215887,0.5197407430435299,0.4392570078205325,0.10506864595172875,0.0,0.0,0.0,-0.5535505060256677,0.11712847569251128,-0.09681428467469431
19.0,-5.083081175909221,0.9058816258861786,1.0,-5.11268949508667,0.8720064163208008,0.9998761415481567,-0.09649142830312701,-0.13729298892222375,-0.015928052695539985,-0.9856907906414923,-1.1604851370851945,-2.28422692737013,0.0,-1.0491256713867188,-2.285851001739502,-0.07428943365812302,2.7981786742196757,-0.8154196300917587,0.17725385996663245,2.810138253845029,-1.370161106151568,0.17875248159216517,1.90094305871578,-0.6350691910302093,-0.3273023726727629,2.953112119571212,-1.0651805442762774,-0.09861380205305798,0.5121516706548946,0.4414837252458738,0.0989376342608982,0.0,0.0,0.0,-0.5241112502802476,0.11325775081393546,-0.1004362558864309
19.0167,-5.101986535946146,0.867666136407782,1.0,-5.142821788787842,0.8052610754966736,0.9977928400039673,-0.08769848012935798,-0.1358870741059326,-0.015672052737684777,-0.986710744375456,-1.106042458663566,-2.2970512908894047,0.0,-0.9500227570533752,-2.3154921531677246,-0.07517225295305252,2.7202614468810458,-0.6318707130378332,0.1862822718688255,2.704504813751206,-1.1820028600758128,0.1992018154721008,4.040679395203933,-1.3552176522708435,-0.02040088104152971,3.274181857404096,-1.150804799724242,-0.07552391822981955,0.5111516379782745,0.4405032383090955,0.0929429915675424,0.0,0.0,0.0,-0.4953950048484345,0.10962890872888417,-0.10586253517081771
19.0333,-5.119949542926302,0.829327234089381,1.0,-5.152238845825195,0.7828067541122437,0.9970699548721313,-0.08313645256297818,-0.13605546130244575,-0.01485920861730376,-0.9870950393401783,-1.051865479917432,-2.30830728897704,0.0,-0.9148703813552856,-2.3251123428344727,-0.07826631516218185,2.6400987017267843,-0.47437741572035297,0.21529405206449947,2.603136725879953,-1.020868277127783,0.2405777047761778,2.111651771647905,-0.5778980836985478,-0.18586459138953337,2.930981727886195,-0.9816722658218638,-0.10809850170382364,0.5039424821197537,0.44079199290785964,0.08598023303156238,0.0,0.0,0.0,-0.4669805062729225,0.10569886849957033,-0.11126388574324068
19.05,-5.137049779622587,0.7907263162362841,1.0,-5.170113563537598,0.737552285194397,0.9955599904060364,-0.07892201532462378,-0.1358672598187764,-0.014020064863451788,-0.9874790814238096,-0.997769088579658,-2.3180605560391765,0.0,-0.8482351899147034,-2.3394830226898193,-0.07738082110881805,2.704236909988669,-0.4707401433970794,0.23553326080246162,2.646627937564621,-1.013751115582647,0.2752049688103263,2.0696900442793886,-0.5055992001142694,-0.16317534995000715,2.6767126805829835,-0.8411267953753494,-0.12435819397598755,0.4928380936207809,0.4414311716218056,0.07827958822323365,0.0,0.0,0.0,-0.4352291211967326,0.10157980056376209,-0.11795129623109833
19.0667,-5.153231351826565,0.7520196517426125,1.0,-5.186603546142578,0.6921475529670715,0.9941375851631165,-0.07317337748273416,-0.1347267634638936,-0.013440208521638903,-0.9880859117486694,-0.9439832847652951,-2.3262948180588623,0.0,-0.7839041948318481,-2.348182201385498,-0.07452381402254105,2.6155007111883584,-0.333287535779217,0.2024467472096978,2.547272478748411,-0.8745044485574929,0.25690651023075106,2.08102656538346,-0.2768121539848075,0.18955552694448022,2.5008552516928657,-0.6745307989473486,-0.0316851259862914,0.47891903344907427,0.44361742948246524,0.07199296306742038,0.0,0.0,0.0,-0.41069080100912697,0.09759948329581061,-0.12645272608847366
19.0833,-5.168507373621804,0.7132181957304151,1.0,-5.194425106048584,0.6693466305732727,0.9934015274047852,-0.07317337748273416,-0.1347267634638936,-0.013440208521638903,-0.9880859117486694,-0.8905318665634527,-2.3330382890959664,0.0,-0.7559122443199158,-2.3528854846954346,-0.0795975998044014,2.575026484987129,-0.19814424930769403,0.24213850296700112,2.504620219944994,-0.7382019007089412,0.31264064714817474,1.680985481931161,-0.2824437317450318,-0.30469331653399,2.2588147104478624,-0.5587795303179444,-0.1122821337570376,0.46136274408631545,0.44600391080359475,0.06390991509017098,0.0,0.0,0.0,-0.3909564790441805,0.09405374059765245,-0.1344120592713446
19.1,-5.182935057294635,0.6742073642514215,1.0,-5.209160804748535,0.6236289739608765,0.9918363094329834,-0.0669009912911118,-0.13288659781359352,-0.012933982724174542,-0.988786181636678,-0.837267969690813,-2.3383328276622426,0.0,-0.6941530108451843,-2.3620476722717285,-0.0815710499882698,2.5045151341122027,-0.053240459902967746,0.2620779850302517,2.4336050539458163,-0.5893036907560593,0.3467583009829563,3.6978344349117074,-0.5485860301780131,-0.11816034032347861,2.683639634865674,-0.5557702227644202,-0.11401748777467,0.4535579778796776,0.446138411538693,0.055406112292848496,0.0,0.0,0.0,-0.38264789771329133,0.08992481931439855,-0.1400864282455531
19.1166,-5.196416060006829,0.635300029394124,1.0,-5.216039180755615,0.6006935834884644,0.9910804033279419,-0.06124957832620271,-0.1312782793427739,-0.012293519214203071,-0.9893753102851631,-0.784626623798256,-2.342166632510645,0.0,-0.661813497543335,-2.3669207096099854,-0.07583124935626984,2.569732279987416,-0.04081332478768193,0.23171525303427298,2.5003445376901126,-0.5713228628992995,0.3273714766322381,1.945465563236855,-0.29314993832649666,0.34529228579214594,2.4657171569067695,-0.478239914742761,0.02157915243996332,0.44260720834764516,0.44534574507082636,0.04919686017531288,0.0,0.0,0.0,-0.37321946605034184,0.08516379304079115,-0.14485308377327796
19.1333,-5.209061486851942,0.5962249906022492,1.0,-5.228885650634766,0.5546478629112244,0.9896230697631836,-0.05577259009385596,-0.1295769849241392,-0.011668355010240928,-0.9899308478953853,-0.7322484614574718,-2.344597020602938,0.0,-0.6016363501548767,-2.3711061477661133,-0.07586581259965897,2.4978778679291387,0.08947749185908088,0.23955536589868753,2.427993785655433,-0.43515770929303305,0.34614339786625753,3.608877021404367,-0.25100444673215233,-0.0020727884299174995,2.803198843068931,-0.4111558512782241,0.014596667195624252,0.43897553043439863,0.44406005431533224,0.04267258050479513,0.0,0.0,0.0,-0.36909144816069317,0.08057514683678171,-0.14926061247236513
19.15,-5.22082502139159,0.557163564131752,1.0,-5.240660667419434,0.5085518956184387,0.9881634712219238,-0.04881136634688366,-0.12683217931740132,-0.011183371224426085,-0.9906593561718962,-0.6803862378515668,-2.3456359927490467,0.0,-0.5467925071716309,-2.366943359375,-0.07306263595819473,2.5965824490300897,0.06733742827759184,0.2358055307124607,2.5318945721826904,-0.45344538091219855,0.35106891603687207,1.5544261027674775,0.18802525520065286,0.07798026400561227,2.434538305624771,-0.2342666370825607,0.03330866347084191,0.42871744609066176,0.4442296527372967,0.03633106361822113,0.0,0.0,0.0,-0.3640295692432625,0.07655315645249364,-0.1515944489426325
19.1667,-5.231744738461214,0.5180369344239989,1.0,-5.251247406005859,0.4623414874076843,0.9867566823959351,-0.04176201090549707,-0.12411102072685609,-0.0106171283146822,-0.9913323149020695,-0.6289435628951815,-2.3453123468169683,0.0,-0.513526976108551,-2.369710683822632,-0.07190405577421188,2.5025457465637855,0.19622742934271975,0.2273913149652378,2.452238726152129,-0.3197956661348933,0.3518417835303999,1.9937376754022462,-0.16585693464033607,0.06943839130062016,2.30440590282718,-0.2140708425598059,0.04397481948912746,0.4159235503827007,0.4434219250645703,0.030073704679019545,0.0,0.0,0.0,-0.365616529971044,0.0726011704130427,-0.15452417324418166
19.1833,-5.241798907498213,0.47897495011612656,1.0,-5.256095886230469,0.4391646981239319,0.9860666990280151,-0.04176201090549707,-0.12411102072685609,-0.0106171283146822,-0.9913323149020695,-0.5780988605218084,-2.3436543717266405,0.0,-0.45582449436187744,-2.3744850158691406,-0.06952742487192154,2.428094500289509,0.3509608296346943,0.22055965525350185,2.3899238192562726,-0.1584693972401917,0.35284748172703884,3.4638369280531265,-0.2865995906742425,0.14266737988578954,2.646691133033317,-0.23548265465106413,0.07311066717650617,0.41060406549792383,0.44044191542358785,0.024339225623157407,0.0,0.0,0.0,-0.3724333844646874,0.06898831145129813,-0.15662705209669436
19.2,-5.251011184468258,0.4399492676204455,1.0,-5.265011310577393,0.39285361766815186,0.9846932888031006,-0.03638110695104304,-0.12285386979782921,-0.009841584155233276,-0.9917088969935144,-0.5278213672075254,-2.3406912264975723,0.0,-0.4044886529445648,-2.366412401199341,-0.07061583548784256,2.5138256913450734,0.3324183188133965,0.22643349929838674,2.484753150799869,-0.1714794972211688,0.3662988936705308,1.5775160653203761,0.34891442801734623,-0.019799881209657796,2.331051111142866,-0.06295795449999633,0.04568177511564462,0.399708862437531,0.43877891372879746,0.0180345467796367,0.0,0.0,0.0,-0.37063632189232687,0.06511890230576785,-0.15789994115178074
19.2166,-5.259394746083476,0.4009641243558697,1.0,-5.269085884094238,0.3697296380996704,0.9840148687362671,-0.03193718539090287,-0.12268232158767774,-0.00891372128526595,-0.9918920250502943,-0.4781235531356884,-2.3364503732043613,0.0,-0.3774694502353668,-2.361483097076416,-0.0668364018201828,2.4625534254505315,0.42732412154373206,0.21569267477789023,2.4469814904239575,-0.071911857154356,0.36249551422839066,1.6204119421765304,0.2956232037405093,0.2266624783733932,2.121257439720508,0.04290175739792876,0.09911058660132566,0.3847202835634495,0.437797535587497,0.012749045816225935,0.0,0.0,0.0,-0.3691483485368758,0.06143844311059103,-0.15955188526672634
19.2333,-5.266954720576882,0.36206232502197816,1.0,-5.276411056518555,0.32357802987098694,0.9827988147735596,-0.027955725394404572,-0.12203402403223923,-0.008155836655342988,-0.9920986289016946,-0.4290664420969259,-2.330964050657426,0.0,-0.3204493820667267,-2.355886220932007,-0.05876154825091362,2.374535095467305,0.5373448314890426,0.1738973020980188,2.3703524219894714,0.042154641366012824,0.3253914228272986,3.420571240596127,0.3357504505277611,0.4844015936525644,2.504838622012963,0.12935604416671426,0.2128555340587971,0.3778447812489166,0.43694178195671673,0.009742926861572083,0.0,0.0,0.0,-0.3736621077710827,0.05824840816631297,-0.1612370475908519
19.25,-5.273698241784671,0.32328818471465853,1.0,-5.279595375061035,0.30059850215911865,0.9822344779968262,-0.027955725394404572,-0.12203402403223923,-0.008155836655342988,-0.9920986289016946,-0.3807109494510057,-2.3242684610414477,0.0,-0.29095566272735596,-2.353774070739746,-0.05808359012007713,2.4289664813398963,0.5580840819293027,0.17324301407815934,2.4384207958314343,0.06886475849987694,0.3288518394655319,1.7708407890404685,0.1268162102580987,0.04070547690281575,2.2881490460368195,0.1286062387749477,0.16203369070494028,0.36732529790920093,0.43427073367485786,0.005928226627016524,0.0,0.0,0.0,-0.3767796124007389,0.0549485897545679,-0.16153705201438912
19.2666,-5.2796488021550045,0.2845885101796185,1.0,-5.285176753997803,0.254822701215744,0.9811381697654724,-0.019144273437050253,-0.11953866718259111,-0.007187259929714197,-0.9926190160402586,-0.3329963159486749,-2.3163821953801254,0.0,-0.2438054084777832,-2.342048406600952,-0.05664381757378578,2.387748046545435,0.6408922162518584,0.17071519566737603,2.408091877479408,0.15582154541168086,0.32909327271436395,2.8265514678558157,0.7029271360375039,0.08631111897207215,2.447095281635391,0.29815626482621693,0.1396790035062477,0.3601824796477107,0.43360552068560515,0.0018264147532425093,0.0,0.0,0.0,-0.38052631058168396,0.051465150154572425,-0.16020449180023047
19.2833,-5.28480648591222,0.24605530573588835,1.0,-5.287581443786621,0.2320423275232315,0.980593740940094,-0.014309297611357838,-0.11927880551974113,-0.0060815373590308915,-0.9927390924116661,-0.28604107310231786,-2.307351899739852,0.0,-0.21888332068920135,-2.335707426071167,-0.05610363930463791,2.4617337392783356,0.6464287717960973,0.17084307083546602,2.5007010821450697,0.16643482787322084,0.33238136085111747,1.495497839678384,0.3805027397456257,0.032414436599567935,2.166166323899117,0.3224664493143031,0.10801254282182751,0.3477340966216195,0.4319125017330913,-0.0027691337635898936,0.0,0.0,0.0,-0.3867014394883536,0.04808144218978512,-0.1587691562520616
19.3,-5.2891867396285015,0.20769235634980163,1.0,-5.291646480560303,0.18663418292999268,0.9795626401901245,-0.00978120352638537,-0.11894102487070664,-0.005004769673274555,-0.9928405820228804,-0.2398531848566824,-2.2972091181391807,0.0,-0.16693980991840363,-2.3215134143829346,-0.049903273582458496,2.3795996942338675,0.7235894343503455,0.1394775956936689,2.435271378852007,0.24602920662669797,0.30262810370448234,3.1167473748962835,0.8516780635747189,0.3720382642842837,2.446795224446909,0.47869939053612987,0.18595776154107535,0.340720384935145,0.4322389143545258,-0.005692716358405528,0.0,0.0,0.0,-0.3963920695532843,0.0453213133691217,-0.1574577916524079
19.3166,-5.292805620527327,0.1694867510889779,1.0,-5.294642448425293,0.14145518839359283,0.9786735773086548,-0.005481476871713105,-0.1179988320722456,-0.004538204060258978,-0.9929882645800626,-0.19442095372033197,-2.2859790917743132,0.0,-0.1149522066116333,-2.3057968616485596,-0.044122688472270966,2.2895973065975825,0.7958790214211485,0.10995042188755288,2.358109843513535,0.31866388562929,0.273129446815619,3.1186345986069597,0.9428052460704529,0.3467659899312061,2.645134487277232,0.615711921808203,0.2334312897424019,0.3378992003982647,0.4340262868994399,-0.007417776090474337,0.0,0.0,0.0,-0.40641173731421687,0.04318884889241863,-0.1557612488375918
19.3333,-5.295672260773654,0.13149991474739905,1.0,-5.296614170074463,0.09677068889141083,0.9778178930282593,0.0005997180441736898,-0.11738514761614666,-0.0037270458138183036,-0.9930793860665431,-0.1498204724412644,-2.2737091618757024,0.0,-0.0698225349187851,-2.287055253982544,-0.04640454426407814,2.232998581630692,0.8528754265645936,0.12865921166490235,2.3051497474612526,0.37455132123807533,0.2929278671426431,2.708402788707808,1.1247549685930547,-0.1369428218317618,2.66381244624913,0.7659907332792271,0.12409008247407759,0.33602382468678177,0.4374576068149134,-0.010986670163198332,0.0,0.0,0.0,-0.40817499051734246,0.04086649851160487,-0.15328198531454237
19.35,-5.2978025262832125,0.09372868278395158,1.0,-5.297249794006348,0.0745418518781662,0.9773927330970764,0.003211036679143467,-0.11814421762618393,-0.0028778289631723065,-0.9929871266151528,-0.10605002181268383,-2.260428667050956,0.0,-0.04681048542261124,-2.2781026363372803,-0.043897099792957306,2.2997867283269904,0.8611076755461516,0.11649339111959645,2.3746627596237118,0.3841743662755984,0.280761128348543,1.3816927858737975,0.5375343563902886,0.1505523416027256,2.2853072884991357,0.6985462351985832,0.1319022250341394,0.3272920938064433,0.4382069735384541,-0.014227423480248969,0.0,0.0,0.0,-0.4021681251031645,0.0387263357320991,-0.15004031374869758
19.3666,-5.299211655807927,0.05614940143693568,1.0,-5.2977752685546875,0.030424930155277252,0.9766343832015991,0.005993877182484394,-0.11719842127217521,-0.0024569083870939652,-0.9930874782614573,-0.06308505497620566,-2.246157109214541,0.0,0.0006420183926820755,-2.2584078311920166,-0.03988010808825493,2.2168561720373994,0.9192837190069465,0.09696262288218005,2.292750769867718,0.44150767857514217,0.26145893131223447,2.845036616242835,1.180811069657075,0.24084057885558272,2.4505496165302856,0.8409196289507304,0.16406281820852311,0.3221060157945612,0.44084085085855895,-0.016617468319103823,0.0,0.0,0.0,-0.3980006136248796,0.03693518957324536,-0.1478788401109506
19.3833,-5.299911286949404,0.018837312238728084,1.0,-5.297663688659668,0.008524618111550808,0.9762640595436096,0.005993877182484394,-0.11719842127217521,-0.0024569083870939652,-0.9930874782614573,-0.02101349929363108,-2.2309517346766503,0.0,0.025303367525339127,-2.249621629714966,-0.04021180048584938,2.2645451263715035,0.9363443761952156,0.10159562677289724,2.34424580771483,0.46034125880352933,0.2674591568785978,1.479618860681181,0.5271499685300681,-0.01990070878869371,2.163913111167438,0.7482890902536499,0.1097534226362387,0.31182120416400555,0.440562811134285,-0.019831373597967286,0.0,0.0,0.0,-0.3915218855073319,0.03544030625740125,-0.14603215650773327
19.4,-5.299917005452649,-0.018220079618590627,1.0,-5.296680450439453,-0.035000719130039215,0.9755416512489319,0.011016474972679127,-0.1142435689433492,-0.002362625886975134,-0.9933888703751587,0.020178094679129364,-2.214837450284752,0.0,0.07097183912992477,-2.231569528579712,-0.03937260061502457,2.1789389533318375,1.0106354143735023,0.10098796812587008,2.2583242283707983,0.5348793782884997,0.2684732970454963,2.7393663566872606,1.082832789886162,0.0503383584320119,2.333797427120805,0.847052505024625,0.09221300972129798,0.30520945763498675,0.441444946631621,-0.02321604214588466,0.0,0.0,0.0,-0.38459473267394756,0.034311089453381696,-0.14426928677374154
19.4166,-5.299244097998523,-0.054982148176214184,1.0,-5.294832229614258,-0.07805334031581879,0.9748087525367737,0.014267561694620026,-0.11320533928220003,-0.002238798446050113,-0.9934666734575097,0.06044442673635979,-2.197861804567494,0.0,0.1114385649561882,-2.207507848739624,-0.04110395163297653,2.1170971643260725,1.0510769629835708,0.11588011908474183,2.195600804734568,0.5732017228776094,0.2860173477555564,2.4284574772506153,1.4439706976477995,-0.1039004821724947,2.361742804072998,1.0232736656895622,0.034316722439944006,0.29984527697627383,0.44481538048055275,-0.027615340539062252,0.0,0.0,0.0,-0.37834891738476933,0.033059859625408625,-0.1425218881317523
19.4333,-5.297906406807842,-0.09148764745132508,1.0,-5.292082786560059,-0.12063125520944595,0.9740690588951111,0.01714816708143804,-0.11368729376327816,-0.0020428577473229643,-0.9933664903985994,0.09982766678134918,-2.1800356725234296,0.0,0.15660718083381653,-2.184216022491455,-0.041081927716732025,2.1612707951946564,1.0694339778212554,0.11652549563682779,2.2418331211415223,0.5928477222495734,0.2893763911340788,1.3671542268114907,0.6198799485493783,0.020742595040731743,2.068122077422177,0.9041844673406314,0.03030939192989374,0.2894784644622217,0.4447925449491027,-0.03205710278231699,0.0,0.0,0.0,-0.3700407904090879,0.03179371062257933,-0.14079379271493403
19.45,-5.295919444232752,-0.12769327364282165,1.0,-5.2884135246276855,-0.16277283430099487,0.9733184576034546,0.019570088315911983,-0.1129041262926048,-0.0022355109918662515,-0.9934107024426873,0.13828076410695384,-2.1614080207266024,0.0,0.198238804936409,-2.1637706756591797,-0.04164097085595131,2.0626653278810334,1.1171556566782908,0.12881848487489034,2.1532339041522217,0.6439451729655138,0.30550605324023905,1.3238959706593076,0.6397757982183966,-0.05788312159514992,1.8484129280753212,0.8261261954728716,0.004273349994156649,0.27518922811922286,0.4424276355005978,-0.0369860364208254,0.0,0.0,0.0,-0.36575780439041117,0.030782848212179113,-0.1397015319445233
19.4667,-5.293303171463246,-0.16353124054615123,1.0,-5.2862653732299805,-0.18370608985424042,0.9729536175727844,0.022804371616187195,-0.11024334569672944,-0.0024975379490584735,-0.9936398548580411,0.1757340515989523,-2.1420447934987656,0.0,0.21811321377754211,-2.1521754264831543,-0.039797257632017136,1.9862358170260186,1.1807147380115937,0.11994651542115431,2.0916343191987994,0.7127527602111705,0.299898770930732,1.1934217025297427,0.6962733897407264,0.11071158856962877,1.6550475466588823,0.7877912738294919,0.03569586345194632,0.2580279514717443,0.43849093587574184,-0.04132214096103749,0.0,0.0,0.0,-0.36342645364452497,0.02947104192468127,-0.13863011454854016
19.4833,-5.2900688352879115,-0.1990628815621184,1.0,-5.281388282775879,-0.22521057724952698,0.9722309112548828,0.02538887695296995,-0.10840174178522397,-0.002495009138147806,-0.9937797823950971,0.21225401693329554,-2.121943081245975,0.0,0.2557823061943054,-2.1229331493377686,-0.04126268997788429,2.0438634099868462,1.1794157879343314,0.12188485706240382,2.1663166651412786,0.717219305602886,0.30577342165548665,1.081291580227484,0.9104227770226768,0.007632430789040704,1.4856642985145228,0.8239943349756467,0.027411025199041077,0.23868597222843765,0.43435001747373125,-0.04579869432794609,0.0,0.0,0.0,-0.36113922738287024,0.027846464857714116,-0.13808987026513675
19.5,-5.286236286497949,-0.23423367434858566,1.0,-5.278634548187256,-0.2457181066274643,0.9718629717826843,0.02538887695296995,-0.10840174178522397,-0.002495009138147806,-0.9937797823950971,0.2477867575071723,-2.101162654956172,0.0,0.2965758144855499,-2.095942735671997,-0.0379236675798893,1.9551360267923947,1.2098224887857054,0.13231643854137243,2.100160593289577,0.7541469894864633,0.3195022201441327,1.184374239365434,0.8051486906347093,0.03729614993628567,1.3967179662093567,0.8184307563139805,0.030329294697345015,0.21811969998692862,0.42944454869356735,-0.050205363181958555,0.0,0.0,0.0,-0.36314426648411074,0.026230950605674756,-0.13698041842080172
19.5167,-5.281807961515584,-0.2691416052442392,1.0,-5.272489547729492,-0.2863398492336273,0.9711891412734985,0.027174075210277697,-0.10818427985197594,-0.0024690466794651225,-0.9937563487473251,0.2824321354947029,-2.079671978634864,0.0,0.3175179064273834,-2.0828871726989746,-0.035487912595272064,1.8432880902818558,1.2461206157504643,0.10572603679039272,2.0169428276495105,0.7982798833744793,0.29516572048596956,1.2533353309647133,0.7813449766705193,0.14577425160167232,1.3543887916017416,0.8074823563260102,0.06441075602656433,0.19762703751849156,0.42368139891119744,-0.053978310669711156,0.0,0.0,0.0,-0.37128177488614605,0.024159333464787533,-0.1354613730258657
19.5333,-5.276826066258934,-0.3035765204346774,1.0,-5.265505313873291,-0.3263854384422302,0.9706074595451355,0.030501015722826076,-0.10660856196847947,-0.002412738489854582,-0.9938302743196132,0.3159853927263692,-2.05763001698599,0.0,0.35565799474716187,-2.052647352218628,-0.03218763694167137,1.874609161550473,1.2625237557687776,0.094464874494256,2.079379068617017,0.8233713524718009,0.2859650198249206,1.1890706037422276,0.8050947018539213,0.13757960471646752,1.30558384093404,0.8067774770853737,0.08601153750717105,0.17741811813370323,0.41723953885658205,-0.05719597136550486,0.0,0.0,0.0,-0.3821880252002471,0.021912864440394707,-0.13430417396515973
19.55,-5.271292363876181,-0.33764836164782186,1.0,-5.257774353027344,-0.36575400829315186,0.9700109958648682,0.032903712726023,-0.10467504368290582,-0.002245120473326716,-0.9939595387039961,0.3485601619667508,-2.0349987255474464,0.0,0.39060914516448975,-2.0215530395507812,-0.03423725441098213,1.7902385394198606,1.2594937862709012,0.10591357877523588,2.030809795724787,0.8286933801513392,0.2999160725157206,1.0107719413845955,1.0026786609560099,-0.1367039220180201,1.2185499797475798,0.8646110871578212,0.020261863162214087,0.15610311012667616,0.4113853968715278,-0.06157625086070904,0.0,0.0,0.0,-0.3966743664316028,0.019415009248034295,-0.13242624287977567
19.5667,-5.265198710908497,-0.3714754724656538,1.0,-5.253612995147705,-0.38522979617118835,0.9697104096412659,0.03451667788689098,-0.10273868575341376,-0.0019493338904772893,-0.9941074741422693,0.38026976191222867,-2.011722714684717,0.0,0.4119967818260193,-2.0085372924804688,-0.0338900163769722,1.6731162367600674,1.2930947409981508,0.1065032955104277,1.9452526592360249,0.8666206199781518,0.3025971504241678,2.3611562241787047,1.6385018662563753,0.03423569856397983,1.5558682271472999,1.093077789975726,0.024387194780301456,0.1424099268768349,0.40969445800807225,-0.0658067543227982,0.0,0.0,0.0,-0.4145463493527924,0.016779663011926786,-0.1302871005909419
19.5833,-5.258611932546302,-0.40477067295845515,1.0,-5.244633674621582,-0.4237503707408905,0.9691334366798401,0.03696286516939508,-0.10114215786346502,-0.0018337250850119172,-0.9941834649101345,0.41084986658158484,-1.9880280487967577,0.0,0.45163220167160034,-1.982113003730774,-0.03243043273687363,1.6806300556421514,1.32060025298016,0.10458890763194173,1.9776386803711625,0.9007897836165748,0.3027595058266565,1.271015702230691,0.7474963824696629,0.04395612759495122,1.4717745553854285,0.9910558420982125,0.03016430141934926,0.12813045397719358,0.4054042111708836,-0.06986726822132461,0.0,0.0,0.0,-0.42513907870620476,0.014406258192701532,-0.12830332997339017
19.6,-5.251508072994157,-0.4377399239715665,1.0,-5.239864826202393,-0.44277384877204895,0.9688557386398315,0.03696286516939508,-0.10114215786346502,-0.0018337250850119172,-0.9941834649101345,0.4404968153091226,-1.9637986944499184,0.0,0.4658891260623932,-1.966601848602295,-0.032197680324316025,1.5905072490403425,1.3432938821356677,0.10268006339807467,1.9127769555229868,0.9310994521214264,0.30280080859922837,0.8542065453402663,0.9293540369121764,0.013945408476658476,1.2894571911894341,0.9728403414494173,0.025376187781027616,0.1108781376659557,0.4002159965008254,-0.07396455079657982,0.0,0.0,0.0,-0.43314784414859997,0.011978433513415813,-0.12615619440457387
19.6168,-5.243887600973347,-0.47042639677433806,1.0,-5.22985315322876,-0.4803416430950165,0.9682688117027283,0.03913628595087077,-0.10021391303768307,-0.001684061625949741,-0.9941945495312928,0.4692494008793711,-1.939024039442125,0.0,0.4981454610824585,-1.934233546257019,-0.03556983917951584,1.6235505959003937,1.3476768777535495,0.11397772483106561,1.9741162326880173,0.9436265404451404,0.31635871803083393,0.9191396030030713,1.0048060516437265,-0.08753870257934251,1.1801326706582977,0.9822772033536686,-0.007958351660995813,0.09244073959318758,0.3947047379710546,-0.07866248028719773,0.0,0.0,0.0,-0.4430063763808111,0.009345599337354531,-0.1237185129125706
19.6334,-5.235862824519272,-0.5024292235173667,1.0,-5.219092845916748,-0.5172693729400635,0.9676373600959778,0.040671200416652634,-0.09809794104490575,-0.0015187616860900086,-0.9943442551372036,0.4967655447557367,-1.9140406361363949,0.0,0.5375940203666687,-1.904585361480713,-0.03609045594930649,1.5005348896321498,1.3604383631036545,0.13548899212536636,1.8789040439259719,0.9651347209640486,0.34114043168343483,1.1579297116337879,0.943821031911378,-0.05962504849207603,1.1735779513385514,0.9709242386592782,-0.023211304906205564,0.074341417748924,0.38856885566818355,-0.08366276838880735,0.0,0.0,0.0,-0.4527105720427461,0.006734786471422392,-0.12198867116926113
19.6501,-5.227361023313197,-0.5341156109056394,1.0,-5.213414669036865,-0.5355181097984314,0.9673272967338562,0.04246879511577865,-0.09620799206398024,-0.0013387103492514694,-0.9944540055307259,0.5233726364255191,-1.8885949025246211,0.0,0.555374264717102,-1.8886618614196777,-0.035056475549936295,1.3585914687198106,1.3802981175275673,0.1306810712306321,1.7640022726314768,0.9941506806542044,0.33937024273506333,1.067533424947751,0.9560537089524463,0.062080622477024824,1.142271668913771,0.9665341864929596,0.001968430984857758,0.05661090031108076,0.38198301694388925,-0.08827009337315604,0.0,0.0,0.0,-0.46202170422274685,0.004164419929473519,-0.12041907813127517
19.6667,-5.218455145028378,-0.565269720146182,1.0,-5.201547145843506,-0.571463406085968,0.966717541217804,0.04430065256856599,-0.0952284281817802,-0.0011311371203352773,-0.9944686304871593,0.5488967678329025,-1.8628873806758282,0.0,0.5840988755226135,-1.8532365560531616,-0.03587726131081581,1.2647121814707996,1.366022479311366,0.1397601052545019,1.6850717505444726,0.9825589119881126,0.35211997349771207,1.7295150801739854,2.1329653608188224,-0.049419689639827166,1.3156366572890548,1.3108859886589723,-0.013202281472533342,0.04382680214301084,0.3819028805594442,-0.09322668762754019,0.0,0.0,0.0,-0.4641863712166837,0.0015606867638091543,-0.11913318061567
19.6833,-5.209097730294491,-0.5961089297975842,1.0,-5.1890869140625,-0.6067351698875427,0.9660744071006775,0.04561458057089311,-0.09416247116266692,-0.0006925148678824506,-0.9945110723636097,0.5735233710353212,-1.836765247395585,0.0,0.6135662794113159,-1.8226722478866577,-0.036294564604759216,1.2768119667483593,1.381527937796394,0.15034977747531908,1.7077597237939688,1.002594614537987,0.367249271856253,0.9182363625961841,0.9357318573185732,-0.0787683876112017,1.198316826791654,1.2001336321886014,-0.03255859439250251,0.03021055748200973,0.37931615321331025,-0.09864381627570692,0.0,0.0,0.0,-0.4611583145276193,-0.000382829954903156,-0.11825567810522701
19.7,-5.199344294514944,-0.6264912217210478,1.0,-5.182627201080322,-0.6241276264190674,0.9657610058784485,0.04561458057089311,-0.09416247116266692,-0.0006925148678824506,-0.9945110723636097,0.5971441546251645,-1.8103722825908373,0.0,0.6275542974472046,-1.807229995727539,-0.035082656890153885,1.1750396069081894,1.3966233246839124,0.14203617817505343,1.6146552866499417,1.023748886669281,0.3632565296397736,0.8396542347654349,0.9269470761656696,0.07274679244067894,1.092433074151776,1.1194839676694823,-0.0014705194747922923,0.015502020404907406,0.3748432646743247,-0.1035417728134142,0.0,0.0,0.0,-0.45511770014665975,-0.001968826659693343,-0.117678578651306
19.7167,-5.189181002278548,-0.6565022015422505,1.0,-5.169227600097656,-0.6584572792053223,0.9651879072189331,0.04686898141805466,-0.0912355253159112,-0.0004913901067884617,-0.9947256841162272,0.6198326160787258,-1.783658912548492,0.0,0.6602387428283691,-1.774051308631897,-0.030112557113170624,1.039463695664629,1.3940059883119722,0.1162441805477874,1.4819682616822152,1.0224837640518882,0.34001013691332654,1.9565065365073928,1.9860920819775076,0.29751255030827195,1.3475233533857383,1.3753225224870254,0.08679474740340803,0.007269923618897228,0.3752227171389306,-0.10670155126389944,0.0,0.0,0.0,-0.4497744896364834,-0.003700492878846608,-0.1170644051016397
19.7333,-5.1786893941943415,-0.6859490944244304,1.0,-5.162280559539795,-0.6753791570663452,0.9649304151535034,0.0482141850161549,-0.08706219442574507,-0.0005145287266209222,-0.9950353370122367,0.6414536111970477,-1.7568243853936847,0.0,0.6758391261100769,-1.75644052028656,-0.029257681220769882,1.0345727129693438,1.3992766118818325,0.11356877858266667,1.475284574569343,1.0307194332272713,0.33931254625340024,0.9381039426523298,1.0589964157706093,0.05140658602150538,1.2266552601531668,1.2819372741178614,0.07634751535455377,-0.001669969142551994,0.3734849316352419,-0.10995798218107647,0.0,0.0,0.0,-0.43904189245744707,-0.004927752980680624,-0.1157857854896571
19.75,-5.167834524792173,-0.7149784528182609,1.0,-5.147935390472412,-0.7086355686187744,0.9644002318382263,0.0489606030691048,-0.08465406311326829,-7.915178150340073e-05,-0.995206790391979,0.6621270564506718,-1.7297637026160104,0.0,0.704447865486145,-1.719044804573059,-0.030910618603229523,0.9110900094589951,1.369317553346984,0.12732275503980528,1.343470843759218,0.998054912935523,0.3554083383983543,1.7182957913880257,2.246058453739636,-0.0992785914252574,1.3717965309584714,1.566563468116026,0.02449947861806888,-0.006399941535727853,0.3772552816452633,-0.11414752399434595,0.0,0.0,0.0,-0.42598089276449513,-0.005992641233802285,-0.11393805936420304
19.7667,-5.156623927371072,-0.7436044595840006,1.0,-5.133002281188965,-0.7411153316497803,0.9638948440551758,0.049698544337147946,-0.08203434935291073,0.0005366558220893146,-0.9953894969802738,0.6818702644865886,-1.7024866272545967,0.0,0.7310162782669067,-1.6866583824157715,-0.027465498074889183,0.7934336843623992,1.3672442332439376,0.11038388657038123,1.21368921511778,0.9910419474652071,0.3397695882224367,1.5922385585894523,1.9409104547987484,0.20646524086616086,1.4368750466554907,1.6770775407308234,0.078219097522165,-0.008160264544339043,0.383198920636153,-0.11724662802559117,0.0,0.0,0.0,-0.4120952662110418,-0.006996634857422551,-0.11213907362646429
19.7833,-5.145111717728071,-0.7717271208805407,1.0,-5.117525577545166,-0.7729813456535339,0.9634561538696289,0.05086950496097005,-0.07757220454914568,0.0009520130141641379,-0.9956876859334883,0.7006245724164736,-1.6751136163503608,0.0,0.7570182085037231,-1.655063271522522,-0.024988198652863503,0.7870585970356454,1.3868181125736874,0.10091098860401981,1.1923644755956757,1.009834121473644,0.3309824373675539,0.8085467514609832,0.9161367021886101,0.11838081528589435,1.2513810496117515,1.4524338970583464,0.09007557066385366,-0.011720023177579506,0.38459929494326434,-0.12000202935805879,0.0,0.0,0.0,-0.3935858553824507,-0.007615303843220846,-0.11006941940547531
19.8,-5.1332805309249485,-0.7994263536633872,1.0,-5.109601020812988,-0.7887101769447327,0.9632364511489868,0.05086950496097005,-0.07757220454914568,0.0009520130141641379,-0.9956876859334883,0.7184544905735456,-1.6475922064469288,0.0,0.7667980194091797,-1.6383577585220337,-0.025927439332008362,0.6836178439962542,1.3790619947053027,0.10688295303895412,1.073448863006496,1.0042945819848594,0.33746664053886044,0.5865794365794366,1.001973401973402,-0.05633434774059774,1.0551194624993725,1.3194497255946984,0.046852686736141555,-0.017686275956778727,0.3832492866057478,-0.12348347076038048,0.0,0.0,0.0,-0.37214474305346296,-0.008481873885304499,-0.10710021673952584
19.8167,-5.121159027873488,-0.82666788687773,1.0,-5.101561069488525,-0.8042816519737244,0.9630054831504822,0.05118889509607462,-0.07307463927047426,0.001415164732450349,-0.9960109944084153,0.7353478579064204,-1.619979935487422,0.0,0.7758418917655945,-1.619328260421753,-0.02742510847747326,0.6948643675535137,1.3763931024421723,0.11825775110610603,1.0726844168517808,1.0050409812843573,0.35058336741941304,0.5422837741243746,1.1410364546104361,-0.08980242583988564,0.903720993910738,1.2667788670425244,0.006509599782939128,-0.02483885036307714,0.3808613847451664,-0.12768171510881593,0.0,0.0,0.0,-0.35298119893519,-0.009509263587351303,-0.10464390120449109
19.8333,-5.108765563032628,-0.8534442793687598,1.0,-5.085151672363281,-0.8348737955093384,0.9624943733215332,0.050725454276749404,-0.06937964020804788,0.001821544645792415,-0.9962982673278656,0.751311695111147,-1.5923086651021214,0.0,0.7983383536338806,-1.584874153137207,-0.029424909502267838,0.579938525924934,1.3575138154574604,0.13406279351743589,0.9454024642977252,0.9848264258390744,0.36978618189125273,1.3492485664850642,2.066420716971959,-0.11994013466460755,1.0352488764875099,1.50284775663621,-0.0308206730174189,-0.027999440508742757,0.3832301232586913,-0.13260564731077093,0.0,0.0,0.0,-0.3374644978640485,-0.010542733640305304,-0.1031177410630459
19.85,-5.0961238406207,-0.8797381139600271,1.0,-5.0682806968688965,-0.864788830280304,0.9619672894477844,0.0508065645696196,-0.0630682668644639,0.00243191530592718,-0.9967122336739397,0.7663484678390619,-1.5646210292207792,0.0,0.82215416431427,-1.5507516860961914,-0.03065476194024086,0.5706464808130467,1.3604163534554088,0.1373133467980585,0.9214549648133903,0.988071064001123,0.3785009013633122,0.6604284773521159,1.080906774322854,-0.007004094370955735,0.9245950438638637,1.3782830666095776,-0.0237895836922574,-0.03169968781169432,0.3831707407579305,-0.137448294092186,0.0,0.0,0.0,-0.3191087961886493,-0.010825451303644758,-0.1037392604730677
19.8666,-5.083236003699708,-0.9055768079567251,1.0,-5.059657573699951,-0.8795043230056763,0.9616978168487549,0.0508065645696196,-0.0630682668644639,0.00243191530592718,-0.9967122336739397,0.780486679007851,-1.5369120920346353,0.0,0.8334016799926758,-1.5360841751098633,-0.03034180775284767,0.43577903324556533,1.3604680401871823,0.14608117086009198,0.7736796372107813,0.9916171260887026,0.39324557141245114,0.675054375822792,0.8803159521492759,0.018782911682216245,0.850926077665908,1.2312740728016762,-0.011221404936766825,-0.035523069750696086,0.3802311203985322,-0.1421054043868784,0.0,0.0,0.0,-0.3023775342145199,-0.011380206300052549,-0.10505899616548074
19.8833,-5.070111133278526,-0.9309707706708154,1.0,-5.042153835296631,-0.9085091352462769,0.9611409306526184,0.05165263456533421,-0.05900600246901936,0.0029233054127156617,-0.9969161822738839,0.7937437850360702,-1.5091931509843162,0.0,0.8475090265274048,-1.504830002784729,-0.032354194670915604,0.35527290314146887,1.3557377669787318,0.16223578030891073,0.6806627699481284,0.9867667259721066,0.4169630711531241,0.8460785014656467,1.8744477014370486,-0.12069153499678273,0.8494949845697707,1.4211506836134946,-0.04353898817634438,-0.037526615915734564,0.3811682964200584,-0.1475174359699014,0.0,0.0,0.0,-0.2878632508909249,-0.012197255413433134,-0.10720985487431195
19.9,-5.056772369672117,-0.9559031546953982,1.0,-5.024418354034424,-0.9368804097175598,0.960539698600769,0.05165077549418817,-0.056410519853833045,0.003314301726351236,-0.9970652556770668,0.8061233341999631,-1.4815048921161122,0.0,0.8579656481742859,-1.469709873199463,-0.033741891384124756,0.3673443083788088,1.3628140177147423,0.1720117873041067,0.6791585169288229,0.9958156180388653,0.4358598276218863,0.3205115374717639,1.0265562004975266,-0.06975805442770137,0.693329402464624,1.304659179976959,-0.05127933575405973,-0.040815331050523054,0.37979996550429296,-0.1532582334718294,0.0,0.0,0.0,-0.27099887749949103,-0.012801565828415967,-0.11058980684595018
19.9167,-5.043234030590927,-0.9803749867217705,1.0,-5.015460968017578,-0.9508154392242432,0.9602317214012146,0.050725773470185496,-0.05083164148658924,0.004057561399840869,-0.9974099747510374,0.8176391510571845,-1.453868583114788,0.0,0.8650871515274048,-1.4514119625091553,-0.033851057291030884,0.28960208124460596,1.3243239148510375,0.17839510405496295,0.585440190626544,0.9607882981416738,0.45073377538678605,0.42713174414780286,1.097467503682201,-0.006547525417911941,0.6147429882882816,1.2434924101783622,-0.03807368775489409,-0.04433387040205117,0.377212590436181,-0.15893056454112117,0.0,0.0,0.0,-0.25150423897988683,-0.013676973726817254,-0.11340810679070196
19.9333,-5.02952006640549,-1.0043706187960453,1.0,-4.997337818145752,-0.9781578183174133,0.9596362709999084,0.05093209797009254,-0.04682294421786274,0.004303488260901957,-0.9975946200943637,0.8282981669354632,-1.4263243805349441,0.0,0.878674328327179,-1.4174323081970215,-0.03213654085993767,0.19894587643008513,1.2969871244448803,0.17243050210895827,0.4794724513908901,0.9317420697546637,0.4537435447775895,0.8153596875268263,2.0391020688471113,0.10288727394340001,0.6739687046854073,1.4783709232133129,0.003540564559577502,-0.04514478444808309,0.37956508412875556,-0.16396379344709608,0.0,0.0,0.0,-0.23538179051272196,-0.01432002943853895,-0.11734924922153513
19.95,-5.015647854681451,-1.0278873667513058,1.0,-4.978893756866455,-1.0049171447753906,0.9590835571289062,0.051440163082367686,-0.0417427468322773,0.004590761180352173,-0.997792794576062,0.8381146574076737,-1.39889803150626,0.0,0.8954039812088013,-1.390061855316162,-0.029569387435913086,0.17131074585960554,1.3192234715260116,0.17090009901169534,0.4329361571527996,0.9554252777822738,0.4610729573341198,0.6004361651841348,0.8522338246458396,0.042972834572357586,0.652260555029907,1.2935238074635815,0.015181691392667639,-0.04472410620349431,0.37847938204378473,-0.1688974128872327,0.0,0.0,0.0,-0.21690130508969976,-0.014681188300046886,-0.12127544543519173
19.9666,-5.001603697939142,-1.050973289460696,1.0,-4.969569683074951,-1.0180851221084595,0.9588284492492676,0.051440163082367686,-0.0417427468322773,0.004590761180352173,-0.997792794576062,0.8471227740963543,-1.3715545955982442,0.0,0.9001193046569824,-1.3735934495925903,-0.02944638766348362,0.08468623297156881,1.3145188522534983,0.16305390081486504,0.3277746214339332,0.9534883431160233,0.4611418849456031,0.2829682514701043,0.9882749345428011,0.00738126046242113,0.5432387172602229,1.2034087609755924,0.01287886160928645,-0.04505494745653546,0.3756887784746131,-0.17398652475750662,0.0,0.0,0.0,-0.19803344100582893,-0.014658269337138164,-0.12410145937323144
19.9833,-4.987402879582273,-1.0736254104562974,1.0,-4.950857162475586,-1.0439492464065552,0.958320140838623,0.050455785569086545,-0.037021020576350414,0.005390961246180025,-0.998025360886145,0.8553340322802337,-1.3443172032049564,0.0,0.9021506309509277,-1.3394317626953125,-0.028481582179665565,0.05077320093567682,1.2801144397471622,0.16119734836882227,0.2761739752325409,0.9174619644943847,0.4665446007804379,0.12175603063907625,2.04762347090431,0.05782964873670973,0.41880932449845354,1.4526363735237782,0.026149155559596043,-0.046233843098040295,0.378003317287403,-0.1788555263572374,0.0,0.0,0.0,-0.17916693119882376,-0.015350842034625433,-0.12649172605437822
20.0,-4.973091648118958,-1.095793929986195,1.0,-4.932102203369141,-1.0691648721694946,0.9578666090965271,0.04975284660018719,-0.033925717167584385,0.005943970045491477,-0.9981675222061723,0.862745705114786,-1.317266498908453,0.0,0.9050769209861755,-1.305591106414795,-0.025561677291989326,0.06597376663447692,1.284392179502474,0.1539439269297338,0.277447329006345,0.9219254172665814,0.46603737300473336,0.06660202650485159,1.0060465981624067,0.09849246500844377,0.3148312926439687,1.320794909269805,0.047506222767407805,-0.048012497800879635,0.37789310334015097,-0.18333556396761977,0.0,0.0,0.0,-0.16346106457098847,-0.015426341104258445,-0.1287578821073798
20.0167,-4.958644745085663,-1.117540876030812,1.0,-4.9132466316223145,-1.0937644243240356,0.9574592113494873,0.049794253244671106,-0.02865667885161236,0.006275244274787109,-0.9983286074611809,0.8693938154405716,-1.2903469701368855,0.0,0.9120495915412903,-1.2748918533325195,-0.024867592379450798,0.008182104395802886,1.2563867091777725,0.14812656651451217,0.20738474487243808,0.8961176960840118,0.46632452856768675,0.18532228097756182,0.9165570958982421,0.01678018257824782,0.2765978652925084,1.2014565182853594,0.03843533410680801,-0.04950144648142004,0.37555406454699847,-0.18799996210936246,0.0,0.0,0.0,-0.14970119399521514,-0.01528505145323771,-0.13019799994381212
20.0333,-4.9441208375856585,-1.1388005406640056,1.0,-4.903759956359863,-1.1058549880981445,0.9572666883468628,0.04931505411381437,-0.02238629200111623,0.006666367028968199,-0.9985101760845659,0.8752742635958546,-1.2636599685326018,0.0,0.9170405268669128,-1.2603274583816528,-0.02324529178440571,-0.07731546511476055,1.2400117602121066,0.13927869054349795,0.10947779886806143,0.8836423412024297,0.46257499530592483,0.2998896911351785,0.8751289324394017,0.09747896789582258,0.28347403799879417,1.105118650474612,0.05586609397433981,-0.049691384967473,0.37159718917899837,-0.1922893755369635,0.0,0.0,0.0,-0.13710187901534898,-0.015227770169321425,-0.13100692922546334
20.05,-4.929490082531332,-1.159638767432354,1.0,-4.884716510772705,-1.129617691040039,0.9569681286811829,0.04830853205363555,-0.019997274284439124,0.0069880739236518495,-0.9986078303325656,0.8804217629780587,-1.2371426098439628,0.0,0.918468713760376,-1.2291021347045898,-0.01804208941757679,-0.12167477484190092,1.2136054131462366,0.11098671005199545,0.05572427431008822,0.8569846835814585,0.4383890943627422,0.08568884374955298,1.8734676069635372,0.31218350808931866,0.2250842336274871,1.3319493059672103,0.13153567947563338,-0.049669635422877785,0.3725144749684119,-0.19500463326862996,0.0,0.0,0.0,-0.12772941372911137,-0.0158937454036338,-0.1323977510421168
20.0666,-4.914775789457131,-1.1800420118720767,1.0,-4.875195026397705,-1.1412755250930786,0.956846296787262,0.04830853205363555,-0.019997274284439124,0.0069880739236518495,-0.9986078303325656,0.8848476998691289,-1.2108303168280696,0.0,0.9182169437408447,-1.2135101556777954,-0.017640430480241776,-0.11116727710786878,1.2204196024690623,0.11062449476326375,0.05571302277117893,0.8648932004304577,0.4410056937072389,-0.01510491911144169,0.9354393443091931,0.02409749091702307,0.1541760056695198,1.2148923180548055,0.09981796250618473,-0.04977954708032748,0.3714117948647394,-0.19817477444172724,0.0,0.0,0.0,-0.11710075279872022,-0.015885392826134787,-0.13220642450224793
20.0833,-4.899976888927911,-1.2000308141446043,1.0,-4.8562092781066895,-1.1641868352890015,0.9566170573234558,0.047372965530013834,-0.017367238497463456,0.007476682338438659,-0.9986983196163185,0.8885714552832472,-1.1847144055443577,0.0,0.9133080840110779,-1.1847193241119385,-0.017232611775398254,-0.12292179104080911,1.204428223218751,0.11077213140264686,0.035674278062734904,0.8472593280636744,0.44228157486289765,-0.29407332819150456,1.724762190419059,0.024431051289742052,0.02184460941378452,1.3654152235492156,0.07756236842699309,-0.05162681137095031,0.3735342188936532,-0.20165385950380477,0.0,0.0,0.0,-0.10696925773259372,-0.01636532373857645,-0.12985558395644603
20.1,-4.885158191728742,-1.219538235233018,1.0,-4.837270736694336,-1.1865705251693726,0.9564359188079834,0.04666874437495744,-0.013307058724658928,0.0077677906211034075,-0.9987915905920731,0.8915982112689056,-1.1589011049362916,0.0,0.9087607860565186,-1.1521742343902588,-0.01649969071149826,-0.10232605556470237,1.2019158908276661,0.10964783947712586,0.0557375507860397,0.8448525642941622,0.4433927431602561,-0.1717501217451087,1.0090162995216134,0.030238665172305137,-0.03530809366184989,1.2601997470768362,0.06359154626481996,-0.05382257703144121,0.373749737359013,-0.2052990290153849,0.0,0.0,0.0,-0.10424102931930088,-0.016686410825509097,-0.12844587466774537
20.1167,-4.8702533569571145,-1.2386704141800242,1.0,-4.827794551849365,-1.197566032409668,0.9563660621643066,0.04555456477570262,-0.00859429954002499,0.007880111972384925,-0.998893880993409,0.8939608272332162,-1.1332675535649803,0.0,0.9097058176994324,-1.137394666671753,-0.016278427094221115,-0.14434929801232022,1.171318713018884,0.10920659619761519,0.01264569078888611,0.8163642617057276,0.4455861471363819,0.05659104537277634,0.8850404043288312,0.01324986258245053,-0.00817778812764806,1.149445852103688,0.04872976111910474,-0.055016334311923695,0.37192912158905095,-0.20914425717695875,0.0,0.0,0.0,-0.10197865448928263,-0.016974670275894485,-0.12723529376180795
20.1333,-4.855363696199299,-1.2573160988968743,1.0,-4.808826923370361,-1.2192102670669556,0.9562498927116394,0.04476660441810015,-0.005668253265067156,0.007878383951595971,-0.9989503999172621,0.8956628630811283,-1.107980326103,0.0,0.9093750715255737,-1.111486554145813,-0.014442930929362774,-0.1919635765636308,1.1658925171912464,0.10022992307923229,-0.03726550406040666,0.8098277921898253,0.439146257824201,-0.01988404259893646,1.557563031232531,0.11034771319176688,-0.011633688409232918,1.2699295027649875,0.06692050679620246,-0.05570807674614625,0.3728519505934636,-0.21254460888683516,0.0,0.0,0.0,-0.0989899957570779,-0.01678722559204246,-0.12637172585813355
20.15,-4.840420016241577,-1.2755807201280127,1.0,-4.7898454666137695,-1.2404747009277344,0.9561815857887268,0.04423465982342105,-0.004217783961543914,0.007942531455029574,-0.9989807456481901,0.8967321223574732,-1.082913914179901,0.0,0.9063133597373962,-1.0873628854751587,-0.013069580309092999,-0.19366665367015445,1.1932968196734874,0.09879458834438193,-0.039646218051585996,0.8393746464706062,0.4404323937042085,-0.029552441552870522,0.6754200328876814,0.03119168692357189,-0.0169236318481552,1.094419441080183,0.05637270613448245,-0.05581139203212759,0.37049428899188874,-0.21604695635519408,0.0,0.0,0.0,-0.09820904358644086,-0.016572115789007545,-0.1255908490046325
20.1667,-4.825474819510795,-1.2934166285611564,1.0,-4.770946502685547,-1.2613160610198975,0.9561477303504944,0.043486810094710796,-0.002880418360177687,0.00798143299620508,-0.9990179613154251,0.8971818336802375,-1.0581496059195066,0.0,0.8988385200500488,-1.0614672899246216,-0.013135278597474098,-0.21263987660447742,1.1841928061447724,0.09599054543308849,-0.057906480552363,0.8349232395892532,0.43966145933582595,-0.20306239267315399,0.7864625071551231,-0.006164585718374356,-0.0718751962043476,1.003504925487008,0.03791055455099175,-0.056518088434278274,0.3663659385940921,-0.2198272306409174,0.0,0.0,0.0,-0.09821530761783615,-0.017096372038572914,-0.12384368326182008
20.1833,-4.810528871874088,-1.310840389687011,1.0,-4.761554718017578,-1.2715704441070557,0.9561372399330139,0.043486810094710796,-0.002880418360177687,0.00798143299620508,-0.9990179613154251,0.8970306188145196,-1.033680880856854,0.0,0.8941425681114197,-1.048076868057251,-0.011908861808478832,-0.21661541073672616,1.1714256948866555,0.08997147036514885,-0.06259360852558635,0.8282457280850226,0.4358084603562265,-0.28190256050608997,0.8038400435099973,0.07362299222473487,-0.13387911293203777,0.9445602029423755,0.048453518888173716,-0.05799504509136428,0.3611678594288974,-0.2233014980866774,0.0,0.0,0.0,-0.09602675711977553,-0.017987892627264447,-0.12253549190440025
20.2001,-4.795504635464868,-1.3279555283604545,1.0,-4.742880344390869,-1.2917101383209229,0.9561794996261597,0.042436118137292554,-0.0005780440273268526,0.00794615608400146,-0.9990674838624254,0.8962902464129848,-1.0093758334569267,0.0,0.886044979095459,-1.0184485912322998,-0.010259288363158703,-0.22628592985463566,1.1355486932519856,0.08133108173441084,-0.0736174961128439,0.7937766463666279,0.4290274257226119,-0.4833183913934426,1.7684141621129326,0.09845760046675774,-0.23703997482800043,1.1877769497220965,0.06321563772231188,-0.061156847475049354,0.36099624951185416,-0.22637451540039966,0.0,0.0,0.0,-0.09151158626674241,-0.01922420262649649,-0.12132182858780141
20.2166,-4.780651043195534,-1.344497113527573,1.0,-4.733570575714111,-1.3015828132629395,0.9562177658081055,0.04211511851941047,0.0015481288198791042,0.007933512029448203,-0.9990801279169786,0.894993973726835,-0.9856278213758904,0.0,0.8810011148452759,-0.992973804473877,-0.009867945685982704,-0.2274149695879846,1.14494487245673,0.08199294095728415,-0.07745479948273068,0.8061354088914818,0.4317616881603414,-0.13054417367550858,0.8071166702609446,0.006019236126087269,-0.20560046784537162,1.0753990776875775,0.046330214560971875,-0.063315683924961,0.35882503148745726,-0.2296580027992647,0.0,0.0,0.0,-0.08664448618029294,-0.02001556792220914,-0.12011074440379253
20.2333,-4.76574596453959,-1.3607309680594122,1.0,-4.715016841888428,-1.3209888935089111,0.9563060402870178,0.04237178624139674,0.002688584345002435,0.008017932167015523,-0.9990661773101216,0.8931434260118406,-0.9620721532478278,0.0,0.8801511526107788,-0.9813393950462341,-0.009499907493591309,-0.26763816276144337,1.1398770104771154,0.07905111498131756,-0.11830480790711778,0.8063325831281187,0.4304833510839196,-0.05098173809830252,0.6978456104222975,0.02207536520228238,-0.1599541927723526,0.9639383933981975,0.03916973971104597,-0.06427661665250911,0.3545673846936264,-0.23298881487753767,0.0,0.0,0.0,-0.08505673820181647,-0.021022957344629657,-0.11844342122506438
20.25,-4.750889568551905,-1.37656073598925,1.0,-4.696509838104248,-1.3399934768676758,0.9564623236656189,0.04179644488073059,0.0036155515944389085,0.00810673557682797,-0.9990867028253464,0.8907637986177547,-0.9388615189066843,0.0,0.8781116604804993,-0.9713395237922668,-0.0075460076332092285,-0.2737647810787087,1.1673651922583388,0.06848202129639613,-0.1245474418769297,0.841137380610132,0.4213243705362803,-0.12247476555229436,0.6005082683083972,0.11733481279977093,-0.14888958082485726,0.8566471778591228,0.06224549795293003,-0.0645854278321012,0.348317929839827,-0.2357626527512049,0.0,0.0,0.0,-0.08463191136967782,-0.02209011819162022,-0.11707969648867929
20.2666,-4.736060379858328,-1.3920239169644868,1.0,-4.687311172485352,-1.3493329286575317,0.9565744400024414,0.04179644488073059,0.0036155515944389085,0.00810673557682797,-0.9990867028253464,0.8878674878881678,-0.9159550395520042,0.0,0.8700923323631287,-0.9463877081871033,-0.0033391101751476526,-0.2922579625573344,1.151021846671335,0.04364577658588242,-0.1425945686699378,0.8286155872083928,0.3970062802834702,-0.4809262357196986,1.4963825619468394,0.2522913801446618,-0.2469128701666345,1.0455087560377838,0.11835051594919119,-0.06652157411595265,0.34581372900512825,-0.23728450766124817,0.0,0.0,0.0,-0.08314181977144393,-0.023407469542186164,-0.1160759960363396
20.2833,-4.721292508192075,-1.4070990036799393,1.0,-4.669013500213623,-1.3676419258117676,0.9568604826927185,0.04092703837255885,0.004785575767970663,0.008122624938716572,-0.9991176807590019,0.8844764179765092,-0.8933981924903112,0.0,0.8605667352676392,-0.919427216053009,-0.0020392495207488537,-0.30323892956720616,1.1198066131260962,0.035854196612254974,-0.1508032149819571,0.7982539393666759,0.3880473365120224,-0.5716099633741559,1.6178393613368434,0.07800175606883798,-0.3427693867491034,1.2144712115237664,0.10643882455600337,-0.06999913944527958,0.34670216732244363,-0.23881813652613615,0.0,0.0,0.0,-0.0824365751399695,-0.025149493563023304,-0.11337500337363128
20.3,-4.706582222047428,-1.4218039431019034,1.0,-4.659926891326904,-1.3766006231307983,0.9570204615592957,0.04092410784949833,0.006187839613509572,0.008209700327740122,-0.9991094199766938,0.8806053916744041,-0.8711776996946708,0.0,0.8550859689712524,-0.9051210284233093,-0.002486972836777568,-0.2944837198494295,1.1172159620951894,0.039173251102133655,-0.13890406982424475,0.7979030755133479,0.3900749971398387,-0.32885570004148607,0.8583966353375392,-0.026864193172145688,-0.33866181212489943,1.109351488462445,0.06708533726997837,-0.07303903188987441,0.34562384743729424,-0.24091711241159358,0.0,0.0,0.0,-0.08254061813531034,-0.02631096085545284,-0.10998463362611144
20.3166,-4.691939913568988,-1.4361418025437314,1.0,-4.641892433166504,-1.3941552639007568,0.9573191404342651,0.04142658389453422,0.007301336960654121,0.00818635097366505,-0.9990813501755855,0.8762720108862379,-0.8493019177740788,0.0,0.846355140209198,-0.8812146186828613,-0.00394417205825448,-0.3131168140438151,1.099574867072225,0.0478462344618924,-0.15119007980613414,0.7804285359380743,0.3984797660343624,-0.5236704371576885,1.4338936635730526,-0.08740202953620815,-0.3932797397391172,1.2051622703911815,0.021477842938100733,-0.07697919545107597,0.3465934982746991,-0.24376358206326124,0.0,0.0,0.0,-0.08494753878660496,-0.027447167140548366,-0.10686994950920876
20.3333,-4.677376892098079,-1.4501147875648455,1.0,-4.623985767364502,-1.4113115072250366,0.9576418995857239,0.04124833170129149,0.0081870977631371,0.008138050685271594,-0.9990822774062528,0.8714944917491404,-0.8277802452740991,0.0,0.8406075239181519,-0.8617047667503357,-0.0017055455828085542,-0.3511069630573788,1.1058632552789336,0.03421204964421687,-0.18557694762780041,0.7868138219332522,0.38401247855040677,-0.3449954920789387,1.171061293415573,0.13437153828110465,-0.37902534731204407,1.1950950387056436,0.05480612522360465,-0.08039039629730105,0.3475232465032417,-0.2458497212767426,0.0,0.0,0.0,-0.08513961913227734,-0.028473813157560316,-0.10395070762944733
20.35,-4.662902031869854,-1.4637274512439202,1.0,-4.615077972412109,-1.419761061668396,0.9578294157981873,0.04124833170129149,0.0081870977631371,0.008138050685271594,-0.9990822774062528,0.8662905621495932,-0.8066181763141698,0.0,0.8361924290657043,-0.8517480492591858,-0.0003184843808412552,-0.3539917805453793,1.1253182929838845,0.02635682096151637,-0.18354566489015334,0.8095724502459836,0.3751532083864719,-0.2650879654150622,0.5978141059593169,0.08328093602153328,-0.3453889496797719,1.0187667905263509,0.06321240982095344,-0.08274127309298238,0.3449975829730598,-0.24761463094390398,0.0,0.0,0.0,-0.08770484256224356,-0.02925174023515887,-0.10118175648105159
20.3666,-4.64850397140692,-1.4770027214259842,1.0,-4.597364902496338,-1.436298131942749,0.9582738876342773,0.04051561400828566,0.008763861579940494,0.00810209942349178,-0.9991076919559048,0.8606698757117907,-0.7857918801578939,0.0,0.8264381885528564,-0.8272659778594971,-0.00023070836323313415,-0.37083789927034794,1.0976111061863112,0.024999550209847676,-0.19371972738156826,0.7820187918087562,0.3726622604086767,-0.5848868461307524,1.4680016869433445,0.005263253252481272,-0.41609310614706496,1.151389142862278,0.04610475963328873,-0.08624612131258555,0.34510375736864124,-0.2495555877094767,0.0,0.0,0.0,-0.09087205057619413,-0.029511442991086222,-0.09810712248935236
20.3833,-4.6342064141543595,-1.4899306173206073,1.0,-4.57985258102417,-1.4523687362670898,0.9587363600730896,0.040295209698175974,0.008996198716534832,0.008061216980436246,-0.9991148569201517,0.8546550866670295,-0.7653284557447487,0.0,0.8145154118537903,-0.8010464310646057,-0.0007615709910169244,-0.3755998165735558,1.0566401133169425,0.027248171303646096,-0.1912649067554445,0.7387112721076575,0.37367687218197354,-0.7151831300144444,1.5727693319794631,-0.03184358856404992,-0.5043899478258138,1.2757882764874746,0.02309298254054211,-0.09123655314145203,0.3478083520588686,-0.2518110625295913,0.0,0.0,0.0,-0.09309835667665928,-0.029879510849583638,-0.09461763834873613
20.4,-4.620010686412309,-1.5025218094115318,1.0,-4.571143627166748,-1.4602251052856445,0.9589861631393433,0.040409382876613956,0.009739208143111413,0.007977007577111467,-0.9991038987395389,0.8482604274400645,-0.7452223469023044,0.0,0.8099483847618103,-0.7888684272766113,-0.0012403260916471481,-0.3822068447459386,1.0582096953851559,0.030239478103047723,-0.19174742398348957,0.740536357320797,0.3764956380740025,-0.27388867441627707,0.7303257124065257,-0.028711368958574617,-0.4363417589165894,1.114757757851066,0.0077993911213377985,-0.09463252194487363,0.34757327892301076,-0.2542579503158389,0.0,0.0,0.0,-0.09582689881757538,-0.029899940858652,-0.09199820965511585
20.4166,-4.605933846168313,-1.5147728507707143,1.0,-4.55384635925293,-1.4756152629852295,0.9594728350639343,0.04022563710508563,0.010634224130109582,0.007938822532360564,-0.9991025500403865,0.841507235558943,-0.7254901486733205,0.0,0.8030899167060852,-0.7667827606201172,-0.0013090092688798904,-0.41983129481394404,1.0374587594081526,0.02956832943384935,-0.22356884021221227,0.718174843595838,0.3758081083321927,-0.41174997137295316,1.3259189282033665,-0.004123412988091149,-0.4290818137560624,1.1770963948480786,0.004279561428576846,-0.09771830081204473,0.34881503016956855,-0.25669406379893245,0.0,0.0,0.0,-0.09854415378968705,-0.029531114357254015,-0.08954571509941087
20.4333,-4.591971832340316,-1.5266986554127855,1.0,-4.536658763885498,-1.4906196594238281,0.9600130915641785,0.039094514472729436,0.011576038924023037,0.007856383296673292,-0.9991376162183476,0.8344069868934374,-0.7061186043180215,0.0,0.7966828346252441,-0.747044026851654,0.002512838691473007,-0.46138081815324516,1.0283313637970095,0.005268530704078067,-0.25967633993612904,0.7067532537032463,0.3501480711024198,-0.384518801510989,1.1846132383241759,0.2293668753934867,-0.4159259980385976,1.1793155044317107,0.07072945055582873,-0.10022294818415631,0.3503671818220183,-0.2577256804740619,0.0,0.0,0.0,-0.10148153003295984,-0.02878907172825505,-0.08715385992427983
20.45,-4.578128926994349,-1.5383063563478745,1.0,-4.528132438659668,-1.4979734420776367,0.9603106379508972,0.039094514472729436,0.011576038924023037,0.007856383296673292,-0.9991376162183476,0.8269745351130317,-0.6871063561910181,0.0,0.791368842124939,-0.7353343367576599,0.0036187078803777695,-0.4677521943486051,1.0284696450397384,-0.0015319309490928745,-0.26091166521672726,0.7070085191796194,0.34211578943052345,-0.3189584853818744,0.7028434865982627,0.06637690239556948,-0.3872994159736965,1.0386522560257765,0.0694444987850002,-0.10171114381410053,0.3493474507620684,-0.2585919858432039,0.0,0.0,0.0,-0.10512938531777728,-0.027886324901949405,-0.08505573453641241
20.4667,-4.5643984638367785,-1.5496117335149453,1.0,-4.511229515075684,-1.5123372077941895,0.9609325528144836,0.03801550246728991,0.011809037239303388,0.00793372276369077,-0.9991759277036439,0.8192181724647648,-0.6684372455428571,0.0,0.7786535620689392,-0.7119755148887634,0.0031179022043943405,-0.4732576975223572,0.9932513300341492,-0.00033282213582541686,-0.261532500565889,0.6698508237838753,0.34185462750019463,-0.7619801117286509,1.3998085468131618,-0.030011447900444344,-0.49791200560600124,1.1452721941186563,0.04008328551234124,-0.10509697133252127,0.35067100626874675,-0.25986068453734046,0.0,0.0,0.0,-0.10662822562394692,-0.0272705000184728,-0.08232676509867959
20.4833,-4.5508167426824135,-1.560595231386203,1.0,-4.494600296020508,-1.5262491703033447,0.9615461230278015,0.03722544135270698,0.013076068970128044,0.008004403028643543,-0.9991892882546218,0.8111708422997757,-0.6501532558337442,0.0,0.7711960673332214,-0.6992121934890747,0.002268478274345398,-0.46904559075105173,0.9841425865210508,0.004464749681623026,-0.2536502896452374,0.6605059188234066,0.34545781389788643,-0.4476806595199588,0.766194592737838,-0.05099174437160973,-0.48308279413542277,1.0333615575809305,0.013196272062115592,-0.10791407113592442,0.35008352666521925,-0.2615221531863204,0.0,0.0,0.0,-0.10748122996988993,-0.02644685896757501,-0.07947091102994301
20.5,-4.537361728330529,-1.5712848097219316,1.0,-4.486358165740967,-1.5330443382263184,0.9618502855300903,0.03722544135270698,0.013076068970128044,0.008004403028643543,-0.9991892882546218,0.8028318696630393,-0.6322172935541124,0.0,0.7617555260658264,-0.6777126789093018,0.0003880121512338519,-0.4952920723770631,0.9554935708178729,0.014020801928317006,-0.27669002352000266,0.6299585047554437,0.3549781354131961,-0.5662953004776752,1.2896584765881982,-0.11280064331728569,-0.5076486469284657,1.1090250925518272,-0.0240003202729024,-0.11106860908621431,0.3513254882496585,-0.26383130952396144,0.0,0.0,0.0,-0.1075334397708461,-0.025790422187229246,-0.07712602396091764
20.5167,-4.524047835596329,-1.581678505946117,1.0,-4.4699883460998535,-1.546324372291565,0.962466835975647,0.035856779740687884,0.01421999831753098,0.00800722686749376,-0.9992237222298553,0.7942216408371676,-0.6146415196234698,0.0,0.7551581263542175,-0.6563401818275452,0.002309552626684308,-0.5393755671571641,0.9249751212656349,0.000660734393696849,-0.31844003344918564,0.5957135666939337,0.34096705076863026,-0.39558405169332816,1.2815077697245214,0.11521672173869923,-0.47456513014872326,1.159945131414097,0.01709909507547695,-0.11329360869742852,0.3539559247627193,-0.2652840942175176,0.0,0.0,0.0,-0.10764192501054988,-0.024694370191018233,-0.07502222215741582
20.5333,-4.51086973343991,-1.5917897124429348,1.0,-4.461857318878174,-1.5528258085250854,0.9627918004989624,0.03529129218149468,0.01421274181559752,0.008015192621862326,-0.999243910570292,0.7853479541059162,-0.5974118694273826,0.0,0.7514074444770813,-0.6480773687362671,0.0036089231725782156,-0.5606707359710777,0.938575224433199,-0.007518424819417113,-0.34232499583047515,0.6089497321797608,0.3318687284308152,-0.22474855706040345,0.4951247214126521,0.07786095031323219,-0.40081471173795136,0.9636779950928682,0.035037105319556776,-0.11360826936874308,0.3530889321860162,-0.2662746527228771,0.0,0.0,0.0,-0.10473747077185952,-0.023463439932578052,-0.07311250052735525
20.55,-4.4978776396657985,-1.6015895730144774,1.0,-4.445695400238037,-1.56558358669281,0.9635042548179626,0.03414439345690525,0.014535253451669929,0.008092489942031308,-0.9992784709860709,0.7762570992650022,-0.5805863359182689,0.0,0.738968551158905,-0.6293680667877197,0.0021031461656093597,-0.5713885858576204,0.9201345383127113,-0.0008320688649030572,-0.3526840832419205,0.5893343108980248,0.33800230472958115,-0.7479070500874452,1.1249247398147884,-0.09053709285583732,-0.5032827140165608,1.0112809813303434,-0.002034693170603133,-0.11554952107415452,0.3534518514075092,-0.267880673194987,0.0,0.0,0.0,-0.1031549815415454,-0.022651623992822677,-0.07095370039949721
20.5666,-4.485020252617131,-1.611126004037931,1.0,-4.429749011993408,-1.5780160427093506,0.9641878008842468,0.0325975514329948,0.015803757688014435,0.008201018076946887,-0.9993099546819086,0.7669250754497963,-0.5640910421470258,0.0,0.7273125648498535,-0.6095823645591736,0.0008775622118264437,-0.5870913599319554,0.8930923398976953,0.004297187209650666,-0.3688669635276116,0.5599502099782725,0.3430664904897214,-0.6995099441980255,1.1873980540849907,-0.0735508896793175,-0.5612125789192929,1.0632739601962555,-0.02314758152088876,-0.11825585667435289,0.35514679269205357,-0.2698382242769998,0.0,0.0,0.0,-0.09996853972999087,-0.022004662772630742,-0.06893107900307088
20.5833,-4.472311684767684,-1.6203966532170924,1.0,-4.414018630981445,-1.5900570154190063,0.964887261390686,0.031917359249945675,0.016722274494324476,0.008248644015764193,-0.9993166138839733,0.7573720683644832,-0.5479375211603822,0.0,0.7148740887641907,-0.5870818495750427,0.0014166902983561158,-0.5946531840509123,0.8832085724277006,0.0018862536279504738,-0.3798899558083601,0.5492554414503927,0.3408348588648032,-0.38925226964043175,0.6906676674529988,0.018975079191686325,-0.5104467526068884,0.9532737722480102,-0.010712202179466512,-0.11954722151567523,0.3549923522217711,-0.2715106082243757,0.0,0.0,0.0,-0.09521600672687694,-0.021039221244463266,-0.067437997012477
20.6,-4.4597683813918785,-1.6293978340244786,1.0,-4.4062371253967285,-1.595929503440857,0.9652320146560669,0.031917359249945675,0.016722274494324476,0.008248644015764193,-0.9993166138839733,0.7476211084352566,-0.5321397296096649,0.0,0.710388720035553,-0.5776230692863464,0.0003690575831569731,-0.6185534979136977,0.8480742437127895,0.004469322902699524,-0.410215825967056,0.5152326925716593,0.3438194892829892,-0.269091585255961,0.5674624175761304,-0.0628508301444742,-0.43919429582356784,0.8393752086622455,-0.026104478121156915,-0.11907910466747419,0.35289717836481554,-0.2734461105443122,0.0,0.0,0.0,-0.08925856727916753,-0.020055627223685236,-0.06590405583597744
20.6167,-4.447370906612063,-1.6381513979666875,1.0,-4.390783786773682,-1.6074408292770386,0.965912938117981,0.03145302149300058,0.01735897178825487,0.008407664075195801,-0.9993191848417325,0.7376672004729135,-0.5166664605207635,0.0,0.7004463076591492,-0.5602383613586426,-0.0016952569130808115,-0.645753150226645,0.8291096857875262,0.014588761106373305,-0.4447788300346214,0.4958419525967218,0.3550183368011558,-0.5955315320461556,1.0413108362847023,-0.12364849978333321,-0.48534790541824935,0.8989902968250825,-0.05490125618164039,-0.11914686798045436,0.35247259465576825,-0.27592851116567324,0.0,0.0,0.0,-0.08182745221156931,-0.019204861464963856,-0.06450106452910924
20.6333,-4.435175078296119,-1.646626108628003,1.0,-4.375494480133057,-1.6186507940292358,0.9665861129760742,0.030088642395916902,0.018050097127225526,0.008371459932324904,-0.9993492355447208,0.7275662427769511,-0.5015802083316323,0.0,0.6921358704566956,-0.5445687770843506,-0.0016828362131491303,-0.6705438460084235,0.8365177580728819,0.015672570209793513,-0.4792930422861017,0.5050751934894107,0.3575886348588984,-0.24202950443998855,0.47931108564881125,-0.016724353135741908,-0.4135158661850376,0.7750933229777545,-0.043630736622207185,-0.11729307836165878,0.3500006092678395,-0.2782087926761261,0.0,0.0,0.0,-0.07395772536066306,-0.018558044684368207,-0.06370727197297882
20.65,-4.423147737063916,-1.6548532142544257,1.0,-4.367908477783203,-1.624151349067688,0.966940701007843,0.028661713095103753,0.019177483507315685,0.008313508015622445,-0.9993706039969158,0.7173023088577735,-0.4868325831226671,0.0,0.6858258247375488,-0.5370699763298035,-0.0010599899105727673,-0.694743831631906,0.82724251641096,0.007862304632985762,-0.5138552781849238,0.4995163946169173,0.3511466207900673,-0.3791128905186862,0.45053429975218806,0.03742113332112776,-0.403359478966196,0.6792775671775397,-0.01970274318526616,-0.11472865021363522,0.3459046824363581,-0.2800314909472878,0.0,0.0,0.0,-0.06615990323334696,-0.018178560642315406,-0.06325282520979376
20.6667,-4.411266411760249,-1.6628550634656947,1.0,-4.3529205322265625,-1.6349315643310547,0.9676632285118103,0.027705268405673212,0.020531515223817683,0.008275660145659678,-0.9993710254654009,0.7068652840969735,-0.4723897260289027,0.0,0.6742252111434937,-0.5202113389968872,-0.00043378485133871436,-0.7129226631144334,0.8060342830802234,0.0015717312757805857,-0.5444488274885846,0.48027817847213455,0.34548611395319306,-0.6951325790045145,1.0102041545231155,0.03752349255336912,-0.48949623099515926,0.7769731442894577,-0.0028085124397914697,-0.11335036292822352,0.34404862228239025,-0.2814887405918151,0.0,0.0,0.0,-0.055123472697625374,-0.018292517674301387,-0.06242564208559734
20.6833,-4.399565379643494,-1.6706154482374025,1.0,-4.338173866271973,-1.6453959941864014,0.9683967232704163,0.026863773812563937,0.021677510260706037,0.00819545469294341,-0.9993704775563702,0.696294441625561,-0.4582869521872557,0.0,0.6598588824272156,-0.5036354064941406,-0.0003263036487624049,-0.7239063695819763,0.8081570265762538,0.002704381368764608,-0.5737736658256555,0.4860093854063968,0.3473208106177974,-0.3973133880328197,0.4959582892592698,-0.01846612292152077,-0.46228217087608353,0.6940124228212641,-0.007430925236768603,-0.11086039567679737,0.3408278596282422,-0.28298213727470245,0.0,0.0,0.0,-0.03927230807952348,-0.01868021845838525,-0.06163429197433035
20.7,-4.388061986404023,-1.6781302433787826,1.0,-4.330921649932861,-1.6505106687545776,0.9687671065330505,0.026863773812563937,0.021677510260706037,0.00819545469294341,-0.9993704775563702,0.6856162174762073,-0.44453816766687715,0.0,0.6511273980140686,-0.49514853954315186,-8.336605969816446e-05,-0.7128092848819864,0.783798595570015,-0.003943568315954771,-0.5823753895886201,0.4664262843261259,0.3410045381842907,-0.5245498947247805,0.5098543334717905,0.01459464172855465,-0.48066474105770335,0.6396455888864702,-0.0009285752951865523,-0.10819541449707601,0.33673174068697914,-0.28430731253407193,0.0,0.0,0.0,-0.02223848079629026,-0.01935942944309003,-0.060640793966173556
20.7167,-4.376709663827294,-1.6854365309381765,1.0,-4.316636562347412,-1.660512089729309,0.9695302844047546,0.026156542779833803,0.023003941718333972,0.008092363501485785,-0.9993604466064246,0.674796748779839,-0.4310813057588477,0.0,0.6359504461288452,-0.47920599579811096,-0.0004558035871013999,-0.7168010355873637,0.7848814303831299,-0.004425980657409845,-0.6086562305897889,0.473444615533552,0.3411551096864297,-0.4747800439912018,0.4832604907589911,-0.004290858485668938,-0.47892747092582266,0.5934778495826664,-0.001921182747318697,-0.10508064154133062,0.3320138163383497,-0.28558268859287494,0.0,0.0,0.0,-0.0030641634562442663,-0.020577001488771816,-0.059998401750964575
20.7333,-4.365561268485213,-1.692506774906435,1.0,-4.302619934082031,-1.6702313423156738,0.9703191518783569,0.025368795193845963,0.02493329464815608,0.007919477128894068,-0.9993358328468943,0.6638957251363575,-0.4179726672333795,0.0,0.6232635378837585,-0.4649967551231384,0.0015067316126078367,-0.7245331042402166,0.7699540528757914,-0.010057334433562382,-0.637618273076845,0.4656844835777858,0.3356414760294353,-0.35966488204306,0.40718227496564363,0.04590763611035559,-0.4437189748596069,0.5384799909288964,0.01219875877313208,-0.10083874073266243,0.3264036436058856,-0.2865206375171715,0.0,0.0,0.0,0.013923909569290918,-0.02213407430787992,-0.059178172945826196
20.75,-4.354595219449191,-1.6993613280038218,1.0,-4.295694828033447,-1.6749860048294067,0.9707452654838562,0.024612697462706928,0.02661081204979634,0.007733862408052116,-0.9993129049613043,0.6529022497050986,-0.40518021680264477,0.0,0.6174041628837585,-0.4574015736579895,0.0027690669521689415,-0.7360111691545577,0.7509448132506875,-0.027943139706544606,-0.6703779441883456,0.45434210881558557,0.31760846983532975,-0.35187491946222244,0.45611585985710806,0.07580742757416635,-0.4166049310219128,0.5141645940219165,0.030977200413871336,-0.0956263968569348,0.3205450722669948,-0.28701089841330674,0.0,0.0,0.0,0.029993171890722745,-0.02394236783189287,-0.05854071112856764
20.7666,-4.34381005990839,-1.7060071977673608,1.0,-4.282032489776611,-1.6843074560165405,0.971635103225708,0.024375082585789493,0.027802789627682335,0.0074510570545439974,-0.999288459789168,0.641823965527093,-0.392696064110529,0.0,0.6059063673019409,-0.4460051357746124,0.005832906346768141,-0.7535061978667535,0.7519094614943416,-0.04983018021099728,-0.708552891187366,0.4620124044608611,0.2944155915011999,-0.6900954466099997,0.6840119773332188,0.18389104244476404,-0.49734432996030203,0.5643066459695859,0.07612016147190326,-0.09157810959477714,0.3159620781252067,-0.2864444141042556,0.0,0.0,0.0,0.046624802915389604,-0.026065021091726256,-0.05780135760794161
20.7833,-4.33319894669334,-1.7124543604288471,1.0,-4.2686381340026855,-1.6933962106704712,0.9725924730300903,0.023912400245101346,0.029135324969718636,0.007260258271335194,-0.9992630452395159,0.6306624108619328,-0.38050633855050736,0.0,0.5911039113998413,-0.4321448504924774,0.0076643433421850204,-0.7628425364493542,0.7557708940421852,-0.05855470211921787,-0.7383671053097384,0.47351232115398134,0.2832113780724285,-0.4313584641335735,0.4119778711724848,0.07324863705077622,-0.4778640963082385,0.5193364074525654,0.07527243497835313,-0.08660464604102783,0.31063569004586833,-0.2856677292888856,0.0,0.0,0.0,0.062129214901411975,-0.02837711715766446,-0.056098350902760774
20.8,-4.322780710539661,-1.718697069918951,1.0,-4.262068748474121,-1.6978344917297363,0.9730741381645203,0.023912400245101346,0.029135324969718636,0.007260258271335194,-0.9992630452395159,0.6194461949541773,-0.3686266943168754,0.0,0.5821700692176819,-0.42456308007240295,0.007691122125834227,-0.7493705657820637,0.7347897394942202,-0.06634630842550227,-0.7456957338806628,0.46061309043454873,0.2728512011881558,-0.5359313767556281,0.45482207729054036,0.0016064298088475071,-0.49500661882397484,0.5002905980247901,0.05352488381816496,-0.08146294392466479,0.3050123672009488,-0.28510729574782145,0.0,0.0,0.0,0.07778811202326386,-0.03083571814127733,-0.05409021386583662
20.8167,-4.312552764303721,-1.7247425603552817,1.0,-4.249200344085693,-1.7064744234085083,0.9740793108940125,0.02301196493071086,0.03075314179261305,0.007171707742613784,-0.9992363662844086,0.6081817431357455,-0.3570481295969773,0.0,0.562887966632843,-0.4077534079551697,0.009196899831295013,-0.7183185603301774,0.6983560233020911,-0.07954313751816589,-0.731696602998689,0.42923937866345563,0.2569030217956707,-1.157357718341705,1.0089565534709999,0.09038036395948712,-0.6905447695574631,0.650458085240341,0.064405295183793,-0.07986125764417283,0.302565132083371,-0.284114208927801,0.0,0.0,0.0,0.09323930031268449,-0.03344848744473547,-0.052331950386035594
20.8333,-4.302502062314775,-1.7306038296082158,1.0,-4.236725330352783,-1.7147802114486694,0.9751234650611877,0.02272009339496136,0.0326775609687199,0.007210524990092353,-0.9991817018218899,0.5968631421714512,-0.3457501484219043,0.0,0.5452185273170471,-0.39162442088127136,0.009337001480162144,-0.7149512668905192,0.6883865534058091,-0.08643356973784311,-0.7409747171598122,0.4244739249716143,0.24636629704130214,-0.5564924114671164,0.5159898676651328,0.05092778880369852,-0.6509700633004109,0.6107606096624647,0.06042648896458188,-0.0772489955615286,0.2996006122895781,-0.2829669365993293,0.0,0.0,0.0,0.10327244583082158,-0.035687983855383326,-0.04983293017981592
20.85,-4.292664461044848,-1.736265321826863,1.0,-4.230612277984619,-1.7188234329223633,0.9756495356559753,0.022821007109003363,0.03424939772015858,0.0073183366285831985,-0.9991259836881585,0.5855399207626905,-0.3347671940211105,0.0,0.5378849506378174,-0.38503900170326233,0.008303722366690636,-0.703579376960048,0.6647384562915907,-0.08037785915289763,-0.7398324041838389,0.406806632897962,0.2485330170754832,-0.44088537560737884,0.39590709074490804,-0.062119436391847145,-0.5889492236598808,0.5473319238819001,0.02424869195999068,-0.07321679900410254,0.29561543914422855,-0.2823252038678353,0.0,0.0,0.0,0.10946982622789346,-0.037683615750599864,-0.04658567236054557
20.8666,-4.282997414051504,-1.7417566087051475,1.0,-4.218677520751953,-1.726707935333252,0.976662278175354,0.022217325285436174,0.03489584278989613,0.007353065631756181,-0.9991169642625772,0.5741718630057223,-0.3240461116868397,0.0,0.5213245153427124,-0.37353086471557617,0.006942389067262411,-0.6859752376681894,0.6549145089603587,-0.07649529252891174,-0.7289178574198806,0.40151264801976294,0.24941545422511302,-0.9931724266125227,0.6901729413615111,-0.0816427027628437,-0.7082833013816183,0.5895012030258314,-0.007012383197534042,-0.07149533029313188,0.29279061214924257,-0.28216449493607243,0.0,0.0,0.0,0.11443795004482311,-0.039388751208646766,-0.04374625181795232
20.8833,-4.273520961910549,-1.7470709592689015,1.0,-4.212862968444824,-1.730550765991211,0.9771640300750732,0.022217325285436174,0.03489584278989613,0.007353065631756181,-0.9991169642625772,0.5627903272600026,-0.313603850972021,0.0,0.5129257440567017,-0.36702361702919006,0.007613475434482098,-0.6871905997902585,0.6543851015073193,-0.08226920862367937,-0.7358466576154128,0.40631851904524363,0.24068845002380723,-0.5038186498855836,0.39035147311212814,0.04025658229941362,-0.6479215991469388,0.5307085627860053,0.006942279378082007,-0.0685551332317691,0.28904490098213,-0.2816224436271536,0.0,0.0,0.0,0.1172111910569233,-0.040978318520054256,-0.04133521502033302
20.9,-4.2642387690506585,-1.7522110592790099,1.0,-4.201478004455566,-1.7380526065826416,0.9782180190086365,0.021250628045833102,0.035417595749769694,0.007416960254098719,-0.9991191558986998,0.5514082856976283,-0.30343904281952877,0.0,0.49741190671920776,-0.3554866909980774,0.009188382886350155,-0.6740696762391964,0.6415371796942717,-0.0962629585068635,-0.7226931353908235,0.3974449815548863,0.22328863727666137,-0.9313773903584106,0.6926224521928318,0.09454999176972403,-0.7316029295901825,0.5785085023282358,0.03280567733050652,-0.06727409038108027,0.2864416067132795,-0.28044810935315,0.0,0.0,0.0,0.11589754953270727,-0.04234940857389408,-0.039103486430374895
20.9167,-4.255139903333899,-1.757187458713301,1.0,-4.19043493270874,-1.7453430891036987,0.9793047308921814,0.021051606017353106,0.0360283239995723,0.007424083071497046,-0.9991014963691737,0.5400205361513046,-0.2935345117222543,0.0,0.48078861832618713,-0.34471920132637024,0.010114241391420364,-0.6756224126959641,0.6469401562410023,-0.10249873576970803,-0.722660684037649,0.40801297946832876,0.21310328208947038,-0.4969729675639358,0.3133193001014967,0.04206552077823682,-0.6623358763389895,0.5002198028217929,0.03553935236353532,-0.06465934670116887,0.28245558284822914,-0.27905115237782263,0.0,0.0,0.0,0.11169761804285375,-0.04352840607555558,-0.036550865481355777
20.9333,-4.246233859019301,-1.7619992860513423,1.0,-4.185046195983887,-1.748906135559082,0.9798590540885925,0.020898891521585437,0.036130625596164874,0.007412619128702095,-0.9991010749006887,0.5286470331645606,-0.28389553061137346,0.0,0.47207969427108765,-0.3394574820995331,0.009791027754545212,-0.651548172191237,0.6360170967144019,-0.10670423214112024,-0.6972114592308116,0.4034287927156359,0.20500328778431653,-0.5224686758016992,0.31566281431472953,-0.01939034027519524,-0.6210445223105214,0.44573520656477894,0.01932310311633563,-0.061289600401537,0.27748950147137735,-0.27781140095307905,0.0,0.0,0.0,0.1069528874411117,-0.044901197472611384,-0.03389611897235774
20.95,-4.237525383130845,-1.7666482830448629,1.0,-4.174557209014893,-1.755867600440979,0.9809316396713257,0.01997860388909343,0.035786966120307614,0.007308305678637594,-0.9991330643587084,0.5173023951513154,-0.2745221733512561,0.0,0.4542783200740814,-0.3277311325073242,0.008024387992918491,-0.6214411727097271,0.6180406375922332,-0.10083241020294853,-0.6643867179421251,0.39029327927944857,0.20752177437213498,-1.0692612562295927,0.7043574926963396,-0.1061153723255714,-0.753366294467545,0.5220852324127827,-0.017708627542219746,-0.06079700531170657,0.2741978917487306,-0.2771517801249944,0.0,0.0,0.0,0.10374255054410463,-0.04645053343594603,-0.0312024044500891
20.9667,-4.228988724576182,-1.771152153150688,1.0,-4.164452075958252,-1.762592077255249,0.981985330581665,0.019585030032253623,0.03620709249170929,0.007157799282605234,-0.9991267844782803,0.5059607734721158,-0.26538197342182246,0.0,0.43694108724594116,-0.3159215450286865,0.00740538677200675,-0.6179799398169843,0.6170035651709767,-0.0999642002519261,-0.6574666621630865,0.3948462663900101,0.20491460432093794,-0.5346053571428572,0.3512625,-0.028544698660714286,-0.6887840673551568,0.47165523958336353,-0.020907633793239438,-0.059331532396509,0.270075006131363,-0.2764536065238334,0.0,0.0,0.0,0.09881825474261116,-0.04791770735039638,-0.02842519804903065
20.9833,-4.2206534207286985,-1.7754991633060675,1.0,-4.159541606903076,-1.7658616304397583,0.982499361038208,0.019585030032253623,0.03620709249170929,0.007157799282605234,-0.9991267844782803,0.4946692254033972,-0.2565019031880819,0.0,0.4286581873893738,-0.30966734886169434,0.006555947009474039,-0.5922833313152014,0.5935546435718398,-0.09865822715159656,-0.6241905046777276,0.3753309690625025,0.20333395126610426,-1.0023363817211226,0.7324234682924735,-0.0595503124865828,-0.7813504415243373,0.5486387869028343,-0.03231565883703642,-0.060005272477416834,0.26762594403235973,-0.27590060212393963,0.0,0.0,0.0,0.09191244583994311,-0.04940226952302241,-0.0260915762937612
21.0,-4.212502339011042,-1.7797020765564604,1.0,-4.1499924659729,-1.7722086906433105,0.9835067987442017,0.019694929915379304,0.03621588867070241,0.007036922121075964,-0.9991251828980369,0.48341282003412755,-0.24785908540522575,0.0,0.41162246465682983,-0.2967528700828552,0.003534941468387842,-0.5630218978161684,0.564202270367027,-0.08501958599044546,-0.5857597024042809,0.3483228609137247,0.2150503935139837,-1.0221004749098817,0.7748362133089203,-0.18125272679807747,-0.85242425170071,0.6154164015128579,-0.07628460350395815,-0.06246572823517743,0.26671307450900544,-0.2761603720009867,0.0,0.0,0.0,0.08520353282328993,-0.05083366505570318,-0.023909607503442447
21.0166,-4.204539392743864,-1.7837624525072169,1.0,-4.145376205444336,-1.7752645015716553,0.9839898347854614,0.01934303863317226,0.03484181382282771,0.0067315682036145465,-0.9991829662273453,0.4722047191231183,-0.2394532799398547,0.0,0.40363284945487976,-0.29034510254859924,0.001940431073307991,-0.5635631426329558,0.5570195612744985,-0.07733403979563835,-0.5745053119963548,0.34418847550140136,0.22136460224623827,-0.47938422693980315,0.38447191863126573,-0.09567208354493305,-0.7422960181332955,0.5472373690666991,-0.08200814196770484,-0.06316823061048651,0.26472123399101793,-0.2765438587436193,0.0,0.0,0.0,0.0741103999738855,-0.0518901482179208,-0.022154783298257333
21.0333,-4.196756863529626,-1.7876876482519273,1.0,-4.136401176452637,-1.781200885772705,0.9849078059196472,0.018955280382882446,0.03416991600785662,0.006534489539977591,-0.9992149135385165,0.4610416705709203,-0.2312721033016692,0.0,0.388535737991333,-0.2789843678474426,-0.0004511732258833945,-0.5435117911330278,0.5341812678367746,-0.06707076522403899,-0.5383120908648661,0.32283211288671704,0.2313995628226601,-0.9050507396555421,0.6810601729436147,-0.14337333636126098,-0.7903441866843497,0.5867443067242577,-0.10012426895813914,-0.06523213193928107,0.26377150016661977,-0.27732945778864,0.0,0.0,0.0,0.06003243167111931,-0.05242234521656225,-0.02114087025805911
21.0501,-4.189126557588748,-1.7914948966129884,1.0,-4.127748012542725,-1.7869244813919067,0.9857829809188843,0.018532810251576867,0.03336959542838382,0.0063217743955431265,-0.9992512862687815,0.4498893991009072,-0.2232820274701976,0.0,0.3746804893016815,-0.26880088448524475,-0.0026063795667141676,-0.5296239635359683,0.5170647372409838,-0.05803912927010746,-0.5078180132548986,0.30636645704506604,0.2408396516175299,-0.8271742224752686,0.607965625222404,-0.12866828803888514,-0.8012170864126783,0.593009227818637,-0.10855098510553352,-0.06797803314031646,0.2632416613555561,-0.27836057783758805,0.0,0.0,0.0,0.04617208285924678,-0.052543381159638365,-0.02051820305004931
21.0666,-4.181765612157328,-1.7951293561236226,1.0,-4.123538494110107,-1.7897074222564697,0.9861997961997986,0.018532810251576867,0.03336959542838382,0.0063217743955431265,-0.9992512862687815,0.43892896378683677,-0.21560143569978407,0.0,0.3682425618171692,-0.2631915807723999,-0.0035582836717367172,-0.5378348123764917,0.5121373696241815,-0.05395467666833387,-0.5000121761283338,0.30299704500202285,0.24573223690721024,-0.3887283341011171,0.3386952234250835,-0.05747689731821519,-0.6794428674461896,0.5179310854845312,-0.09347298088148416,-0.06877007274271818,0.261512314917493,-0.27919058545874365,0.0,0.0,0.0,0.030947436494560384,-0.052371990295334306,-0.020496328116800466
21.0833,-4.1745397089037795,-1.7986606955038775,1.0,-4.115360260009766,-1.7950940132141113,0.9870327711105347,0.017514814370435464,0.031700350395319134,0.006003776423528437,-0.9993259283374942,0.42796956522139684,-0.20808614983580748,0.0,0.3567863702774048,-0.2542284429073334,-0.0033495931420475245,-0.5360937012451266,0.49987482230913016,-0.05893926835168717,-0.48335746188082485,0.2918339257147783,0.2412778488241752,-0.6870772860513333,0.5375580896546793,0.012516072402051905,-0.6816966873569018,0.5237253358491243,-0.062183075131881003,-0.07001558061962565,0.2601587492396823,-0.27949241038830375,0.0,0.0,0.0,0.017279341255323922,-0.05211785264533044,-0.020724706787558632
21.1,-4.167500142788136,-1.8020664533425406,1.0,-4.107455253601074,-1.800316333770752,0.987885594367981,0.01699720628969514,0.030341833661445522,0.005867389221747163,-0.9993778532548596,0.41709484140192843,-0.2007860663524547,0.0,0.3503910005092621,-0.25022202730178833,-0.002753861714154482,-0.5438203021287408,0.5031973343080098,-0.06424115770168104,-0.4781911578568254,0.29736827614866534,0.23592953807433426,-0.3839697251646149,0.24054000858860577,0.03576694404433868,-0.5938022463980692,0.4401238513076206,-0.033266439184611744,-0.06987561647159489,0.2573849298627613,-0.27926406281503563,0.0,0.0,0.0,0.004246472199679503,-0.05155587170341679,-0.020906632960979686
21.1167,-4.160633998034116,-1.805355677263573,1.0,-4.10361909866333,-1.8028730154037476,0.9883238077163696,0.016537123388816126,0.028763078570678228,0.005640934204698127,-0.9994336135354396,0.4062923378135498,-0.1936842714523188,0.0,0.3358711004257202,-0.24294766783714294,-0.002585788257420063,-0.5217079033561838,0.49921446685849513,-0.06917005350604999,-0.4451406009566201,0.29588267053218986,0.2306328464329283,-0.8704104018980106,0.43606898868053967,0.010075336895080608,-0.6754620296212597,0.4389267817471487,-0.02047115470437345,-0.07168217979194251,0.25476833640423874,-0.27879099497582394,0.0,0.0,0.0,-0.004885122607621151,-0.051436540077933454,-0.02101190496315436
21.1333,-4.153953508605422,-1.8085252016879636,1.0,-4.0961785316467285,-1.8078622817993164,0.9891530871391296,0.01578808432872445,0.02769174519420178,0.005418693872500189,-0.9994771512299513,0.3955888656126705,-0.18679004275963862,0.0,0.3227218985557556,-0.23438814282417297,-0.005293685477226973,-0.5063115040101273,0.48640565681902725,-0.05670757112253799,-0.4166722452322233,0.28497645903807767,0.24335497247436377,-0.7890996108281348,0.5136675155954902,-0.16250420850204603,-0.7090099206101901,0.46099161245673725,-0.062401908201799354,-0.07453756988025968,0.2527427276522551,-0.27913939453791725,0.0,0.0,0.0,-0.01510168889764427,-0.05131352987130552,-0.02092314905898453
21.15,-4.147453250566372,-1.8115802461123518,1.0,-4.089038372039795,-1.812678337097168,0.9899271130561829,0.014869641279399302,0.02682056456712554,0.005265785106102687,-0.9995158420368844,0.3849837001946046,-0.18009452733056214,0.0,0.30919593572616577,-0.22568172216415405,-0.007605087012052536,-0.4871747783086248,0.47154939551004804,-0.046373802699158695,-0.3844788749449404,0.2718802074822132,0.25422139675358785,-0.8122208223571183,0.5228120347039286,-0.13879739868178043,-0.7394796652483808,0.4792421310300149,-0.08495525331394624,-0.07840511442274614,0.25125565059287613,-0.2799882555389727,0.0,0.0,0.0,-0.02429078894093832,-0.05158646256504127,-0.020606943913773833
21.1667,-4.141115239972583,-1.814531662188859,1.0,-4.085583209991455,-1.8150177001953125,0.990294337272644,0.014869641279399302,0.02682056456712554,0.005265785106102687,-0.9995158420368844,0.374454551014812,-0.1735761552684707,0.0,0.3025238811969757,-0.22111137211322784,-0.00809896644204855,-0.49074272171173305,0.4688280844981173,-0.04492269501319246,-0.3754610265135867,0.2718517907690864,0.25637689472834957,-0.39979177976513613,0.2738569316266179,-0.02959342365139004,-0.6391975927911514,0.4186086662277209,-0.06861142931890682,-0.08070385416404803,0.2487567132502623,-0.2805971454608212,0.0,0.0,0.0,-0.03457784103409832,-0.05178041952123137,-0.02070244428072084
21.1833,-4.134966872597076,-1.8173690658931823,1.0,-4.078886032104492,-1.8195499181747437,0.9910362362861633,0.01454454222195503,0.02569689204878815,0.005145919468937705,-0.9995507396274513,0.3640545352846022,-0.16726017983142702,0.0,0.28977635502815247,-0.2113097459077835,-0.010476761497557163,-0.473985538364703,0.44537178537201927,-0.03406682879890699,-0.34614061069933255,0.2500526747573412,0.2682686072266761,-0.7653668871138596,0.5884938017120445,-0.1427638253671734,-0.6764450745408984,0.4687618633068835,-0.09050257195653921,-0.08411720339840545,0.24743155160605182,-0.28171762185733296,0.0,0.0,0.0,-0.04372772426696494,-0.052112440991373785,-0.02061781416825017
21.2,-4.128988085745906,-1.820104050237606,1.0,-4.072460174560547,-1.823928713798523,0.9917142987251282,0.014500731231472464,0.02391604216086661,0.005055767359972868,-0.9995960474896005,0.3537577983791693,-0.16112320614733533,0.0,0.2770402133464813,-0.20396997034549713,-0.013444257900118828,-0.4811655722451033,0.44874721130130324,-0.024045953809072707,-0.3420046021306822,0.25633863654781547,0.2795164868421603,-0.35215384615384615,0.20051699463327372,-0.11442285330948122,-0.5807083766716469,0.38957107521522577,-0.09756427621608474,-0.08601360185033685,0.24476287780123637,-0.2830877057709853,0.0,0.0,0.0,-0.05314736826408431,-0.05235430304774861,-0.020474734880247692
21.2167,-4.123173018916871,-1.8227413916755402,1.0,-4.069357395172119,-1.8260583877563477,0.9920269250869751,0.013998330260510478,0.022185732271210207,0.004841998544325636,-0.9996441791906,0.3435612963921891,-0.15515661784263374,0.0,0.27042505145072937,-0.19944614171981812,-0.01433134637773037,-0.45779528832739447,0.43125831139763654,-0.015339509887987823,-0.3082364841354529,0.24230903306579174,0.28966578914397606,-0.3966490829294792,0.2712514831810839,-0.053190358250775546,-0.5263707090058715,0.3546409690543956,-0.08446428458618664,-0.0871382031206887,0.24156254332491167,-0.2843269732064215,0.0,0.0,0.0,-0.06242060107125286,-0.052613264993066865,-0.02067832582554243
21.2333,-4.117533250570068,-1.8252778923255324,1.0,-4.063357353210449,-1.8301869630813599,0.9926613569259644,0.01336138831729537,0.020946573107413668,0.004638049944381414,-0.9996805519208649,0.33349281526796065,-0.14936983921961314,0.0,0.25826579332351685,-0.1904737651348114,-0.01324427779763937,-0.4408355006167231,0.40993003835165714,-0.024789567840437066,-0.280934530216522,0.22312429404713427,0.281105114680646,-0.7298798551678736,0.5385819475055099,0.06525311408750036,-0.5864503286016473,0.40894370788373835,-0.040264972030357615,-0.08988999036272283,0.23967514685566021,-0.2848291620653791,0.0,0.0,0.0,-0.07001098003747828,-0.05286940255113733,-0.021065520455703944
21.25,-4.112040557001828,-1.8277281345386576,1.0,-4.057618618011475,-1.8341442346572876,0.9932945370674133,0.012715456912274044,0.01991242839784751,0.004509965671756795,-0.9997106869175502,0.32350881737429327,-0.1437315951378804,0.0,0.2498246431350708,-0.18339373171329498,-0.012158308178186417,-0.4448536594583509,0.3988859717500458,-0.03424702285162429,-0.27444512356490725,0.21361790515271806,0.27194714809983145,-0.5047797944082465,0.42338517087497685,0.06494085628181183,-0.5623396941704195,0.41320709171332515,-0.009206288607736063,-0.09258153243210515,0.2381388321136368,-0.2847705942320374,0.0,0.0,0.0,-0.07782700346133854,-0.05287076551630904,-0.021423576719418344
21.2666,-4.106750036048003,-1.8300695012311818,1.0,-4.054823398590088,-1.836073875427246,0.9936344027519226,0.012715456912274044,0.01991242839784751,0.004509965671756795,-0.9997106869175502,0.3137178318964899,-0.1382963171732694,0.0,0.24657920002937317,-0.18137912452220917,-0.011800911277532578,-0.4649628285015919,0.40773569338339033,-0.037879368886259535,-0.28622285221069127,0.22533918514626605,0.2678693520353268,-0.19548460522158714,0.12134697130712009,0.021527289111640865,-0.4540373667002078,0.3270446496812426,-0.00013317473044863453,-0.0934276961195459,0.23512686085468273,-0.28452732294651806,0.0,0.0,0.0,-0.08531228017135468,-0.05273035261755845,-0.02122139797506826
21.2833,-4.101598866403775,-1.8323316450305014,1.0,-4.049366474151611,-1.8398596048355103,0.9942993521690369,0.012334646635815702,0.018778496743892512,0.004456101999359886,-0.9997376609005971,0.3040117986290254,-0.13299749191983348,0.0,0.23877771198749542,-0.17508727312088013,-0.011399063281714916,-0.47099584002659023,0.4000094020911583,-0.04342498953565954,-0.2869367037342449,0.22031887503817985,0.2615058306470474,-0.46761478935635076,0.3771284083114211,0.024086439011232422,-0.45804567003033325,0.3418302906373128,0.007016897921315603,-0.09453150264106804,0.23255447833158954,-0.28411872896365753,0.0,0.0,0.0,-0.0895276336512773,-0.05286395127861107,-0.020812091219049426
21.3,-4.096616065387249,-1.8345034326397258,1.0,-4.044117450714111,-1.843514323234558,0.9949989914894104,0.011790368819591097,0.017090100577991176,0.004417790514063464,-0.9997747079804382,0.2944521385407752,-0.12786310446510865,0.0,0.22998765110969543,-0.1688648760318756,-0.010522879660129547,-0.48336545624044613,0.4000951741689089,-0.049616081105122056,-0.29899065936426106,0.22401945483238034,0.2542265894828018,-0.26198206001947194,0.19952322318309376,0.046008168650850466,-0.4001641087925393,0.2998186433001759,0.018527833705604957,-0.09458839656296027,0.2292818977288546,-0.2834313549201785,0.0,0.0,0.0,-0.08978640031322481,-0.053206178392326046,-0.020411315667745334
21.3167,-4.091783390904446,-1.83659441954065,1.0,-4.041573524475098,-1.8452929258346558,0.9953470230102539,0.011155941363943593,0.015616785213033125,0.004311749043210066,-0.9998065709979125,0.28501135678459744,-0.12287266917517206,0.0,0.22574323415756226,-0.1656474769115448,-0.011613584123551846,-0.4821752365231337,0.3919452340938261,-0.047042976127394276,-0.2984592542859334,0.2200601911842939,0.25607462983649915,-0.2545123450612607,0.19292821707864527,-0.06540303506583556,-0.3571650459815583,0.2682626357843871,-0.006250092806440104,-0.09380659170637298,0.22548423366313283,-0.2831703230472957,0.0,0.0,0.0,-0.08990939053082735,-0.05359919075360065,-0.01994728291659771
21.3333,-4.087111778427079,-1.8386013837320367,1.0,-4.036634922027588,-1.8487480878829956,0.9959860444068909,0.010932109165033729,0.015205496015020201,0.004238413526801118,-0.9998156747171908,0.27571818994489117,-0.11803593576749308,0.0,0.21793287992477417,-0.15865451097488403,-0.014344029128551483,-0.48488708715235745,0.37762125454712403,-0.033721633828442954,-0.30426857825871384,0.2090518893258566,0.2694585581885357,-0.46868874740682454,0.4196383861506546,-0.1638502955325846,-0.3900888810224127,0.3129515240704731,-0.052776553196905926,-0.09371783871481766,0.2227082812035959,-0.28379748112706255,0.0,0.0,0.0,-0.08690067017882594,-0.05413891598232849,-0.01938271088991612
21.35,-4.082582794090645,-1.8405336645639705,1.0,-4.031898021697998,-1.8520631790161133,0.9965643882751465,0.010642830977556667,0.015161906295492317,0.004100635479019001,-0.9998200158425874,0.266543179621706,-0.11333240476401484,0.0,0.21020445227622986,-0.1518063247203827,-0.01676684059202671,-0.475151380393631,0.3550368271642016,-0.020513203138627922,-0.299173100407898,0.18919128796787602,0.28359845800958217,-0.4625415590530957,0.40985966239066224,-0.14500375012485553,-0.41147823583457205,0.3415605777460119,-0.08000370741731162,-0.0940376954153175,0.2206616608530393,-0.2850021433921028,0.0,0.0,0.0,-0.08194058457041548,-0.0548161216567137,-0.01910951775610733
21.3666,-4.078227672727901,-1.8423793554532994,1.0,-4.029603481292725,-1.8536711931228638,0.9968461990356445,0.010642830977556667,0.015161906295492317,0.004100635479019001,-0.9998200158425874,0.25755781581471215,-0.10879334866681072,0.0,0.2060490846633911,-0.14858868718147278,-0.018062036484479904,-0.4976733876376253,0.36183455136248266,-0.015485160005803245,-0.3295972322871252,0.19937257194252997,0.29014919754398905,-0.250152498098259,0.1937012903133208,-0.07797059567551275,-0.36385192941544914,0.29790981359024743,-0.0794034956708295,-0.09341394750363223,0.21797185024320453,-0.2862862658867866,0.0,0.0,0.0,-0.07466220784686789,-0.05550987082325184,-0.019348091663005714
21.3833,-4.074008351275516,-1.844155924035643,1.0,-4.02517557144165,-1.8567678928375244,0.9973508715629578,0.010009631213508171,0.01499951843944689,0.004011242013327393,-0.9998294145898053,0.24869168649808246,-0.10437807331447105,0.0,0.19627797603607178,-0.13901877403259277,-0.020128995180130005,-0.48525147111471817,0.3295732320725066,-0.005518428375361317,-0.3256616969469671,0.1686630749864178,0.3021902899481183,-0.586015585901194,0.5739490240938014,-0.12396444019446629,-0.42943870141755347,0.3794016338515833,-0.09255870095913332,-0.09394557109871422,0.21703868629227271,-0.2879279309599907,0.0,0.0,0.0,-0.06564420306903683,-0.05612852920618391,-0.019780787363488924
21.4,-4.06993873659039,-1.845858700414957,1.0,-4.023050785064697,-1.85824453830719,0.99760502576828,0.00957460642506628,0.014693232846142795,0.003966566353905856,-0.9998383497216897,0.23998107155252815,-0.10010014471596569,0.0,0.19223704934120178,-0.13489028811454773,-0.020261578261852264,-0.4953414848940742,0.321614411207526,-0.005913941602195827,-0.3476139450931934,0.16256946536699152,0.30373373352192246,-0.24267801148322618,0.24793638407239302,-0.007962282183817528,-0.3743035322209464,0.34059068925398794,-0.06758429192132029,-0.09326810111247588,0.21558074578624126,-0.28919302859292795,0.0,0.0,0.0,-0.054459438688404936,-0.0565357999457068,-0.02045464653119035
21.4166,-4.066008434554799,-1.8474931875898501,1.0,-4.018956184387207,-1.8610838651657104,0.9980706572532654,0.00951435569412256,0.014546389768572173,0.003934113280552439,-0.9998412157073884,0.23141127621369506,-0.0959478446911242,0.0,0.1830516904592514,-0.1281723976135254,-0.021918639540672302,-0.48412572985808733,0.30473293425788217,0.0017646287684192075,-0.3459413810005936,0.14656869108619616,0.3137792953279817,-0.5507045298607736,0.4027684467823551,-0.09934844835472713,-0.42638033090241506,0.3589466997334824,-0.07696165147144413,-0.09344861410716351,0.2147191216239687,-0.2907392571212425,0.0,0.0,0.0,-0.04473573475033023,-0.05655487845228268,-0.02127540943832004
21.4333,-4.062221576509796,-1.8490587519878647,1.0,-4.0150885581970215,-1.86378812789917,0.9984866380691528,0.009216795650913106,0.014894660373074325,0.0038278610754565083,-0.9998393190992054,0.22299881519374556,-0.09192488248091596,0.0,0.17442239820957184,-0.12194488942623138,-0.023466503247618675,-0.4747658625583799,0.2899055136263561,0.009022365269536259,-0.34603422078421087,0.13190238494731715,0.32366609466732504,-0.517624744361655,0.37355466012613875,-0.09284800333938761,-0.4533173494799829,0.3632592366391324,-0.08165159290646398,-0.09403521847968457,0.2141964377533046,-0.29249146101489804,0.0,0.0,0.0,-0.03469642329448441,-0.056193309074265674,-0.022152268382890736
21.45,-4.058575695838905,-1.8505574602488086,1.0,-4.013230800628662,-1.8651036024093628,0.9986810088157654,0.009216795650913106,0.014894660373074325,0.0038278610754565083,-0.9998393190992054,0.21474616087436413,-0.08802818713454164,0.0,0.17043305933475494,-0.12005315721035004,-0.023173756897449493,-0.48280195791831204,0.2939165131528777,0.006337963287584181,-0.36364515846270395,0.13712452520024768,0.3232169398174595,-0.23955932251922057,0.113598293412745,0.017579383330708548,-0.39021207294797383,0.2895547630081357,-0.05235679502204371,-0.0932564929330076,0.2124626591596946,-0.29378195519524275,0.0,0.0,0.0,-0.025900306522600468,-0.05567067120706457,-0.0230970213346326
21.4667,-4.055060667942926,-1.851994435122736,1.0,-4.009655952453613,-1.8676772117614746,0.9990831613540649,0.00831537564784706,0.015385522656439691,0.0037793079059719307,-0.9998399934487816,0.2066379077692786,-0.08424655803690913,0.0,0.1641286164522171,-0.11625868827104568,-0.02381361462175846,-0.4852026415306753,0.2926130887641435,0.008196957602641497,-0.3736489146402505,0.1373564398269166,0.32717227822925327,-0.37765645976748835,0.22730092619040818,-0.038329541153703336,-0.38650542645123703,0.27117629253187897,-0.04821569329626478,-0.09225074545201413,0.21054313963531673,-0.29507338810382433,0.0,0.0,0.0,-0.019302981438410687,-0.05528649069808984,-0.023901932522787443
21.4833,-4.051685565503403,-1.853366885053747,1.0,-4.0062479972839355,-1.870161533355713,0.9994528293609619,0.007188607641049899,0.015870333574321206,0.0036884814474309785,-0.9998414685884796,0.19870280633778206,-0.08058956516037971,0.0,0.15729041397571564,-0.11148067563772202,-0.024511022493243217,-0.4959206988408126,0.28921097488088865,0.010110438102080899,-0.3931903511009678,0.13590859943976646,0.33101908875901626,-0.19838672719721598,0.18043656107236455,-0.028122180531885945,-0.3309693480823721,0.24438826530498098,-0.04228372106802028,-0.089976595513414,0.2082285913273339,-0.2963209300624016,0.0,0.0,0.0,-0.012753752226430787,-0.05492621588621172,-0.024587720594533718
21.5,-4.048439328916563,-1.8546801802280963,1.0,-4.0046162605285645,-1.8713759183883667,0.999640166759491,0.007188607641049899,0.015870333574321206,0.0036884814474309785,-0.9998414685884796,0.19092293003072008,-0.07704521305091128,0.0,0.1534455269575119,-0.11049661785364151,-0.024748267605900764,-0.4897301067041206,0.29306113717219057,0.011056240340471923,-0.39604471441995603,0.1427739923585395,0.33371048039050216,-0.2307561600320522,0.05905957559453968,-0.014238590347136766,-0.30138458331828444,0.18967584874792187,-0.03400428588291464,-0.08691554623579484,0.20494676256061514,-0.29747153039262014,0.0,0.0,0.0,-0.0067698460483697305,-0.05465961774696406,-0.025182709657410082
21.5167,-4.045315933032181,-1.855937542044012,1.0,-4.0015034675598145,-1.873771071434021,0.9999685883522034,0.006811654130502558,0.016283672986023606,0.003486260868275702,-0.9998381811342956,0.18329114519093848,-0.07360690098658595,0.0,0.1445058286190033,-0.1068316400051117,-0.026568850502371788,-0.47280917404238343,0.291034388270467,0.02033867944583445,-0.38847972388281254,0.14387966717914175,0.34500846646628897,-0.5350353519498866,0.21934663104122373,-0.10896074720680356,-0.3703625607821214,0.19843520599013456,-0.05613280328625464,-0.0851087924601632,0.20192208133357684,-0.2991235461237438,0.0,0.0,0.0,0.0007793423005923155,-0.05476736024225157,-0.02554624089671068
21.5333,-4.042326631036733,-1.8571352058624202,1.0,-3.998598098754883,-1.8760719299316406,1.0002809762954712,0.006268039797869745,0.01727943607530326,0.0033174205931410547,-0.9998256213734393,0.17584304061968012,-0.07028727446575189,0.0,0.13717485964298248,-0.10236483067274094,-0.024106359109282494,-0.46402224006929144,0.2835098691387462,0.003992439839229256,-0.38942313679876533,0.13923555612701158,0.3297974727203151,-0.44053285910771084,0.26841967176709935,0.1479761239577065,-0.39107811538902615,0.2190958994321215,0.004123882647444663,-0.08366572007904645,0.19937608402122312,-0.29966178662070136,0.0,0.0,0.0,0.009066616808520334,-0.05510177100948848,-0.026143246260384487
21.55,-4.039458240122803,-1.8582791800788403,1.0,-3.997211456298828,-1.8771857023239136,1.0004485845565796,0.006059092186565432,0.018030850505435226,0.0031369899346659173,-0.999814199577493,0.1685541609394925,-0.06707214101618729,0.0,0.1335211545228958,-0.0995868593454361,-0.022967489436268806,-0.46926056730881144,0.2799778807666467,-0.0036937605440892085,-0.40510509081090273,0.13909458481359505,0.32255544697172067,-0.2193951324266285,0.166809681460272,0.06838605046528275,-0.3403941608740875,0.20366005222282757,0.023095249142305867,-0.08117110957427333,0.1966032175310202,-0.2998076977102738,0.0,0.0,0.0,0.017015633076364646,-0.05571992157796854,-0.02644150980553605
21.5666,-4.036707130144199,-1.8593715616827902,1.0,-3.994596481323242,-1.8793364763259888,1.000801920890808,0.006411877113669808,0.018024599600965453,0.002984839811541607,-0.9998125979972495,0.16142288097558385,-0.06395783921504285,0.0,0.12509624660015106,-0.09463003277778625,-0.021880177780985832,-0.4515871211854051,0.26837531740283055,-0.012011062701852815,-0.3963450871162114,0.1303465649228206,0.31374732273332223,-0.5051192160898837,0.2971888088397158,0.06519026866503709,-0.38902400794435166,0.23127145065273125,0.035522468299272955,-0.07955937285645141,0.19446066604770038,-0.2996578803204616,0.0,0.0,0.0,0.024317338787257732,-0.05643191356769041,-0.026100505114713457
21.5833,-4.034075177904062,-1.860412221306106,1.0,-3.9933700561523438,-1.880376935005188,1.0009803771972656,0.006411877113669808,0.018024599600965453,0.002984839811541607,-0.9998125979972495,0.15446198672879458,-0.060947089622831754,0.0,0.12102038413286209,-0.09289298951625824,-0.022377289831638336,-0.45257333975860725,0.27032873619410064,-0.009953347399126677,-0.40658430967385006,0.13587295215531475,0.3153989980506478,-0.244579971243401,0.10423462380359672,-0.029830165278910397,-0.34638148822701564,0.1937678574448133,0.01622917638091452,-0.07708034438557332,0.19167849424209302,-0.29981372095224723,0.0,0.0,0.0,0.031091314300816117,-0.05722271020330714,-0.025538624497527262
21.6,-4.031558901277243,-1.8614031196820406,1.0,-3.991079807281494,-1.882423758506775,1.001280665397644,0.006505933733022438,0.0179683987541097,0.0029404591800596255,-0.9998130616125831,0.14767054586814113,-0.05803670421738701,0.0,0.11146240681409836,-0.09066880494356155,-0.025707287713885307,-0.4255082348649199,0.2742007706116476,0.008482540009359774,-0.3855577427582216,0.1436132017639087,0.3345253603777159,-0.5738814489807604,0.13354481003779203,-0.19994021182861887,-0.4135436347836058,0.17598891312045364,-0.04758797806550941,-0.0759007868450379,0.18861140078114338,-0.30119389918075323,0.0,0.0,0.0,0.03595029473833957,-0.0580238319334045,-0.024848921187602884
21.6166,-4.029152484990643,-1.8623470819457824,1.0,-3.9890193939208984,-1.8843926191329956,1.00149667263031,0.00591426902963692,0.018711599817138106,0.0028685988033485283,-0.9998033256905772,0.14104088549205573,-0.05522080880560968,0.0,0.1022765040397644,-0.08538550138473511,-0.028508896008133888,-0.39906036854850124,0.25914735305514003,0.024162239593002788,-0.3626979170325675,0.1315407600261395,0.35191776337432096,-0.550878878324278,0.3168398806119531,-0.16801253753217044,-0.45408750882869964,0.21757069313465477,-0.08313950908606832,-0.07561405328834248,0.18640216497487525,-0.3033359776521431,0.0,0.0,0.0,0.0392516017724087,-0.05879557194587473,-0.024419546129175095
21.6334,-4.026848236141974,-1.8632476060946117,1.0,-3.9871487617492676,-1.886253833770752,1.0016493797302246,0.0057317270774691915,0.01917411801560764,0.0028535523784301653,-0.9997956971109967,0.13455918696775143,-0.0524912026637226,0.0,0.09903465956449509,-0.0826350525021553,-0.02983446605503559,-0.40232509183164716,0.25398326104171287,0.03166888335328277,-0.36880697354221714,0.12964194851453098,0.36155659139954777,-0.19350051586736872,0.16416989824960865,-0.07912115767752953,-0.3771574656145188,0.20180580244884905,-0.08195321830464576,-0.07397055409160061,0.18396834437654747,-0.30556948631150943,0.0,0.0,0.0,0.04045243580217057,-0.05962703184936558,-0.02431822173475558
21.6506,-4.0245921491248025,-1.8641261270168121,1.0,-3.986276865005493,-1.8871428966522217,1.0017009973526,0.006072285467238358,0.019132280683015496,0.002876564557717098,-0.9997944327055414,0.12807576587373998,-0.0497834846581823,0.0,0.0917416587471962,-0.07743266969919205,-0.03148799389600754,-0.38535720028599485,0.23840898190442558,0.040903989236020344,-0.35422830579491904,0.1165392698043774,0.37360406864982004,-0.4246652482958726,0.30293033554997156,-0.09628352289292111,-0.3911826313879647,0.23165961292908907,-0.08618378614197442,-0.07272847054259811,0.1822242799763829,-0.3080112011202441,0.0,0.0,0.0,0.04159957605152231,-0.060354567876334725,-0.024688878293555587
21.6667,-4.022575208751189,-1.8649088631078399,1.0,-3.9846930503845215,-1.888838529586792,1.001791000366211,0.006067040160232275,0.018497942295512698,0.0027283340915043165,-0.999806781732155,0.12215487792318117,-0.04732997314851336,0.0,0.08349525928497314,-0.07283509522676468,-0.031126542016863823,-0.3600834083837386,0.22532128063227114,0.03822755108597331,-0.3297409041686274,0.10518632016278132,0.37366330764359373,-0.5118295610932714,0.2853578140491587,0.02243424630421593,-0.4267998101673552,0.2475123033713313,-0.05411775769225557,-0.07237170066169875,0.1809405265943731,-0.30995248384589363,0.0,0.0,0.0,0.04202919644658754,-0.060805566124883276,-0.02548327271172677
21.6833,-4.020588658240435,-1.8656773530316677,1.0,-3.9839820861816406,-1.8896678686141968,1.001844882965088,0.006067040160232275,0.018497942295512698,0.0027283340915043165,-0.999806781732155,0.11619810281113924,-0.0448796973703425,0.0,0.07928793877363205,-0.0724673941731453,-0.02996101975440979,-0.3547140395484199,0.23329099110361717,0.030903485604247827,-0.32363235011504543,0.11576409956761291,0.36872130459749214,-0.2523456156783115,0.022053881683373612,0.06990540228939955,-0.37529774335879124,0.1809528564612954,-0.01750385402606675,-0.07124100561691558,0.17849467267505947,-0.3112567257615255,0.0,0.0,0.0,0.040159316183541134,-0.060967781139055204,-0.02656109323171877
21.7,-4.018701325925642,-1.8664052089813519,1.0,-3.982694387435913,-1.8912968635559082,1.001975417137146,0.005639992486051706,0.01843679512085749,0.002631143458838185,-0.999810659242218,0.1104137132741653,-0.04251728496505132,0.0,0.07245529443025589,-0.06947460770606995,-0.026904335245490074,-0.3359413886018084,0.2293202279580508,0.011844907612945654,-0.30134748443626397,0.1142797396006486,0.35036270208165626,-0.4102524872951113,0.17969588791067212,0.18353251825209363,-0.38561702265590014,0.1805817763708449,0.04184575752294875,-0.07055085429431905,0.17612893425203385,-0.3114131963094632,0.0,0.0,0.0,0.035956950128774645,-0.06108844589463166,-0.027104598159247425
21.7167,-4.016908957085331,-1.8670944130522227,1.0,-3.981564521789551,-1.892871379852295,1.0021564960479736,0.005446510792517367,0.018372438200270368,0.0024883499360832577,-0.9998133566405227,0.10479721703218679,-0.04023902757288616,0.0,0.06659414619207382,-0.06749454140663147,-0.024425819516181946,-0.3216791795863747,0.23097028227190147,-0.004003429487974053,-0.2814895533356929,0.11864593504051951,0.3335530263646426,-0.351840355798543,0.11886190264916775,0.14878345003649582,-0.3756455332448647,0.16236094156007985,0.07341571891205285,-0.06995574671373987,0.17348207678912045,-0.3108727685832592,0.0,0.0,0.0,0.029766120463058092,-0.06115772955773849,-0.02668368726935748
21.7333,-4.015209088688377,-1.8677462245866114,1.0,-3.9806103706359863,-1.8943978548049927,1.0023249387741089,0.005388150578219939,0.017524343509465967,0.002310321647973253,-0.9998292881492599,0.09934939318269641,-0.03804349221782863,0.0,0.05762341618537903,-0.06420247256755829,-0.026047268882393837,-0.31624808825327183,0.23019083339439006,-6.848059769826165e-05,-0.27078594734773936,0.12107020490346176,0.33653185927721335,-0.22709380504360527,0.10099606550099526,-0.04447679934413083,-0.3317903479180976,0.14424490854779992,0.038611692736338646,-0.06881049750364066,0.17052541628296516,-0.31089602248579995,0.0,0.0,0.0,0.023348356598108175,-0.06140478779203686,-0.025704317389111647
21.75,-4.013598767022064,-1.8683620633337077,1.0,-3.9802141189575195,-1.8951352834701538,1.0023887157440186,0.00520505610721001,0.016790202701778386,0.0021035070623303133,-0.9998433230498139,0.09406935124432315,-0.03592867484300061,0.0,0.05294770747423172,-0.06212760508060455,-0.026534581556916237,-0.27542906393245126,0.2208285591164422,0.007333809687387394,-0.22341741837452228,0.1150468082899052,0.34315272903238314,-0.2808320385777498,0.124620523248321,-0.02926893445792104,-0.31674652360774036,0.13845143132169496,0.018572090896982793,-0.06767252327090396,0.16749740998828075,-0.3112362614727275,0.0,0.0,0.0,0.015660877712974978,-0.06171565916174375,-0.024582657872268248
21.7666,-4.0120732289769006,-1.8689440110860494,1.0,-3.9795804023742676,-1.8965497016906738,1.0024930238723755,0.00523975811005816,0.01608801447361813,0.0018419858673201929,-0.9998551663142455,0.0889498623177816,-0.033890162199597985,0.0,0.04534109681844711,-0.05816297605633736,-0.028577016666531563,-0.24659609796007437,0.2092161978276508,0.018983737379975274,-0.1879050079339506,0.10609632270067444,0.3550064345686531,-0.45616868029739777,0.23775892729482415,-0.12248489776951672,-0.3579064925580757,0.16776881923076298,-0.023070510333640822,-0.06786122551755178,0.16514157943689073,-0.31238290191007295,0.0,0.0,0.0,0.009170135491428007,-0.06202170430991437,-0.023639795278604863
21.7833,-4.010632103329435,-1.8694924481574091,1.0,-3.979341983795166,-1.8972196578979492,1.0025222301483154,0.00523975811005816,0.01608801447361813,0.0018419858673201929,-0.9998551663142455,0.08399817037264022,-0.031929413005421015,0.0,0.04090818017721176,-0.05462324991822243,-0.030160782858729362,-0.2342702625826925,0.19623610518371107,0.028256214463048046,-0.16981563284058526,0.09553515835936958,0.3652579243410515,-0.26592960224265916,0.21234731896391434,-0.09500975263526754,-0.3307532334246816,0.18092920713778174,-0.04430828953423513,-0.06805156777865859,0.16316672851879,-0.31398750773644807,0.0,0.0,0.0,0.003596938036551327,-0.06246578169444851,-0.023014202141555345
21.8,-4.009272700013316,-1.8700086195030814,1.0,-3.9789791107177734,-1.8984700441360474,1.0025428533554077,0.005327691582575568,0.015295315888280727,0.0016160787593018048,-0.9998675574877077,0.07921387652016046,-0.03004490968223746,0.0,0.03623517230153084,-0.049846064299345016,-0.029891354963183403,-0.2205680869326146,0.17854912677342277,0.02645180937002234,-0.14980135195163716,0.0794387441981711,0.36450675249408243,-0.2805131615668651,0.28676678426265173,0.016173324078314632,-0.3159214459467897,0.21217439435673352,-0.02645301174004649,-0.06843483187307267,0.1619684318770931,-0.3153030127215025,0.0,0.0,0.0,-0.0023319031079047613,-0.06285804930184141,-0.02275193040255756
21.8166,-4.007990641212666,-1.8704943870419066,1.0,-3.9787068367004395,-1.8996620178222656,1.0025781393051147,0.005270713982472649,0.014127371727577435,0.0014867300812218464,-0.9998852170172338,0.07459028525036987,-0.028232762551167117,0.0,0.03448984771966934,-0.04802922159433365,-0.027773570269346237,-0.2234347998816251,0.17815414404292457,0.013482689306889561,-0.14806234390084194,0.0808742515337168,0.3520625332508582,-0.10466567356772137,0.10895455634034401,0.1270017988375917,-0.2535548807023819,0.18170201156846466,0.01884965312056478,-0.06802898524274185,0.160358736372271,-0.3157522655334953,0.0,0.0,0.0,-0.007343470738041301,-0.06307884386306323,-0.02282757841047335
21.8333,-4.006784011185568,-1.8709506571613372,1.0,-3.978595495223999,-1.9002448320388794,1.0026036500930786,0.005304196690164269,0.012318468831432597,0.0013597416266585378,-0.9999091985740365,0.07012915083078437,-0.026492501197451532,0.0,0.03270544111728668,-0.04719621688127518,-0.02655639685690403,-0.22470885078879851,0.18042689614066504,0.005965220974068153,-0.14455067421152928,0.08543600008967328,0.3446535209760882,-0.10695892402892503,0.04993104581701775,0.07295846046388658,-0.21027707487733546,0.14280081402811995,0.03482356202478714,-0.06710431500805211,0.15811742548446137,-0.3158461738739741,0.0,0.0,0.0,-0.013053861569217114,-0.06312652943346961,-0.022842126128045925
21.85,-4.005648938475815,-1.8713790571736006,1.0,-3.9784648418426514,-1.9013999700546265,1.0026878118515015,0.0050075414871087855,0.010730755559723217,0.0012614551759311111,-0.9999290918865337,0.06582481937852015,-0.024820847354126457,0.0,0.028613323345780373,-0.047099869698286057,-0.024875666946172714,-0.2116924191918922,0.18980678196396522,-0.004629735229578991,-0.12710492403103635,0.09753047272840035,0.3335604072272983,-0.24505055521051955,0.005769611727416799,0.10064808023157865,-0.22054284184574394,0.10234669851419415,0.05425616291040596,-0.06666283777035756,0.15516542067630215,-0.3154868611084407,0.0,0.0,0.0,-0.01792465739049829,-0.06288911144073728,-0.022703281348436553
21.8666,-4.004589475580653,-1.8717782109269732,1.0,-3.978445053100586,-1.9019715785980225,1.0027296543121338,0.0050075414871087855,0.010730755559723217,0.0012614551759311111,-0.9999290918865337,0.06170220913129733,-0.023226430845382208,0.0,0.026688426733016968,-0.04502762109041214,-0.025685055181384087,-0.2105194067786737,0.18420597576616432,-7.333187404245933e-05,-0.12290665532781153,0.09446559368208014,0.33795704199575194,-0.11584356705742245,0.12471146189055012,-0.048710366925416825,-0.18963370228192006,0.10894918543599268,0.023858561326893554,-0.06589782265307621,0.1523708451550983,-0.31563300541558653,0.0,0.0,0.0,-0.021714928797785957,-0.06263046307101412,-0.022397368454207874
21.8833,-4.003593970355633,-1.872152644652459,1.0,-3.9784858226776123,-1.9030439853668213,1.002771019935608,0.00450175329246999,0.009888528171212687,0.0012356613046424648,-0.9999402186545405,0.05772526990602467,-0.021694359142691657,0.0,0.022322792559862137,-0.04029044508934021,-0.027452999725937843,-0.19388234356708367,0.16495559086481182,0.010235089822450583,-0.10436196159268768,0.0770206779811798,0.34878219838666946,-0.26179598923409064,0.28407640864704115,-0.10601914237307522,-0.21093732834006484,0.16064994262460908,-0.014483710651661551,-0.0658004059190201,0.15066054911560298,-0.3164917302998919,0.0,0.0,0.0,-0.023719976055375895,-0.06272563623197096,-0.02205537826432695
21.9,-4.002664332139505,-1.8725017587011616,1.0,-3.978649616241455,-1.9040091037750244,1.0027472972869873,0.004445198477941196,0.009094289579543367,0.0011669197947212276,-0.9999481001152121,0.053910321396960066,-0.020230079786999308,0.0,0.017104215919971466,-0.03372632712125778,-0.030727354809641838,-0.17095300497376603,0.1340259203824106,0.02990828458916095,-0.08102697114652796,0.046338314813397216,0.37045455512838027,-0.31320898739339476,0.39396580404670595,-0.19652052866178238,-0.24112979136804935,0.22952904935891655,-0.06822430651543389,-0.06657772107068777,0.15046107636257,-0.31843582339779697,0.0,0.0,0.0,-0.0233483127565503,-0.06277347079355662,-0.022110447141422365
21.9166,-4.001796557502857,-1.872827165511313,1.0,-3.9789280891418457,-1.9048508405685425,1.0026718378067017,0.004457733872650647,0.008033747771919232,0.0010661466799316349,-0.999957245981339,0.050250183777758965,-0.018830037623620826,0.0,0.014066766016185284,-0.0296641793102026,-0.031223973259329796,-0.1599934524963959,0.11731498890840886,0.033176236609555154,-0.07154256674017712,0.0294358283568341,0.37606230693420417,-0.18225759690490836,0.24374304820388837,-0.029798840502997095,-0.22374964352300641,0.23372528161503786,-0.05688040662515633,-0.06731920524861706,0.15060047581850933,-0.32026166230926095,0.0,0.0,0.0,-0.021131680507601728,-0.06272131526693457,-0.022624408015388044
21.9333,-4.000988613704394,-1.8731297241399996,1.0,-3.9790899753570557,-1.9052547216415405,1.0026240348815918,0.004426657157318943,0.007048404503117137,0.0009276942825733823,-0.9999649588546164,0.04674546736035919,-0.017493737854673595,0.0,0.013057230971753597,-0.02931319549679756,-0.031503837555646896,-0.16124233474024138,0.12049826123849777,0.035006990538071214,-0.07442726952833092,0.03313006793617759,0.38061233026668545,-0.06058689438816392,0.021064171424278848,-0.016795958354796244,-0.1755810177629685,0.17094383496248575,-0.045046744850207356,-0.06736917456397,0.1497581274992146,-0.3219513807260929,0.0,0.0,0.0,-0.01944589064794045,-0.06238993419689443,-0.023653959002521315
21.95,-4.0002375873921485,-1.8734106120130798,1.0,-3.9794695377349854,-1.90606689453125,1.0025243759155273,0.0038916055496511746,0.00617240991568754,0.0007520683648284834,-0.9999731774900761,0.04339282102582409,-0.01621923357881045,0.0,0.01235562190413475,-0.030169596895575523,-0.030873410403728485,-0.1627142020616371,0.13279431228946548,0.031638568247266186,-0.07784188321397637,0.04700344091591835,0.3795730218906871,-0.04209236924633825,-0.05137898804926193,0.03782187786073921,-0.13617272887530768,0.1053100740927311,-0.020582412790476415,-0.06681499837009479,0.1477931301459271,-0.32324148722617824,0.0,0.0,0.0,-0.018057320477565933,-0.06200225877237997,-0.024692966417242695
21.9667,-3.9995409619313587,-1.8736708469152603,1.0,-3.9798810482025146,-1.9069106578826904,1.00243079662323,0.002797853918715916,0.005496637307149548,0.0005859676348470309,-0.9999808903633535,0.040190300526370334,-0.015005176355716139,0.0,0.011447318829596043,-0.03147280216217041,-0.030420949682593346,-0.16996294314845214,0.14334993395290846,0.027380605788883905,-0.08665611772088974,0.05990634990366353,0.3770317848039494,0.012274695902002544,-0.05545846525206901,0.04389845324537957,-0.09234833582570146,0.05784826282300471,-0.001546482584388541,-0.06550565518270896,0.14495833659567411,-0.32420595529544993,0.0,0.0,0.0,-0.01780117024485344,-0.061514752546429186,-0.025445223719615565
21.9833,-3.9988967454032944,-1.8739112410316243,1.0,-3.980113983154297,-1.9073361158370972,1.002377986907959,0.002797853918715916,0.005496637307149548,0.0005859676348470309,-0.9999808903633535,0.0371382135370622,-0.013851123790076731,0.0,0.010316475294530392,-0.030686669051647186,-0.031217293813824654,-0.1608337573728361,0.14791251434925926,0.0342718171302101,-0.07830127637617054,0.06700363188203483,0.3854573556701487,-0.0678739795151758,0.047184231049927736,-0.04779710328987851,-0.08512305851154406,0.05470004573121015,-0.015200511164717644,-0.06410364411510995,0.14206938107893763,-0.3254662145512732,0.0,0.0,0.0,-0.018428836881555603,-0.0611604986117132,-0.025719323988665416
22.0,-3.998302407738758,-1.8741327987488647,1.0,-3.980619430541992,-1.9081573486328125,1.002243161201477,0.002147631355362511,0.0051481949048488755,0.00045185636288537875,-0.9999843464049314,0.034234209801088815,-0.01275567619706202,0.0,0.007336963899433613,-0.02875259332358837,-0.03194543346762657,-0.14643308039735842,0.1429975980367442,0.03924001268631283,-0.06527380575541351,0.06457304280330003,0.39218825366958243,-0.17877341157158388,0.11604631440976196,-0.043689045870050354,-0.11277035443395125,0.07281058550465946,-0.02361084731037153,-0.06335002744137391,0.13952475606042572,-0.32694882381092416,0.0,0.0,0.0,-0.017809247200570987,-0.06110020082698157,-0.025999417172345423
22.0167,-3.9977545990463126,-1.8743368212543121,1.0,-3.9809088706970215,-1.9085423946380615,1.0021611452102661,0.0023527427802716976,0.0047272257611131125,0.0003636851558005671,-0.9999860322788718,0.031471408626685946,-0.011715781207905139,0.0,0.00442240247502923,-0.02546563558280468,-0.032173190265893936,-0.1330032449937395,0.1276170017732743,0.04094455307590916,-0.05501607488294746,0.05133008673068201,0.39600799785138996,-0.17477134704807995,0.19710205015297516,-0.013657410716838705,-0.13107418067993284,0.10950369761239866,-0.020672410903517888,-0.063101986680188,0.13772591350327087,-0.32843867718808334,0.0,0.0,0.0,-0.01488518343060403,-0.06143899846067857,-0.026624767587397482
22.0333,-3.99725197998917,-1.8745238532494544,1.0,-3.9815738201141357,-1.9092425107955933,1.0019948482513428,0.0027053256165301847,0.004064276166598433,8.277641047545279e-05,-0.9999880974744488,0.028852644573680634,-0.010732092590899371,0.0,0.0017344492953270674,-0.021552136167883873,-0.03255484625697136,-0.11854993406565174,0.10988964095963852,0.043999449450942585,-0.044463855663655794,0.03499015293627919,0.4015113121020113,-0.16120585640353324,0.234706106297186,-0.022889230868222376,-0.13996960208677275,0.14646573704953014,-0.021326856675138124,-0.06318507446870478,0.1367530128881812,-0.3300017985443049,0.0,0.0,0.0,-0.010901003933291175,-0.06185352486482187,-0.027510064106763828
22.05,-3.996792313536934,-1.8746947676344132,1.0,-3.9823009967803955,-1.9098769426345825,1.001802921295166,0.0024724213907964133,0.003972676659123149,-0.00012631410498703261,-0.9999890668519646,0.026376221651093795,-0.009803595136620491,0.0,0.0010383507469668984,-0.019611725583672523,-0.03236033767461777,-0.11523949112397514,0.10351093872852737,0.04373199387810356,-0.045915163555956234,0.02978194568667146,0.403931561755486,-0.041806620069322134,0.1165381083809442,0.011681889614387788,-0.11099009561633298,0.1376305540628109,-0.011582071451433647,-0.06285370498098053,0.13575509312892056,-0.3314346688807132,0.0,0.0,0.0,-0.006470622587038373,-0.06202610008706465,-0.028764898996669223
22.0666,-3.9963733218922632,-1.874850446450792,1.0,-3.9830260276794434,-1.9105207920074463,1.0016072988510132,0.002364241955197838,0.0039351195365606405,-0.000303499456126865,-0.9999894040267527,0.024039971173046525,-0.008929135982904677,0.0,0.001998700201511383,-0.020819049328565598,-0.03212283179163933,-0.12317154812479787,0.11426663639765988,0.04271021872027969,-0.05779253878056466,0.04282089513792306,0.40522086715303857,0.05776480415588117,-0.07262025229094664,0.014285925556782493,-0.06117056477732573,0.07556067315739241,-0.003945365930979397,-0.061641557005690045,0.13365967612892604,-0.3327680313181023,0.0,0.0,0.0,-0.003737452338543169,-0.062213934869189226,-0.02974261711465661
22.0833,-3.9959901579174795,-1.8749927200077343,1.0,-3.983384609222412,-1.9108587503433228,1.0015044212341309,0.002364241955197838,0.0039351195365606405,-0.000303499456126865,-0.9999894040267527,0.021826295119594837,-0.00810183763645635,0.0,0.004314994905143976,-0.023003503680229187,-0.03222349286079407,-0.13707769557207006,0.13248726750657996,0.044296230283911164,-0.07515184442831722,0.06434395033495273,0.40879198120634747,0.13853587925828484,-0.13065060496520647,-0.006020464365160849,-0.0022135723533419083,0.014683334818494313,-0.004557972916466762,-0.059281194228709935,0.1303989860218832,-0.33415230125424494,0.0,0.0,0.0,-0.0026446569150428987,-0.06225566885025598,-0.030343449668191375
22.1,-3.9956442484568973,-1.875121083980669,1.0,-3.9840986728668213,-1.9115642309188843,1.0013073682785034,0.0022122758541044596,0.0033523389690190944,-0.000545801688216016,-0.9999918063971179,0.019753259990112473,-0.0073281889995201795,0.0,0.0028690865729004145,-0.023029668256640434,-0.03094642609357834,-0.12793622299900775,0.13780660921557045,0.037575571663857055,-0.06881738517725687,0.07306905698481009,0.4032476490091459,-0.08686641984620068,-0.0015718998424407362,0.07672285683592352,-0.02720464017995238,0.00988449244070936,0.019437613640931935,-0.05737007379053123,0.12698775817166044,-0.33509609740334617,0.0,0.0,0.0,-0.0017487640312196548,-0.06225020594090009,-0.03057597994194269
22.1166,-3.9953313014388083,-1.8752371533327226,1.0,-3.9848973751068115,-1.912196159362793,1.0011345148086548,0.001999949950633227,0.002640231702320569,-0.0006937792733377478,-0.99999429306118,0.017805509011211876,-0.006602219741403383,0.0,-0.0008341812645085156,-0.017745383083820343,-0.028092093765735626,-0.11415658118559066,0.11987846203198682,0.0281371655764735,-0.05963327856796141,0.05769267327824981,0.39429103471314814,-0.14529818905450184,0.21059344526580687,0.09870773935485716,-0.0620680142685555,0.06913744378275503,0.042839603615430585,-0.05616292622776703,0.12469388266835398,-0.3355675493711227,0.0,0.0,0.0,0.0016396236101377808,-0.06250809391461697,-0.030586319765551945
22.1333,-3.9950498971071555,-1.8753414730473308,1.0,-3.985321521759033,-1.912472128868103,1.0010552406311035,0.0021590596544359794,0.002808435082597928,-0.0008043304569818665,-0.9999934079773612,0.015984188271300555,-0.0059241522533258996,0.0,-0.002857701852917671,-0.014503944665193558,-0.027915919199585915,-0.09237977509563751,0.09403446844283625,0.020577584331923582,-0.04265088407608082,0.03368349128541551,0.3871313572891243,-0.12143045895279816,0.1945170991072195,0.010572147645005294,-0.07959289293944097,0.10615180966755369,0.03331366084289606,-0.05536243289615307,0.1231811579317683,-0.33617747778595986,0.0,0.0,0.0,0.005633541876596381,-0.06283018077434756,-0.030376295171240863
22.15,-3.994797922238098,-1.875434842177574,1.0,-3.986220121383667,-1.9129595756530762,1.0008918046951294,0.0026497788278479536,0.0034488984690923784,-0.0008622823736843398,-0.9999902469637229,0.014285914518885584,-0.0052925452283204225,0.0,-0.0019439582247287035,-0.012326343916356564,-0.028674665838479996,-0.09520010980393652,0.0846238178703286,0.025917529807705897,-0.05126835182444954,0.02577484647836467,0.393034199919852,0.0548482082960644,0.13071226520572451,-0.04554438729874776,-0.03990342260066529,0.11340250504739496,0.010033323699503634,-0.05390699296460052,0.12198192676600057,-0.3371685078990019,0.0,0.0,0.0,0.009975234985113539,-0.06313295537403664,-0.029948162213144204
22.1666,-3.9945731773506226,-1.875518088770423,1.0,-3.9870879650115967,-1.913461446762085,1.000694990158081,0.0025104154576399682,0.002925854638506072,-0.0008632938980485574,-0.9999921857187545,0.012706148707729913,-0.00470555316563399,0.0,0.0011079376563429832,-0.014131887815892696,-0.029489347711205482,-0.103735030241833,0.09317850065435368,0.028266071745455257,-0.06600317262884932,0.03664116436382413,0.3961342143878144,0.09325489407574536,-0.06239429877438003,-0.019162497495814432,-0.0005926537098942843,0.0615040754241985,0.0014141836545413346,-0.051730136185324065,0.11991282573337202,-0.3382959924684065,0.0,0.0,0.0,0.013998278572340376,-0.06337548944284246,-0.02957215017395258
22.1833,-3.994373610702978,-1.8755919835506092,1.0,-3.9875166416168213,-1.9137243032455444,1.0005919933319092,0.0025104154576399682,0.002925854638506072,-0.0008632938980485574,-0.9999921857187545,0.011240702241709201,-0.004161484518416887,0.0,0.0016187077853828669,-0.015171181410551071,-0.02892260253429413,-0.11260222825681952,0.10756762270708622,0.028857796960486404,-0.08186425483067719,0.05397891734913965,0.3975998317209091,0.030612080009609476,-0.06228817400297215,0.0339668428404041,0.008619554030208301,0.024958340774172885,0.011024323629089254,-0.04935072608888566,0.11719160230064582,-0.33921567572321853,0.0,0.0,0.0,0.018612752662743332,-0.06360289694269924,-0.02952635903720417
22.2,-3.9941977893757685,-1.8756570659973522,1.0,-3.988403797149658,-1.9142612218856812,1.0003865957260132,0.0022314944414492627,0.0023672581765073406,-0.0010718365044805143,-0.9999942087674829,0.009889542067329586,-0.003660209728918836,0.0,-0.002072668168693781,-0.012193623930215836,-0.027482420206069946,-0.08672292499513794,0.09323578627364829,0.021230812988497938,-0.0613761799564921,0.04176688058162445,0.39034349632550897,-0.22162860804889134,0.17877125710359437,0.08646792109821211,-0.05935391178801589,0.07036672499800666,0.03329665252615795,-0.04824113574299312,0.11535696866570616,-0.3396850713374816,0.0,0.0,0.0,0.02289439070434728,-0.06388806297368232,-0.02942761199952944
22.2166,-3.994043426941799,-1.8757141897205138,1.0,-3.988868474960327,-1.9144946336746216,1.0002952814102173,0.0018054222414660215,0.0026137538502422984,-0.001357718577929814,-0.9999940823269374,0.008645674314298404,-0.0031990339798050127,0.0,-0.002726068487390876,-0.010892211459577084,-0.025565650314092636,-0.0808512917825111,0.08733085174269647,0.010176920962513769,-0.05978859533821323,0.03780638038061626,0.3788166191979489,-0.03919788847062904,0.07807253749141828,0.11498820906516391,-0.053403485301983626,0.07264162168944091,0.05741349313804529,-0.04705897508745347,0.11362306489558183,-0.33962944979701215,0.0,0.0,0.0,0.025996278643155596,-0.06409859353350161,-0.029010248438423005
22.2333,-3.993909024675492,-1.8757639151753367,1.0,-3.9898533821105957,-1.914910912513733,1.0001592636108398,0.0015711481608375818,0.00322080231797042,-0.0016068064526292847,-0.9999923121593,0.007507601082998079,-0.0027773176053815375,0.0,-0.004519318230450153,-0.006559296511113644,-0.022799745202064514,-0.06521801359724134,0.06404801386903078,-0.005743727823991129,-0.04704845753005754,0.015419240767377801,0.3614589723562359,-0.1076289594080463,0.260056988108696,0.1660067094286164,-0.06941183636694978,0.12797006335028133,0.08947219540504679,-0.04624708677508049,0.11306685840541746,-0.3388422438494817,0.0,0.0,0.0,0.02807753070789669,-0.06443808530376448,-0.02836045633074534
22.25,-3.9937926735188376,-1.875806953332774,1.0,-3.9903652667999268,-1.9150899648666382,1.0001004934310913,0.0015711481608375818,0.00322080231797042,-0.0016068064526292847,-0.9999923121593,0.006469862527427654,-0.0023929665108811757,0.0,-0.004296770319342613,-0.005437302868813276,-0.023481016978621483,-0.06375277347505308,0.058745479389877675,-0.0013655959958294162,-0.049853169200446135,0.011157993440911354,0.3647303372169757,0.013353078418259327,0.06732064576955539,-0.040876930325875485,-0.04497812078242342,0.11006524675764154,0.050990751026514104,-0.045056634358643204,0.11232155112461915,-0.33867342142505064,0.0,0.0,0.0,0.031157030084036256,-0.06473406517565283,-0.02742251178775446
22.2666,-3.993692863003167,-1.8758438665887065,1.0,-3.991427421569824,-1.9154282808303833,0.9999322891235352,0.0019048220440022344,0.003039967724757699,-0.001800513368385339,-0.9999919749845119,0.005529746479812415,-0.0020449173492453686,0.0,-0.004659666679799557,-0.004596077371388674,-0.027340419590473175,-0.05574531343238309,0.05583497047864355,0.022634096916354984,-0.04574757131775987,0.009260442625380214,0.38910240321717615,-0.021786580445579982,0.050503198625186076,-0.23170027213586397,-0.038131554190431106,0.0924814415005815,-0.03246480591055027,-0.043802659196653077,0.11137589873147731,-0.34007871078608115,0.0,0.0,0.0,0.03380491708202985,-0.06480137087821397,-0.026389595514740027
22.2833,-3.9936077859451387,-1.8758753261547747,1.0,-3.9924840927124023,-1.9157747030258179,0.9997111558914185,0.0017944278820642816,0.0026845720391104584,-0.00196918505612594,-0.9999929022151791,0.004680992205239217,-0.0017308040647657317,0.0,-0.003134975442662835,-0.005418004468083382,-0.027607625350356102,-0.05883442752635122,0.06286472257626216,0.025352642429530725,-0.05358105630158585,0.017725560390705608,0.39263078370070414,0.0913234877715063,-0.04923045882065233,-0.01600465809128038,8.594031783575734e-05,0.050645498379299284,-0.027605469423114218,-0.04186861144623717,0.10971979409622078,-0.3414332757500233,0.0,0.0,0.0,0.0366152402214718,-0.06458063191066422,-0.02584486552115009
22.3,-3.993536123092462,-1.875901822048765,1.0,-3.9935505390167236,-1.916102409362793,0.9995080232620239,0.0012060752871226306,0.002471053182263015,-0.0022124145188822724,-0.9999937872989979,0.003921248286165643,-0.0014497173050880415,0.0,-0.0035576869267970324,-0.0034052557311952114,-0.023211201652884483,-0.05261096963816901,0.05388998347546656,0.016456717461941217,-0.05023301175906459,0.009773004797546489,0.3843471834635188,-0.025849999532145607,0.10078875794906893,0.0944618070408076,-0.007570823171336328,0.06544870510026825,0.00843102167987942,-0.040121849688122,0.10841855537407093,-0.3421134066887741,0.0,0.0,0.0,0.03774389180901758,-0.06430157669615086,-0.025777059312803514
22.3167,-3.9934765740299056,-1.8759238367459763,1.0,-3.994107723236084,-1.916257619857788,0.9994393587112427,0.0010728387269036937,0.0024170056113122385,-0.0025276729457437246,-0.9999933658305127,0.0032479495966042807,-0.001200676122748128,0.0,-0.00462537445127964,-0.002615482546389103,-0.021801304072141647,-0.03957566992963664,0.04898317665741364,-0.00809421771357055,-0.039316911629669535,0.005951937572994642,0.3597648902810245,-0.06427923945983091,0.04754763776949245,0.08488171129499913,-0.024312184150658188,0.06016398283655611,0.03100066258562422,-0.038761425638557556,0.1071027003496951,-0.3423313546707845,0.0,0.0,0.0,0.03850266733859045,-0.0640714612652761,-0.025527753323810545
22.3333,-3.993427489752014,-1.8759419811007536,1.0,-3.99523663520813,-1.9165444374084473,0.9993056654930115,0.0011204481609492728,0.002232872656772254,-0.002774822065411637,-0.9999931129494217,0.002653634457458272,-0.00098089551760818,0.0,-0.005432235077023506,-0.0018286670092493296,-0.0230571236461401,-0.02770827635952366,0.04587106630712587,0.00013231856018247612,-0.02983883971228717,0.004142695804437796,0.3680589871096106,-0.04839437651937652,0.047192100024131274,-0.07532230891605891,-0.031421687501397705,0.0563344459360815,-0.0003878219251831419,-0.037646534718479244,0.10580498109066279,-0.3430295527229432,0.0,0.0,0.0,0.03977709807124275,-0.06407661058797472,-0.024897115826484916
22.35,-3.9933877184491333,-1.8759566817770355,1.0,-3.99641752243042,-1.9168148040771484,0.999096155166626,0.0009375994093588866,0.0022499315113889747,-0.003067321194077226,-0.9999923543061485,0.0021354890622965078,-0.0007893156079042367,0.0,-0.006098166573792696,-0.0004604585119523108,-0.026280295103788376,-0.014778111165347718,0.0422484887382375,0.013885197981628572,-0.018778852397947417,0.0017474899645197745,0.382692628442964,-0.08449346140487819,0.044541745588719726,-0.1327651691468183,-0.04708944517974755,0.05285302525186089,-0.03946803435869555,-0.036976917033161985,0.1045224839246817,-0.3444434654254774,0.0,0.0,0.0,0.040977658265761684,-0.06402148515096398,-0.024363965035858016
22.3666,-3.9933559705660673,-1.8759684160668555,1.0,-3.99701189994812,-1.9169480800628662,0.9989715218544006,0.0009375994093588866,0.0022499315113889747,-0.003067321194077226,-0.9999923543061485,0.0016880209575198116,-0.0006238907858538812,0.0,-0.006382042542099953,-0.0007451903657056391,-0.026973193511366844,-0.009963623777731967,0.04161157866408716,0.025359928903660567,-0.017545447210720003,0.002423065594836682,0.3957973400202117,0.02742736267610675,0.020538359789987328,-0.10244817915640571,-0.025090721515959955,0.04331314537457696,-0.05806092422577415,-0.036023277793995015,0.10313049018531849,-0.3462507637990155,0.0,0.0,0.0,0.04360510122698305,-0.06394197711606801,-0.024186647317535646
22.3833,-3.9933310925686523,-1.875977610761269,1.0,-3.9981861114501953,-1.9171864986419678,0.9987248182296753,0.0004330630666707362,0.002282720318964339,-0.0032405868883055274,-0.9999920592782089,0.001306231850007201,-0.0004827622411474053,0.0,-0.004561551846563816,-0.0003340289113111794,-0.022827347740530968,-0.01327275528989759,0.04040905905780012,0.0017609167281511517,-0.024277434826496636,0.002423036230261688,0.3726057083635346,0.1091311943495598,0.024647497896359765,0.24852700520237822,0.014534041295424242,0.03780270507668765,0.0324494362178645,-0.03440397263954287,0.10169136053391933,-0.3463241864522809,0.0,0.0,0.0,0.045408652176141914,-0.0637053377063809,-0.024520605183102576
22.4,-3.993312070539866,-1.875984640886946,1.0,-3.998779296875,-1.9173133373260498,0.9986406564712524,0.00020546037118041564,0.001989680854529935,-0.0033837175858485893,-0.9999923121593,0.0009859609847018861,-0.00036438392771275625,0.0,-0.0048047639429569244,0.0004823201452381909,-0.020755674690008163,-0.007052440746201961,0.03620364341557247,-0.01020300007875452,-0.019243198407704616,-0.0005913768161906335,0.3600222333778453,-0.014592322210222152,0.04897958878626246,0.12429694540603946,0.00593540642996947,0.041102325433813675,0.05956449967772678,-0.03302522302097546,0.10037183764398262,-0.3457961795674846,0.0,0.0,0.0,0.04521598068247811,-0.06357681741221952,-0.024429053889115225
22.4167,-3.9932978973625035,-1.8759898788406966,1.0,-3.9999494552612305,-1.9175615310668945,0.9985101222991943,0.00031171969678887206,0.0016000427477830537,-0.003423967826176432,-0.9999928600683307,0.000721767030825795,-0.00026673894699598936,0.0,-0.0045488374307751656,-0.00045134866377338767,-0.01898162253201008,-0.0009093609078965961,0.043105835501243445,-0.020144894372301714,-0.013027515373726005,0.008000027297383,0.348788473096331,0.015329290878257766,-0.05592418165387362,0.1062608220278472,0.008708652816304181,0.012458327134618266,0.07335010752988523,-0.03167381823672277,0.09854112441390353,-0.3448880856428284,0.0,0.0,0.0,0.04379197270255218,-0.06343531621004309,-0.0240452818258043
22.4333,-3.993287712847425,-1.875993642637092,1.0,-4.0011491775512695,-1.9177919626235962,0.9983274340629578,0.0002647001128272868,0.0010899372999860523,-0.0033788285514212567,-0.9999937451521493,0.0005092569079558063,-0.0001881997619523554,0.0,-0.00677226297557354,0.0021124137565493584,-0.02235596440732479,0.02025209554842549,0.028946261982869592,0.0010703087333387984,0.009198323395016486,-0.005008568690557852,0.36972424415062477,-0.13350496981160437,0.1539404030551211,-0.20261142148511874,-0.03327540790016335,0.05422642189217753,-0.00811877973620332,-0.0312647508833735,0.09755653876154839,-0.345480199013046,0.0,0.0,0.0,0.042318523036782504,-0.06360170808812095,-0.023173736404239975
22.45,-3.9932806781062107,-1.8759962423641985,1.0,-4.0024027824401855,-1.917953372001648,0.9980871081352234,0.00018650350897362502,0.000977518360640243,-0.0034774100300882372,-0.9999935344179068,0.0003426837842838273,-0.00012663993721271656,0.0,-0.007742720656096935,0.006353394128382206,-0.02314085327088833,0.03165740644710906,0.01526497865119586,0.010576990109590234,0.019647301282736007,-0.018127890625310325,0.3797453228971632,-0.06488725843810861,0.1425905152276177,-0.08882456287948219,-0.04260780396616819,0.08031311732400237,-0.031944602024148734,-0.031235043592485655,0.09717196862872998,-0.3465567618744514,0.0,0.0,0.0,0.043245148756858705,-0.0637790993522238,-0.02261157091312155
22.4666,-3.9932760687743043,-1.875997945751766,1.0,-4.003023624420166,-1.9180138111114502,0.9979745745658875,0.00018650350897362502,0.000977518360640243,-0.0034774100300882372,-0.9999935344179068,0.0002166144864633717,-8.005000216282876e-05,0.0,-0.005732556339353323,0.00606941943988204,-0.02168433554470539,0.026868924778856343,0.00653660846505405,-0.0010681015288378504,0.012848774837757426,-0.026266153564275196,0.3683301224256594,0.12054789371577472,-0.017029727511402467,0.08734616498191333,0.005558740076090477,0.0515757303398015,0.0032722127390921,-0.03043434808254661,0.09633909652049522,-0.3469805625745396,0.0,0.0,0.0,0.044454498023645525,-0.06353633449116597,-0.02241766137995763
22.4833,-3.993273261092247,-1.8759989833298207,1.0,-4.004195690155029,-1.9181592464447021,0.997783899307251,6.189598091988104e-05,0.0010087915280304852,-0.003600183799800454,-0.9999930708025732,0.0001258011578291094,-4.648967281558164e-05,0.0,-0.0020837397314608097,0.0038852046709507704,-0.017672432586550713,0.012432560021970268,0.02054878270961394,-0.024112304733514556,-0.003583497577497513,-0.010928919335714923,0.3441239960150613,0.21902319991055455,-0.13110927716905188,0.2408177549194991,0.06857735022672823,-0.002356222911313162,0.07339999854145757,-0.028484294143820983,0.09457598997226956,-0.34597745537166996,0.0,0.0,0.0,0.044500351743288764,-0.0630982879269407,-0.022258845376905853
22.5,-3.9932717118389762,-1.8759995558538536,1.0,-4.004775047302246,-1.9182499647140503,0.997715175151825,-0.0001563127212206771,0.0006157903785379473,-0.0038212861670886412,-0.999992565040391,6.457683395209519e-05,-2.3864233911683307e-05,0.0,-0.0013309696223586798,0.0025404547341167927,-0.016782846301794052,0.01225205130693778,0.02931393097086535,-0.029030046356731454,-0.0045028657135124175,-0.00018368615399361188,0.33750632654170204,0.04516948039610157,-0.08069084462178111,0.05337904595851216,0.0616669192141978,-0.0254820350052693,0.06748944740499462,-0.026681381928748617,0.09238792568217094,-0.3449585102801962,0.0,0.0,0.0,0.043436298949198815,-0.06289030855731198,-0.02157786261823731
22.5167,-3.9932709745472357,-1.8759998283183092,1.0,-4.005923748016357,-1.9184274673461914,0.997539222240448,-0.0006064469902175972,4.174515694060198e-05,-0.003955144557959266,-0.9999919749845119,2.7200608957014507e-05,-1.005191599447636e-05,0.0,-0.0032076342031359673,0.0046555944718420506,-0.020147977396845818,0.030510730414426694,0.017834244502452717,-0.007877214756754292,0.013669898364142188,-0.01023331736309803,0.3581882883869142,-0.11225152958860986,0.12651577340207068,-0.2012832322594906,0.010323014324329735,0.01939049618423879,-0.011857160138261762,-0.02591478641075093,0.09107924795595722,-0.3453991884466837,0.0,0.0,0.0,0.042755618461035434,-0.06301168609040647,-0.020666314696984777
22.5333,-3.993270702183709,-1.8759999289695368,1.0,-4.007132053375244,-1.918525218963623,0.9972909092903137,-0.0007411589370886057,-0.00036960470948512033,-0.004013391502601273,-0.9999916378097238,8.037194518873154e-06,-2.970123506746001e-06,0.0,-0.005293120630085468,0.01012827455997467,-0.021879928186535835,0.04262384327107047,0.002324460907243975,0.004542062957361814,0.024964596433157,-0.025169066270771825,0.3710107177748412,-0.08091132823124382,0.16259823639721144,-0.1175887661580085,-0.01661103113840435,0.06166803858185188,-0.04307106275008888,-0.02579074131528362,0.09065805795489293,-0.3464733573067674,0.0,0.0,0.0,0.043449988153197096,-0.06316453077687713,-0.019995297510711944
22.55,-3.9932706396912483,-1.8759999520634554,1.0,-4.008338928222656,-1.9185802936553955,0.9970449209213257,-0.00035058806892959346,-0.00022761355632976176,-0.004186320022041485,-0.9999911741943902,9.81884972245669e-07,-3.628528998965313e-07,0.0,-0.003227662295103073,0.008346245624125004,-0.01987224444746971,0.051718345558905844,-0.00744711241026022,-0.002022640496854855,0.03072349697912735,-0.03414846677703602,0.36502676431072445,0.021737110330510536,-0.060096863064499975,0.06585590945828029,-0.0052899588666777304,0.025720814051675978,-0.010913829635912656,-0.025571843386763424,0.08962564308628042,-0.34697131097731465,0.0,0.0,0.0,0.046566691966541916,-0.06292428871950462,-0.020078093830264657
