timestamp,pos_des_x,pos_des_y,pos_des_z,pos_cur_x,pos_cur_y,pos_cur_z,quat_x,quat_y,quat_z,quat_w,vel_des_x,vel_des_y,vel_des_z,vel_cur_x,vel_cur_y,vel_cur_z,fb_acc_x,fb_acc_y,fb_acc_z,cmd_acc_x,cmd_acc_y,cmd_acc_z,a_meas_x,a_meas_y,a_meas_z,a_meas_filt_x,a_meas_filt_y,a_meas_filt_z,indi_dist_x,indi_dist_y,indi_dist_z,mbff_drag_x,mbff_drag_y,mbff_drag_z,nn_pred_x,nn_pred_y,nn_pred_z
0.0214,-5.3,-1.2609553156503189e-08,1.0,-5.302215099334717,0.02319367043673992,0.9949320554733276,0.00379538824576785,-0.012943089077630972,0.00426281655208891,-0.9998999262673641,1.4814013111284108e-14,-2.349649179066112e-06,0.0,-0.007593493442982435,-0.0010736002586781979,-0.010190559551119804,0.29484379546813044,0.13331502943178997,-0.02497409898167119,0.29484379546813044,0.13331502943178997,-0.02497409898167119,0.05316823442504405,0.02446535657166724,-0.27763600553566875,-0.040970185348435134,-0.012298357523267245,-0.2099985240556988,0.0,0.0,0.0,0.0,0.0,0.0,0.0,0.0,0.0
0.0333,-5.299999999999999,-7.340911143337263e-08,1.0,-5.302297115325928,0.023197494447231293,0.9949750900268555,0.00379538824576785,-0.012943089077630972,0.00426281655208891,-0.9998999262673641,3.227661570015778e-13,-8.793626586654048e-06,0.0,-0.0069322590716183186,-0.002052074298262596,-0.010144094005227089,0.29131374676030397,0.13839143729691622,-0.025348726671451216,0.29131374676030397,0.13839143729691622,-0.025348726671451216,0.05568441490483075,-0.08240006381008312,0.003912994920290728,-0.01243598074430698,-0.032993662506631584,-0.14684793387533657,0.0,0.0,0.0,0.0,0.0,0.0,0.0,0.0,0.0
0.05,-5.299999999999965,-3.703586102014992e-07,1.0,-5.30242919921875,0.023149296641349792,0.9950768947601318,0.0036566688086115758,-0.01353124670223923,0.003934745483280117,-0.9998940257085726,5.470652836604099e-12,-2.9542463363428294e-05,0.0,-0.00412370078265667,-0.006480233743786812,-0.00978456623852253,0.2751633049904461,0.16371473136411985,-0.02785080889152708,0.2751633049904461,0.16371473136411985,-0.02785080889152708,0.16850883696375185,-0.26568221887650734,0.021571069420801923,0.04098223667120568,-0.10168757732392344,-0.09712756581543174,0.0,0.0,0.0,0.0,0.0,0.0,0.0,0.0,0.0
0.0667,-5.2999999999996605,-1.165305376393064e-06,1.0,-5.302509784698486,0.022993020713329315,0.9951832294464111,0.004388442807337466,-0.014004842277877544,0.0037370346169155453,-0.9998853856046278,4.058276290184792e-11,-6.96517217271505e-05,0.0,-0.003695517545565963,-0.012301282025873661,-0.008838826790452003,0.27303894242570587,0.19744465293808933,-0.03389645201862207,0.27303894242570587,0.19744465293808933,-0.03389645201862207,0.025705727675695986,-0.34946319464324055,0.05677690903886066,0.03647233199856234,-0.174835468288013,-0.0516921518415905,0.0,0.0,0.0,0.0,0.0,0.0,0.0,0.0,0.0
0.0833,-5.29999999999799,-2.835087122153337e-06,1.0,-5.302560806274414,0.022882476449012756,0.995249330997467,0.005066945823723618,-0.014487415132248676,0.0034654403251113083,-0.9998762818853495,1.9194717858388933e-10,-0.00013540831044226014,0.0,-0.00528265256434679,-0.013256036676466465,-0.007573193870484829,0.2828595782108402,0.20122130059964385,-0.04166230893419082,0.2828595782108402,0.20122130059964385,-0.04166230893419082,-0.0951723723702928,-0.057251754925228035,0.07589353528078803,-0.002391590873892468,-0.1401226069610272,-0.014026525049189414,0.0,0.0,0.0,0.0,0.0,0.0,0.0,0.0,0.0
0.1,-5.299999999991428,-5.8556609958369556e-06,1.0,-5.302700519561768,0.022670401260256767,0.9954031109809875,0.004814949816476982,-0.014308396393198653,0.00304671138515557,-0.9998814659477163,6.81654639047969e-10,-0.00023281902402808678,0.0,-0.006944799330085516,-0.011324775405228138,-0.006074492819607258,0.29357607266230623,0.18763642136389366,-0.05127017032545039,0.29357607266230623,0.18763642136389366,-0.05127017032545039,-0.09971891560998111,0.11586418461780525,0.08991314527548919,-0.031124396041105798,-0.06455062727537426,0.016658365393257928,0.0,0.0,0.0,0.0,0.0,0.0,0.0,0.0,0.0
0.1166,-5.299999999970849,-1.079837415100219e-05,1.0,-5.302832126617432,0.022474873811006546,0.9955823421478271,0.0052993409122346555,-0.0138445650569802,0.0027951789932425426,-0.9998862706884466,1.985170583277465e-09,-0.0003676795331386601,0.0,-0.004218786023557186,-0.01288381777703762,-0.0058500925078988075,0.277925248695971,0.1943299090858091,-0.053365660387397595,0.277925248695971,0.1943299090858091,-0.053365660387397595,0.1637694585141658,-0.09366187773934341,0.01348119521313166,0.026411832005933358,-0.07314480049469653,0.015720406685195358,0.0,0.0,0.0,0.0,0.0,0.0,0.0,0.0,0.0
0.1333,-5.299999999915654,-1.8367986735542198e-05,1.0,-5.302856922149658,0.02235141210258007,0.9956613183021545,0.0052993409122346555,-0.0138445650569802,0.0027951789932425426,-0.9998862706884466,5.019227679405363e-09,-0.0005465190879609514,0.0,-0.0005983891896903515,-0.015653086826205254,-0.00672403909265995,0.25637473627517343,0.20729406672395534,-0.04837189149922777,0.25637473627517343,0.20729406672395534,-0.04837189149922777,0.21670322266600545,-0.16575794171792274,-0.05231112777032523,0.08258932858934206,-0.10048589252518433,-0.004363745735899845,0.0,0.0,0.0,0.0,0.0,0.0,0.0,0.0,0.0
0.15,-5.2999999997856735,-2.9279778075472018e-05,1.0,-5.302855968475342,0.02204803191125393,0.9958289861679077,0.006429465520389006,-0.01398323312766485,0.0028501806305492885,-0.9998775462908048,1.1327440310409425e-08,-0.000773738126019791,0.0,-0.0007968730060383677,-0.017861898988485336,-0.004819423425942659,0.2576086805607574,0.2171678705826124,-0.06049915370054576,0.2576086805607574,0.2171678705826124,-0.06049915370054576,-0.011931570447648088,-0.1327795807475671,0.1144932439392745,0.054685031583090835,-0.11001957953795802,0.030725010030875747,0.0,0.0,0.0,0.0,0.0,0.0,0.0,0.0,0.0
0.1667,-5.299999999505512,-4.447417148387473e-05,1.0,-5.302878379821777,0.021896762773394585,0.9959360957145691,0.006870564229464149,-0.014484348290475001,0.002926297838959971,-0.9998672624597682,2.3492551525031443e-08,-0.0010564581974389737,0.0,-0.002991549437865615,-0.016525620594620705,-0.0031871553510427475,0.2709373672206153,0.20431660638197938,-0.07069264112727863,0.2709373672206153,0.20431660638197938,-0.07069264112727863,-0.1314813405996022,0.08005538861750297,0.09778789783926811,-0.00027468415056089435,-0.05390597483358383,0.05052320025725042,0.0,0.0,0.0,0.0,0.0,0.0,0.0,0.0,0.0
0.1837,-5.299999998931382,-6.537945472705603e-05,1.0,-5.302971839904785,0.02162180095911026,0.9961857795715332,0.006872657083910518,-0.014100215327701632,0.0031310893758744163,-0.9998721093473469,4.600922890498872e-08,-0.0014074522056656289,0.0,-0.005515749100595713,-0.015586646273732185,-0.0009430449572391808,0.2866015188627542,0.19361824762077168,-0.08527542302557661,0.2866015188627542,0.19361824762077168,-0.08527542302557661,-0.14778008350112365,0.05497255450713269,0.13138216690170396,-0.043820974076273694,-0.02176304293935564,0.07439424511456182,0.0,0.0,0.0,0.0,0.0,0.0,0.0,0.0,0.0
0.2,-5.299999997906758,-9.15039327427374e-05,1.0,-5.303050518035889,0.02133060060441494,0.9964337944984436,0.007625979646754364,-0.013109026488574428,0.0033722536430537305,-0.9998793586052908,8.269141570670642e-08,-0.0018073849536641472,0.0,-0.001284305122680962,-0.019511353224515915,-0.0034257383085787296,0.26165725136801804,0.21174351123198198,-0.07150322746009691,0.26165725136801804,0.21174351123198198,-0.07150322746009691,0.25992915059085747,-0.2410869077694786,-0.15250689300376208,0.04585161453379089,-0.08651145654028422,0.007408881944959034,0.0,0.0,0.0,0.0,0.0,0.0,0.0,0.0,0.0
0.2167,-5.29999999606093,-0.00012552401349269813,1.0,-5.303062438964844,0.021138882264494896,0.9965412616729736,0.007625979646754364,-0.013109026488574428,0.0033722536430537305,-0.9998793586052908,1.43485620783746e-07,-0.0022861859895754975,0.0,-0.0014213270042091608,-0.023365601897239685,-0.0031782821752130985,0.2625921312321742,0.22803639871175713,-0.07340995948767498,0.2625921312321742,0.22803639871175713,-0.07340995948767498,-0.008217794034192464,-0.23115593944376922,0.014841013083577608,0.02988933686816156,-0.12921315164027403,0.009602982898233513,0.0,0.0,0.0,0.0,0.0,0.0,0.0,0.0,0.0
0.2334,-5.299999992934408,-0.00016811415254276759,1.0,-5.303122043609619,0.020695723593235016,0.9967692494392395,0.008057216157914084,-0.013446394394838546,0.0037347165402474413,-0.9998701705923154,2.3874665036658137e-07,-0.0028402920981016387,0.0,-0.005382045172154903,-0.02312011644244194,-0.002598012797534466,0.28670951737105815,0.2202035926007299,-0.07792390773222563,0.28670951737105815,0.2202035926007299,-0.07792390773222563,-0.23783043743289192,0.014740739083750894,0.034843610191481744,-0.04914643376727852,-0.08671533197399446,0.017054477412047415,0.0,0.0,0.0,0.0,0.0,0.0,0.0,0.0,0.0
0.25,-5.29999998783986,-0.00022054604619856308,1.0,-5.303267955780029,0.02031315490603447,0.9970468878746033,0.008057216157914084,-0.013446394394838546,0.0037347165402474413,-0.9998701705923154,3.831287668827101e-07,-0.0034743652961098217,0.0,-0.008786814287304878,-0.020712120458483696,0.0012665383983403444,0.30792645023350596,0.19828130792982435,-0.102401125004219,0.30792645023350596,0.19828130792982435,-0.102401125004219,-0.20460830602120494,0.14470760351744394,0.2322387354260692,-0.09504161991890178,-0.01839505157246718,0.08058080341898916,0.0,0.0,0.0,0.0,0.0,0.0,0.0,0.0,0.0
0.2667,-5.29999997978549,-0.0002843554789083421,1.0,-5.303353309631348,0.020148465409874916,0.9972096085548401,0.008204227328970368,-0.013232753007553586,0.003984057296037871,-0.9998709292355886,5.964382415626908e-07,-0.004195018417257863,0.0,-0.008539586327970028,-0.017509961500763893,0.001907311612740159,0.30693189440908825,0.16963464248166849,-0.10696631348490199,0.30693189440908825,0.16963464248166849,-0.10696631348490199,0.014827116488646763,0.19204455680908258,0.03842938767230039,-0.06260636079998483,0.04373056714239423,0.06813693506592496,0.0,0.0,0.0,0.0,0.0,0.0,0.0,0.0,0.0
0.2833,-5.299999967453012,-0.0003608156727539789,1.0,-5.303518772125244,0.01985003612935543,0.9975744485855103,0.008888949968962162,-0.0129388818014056,0.004253754979659103,-0.9998677682219503,9.029048313207815e-07,-0.0050047982103205825,0.0,-0.006425874307751656,-0.020100487396121025,0.0036291186697781086,0.29514388254700585,0.17554755665707922,-0.11904061306351649,0.29514388254700585,0.17554755665707922,-0.11904061306351649,0.1269936081885376,-0.15564098960049275,0.10344762611282605,-0.006632984531512287,-0.015127560431858086,0.07856129645591878,0.0,0.0,0.0,0.0,0.0,0.0,0.0,0.0,0.0
0.3,-5.299999949010755,-0.00045161596038543507,1.0,-5.303613662719727,0.01944943331182003,0.9979364275932312,0.008640862752642657,-0.013587224467142904,0.004402701942296552,-0.9998606875514005,1.3345041142431444e-06,-0.00590990663430727,0.0,-0.00553481001406908,-0.025404322892427444,0.004951793234795332,0.2903434351315184,0.1973365389811237,-0.1287177855547395,0.2903434351315184,0.1973365389811237,-0.1287177855547395,0.053476148338794376,-0.31830328717680895,0.07937871794917656,0.011112330139530505,-0.10463057627670785,0.07880261422119132,0.0,0.0,0.0,0.0,0.0,0.0,0.0,0.0,0.0
0.3167,-5.299999922048992,-0.0005583941483456295,1.0,-5.303670883178711,0.019214916974306107,0.9981337785720825,0.008640862752642657,-0.013587224467142904,0.004402701942296552,-0.9998606875514005,1.93062387693456e-06,-0.006914914160212589,0.0,-0.006348166149109602,-0.026722386479377747,0.005635037086904049,0.2955858029334293,0.193434428462537,-0.13374176242446195,0.2955858029334293,0.193434428462537,-0.13374176242446195,-0.04877490085676908,-0.07904092439557926,0.04097239783645254,-0.00656747504248263,-0.09707604332523703,0.06763444290071552,0.0,0.0,0.0,0.0,0.0,0.0,0.0,0.0,0.0
0.3333,-5.299999883447474,-0.0006827957899828642,1.0,-5.303792953491211,0.018746204674243927,0.9985437393188477,0.007754813013756801,-0.014363107612377348,0.004492896198109903,-0.9998567257476404,2.7392679913274377e-06,-0.008023681082631988,0.0,-0.007217573933303356,-0.026605691760778427,0.0070647019892930984,0.301495285957708,0.18113159709485174,-0.14432098790343956,0.301495285957708,0.18113159709485174,-0.14432098790343956,-0.05213692126154528,0.0069979858311172115,0.08573459750579052,-0.020020408464217126,-0.06635148769992867,0.07297793936662855,0.0,0.0,0.0,0.0,0.0,0.0,0.0,0.0,0.0
0.35,-5.299999829278746,-0.0008263685537664429,1.0,-5.303931713104248,0.018278466537594795,0.9989898800849915,0.007360408073747919,-0.014352527436312098,0.0045820789295589635,-0.9998594231459451,3.817264735503466e-06,-0.009238648765761798,0.0,-0.007590991910547018,-0.025106113404035568,0.0077810753136873245,0.3045200083212529,0.15955774054926808,-0.15081629476519082,0.3045200083212529,0.15955774054926808,-0.15081629476519082,-0.022427558038590964,0.09006497458294552,0.04302552445049044,-0.02073104301537086,-0.020174489124192303,0.06413543902660002,0.0,0.0,0.0,0.0,0.0,0.0,0.0,0.0,0.0
0.3667,-5.299999754336445,-0.0009912891389354426,1.0,-5.304012775421143,0.018062928691506386,0.9992199540138245,0.007575462368274756,-0.014283888659334077,0.0046852965615621096,-0.9998583694747324,5.237418489021628e-06,-0.010566882335308815,0.0,-0.009643935598433018,-0.02468266896903515,0.008816752582788467,0.3173416081052898,0.14214291443557264,-0.15815472130851843,0.3173416081052898,0.14214291443557264,-0.15815472130851843,-0.12315207485626224,0.025401603105021524,0.062128252871179505,-0.050967603620412215,-0.006719593678788393,0.063542880987073,0.0,0.0,0.0,0.0,0.0,0.0,0.0,0.0,0.0
0.3833,-5.299999652261379,-0.0011793872838561255,1.0,-5.304218769073486,0.017621876671910286,0.9996691942214966,0.007647909508142443,-0.015192505566055612,0.00472268081619131,-0.9998442502804812,7.083216199685363e-06,-0.012011686178219865,0.0,-0.01174415647983551,-0.025803130120038986,0.00620632991194725,0.3310831596501192,0.13406815538813277,-0.14472735142829946,0.3310831596501192,0.13406815538813277,-0.14472735142829946,-0.12592150557135914,-0.06717872216107268,-0.156511324975699,-0.07309536545008066,-0.02456823345154955,-0.001421142665060715,0.0,0.0,0.0,0.0,0.0,0.0,0.0,0.0,0.0
0.4,-5.299999515371079,-0.0013923058038024059,1.0,-5.3044586181640625,0.0171502772718668,1.000056505203247,0.007263466041633561,-0.015882769199537575,0.0045151075872751426,-0.9998372960504769,9.449969084793739e-06,-0.013574556349792682,0.0,-0.01403711922466755,-0.028658060356974602,0.0038783722557127476,0.3461639983128189,0.1355037047191598,-0.13269804223410914,0.3461639983128189,0.1355037047191598,-0.13269804223410914,-0.13770002451927896,-0.17144803792076516,-0.13980158511769253,-0.09216784162224465,-0.06792983633394646,-0.04227357853264125,0.0,0.0,0.0,0.0,0.0,0.0,0.0,0.0,0.0
0.4167,-5.299999333773373,-0.0016324540001311368,1.0,-5.304598808288574,0.016888132318854332,1.000231146812439,0.007263466041633561,-0.015882769199537575,0.0045151075872751426,-0.9998372960504769,1.2457351594168986e-05,-0.01526211145117548,0.0,-0.015065907500684261,-0.030141789466142654,0.002536154817789793,0.35317548903954477,0.1265522211154413,-0.12552565208200234,0.35317548903954477,0.1265522211154413,-0.12552565208200234,-0.0617149956556873,-0.08900600605700883,-0.08051699779387576,-0.08317760488947842,-0.0741519068569568,-0.05356373489459515,0.0,0.0,0.0,0.0,0.0,0.0,0.0,0.0,0.0
0.4333,-5.2999990957827885,-0.0019018065172150195,1.0,-5.304895401000977,0.016351081430912018,1.0005223751068115,0.006271392777232135,-0.015912092540116773,0.004078466236702247,-0.9998454725390881,1.623869754875155e-05,-0.017077121210917257,0.0,-0.016184072941541672,-0.030508963391184807,-0.0013139749644324183,0.3615237927015311,0.11115244201556683,-0.10389842834383783,0.3615237927015311,0.11115244201556683,-0.10389842834383783,-0.06708615172939107,-0.02202919599050194,-0.23099478959924688,-0.07842711380426841,-0.05876432993368477,-0.10594462524852033,0.0,0.0,0.0,0.0,0.0,0.0,0.0,0.0,0.0
0.45,-5.2999987875531716,-0.00220222293252667,1.0,-5.305185794830322,0.0158019308000803,1.0007638931274414,0.006179995689874992,-0.01657146582636279,0.0036505071369226406,-0.9998369588756888,2.0944551842020686e-05,-0.01902127058581914,0.0,-0.014082461595535278,-0.03222288191318512,-0.0035178656689822674,0.3505430413581694,0.10276481489027628,-0.09190811872276866,0.3505430413581694,0.10276481489027628,-0.09190811872276866,0.12618886355827869,-0.10291028878088584,-0.13233011134160177,-0.01802073740792825,-0.071797023865383,-0.11373410300525984,0.0,0.0,0.0,0.0,0.0,0.0,0.0,0.0,0.0
0.4667,-5.299998391046778,-0.0025368898875242634,1.0,-5.3053059577941895,0.015511435456573963,1.000869870185852,0.006179995689874992,-0.01657146582636279,0.0036505071369226406,-0.9998369588756888,2.676949283207549e-05,-0.021104164929104424,0.0,-0.012417328543961048,-0.033321116119623184,-0.0035863176453858614,0.3413509472596112,0.08816367706083725,-0.09205633467247593,0.3413509472596112,0.08816367706083725,-0.09205633467247593,0.09974683965194664,-0.06578777064469137,-0.00410049413632923,0.016746403843016545,-0.07002298248020394,-0.08136825783329843,0.0,0.0,0.0,0.0,0.0,0.0,0.0,0.0,0.0
0.4833,-5.299997888215074,-0.002906395575824161,1.0,-5.305530071258545,0.014896456152200699,1.0011281967163086,0.0060491600182960336,-0.01756841660066259,0.0032695839200811805,-0.9998220388913159,3.3886833479104724e-05,-0.023318778751335978,0.0,-0.013165156356990337,-0.03521132096648216,0.0019443948986008763,0.34718088906751865,0.0788032205968168,-0.12656978993375217,0.34718088906751865,0.0788032205968168,-0.12656978993375217,-0.04494042821835375,-0.11359114191561,0.3323660684303138,-0.0014646764657053092,-0.0828850994647822,0.04077367732987683,0.0,0.0,0.0,0.0,0.0,0.0,0.0,0.0,0.0
0.5,-5.299997253262626,-0.0033146556305891114,1.0,-5.305652618408203,0.014575671404600143,1.0013084411621094,0.0060491600182960336,-0.01756841660066259,0.0032695839200811805,-0.9998220388913159,4.255695215269836e-05,-0.025678018140755852,0.0,-0.014130616560578346,-0.03613686189055443,0.006043323315680027,0.3538358814006978,0.06091557921744156,-0.15210822540514185,0.3538358814006978,0.06091557921744156,-0.15210822540514185,-0.05789040162616155,-0.05549678341672623,0.24577772488161187,-0.018122581857128804,-0.07479956797605879,0.10129461913903787,0.0,0.0,0.0,0.0,0.0,0.0,0.0,0.0,0.0
0.5167,-5.2999964589601705,-0.003763528500986561,1.0,-5.305938243865967,0.013958622701466084,1.0017598867416382,0.005344087365190811,-0.017408691240062935,0.0027296827906566306,-0.9998304682610182,5.3031580997118906e-05,-0.028181791151440524,0.0,-0.01677764020860195,-0.03249118849635124,0.010189016349613667,0.37142864237672923,0.015828939088845695,-0.17929830790900608,0.37142864237672923,0.015828939088845695,-0.17929830790900608,-0.15873074379869898,0.21861551933662163,0.2485995693044535,-0.05963268123510002,0.011821928707801896,0.14478173280157508,0.0,0.0,0.0,0.0,0.0,0.0,0.0,0.0,0.0
0.5333,-5.299995473625888,-0.004255052991679996,1.0,-5.306230068206787,0.01338560227304697,1.0022317171096802,0.005126490430318652,-0.017695332615330035,0.0025468076149678756,-0.9998270543662887,6.559393453145323e-05,-0.030831007843317902,0.0,-0.015116216614842415,-0.03334534540772438,0.008892050012946129,0.36323850434840776,-0.0037352555806880183,-0.1739500330736075,0.36323850434840776,-0.0037352555806880183,-0.1739500330736075,0.09971118555668436,-0.05126266329932606,-0.07783809712464407,-0.012591459342548808,-0.006801795884536003,0.07906029006210949,0.0,0.0,0.0,0.0,0.0,0.0,0.0,0.0,0.0
0.55,-5.299994259857146,-0.004791715607748325,1.0,-5.306464672088623,0.012737711891531944,1.0026533603668213,0.005126490430318652,-0.017695332615330035,0.0025468076149678756,-0.9998270543662887,8.05700228754033e-05,-0.03362878694361552,0.0,-0.012166247703135014,-0.03915819153189659,0.006045851390808821,0.34707118538273646,0.005544930501554607,-0.15906945354409002,0.34707118538273646,0.005544930501554607,-0.15906945354409002,0.17709710597787193,-0.3489657880800389,-0.17086740711683795,0.04340807218242407,-0.10781486030039025,0.005277065788708159,0.0,0.0,0.0,0.0,0.0,0.0,0.0,0.0,0.0
0.5667,-5.299992770737427,-0.005377452745154158,1.0,-5.306568145751953,0.012374632060527802,1.0028475522994995,0.004433226797330577,-0.01831162556622509,0.0022851599794122407,-0.9998198894020419,9.836763551536658e-05,-0.03658508391032408,0.0,-0.011965231969952583,-0.04104093089699745,0.005276412237435579,0.34678563664898,-0.011563486898706343,-0.1555188296729409,0.34678563664898,-0.011563486898706343,-0.1555188296729409,0.012044070879105181,-0.1128063261574504,-0.04610176304944074,0.034148845740557904,-0.10928843225316506,-0.009890903563466405,0.0,0.0,0.0,0.0,0.0,0.0,0.0,0.0,0.0
0.5834,-5.299990955598927,-0.00601477534829929,1.0,-5.306791305541992,0.011607426218688488,1.0032174587249756,0.003562979986366652,-0.018362421738303828,0.0020851731832280253,-0.9998228818282862,0.00011939920784250063,-0.039701788007460485,0.0,-0.014847278594970703,-0.041684117168188095,0.005596783943474293,0.36564779916747764,-0.03547986390612451,-0.15939813512558315,0.36564779916747764,-0.03547986390612451,-0.15939813512558315,-0.17244931576957645,-0.03848550936559339,0.01916966957394753,-0.026842707645621428,-0.0883861153127356,-0.001311691217200651,0.0,0.0,0.0,0.0,0.0,0.0,0.0,0.0,0.0
0.6,-5.299988777451691,-0.0067000050214713214,1.0,-5.307060241699219,0.010890274308621883,1.003584384918213,0.002364899182616803,-0.018258870882779613,0.0018145061220910831,-0.9998288666807748,0.00014388894931861948,-0.04295165196359189,0.0,-0.015591561794281006,-0.038571834564208984,0.003690882120281458,0.3719649969989881,-0.08329432436036147,-0.1499162824747043,0.3719649969989881,-0.08329432436036147,-0.1499162824747043,-0.04486433272972895,0.18760396905808974,-0.11488505131535455,-0.03216302076161755,-0.006908797983686613,-0.03484062296103192,0.0,0.0,0.0,0.0,0.0,0.0,0.0,0.0,0.0
0.6167,-5.299986144402286,-0.007444608712180991,1.0,-5.30718994140625,0.010541385971009731,1.0037455558776855,0.002307121121664431,-0.017699001366784005,0.0016511870841113495,-0.999839361246054,0.0001726391010908055,-0.04637930931127792,0.0,-0.013682128861546516,-0.03915957361459732,0.001997394487261772,0.36172664042539365,-0.11231914759192269,-0.14068611679807758,0.36172664042539365,-0.11231914759192269,-0.14068611679807758,0.11451693983699149,-0.03524924930292414,-0.10156576754307571,0.011139584557519816,-0.015275417207163593,-0.054539105213869524,0.0,0.0,0.0,0.0,0.0,0.0,0.0,0.0,0.0
0.6333,-5.299982993480027,-0.008247774891924879,1.0,-5.307355880737305,0.009746046736836433,1.0040149688720703,0.001890541012438246,-0.01734798331459455,0.001598714257715329,-0.9998464840634523,0.0002060733313962903,-0.04997022392134757,0.0,-0.009754317812621593,-0.04720805585384369,-0.0010241485433652997,0.3396269057205456,-0.09576073278369648,-0.1240378438207142,0.3396269057205456,-0.09576073278369648,-0.1240378438207142,0.23551391107703964,-0.48259183213964063,-0.18117353603996011,0.07737898675922833,-0.15323576429473418,-0.09192390376097115,0.0,0.0,0.0,0.0,0.0,0.0,0.0,0.0,0.0
0.65,-5.299979245574304,-0.009111381455892412,1.0,-5.307445049285889,0.009315605275332928,1.0041396617889404,0.001890541012438246,-0.01734798331459455,0.001598714257715329,-0.9998464840634523,0.00024474782793461086,-0.053722981376447015,0.0,-0.013223900459706783,-0.045685362070798874,-0.000556092883925885,0.3616005340647322,-0.13985911041510304,-0.12760757173806608,0.3616005340647322,-0.13985911041510304,-0.12760757173806608,-0.20826453488372093,0.09140093917710197,0.028095423608005366,-0.006948201693741558,-0.08101453807007825,-0.056492004662298936,0.0,0.0,0.0,0.0,0.0,0.0,0.0,0.0,0.0
0.6667,-5.299974800525245,-0.010039784061713998,1.0,-5.307678699493408,0.008509117178618908,1.0043954849243164,-3.2434634107104886e-05,-0.0176285739829223,0.0017112884900878844,-0.9998431544624199,0.0002893835692666715,-0.057646642862215956,0.0,-0.01447605062276125,-0.04315687343478203,-0.0001559704396640882,0.37107633677753976,-0.18960110609877573,-0.13143402403808407,0.37107633677753976,-0.18960110609877573,-0.13143402403808407,-0.07508504328339004,0.15162053584193522,0.023993297235825224,-0.027063442705587804,-0.012336412251875671,-0.03273127246778035,0.0,0.0,0.0,0.0,0.0,0.0,0.0,0.0,0.0
0.6833,-5.299969566531128,-0.01103326557699557,1.0,-5.307899475097656,0.00768938148394227,1.0046584606170654,-0.001577153510523818,-0.01770283146164243,0.0019448663245353038,-0.9998402041830242,0.00034056219222997536,-0.06173276762151013,0.0,-0.012283477932214737,-0.047985486686229706,-0.0005962908617220819,0.35990972452787795,-0.1965414403349604,-0.13026210857039017,0.35990972452787795,-0.1965414403349604,-0.13026210857039017,0.13168446655378316,-0.2900033202789392,-0.026445353507067004,0.01980184163075091,-0.0943087585724757,-0.030875554299374778,0.0,0.0,0.0,0.0,0.0,0.0,0.0,0.0,0.0
0.7,-5.299963403626885,-0.01209893190187516,1.0,-5.307988166809082,0.007224399130791426,1.0047754049301147,-0.0018744547457416319,-0.017280605650349314,0.0021001774612979243,-0.9998467369445433,0.0003992765687632003,-0.06600074551443272,0.0,-0.01087052933871746,-0.0524832047522068,-0.0018725692061707377,0.35286131943409516,-0.20884555718023715,-0.12334857917598013,0.35286131943409516,-0.20884555718023715,-0.12334857917598013,0.0846498491286959,-0.2694586041279817,-0.07646192494264212,0.03894615870689418,-0.146016194290657,-0.04433348412047152,0.0,0.0,0.0,0.0,0.0,0.0,0.0,0.0,0.0
0.7167,-5.299956210153569,-0.013234706954501527,1.0,-5.308187961578369,0.0062020630575716496,1.004992127418518,-0.003790219988469081,-0.017506946080653958,0.0021875478782610014,-0.9998371696099314,0.00046608762870723456,-0.07043260199967863,0.0,-0.014876015484333038,-0.05517227575182915,-0.003252856433391571,0.378986773753069,-0.2306372684623053,-0.116316715234758,0.378986773753069,-0.2306372684623053,-0.116316715234758,-0.24055651659531208,-0.1614968892739014,-0.0828955775180236,-0.04356813966665757,-0.15058637839889938,-0.055717718912049075,0.0,0.0,0.0,0.0,0.0,0.0,0.0,0.0,0.0
0.7333,-5.299947823401254,-0.014446579961515452,1.0,-5.3084259033203125,0.005159542430192232,1.005143165588379,-0.007335606629032661,-0.018185129373681483,0.0024463716749663837,-0.9998047586834264,0.0005420673066673409,-0.07504242062787887,0.0,-0.014980487525463104,-0.056159574538469315,-0.00685429060831666,0.3820184354944097,-0.26410132736620556,-0.09563468822245907,0.3820184354944097,-0.26410132736620556,-0.09563468822245907,-0.006270212065708889,-0.05925578458588518,-0.21615119005244404,-0.03255710972409188,-0.12362391780573158,-0.10308061192360894,0.0,0.0,0.0,0.0,0.0,0.0,0.0,0.0,0.0
0.75,-5.299938089572997,-0.01573651407105253,1.0,-5.308553695678711,0.004630647134035826,1.0052075386047363,-0.007335606629032661,-0.018185129373681483,0.0024463716749663837,-0.9998047586834264,0.000628127696373513,-0.07982813089488186,0.0,-0.016352428123354912,-0.05751044303178787,-0.006281378213316202,0.3922339411108544,-0.29950710736776043,-0.09956756246590542,0.3922339411108544,-0.29950710736776043,-0.09956756246590542,-0.0823400720827073,-0.08107538277169636,0.03438461400872862,-0.04725395012297755,-0.11106281258067476,-0.062498364700735685,0.0,0.0,0.0,0.0,0.0,0.0,0.0,0.0,0.0
0.7667,-5.299926817271057,-0.01710922441427104,1.0,-5.308785915374756,0.0034564384259283543,1.0053050518035889,-0.008677231367004266,-0.017643746848386224,0.0024622188900064916,-0.9998036628653652,0.0007254377263843638,-0.08479766984914185,0.0,-0.011367155238986015,-0.06897104531526566,-0.010891460813581944,0.3649734045162494,-0.27265301840098843,-0.07257161699915399,0.3649734045162494,-0.27265301840098843,-0.07257161699915399,0.2988644159853639,-0.6870569149848493,-0.2763719611603825,0.054926517748216636,-0.2811067993718417,-0.1256377594611428,0.0,0.0,0.0,0.0,0.0,0.0,0.0,0.0,0.0
0.7833,-5.299913844916201,-0.018563752651211546,1.0,-5.308948040008545,0.0019836232531815767,1.0053201913833618,-0.00916050458345964,-0.017401213796447046,0.0022605462198818996,-0.9998041264806988,0.0008348328323446307,-0.0899383745822356,0.0,-0.012693563476204872,-0.08345956355333328,-0.012628764845430851,0.3753845247638474,-0.22764201115223384,-0.06240068818614303,0.3753845247638474,-0.22764201115223384,-0.06240068818614303,-0.0796483754241292,-0.8700088762902833,-0.10432191226789217,0.01519754958429673,-0.4549614561657799,-0.11934493176821577,0.0,0.0,0.0,0.0,0.0,0.0,0.0,0.0,0.0
0.8,-5.299898906347506,-0.020108813740419933,1.0,-5.309060096740723,0.001175113022327423,1.0053155422210693,-0.011370511463620815,-0.018217548202720455,0.001852564726296423,-0.9997677116035854,0.000957949011621436,-0.09527171544821204,0.0,-0.01487166527658701,-0.084617979824543,-0.01381085254251957,0.3908263653483248,-0.2676592881527767,-0.05546231874360613,0.3908263653483248,-0.2676592881527767,-0.05546231874360613,-0.13052565463773913,-0.0694196396679573,-0.07083818142689774,-0.027822603765312974,-0.3411424651754945,-0.10502485248286625,0.0,0.0,0.0,0.0,0.0,0.0,0.0,0.0,0.0
0.8166,-5.299881839595093,-0.0217400013281155,1.0,-5.309319019317627,-0.0004979211371392012,1.005276083946228,-0.013153668562226068,-0.018304860338494582,0.0014306326258538434,-0.9997449101585411,0.001095471858028294,-0.10077341954091715,0.0,-0.017216255888342857,-0.09010810405015945,-0.014900295063853264,0.4081800278950208,-0.2788495399707298,-0.04890395976526746,0.4081800278950208,-0.2788495399707298,-0.04890395976526746,-0.14090131934792888,-0.329936383304916,-0.06547151039502529,-0.06120550740726718,-0.3378342249875693,-0.09334798296031714,0.0,0.0,0.0,0.0,0.0,0.0,0.0,0.0,0.0
0.8333,-5.29986230926248,-0.023467935387317236,1.0,-5.309459209442139,-0.001378467190079391,1.0052582025527954,-0.013153668562226068,-0.018304860338494582,0.0014306326258538434,-0.9997449101585411,0.0012494052565346098,-0.10647031536009441,0.0,-0.0167402233928442,-0.09229972958564758,-0.0149422911927104,0.40821697944117974,-0.3155554145850602,-0.04873797464155244,0.40821697944117974,-0.3155554145850602,-0.04873797464155244,0.028541562432992638,-0.1314036702165678,-0.0025179691408762778,-0.03471053203379629,-0.2768921521742227,-0.06653330273062844,0.0,0.0,0.0,0.0,0.0,0.0,0.0,0.0,0.0
0.8501,-5.299839952385833,-0.02530147903639367,1.0,-5.309652805328369,-0.003295167814940214,1.0052192211151123,-0.01284439877448405,-0.0174597516531255,0.0009285793663920702,-0.9997646348836441,0.0014218194624837743,-0.11238123123414391,0.0,-0.00893703568726778,-0.10783354938030243,-0.014191818423569202,0.36478353637087746,-0.26895787877638644,-0.05322083111845016,0.36478353637087746,-0.26895787877638644,-0.05322083111845016,0.4656405276327396,-0.926951435522422,0.04478304884902117,0.11300224597166506,-0.46880153411017134,-0.033670681154047435,0.0,0.0,0.0,0.0,0.0,0.0,0.0,0.0,0.0
0.8667,-5.2998147545998755,-0.027220346886846294,1.0,-5.309805393218994,-0.00550364563241601,1.0052263736724854,-0.01317957734953138,-0.017717613480940867,0.000765218181563846,-0.9997558683391539,0.0016120344601801451,-0.1184323738339104,0.0,-0.01263638585805893,-0.11595779657363892,-0.010609167627990246,0.3903705496345061,-0.2665912413188516,-0.0749263496096671,0.3903705496345061,-0.2665912413188516,-0.0749263496096671,-0.22242258054400801,-0.48846849913990825,0.2154060573752867,0.013978706439939481,-0.47460758165090167,0.03986132457254812,0.0,0.0,0.0,0.0,0.0,0.0,0.0,0.0,0.0
0.8833,-5.299786252596614,-0.029239424166545788,1.0,-5.309903144836426,-0.0066504464484751225,1.005255937576294,-0.015008028974759557,-0.018694595704033486,0.0007967018774015021,-0.999712330644642,0.0018227397475543822,-0.12466353196487354,0.0,-0.013146585784852505,-0.11921028047800064,-0.00880468264222145,0.39679009620982564,-0.3004004139971618,-0.08607568783226155,0.39679009620982564,-0.3004004139971618,-0.08607568783226155,-0.030715280518874694,-0.19580746734606,0.10863439922132913,0.0007842245930814191,-0.3923006921248663,0.06016439321223234,0.0,0.0,0.0,0.0,0.0,0.0,0.0,0.0,0.0
0.9,-5.2997539370598945,-0.03137182196573715,1.0,-5.310090065002441,-0.009099943563342094,1.0053906440734863,-0.015419286727272226,-0.01832310877144691,0.0006955915878238548,-0.9997129628473698,0.0020567674913338813,-0.13110583417513308,0.0,-0.010164511390030384,-0.13324125111103058,-0.005224271677434444,0.3829780649146076,-0.264944165921584,-0.10841150516479386,0.3829780649146076,-0.264944165921584,-0.10841150516479386,0.17879419295700155,-0.841245300617531,0.2146682490601235,0.05333602084034642,-0.5248373461597792,0.10577675541060048,0.0,0.0,0.0,0.0,0.0,0.0,0.0,0.0,0.0
0.9167,-5.2997175597559885,-0.03361073048229319,1.0,-5.310199737548828,-0.011871537193655968,1.0055162906646729,-0.014474167357017717,-0.01743265649788906,0.00047600650708211085,-0.9997432242846006,0.0023149206899201052,-0.13772945385743496,0.0,-0.008219156414270401,-0.14748845994472504,-0.00801702868193388,0.37528008361542275,-0.22821999245729663,-0.0924669696893386,0.37528008361542275,-0.22821999245729663,-0.0924669696893386,0.11678656508530616,-0.8553105230011737,-0.16765911709558298,0.07206778122200289,-0.6223990682036293,0.025053488108730836,0.0,0.0,0.0,0.0,0.0,0.0,0.0,0.0,0.0
0.9333,-5.29967665444848,-0.03596216975842338,1.0,-5.310279846191406,-0.013330082409083843,1.0055712461471558,-0.014474167357017717,-0.01743265649788906,0.00047600650708211085,-0.9997432242846006,0.0025994729060059216,-0.14454370575885073,0.0,-0.012706518173217773,-0.1487378478050232,-0.008190574124455452,0.4063346833974042,-0.27780772587907043,-0.09188611340341707,0.4063346833974042,-0.27780772587907043,-0.09188611340341707,-0.26934213962706965,-0.07499123484881008,-0.010416610766467752,-0.028722667549807804,-0.46079427052281624,0.014582066614238916,0.0,0.0,0.0,0.0,0.0,0.0,0.0,0.0,0.0
0.95,-5.29963075950957,-0.038429488978861684,1.0,-5.310482025146484,-0.016331413760781288,1.0056300163269043,-0.014293093465194405,-0.017461472265288734,0.00017967201520200342,-0.9997454580675716,0.0029125242380441596,-0.15154958363911059,0.0,-0.010766283608973026,-0.1574147492647171,-0.012410606257617474,0.39976201477665296,-0.27687004891773226,-0.06704747075032286,0.39976201477665296,-0.27687004891773226,-0.06704747075032286,0.11639420446743996,-0.5205252299154712,-0.25315871184761934,0.014118485450680791,-0.4784279414711713,-0.06445990483337535,0.0,0.0,0.0,0.0,0.0,0.0,0.0,0.0,0.0
0.9667,-5.299579410405926,-0.04101440577026468,1.0,-5.310610294342041,-0.0195512343198061,1.0056365728378296,-0.014465825573735097,-0.018059166108280962,-0.00020432792158071552,-0.9997322661039878,0.0032560684657161687,-0.15874343028122945,0.0,-0.00817859172821045,-0.16848024725914001,-0.012122211046516895,0.38928171528232547,-0.2622341383728394,-0.0689984644622666,0.38928171528232547,-0.2622341383728394,-0.0689984644622666,0.15529942774510647,-0.6640920115041209,0.017307938236893316,0.05579768005783693,-0.5332393684293657,-0.04032054304312831,0.0,0.0,0.0,0.0,0.0,0.0,0.0,0.0,0.0
0.9833,-5.299522060236693,-0.04372105473123822,1.0,-5.310674667358398,-0.02123507671058178,1.0056545734405518,-0.013645040723676742,-0.017755862898417393,-0.00041076318558706706,-0.9997492091370891,0.003632520825522582,-0.16612832351713722,0.0,-0.010776280425488949,-0.17157301306724548,-0.010210762731730938,0.4099648633712042,-0.30490588131674085,-0.08074561061046209,0.4099648633712042,-0.30490588131674085,-0.08074561061046209,-0.1558882304916086,-0.18559798549210937,0.11470669898988453,-0.006695869836338471,-0.43060927815325845,0.005446332323305332,0.0,0.0,0.0,0.0,0.0,0.0,0.0,0.0,0.0
1.0,-5.299458109470294,-0.04655393080586523,1.0,-5.310844421386719,-0.02468247525393963,1.0057220458984375,-0.013609326537919823,-0.01766622972252488,-0.0004724240249585343,-0.9997512743326662,0.004044490431568708,-0.17370797808240557,0.0,-0.008451529778540134,-0.17963360249996185,-0.011626821011304855,0.4020397161482635,-0.31076127130415376,-0.07277746158622561,0.4020397161482635,-0.31076127130415376,-0.07277746158622561,0.1394093896101111,-0.4833730680697139,-0.08491741712894786,0.036437073198551925,-0.4461861133294456,-0.021230698143018922,0.0,0.0,0.0,0.0,0.0,0.0,0.0,0.0,0.0
1.0166,-5.299387044158702,-0.049512096000162376,1.0,-5.3108954429626465,-0.028362631797790527,1.0057363510131836,-0.014780957395414924,-0.01820214418813423,-0.0004329324279037894,-0.9997250168460439,0.004493897315007815,-0.18147161593354352,0.0,-0.003967897035181522,-0.1918308436870575,-0.01253423746675253,0.38098299079596143,-0.29234733517684863,-0.06759560420966976,0.38098299079596143,-0.29234733517684863,-0.06759560420966976,0.2691529805352798,-0.7322017675683412,-0.054472312419493345,0.10513906252116721,-0.5306231621264113,-0.031044230252727057,0.0,0.0,0.0,0.0,0.0,0.0,0.0,0.0,0.0
1.0333,-5.299308083198068,-0.05260407264526056,1.0,-5.310916900634766,-0.030277639627456665,1.0057545900344849,-0.014780957395414924,-0.01820214418813423,-0.0004329324279037894,-0.9997250168460439,0.004984206032460815,-0.18943330635677097,0.0,-0.006301203276962042,-0.1956082433462143,-0.01175834983587265,0.40113180486089994,-0.33516667510076986,-0.0725340076983923,0.40113180486089994,-0.33516667510076986,-0.0725340076983923,-0.13995246114753745,-0.22656965021164627,0.04653799041514129,0.03278356506139645,-0.4408610080556693,-0.008140540698594585,0.0,0.0,0.0,0.0,0.0,0.0,0.0,0.0,0.0
1.05,-5.299220662223208,-0.05582780436125867,1.0,-5.311044216156006,-0.034204669296741486,1.0057787895202637,-0.014715486711428681,-0.018595056372379643,-0.0002850812833276317,-0.9997187791124643,0.005517364823420714,-0.19757950150840398,0.0,-0.009988098405301571,-0.20287884771823883,-0.01594565436244011,0.4304026690773597,-0.3487063984877097,-0.04772379583489622,0.4304026690773597,-0.3487063984877097,-0.04772379583489622,-0.22122341255436181,-0.4362554004177277,-0.2512492936539727,-0.042203937356206755,-0.4395013485017215,-0.07991068800359895,0.0,0.0,0.0,0.0,0.0,0.0,0.0,0.0,0.0
1.0667,-5.299123869224282,-0.05919252907028294,1.0,-5.311142444610596,-0.038354672491550446,1.0056653022766113,-0.014876136503881412,-0.018714540876910633,8.597957096288133e-06,-0.9997142272528251,0.006097290689864997,-0.2059253008303644,0.0,-0.00577404024079442,-0.21670998632907867,-0.023491811007261276,0.41263429752571823,-0.3236588191375872,-0.0020683629296183725,0.41263429752571823,-0.3236588191375872,-0.0020683629296183725,0.25270997420183866,-0.8294300992250722,-0.4525303108289726,0.04486003963972192,-0.5546154426577958,-0.18991481123572634,0.0,0.0,0.0,0.0,0.0,0.0,0.0,0.0,0.0
1.0833,-5.299017152836042,-0.06269308308965342,1.0,-5.311173439025879,-0.04052416607737541,1.0055676698684692,-0.015542253450525298,-0.01861685320777711,0.00039795054363994106,-0.9997058821768199,0.006725566477976191,-0.2144498577743788,0.0,-0.00561184249818325,-0.22182799875736237,-0.024671904742717743,0.41936448840738605,-0.36253287298329484,0.005314902793928711,0.41936448840738605,-0.36253287298329484,0.005314902793928711,0.009738700192181059,-0.30729643838754006,-0.0708553578074897,0.03449157830274271,-0.4816023522115574,-0.15476628446850524,0.0,0.0,0.0,0.0,0.0,0.0,0.0,0.0,0.0
1.1,-5.298899385789374,-0.06634188338344554,1.0,-5.311294078826904,-0.044983409345149994,1.005380392074585,-0.016357953102211078,-0.018830010811802893,0.000991378170673351,-0.9996884333815365,0.007407013368641855,-0.22317537154524672,0.0,-0.009923772886395454,-0.22715917229652405,-0.022651728242635727,0.4539640208822291,-0.3906041842575849,-0.006049244312704316,0.4539640208822291,-0.3906041842575849,-0.006049244312704316,-0.25852745833095087,-0.31963752215678426,0.12112233939905083,-0.05201299698184467,-0.43378737405898277,-0.07331892013447085,0.0,0.0,0.0,0.0,0.0,0.0,0.0,0.0,0.0
1.1166,-5.298769975163021,-0.0701326342497986,1.0,-5.311412811279297,-0.04952875152230263,1.005231499671936,-0.016606258296762724,-0.01929430609262722,0.0014617791469034044,-0.9996749042431644,0.008143157025020501,-0.23207880238286568,0.0,-0.007201814092695713,-0.23493658006191254,-0.019729265943169594,0.446938344679359,-0.40528700040656307,-0.023013782094222945,0.446938344679359,-0.40528700040656307,-0.023013782094222945,0.16346500180765156,-0.46706584147074826,0.17550607532000803,0.011600046670879063,-0.44361178588781386,0.00013876643518060533,0.0,0.0,0.0,0.0,0.0,0.0,0.0,0.0,0.0
1.1333,-5.298627647540945,-0.07407784071465438,1.0,-5.311446189880371,-0.051896583288908005,1.0051778554916382,-0.016606258296762724,-0.01929430609262722,0.0014617791469034044,-0.9996749042431644,0.008939240052167232,-0.2411816022700622,0.0,-0.004429034423083067,-0.24310749769210815,-0.01925882324576378,0.439822543568235,-0.43046871977688894,-0.02574089634141613,0.439822543568235,-0.43046871977688894,-0.02574089634141613,0.1662860615590014,-0.4900171935543831,0.028212866748166258,0.05726618554734456,-0.4573115104081801,0.00842675397336799,0.0,0.0,0.0,0.0,0.0,0.0,0.0,0.0,0.0
1.15,-5.298471643149806,-0.0781734707309109,1.0,-5.311491966247559,-0.05687204748392105,1.0051114559173584,-0.016762511893034352,-0.019609662560302332,0.0018872094357723626,-0.999665463349098,0.009797403031688818,-0.2504664555925607,0.0,-0.006470723543316126,-0.2591739594936371,-0.015751799568533897,0.46231541916553465,-0.39701831840243496,-0.04662136617618101,0.46231541916553465,-0.39701831840243496,-0.04662136617618101,-0.1225417824869065,-0.9643059013766063,0.2104908765848144,0.004183586934367593,-0.6069855212377846,0.06807977620552845,0.0,0.0,0.0,0.0,0.0,0.0,0.0,0.0,0.0
1.1667,-5.298299990014206,-0.08244482948750845,1.0,-5.3115410804748535,-0.05945812910795212,1.0050971508026123,-0.018449402214600123,-0.019945752478630646,0.0018141268004544936,-0.9996292170593786,0.010726199015383941,-0.25998189963604323,0.0,-0.008320986293256283,-0.2627922594547272,-0.016004353761672974,0.4844288178643337,-0.4524975635641225,-0.04520517862773771,0.4844288178643337,-0.4524975635641225,-0.04520517862773771,-0.11052258645520316,-0.21613355740062948,-0.015085934495919792,-0.02967977199814239,-0.4915988776964406,0.04352773834096059,0.0,0.0,0.0,0.0,0.0,0.0,0.0,0.0,0.0
1.1833,-5.298113579772806,-0.08684539324283956,1.0,-5.311677932739258,-0.06472693383693695,1.0051040649414062,-0.01946602095569824,-0.020360058757147862,0.0018054866965097796,-0.999601610873604,0.011718554537561678,-0.2696170986449048,0.0,-0.009217013604938984,-0.26914262771606445,-0.012989101931452751,0.5019203937747557,-0.4793838243589145,-0.06350092591391215,0.5019203937747557,-0.4793838243589145,-0.06350092591391215,-0.053910531006139545,-0.38207733245352304,0.18141615234823272,-0.036833134936231304,-0.4592661157551269,0.08423491841839606,0.0,0.0,0.0,0.0,0.0,0.0,0.0,0.0,0.0
1.2,-5.2979096701968835,-0.09141635375456374,1.0,-5.311807632446289,-0.07017000764608383,1.005164623260498,-0.019794825149180552,-0.02052660384003606,0.001849066537870033,-0.9995916642173555,0.012786776833768016,-0.2794557432844367,0.0,-0.00695821875706315,-0.2828703224658966,-0.010800883173942566,0.5012471647122505,-0.46315256358088414,-0.07710497713345715,0.5012471647122505,-0.46315256358088414,-0.07710497713345715,0.13569087044907693,-0.8246533994070552,0.13145120647799372,0.01409910476978056,-0.5671351202738067,0.09817402965169185,0.0,0.0,0.0,0.0,0.0,0.0,0.0,0.0,0.0
1.2167,-5.29768720924414,-0.09615515598426146,1.0,-5.311863899230957,-0.07595812529325485,1.005221962928772,-0.02000059705307221,-0.020733454851422112,0.002011163317242939,-0.9995829819665621,0.013933803859749393,-0.28948402674625223,0.0,-0.005375998094677925,-0.30135446786880493,-0.010888254269957542,0.5050911515600285,-0.4185541005153157,-0.07704143448286344,0.5050911515600285,-0.4185541005153157,-0.07704143448286344,0.09497680725208593,-1.1095576975369599,-0.005244671582728665,0.03797568078887104,-0.7272681792380886,0.0676429388067277,0.0,0.0,0.0,0.0,0.0,0.0,0.0,0.0,0.0
1.2333,-5.297444650801742,-0.10106862511930102,1.0,-5.311902046203613,-0.07897738367319107,1.0052541494369507,-0.02000059705307221,-0.020733454851422112,0.002011163317242939,-0.9995829819665621,0.015164926409702613,-0.2997082536851278,0.0,-0.006687436252832413,-0.30705851316452026,-0.010403184220194817,0.5270838002382858,-0.4664990451025397,-0.080288080803042,0.5270838002382858,-0.4664990451025397,-0.080288080803042,-0.07861663802221047,-0.34193977160661454,0.029078440550545256,0.0035554972538123716,-0.6135121904457407,0.05625799405692753,0.0,0.0,0.0,0.0,0.0,0.0,0.0,0.0,0.0
1.25,-5.29718118280786,-0.10614764735120522,1.0,-5.312007904052734,-0.08514807373285294,1.0053656101226807,-0.021404716244864782,-0.021798853856962452,0.002169129705461765,-0.9995308884618027,0.016481517722991935,-0.3101018051918228,0.0,-0.007999653927981853,-0.3162052631378174,-0.007016530726104975,0.550306169370248,-0.47975873961066506,-0.10134404612143838,0.550306169370248,-0.47975873961066506,-0.10134404612143838,-0.07878272346158802,-0.5491511716122014,0.20332738290140423,-0.020752250442383928,-0.59451164132429,0.09967556571203956,0.0,0.0,0.0,0.0,0.0,0.0,0.0,0.0,0.0
1.2667,-5.296894949618786,-0.11140269380488306,1.0,-5.312119960784912,-0.09149286895990372,1.0055595636367798,-0.02262546373898908,-0.022808032897276793,0.002527082889864788,-0.9994806072715292,0.017890011959446984,-0.3206787314587673,0.0,-0.007305758539587259,-0.3272363543510437,-0.0016547578852623701,0.5624746412909245,-0.48271673329383064,-0.13466973488506367,0.5624746412909245,-0.48271673329383064,-0.13466973488506367,0.04164150694106622,-0.661989211926973,0.3217665151009772,-0.0023324728577206293,-0.6144322534909251,0.16524087325025877,0.0,0.0,0.0,0.0,0.0,0.0,0.0,0.0,0.0
1.2833,-5.2965844513520715,-0.116835476714673,1.0,-5.312150478363037,-0.09477967023849487,1.0056824684143066,-0.022247728618428827,-0.022708823743375642,0.0028754265928073296,-0.9994904274872323,0.01939479403413562,-0.3314348115367254,0.0,-0.003216521581634879,-0.3373871147632599,-0.0027451314963400364,0.5548552654380705,-0.5081482110631728,-0.1289313675087112,0.5548552654380705,-0.5081482110631728,-0.1289313675087112,0.24543871624171806,-0.6092553769980396,-0.06544494781753982,0.0708141108149238,-0.6129039449296023,0.09713820249923627,0.0,0.0,0.0,0.0,0.0,0.0,0.0,0.0,0.0
1.3,-5.296247762904255,-0.12245353853507035,1.0,-5.312161445617676,-0.10168521106243134,1.0059303045272827,-0.02228207585100282,-0.023174216961951384,0.003118866789806262,-0.9994782891948611,0.021002051192358755,-0.3423771841198326,0.0,-0.004099175799638033,-0.35755598545074463,-0.0013589380541816354,0.5780224006888588,-0.4573033869713426,-0.13868550977833932,0.5780224006888588,-0.4573033869713426,-0.13868550977833932,-0.05292599061012309,-1.2093721854493988,0.08311936838580608,0.03428377120826287,-0.7889922715095998,0.09299958643899932,0.0,0.0,0.0,0.0,0.0,0.0,0.0,0.0,0.0
1.3168,-5.295881295681435,-0.12828816605203242,1.0,-5.312193870544434,-0.10524100810289383,1.0060622692108154,-0.02228207585100282,-0.023174216961951384,0.003118866789806262,-0.9994782891948611,0.022725419901682208,-0.35355747855868264,0.0,-0.008063485845923424,-0.36606302857398987,0.0013960235519334674,0.6209826792365603,-0.49567301396337304,-0.1560784270693159,0.6209826792365603,-0.49567301396337304,-0.1560784270693159,-0.23639793400877204,-0.5072881271592476,0.16428261774563885,-0.04562641557041765,-0.705828059235573,0.11404364015994363,0.0,0.0,0.0,0.0,0.0,0.0,0.0,0.0,0.0
1.3333,-5.295489593084911,-0.1342433755900743,1.0,-5.3123064041137695,-0.11248501390218735,1.0063672065734863,-0.024109819293930725,-0.02486562473420579,0.0034379184330337095,-0.9993941640852334,0.024540380571399876,-0.36478577676791035,0.0,-0.008699072524905205,-0.3702734708786011,0.0013161636888980865,0.6452909883211971,-0.5420077651530457,-0.1573351381511668,0.6452909883211971,-0.5420077651530457,-0.1573351381511668,-0.0383260311686818,-0.2538906939632244,-0.00481556914428095,-0.043471208661878626,-0.5724078886990334,0.07895422911810303,0.0,0.0,0.0,0.0,0.0,0.0,0.0,0.0,0.0
1.35,-5.295064946591514,-0.1404131720380967,1.0,-5.312448024749756,-0.11993476003408432,1.0067007541656494,-0.024978657519351105,-0.025934545820990463,0.0037073632355638358,-0.9993447258319301,0.026479421215388068,-0.37623368453295203,0.0,-0.00926974881440401,-0.3828081786632538,0.0026032929308712482,0.6706256415834151,-0.5396545472304062,-0.16694885965007528,0.6706256415834151,-0.5396545472304062,-0.16694885965007528,-0.034263646880099634,-0.7525891809098457,0.07727978654019582,-0.04075296813221946,-0.6256006994323828,0.07845990306439558,0.0,0.0,0.0,0.0,0.0,0.0,0.0,0.0,0.0
1.3667,-5.294606648412769,-0.1467798286808483,1.0,-5.312507629394531,-0.12376898527145386,1.0068659782409668,-0.023928555329698797,-0.026277091986197945,0.0040403654856484405,-0.9993601094316366,0.028541941166157193,-0.3878594635262128,0.0,-0.006524628959596157,-0.3928788900375366,0.0014810583088546991,0.6769093459207288,-0.5721263031008839,-0.16127032997719765,0.6769093459207288,-0.5721263031008839,-0.16127032997719765,0.16478513836014427,-0.6045286380810625,-0.06736594292509875,0.01992563763750457,-0.6193798417758017,0.035409447988992024,0.0,0.0,0.0,0.0,0.0,0.0,0.0,0.0,0.0
1.3833,-5.294112834027814,-0.1533427701770067,1.0,-5.312580585479736,-0.1317317932844162,1.0071295499801636,-0.02404881181302927,-0.027632686428817388,0.004137008209283904,-0.9993202806597937,0.030732514008825623,-0.3996543204234362,0.0,-0.006039592903107405,-0.409893274307251,-0.0025311079807579517,0.6981166644587714,-0.5441208292222001,-0.13875286617230925,0.6981166644587714,-0.5441208292222001,-0.13875286617230925,0.029099277261056756,-1.020761814852958,-0.24070610363296,0.022633863726041214,-0.7378751365075726,-0.04610490956582361,0.0,0.0,0.0,0.0,0.0,0.0,0.0,0.0,0.0
1.4,-5.2935817103202325,-0.16009985720374023,1.0,-5.312689304351807,-0.1399620771408081,1.0073646306991577,-0.0258826012707669,-0.029722937154838033,0.003960960823053897,-0.9992152085664561,0.03305519272811486,-0.4116070357890401,0.0,-0.008984819985926151,-0.41963696479797363,-0.0018138712039217353,0.7414174380757766,-0.5601340809878051,-0.1444770409267005,0.7414174380757766,-0.5601340809878051,-0.1444770409267005,-0.17681243715648526,-0.5849483296596342,0.04305826985989251,-0.03624632968437248,-0.6927283479985836,-0.019782309314812722,0.0,0.0,0.0,0.0,0.0,0.0,0.0,0.0,0.0
1.4167,-5.293010022974009,-0.16706599990763776,1.0,-5.312763690948486,-0.1441321074962616,1.0074855089187622,-0.0258826012707669,-0.029722937154838033,0.003960960823053897,-0.9992152085664561,0.03552010754381809,-0.42373631014737534,0.0,-0.010183736681938171,-0.42267411947250366,-0.000668634835164994,0.7755028548657408,-0.6386864407614466,-0.15220258826412986,0.7755028548657408,-0.6386864407614466,-0.15220258826412986,-0.07187132639315677,-0.18206797490245402,0.06865335776039955,-0.046763479850491924,-0.5419720722397066,0.006325515993185505,0.0,0.0,0.0,0.0,0.0,0.0,0.0,0.0,0.0
1.4333,-5.292396890822948,-0.1742258001532742,1.0,-5.312952518463135,-0.1526099592447281,1.007752776145935,-0.026630737301702002,-0.031160942351094813,0.0038695443086337673,-0.9991521147342353,0.03812685381032931,-0.43600789849570176,0.0,-0.011880316771566868,-0.4351220428943634,-0.001894423388876021,0.8145703063637192,-0.6408472326377687,-0.14644244125584122,0.8145703063637192,-0.6408472326377687,-0.14644244125584122,-0.1018648475635942,-0.7473893095895902,-0.07359791909163542,-0.06303041071744603,-0.6026149952293786,-0.01726934284849676,0.0,0.0,0.0,0.0,0.0,0.0,0.0,0.0,0.0
1.45,-5.291738426388485,-0.18159857060979173,1.0,-5.31304407119751,-0.15694685280323029,1.0078535079956055,-0.026677061298027032,-0.031872687377154915,0.0038782687062755387,-0.9991283860585237,0.04088761284424394,-0.4484475257251005,0.0,-0.010857813060283661,-0.44252651929855347,-0.004547779448330402,0.8383820967108764,-0.6959226609071397,-0.13128782988424176,0.8383820967108764,-0.6959226609071397,-0.13128782988424176,0.06133097953937678,-0.44412923477340654,-0.1591514283980973,-0.02631665529200668,-0.5558271020112413,-0.05915552775976197,0.0,0.0,0.0,0.0,0.0,0.0,0.0,0.0,0.0
1.4667,-5.291032480412982,-0.1891815581406674,1.0,-5.3131585121154785,-0.16589714586734772,1.0079487562179565,-0.027948148345931845,-0.033290700973146736,0.004002854790473722,-0.9990468740535036,0.04380680800327116,-0.46104270656696117,0.0,-0.003940158523619175,-0.4616192877292633,-0.0122483866289258,0.8285223916093574,-0.6595706910317076,-0.08582555297188149,0.8285223916093574,-0.6595706910317076,-0.08582555297188149,0.41479858316416246,-1.1448466025246966,-0.4617462365437676,0.10390862560642435,-0.7297164243966432,-0.17800766336492302,0.0,0.0,0.0,0.0,0.0,0.0,0.0,0.0,0.0
1.4833,-5.290277633951658,-0.19696431095959926,1.0,-5.313172817230225,-0.1751842349767685,1.0079660415649414,-0.029115517432643543,-0.03518689674263885,0.004053978917717416,-0.9989483768685337,0.0468857071638955,-0.47376894761126986,0.0,-0.00262048258446157,-0.4770660698413849,-0.011848351918160915,0.8533390774639973,-0.6449528334586747,-0.08857746413867856,0.8533390774639973,-0.6449528334586747,-0.08857746413867856,0.07925772971795036,-0.9277102395578275,0.02402547628764122,0.0966312305821455,-0.7881678174742351,-0.11836378786851719,0.0,0.0,0.0,0.0,0.0,0.0,0.0,0.0,0.0
1.5,-5.289469428878885,-0.2049668059865331,1.0,-5.313150882720947,-0.1847476363182068,1.0079764127731323,-0.030622940628667415,-0.03755252658038719,0.004209500788722637,-0.9988164572326945,0.050137699974052,-0.48665158659510865,0.0,-0.0007869098917581141,-0.49051526188850403,-0.010731237009167671,0.8766143889177356,-0.6427428470257908,-0.09559787839545036,0.8766143889177356,-0.6427428470257908,-0.09559787839545036,0.1100191879960069,-0.806986924551515,0.06702983507267317,0.10058360030978883,-0.7937235618506334,-0.06363220183492055,0.0,0.0,0.0,0.0,0.0,0.0,0.0,0.0,0.0
1.5167,-5.288604692782076,-0.21319328283298866,1.0,-5.313136100769043,-0.18963420391082764,1.0080143213272095,-0.031962232801991744,-0.03789347647486636,0.00435663543687419,-0.9987610341269028,0.05357043399301556,-0.4996893664625304,0.0,-0.0008848605793900788,-0.4971480667591095,-0.00646699545904994,0.913310791094369,-0.7067044657765322,-0.12164022826148196,0.913310791094369,-0.7067044657765322,-0.12164022826148196,-0.00587234260427238,-0.3976501193522105,0.25564993911786565,0.06915586020765573,-0.6767954423726419,0.030625721869885755,0.0,0.0,0.0,0.0,0.0,0.0,0.0,0.0,0.0
1.5333,-5.287682719787757,-0.22162446944582542,1.0,-5.313072204589844,-0.19957630336284637,1.0081554651260376,-0.03215007208618169,-0.03856029625313639,0.004368267967063201,-0.9987294239905196,0.05718159254397152,-0.5128443789343387,0.0,0.0032694265246391296,-0.5104675889015198,-0.005760264582931995,0.9260117786516406,-0.7067187539003875,-0.12685798276034005,0.9260117786516406,-0.7067187539003875,-0.12685798276034005,0.2494394453800516,-0.7997555615999083,0.04243485184277207,0.12237886969292944,-0.7130955169783537,0.034111992879854516,0.0,0.0,0.0,0.0,0.0,0.0,0.0,0.0,0.0
1.55,-5.286698053454753,-0.23028426867481633,1.0,-5.312995433807373,-0.20464634895324707,1.0082106590270996,-0.03215007208618169,-0.03856029625313639,0.004368267967063201,-0.9987294239905196,0.06098725865731246,-0.5261465264530009,0.0,0.006528325844556093,-0.5169170498847961,-0.006899806670844555,0.9459456614911244,-0.77415911437327,-0.12057043117802207,0.9459456614911244,-0.77415911437327,-0.12057043117802207,0.1955033819601379,-0.3869071457177184,-0.06836183330711139,0.14396656225119547,-0.6167987478576952,0.003859846418900619,0.0,0.0,0.0,0.0,0.0,0.0,0.0,0.0,0.0
1.5667,-5.285648785204716,-0.23916291898000283,1.0,-5.312740802764893,-0.21506570279598236,1.0082732439041138,-0.03175574551296925,-0.04120728758555908,0.004413407241818359,-0.9986361530147649,0.06498926803757393,-0.5395730311392557,0.0,0.011956870555877686,-0.5363755226135254,-0.011236156336963177,0.9539061309581354,-0.7383496565677775,-0.0951409689803438,0.9539061309581354,-0.7383496565677775,-0.0951409689803438,0.3257875602294352,-1.1677767602913192,-0.2602407925424602,0.19764344409689494,-0.7794575276567008,-0.07410748931533225,0.0,0.0,0.0,0.0,0.0,0.0,0.0,0.0,0.0
1.5833,-5.284530787699159,-0.2482691134115424,1.0,-5.312424659729004,-0.22578921914100647,1.0082849264144897,-0.032733805938057574,-0.042665394029741406,0.004392333817562917,-0.998543429948041,0.06919769169945457,-0.5531294156097701,0.0,0.013767397962510586,-0.5504134893417358,-0.009779417887330055,0.9852977262574203,-0.7351623839026749,-0.10421597222990725,0.9852977262574203,-0.7351623839026749,-0.10421597222990725,0.10863330201061455,-0.8422908560311284,0.08740564068222133,0.17136602326563322,-0.7980070746321818,-0.026425861275619567,0.0,0.0,0.0,0.0,0.0,0.0,0.0,0.0,0.0
1.6,-5.283339586287126,-0.25761227739843884,1.0,-5.312260150909424,-0.231256902217865,1.0083039999008179,-0.03349601720539791,-0.043336360004233694,0.004483581744588966,-0.9984888497792194,0.0736233944864361,-0.5668215592688478,0.0,0.013414540328085423,-0.5557786226272583,-0.009039764292538166,1.0325668358775206,-0.8120782535243023,-0.10902645296893182,1.0325668358775206,-0.8120782535243023,-0.10902645296893182,-0.021141537447860122,-0.3214530598251529,0.04431649664662019,0.11453427277629387,-0.6573196192209426,-0.005541424219935302,0.0,0.0,0.0,0.0,0.0,0.0,0.0,0.0,0.0
1.6167,-5.282074765954436,-0.2671696505343882,1.0,-5.311925411224365,-0.24232284724712372,1.008347749710083,-0.03397645242429613,-0.04430729366065662,0.004440634105956372,-0.9984301392192436,0.0782619181609239,-0.5806085115269948,0.0,0.01496218703687191,-0.5669963955879211,-0.009891493245959282,1.0696642195630286,-0.8271918141407747,-0.10441292713234246,1.0696642195630286,-0.8271918141407747,-0.10441292713234246,0.09291205583983396,-0.6734523724325485,-0.051133044532312315,0.10815099913548291,-0.6620823028362247,-0.019000903839304313,0.0,0.0,0.0,0.0,0.0,0.0,0.0,0.0,0.0
1.6333,-5.280731188028005,-0.27695479915171256,1.0,-5.311488151550293,-0.25365835428237915,1.0082886219024658,-0.0337710382335494,-0.04593791407051136,0.0043130977423624425,-0.9983639686670815,0.08312604958013085,-0.5945026388610583,0.0,0.025067811831831932,-0.5836033225059509,-0.018514102324843407,1.057108056078957,-0.8100661004600502,-0.05265775475665008,1.057108056078957,-0.8100661004600502,-0.05265775475665008,0.6067025821965848,-0.9970155876501152,-0.517668061062365,0.2553325387569951,-0.7609607302734056,-0.16621656306583932,0.0,0.0,0.0,0.0,0.0,0.0,0.0,0.0,0.0
1.65,-5.279303313898508,-0.2869815178550471,1.0,-5.310860633850098,-0.26537564396858215,1.0081230401992798,-0.03463103150652403,-0.04728301230149032,0.004434733547164839,-0.9982712456003576,0.08822937287662089,-0.6085154591944449,0.0,0.0289017241448164,-0.6007752418518066,-0.017705827951431274,1.0835676882442573,-0.7892148796516791,-0.056950229242671624,1.0835676882442573,-0.7892148796516791,-0.056950229242671624,0.23006128660743666,-1.0304340672704122,0.048502059280083554,0.24787200322585107,-0.8405141846675223,-0.10282770121879996,0.0,0.0,0.0,0.0,0.0,0.0,0.0,0.0,0.0
1.6666,-5.27778920749147,-0.297237027858686,1.0,-5.31053352355957,-0.27132460474967957,1.0080734491348267,-0.03463103150652403,-0.04728301230149032,0.004434733547164839,-0.9982712456003576,0.09357217367704927,-0.6226210662689391,0.0,0.03034990467131138,-0.6056658029556274,-0.01405274122953415,1.1281821202234878,-0.8723239975357514,-0.07888982427244967,1.1281821202234878,-0.8723239975357514,-0.07888982427244967,0.08691826874919509,-0.2935263225677203,0.21925441452141436,0.2003555189682874,-0.6790333701772362,-0.007743173780063534,0.0,0.0,0.0,0.0,0.0,0.0,0.0,0.0,0.0
1.6833,-5.276183047558684,-0.30773456507462854,1.0,-5.309775352478027,-0.28335216641426086,1.0080480575561523,-0.03671447271769601,-0.049262084744859165,0.004754333099422943,-0.9980995814863728,0.09916818977048165,-0.636829650364374,0.0,0.03823404386639595,-0.61392742395401,-0.008495022542774677,1.1344911374841176,-0.9062669190167032,-0.11237748520512808,1.1344911374841176,-0.9062669190167032,-0.11237748520512808,0.47298114227991134,-0.4956268325824215,0.33341574367088606,0.2808395858985523,-0.624888408056943,0.0929731742008939,0.0,0.0,0.0,0.0,0.0,0.0,0.0,0.0,0.0
1.7,-5.274479533823919,-0.31848166432383274,1.0,-5.309331893920898,-0.28945469856262207,1.008078694343567,-0.03675742430759566,-0.050618039740596726,0.0048239175463144785,-0.9980298284520872,0.10502870385743567,-0.651142748424282,0.0,0.04401114583015442,-0.6236691474914551,-0.006456204690039158,1.1575961722186299,-0.9625451330002387,-0.12503331652318478,1.1575961722186299,-0.9625451330002387,-0.12503331652318478,0.3460472690725772,-0.5835273199851475,0.12212478756676473,0.3000900858082648,-0.6126778588787616,0.10157926328659253,0.0,0.0,0.0,0.0,0.0,0.0,0.0,0.0,0.0
1.7167,-5.272677780688365,-0.3294576961893957,1.0,-5.308278560638428,-0.30193066596984863,1.0081886053085327,-0.03659059259321036,-0.051844896305167386,0.004515065440426647,-0.9979744474931439,0.11114953851131351,-0.6655246712736875,0.0,0.0508669912815094,-0.638485312461853,-0.003251394024118781,1.1736999053907926,-0.9576534379227863,-0.1450847705907688,1.1736999053907926,-0.9576534379227863,-0.1450847705907688,0.41122758344535654,-0.888703772559563,0.1922310756415711,0.3328999064319907,-0.6941657536749876,0.12834133518688565,0.0,0.0,0.0,0.0,0.0,0.0,0.0,0.0,0.0
1.7333,-5.27077579814677,-0.3406504857459589,1.0,-5.30714225769043,-0.314601868391037,1.00833261013031,-0.03897488064323114,-0.05331153419345062,0.003947389537833382,-0.9978092739938297,0.11753040774889877,-0.6799523054565295,0.0,0.055965375155210495,-0.6493090391159058,-0.003286787774413824,1.2024445161374988,-0.9766656058767575,-0.1458696452354627,1.2024445161374988,-0.9766656058767575,-0.1458696452354627,0.30649961838352274,-0.6506901345869942,-0.002127766607483266,0.32510605886747757,-0.6813309562923764,0.08982447168155493,0.0,0.0,0.0,0.0,0.0,0.0,0.0,0.0,0.0
1.75,-5.268761717740941,-0.352104102159771,1.0,-5.306509971618652,-0.32104143500328064,1.0083997249603271,-0.03897488064323114,-0.05331153419345062,0.003947389537833382,-0.9978092739938297,0.12420357163437126,-0.6944742635502951,0.0,0.062022510915994644,-0.6581632494926453,-0.004721017088741064,1.2307992580257507,-1.0402016054420982,-0.13787981003276967,1.2307992580257507,-1.0402016054420982,-0.13787981003276967,0.36345968826449593,-0.531298731026195,-0.08606122762843531,0.33642875127588623,-0.637038701172184,0.037899798485445516,0.0,0.0,0.0,0.0,0.0,0.0,0.0,0.0,0.0
1.7667,-5.266630670168736,-0.3638183711024904,1.0,-5.30505895614624,-0.3341636061668396,1.008488416671753,-0.04131365799939424,-0.054284002917121654,0.003360958287652836,-0.9976648788908314,0.13117693989207382,-0.7090807218692075,0.0,0.0729781985282898,-0.6736037731170654,-0.004252179991453886,1.2285721681558752,-1.0321693757095043,-0.14141969145653205,1.2285721681558752,-1.0321693757095043,-0.14141969145653205,0.6562903919762343,-0.9249503691960523,0.028085255188025765,0.43085775389800884,-0.7220354878929618,0.035002365918233726,0.0,0.0,0.0,0.0,0.0,0.0,0.0,0.0,0.0
1.7834,-5.2643831521236795,-0.37576432993651504,1.0,-5.303462028503418,-0.34754055738449097,1.0086519718170166,-0.04239053961335044,-0.05555496418302544,0.0032847146386966145,-0.9975499444349422,0.13844078013751512,-0.7237268532511826,0.0,0.08036663383245468,-0.6848251223564148,-0.001261295983567834,1.249815296676758,-1.0490994827719777,-0.16047130615988975,1.249815296676758,-1.0490994827719777,-0.16047130615988975,0.44309736838342534,-0.6729639108925047,0.1793685372445952,0.4344711118042791,-0.7075486614541865,0.07762189835380269,0.0,0.0,0.0,0.0,0.0,0.0,0.0,0.0,0.0
1.8,-5.262015906410547,-0.38793502418832565,1.0,-5.302570819854736,-0.354335218667984,1.0087366104125977,-0.043839461995824426,-0.057817229862617586,0.0039047790739888755,-0.9973565746939742,0.14599772544921763,-0.7383964885110915,0.0,0.08952367305755615,-0.6945313215255737,-0.0015172671992331743,1.2668060330695308,-1.10891805336803,-0.15964976276900528,1.2668060330695308,-1.10891805336803,-0.15964976276900528,0.5496666320806022,-0.5826308784383318,-0.01536510137891061,0.46847893488182096,-0.6706706487167841,0.0501704364580964,0.0,0.0,0.0,0.0,0.0,0.0,0.0,0.0,0.0
1.8167,-5.259517033170369,-0.4003660783772681,1.0,-5.300564289093018,-0.36819684505462646,1.0089473724365234,-0.04579836585509179,-0.05938442618018076,0.004489566597077503,-0.9971739523993765,0.15387735033658825,-0.7531239665103179,0.0,0.10143496841192245,-0.7115313410758972,0.0036467737518250942,1.2647995331673416,-1.0907866483362598,-0.19198591899949063,1.2647995331673416,-1.0907866483362598,-0.19198591899949063,0.7150261732335303,-1.020498490074566,0.30999352545673453,0.5412641859229138,-0.7739462214817352,0.12687496126019687,0.0,0.0,0.0,0.0,0.0,0.0,0.0,0.0,0.0
1.8333,-5.256886851983305,-0.4130300818764561,1.0,-5.298342227935791,-0.3823356330394745,1.009282112121582,-0.046866243848534855,-0.059718088950406846,0.004858309374699329,-0.9971026820785446,0.16206993882215312,-0.7678678776662939,0.0,0.11001146584749222,-0.7234429717063904,0.011153703555464745,1.2847241689826554,-1.1025386167334295,-0.23901035625585904,1.2847241689826554,-1.1025386167334295,-0.23901035625585904,0.5149955261274158,-0.7152612741589119,0.4507708762079456,0.5335091974245195,-0.7566213524149331,0.22249495537680458,0.0,0.0,0.0,0.0,0.0,0.0,0.0,0.0,0.0
1.85,-5.2541154046639065,-0.4259495102183103,1.0,-5.297167778015137,-0.3894985020160675,1.00950288772583,-0.046866243848534855,-0.059718088950406846,0.004858309374699329,-0.9971026820785446,0.17059763925969265,-0.7826455175539511,0.0,0.11523152887821198,-0.7318400740623474,0.012693759053945541,1.333261224185894,-1.1713184286728486,-0.24967128910811992,1.333261224185894,-1.1713184286728486,-0.24967128910811992,0.3132444095513334,-0.5038914959368204,0.09241531614827744,0.46848300614351,-0.6820108794998093,0.18409306833933214,0.0,0.0,0.0,0.0,0.0,0.0,0.0,0.0,0.0
1.8666,-5.251199604024534,-0.43911286163639235,1.0,-5.294598579406738,-0.4041280746459961,1.009950041770935,-0.04829946192012698,-0.06041321297162997,0.005367274717316895,-0.9969898128182324,0.1794607315326414,-0.7974344158345249,0.0,0.13157545030117035,-0.7534008622169495,0.012324430979788303,1.311292636499428,-1.1245107910855754,-0.2500226400176882,1.311292636499428,-1.1245107910855754,-0.2500226400176882,0.9809870492272467,-1.29411133371494,-0.02216763335360618,0.6197835669805005,-0.862714121281249,0.12320113925912803,0.0,0.0,0.0,0.0,0.0,0.0,0.0,0.0,0.0
1.8833,-5.248130478849067,-0.4525346808580608,1.0,-5.293209552764893,-0.411604642868042,1.010188341140747,-0.05058019516335649,-0.061719587468450535,0.005893351680429891,-0.9967936613852627,0.1886769914645747,-0.8122413889532856,0.0,0.13620904088020325,-0.7640327215194702,0.016460048034787178,1.368892505868054,-1.1799892490467017,-0.27636765428776583,1.368892505868054,-1.1799892490467017,-0.27636765428776583,0.27784876406422004,-0.6375291291978212,0.24798826477547287,0.5188381634288914,-0.7962353957880939,0.16004057951457612,0.0,0.0,0.0,0.0,0.0,0.0,0.0,0.0,0.0
1.9,-5.244904346096222,-0.4662049812432595,1.0,-5.2902936935424805,-0.42685917019844055,1.0107289552688599,-0.05187642148930904,-0.06271140818103314,0.006385753311582628,-0.9966621210710602,0.19824768723475458,-0.8270456216022539,0.0,0.1445644497871399,-0.7826530337333679,0.017712660133838654,1.3999165737157693,-1.1492740265699826,-0.2869442950540258,1.3999165737157693,-1.1492740265699826,-0.2869442950540258,0.5009523707420273,-1.1163893534599825,0.07510093253712995,0.5135579505192451,-0.8907506957230535,0.1349648432381233,0.0,0.0,0.0,0.0,0.0,0.0,0.0,0.0,0.0
1.9166,-5.241521991216331,-0.4800961962183948,1.0,-5.2872724533081055,-0.44241395592689514,1.0113104581832886,-0.05301458593808909,-0.06313915720511472,0.0069603834441801715,-0.9965714210530647,0.20816093620787682,-0.8418084511878244,0.0,0.14958341419696808,-0.7959126830101013,0.018456600606441498,1.4536982330576533,-1.1494591822646596,-0.29469198737605323,1.4536982330576533,-1.1494591822646596,-0.29469198737605323,0.3015220364959322,-0.7965939039761659,0.04469337257935144,0.45096107320237777,-0.86295388984383,0.10831505515826508,0.0,0.0,0.0,0.0,0.0,0.0,0.0,0.0,0.0
1.9333,-5.237965878887985,-0.494255250114676,1.0,-5.284073829650879,-0.45825299620628357,1.0118532180786133,-0.05529624246071879,-0.06356836490528148,0.007592796906086136,-0.996415435566726,0.21845808331531164,-0.856570185818187,0.0,0.1612187772989273,-0.8138096332550049,0.015614384785294533,1.470568107709842,-1.121092292657067,-0.2807477514237587,1.470568107709842,-1.121092292657067,-0.2807477514237587,0.6978529142595664,-1.073403449064806,-0.17046727088457359,0.5238480572606214,-0.9250824462283671,0.026013417052298815,0.0,0.0,0.0,0.0,0.0,0.0,0.0,0.0,0.0
1.95,-5.234239702121553,-0.5086420890338532,1.0,-5.282369613647461,-0.46632954478263855,1.0120993852615356,-0.05529624246071879,-0.06356836490528148,0.007592796906086136,-0.996415435566726,0.22911804984232975,-0.8712791136091053,0.0,0.16983376443386078,-0.8273922204971313,0.01373798493295908,1.5165180310150155,-1.1577226720810319,-0.27112314297671786,1.5165180310150155,-1.1577226720810319,-0.27112314297671786,0.5173585756625575,-0.8156794524862907,-0.11268404000758844,0.5219322436810435,-0.8927846828569328,-0.01493260732159411,0.0,0.0,0.0,0.0,0.0,0.0,0.0,0.0,0.0
1.9667,-5.230327675571333,-0.5232925232825082,1.0,-5.278711795806885,-0.4828403890132904,1.0125436782836914,-0.05683509172993585,-0.06481160803284426,0.007652603284123101,-0.9962483233123802,0.24017538863514898,-0.8859618264089686,0.0,0.1851840615272522,-0.8479464054107666,0.013344514183700085,1.516083813359664,-1.1108288089696041,-0.27140217496078206,1.516083813359664,-1.1108288089696041,-0.27140217496078206,0.9204261972837742,-1.232458899213724,-0.02359307987848463,0.6395749422780413,-0.993062719938195,-0.017489337112615112,0.0,0.0,0.0,0.0,0.0,0.0,0.0,0.0,0.0
1.9833,-5.226229283689246,-0.5381828189918484,1.0,-5.274806022644043,-0.4997836947441101,1.0130486488342285,-0.05652055078731581,-0.066789000199901,0.007519756417616791,-0.9961366341638264,0.2516205134917372,-0.9005839360918926,0.0,0.19529785215854645,-0.8713942170143127,0.016824865713715553,1.5495231180477813,-1.0445416625922448,-0.29524417232694417,1.5495231180477813,-1.0445416625922448,-0.29524417232694417,0.6067151877914128,-1.4066084556194398,0.20878246436897507,0.6298741421577574,-1.1151489797144813,0.049310234379091544,0.0,0.0,0.0,0.0,0.0,0.0,0.0,0.0,0.0
2.0,-5.221934727209595,-0.5533235078557405,1.0,-5.272797584533691,-0.5084303021430969,1.0133063793182373,-0.05654926563276964,-0.06829536840762308,0.007098667254144406,-0.9960359453427339,0.2634696324482322,-0.9151453516401543,0.0,0.19709040224552155,-0.8830105662345886,0.015921207144856453,1.6462624759540854,-1.0910291964009355,-0.291554691722082,1.6462624759540854,-1.0910291964009355,-0.291554691722082,0.10748699033567793,-0.6965531537713731,-0.05418623477440384,0.47565590698218624,-0.9915718409896116,0.018756185023009398,0.0,0.0,0.0,0.0,0.0,0.0,0.0,0.0,0.0
2.0166,-5.217445892293432,-0.5686837874663263,1.0,-5.268697738647461,-0.5259811878204346,1.0138015747070312,-0.05712466494535249,-0.06928355395452163,0.006669780923697577,-0.9959378274794005,0.2757063868641785,-0.9296063834123036,0.0,0.20463106036186218,-0.8979522585868835,0.015139946714043617,1.7017450829661338,-1.0727966637876105,-0.2898030594161139,1.7017450829661338,-1.0727966637876105,-0.2898030594161139,0.4525370224638718,-0.896694806123909,-0.04688573114894835,0.46883078971579406,-0.9635624061774337,-0.0006225084044085352,0.0,0.0,0.0,0.0,0.0,0.0,0.0,0.0,0.0
2.0333,-5.212752888597562,-0.5842742396868821,1.0,-5.266582012176514,-0.5348603129386902,1.0140495300292969,-0.05712466494535249,-0.06928355395452163,0.006669780923697577,-0.9959378274794005,0.2883465862225499,-0.9439672815457364,0.0,0.20919711887836456,-0.9063037633895874,0.016285445541143417,1.7888730624512867,-1.1373963314665456,-0.29838311451301364,1.7888730624512867,-1.1373963314665456,-0.29838311451301364,0.27456864417714444,-0.5021971011168299,0.06888174094278218,0.41148105371655536,-0.8273589354957529,0.019896416370328903,0.0,0.0,0.0,0.0,0.0,0.0,0.0,0.0,0.0
2.05,-5.207833407381168,-0.6001430576790538,1.0,-5.262160301208496,-0.5529649257659912,1.0145360231399536,-0.055835413264283984,-0.07141057961686542,0.0059155630695951035,-0.9958654613405072,0.30143799475048694,-0.9582606501573798,0.0,0.2244471162557602,-0.9335084557533264,0.014691462740302086,1.8046809251105835,-1.0429319152501657,-0.29173669516462836,1.8046809251105835,-1.0429319152501657,-0.29173669516462836,0.914098450853174,-1.6306735358847573,-0.09554475144339326,0.5598628959662832,-1.0645120881539865,-0.01418392635008848,0.0,0.0,0.0,0.0,0.0,0.0,0.0,0.0,0.0
2.0667,-5.202675660936588,-0.6162997073498533,1.0,-5.259853363037109,-0.5622376203536987,1.0147696733474731,-0.05398455877807488,-0.07406903094081604,0.005232194067839508,-0.9957772058397255,0.3149984279948086,-0.972481140314388,0.0,0.22819450497627258,-0.9455406665802002,0.014203657396137714,1.904603404321756,-1.083981281401317,-0.29047290811054266,1.904603404321756,-1.083981281401317,-0.29047290811054266,0.22372021606695514,-0.7183265486221817,-0.02912212346632316,0.460627432995101,-0.9623117894604203,-0.018593955172457283,0.0,0.0,0.0,0.0,0.0,0.0,0.0,0.0,0.0
2.0833,-5.197328896719343,-0.632568618944824,1.0,-5.255144119262695,-0.5809879302978516,1.0152796506881714,-0.05398925156623876,-0.07638962193184669,0.005199361672849474,-0.9956017485093746,0.32888704281119807,-0.9864651381586902,0.0,0.236860454082489,-0.9587059617042542,0.01876365952193737,1.9660962467302099,-1.0691987896365136,-0.32089005228972495,1.9660962467302099,-1.0691987896365136,-0.32089005228972495,0.5220859666762424,-0.7931521114622235,0.2747204130458202,0.478771115449244,-0.9123727606907484,0.06799780739383729,0.0,0.0,0.0,0.0,0.0,0.0,0.0,0.0,0.0
2.1,-5.191729430367547,-0.649122301481988,1.0,-5.25018835067749,-0.6000739336013794,1.0158442258834839,-0.054191826442339316,-0.07997858808449827,0.005451905589126797,-0.9953074792130715,0.34325761957629747,-1.0003516127359675,0.0,0.25055068731307983,-0.9746893048286438,0.021637311205267906,2.000822502332198,-1.035786869911079,-0.341482895619107,2.000822502332198,-1.035786869911079,-0.341482895619107,0.8215440524222394,-0.959152430823819,0.17244640097862476,0.5799639514934332,-0.9261829743318271,0.09883294128453951,0.0,0.0,0.0,0.0,0.0,0.0,0.0,0.0,0.0
2.1167,-5.185879386729837,-0.665927127174957,1.0,-5.247623920440674,-0.6097248792648315,1.0161724090576172,-0.054191826442339316,-0.07997858808449827,0.005451905589126797,-0.9953074792130715,0.35809056487116203,-1.014098371000202,0.0,0.2554720342159271,-0.982788622379303,0.025782329961657524,2.1045783965104032,-1.0965406892004732,-0.3685336670140043,2.1045783965104032,-1.0965406892004732,-0.3685336670140043,0.2949182752068123,-0.4853624037376234,0.248395775885471,0.49581325791680025,-0.796044684772055,0.14298662370103843,0.0,0.0,0.0,0.0,0.0,0.0,0.0,0.0,0.0
2.1333,-5.179792451593577,-0.6829204484651266,1.0,-5.242351531982422,-0.6292262077331543,1.0168887376785278,-0.05278632387491016,-0.08179265166467992,0.00546931223756176,-0.9952354502489664,0.3733381744098112,-1.0276428004529534,0.0,0.26965707540512085,-0.9980202913284302,0.02469240315258503,2.1431593020675375,-1.0640958919689614,-0.36613781274713914,2.1431593020675375,-1.0640958919689614,-0.36613781274713914,0.8524568730836461,-0.9153544717310944,-0.06549967583173338,0.6011009716858391,-0.8312671145730529,0.08143765746003795,0.0,0.0,0.0,0.0,0.0,0.0,0.0,0.0,0.0
2.15,-5.173441727454907,-0.700154335722327,1.0,-5.236721038818359,-0.6492074131965637,1.0175104141235352,-0.051837311189524456,-0.08582581267341094,0.006065226528657299,-0.9949423189175731,0.3890546145334976,-1.041014976182338,0.0,0.2852226495742798,-1.0177656412124634,0.022809986025094986,2.1761453354251934,-1.0014031234396732,-0.35853513833212786,2.1761453354251934,-1.0014031234396732,-0.35853513833212786,0.9343095725345965,-1.185196845886343,-0.1129903929404525,0.699470240893514,-0.9357536402253721,0.02403894331324928,0.0,0.0,0.0,0.0,0.0,0.0,0.0,0.0,0.0
2.1667,-5.166819331002513,-0.7176249615191282,1.0,-5.230803489685059,-0.6694600582122803,1.0182185173034668,-0.052269745757780324,-0.08861907661922422,0.006445939011256217,-0.9946723683528609,0.4052449963413249,-1.0541985487246222,0.0,0.3026065230369568,-1.0271645784378052,0.03014845959842205,2.201314540193716,-0.9985242847966661,-0.40671416992968373,2.201314540193716,-0.9985242847966661,-0.40671416992968373,1.042362401715511,-0.5635739814152967,0.44002557630450323,0.8006982739970483,-0.8258794024120254,0.14684580058907495,0.0,0.0,0.0,0.0,0.0,0.0,0.0,0.0,0.0
2.1833,-5.159929102245336,-0.7352983983532536,1.0,-5.227697372436523,-0.6796696186065674,1.0186269283294678,-0.05183845573987933,-0.09252124390569436,0.006969192135518968,-0.9943359943548955,0.4218857456093306,-1.0671552907480832,0.0,0.31347164511680603,-1.034712791442871,0.03321343660354614,2.2840015951489576,-1.0558287512814706,-0.4277668686431309,2.2840015951489576,-1.0558287512814706,-0.4277668686431309,0.6520292021976765,-0.45297745092428315,0.18393300109454588,0.7568084466953648,-0.7157919305984903,0.15779462004148043,0.0,0.0,0.0,0.0,0.0,0.0,0.0,0.0,0.0
2.2,-5.152744414293316,-0.7532185176327745,1.0,-5.221182823181152,-0.7003560662269592,1.0194352865219116,-0.049783296381147174,-0.09697962710322981,0.0070164808995481975,-0.9940157625999096,0.4390263657142856,-1.0799039425650525,0.0,0.33019891381263733,-1.051621675491333,0.03166702017188072,2.319257207050426,-1.0035541966182258,-0.42317937486667573,2.319257207050426,-1.0035541966182258,-0.42317937486667573,1.0015167087776398,-1.012390618531683,-0.09258904864888014,0.8290507983297384,-0.8033532843739482,0.0838767846438675,0.0,0.0,0.0,0.0,0.0,0.0,0.0,0.0,0.0
2.2167,-5.145290995067307,-0.7712983492290817,1.0,-5.21439790725708,-0.7213717103004456,1.0201959609985352,-0.048803316298818095,-0.0989921628272273,0.006934758160285563,-0.9938666049030296,0.4565910081640061,-1.0923701271186073,0.0,0.3444867730140686,-1.061716914176941,0.02742990292608738,2.371836502674326,-0.9886425977837974,-0.40223198990896775,2.371836502674326,-0.9886425977837974,-0.40223198990896775,0.8588695807954139,-0.606843425295593,-0.2547009360444285,0.8378538479279164,-0.74533998225509,-0.016077546874799703,0.0,0.0,0.0,0.0,0.0,0.0,0.0,0.0,0.0
2.2333,-5.137530502373276,-0.7896085440569994,1.0,-5.210870265960693,-0.7319480776786804,1.0205563306808472,-0.048803316298818095,-0.0989921628272273,0.006934758160285563,-0.9938666049030296,0.4746553944185124,-1.104590080647701,0.0,0.3560444414615631,-1.067854404449463,0.029100751504302025,2.461928689932879,-1.0484724944684658,-0.4147442381792655,2.461928689932879,-1.0484724944684658,-0.4147442381792655,0.6933615819209039,-0.3681970964742902,0.10023667131516842,0.7951970900379174,-0.6340005091243524,0.01826053627390807,0.0,0.0,0.0,0.0,0.0,0.0,0.0,0.0,0.0
2.25,-5.1294416326155226,-0.8081728236293579,1.0,-5.203449249267578,-0.7532740831375122,1.0212881565093994,-0.04860763374953807,-0.10120008343838718,0.007004511194571098,-0.993653299702716,0.49325227498620944,-1.1165634637275768,0.0,0.37853100895881653,-1.0783770084381104,0.029630718752741814,2.4720898421380784,-1.0269349862405504,-0.4222954450617192,2.4720898421380784,-1.0269349862405504,-0.4222954450617192,1.3441383536654885,-0.6289904229848364,0.031678881398928285,0.9572545843625966,-0.6325214401238635,0.022221877009298417,0.0,0.0,0.0,0.0,0.0,0.0,0.0,0.0,0.0
2.2667,-5.1210605771726,-0.8268847406185429,1.0,-5.1956610679626465,-0.7748223543167114,1.0220296382904053,-0.048389850446570154,-0.10434727291039265,0.0072209352616745305,-0.9933368190172477,0.512282618671449,-1.128207639356696,0.0,0.39536774158477783,-1.0880112648010254,0.029669422656297684,2.518452769678109,-1.0073464904180194,-0.4269692824140759,2.518452769678109,-1.0073464904180194,-0.4269692824140759,1.0103639082038516,-0.5781469081752368,0.002322601904312244,0.9729334274688983,-0.6164690844593601,0.01634724728829532,0.0,0.0,0.0,0.0,0.0,0.0,0.0,0.0,0.0
2.2833,-5.112381683493515,-0.8457379223714693,1.0,-5.191627025604248,-0.7856752276420593,1.0223944187164307,-0.047271576017564695,-0.10758494376361692,0.007747433693272585,-0.9930412010217923,0.5317450951521346,-1.139507931770326,0.0,0.40791651606559753,-1.0929009914398193,0.027377145364880562,2.6135138548883585,-1.067482982547035,-0.41578415332874213,2.6135138548883585,-1.067482982547035,-0.41578415332874213,0.7547951442666208,-0.2941117420983193,-0.13787798733006368,0.9085350192340381,-0.5213033050916871,-0.02918286083060126,0.0,0.0,0.0,0.0,0.0,0.0,0.0,0.0,0.0
2.3,-5.103328205628868,-0.8648742005536799,1.0,-5.1831889152526855,-0.8075618147850037,1.023045539855957,-0.04726674756923217,-0.11041851063331874,0.008352240969403936,-0.9927255211264456,0.5517945243225767,-1.1505333709635919,0.0,0.43014004826545715,-1.1043133735656738,0.02328183315694332,2.6341598164120814,-1.0318755388446856,-0.3952390916746947,2.6341598164120814,-1.0318755388446856,-0.3952390916746947,1.3281882302650327,-0.6820604160729553,-0.24475611819606727,1.0324243173632615,-0.5687617424996163,-0.09282402655604473,0.0,0.0,0.0,0.0,0.0,0.0,0.0,0.0,0.0
2.3167,-5.09395207667456,-0.8841583266559417,1.0,-5.1788129806518555,-0.8185824751853943,1.0233488082885742,-0.04726674756923217,-0.11041851063331874,0.008352240969403936,-0.9927255211264456,0.5722979237885945,-1.1611891421530485,0.0,0.44083186984062195,-1.1097322702407837,0.024373598396778107,2.748733033826296,-1.0841637369473798,-0.40408441834638437,2.748733033826296,-1.0841637369473798,-0.40408441834638437,0.6414273249992848,-0.3250922562004749,0.06549754430443115,0.9169948587500335,-0.49682605646270084,-0.04608460510748157,0.0,0.0,0.0,0.0,0.0,0.0,0.0,0.0,0.0
2.3334,-5.08425031452957,-0.9035766791485544,1.0,-5.169772148132324,-0.8407530188560486,1.0240142345428467,-0.047938083645737956,-0.11300036335282335,0.008849826662923582,-0.9923984615820012,0.5932462349213464,-1.1714554012718945,0.0,0.46157893538475037,-1.1177695989608765,0.027145346626639366,2.7839257547461953,-1.0622242395450892,-0.42484151649177987,2.7839257547461953,-1.0622242395450892,-0.42484151649177987,1.2463762926465953,-0.48284110114870094,0.16651228461857973,1.014234278322182,-0.4926974420432772,0.016677882490098966,0.0,0.0,0.0,0.0,0.0,0.0,0.0,0.0,0.0
2.35,-5.0742083369607265,-0.9231385470551281,1.0,-5.160244464874268,-0.8631316423416138,1.0246777534484863,-0.04785558645813393,-0.11556719598918988,0.009438196668135657,-0.9921013262999994,0.6146549589190403,-1.1813242507825752,0.0,0.48776116967201233,-1.1279877424240112,0.023744428530335426,2.788504842855105,-1.0233598053319046,-0.4085745460215105,2.788504842855105,-1.0233598053319046,-0.4085745460215105,1.5740880097470078,-0.6143195011825414,-0.20446476564179747,1.179513332593795,-0.5286024968545496,-0.0486074691844173,0.0,0.0,0.0,0.0,0.0,0.0,0.0,0.0,0.0
2.3668,-5.063717232252321,-0.9430278493534596,1.0,-5.155290126800537,-0.8744364976882935,1.0250016450881958,-0.04797285479575943,-0.1189148306043571,0.01006643759203902,-0.9916937662748989,0.6367355906305259,-1.1908678352960225,0.0,0.4999562203884125,-1.1373168230056763,0.025201626121997833,2.9064664040819457,-1.0436962672562256,-0.4197773367563525,2.9064664040819457,-1.0436962672562256,-0.4197773367563525,0.7258166363945965,-0.5552417981609717,0.08672848347570666,1.045573775411389,-0.5364669055013878,-0.008653822349401857,0.0,0.0,0.0,0.0,0.0,0.0,0.0,0.0,0.0
2.3833,-5.0529988382973485,-0.9628058334514529,1.0,-5.145081520080566,-0.897229790687561,1.0257551670074463,-0.048776334413237026,-0.122999047251703,0.010649749975429796,-0.9911502405165025,0.6590054197461475,-1.1998636642087845,0.0,0.5187880992889404,-1.1460399627685547,0.035707246512174606,2.9601239319571118,-1.005505142255189,-0.48742852760331173,2.9601239319571118,-1.005505142255189,-0.48742852760331173,1.1414087224173062,-0.5287134578980073,0.6367504172627563,1.073866003395646,-0.5341779460548376,0.18188130559286916,0.0,0.0,0.0,0.0,0.0,0.0,0.0,0.0,0.0
2.4,-5.041828211295533,-0.9828705318275666,1.0,-5.134463310241699,-0.9201673865318298,1.0266622304916382,-0.048950061088620905,-0.12638686625274734,0.010913504953410962,-0.9907125033478683,0.6819162305200097,-1.2084815747313946,0.0,0.5414301753044128,-1.1535307168960571,0.04068242013454437,2.9950994028570426,-0.9717734212925301,-0.5227034743648016,2.9950994028570426,-0.9717734212925301,-0.5227034743648016,1.3587591032006066,-0.44952284205857523,0.2985619536291188,1.1579716536061684,-0.5091862120671791,0.21632756552963936,0.0,0.0,0.0,0.0,0.0,0.0,0.0,0.0,0.0
2.4167,-5.03026004310747,-1.0030953011682062,1.0,-5.128961563110352,-0.9317512512207031,1.0271296501159668,-0.048950061088620905,-0.12638686625274734,0.010913504953410962,-0.9907125033478683,0.7053336961556277,-1.216644829353797,0.0,0.5560529828071594,-1.1666536331176758,0.040640998631715775,3.108784268606919,-0.9580281390657692,-0.5256969464167138,3.108784268606919,-0.9580281390657692,-0.5256969464167138,0.8768048606147248,-0.7868691922802001,-0.002483693709792709,1.0749660772747582,-0.591163303190834,0.15173048246825746,0.0,0.0,0.0,0.0,0.0,0.0,0.0,0.0,0.0
2.4333,-5.018317797746688,-1.0234177768374813,1.0,-5.11758279800415,-0.9551660418510437,1.0281060934066772,-0.047691482435100706,-0.12863943618154847,0.010959107843499776,-0.9904833930793632,0.7291916059561656,-1.2243122435823615,0.0,0.578477144241333,-1.173171877861023,0.046033814549446106,3.1505600972947843,-0.9210740574350346,-0.5638718953071145,3.1505600972947843,-0.9210740574350346,-0.5638718953071145,1.3469346107578621,-0.3915263218193275,0.3239260665492353,1.1552561592776514,-0.5322268174149011,0.20256576620249392,0.0,0.0,0.0,0.0,0.0,0.0,0.0,0.0,0.0
2.45,-5.005961936757998,-1.0438840310747646,1.0,-5.105801582336426,-0.9786871075630188,1.0291451215744019,-0.04740555294644673,-0.13150261384650722,0.010931965273058748,-0.9901213516506546,0.7535498908655062,-1.2314849092395261,0.0,0.6013403534889221,-1.1847957372665405,0.04260832816362381,3.1925723275838305,-0.8494237211073743,-0.5494856070593084,3.1925723275838305,-0.8494237211073743,-0.5494856070593084,1.371813487067979,-0.6974422064545662,-0.20553231932364385,1.2191878405789112,-0.5810014199920728,0.0820877523216974,0.0,0.0,0.0,0.0,0.0,0.0,0.0,0.0,0.0
2.4666,-4.993197816119514,-1.064462848336244,1.0,-5.099710941314697,-0.9905688166618347,1.0296066999435425,-0.04734750619933511,-0.13504262248334636,0.011188007377762432,-0.9896447129408449,0.7783778560826441,-1.2381340392432438,0.0,0.617321789264679,-1.1945140361785889,0.03946918994188309,3.309026141825267,-0.8437600160413451,-0.5339455303963643,3.309026141825267,-0.8437600160413451,-0.5339455303963643,0.9589144958013247,-0.5831151738838104,-0.188353861779895,1.1423503920412923,-0.5816254387751578,0.0022484448285730665,0.0,0.0,0.0,0.0,0.0,0.0,0.0,0.0,0.0
2.4833,-4.98001143280374,-1.0851550975085202,1.0,-5.087152481079102,-1.014514446258545,1.0305436849594116,-0.046217359529939744,-0.13883364721320424,0.011041631372884095,-0.989175070607888,0.8036825369123345,-1.2442422778618834,0.0,0.6389941573143005,-1.202613353729248,0.04060501232743263,3.363675630801137,-0.7835231893181798,-0.5464637301154891,3.363675630801137,-0.7835231893181798,-0.5464637301154891,1.3000643592677346,-0.48585526315789473,0.06813478797196797,1.1889104377915825,-0.5533523324886939,0.02169929756548563,0.0,0.0,0.0,0.0,0.0,0.0,0.0,0.0,0.0
2.5,-4.966405863489416,-1.1059346717270844,1.0,-5.074199676513672,-1.038700819015503,1.0314215421676636,-0.04474998012054052,-0.14310191651381918,0.011095242164189967,-0.98863356789822,0.829437655229555,-1.24978428419733,0.0,0.6608412861824036,-1.2154067754745483,0.03263290971517563,3.419744785076838,-0.6896835706315044,-0.5040676493766352,3.419744785076838,-0.6896835706315044,-0.5040676493766352,1.3109977681126244,-0.7677048758154973,-0.47838820354526723,1.2249528491597332,-0.6166331211182614,-0.1259356731371037,0.0,0.0,0.0,0.0,0.0,0.0,0.0,0.0,0.0
2.5167,-4.952351216227281,-1.1268253894158693,1.0,-5.0675225257873535,-1.0508893728256226,1.0318063497543335,-0.04474998012054052,-0.14310191651381918,0.011095242164189967,-0.98863356789822,0.8556786271589814,-1.254747748467728,0.0,0.6770285964012146,-1.220277190208435,0.031599968671798706,3.5460664529346064,-0.6993218790400649,-0.5008553133485645,3.5460664529346064,-0.6993218790400649,-0.5008553133485645,0.9702679528403001,-0.2919328331546981,-0.061914523043944264,1.1497652127501117,-0.5207756613854166,-0.10703545947978133,0.0,0.0,0.0,0.0,0.0,0.0,0.0,0.0,0.0
2.5333,-4.937877361691857,-1.147762060732676,1.0,-5.053727149963379,-1.0754183530807495,1.0325748920440674,-0.04367166880645748,-0.14703373805948378,0.011038849680882364,-0.9881052992989844,0.8823287421723223,-1.2590991825009332,0.0,0.7053499817848206,-1.234597086906433,0.03150450438261032,3.5680632349897587,-0.5858658640192915,-0.5052102911154304,3.5680632349897587,-0.5858658640192915,-0.5052102911154304,1.7005010378641472,-0.8598096056116241,-0.005731962636890702,1.3123524944257838,-0.6208646784311241,-0.07712881563195247,0.0,0.0,0.0,0.0,0.0,0.0,0.0,0.0,0.0
2.55,-4.922942270376815,-1.1687850046198176,1.0,-5.0393829345703125,-1.1002479791641235,1.0332369804382324,-0.0414788947189812,-0.15123333433880629,0.010375078963684274,-0.9875730267491404,0.9094442045128868,-1.2628288660610314,0.0,0.7337700724601746,-1.2457479238510132,0.02355249412357807,3.591362962024071,-0.4852761075306254,-0.46191682340146484,3.591362962024071,-0.4852761075306254,-0.46191682340146484,1.7048168647473578,-0.6688977560389583,-0.4770118910985255,1.4282151498321696,-0.6350449208679718,-0.195181608392902,0.0,0.0,0.0,0.0,0.0,0.0,0.0,0.0,0.0
2.5667,-4.9075441328790665,-1.1898747248538768,1.0,-5.032007694244385,-1.1127182245254517,1.0335510969161987,-0.03804396871219186,-0.15469555043000646,0.009631102793770023,-0.9871824940508385,0.9370056325572501,-1.2659130206140192,0.0,0.7481250762939453,-1.2471745014190674,0.027626005932688713,3.7384931062973608,-0.5001616176547264,-0.48904793336846636,3.7384931062973608,-0.5001616176547264,-0.48904793336846636,0.8604640361282209,-0.08551155445671901,0.2441734222485816,1.2606046439669538,-0.4728126269793611,-0.06547597301365388,0.0,0.0,0.0,0.0,0.0,0.0,0.0,0.0,0.0
2.5833,-4.891706669335413,-1.2109788927942409,1.0,-5.016743183135986,-1.137757420539856,1.0342158079147339,-0.03487319281008846,-0.1581382788721264,0.009232646487948021,-0.9867578224052427,0.9649489391931568,-1.2683257084174873,0.0,0.7848019599914551,-1.2575792074203491,0.02470949850976467,3.7161090622632926,-0.3931143673096823,-0.47601195811354385,3.7161090622632926,-0.3931143673096823,-0.47601195811354385,2.202568618186504,-0.6248371347164354,-0.17514595235027133,1.538689625950935,-0.5176930402990051,-0.09785255541243951,0.0,0.0,0.0,0.0,0.0,0.0,0.0,0.0,0.0
2.6,-4.875380246131251,-1.23214328716243,1.0,-5.008854866027832,-1.1503690481185913,1.0345145463943481,-0.03211766346458259,-0.16088348223974708,0.00881699426793359,-0.986411291016786,0.9933392602678651,-1.2700528133675817,0.0,0.7988069653511047,-1.2612265348434448,0.022990385070443153,3.8712956783763492,-0.3837774661132354,-0.46834221071794785,3.8712956783763492,-0.3837774661132354,-0.46834221071794785,0.8397485382624981,-0.21869594430386985,-0.10307907499535389,1.3323494419340873,-0.4294236326266366,-0.0993955195212929,0.0,0.0,0.0,0.0,0.0,0.0,0.0,0.0,0.0
2.6167,-4.858582657509353,-1.2533236213010124,1.0,-4.992639064788818,-1.1756149530410767,1.0351128578186035,-0.02695511179555139,-0.16504451942103818,0.008822936973573586,-0.9858782598236688,1.0221221625959056,-1.2710698573001087,0.0,0.8338509202003479,-1.2617765665054321,0.024483436718583107,3.8626287418984564,-0.3243649589437291,-0.48146265589384823,3.8626287418984564,-0.3243649589437291,-0.48146265589384823,2.1023686243098663,-0.03299768286752296,0.08957165231570215,1.5596731786361233,-0.31239144656231976,-0.04360895653793331,0.0,0.0,0.0,0.0,0.0,0.0,0.0,0.0,0.0
2.6333,-4.841319808081769,-1.274493330392426,1.0,-4.9756646156311035,-1.2010020017623901,1.0357098579406738,-0.02430094035235815,-0.16858388005008146,0.008868834891601946,-0.9853478417351592,1.0512650933588823,-1.2713567606038885,0.0,0.8686490058898926,-1.2707574367523193,0.02309240773320198,3.8553633696333858,-0.207953142332264,-0.47729061810964707,3.8553633696333858,-0.207953142332264,-0.47729061810964707,2.089979952745758,-0.5393928545858094,-0.08354547773322832,1.7162294310622792,-0.37940641124061575,-0.05539894753657845,0.0,0.0,0.0,0.0,0.0,0.0,0.0,0.0,0.0
2.65,-4.823553564065883,-1.2956791799755618,1.0,-4.958027362823486,-1.2264398336410522,1.0362815856933594,-0.022605530687446796,-0.17161989667242733,0.009058875031537567,-0.9848622678934652,1.0808089071130171,-1.27089351126044,0.0,0.9067729711532593,-1.2673355340957642,0.02100718952715397,3.8289758813117696,-0.15993516125192533,-0.46884722887075553,3.8289758813117696,-0.15993516125192533,-0.46884722887075553,2.287636446873346,0.20533197899826894,-0.1251239511652527,1.8849192260504526,-0.20678095085647746,-0.07598304301005743,0.0,0.0,0.0,0.0,0.0,0.0,0.0,0.0,0.0
2.6667,-4.805290568280551,-1.3168524234118328,1.0,-4.948894023895264,-1.239162564277649,1.0365562438964844,-0.022605530687446796,-0.17161989667242733,0.009058875031537567,-0.9848622678934652,1.1107179586209637,-1.2696587995791508,0.0,0.9293103218078613,-1.2728190422058105,0.0217471681535244,3.9426048235996554,-0.11627108399846611,-0.47587912369085755,3.9426048235996554,-0.11627108399846611,-0.47587912369085755,1.3520295783511642,-0.3289590365581555,0.04439177459379827,1.7276004621320276,-0.2428501548717782,-0.040446196696558065,0.0,0.0,0.0,0.0,0.0,0.0,0.0,0.0,0.0
2.6833,-4.786518797432739,-1.3380066759471438,1.0,-4.930015563964844,-1.2646632194519043,1.0371249914169312,-0.019848715863061347,-0.17516576372120948,0.009038770984797908,-0.9842974579765708,1.1409872420277187,-1.2676311810660528,0.0,0.9688506722450256,-1.2709101438522339,0.021838553249835968,3.909295283054463,-0.04690263108059314,-0.480509112969072,3.909295283054463,-0.04690263108059314,-0.480509112969072,2.3715751465751467,0.1144930644930645,0.005481150793650793,1.917713559259631,-0.13735590515643947,-0.026887604278022552,0.0,0.0,0.0,0.0,0.0,0.0,0.0,0.0,0.0
2.7,-4.767229466744851,-1.3591312268929807,1.0,-4.920313358306885,-1.2773789167404175,1.0374177694320679,-0.015001117056239919,-0.17728363759052584,0.008761824043232823,-0.9840065182813,1.1716055270543049,-1.264788946557377,0.0,0.9823272228240967,-1.2663514614105225,0.023217802867293358,4.082141688234164,-0.051222135963869375,-0.49149745354846003,4.082141688234164,-0.051222135963869375,-0.49149745354846003,0.8074964285714286,0.27315,0.08264274553571428,1.5899571702304929,-0.016167058911732327,0.005447756933523028,0.0,0.0,0.0,0.0,0.0,0.0,0.0,0.0,0.0
2.7167,-4.747463666841334,-1.380162647362346,1.0,-4.900382995605469,-1.3027714490890503,1.0379397869110107,-0.012291891292179329,-0.177831425448978,0.008787828648764002,-0.9839450260293227,1.2024834781017497,-1.2611203091575318,0.0,1.0260776281356812,-1.267638921737671,0.01626002788543701,4.0250836727566135,0.049527907352126865,-0.4536240659394491,4.0250836727566135,0.049527907352126865,-0.4536240659394491,2.6281096486830986,-0.0773384128439053,-0.4179571693782851,1.8964387567543424,-0.03422596065503745,-0.11954911611876311,0.0,0.0,0.0,0.0,0.0,0.0,0.0,0.0,0.0
2.7333,-4.727160599932902,-1.4011468952251789,1.0,-4.879585266113281,-1.3281097412109375,1.0383751392364502,-0.009132626748075483,-0.17995716497389772,0.008569255092386525,-0.983594785718197,1.2336912725017004,-1.2565959947493968,0.0,1.062770128250122,-1.2608299255371094,0.015104458667337894,4.009642810976567,0.10810402461769791,-0.4501465274499435,4.009642810976567,0.10810402461769791,-0.4501465274499435,2.201646590941604,0.4085576950587966,-0.06933719484063403,1.986541687858109,0.0964918675124374,-0.10472563920651858,0.0,0.0,0.0,0.0,0.0,0.0,0.0,0.0,0.0
2.75,-4.706358513714588,-1.4220252216126459,1.0,-4.868927955627441,-1.3407442569732666,1.0385847091674805,-0.009132626748075483,-0.17995716497389772,0.008569255092386525,-0.983594785718197,1.2651444939131493,-1.2512061692380807,0.0,1.08281672000885,-1.2594760656356812,0.012300683185458183,4.147767335723971,0.14258609358328214,-0.4356564816641378,4.147767335723971,0.14258609358328214,-0.4356564816641378,1.2041057440318492,0.08132008191439087,-0.16840978273711496,1.755552296227903,0.0920128791008124,-0.12352636236691776,0.0,0.0,0.0,0.0,0.0,0.0,0.0,0.0,0.0
2.7667,-4.6849102559333735,-1.4429218908210375,1.0,-4.846963405609131,-1.36591374874115,1.0389533042907715,-0.005939723750503865,-0.18413950738711107,0.008178975275175663,-0.9828481964436752,1.2970359339070296,-1.244889538795385,0.0,1.127658724784851,-1.2524160146713257,0.011569938622415066,4.08534993315141,0.21248621630630846,-0.4344201003438695,4.08534993315141,0.21248621630630846,-0.4344201003438695,2.6767761584879883,0.4214391438005237,-0.04362069970041558,2.0275144180830007,0.1892655335454479,-0.09993675026795946,0.0,0.0,0.0,0.0,0.0,0.0,0.0,0.0,0.0
2.7833,-4.663118962041646,-1.4635254337805357,1.0,-4.824131488800049,-1.3910504579544067,1.0393035411834717,-0.004438105295045612,-0.1857805265440191,0.007704612495185517,-0.9825511033085218,1.3288909917125897,-1.237721236323519,0.0,1.1725589036941528,-1.2528499364852905,0.00889833178371191,4.018332224214187,0.33449834462188177,-0.421445669613787,4.018332224214187,0.33449834462188177,-0.421445669613787,2.706596723196321,-0.026156941649899398,-0.16104528959471112,2.2279919265137673,0.12566888147255223,-0.11797710799164707,0.0,0.0,0.0,0.0,0.0,0.0,0.0,0.0,0.0
2.8,-4.640707560435526,-1.4840832986699293,1.0,-4.8003950119018555,-1.4161226749420166,1.0397138595581055,-0.0025882379670539614,-0.18593729174705537,0.0067172382751208015,-0.9825352982403303,1.3610918093183209,-1.2295981504780733,0.0,1.2208350896835327,-1.247056007385254,0.017084188759326935,3.930460711728112,0.4261619954029051,-0.47393593227816494,3.930460711728112,0.4261619954029051,-0.47393593227816494,2.8971541400180283,0.34770571318195476,0.49125027051050923,2.425540842586561,0.19121821248263404,0.06187794932653547,0.0,0.0,0.0,0.0,0.0,0.0,0.0,0.0,0.0
2.8167,-4.617730670997332,-1.50452181064713,1.0,-4.788125991821289,-1.4286022186279297,1.0399900674819946,0.0005599419558915298,-0.18710235708044204,0.005107144368307652,-0.9823270085149893,1.3935285887735098,-1.2205176085474292,0.0,1.25016450881958,-1.243856430053711,0.024767892435193062,4.016690994339431,0.47777481817836875,-0.5227535678809669,4.016690994339431,0.47777481817836875,-0.5227535678809669,1.7579561856038413,0.19177729825514098,0.4605483096231619,2.2284576500327957,0.19138326482139667,0.17957272640385363,0.0,0.0,0.0,0.0,0.0,0.0,0.0,0.0,0.0
2.8333,-4.594234617759047,-1.5247808872733464,1.0,-4.7628254890441895,-1.4535350799560547,1.0407747030258179,0.004967849033979117,-0.18927764022578628,0.0031045790081610123,-0.9819062143794566,1.426108331751405,-1.2104813137629467,0.0,1.296567440032959,-1.2439684867858887,0.0373966321349144,3.9373211086049507,0.6192207251342617,-0.6038083003839585,3.9373211086049507,0.6192207251342617,-0.6038083003839585,2.7842581863439335,-0.006723602706607728,0.7577467839363118,2.3925401270243682,0.13289849661879902,0.35026027579313046,0.0,0.0,0.0,0.0,0.0,0.0,0.0,0.0,0.0
2.85,-4.570209945142499,-1.5448516741943514,1.0,-4.74986457824707,-1.465978980064392,1.0412973165512085,0.004967849033979117,-0.18927764022578628,0.0031045790081610123,-0.9819062143794566,1.4588178413957544,-1.199471095669137,0.0,1.3151497840881348,-1.2387986183166504,0.049948446452617645,4.088704730358144,0.6741603097816526,-0.6831076089128043,4.088704730358144,0.6741603097816526,-0.6831076089128043,1.115931446243718,0.31046776341222454,0.7537781166330197,2.0156619111779337,0.1853201897075087,0.46938611772689165,0.0,0.0,0.0,0.0,0.0,0.0,0.0,0.0,0.0
2.8666,-4.545635130430435,-1.5647342016577612,1.0,-4.723299503326416,-1.490660548210144,1.0425995588302612,0.008536348940411633,-0.1883348889815825,0.0010653880366584662,-0.9820671731939198,1.4916588266667732,-1.187462148615559,0.0,1.3626654148101807,-1.2269737720489502,0.06189293786883354,4.000456444663351,0.7583552980005774,-0.7627052652322401,4.000456444663351,0.7583552980005774,-0.7627052652322401,2.85191969204791,0.7097351211345001,0.7169163023568638,2.2625404928348045,0.3401370624852945,0.5424615524751781,0.0,0.0,0.0,0.0,0.0,0.0,0.0,0.0,0.0
2.8833,-4.520486925789433,-1.5844278664480307,1.0,-4.695860385894775,-1.515177845954895,1.0442086458206177,0.012712595865659102,-0.18645368547172297,-0.0007393821634265554,-0.9823812936558713,1.5246329271579127,-1.174426803282521,0.0,1.402361273765564,-1.21340012550354,0.07903624325990677,3.9568144990620735,0.8394167999763738,-0.8750847850622119,3.9568144990620735,0.8394167999763738,-0.8750847850622119,2.3807321083863586,0.8140702080503325,1.0281580664188175,2.297432817998878,0.4800507893932272,0.6858480407340368,0.0,0.0,0.0,0.0,0.0,0.0,0.0,0.0,0.0
2.9,-4.494783399738154,-1.6038991949964123,1.0,-4.681800365447998,-1.5273215770721436,1.0451161861419678,0.018977392990371468,-0.18673823465108821,-0.0024180489927669553,-0.9822234537081981,1.557686652946228,-1.1603585566597925,0.0,1.4290605783462524,-1.2093125581741333,0.085441455245018,4.059863733634353,0.9236234389057829,-0.919559049879707,4.059863733634353,0.9236234389057829,-0.919559049879707,1.6004487573423276,0.24502293807434508,0.38395058309871233,2.091670384131504,0.41066627195040645,0.5967223932939774,0.0,0.0,0.0,0.0,0.0,0.0,0.0,0.0,0.0
2.9167,-4.468540316230342,-1.6231184581983813,1.0,-4.653225421905518,-1.5513635873794556,1.0472012758255005,0.024860013029499188,-0.18807777213224178,-0.0040681402588169865,-0.9818311086954102,1.5907710166877098,-1.1452522503832705,0.0,1.4556392431259155,-1.1926912069320679,0.0958927795290947,4.092212775516794,1.000516249522173,-0.9942659759134482,4.092212775516794,1.000516249522173,-0.9942659759134482,1.59456173475226,0.997182171873212,0.6270172681370866,1.9449148249061698,0.5838164856817616,0.6056659940637765,0.0,0.0,0.0,0.0,0.0,0.0,0.0,0.0,0.0
2.9333,-4.441773780058087,-1.642057439668865,1.0,-4.624181747436523,-1.5752347707748413,1.0493183135986328,0.027414054097342662,-0.1870436939356709,-0.005171629046529171,-0.9819554418985174,1.623837988841532,-1.129105227339309,0.0,1.4714906215667725,-1.1876060962677002,0.09891820698976517,4.187313682336348,1.154244837929262,-1.0246461666864786,4.187313682336348,1.154244837929262,-1.0246461666864786,0.9519551552812817,0.3053865208115577,0.18169216506063773,1.6517749815621205,0.5016188710342563,0.48050117053886177,0.0,0.0,0.0,0.0,0.0,0.0,0.0,0.0,0.0
2.95,-4.414442021770914,-1.6607284486366687,1.0,-4.6095404624938965,-1.5871068239212036,1.05039644241333,0.027414054097342662,-0.1870436939356709,-0.005171629046529171,-0.9819554418985174,1.6569102270675662,-1.111879780744374,0.0,1.485543966293335,-1.1817890405654907,0.09360441565513611,4.366494990587847,1.2520782187530786,-0.9998334379150844,4.366494990587847,1.2520782187530786,-0.9998334379150844,0.8434548680670826,0.34912855589262204,-0.3189235912369069,1.413144109946466,0.45660094285496766,0.24449636933597824,0.0,0.0,0.0,0.0,0.0,0.0,0.0,0.0,0.0
2.9666,-4.386554291492516,-1.679106837470206,1.0,-4.5798773765563965,-1.6106716394424438,1.052554726600647,0.029671523597283155,-0.18548567246019296,-0.006108511342077861,-0.9821799581605348,1.6899460801638835,-1.0935683929198485,0.0,1.5030500888824463,-1.1637935638427734,0.09955864399671555,4.450539947644776,1.3440938686194228,-1.0481019261502649,4.450539947644776,1.3440938686194228,-1.0481019261502649,1.0504434907010014,1.0798068669527896,0.35727959585121605,1.3060682578662193,0.6405827223265677,0.27779203920442597,0.0,0.0,0.0,0.0,0.0,0.0,0.0,0.0,0.0
2.9833,-4.358105498487674,-1.6971778793250132,1.0,-4.549905300140381,-1.6339666843414307,1.054659128189087,0.03472994094035609,-0.1874447053941839,-0.007121300111794659,-0.9816352522903801,1.7229209713561349,-1.074155028450343,0.0,1.522267460823059,-1.1596646308898926,0.08589763939380646,4.523291695043945,1.526880195600898,-0.9784802405661264,4.523291695043945,1.526880195600898,-0.9784802405661264,1.1528125402251177,0.2476866087901715,-0.8194969357399277,1.2608243688794047,0.5245926084319579,-0.04614772195410502,0.0,0.0,0.0,0.0,0.0,0.0,0.0,0.0,0.0
3.0,-4.329095663752774,-1.7149233553850844,1.0,-4.5348219871521,-1.6455684900283813,1.0556155443191528,0.04016990843464209,-0.19140007122309788,-0.00865970222929077,-0.9806515869929844,1.7558037368473844,-1.0536272692984727,0.0,1.5267223119735718,-1.1502118110656738,0.08144693821668625,4.759602810834942,1.6280998568762066,-0.9584138997908109,4.759602810834942,1.6280998568762066,-0.9584138997908109,0.267012489639601,0.5665780673926091,-0.2667637507502358,0.9674329376807279,0.5369874833085002,-0.1112776059753916,0.0,0.0,0.0,0.0,0.0,0.0,0.0,0.0,0.0
3.0167,-4.299528275227663,-1.732323072357005,1.0,-4.504373550415039,-1.6685444116592407,1.0575052499771118,0.043988407641373024,-0.19463665942915104,-0.010305283782550108,-0.9798344438940552,1.788559048636398,-1.0319757148959503,0.0,1.5533504486083984,-1.141518235206604,0.08591312915086746,4.786061203112018,1.7998798011132375,-0.9965786894366726,4.786061203112018,1.7998798011132375,-0.9965786894366726,1.5957949934274447,0.520996456535406,0.26765391924329884,1.1529369014565396,0.5322666399282789,0.0005899062093594337,0.0,0.0,0.0,0.0,0.0,0.0,0.0,0.0,0.0
3.0333,-4.2694757039199285,-1.7493189702021064,1.0,-4.4889960289001465,-1.6799688339233398,1.0585392713546753,0.043988407641373024,-0.19463665942915104,-0.010305283782550108,-0.9798344438940552,1.821077888132532,-1.009244624658892,0.0,1.5603306293487549,-1.1310007572174072,0.09415940940380096,5.004989913175763,1.9117171480344262,-1.0531756077577494,5.004989913175763,1.9117171480344262,-1.0531756077577494,0.4192790754292752,0.6317541925043322,0.4953299762269609,0.9363477017451222,0.5616371838375238,0.1466462175153071,0.0,0.0,0.0,0.0,0.0,0.0,0.0,0.0,0.0
3.05,-4.238862996233912,-1.7659377889106624,1.0,-4.45788049697876,-1.702475666999817,1.0608038902282715,0.04852812898817843,-0.19702807161365918,-0.012893437455907115,-0.9791112039736082,1.8534120032647052,-0.9853687698219534,0.0,1.5943127870559692,-1.11532461643219,0.10582050681114197,4.98281791554474,2.0573321419355297,-1.136491269158297,4.98281791554474,2.0573321419355297,-1.136491269158297,2.0397484150721983,0.9409462340970562,0.699946870930349,1.2620917597818413,0.6736161483145645,0.3099906833842158,0.0,0.0,0.0,0.0,0.0,0.0,0.0,0.0,0.0
3.0667,-4.2076757322287826,-1.7821685568775312,1.0,-4.426233768463135,-1.7247432470321655,1.0632466077804565,0.05549088846094334,-0.2013035585620816,-0.015490357673754344,-0.9778332272330609,1.8855433426926191,-0.9603255133320369,0.0,1.621220350265503,-1.1071529388427734,0.10697145015001297,4.999952863947549,2.2562597112725657,-1.1577222938845022,4.999952863947549,2.2562597112725657,-1.1577222938845022,1.611734715736258,0.489474886822901,0.06894029461748283,1.3653127509964667,0.6192542822709681,0.23882820280955547,0.0,0.0,0.0,0.0,0.0,0.0,0.0,0.0,0.0
3.0834,-4.175954256349298,-1.797972230259285,1.0,-4.41017484664917,-1.7358020544052124,1.0644376277923584,0.062187964737407696,-0.208576792794402,-0.01756554205388523,-0.9758688047708166,1.9173975612322558,-0.9341370943381875,0.0,1.632235050201416,-1.0946952104568481,0.1080363392829895,5.189481245542558,2.3826460293078062,-1.1722148934299081,5.189481245542558,2.3826460293078062,-1.1722148934299081,0.6608070029894297,0.7473788851858739,0.0638860977214538,1.1573297775452067,0.657079006855384,0.18718209587433887,0.0,0.0,0.0,0.0,0.0,0.0,0.0,0.0,0.0
3.1,-4.143808490907116,-1.813280792010177,1.0,-4.3776164054870605,-1.75759756565094,1.0668894052505493,0.06775019497086773,-0.21541502940324148,-0.018877531301180875,-0.9739866529568656,1.9488368594013383,-0.9068893778622114,0.0,1.6685909032821655,-1.0754897594451904,0.1115703284740448,5.1419442121055505,2.53116753772089,-1.207902384907312,5.1419442121055505,2.53116753772089,-1.207902384907312,2.186232060674705,1.1549054466730706,0.21251379948099614,1.4610805373387603,0.8040464709375976,0.19466047778052306,0.0,0.0,0.0,0.0,0.0,0.0,0.0,0.0,0.0
3.1167,-4.110955837126808,-1.8282096789564262,1.0,-4.344493389129639,-1.7789827585220337,1.0694832801818848,0.07469666468668316,-0.21857497356527758,-0.020916975153774515,-0.9727321520109388,1.9801028686208866,-0.8783325008629472,0.0,1.6966068744659424,-1.0515038967132568,0.11555010080337524,5.141780543449964,2.6593467917496927,-1.2470759102181557,5.141780543449964,2.6593467917496927,-1.2470759102181557,1.6741583439000414,1.4333300089757655,0.23782038496060637,1.5239850003760798,0.9898224731282851,0.20740207123747872,0.0,0.0,0.0,0.0,0.0,0.0,0.0,0.0,0.0
3.1333,-4.077796877182123,-1.8425612656966763,1.0,-4.327686786651611,-1.7895443439483643,1.070744514465332,0.07469666468668316,-0.21857497356527758,-0.020916975153774515,-0.9727321520109388,2.010783654535657,-0.8488082737348472,0.0,1.718174934387207,-1.0467345714569092,0.11137576401233673,5.258025355445527,2.8569717980267764,-1.2306853709157632,5.258025355445527,2.8569717980267764,-1.2306853709157632,1.2989532329164453,0.2872363338741869,-0.25140268943038063,1.4575515095924392,0.7824062032666391,0.0719545200610163,0.0,0.0,0.0,0.0,0.0,0.0,0.0,0.0,0.0
3.15,-4.044040558378752,-1.8564492041226,1.0,-4.293641090393066,-1.8103312253952026,1.0732104778289795,0.08004758642677777,-0.2200881297205157,-0.022476113520738007,-0.9719303082180191,2.04112155665196,-0.8180548217304944,0.0,1.7479667663574219,-1.0216107368469238,0.10497982054948807,5.237309644828907,2.9935797328768845,-1.207079140791576,5.237309644828907,2.9935797328768845,-1.207079140791576,1.7880487665273883,1.507884494304848,-0.3838722919409307,1.5551203405200318,0.9965806547474212,-0.06261388623966085,0.0,0.0,0.0,0.0,0.0,0.0,0.0,0.0,0.0
3.1667,-4.009758379737785,-1.8698243346346721,1.0,-4.259042739868164,-1.830716848373413,1.0755774974822998,0.08759183016337929,-0.2258057501160793,-0.024304275221746555,-0.9699220108864749,2.071015947929804,-0.786127817670618,0.0,1.766526222229004,-0.9985698461532593,0.10366162657737732,5.278842475367396,3.1503628817426637,-1.213525548036456,5.278842475367396,3.1503628817426637,-1.213525548036456,1.113027066443615,1.3817826963496762,-0.07905326427315232,1.424606325630408,1.1102993379782822,-0.0674670911067143,0.0,0.0,0.0,0.0,0.0,0.0,0.0,0.0,0.0
3.1834,-3.974877245037715,-1.8826950640319595,1.0,-4.241573810577393,-1.840744137763977,1.0766892433166504,0.09438735094125296,-0.2298071982554839,-0.026304227477285513,-0.9682911807301944,2.1004933642752506,-0.7529499609279363,0.0,1.781839370727539,-0.9909678101539612,0.09398055076599121,5.4238423284859305,3.358003031125761,-1.1635626118537186,5.4238423284859305,3.358003031125761,-1.1635626118537186,0.9157506023924604,0.45461382722386184,-0.5789437101672441,1.2743828154942458,0.91672899087836,-0.2184643375932594,0.0,0.0,0.0,0.0,0.0,0.0,0.0,0.0,0.0
3.2,-3.9396894201173254,-1.894939958360148,1.0,-4.206316947937012,-1.8605067729949951,1.0787222385406494,0.10110517927225288,-0.2310139678954721,-0.02896757112838594,-0.9672493106350051,2.1292777070225055,-0.7187966118212502,0.0,1.798132300376892,-0.9603539109230042,0.08631715923547745,5.4691677341442,3.4847550156757716,-1.1303707478408125,5.4691677341442,3.4847550156757716,-1.1303707478408125,0.9777865216769209,1.8372299327514665,-0.45990261482329375,1.1868221685055507,1.1884776934220076,-0.28974132993193735,0.0,0.0,0.0,0.0,0.0,0.0,0.0,0.0,0.0
3.2167,-3.903899894150843,-1.9066475599450992,1.0,-4.170582294464111,-1.8796923160552979,1.0805641412734985,0.11171441032119543,-0.23271911875074552,-0.03353540442314812,-0.9655242822723027,2.1575803126462403,-0.6833788004672064,0.0,1.822203516960144,-0.9269039034843445,0.07557902485132217,5.463039783348485,3.60190839340285,-1.077840880860391,5.463039783348485,3.60190839340285,-1.077840880860391,1.4421494686321563,2.004049537195749,-0.6433407610558793,1.2621994542606179,1.4292494083598037,-0.3941303449312825,0.0,0.0,0.0,0.0,0.0,0.0,0.0,0.0,0.0
3.2333,-3.867806557122305,-1.9177058464970362,1.0,-4.15252161026001,-1.889044165611267,1.0813931226730347,0.11171441032119543,-0.23271911875074552,-0.03353540442314812,-0.9655242822723027,2.185134949160205,-0.6469886685680484,0.0,1.8387482166290283,-0.9145358204841614,0.06259860843420029,5.585511264414695,3.804710070980942,-1.0068099093757166,5.585511264414695,3.804710070980942,-1.0068099093757166,0.9950600820212796,0.7438627434110529,-0.780690764002409,1.1833350289221243,1.2269107376773611,-0.5082500460187674,0.0,0.0,0.0,0.0,0.0,0.0,0.0,0.0,0.0
3.25,-3.831144604941374,-1.9281818920012892,1.0,-4.1160173416137695,-1.9072608947753906,1.0828008651733398,0.11669276972552192,-0.23562101883277364,-0.0355030300458792,-0.9641603681076417,2.2121136178060286,-0.6093575603469215,0.0,1.8649412393569946,-0.8744103908538818,0.05125885829329491,5.554729111526368,3.895479144979655,-0.9485699103435774,5.554729111526368,3.895479144979655,-0.9485699103435774,1.5717177642026352,2.4077347315412236,-0.6804440603585173,1.2979927110620966,1.5755115632364811,-0.5590848663367024,0.0,0.0,0.0,0.0,0.0,0.0,0.0,0.0,0.0
3.2667,-3.794095182485066,-1.938006695201296,1.0,-4.079012870788574,-1.9247043132781982,1.0841097831726074,0.12251889718257684,-0.23953939026540724,-0.0367355724837318,-0.962424339417478,2.23834850842751,-0.570667385966793,0.0,1.8816667795181274,-0.8262352347373962,0.04825442656874657,5.573351570600403,3.9431180112580098,-0.939889240571075,5.573351570600403,3.9431180112580098,-0.939889240571075,1.0043666871877104,2.8929123655990954,-0.18041576588829872,1.2113089420498167,1.9644323589539852,-0.4472948267406221,0.0,0.0,0.0,0.0,0.0,0.0,0.0,0.0,0.0
3.2834,-3.756529816816507,-1.9471981220095418,1.0,-4.060307025909424,-1.9331085681915283,1.0847481489181519,0.1317261765360773,-0.24052090080517285,-0.03941219239211313,-0.9608562659186302,2.2638972860961504,-0.5307814349400848,0.0,1.8967421054840088,-0.8057386875152588,0.051198046654462814,5.689610652863381,4.121417523903713,-0.9635707158352158,5.689610652863381,4.121417523903713,-0.9635707158352158,0.9035639263207533,1.2284935480644192,0.1764306077537547,1.1204569885814455,1.7471697708203997,-0.2631596783045815,0.0,0.0,0.0,0.0,0.0,0.0,0.0,0.0,0.0
3.3,-3.7186139297268372,-1.9556999713245011,1.0,-4.02239990234375,-1.949206829071045,1.0860862731933594,0.13762768890005,-0.24185279917003383,-0.04135402414355559,-0.9596123016848311,2.288614691522526,-0.4898737044005682,0.0,1.929068684577942,-0.7537153363227844,0.05554966256022453,5.600749841610384,4.15782619371915,-0.9992387251379693,5.600749841610384,4.15782619371915,-0.9992387251379693,1.940845977669625,3.123414686515889,0.2612653879186945,1.3626508128616819,2.153462424320038,-0.1083398135496932,0.0,0.0,0.0,0.0,0.0,0.0,0.0,0.0,0.0
3.3167,-3.6801757100854915,-1.9635341681419736,1.0,-4.003137111663818,-1.9568833112716675,1.0867985486984253,0.13762768890005,-0.24185279917003383,-0.04135402414355559,-0.9596123016848311,2.312578621390436,-0.44775702596893496,0.0,1.9520167112350464,-0.7242839932441711,0.05789637565612793,5.657211402243451,4.297583242655855,-1.0197825206335676,5.657211402243451,4.297583242655855,-1.0197825206335676,1.3726807284758766,1.7604928763958414,0.14037319592407194,1.3656118272732842,2.0374506312519487,-0.0349151872883779,0.0,0.0,0.0,0.0,0.0,0.0,0.0,0.0,0.0
3.3334,-3.6414790943240183,-1.9706323929489356,1.0,-3.9640090465545654,-1.9714088439941406,1.0883501768112183,0.14390263287854138,-0.2443841863068027,-0.04398461969336295,-0.9579321175689444,2.3355932730620665,-0.4047209811673748,0.0,1.991438865661621,-0.6693233847618103,0.06574656069278717,5.5088065447846,4.326533229411664,-1.077584710198904,5.5088065447846,4.326533229411664,-1.077584710198904,2.3669906665139715,3.2999527599633534,0.4713419391319285,1.6612371633697174,2.4101643350943203,0.11454116957123149,0.0,0.0,0.0,0.0,0.0,0.0,0.0,0.0,0.0
3.35,-3.6024528671644065,-1.9769982961914838,1.0,-3.924004554748535,-1.9848917722702026,1.0900481939315796,0.14841862554963517,-0.2464231243972142,-0.04579946299024203,-0.956634753278082,2.3576769509022855,-0.3606913344445118,0.0,2.0345962047576904,-0.610462486743927,0.06756378710269928,5.327280240069314,4.335469816885877,-1.0999701396772377,5.327280240069314,4.335469816885877,-1.0999701396772377,2.597766966604957,3.5430102897489992,0.10938419368263946,1.937717878755794,2.7446011665578416,0.11301873603203046,0.0,0.0,0.0,0.0,0.0,0.0,0.0,0.0,0.0
3.3667,-3.5628845480084204,-1.9826476526146566,1.0,-3.8831090927124023,-1.9971680641174316,1.0918036699295044,0.15321123852421809,-0.24697477396066117,-0.04683555896718536,-0.9556863227460414,2.378912356357229,-0.31542634351993193,0.0,2.0740764141082764,-0.5470551252365112,0.07167138904333115,5.158309412154622,4.321319186120408,-1.1364614367232786,5.158309412154622,4.321319186120408,-1.1364614367232786,2.362495006562803,3.7942953546767106,0.2457988251155624,2.063119850769946,3.0544900767293566,0.15221784522430964,0.0,0.0,0.0,0.0,0.0,0.0,0.0,0.0,0.0
3.3833,-3.5231521532003036,-1.9875117902850459,1.0,-3.8623697757720947,-2.0028774738311768,1.0926908254623413,0.15870434265776417,-0.24766280018917727,-0.04726343377326804,-0.9545900832162729,2.399065079118774,-0.2693601822589601,0.0,2.0847795009613037,-0.5147237777709961,0.0722234696149826,5.2552612270804255,4.4679972621027435,-1.1472920963119702,5.2552612270804255,4.4679972621027435,-1.1472920963119702,0.6437051907083453,1.944472325781474,0.03320323702322914,1.644082699696237,2.7267925482437336,0.11708255758780595,0.0,0.0,0.0,0.0,0.0,0.0,0.0,0.0,0.0
3.4,-3.482956990815809,-1.9916141040652489,1.0,-3.8202483654022217,-2.0134336948394775,1.094438910484314,0.16311935938235994,-0.24714468107789875,-0.04787759764976874,-0.9539493668252104,2.4182572709810315,-0.22215000004973115,0.0,2.1234817504882812,-0.44854024052619934,0.07083253562450409,5.071257662501188,4.445420241257286,-1.1508392462618655,5.071257662501188,4.445420241257286,-1.1508392462618655,2.318919459444016,3.9655134853289904,-0.08334047598640039,1.8433068455369246,3.092485609656129,0.057914014834526975,0.0,0.0,0.0,0.0,0.0,0.0,0.0,0.0,0.0
3.4167,-3.442536988949695,-1.9949143356999455,1.0,-3.7772419452667236,-2.0226759910583496,1.0960853099822998,0.16619826832559975,-0.2441247777225742,-0.0488317180063584,-0.9541471198384235,2.436341967184798,-0.17407707280445892,0.0,2.1653106212615967,-0.387046217918396,0.06295949220657349,4.856269173114635,4.452115896592062,-1.1150329831989563,4.856269173114635,4.452115896592062,-1.1150329831989563,2.511962544564237,3.6929201924315964,-0.47280239250891287,2.040706229278279,3.2697448729650223,-0.09876316880934045,0.0,0.0,0.0,0.0,0.0,0.0,0.0,0.0,0.0
3.4333,-3.401779950798942,-1.9974085314765642,1.0,-3.7554285526275635,-2.0268139839172363,1.0968427658081055,0.16619826832559975,-0.2441247777225742,-0.0488317180063584,-0.9541471198384235,2.4533402470007917,-0.1250124076761686,0.0,2.1868910789489746,-0.34998568892478943,0.05384029820561409,4.861821854954836,4.588409635745996,-1.0673334183284293,4.861821854954836,4.588409635745996,-1.0673334183284293,1.294736089257617,2.2234748247747103,-0.5471130292518953,1.8204822094370665,2.9608668314853084,-0.23112424234932324,0.0,0.0,0.0,0.0,0.0,0.0,0.0,0.0,0.0
3.45,-3.360779658853018,-1.9990762449365733,1.0,-3.7111732959747314,-2.0340464115142822,1.0982401371002197,0.16954085322147977,-0.24032371940859268,-0.050115806039939766,-0.9544573627903122,2.469181620016516,-0.07507268264073018,0.0,2.2237682342529297,-0.27928677201271057,0.05234794318675995,4.655355855583787,4.546130726516491,-1.0686390326967636,4.655355855583787,4.546130726516491,-1.0686390326967636,2.2138348576581217,4.2442462106573915,-0.0895900872371792,1.9366071007149237,3.3397438812486775,-0.18934077286251141,0.0,0.0,0.0,0.0,0.0,0.0,0.0,0.0,0.0
3.4667,-3.319386703737442,-1.9999060367222747,1.0,-3.6887638568878174,-2.037184715270996,1.0989073514938354,0.1737859575604819,-0.2366765945562631,-0.05143651968487716,-0.9545349972852694,2.483888277510695,-0.0240783343161095,0.0,2.243173599243164,-0.25389641523361206,0.04700055345892906,4.655949495399672,4.764219413180048,-1.043203238561274,4.655949495399672,4.764219413180048,-1.043203238561274,1.1588524240051257,1.5162650387983199,-0.31933620168007404,1.7069997046995948,2.801419598230196,-0.22771779944750703,0.0,0.0,0.0,0.0,0.0,0.0,0.0,0.0,0.0
3.4833,-3.277970121838337,-1.9998786674366478,1.0,-3.6434295177459717,-2.042449712753296,1.100250244140625,0.1766311701312629,-0.23304580687608759,-0.052341033200769466,-0.954856872767347,2.4973022668685783,0.027509301222996035,0.0,2.2789065837860107,-0.1782928854227066,0.05041714012622833,4.434346931916952,4.697487209508464,-1.0737448871256685,4.434346931916952,4.697487209508464,-1.0737448871256685,2.1530052289835084,4.555309249841981,0.2058582302620238,1.8386686873568236,3.3191998801931617,-0.09971823076935432,0.0,0.0,0.0,0.0,0.0,0.0,0.0,0.0,0.0
3.5,-3.2362193829455714,-1.9989827495224055,1.0,-3.597338914871216,-2.046257495880127,1.1017104387283325,0.17992181693888734,-0.22846036673535997,-0.05355591610909596,-0.9552831038463376,2.5094984751333174,0.08006940594129207,0.0,2.3159685134887695,-0.10298197716474533,0.05228518322110176,4.192922032001247,4.633694781961856,-1.0956474703153969,4.192922032001247,4.633694781961856,-1.0956474703153969,2.2217473952005946,4.514654676490346,0.111983372518473,1.9517605236528395,3.672119986045833,-0.03722004809198379,0.0,0.0,0.0,0.0,0.0,0.0,0.0,0.0,0.0
3.5167,-3.1942934204131923,-1.9972045761594024,1.0,-3.574005365371704,-2.047602891921997,1.102435827255249,0.17992181693888734,-0.22846036673535997,-0.05355591610909596,-0.9552831038463376,2.520395919320155,0.13339766742784429,0.0,2.3270578384399414,-0.06513196974992752,0.05394427850842476,4.212412074536767,4.789376518660634,-1.1126438020639977,4.212412074536767,4.789376518660634,-1.1126438020639977,0.6653030281357726,2.270807705511293,0.09953726881320536,1.571974757684003,3.258426988275673,0.003153211447232067,0.0,0.0,0.0,0.0,0.0,0.0,0.0,0.0,0.0
3.5334,-3.1522173306237757,-1.9945325975355825,1.0,-3.5269856452941895,-2.049220561981201,1.103870153427124,0.18343261254135235,-0.22461707464499248,-0.05493593036988821,-0.9554484459330458,2.529960599573333,0.18745461030999722,0.0,2.3518223762512207,0.002874946454539895,0.04849991202354431,4.022057615748031,4.772246582502421,-1.0906108757516346,4.022057615748031,4.772246582502421,-1.0906108757516346,1.4861713239186733,4.081236220172304,-0.3267277349730294,1.5466440157598602,3.5013353124690747,-0.09423367335177806,0.0,0.0,0.0,0.0,0.0,0.0,0.0,0.0,0.0
3.55,-3.109976224366887,-1.9909522758454399,1.0,-3.4795737266540527,-2.0494813919067383,1.1051208972930908,0.18616184620465448,-0.22096874465621333,-0.05556754304167242,-0.955734791621829,2.5381671296420873,0.24225196505910257,0.0,2.3676631450653076,0.07195442914962769,0.033767685294151306,3.873831856248313,4.748750195216754,-1.011976013156426,3.873831856248313,4.748750195216754,-1.011976013156426,0.9502431350114416,4.1438837326364055,-0.8837448155034325,1.370575575015545,3.6910273503138473,-0.327311792844937,0.0,0.0,0.0,0.0,0.0,0.0,0.0,0.0,0.0
3.5667,-3.0674764208028127,-1.9864372089540936,1.0,-3.431849479675293,-2.048372983932495,1.106140375137329,0.18847653005144852,-0.21460606674419044,-0.0557871281224142,-0.956717656129103,2.54499755574223,0.2979061900581584,0.0,2.38259220123291,0.14768685400485992,0.023978006094694138,3.895963350077225,4.924109497703433,-0.9985729000980665,3.895963350077225,4.924109497703433,-0.9985729000980665,0.3355545114120143,2.192184852562186,-0.19518391016331355,1.0650184393897364,3.2485416498076956,-0.28830522690323684,0.0,0.0,0.0,0.0,0.0,0.0,0.0,0.0,0.0
3.5834,-3.025047666910634,-1.9810101500317243,1.0,-3.40783429145813,-2.047295570373535,1.1065587997436523,0.1921178399557726,-0.20757138762570876,-0.056328799419476154,-0.9575133886289886,2.5503726359860313,0.3539764329326657,0.0,2.3972837924957275,0.17554409801959991,0.018708275631070137,3.6767155889526495,4.915605674748302,-0.9358907273347778,3.6767155889526495,4.915605674748302,-0.9358907273347778,0.8836452283645229,1.6755108625510862,-0.31695492310174234,1.011473752437019,2.7841542102594548,-0.2967631408673127,0.0,0.0,0.0,0.0,0.0,0.0,0.0,0.0,0.0
3.6,-2.9826352631169457,-1.9746593690515712,1.0,-3.359593391418457,-2.0440876483917236,1.1072657108306885,0.19590834970382526,-0.20229018599267426,-0.057203051498137696,-0.9578238844619683,2.5542852233974087,0.41052146539944384,0.0,2.406075954437256,0.2509482800960541,0.00561725627630949,3.536457635921447,4.854053493762227,-0.864444406122244,3.536457635921447,4.854053493762227,-0.864444406122244,0.5290514174222426,4.537301481980948,-0.7877268857418512,0.8690538616419322,3.30171532810992,-0.44170461196905364,0.0,0.0,0.0,0.0,0.0,0.0,0.0,0.0,0.0
3.6167,-2.9400042864620164,-1.967334004747104,1.0,-3.335505723953247,-2.041917085647583,1.107579231262207,0.19590834970382526,-0.20229018599267426,-0.057203051498137696,-0.9578238844619683,2.556725963624867,0.4678465300631749,0.0,2.400268316268921,0.2924557626247406,0.011796591803431511,3.59507572404043,5.008288968199148,-0.9066768137757446,3.59507572404043,5.008288968199148,-0.9066768137757446,-0.3481846769582619,2.4884934248141795,0.3704690068431961,0.5097027969079565,3.0616373585523857,-0.201936115151119,0.0,0.0,0.0,0.0,0.0,0.0,0.0,0.0,0.0
3.6333,-2.897411078484812,-1.959061550914937,1.0,-3.287226915359497,-2.0363729000091553,1.1082299947738647,0.20078656226918928,-0.19385031184704862,-0.058789585316633225,-0.958462619951151,2.5576480699401913,0.525598992850293,0.0,2.407972574234009,0.3715563714504242,0.007457701023668051,3.4407406902827495,4.924753196705288,-0.887502472519385,3.4407406902827495,4.924753196705288,-0.887502472519385,0.4625735430951802,4.749302145812159,-0.2605125750193252,0.4957893797750953,3.559866850130317,-0.21922895673843312,0.0,0.0,0.0,0.0,0.0,0.0,0.0,0.0,0.0
3.65,-2.854789701148515,-1.9498173734472086,1.0,-3.263085126876831,-2.032989263534546,1.1085401773452759,0.20078656226918928,-0.19385031184704862,-0.058789585316633225,-0.958462619951151,2.557028674567236,0.583857501671152,0.0,2.404256820678711,0.41439637541770935,0.006623241119086742,3.4651810685023148,5.074878512727777,-0.8876642143621449,3.4651810685023148,5.074878512727777,-0.8876642143621449,-0.22297094295892528,2.570696882555761,-0.050073372471279166,0.2835981953257164,3.267845796097997,-0.1692911365129884,0.0,0.0,0.0,0.0,0.0,0.0,0.0,0.0,0.0
3.6667,-2.812103355890223,-1.9395764652795768,1.0,-3.21464204788208,-2.0251071453094482,1.109107494354248,0.20474174304709655,-0.18506109827918438,-0.06033978855171249,-0.9592665710864963,2.554834983987189,0.6426637140917932,0.0,2.417839288711548,0.48913127183914185,0.006363247986882925,3.2534379949707852,5.016710114613862,-0.8925881589253333,3.2534379949707852,5.016710114613862,-0.8925881589253333,0.8126239212609657,4.471305541687469,-0.015555099270736752,0.43977625891637073,3.623129109292619,-0.1239054484008486,0.0,0.0,0.0,0.0,0.0,0.0,0.0,0.0,0.0
3.6834,-2.769511971476459,-1.9283626348778922,1.0,-3.166053056716919,-2.0156164169311523,1.109807014465332,0.20523050951256527,-0.1804745623203955,-0.060465512600820434,-0.9600277853174516,2.5510472490573988,0.7017871023561686,0.0,2.4169256687164307,0.5766935348510742,0.018776895478367805,3.1164785642790576,4.877429188204038,-0.9742282936350204,3.1164785642790576,4.877429188204038,-0.9742282936350204,-0.05481097936006179,5.253139616380358,0.7447343316425414,0.293765066333806,4.104338003584732,0.13253289127564777,0.0,0.0,0.0,0.0,0.0,0.0,0.0,0.0,0.0
3.7,-2.7271392645680574,-1.916202123420276,1.0,-3.1417148113250732,-2.0102477073669434,1.110285758972168,0.20695497679534686,-0.17461430908693693,-0.05981931711945138,-0.9607815395562204,2.545662115938899,0.7610417784607288,0.0,2.4191665649414062,0.6156512498855591,0.0294476468116045,3.0704687440365723,5.053019895912263,-1.0443142984928055,3.0704687440365723,5.053019895912263,-1.0443142984928055,0.134762348555452,2.342827442827443,0.6417144598179081,0.24682455786538784,3.58430788995046,0.2828525969012973,0.0,0.0,0.0,0.0,0.0,0.0,0.0,0.0,0.0
3.7167,-2.684662604844271,-1.9029870966779998,1.0,-3.093012809753418,-1.998147964477539,1.1114581823349,0.21041376318674943,-0.1716432038796539,-0.05874326593011975,-0.9606320446845522,2.53861027767463,0.8208683276448866,0.0,2.4213972091674805,0.7013972997665405,0.03940114378929138,2.8914586747089706,4.920037807551315,-1.1136227643804784,2.8914586747089706,4.920037807551315,-1.1136227643804784,0.13347599686140238,5.1308224552393185,0.595591585526785,0.21336199092293195,4.040867256122227,0.3751788624462862,0.0,0.0,0.0,0.0,0.0,0.0,0.0,0.0,0.0
3.7333,-2.6425848509175376,-1.8888635000329919,1.0,-3.044377326965332,-1.9845725297927856,1.112800121307373,0.21180096480230176,-0.1679101086759852,-0.05844908092751379,-0.9610047914127825,2.5299549957068677,0.8805457570891171,0.0,2.417790412902832,0.7708027362823486,0.042337752878665924,2.73555349775447,4.878222066238418,-1.1416966772848252,2.73555349775447,4.878222066238418,-1.1416966772848252,-0.21730012353127065,4.181497601195093,0.17692308382889482,0.0862226632873862,4.08238390436601,0.3166501329683715,0.0,0.0,0.0,0.0,0.0,0.0,0.0,0.0,0.0
3.75,-2.600464515614247,-1.8736728919651877,1.0,-3.020059823989868,-1.977255940437317,1.1134922504425049,0.21180096480230176,-0.1679101086759852,-0.05844908092751379,-0.9610047914127825,2.519586046524881,0.9406870607274146,0.0,2.409613609313965,0.8127869367599487,0.04542258754372597,2.7174340275952256,5.037425294855618,-1.1674523788104931,2.7174340275952256,5.037425294855618,-1.1674523788104931,-0.4902229845626072,2.517074042309891,0.18494474521154947,-0.08395462797253125,3.6202758230565566,0.27776829525064517,0.0,0.0,0.0,0.0,0.0,0.0,0.0,0.0,0.0
3.7667,-2.5585754883316483,-1.857495543331759,1.0,-2.971630573272705,-1.9614253044128418,1.1149120330810547,0.2113743320111612,-0.1611461519363791,-0.05935957929589461,-0.962200286770794,2.507538521524938,1.0008909741320187,0.0,2.403064250946045,0.8857070803642273,0.04192591831088066,2.556851588416019,4.970571306078127,-1.1574016192615897,2.556851588416019,4.970571306078127,-1.1574016192615897,-0.39296749828336003,4.375275377660792,-0.20980335531586175,-0.1751808752867161,3.8431654911184236,0.1338282323878111,0.0,0.0,0.0,0.0,0.0,0.0,0.0,0.0,0.0
3.7833,-2.5168859351191486,-1.840307681173393,1.0,-2.9234063625335693,-1.9441816806793213,1.116144061088562,0.21321061751722023,-0.15560212387311972,-0.060514950854123686,-0.9626355372753661,2.4937827618216715,1.0611901344099,0.0,2.390554428100586,0.9573874473571777,0.02767918072640896,2.4208696686988924,4.906490760300229,-1.0819531864757561,2.4208696686988924,4.906490760300229,-1.0819531864757561,-0.7505149330587023,4.300395497196476,-0.8547194821704428,-0.34503000483846175,3.9781481459573182,-0.15800912118083488,0.0,0.0,0.0,0.0,0.0,0.0,0.0,0.0,0.0
3.8,-2.4754334878967805,-1.8221114310376112,1.0,-2.8993875980377197,-1.935086965560913,1.116690754890442,0.21385641787188447,-0.1528490653866078,-0.06022262031285211,-0.9629516386391977,2.478308041412153,1.121517478467758,0.0,2.3787577152252197,0.9896721243858337,0.027811259031295776,2.38973185497653,5.121619761342218,-1.0893712060616405,2.38973185497653,5.121619761342218,-1.0893712060616405,-0.7073683307599932,1.9358916623777664,0.007919834198261566,-0.45199890130764875,3.375236704558054,-0.10902386077801811,0.0,0.0,0.0,0.0,0.0,0.0,0.0,0.0,0.0
3.8167,-2.4342152990626893,-1.802891247863523,1.0,-2.8516619205474854,-1.9158016443252563,1.11777925491333,0.2146357473451653,-0.1469915885767949,-0.06019518271447155,-0.9636916951522005,2.461089151130472,1.1818645951144207,0.0,2.3656704425811768,1.0623785257339478,0.02223203517496586,2.235396165466652,5.04518327956625,-1.0652689958643702,2.235396165466652,5.04518327956625,-1.0652689958643702,-0.7843058810081728,4.357214808252843,-0.3343567602660456,-0.5501019954729389,3.665134588923409,-0.1755462512403962,0.0,0.0,0.0,0.0,0.0,0.0,0.0,0.0,0.0
3.8333,-2.3934270669366655,-1.7827297936134188,1.0,-2.8042047023773193,-1.8951259851455688,1.118820309638977,0.21546525000742037,-0.13834502562752732,-0.06026974048948731,-0.9647813176267527,2.442193448926776,1.2419304855022326,0.0,2.3460750579833984,1.137973427772522,0.02109443210065365,2.1089844448244013,4.944138028504828,-1.0676020720413373,2.1089844448244013,4.944138028504828,-1.0676020720413373,-1.1778809636413146,4.544018802757355,-0.0683814598649985,-0.7354338211382115,3.9245972726980365,-0.1439092461164628,0.0,0.0,0.0,0.0,0.0,0.0,0.0,0.0,0.0
3.85,-2.3528480991852154,-1.7615059684210386,1.0,-2.7805869579315186,-1.884194016456604,1.119329810142517,0.21546525000742037,-0.13834502562752732,-0.06026974048948731,-0.9647813176267527,2.4214992296527935,1.3020265836754612,0.0,2.339374542236328,1.1752502918243408,0.022151155397295952,2.012223041738293,5.123983201122737,-1.0804714970448241,2.012223041738293,5.123983201122737,-1.0804714970448241,-0.40163489296024235,2.2344084945837026,0.06334093734815789,-0.6368902765132156,3.4256226528874683,-0.08272520393195473,0.0,0.0,0.0,0.0,0.0,0.0,0.0,0.0,0.0
3.8667,-2.312724537800883,-1.739335264329313,1.0,-2.733628749847412,-1.8611657619476318,1.1203880310058594,0.2165065142416623,-0.13346913574864294,-0.060303668702538546,-0.96523283681485,2.3991110407238843,1.36177510464666,0.0,2.3244130611419678,1.252100944519043,0.021003779023885727,1.8357925235415906,5.005154169851753,-1.0828868534384366,1.8357925235415906,5.005154169851753,-1.0828868534384366,-0.8986796127627885,4.616128200721773,-0.06891856150111703,-0.714175273441976,3.7770816501337574,-0.07864923073476333,0.0,0.0,0.0,0.0,0.0,0.0,0.0,0.0,0.0
3.8833,-2.272928699455855,-1.7161365165972544,1.0,-2.6870155334472656,-1.8366776704788208,1.121358036994934,0.21897003178143848,-0.12808446228542522,-0.05988531908421944,-0.9654326971704886,2.37494144305776,1.4213520737114909,0.0,2.3077149391174316,1.3294848203659058,0.011882475577294827,1.6588263489978303,4.876465458089541,-1.0370550211624856,1.6588263489978303,4.876465458089541,-1.0370550211624856,-1.0017163207803539,4.642240084671825,-0.5471847981356466,-0.7990626461623587,4.0324922329866135,-0.2169694939141286,0.0,0.0,0.0,0.0,0.0,0.0,0.0,0.0,0.0
3.9,-2.233514526089215,-1.69192456508477,1.0,-2.6638453006744385,-1.8239105939865112,1.1218384504318237,0.2195457103168927,-0.1227498566440604,-0.05914286020085161,-0.9660405390197127,2.348997775116748,1.4806641248129455,0.0,2.2907655239105225,1.3659671545028687,0.016166288405656815,1.5882463651478833,5.051987833460152,-1.0692271690292738,1.5882463651478833,5.051987833460152,-1.0692271690292738,-1.0154841658691274,2.1857528532861,0.2566545242797149,-0.8629542344351127,3.4873010142262353,-0.07714702705626372,0.0,0.0,0.0,0.0,0.0,0.0,0.0,0.0,0.0
3.9167,-2.194638073708912,-1.6667858326449914,1.0,-2.617957830429077,-1.7972602844238281,1.122812271118164,0.21989640370663974,-0.115123373869302,-0.05876682601843736,-0.9669222510905606,2.3213694736109742,1.5394619888939725,0.0,2.269045114517212,1.4310249090194702,0.015418415889143944,1.420174106556634,4.984747754079738,-1.073697153928789,1.420174106556634,4.984747754079738,-1.073697153928789,-1.3050179776246615,3.9088369694452005,-0.04493410144107493,-0.9934595312671808,3.6117461328517004,-0.06763718264127634,0.0,0.0,0.0,0.0,0.0,0.0,0.0,0.0,0.0
3.9333,-2.156196692145776,-1.640644383448691,1.0,-2.5725386142730713,-1.7693158388137817,1.1238149404525757,0.21969539484937917,-0.10752000864095183,-0.05898388228826851,-0.9678297570326971,2.291970621182812,1.597886540471972,0.0,2.2422702312469482,1.5019961595535278,0.01340201310813427,1.2720380206514386,4.874808384686732,-1.0707385361857984,1.2720380206514386,4.874808384686732,-1.0707385361857984,-1.6067703489619847,4.259010201307714,-0.12100505415420715,-1.1745200944703,3.802830316261794,-0.083392353745875,0.0,0.0,0.0,0.0,0.0,0.0,0.0,0.0,0.0
3.95,-2.118265095201675,-1.6135372988503531,1.0,-2.550032138824463,-1.7547980546951294,1.124267339706421,0.21969539484937917,-0.10752000864095183,-0.05898388228826851,-0.9678297570326971,2.260839146579929,1.655810829753707,0.0,2.2245640754699707,1.5399971008300781,0.00813909713178873,1.1717898787349696,5.028392247333695,-1.0455648625164837,1.1717898787349696,5.028392247333695,-1.0455648625164837,-1.062476751838393,2.280286989613437,-0.31580688333357176,-1.1414428518474768,3.353347697872234,-0.1520053708485292,0.0,0.0,0.0,0.0,0.0,0.0,0.0,0.0,0.0
3.9667,-2.0807927879458834,-1.5854128087268717,1.0,-2.5056111812591553,-1.7246521711349487,1.1250181198120117,0.2203205959318337,-0.10180338396468427,-0.05926500176783615,-0.9682884833318898,2.2279117594575184,1.7132989401870873,0.0,2.189486265182495,1.6134096384048462,-0.0029716023709625006,1.0533653685346511,4.890267937083095,-0.9868352457032312,1.0533653685346511,4.890267937083095,-0.9868352457032312,-2.0979181520034222,4.390624554398974,-0.664503798191751,-1.4238118424793784,3.6595707847993437,-0.3033042738162777,0.0,0.0,0.0,0.0,0.0,0.0,0.0,0.0,0.0
3.9833,-2.044017448692192,-1.5564407572440173,1.0,-2.4618947505950928,-1.6931824684143066,1.1256657838821411,0.2230221667745335,-0.09541446963946337,-0.05905595339922207,-0.9683334118724024,2.1933874972377505,1.7699719131393918,0.0,2.157837152481079,1.6765867471694946,-0.007088038604706526,0.9056985722865977,4.802896216942903,-0.969548164447259,0.9056985722865977,4.802896216942903,-0.969548164447259,-1.906065131238872,3.804836023203722,-0.24791202344692292,-1.566181827730154,3.7024557382690872,-0.28695146907257535,0.0,0.0,0.0,0.0,0.0,0.0,0.0,0.0,0.0
4.0,-2.00772256718943,-1.5264399878961905,1.0,-2.4402499198913574,-1.6769943237304688,1.1259981393814087,0.22177713306445349,-0.0869109794358221,-0.058231055280166914,-0.9694692694397709,2.1570505059083143,1.8261495455578365,0.0,2.1361517906188965,1.7108104228973389,-0.0030455966480076313,0.7960898990603958,4.964499085459296,-0.9996699349113225,0.7960898990603958,4.964499085459296,-0.9996699349113225,-1.2994499607114793,2.0507821987284807,0.2422348806164726,-1.4874377053809977,3.2148515208497126,-0.13072598641399086,0.0,0.0,0.0,0.0,0.0,0.0,0.0,0.0,0.0
4.0167,-1.972108251813634,-1.4955612675843666,1.0,-2.397540807723999,-1.643391728401184,1.1267913579940796,0.21971810673237047,-0.07879868574334681,-0.05736350455041865,-0.9706823400336115,2.1190825018999777,1.8815091223538676,0.0,2.10555100440979,1.7917014360427856,0.008329679258167744,0.6224224976415709,4.755097655010522,-1.0761117000865408,0.6224224976415709,4.755097655010522,-1.0761117000865408,-1.8370738270403344,4.856174677239286,0.6828981941770675,-1.5906566789868015,3.6994001159832486,0.10947074275376463,0.0,0.0,0.0,0.0,0.0,0.0,0.0,0.0,0.0
4.0337,-1.9364478459549426,-1.4631218415426257,1.0,-2.355666399002075,-1.6082968711853027,1.1278141736984253,0.22060908584153469,-0.07194542378301322,-0.05644858076294412,-0.9710659606487576,2.0786297578528097,1.9371729703617995,0.0,2.0594255924224854,1.8622487783432007,0.010123876854777336,0.5304871003498959,4.605522821718378,-1.0963337104203799,0.5304871003498959,4.605522821718378,-1.0963337104203799,-2.715093677636657,4.152648936916708,0.10561238027155989,-1.9226110329425787,3.8332074522011457,0.10833168362760161,0.0,0.0,0.0,0.0,0.0,0.0,0.0,0.0,0.0
4.05,-1.9027974177237963,-1.4310223422716741,1.0,-2.3350584506988525,-1.590267539024353,1.1283010244369507,0.22060908584153469,-0.07194542378301322,-0.05644858076294412,-0.9710659606487576,2.0380788702620447,1.9899123698462065,0.0,2.031337261199951,1.8908827304840088,0.007918310351669788,0.4309693437207446,4.772201403095722,-1.0897285482335075,0.4309693437207446,4.772201403095722,-1.0897285482335075,-1.7185389406736393,1.751921870669409,-0.13494400545927968,-1.862365221366759,3.218773907730077,0.03651225372539388,0.0,0.0,0.0,0.0,0.0,0.0,0.0,0.0,0.0
4.0667,-1.8691961968518491,-1.3974263761990426,1.0,-2.2949130535125732,-1.5533485412597656,1.1291935443878174,0.22208261869081652,-0.0653871686888316,-0.055837156431596646,-0.9712291953930403,1.9951275342658064,2.042781009728492,0.0,1.980234146118164,1.9536919593811035,0.0006232660380192101,0.356650422566854,4.643344778849315,-1.0547259125800803,0.356650422566854,4.643344778849315,-1.0547259125800803,-3.0671989925875045,3.7697976589107354,-0.43784713581354107,-2.2180541720415556,3.3814461904431994,-0.10352730819432909,0.0,0.0,0.0,0.0,0.0,0.0,0.0,0.0,0.0
4.0833,-1.8362998956956376,-1.3629314013036016,1.0,-2.275235891342163,-1.5344486236572266,1.1296263933181763,0.2212115486992176,-0.05744887299207747,-0.0557893197585367,-0.9719324998541417,1.9505279134014148,2.094740723974452,0.0,1.9457199573516846,1.9893460273742676,-0.00155292684212327,0.27329605208230456,4.763470982929227,-1.0481557299280109,0.27329605208230456,4.763470982929227,-1.0481557299280109,-2.0699649674697933,2.138328447844427,-0.13051568602206512,-2.174335532144015,3.014455111680378,-0.11149477061052293,0.0,0.0,0.0,0.0,0.0,0.0,0.0,0.0,0.0
4.1,-1.8041564529632357,-1.3275737579466056,1.0,-2.2366325855255127,-1.495619773864746,1.1304993629455566,0.21742397474258154,-0.05016491238681105,-0.055278078486099606,-0.9732187373769972,1.9043299882173097,2.145703549239656,0.0,1.8967236280441284,2.0541703701019287,0.004011200740933418,0.17027241043425123,4.60393533972052,-1.0902583050730197,0.17027241043425123,4.60393533972052,-1.0902583050730197,-2.937765356739525,3.8867954197818535,0.3336188952314411,-2.3997139699919945,3.2719859148762107,0.019910919133654323,0.0,0.0,0.0,0.0,0.0,0.0,0.0,0.0,0.0
4.1167,-1.7728181782965977,-1.291400667282884,1.0,-2.199143171310425,-1.455412745475769,1.131468653678894,0.21573696810559204,-0.04349443077175707,-0.05453064627460743,-0.9739569815755139,1.8566001029304129,2.1955741538632014,0.0,1.847984790802002,2.1233439445495605,0.006783825345337391,0.059672406502743636,4.405701186801233,-1.1161216622383119,0.059672406502743636,4.405701186801233,-1.1161216622383119,-2.9250862105971067,4.151487401090331,0.16640048175984087,-2.5548134579364286,3.5316308287396927,0.06315731549132396,0.0,0.0,0.0,0.0,0.0,0.0,0.0,0.0,0.0
4.1334,-1.7422855222728217,-1.2544024895858366,1.0,-2.162720203399658,-1.4138206243515015,1.132581114768982,0.2167874045477412,-0.03769830133412977,-0.05335057666315088,-0.9740307807072566,1.8073307877447642,2.2443397214889202,0.0,1.7884918451309204,2.1913509368896484,0.012607843615114689,0.0073381688356377595,4.201801194924959,-1.1610476964634824,0.0073381688356377595,4.201801194924959,-1.1610476964634824,-3.5693759029595618,4.0801899612353205,0.34942143536597575,-2.854330835423864,3.6935755109698007,0.14766771588530814,0.0,0.0,0.0,0.0,0.0,0.0,0.0,0.0,0.0
4.15,-1.7126183739378682,-1.2166427467586132,1.0,-2.1449244022369385,-1.3925412893295288,1.1331682205200195,0.2167874045477412,-0.03769830133412977,-0.05335057666315088,-0.9740307807072566,1.7566126769523276,2.291892747423885,0.0,1.7571994066238403,2.2215659618377686,0.013624444603919983,-0.13190658312866899,4.320005168365359,-1.174515608145283,-0.13190658312866899,4.320005168365359,-1.174515608145283,-1.880157002062801,1.8154223011689206,0.06108087316281802,-2.566736914303972,3.13911035539592,0.12210569731821448,0.0,0.0,0.0,0.0,0.0,0.0,0.0,0.0,0.0
4.1667,-1.6837574339674337,-1.1780322439324258,1.0,-2.1103134155273438,-1.349073052406311,1.1343483924865723,0.21663128208414473,-0.03199569575334814,-0.05261970816312345,-0.974309160641671,1.7043314621428112,2.338317197964356,0.0,1.694326639175415,2.2791056632995605,0.012396645732223988,-0.1773773800010997,4.157570756762055,-1.177536790824787,-0.1773773800010997,4.157570756762055,-1.177536790824787,-3.7649372528304044,3.4455834273232155,-0.0735228605106863,-2.920467554404505,3.2295868078059917,0.06435257143622361,0.0,0.0,0.0,0.0,0.0,0.0,0.0,0.0,0.0
4.1833,-1.6558099542983398,-1.1387006163235238,1.0,-2.076988697052002,-1.304447889328003,1.1354964971542358,0.21263222051003705,-0.02526362178755154,-0.052397299243531446,-0.9753992888784052,1.6506686893057503,2.3834298399438336,0.0,1.63054621219635,2.337146759033203,0.005903043318539858,-0.22173291911876714,3.979100228223575,-1.1488241690582424,-0.22173291911876714,3.979100228223575,-1.1488241690582424,-3.833684436801376,3.488707366007452,-0.39031445368479506,-3.1900658694560007,3.306083932676223,-0.06987344457913988,0.0,0.0,0.0,0.0,0.0,0.0,0.0,0.0,0.0
4.2,-1.6287316426850444,-1.0985727458105679,1.0,-2.0609395503997803,-1.2818058729171753,1.1360377073287964,0.2076981732485637,-0.01934224245286199,-0.05199395390328224,-0.9766186814995224,1.595528637642461,2.4272917159565974,0.0,1.5894418954849243,2.368743419647217,0.000504454888869077,-0.3266622893720965,4.062992911595971,-1.1236775565498203,-0.3266622893720965,4.062992911595971,-1.1236775565498203,-2.4639350588100783,1.894013234054108,-0.3236100819614108,-2.975698782260561,2.8892148532490785,-0.14478113761866027,0.0,0.0,0.0,0.0,0.0,0.0,0.0,0.0,0.0
4.2167,-1.6026154470251168,-1.0577739263766415,1.0,-2.0298824310302734,-1.2356359958648682,1.1369837522506714,0.20515864650167617,-0.015309874331718598,-0.05122654408559581,-0.977267321498105,1.5390907745754423,2.469742202229606,0.0,1.5222824811935425,2.4166653156280518,-0.0037306463345885277,-0.36055927906159835,3.9233772664285578,-1.107561988160013,-0.36055927906159835,3.9233772664285578,-1.107561988160013,-4.03072190026472,2.876139371825141,-0.25417903701728733,-3.2871608899340004,2.885354732144956,-0.17707739704679626,0.0,0.0,0.0,0.0,0.0,0.0,0.0,0.0,0.0
4.2333,-1.5774443376299494,-1.0162686603634283,1.0,-2.0149004459381104,-1.212166428565979,1.1374130249023438,0.20515864650167617,-0.015309874331718598,-0.05122654408559581,-0.977267321498105,1.4813143502301063,2.5107990841972696,0.0,1.4826868772506714,2.4462859630584717,-0.010564633645117283,-0.4896379856542631,3.9997978376165073,-1.0732847263030987,-0.4896379856542631,3.9997978376165073,-1.0732847263030987,-2.375806474686351,1.7772913894968743,-0.4100513613507289,-3.0181124092262928,2.5582341807112314,-0.2458555695027797,0.0,0.0,0.0,0.0,0.0,0.0,0.0,0.0,0.0
4.25,-1.5532526534330358,-0.974101487146627,1.0,-1.9859858751296997,-1.164474368095398,1.1382067203521729,0.200255303219343,-0.009005295850367996,-0.04986381003269307,-0.9784326397125828,1.422269589335138,2.5503971239703906,0.0,1.4084577560424805,2.4967095851898193,-0.012152277864515781,-0.4906193037038268,3.8221365477372644,-1.0723325110661914,-0.4906193037038268,3.8221365477372644,-1.0723325110661914,-4.455408634926086,3.0265458864608825,-0.09529418709483536,-3.44242852530762,2.6964883558395103,-0.20140709752264235,0.0,0.0,0.0,0.0,0.0,0.0,0.0,0.0,0.0
4.2667,-1.5300597117855088,-0.9312955364196718,1.0,-1.9585827589035034,-1.115720272064209,1.1390081644058228,0.19665675260992224,-0.0034432710827944635,-0.04929305741015859,-0.979226517751134,1.3619977113469501,2.5884958399312885,0.0,1.3383708000183105,2.5450687408447266,-0.013321686536073685,-0.5186682028469696,3.643132678650415,-1.0739669555735656,-0.5186682028469696,3.643132678650415,-1.0739669555735656,-4.196097463494012,2.895256719528384,-0.07001235377977932,-3.6649253710825307,2.7551684097993263,-0.16261696759564845,0.0,0.0,0.0,0.0,0.0,0.0,0.0,0.0,0.0
4.2833,-1.5078594432052104,-0.8878244334840432,1.0,-1.9454150199890137,-1.0909761190414429,1.1394203901290894,0.19464068972154,0.0007761236786160274,-0.048906907984101834,-0.9796543082635195,1.3004701593288088,2.625097065968987,0.0,1.2982817888259888,2.575699806213379,-0.013262338936328888,-0.6652622767758634,3.682644636552573,-1.0810220049363135,-0.6652622767758634,3.682644636552573,-1.0810220049363135,-2.410273501333104,1.8416329807058285,0.0035681585246982598,-3.2945292071692416,2.485476053940733,-0.11355608090784086,0.0,0.0,0.0,0.0,0.0,0.0,0.0,0.0,0.0
4.3,-1.4866930496397606,-0.8437522763081883,1.0,-1.919977068901062,-1.0406373739242554,1.1403576135635376,0.19165268889636017,0.005645981289807287,-0.04790832270233318,-0.9802766064817829,1.23778644228558,2.660125278332637,0.0,1.2291899919509888,2.6251473426818848,-0.005232684314250946,-0.7085510177852096,3.4723940182356485,-1.13856824659514,-0.7085510177852096,3.4723940182356485,-1.13856824659514,-4.142311925556397,2.964564959476265,0.4814078603181864,-3.5448101610288143,2.62691185542662,0.0620881490257293,0.0,0.0,0.0,0.0,0.0,0.0,0.0,0.0,0.0
4.3167,-1.4666064718230511,-0.7991671732740782,1.0,-1.89580500125885,-0.9891937375068665,1.1414915323257446,0.18592172375488678,0.01071113159192983,-0.04654255407633766,-0.9814032338893276,1.1740819812273524,2.6934969026726643,0.0,1.1598880290985107,2.6748392581939697,0.009210283868014812,-0.7528869508176591,3.2455325828584765,-1.2356077789022617,-0.7528869508176591,3.2455325828584765,-1.2356077789022617,-4.161872512241917,2.9842072105609807,0.8673606027712552,-3.7269782454953795,2.7323919747462795,0.29981929577957206,0.0,0.0,0.0,0.0,0.0,0.0,0.0,0.0,0.0
4.3333,-1.44757492399568,-0.7540035396404917,1.0,-1.8842432498931885,-0.9630411267280579,1.1422151327133179,0.18592172375488678,0.01071113159192983,-0.04654255407633766,-0.9814032338893276,1.1092730998159532,2.7252462332151164,0.0,1.126865029335022,2.7016398906707764,0.01935315504670143,-0.9607086553179622,3.2737298078472,-1.3048242537631847,-0.9607086553179622,3.2737298078472,-1.3048242537631847,-1.981070141312432,1.6077864866411122,0.6084771033275646,-3.211554262216545,2.40038787962372,0.39094072207648994,0.0,0.0,0.0,0.0,0.0,0.0,0.0,0.0,0.0
4.35,-1.4296392980919232,-0.708343733478265,1.0,-1.8621046543121338,-0.9099662899971008,1.1438894271850586,0.18194148074863922,0.013910267054724984,-0.04541086904697167,-0.9821617507219781,1.043487864765814,2.755298879531676,0.0,1.05061674118042,2.7482595443725586,0.0315433144569397,-0.9704190552992548,3.0385822340150033,-1.3911312769530593,-0.9704190552992548,3.0385822340150033,-1.3911312769530593,-4.576538351459645,2.7981825987406985,0.731671928663423,-3.61452251392711,2.51782415142023,0.4915308019928827,0.0,0.0,0.0,0.0,0.0,0.0,0.0,0.0,0.0
4.3668,-1.412660633249321,-0.661777995035455,1.0,-1.841295838356018,-0.8560436964035034,1.1457922458648682,0.17712445948041244,0.01919594020496865,-0.043965611464684556,-0.9830185540053562,0.9761429220034796,2.7838836862103613,0.0,0.9850353598594666,2.7869510650634766,0.03967796266078949,-1.2571669662891813,2.939688485812566,-1.433267150462724,-1.2571669662891813,2.939688485812566,-1.433267150462724,-1.4162847109594257,1.1038684474029363,0.231376574245138,-2.9655625360879836,2.100398583947147,0.41472851897964064,0.0,0.0,0.0,0.0,0.0,0.0,0.0,0.0,0.0
4.3834,-1.3970493737102612,-0.615450171747065,1.0,-1.8314672708511353,-0.8287646174430847,1.1468065977096558,0.16959970339289115,0.025950188681438047,-0.042708455267301604,-0.9842451958844172,0.9089051349513538,2.8103032141235023,0.0,0.9463581442832947,2.810271739959717,0.04126055911183357,-1.2363560636739228,2.8517454522471812,-1.4737885889582127,-1.2363560636739228,2.8517454522471812,-1.4737885889582127,-2.3469907407407407,1.4151331018518518,0.09603429723668981,-2.782948836124078,1.8980956886579703,0.32064415977130095,0.0,0.0,0.0,0.0,0.0,0.0,0.0,0.0,0.0
4.4,-1.382477333411779,-0.5684248614552317,1.0,-1.812881588935852,-0.7736493349075317,1.148810863494873,0.1649907242372702,0.02949281042288485,-0.04232382312779115,-0.9849451707444861,0.8404306734856333,2.835106230186641,0.0,0.8714265823364258,2.844740629196167,0.036345090717077255,-1.2597003572971723,2.6492678162756533,-1.4592736331400271,-1.2597003572971723,2.6492678162756533,-1.4592736331400271,-4.499373666805057,2.0697341484015976,-0.2951563864511603,-3.2896688181831024,1.9487664991049525,0.1388485832006776,0.0,0.0,0.0,0.0,0.0,0.0,0.0,0.0,0.0
4.4168,-1.3689813489372178,-0.5207369482259476,1.0,-1.8041976690292358,-0.7457888126373291,1.1497516632080078,0.1649907242372702,0.02949281042288485,-0.04232382312779115,-0.9849451707444861,0.7707772403847074,2.8582285779186947,0.0,0.7966501712799072,2.878909111022949,0.025548875331878662,-1.4413746325439032,2.6646451136730565,-1.4487114489214843,-1.4413746325439032,2.6646451136730565,-1.4487114489214843,-2.4949389403050852,1.159067968894386,-0.20163293811575042,-3.055050032517814,1.7156330592318079,0.03833221493977318,0.0,0.0,0.0,0.0,0.0,0.0,0.0,0.0,0.0
4.4334,-1.3567799299447378,-0.47317624553058707,1.0,-1.787920594215393,-0.6896274089813232,1.1514736413955688,0.15938227471606192,0.03560896088125536,-0.04206318701659986,-0.9856775143842114,0.7011106168700778,2.8792912469708742,0.0,0.7575584650039673,2.8914718627929688,0.018407100811600685,-1.4828363097984059,2.4778877917314093,-1.3749992646098814,-1.4828363097984059,2.4778877917314093,-1.3749992646098814,-4.349405396066688,1.648118287310317,-0.8790106296250971,-3.437167393483324,1.6957014645559116,-0.23248415955619903,0.0,0.0,0.0,0.0,0.0,0.0,0.0,0.0,0.0
4.45,-1.3456944591008169,-0.4250762905770586,1.0,-1.7731449604034424,-0.6328879594802856,1.1529053449630737,0.15342364810400086,0.04298745159937566,-0.04194037110003906,-0.9863338251092231,0.6304670852798189,2.898598076228262,0.0,0.6859882473945618,2.9212799072265625,0.006256811320781708,-1.5278275725113786,2.263381370771393,-1.3143455214678976,-1.5278275725113786,2.263381370771393,-1.3143455214678976,-4.300430491089336,1.7910721448627587,-0.7300728871196493,-3.6920184382317203,1.723856632524945,-0.37938144663616424,0.0,0.0,0.0,0.0,0.0,0.0,0.0,0.0,0.0
4.4667,-1.3357622687276132,-0.3765237509718446,1.0,-1.7662996053695679,-0.604321300983429,1.1535875797271729,0.1457954689185899,0.04882744536959068,-0.0415162895103225,-0.9872366106043263,0.5589826449933515,2.916083778482495,0.0,0.6426082253456116,2.935436725616455,0.005744767375290394,-1.709751839498446,2.2737708759601167,-1.319815950235137,-1.709751839498446,2.2737708759601167,-1.319815950235137,-2.596748872523834,0.8474339213335617,-0.030651195535051665,-3.368674843589649,1.4651206293206416,-0.27642990257624345,0.0,0.0,0.0,0.0,0.0,0.0,0.0,0.0,0.0
4.4833,-1.3270624448560722,-0.32789846523383054,1.0,-1.7538787126541138,-0.546647310256958,1.154852032661438,0.13970675869277802,0.053912491618388396,-0.040752124999971405,-0.9878840283443022,0.4872275059644175,2.9316070257627223,0.0,0.5644568204879761,2.965761423110962,-0.002090292051434517,-1.7152363708989888,2.02941404857029,-1.2842751892009243,-1.7152363708989888,2.02941404857029,-1.2842751892009243,-4.702205565915937,1.8245732319609813,-0.47141903735116913,-3.762357486495861,1.5712376075332668,-0.33399425908561353,0.0,0.0,0.0,0.0,0.0,0.0,0.0,0.0,0.0
4.5,-1.3195490238265635,-0.2789514849820357,1.0,-1.7429472208023071,-0.4885348975658417,1.1560111045837402,0.13451651654427516,0.059465007003266665,-0.039735627307585675,-0.9883270760158488,0.4148455340411022,2.945247783519778,0.0,0.48551294207572937,2.988935708999634,-0.005959581583738327,-1.7148551501259228,1.8147817392513055,-1.2720508620822226,-1.7148551501259228,1.8147817392513055,-1.2720508620822226,-4.740570461150801,1.3916130971981617,-0.2323503738528498,-4.051143835951316,1.5182091689862351,-0.30398712636362807,0.0,0.0,0.0,0.0,0.0,0.0,0.0,0.0,0.0
4.5167,-1.3132363750690859,-0.22971786750571818,1.0,-1.738065481185913,-0.4592764675617218,1.15653657913208,0.13451651654427516,0.059465007003266665,-0.039735627307585675,-0.9883270760158488,0.3418983982999135,2.956980702197668,0.0,0.44925060868263245,2.996833562850952,-0.01024358719587326,-1.9462281758030286,1.8253816881654084,-1.2542004421012631,-1.9462281758030286,1.8253816881654084,-1.2542004421012631,-2.1722617364354373,0.4731136723938472,-0.2566294167844952,-3.4964634988112486,1.2096778766061553,-0.29000626491292647,0.0,0.0,0.0,0.0,0.0,0.0,0.0,0.0,0.0
4.5333,-1.3081536997772691,-0.18041151928028254,1.0,-1.7295265197753906,-0.40044182538986206,1.1574864387512207,0.12729414302139527,0.06486368639108016,-0.038969102573718016,-0.9889744094621276,0.268713557387753,2.966751276402454,0.0,0.3634704649448395,3.022174119949341,-0.018556412309408188,-1.902893555685889,1.5713900283630633,-1.214311218350657,-1.902893555685889,1.5713900283630633,-1.214311218350657,-5.15773327408002,1.523660707885947,-0.49982819824533736,-3.9869007004132637,1.302371347237092,-0.35194953466369505,0.0,0.0,0.0,0.0,0.0,0.0,0.0,0.0,0.0
4.55,-1.3042887550621713,-0.13090693957427463,1.0,-1.7225292921066284,-0.3412490487098694,1.158294439315796,0.12000808824459346,0.07086955171778783,-0.0385094068970097,-0.9894910876780226,0.19511518566166375,2.9745830996391023,0.0,0.28226208686828613,3.0407485961914062,-0.026939911767840385,-1.884407895386288,1.3446887369189433,-1.1733259458947156,-1.884407895386288,1.3446887369189433,-1.1733259458947156,-4.87320444953144,1.114629086486873,-0.5030824137992703,-4.248553766614728,1.2469464003949233,-0.3965667229233895,0.0,0.0,0.0,0.0,0.0,0.0,0.0,0.0,0.0
4.5667,-1.3016523640619453,-0.08128176880942498,1.0,-1.7196714878082275,-0.3114777207374573,1.1586413383483887,0.11160336654625942,0.07541541333358567,-0.03845638616158301,-0.9901405706135755,0.12122855037433078,2.980456633722402,0.0,0.24124445021152496,3.049978494644165,-0.02808499149978161,-2.090735638800312,1.3098568111286926,-1.173477548358063,-2.090735638800312,1.3098568111286926,-1.173477548358063,-2.461271799310434,0.5538419719881543,-0.06871074693486316,-3.720915462729588,1.0423293048778604,-0.2997776464073275,0.0,0.0,0.0,0.0,0.0,0.0,0.0,0.0,0.0
4.5833,-1.3002492508484007,-0.03157437675739671,1.0,-1.7151477336883545,-0.25171589851379395,1.1592906713485718,0.1042510845824678,0.08040462686849273,-0.038213367433069224,-0.9905587516445006,0.04712058759983741,2.984363906127266,0.0,0.15656886994838715,3.0631704330444336,-0.033983826637268066,-2.0474788315069925,1.0893937215427978,-1.1466411143824313,-2.0474788315069925,1.0893937215427978,-1.1466411143824313,-5.08032163700864,0.7914830920638554,-0.3539152573739772,-4.1222370119921425,0.9682749180007739,-0.3157600586676159,0.0,0.0,0.0,0.0,0.0,0.0,0.0,0.0,0.0
4.6,-1.3000830406962836,0.018225144426802103,1.0,-1.7122297286987305,-0.19174645841121674,1.159805417060852,0.09649946386321352,0.0851487116982824,-0.03772636059852586,-0.9909663538164495,-0.0272140117657737,2.986300815318783,0.0,0.07828505337238312,3.067992687225342,-0.03927098214626312,-2.0386231337027696,0.9062521817743778,-1.1228260673565966,-2.0386231337027696,0.9062521817743778,-1.1228260673565966,-4.690591920115427,0.28893872944672216,-0.3167945815059785,-4.29002576900583,0.7677224585379361,-0.31606546871804425,0.0,0.0,0.0,0.0,0.0,0.0,0.0,0.0,0.0
4.6167,-1.3011567911770656,0.06801342913304848,1.0,-1.7114033699035645,-0.1616610884666443,1.1600141525268555,0.09649946386321352,0.0851487116982824,-0.03772636059852586,-0.9909663538164495,-0.10161169197191977,2.9862608461890994,0.0,0.03534265607595444,3.0758168697357178,-0.041184257715940475,-2.2344706864144808,0.8428836672656113,-1.1177254172799405,-2.2344706864144808,0.8428836672656113,-1.1177254172799405,-2.5758093493028245,0.46931712549159815,-0.1147638094386843,-3.7839577502318464,0.67962775010403,-0.256637539597478,0.0,0.0,0.0,0.0,0.0,0.0,0.0,0.0,0.0
4.6334,-1.303472069630203,0.11779738220051884,1.0,-1.7109150886535645,-0.10143895447254181,1.1604197025299072,0.0866771678180745,0.08886764885357397,-0.03764312057271682,-0.991550635577356,-0.17607373736950416,2.9842440289922076,0.0,-0.04894285276532173,3.0829238891601562,-0.04261882230639458,-2.183722061833024,0.6210619205128882,-1.1164975347268875,-2.183722061833024,0.6210619205128882,-1.1164975347268875,-5.052942939482298,0.4260680645484042,-0.0860026013750125,-4.158585372039813,0.6047722964779813,-0.2062629870454583,0.0,0.0,0.0,0.0,0.0,0.0,0.0,0.0,0.0
4.6501,-1.307046780517262,0.1677422575065399,1.0,-1.712154746055603,-0.04104645922780037,1.1607997417449951,0.07689697449896432,0.0936010731648684,-0.03764375277544451,-0.9919217385784944,-0.2508390716503341,2.980230162921851,0.0,-0.13468553125858307,3.084676504135132,-0.042718250304460526,-2.1202351196230076,0.41880659530404596,-1.1231880621211996,-2.1202351196230076,0.41880659530404596,-1.1231880621211996,-5.118863291035641,0.10463163288544751,-0.00593588092120246,-4.442076965255807,0.4571216312390903,-0.14712276382872355,0.0,0.0,0.0,0.0,0.0,0.0,0.0,0.0,0.0
4.6667,-1.3118186138456795,0.21710544845647115,1.0,-1.7134405374526978,-0.010828865692019463,1.1609842777252197,0.06789376294196404,0.0978448202436396,-0.037764882818064754,-0.9921646730133112,-0.3247872703717944,2.9742966378963995,0.0,-0.18268832564353943,3.089803457260132,-0.04392756521701813,-2.2807599611316274,0.3344786112744495,-1.1222044859138816,-2.2807599611316274,0.3344786112744495,-1.1222044859138816,-2.8890559979911035,0.3085665088247955,-0.07278281496627924,-3.983596790299678,0.4132654438785972,-0.1251762521723398,0.0,0.0,0.0,0.0,0.0,0.0,0.0,0.0,0.0
4.6833,-1.3178501842158676,0.2666122798877258,1.0,-1.7172958850860596,0.04961862042546272,1.1613428592681885,0.05938360168245691,0.10164768428666202,-0.0379224277377985,-0.992322217933045,-0.39899664746473823,2.966371735029475,0.0,-0.27135130763053894,3.0861175060272217,-0.044302575290203094,-2.1889486694738403,0.1402123987281617,-1.1271097287784198,-2.1889486694738403,0.1402123987281617,-1.1271097287784198,-5.335353868667594,-0.2218045652142724,-0.022566480394829343,-4.382660186642527,0.22578116967004325,-0.09488397208830471,0.0,0.0,0.0,0.0,0.0,0.0,0.0,0.0,0.0
4.7,-1.3251152839233982,0.31595942493782353,1.0,-1.722915768623352,0.11001846939325333,1.161637306213379,0.05072046316792341,0.10429903847645008,-0.03801005103585262,-0.9925243120716546,-0.47300541871255847,2.9564909235439623,0.0,-0.35802602767944336,3.075946569442749,-0.046162042766809464,-2.101851441663113,-0.027113486929932318,-1.1228103660999533,-2.101851441663113,-0.027113486929932318,-1.1228103660999533,-5.203093244597109,-0.6105624731644482,-0.11162404286532131,-4.624867020857597,-0.021122760008098485,-0.09982594694917367,0.0,0.0,0.0,0.0,0.0,0.0,0.0,0.0,0.0
4.7167,-1.3336202310461944,0.36517202007982386,1.0,-1.7264076471328735,0.14017441868782043,1.1617783308029175,0.05072046316792341,0.10429903847645008,-0.03801005103585262,-0.9925243120716546,-0.5468442911335831,2.9446493480467355,0.0,-0.4029705822467804,3.0759623050689697,-0.046746693551540375,-2.2776810232251066,-0.11597977143529764,-1.1254057444414354,-2.2776810232251066,-0.11597977143529764,-1.1254057444414354,-2.6939012103977023,0.0009431670405990539,-0.035042987338697,-4.054810620284185,-0.014608495032220873,-0.08070083319832713,0.0,0.0,0.0,0.0,0.0,0.0,0.0,0.0,0.0
4.7333,-1.3433400862546512,0.41410382990506706,1.0,-1.7346336841583252,0.20036464929580688,1.162055492401123,0.0346089004597889,0.10789172277139375,-0.0384567233363711,-0.992815546794865,-0.6202872760354022,2.930886314920113,0.0,-0.49258992075920105,3.067660331726074,-0.04794090986251831,-2.162263555617361,-0.3173876955885962,-1.125022767250142,-2.162263555617361,-0.3173876955885962,-1.125022767250142,-5.382478234721347,-0.498611031559654,-0.07172384228764533,-4.446762366578275,-0.15749489019605725,-0.07805066140408666,0.0,0.0,0.0,0.0,0.0,0.0,0.0,0.0,0.0
4.75,-1.3542813125020234,0.46279454309785434,1.0,-1.7445698976516724,0.2603291869163513,1.162346363067627,0.0346089004597889,0.10789172277139375,-0.0384567233363711,-0.992815546794865,-0.6933878291049552,2.915197849443743,0.0,-0.5817922353744507,3.05143404006958,-0.04586245119571686,-2.041625680928725,-0.48228172831247995,-1.1443553099809503,-2.041625680928725,-0.48228172831247995,-1.1443553099809503,-5.3562049046555575,-0.9743171276412987,0.12480226049361508,-4.715246426200858,-0.3986357441998142,-0.01816477120530463,0.0,0.0,0.0,0.0,0.0,0.0,0.0,0.0,0.0
4.7667,-1.366442533914129,0.5112294253498977,1.0,-1.750219464302063,0.2902316451072693,1.1625043153762817,0.022831925118401215,0.10984318244354288,-0.03885901500540761,-0.9929266037406912,-0.7661182847764612,2.8975908975125355,0.0,-0.6210058331489563,3.044201612472534,-0.04650179669260979,-2.2431389504046404,-0.5624629240896736,-1.1467250290085769,-2.2431389504046404,-0.5624629240896736,-1.1467250290085769,-2.3531547320981474,-0.4340081550897775,-0.03836625473925173,-4.017913784850856,-0.4090783264155675,-0.024128618378166898,0.0,0.0,0.0,0.0,0.0,0.0,0.0,0.0,0.0
4.7833,-1.3798172138172782,0.5593729235917306,1.0,-1.762831211090088,0.3498130738735199,1.1627066135406494,0.014004881461275903,0.11097101893880425,-0.03910730208998533,-0.99295522145083,-0.8384202341891492,2.8780801382734116,0.0,-0.7113030552864075,3.029378890991211,-0.051603831350803375,-2.1037012992975965,-0.7576146427087372,-1.1225490242620264,-2.1037012992975965,-0.7576146427087372,-1.1225490242620264,-5.416676201372998,-0.8891733409610983,-0.3060566987271167,-4.430854016159287,-0.5508111496704149,-0.10735894065198125,0.0,0.0,0.0,0.0,0.0,0.0,0.0,0.0,0.0
4.8,-1.3943945444969394,0.6071802433849224,1.0,-1.7771532535552979,0.4090954065322876,1.1627987623214722,0.007542215419517005,0.11183852225334792,-0.039156318874803406,-0.9929260136848119,-0.9102219144810706,2.856686897919973,0.0,-0.7997413873672485,3.0132696628570557,-0.06041055545210838,-1.9667969302637334,-0.9556393565159149,-1.0756007791322428,-1.9667969302637334,-0.9556393565159149,-1.0756007791322428,-5.3016786724980705,-0.965711917216934,-0.5279432599405426,-4.687937371252371,-0.673297439619994,-0.23152311895721683,0.0,0.0,0.0,0.0,0.0,0.0,0.0,0.0,0.0
4.8167,-1.410170445074824,0.6546329149464701,1.0,-1.784946084022522,0.43860867619514465,1.1627799272537231,0.007542215419517005,0.11183852225334792,-0.039156318874803406,-0.9929260136848119,-0.9814916507619383,2.8334229568549616,0.0,-0.8423054814338684,2.996273994445801,-0.06233660876750946,-2.137691126939464,-1.0110608051217036,-1.0693798467994053,-2.137691126939464,-1.0110608051217036,-1.0693798467994053,-2.552168660919787,-1.019070492201684,-0.11548731433431973,-4.057419411341138,-0.7753759646266352,-0.19726722858222653,0.0,0.0,0.0,0.0,0.0,0.0,0.0,0.0,0.0
4.8333,-1.4271169390179255,0.7016473757425561,1.0,-1.8017686605453491,0.49734288454055786,1.1627461910247803,-0.010032535720767928,0.11158558847872191,-0.039070592184932335,-0.9929357917536664,-1.0521005815515492,2.8083356765240364,0.0,-0.9259639978408813,2.972364664077759,-0.06559475511312485,-2.0158419669578818,-1.1830854307636411,-1.0550873106484584,-2.0158419669578818,-1.1830854307636411,-1.0550873106484584,-5.019372165877523,-1.43452014819689,-0.19548337434019483,-4.3414054466205965,-0.9699673751578597,-0.1967406022054923,0.0,0.0,0.0,0.0,0.0,0.0,0.0,0.0,0.0
4.85,-1.4452321037766167,0.748221926395562,1.0,-1.810817837715149,0.5265824794769287,1.1626814603805542,-0.010032535720767928,0.11158558847872191,-0.039070592184932335,-0.9929357917536664,-1.1220433930539242,2.7814342111457235,0.0,-0.967513918876648,2.9640674591064453,-0.06732379645109177,-2.1846389203214023,-1.3127435412320043,-1.0498102578324744,-2.1846389203214023,-1.3127435412320043,-1.0498102578324744,-2.4938538372375896,-0.4980037492308353,-0.10377820866902306,-3.795974442812377,-0.8306350864450638,-0.16929640450865827,0.0,0.0,0.0,0.0,0.0,0.0,0.0,0.0,0.0
4.8667,-1.4645248464628964,0.7943745720678292,1.0,-1.8300716876983643,0.5847718715667725,1.1625325679779053,-0.01940410875811989,0.1108200225856579,-0.038922150984476975,-0.9928885029896373,-1.1913449518677417,2.752711548599748,0.0,-1.0557334423065186,2.9344863891601562,-0.06976768374443054,-2.0215813857331444,-1.471349943207177,-1.0398251792586972,-2.0215813857331444,-1.471349943207177,-1.0398251792586972,-5.288334833997913,-1.7732424359359145,-0.14649925324072088,-4.236546506983176,-1.108910004568457,-0.16256626877827327,0.0,0.0,0.0,0.0,0.0,0.0,0.0,0.0,0.0
4.8833,-1.484933884379597,0.8399613062080077,1.0,-1.8510161638259888,0.6425995230674744,1.1622650623321533,-0.03064520799411581,0.10972932800064678,-0.03867238876020138,-0.9927360156917249,-1.2597874792596795,2.722265358638834,0.0,-1.1423066854476929,2.9068870544433594,-0.07575424760580063,-1.8577170969331291,-1.6517497982027982,-1.007971527185715,-1.8577170969331291,-1.6517497982027982,-1.007971527185715,-5.1997551300960865,-1.6576690103532714,-0.3595645146277548,-4.520903297620626,-1.2709136930467275,-0.22072375159848193,0.0,0.0,0.0,0.0,0.0,0.0,0.0,0.0,0.0
4.9,-1.5064994951587796,0.8850739738204305,1.0,-1.873657464981079,0.6999863386154175,1.1618281602859497,-0.03627616393242892,0.10972767373684271,-0.03841141547422191,-0.9925565544107655,-1.3275079442906264,2.690042006306942,0.0,-1.2231582403182983,2.872816562652588,-0.08505802601575851,-1.7184175743705168,-1.802892796817864,-0.955360156673704,-1.7184175743705168,-1.802892796817864,-0.955360156673704,-4.84971040400429,-2.0436467643904184,-0.558067572398999,-4.617973165213666,-1.4990386193753347,-0.3203138133176089,0.0,0.0,0.0,0.0,0.0,0.0,0.0,0.0,0.0
4.9167,-1.5291906998301346,0.9296420937285014,1.0,-1.885591745376587,0.7285050749778748,1.1615207195281982,-0.04343991909156424,0.11058271475511733,-0.03795850544012384,-0.9921913098215701,-1.3944002208505766,2.6560940988997865,0.0,-1.2624289989471436,2.8579983711242676,-0.0914045050740242,-1.8803802191020291,-1.9363856500697503,-0.9211367235220802,-1.8803802191020291,-1.9363856500697503,-0.9211367235220802,-2.3524786837482328,-0.8876701372523815,-0.3801799920019424,-3.9491577865946477,-1.3185514691341629,-0.33798740347234496,0.0,0.0,0.0,0.0,0.0,0.0,0.0,0.0,0.0
4.9333,-1.552979059414087,0.9736107195148954,1.0,-1.91056489944458,0.7850156426429749,1.1607608795166016,-0.04343991909156424,0.11058271475511733,-0.03795850544012384,-0.9921913098215701,-1.4603821717180616,2.6204705680736424,0.0,-1.3345537185668945,2.814349889755249,-0.09337576478719711,-1.7775715712440858,-2.0483826318645897,-0.9108605304418358,-1.7775715712440858,-2.0483826318645897,-0.9108605304418358,-4.334059227209559,-2.622888580065617,-0.11845531454605367,-4.062787726919795,-1.7036156243689051,-0.273177518312401,0.0,0.0,0.0,0.0,0.0,0.0,0.0,0.0,0.0
4.95,-1.5778615516419698,1.0169754985676875,1.0,-1.9236291646957397,0.813019335269928,1.1603633165359497,-0.055662120569730855,0.10780725521862186,-0.038355992368430104,-0.9918711202134328,-1.5254482331399442,2.5831822467405026,0.0,-1.384742259979248,2.8009438514709473,-0.09353655576705933,-1.8636667901748654,-2.210301102436487,-0.9132530261101817,-1.8636667901748654,-2.210301102436487,-0.9132530261101817,-3.011530758226037,-0.8044206008583691,-0.009648158082975679,-3.7524374553587716,-1.4381568183458933,-0.19537883450141152,0.0,0.0,0.0,0.0,0.0,0.0,0.0,0.0,0.0
4.9667,-1.6038364079005532,1.059730658628079,1.0,-1.951041340827942,0.868622899055481,1.1595933437347412,-0.06315485690618503,0.10428217051742264,-0.03881046183592307,-0.9917814738666502,-1.5895913345815673,2.5442379401616235,0.0,-1.4674934148788452,2.756080389022827,-0.09358271211385727,-1.680173256462113,-2.332921079885336,-0.9144491932760399,-1.680173256462113,-2.332921079885336,-0.9144491932760399,-4.962092727350709,-2.690194004031624,-0.0027677205598524595,-4.10954980118645,-1.8077810797335585,-0.1385165132064478,0.0,0.0,0.0,0.0,0.0,0.0,0.0,0.0,0.0
4.9833,-1.6308269281793626,1.101753718536433,1.0,-1.980161190032959,0.9235275983810425,1.158706545829773,-0.07112474561716511,0.10188432698724954,-0.03879667981646003,-0.9914916299894407,-1.6526299692990454,2.503758685836025,0.0,-1.550309658050537,2.712189197540283,-0.10138926655054092,-1.484027574573359,-2.4689572515223874,-0.8684604144919046,-1.484027574573359,-2.4689572515223874,-0.8684604144919046,-4.974316196477159,-2.636302448804239,-0.4688967850494057,-4.364844646887969,-2.0523757312246174,-0.23605080799668365,0.0,0.0,0.0,0.0,0.0,0.0,0.0,0.0,0.0
5.0,-1.6589229852890144,1.1431825015225172,1.0,-1.9953227043151855,0.9506847858428955,1.15819251537323,-0.07863094523754047,0.10155604123293113,-0.03845427881915746,-0.9909717064662104,-1.7147737522837758,2.461615522066478,0.0,-1.5966542959213257,2.6904845237731934,-0.10533490777015686,-1.574560065984339,-2.6104009619224136,-0.8474948493853969,-1.574560065984339,-2.6104009619224136,-0.8474948493853969,-2.777859551846347,-1.3009603292557448,-0.2364984959128844,-3.8963376406310233,-1.8305441705302412,-0.23618297365218474,0.0,0.0,0.0,0.0,0.0,0.0,0.0,0.0,0.0
5.0167,-1.687991183922471,1.1838190642527786,1.0,-2.0268783569335938,1.0043574571609497,1.1570490598678589,-0.08807024101645985,0.09963064345968543,-0.038786733160211403,-0.9903600714006202,-1.7757285963791678,2.4180132241162933,0.0,-1.6748132705688477,2.6408772468566895,-0.1104038655757904,-1.3878509762897075,-2.72799526934511,-0.8165945950322122,-1.3878509762897075,-2.72799526934511,-0.8165945950322122,-4.693302695815259,-2.9788257526950996,-0.3043815945825996,-4.131616291490674,-2.169537881360233,-0.25631645305460027,0.0,0.0,0.0,0.0,0.0,0.0,0.0,0.0,0.0
5.0333,-1.7180942774567427,1.2237541766976305,1.0,-2.0599849224090576,1.0570939779281616,1.1558412313461304,-0.09680002983282952,0.0943867783368033,-0.03936861255075288,-0.9900358778418744,-1.835631265046446,2.3728585838148857,0.0,-1.7571479082107544,2.5863094329833984,-0.11107421666383743,-1.1648078391873535,-2.8225977376563014,-0.8117315412645905,-1.1648078391873535,-2.8225977376563014,-0.8117315412645905,-4.936763780878317,-3.271872140896615,-0.04019407951166514,-4.369310546482028,-2.4949671027457763,-0.1925131781970691,0.0,0.0,0.0,0.0,0.0,0.0,0.0,0.0,0.0
5.05,-1.7491711050610197,1.262905276979371,1.0,-2.0771470069885254,1.083095669746399,1.1552064418792725,-0.09680002983282952,0.0943867783368033,-0.03936861255075288,-0.9900358778418744,-1.8943579154690564,2.3262433424084703,0.0,-1.7920053005218506,2.5552427768707275,-0.11591242998838425,-1.3022114216559082,-2.9352372450837962,-0.7846986007510406,-1.3022114216559082,-2.9352372450837962,-0.7846986007510406,-2.0927627717896966,-1.8651751334793376,-0.29047590930562117,-3.697232033675301,-2.3090410023636254,-0.22143356693910587,0.0,0.0,0.0,0.0,0.0,0.0,0.0,0.0,0.0
5.0667,-1.7812464334009837,1.3013022723190673,1.0,-2.112645387649536,1.1343680620193481,1.1538230180740356,-0.10332708407603967,0.08877342562246082,-0.03928082066530469,-0.9898989427310625,-1.9519534084786008,2.2781303498985244,0.0,-1.8667325973510742,2.497724771499634,-0.12348790466785431,-1.1045608641002487,-3.0267691285704457,-0.7375040326330815,-1.1045608641002487,-3.0267691285704457,-0.7375040326330815,-4.442083929760909,-3.4190960756246547,-0.45031595898467947,-3.917125927468126,-2.6367495490782495,-0.28900383248050204,0.0,0.0,0.0,0.0,0.0,0.0,0.0,0.0,0.0
5.0833,-1.8142247784910528,1.3388323237620308,1.0,-2.149564266204834,1.1845461130142212,1.1523053646087646,-0.11081834856551849,0.08375963718214939,-0.03852542269944393,-0.9895551508877591,-2.0082484856430463,2.2286628322634208,0.0,-1.9372801780700684,2.4341464042663574,-0.12787465751171112,-0.9196066400446661,-3.087239929411965,-0.7086232849848226,-0.9196066400446661,-3.087239929411965,-0.7086232849848226,-4.273944506232577,-3.85173255528433,-0.26576018661620904,-4.022465293689084,-2.995434739423875,-0.2821418833844452,0.0,0.0,0.0,0.0,0.0,0.0,0.0,0.0,0.0
5.1,-1.848164710879518,1.3755632639993143,1.0,-2.168516159057617,1.209211826324463,1.1515164375305176,-0.12018131969450718,0.07758492762904004,-0.03756607613363888,-0.9890024371163874,-2.0633448959989713,2.177752933680723,0.0,-1.9765151739120483,2.4049246311187744,-0.1291663944721222,-1.0080100691777873,-3.236914007023796,-0.7019799269109068,-1.0080100691777873,-3.236914007023796,-0.7019799269109068,-2.3535633071609388,-1.7529068520187068,-0.07748655625634644,-3.529774923825173,-2.628617796695314,-0.22172389021809683,0.0,0.0,0.0,0.0,0.0,0.0,0.0,0.0,0.0
5.1167,-1.8829897182911708,1.4114113013333374,1.0,-2.207494020462036,1.2577661275863647,1.1498768329620361,-0.12741640049221312,0.07215668222699613,-0.03626196834701484,-0.9885563548717481,-2.117116952000006,2.1255154225632436,0.0,-2.035261631011963,2.3439321517944336,-0.13427460193634033,-0.8736368923660656,-3.3260138766621057,-0.6681265478791953,-0.8736368923660656,-3.3260138766621057,-0.6681265478791953,-3.52620318559755,-3.661018647051247,-0.3066155530432045,-3.5287204814177517,-2.933401397479351,-0.24678546069574653,0.0,0.0,0.0,0.0,0.0,0.0,0.0,0.0,0.0
5.1333,-1.9186902893208972,1.4463690688007724,1.0,-2.2476770877838135,1.3052235841751099,1.1480687856674194,-0.13209939478217525,0.06643891958581878,-0.03521504063000424,-0.9883802653386695,-2.169553603201159,2.0719645660186536,0.0,-2.071122169494629,2.314868450164795,-0.13959810137748718,-0.8648770280076579,-3.61174009437578,-0.6320761351216344,-0.8648770280076579,-3.61174009437578,-0.6320761351216344,-2.1537293984564054,-1.7455217148502942,-0.31972127955095436,-3.122797982258224,-2.582717603636036,-0.2683174475099366,0.0,0.0,0.0,0.0,0.0,0.0,0.0,0.0,0.0
5.15,-1.9552916462596739,1.480459200174386,1.0,-2.2681782245635986,1.328487753868103,1.147070050239563,-0.13209939478217525,0.06643891958581878,-0.03521504063000424,-0.9883802653386695,-2.2206888002615788,2.017062530610489,0.0,-2.123817205429077,2.2462732791900635,-0.15016621351242065,-0.8484486601852608,-3.5496201449924194,-0.5685785700017743,-0.8484486601852608,-3.5496201449924194,-0.5685785700017743,-3.1601229625393192,-4.11365456105233,-0.6337700171575636,-3.1338169986464255,-3.0346781752433034,-0.37620572564781485,0.0,0.0,0.0,0.0,0.0,0.0,0.0,0.0,0.0
5.1667,-1.992725930133894,1.5136163669357265,1.0,-2.3100697994232178,1.3740962743759155,1.1449321508407593,-0.13824627556146626,0.06017369045590917,-0.03449829132422796,-0.9879661304052015,-2.2704245504035896,1.9609111047991588,0.0,-2.1815521717071533,2.1785202026367188,-0.15957587957382202,-0.6886493483886285,-3.6145447030720446,-0.5062633876893994,-0.6886493483886285,-3.6145447030720446,-0.5062633876893994,-3.4632095304835318,-4.0641419847546585,-0.5644351643951203,-3.2310596945334655,-3.3385947078881077,-0.4317744963391441,0.0,0.0,0.0,0.0,0.0,0.0,0.0,0.0,0.0
5.1833,-2.0309542779402685,1.545808188399161,1.0,-2.3314056396484375,1.3963956832885742,1.14376699924469,-0.14645301770727642,0.05521187632380125,-0.03318520625887103,-0.9871180093726167,-2.3187122825987414,1.9035685830895965,0.0,-2.2090330123901367,2.1394805908203125,-0.1675313413143158,-0.8069352300100698,-3.744843130571156,-0.45749393454543785,-0.8069352300100698,-3.744843130571156,-0.45749393454543785,-1.6499377317167436,-2.343921327244879,-0.477642465537726,-2.7642835920730073,-3.044948945729004,-0.44531555920070165,0.0,0.0,0.0,0.0,0.0,0.0,0.0,0.0,0.0
5.2,-2.070026379834637,1.5770747901406932,1.0,-2.3749942779541016,1.4399869441986084,1.141273856163025,-0.15450799695413298,0.05233765091617658,-0.031947142583863504,-0.9860869710174948,-2.36561218521104,1.8449604302480447,0.0,-2.267606735229492,2.071089029312134,-0.1747172474861145,-0.6213078418430618,-3.815827993440019,-0.4066281710641544,-0.6213078418430618,-3.815827993440019,-0.4066281710641544,-3.5097574216406184,-4.0980456584473846,-0.43058194519843423,-2.9843610919971395,-3.355842343352111,-0.4409659270528542,0.0,0.0,0.0,0.0,0.0,0.0,0.0,0.0,0.0
5.2167,-2.109834600817766,1.60732894038196,1.0,-2.4195683002471924,1.4822325706481934,1.1386919021606445,-0.15901999094297428,0.04932684337759628,-0.03094990600124732,-0.9855564686352881,-2.41099341057294,1.7852480987733508,0.0,-2.314749002456665,1.9939361810684204,-0.1728006899356842,-0.4921817157962993,-3.837129114752537,-0.4098409376181973,-0.4921817157962993,-3.837129114752537,-0.4098409376181973,-2.8284578082309353,-4.6290428712432234,0.11499027279099375,-2.9383355930991706,-3.7317144101728665,-0.2768374953412772,0.0,0.0,0.0,0.0,0.0,0.0,0.0,0.0,0.0
5.2333,-2.150371460186487,1.6365678172462792,1.0,-2.465153217315674,1.5230302810668945,1.1360740661621094,-0.16225322320621477,0.0441893322049366,-0.03023311454862252,-0.9852955374961572,-2.454851725869419,1.7244428097202689,0.0,-2.3596088886260986,1.9158339500427246,-0.17790359258651733,-0.36448093800687564,-3.8550379771551504,-0.3706673495378947,-0.36448093800687564,-3.8550379771551504,-0.3706673495378947,-2.6932524118977414,-4.689022644642295,-0.30636290114797743,-2.8659825584882195,-4.014329298238108,-0.285553934787519,0.0,0.0,0.0,0.0,0.0,0.0,0.0,0.0,0.0
5.25,-2.1916227331320774,1.6647822182767316,1.0,-2.4882829189300537,1.5428155660629272,1.1346957683563232,-0.16225322320621477,0.0441893322049366,-0.03023311454862252,-0.9852955374961572,-2.4971733274150973,1.6625659003018831,0.0,-2.3874435424804688,1.8741753101348877,-0.18129312992095947,-0.44425354341121936,-3.9956527748520965,-0.34792598627571003,-0.44425354341121936,-3.9956527748520965,-0.34792598627571003,-1.6710130821858986,-2.500916039275184,-0.20348595883548506,-2.5132057279684927,-3.567542042704564,-0.26132596828488086,0.0,0.0,0.0,0.0,0.0,0.0,0.0,0.0,0.0
5.2667,-2.233599995389313,1.691978436672976,1.0,-2.5352540016174316,1.581301212310791,1.1318122148513794,-0.16767298128663977,0.03996418439870437,-0.02946250157044935,-0.9845916008323283,-2.537967655009464,1.59960000691603,0.0,-2.4269156455993652,1.7933781147003174,-0.18871036171913147,-0.3277384373420411,-4.0044578926748,-0.2934011412382471,-0.3277384373420411,-4.0044578926748,-0.2934011412382471,-2.3669402110199296,-4.8449947102050155,-0.4447734681039659,-2.470025473989864,-3.9446694188566935,-0.3154830232024678,0.0,0.0,0.0,0.0,0.0,0.0,0.0,0.0,0.0
5.2833,-2.2762251697192113,1.7181050890104317,1.0,-2.5831146240234375,1.6182063817977905,1.128856897354126,-0.17416646721137227,0.036505524447847326,-0.029091398569310922,-0.9836092842340849,-2.5771576335156476,1.5356622454211823,0.0,-2.48018479347229,1.7104287147521973,-0.18882323801517487,-0.11606457282196114,-4.001400590961048,-0.2822426446787869,-0.11606457282196114,-4.001400590961048,-0.2822426446787869,-3.196060480352468,-4.976826355014519,-0.006772390461613286,-2.6843642780098,-4.249381011711296,-0.2243460019431019,0.0,0.0,0.0,0.0,0.0,0.0,0.0,0.0,0.0
5.3,-2.3194919474590625,1.743159189202862,1.0,-2.607375383377075,1.63605797290802,1.1273095607757568,-0.17876304992517494,0.031925821546873255,-0.02869846350064389,-0.9829552072920442,-2.614738783804293,1.4707620788114055,0.0,-2.493943691253662,1.664940595626831,-0.1973741501569748,-0.2518805635600849,-4.13644729266942,-0.22744352985564653,-0.2518805635600849,-4.13644729266942,-0.22744352985564653,-0.8256527648615781,-2.7296802346376707,-0.5131286215036841,-2.1356386666343816,-3.800737565911041,-0.3095999094763786,0.0,0.0,0.0,0.0,0.0,0.0,0.0,0.0,0.0
5.3167,-2.3633765303705583,1.7671266157633716,1.0,-2.6565206050872803,1.6704630851745605,1.1240549087524414,-0.18140684797527842,0.028839776615344963,-0.02818401906771991,-0.9825811118646616,-2.650689923645057,1.404935204444162,0.0,-2.5409598350524902,1.581619143486023,-0.2000519335269928,-0.05556074522012655,-4.13598372264156,-0.1992392024323646,-0.05556074522012655,-4.13598372264156,-0.1992392024323646,-2.820648520303806,-4.998719837512337,-0.1606487706149071,-2.3378660957399795,-4.154403828669544,-0.2656268108224682,0.0,0.0,0.0,0.0,0.0,0.0,0.0,0.0,0.0
5.3333,-2.4078395301839217,1.7899859485754503,1.0,-2.6814115047454834,1.6870546340942383,1.1223869323730469,-0.18140684797527842,0.028839776615344963,-0.02818401906771991,-0.9825811118646616,-2.6849789228631753,1.3382407047241176,0.0,-2.5527055263519287,1.5355710983276367,-0.2060796618461609,-0.18408085896115245,-4.278241901756514,-0.15881157740404994,-0.18408085896115245,-4.278241901756514,-0.15881157740404994,-0.7049034898195711,-2.7635178640415514,-0.36174684141996594,-1.8557856879153265,-3.7437888699225157,-0.29400320069358954,0.0,0.0,0.0,0.0,0.0,0.0,0.0,0.0,0.0
5.35,-2.4528794582004454,1.8117358493061921,1.0,-2.7317166328430176,1.7189275026321411,1.1189225912094116,-0.1852463626543481,0.02285816943413334,-0.027180755485766595,-0.9820501458671212,-2.717603773959288,1.2706808126993316,0.0,-2.594374656677246,1.447333812713623,-0.21157312393188477,0.0025007953067590627,-4.252181900127303,-0.11249562005327896,0.0025007953067590627,-4.252181900127303,-0.11249562005327896,-2.498613255561274,-5.290987590781723,-0.3294054154514782,-2.0455601351979196,-4.200550211323338,-0.3044545815558962,0.0,0.0,0.0,0.0,0.0,0.0,0.0,0.0,0.0
5.3667,-2.4984092135588054,1.8323351797890548,1.0,-2.782665252685547,1.7492620944976807,1.1153026819229126,-0.18797058215976645,0.018468074667897672,-0.026322561356387743,-0.9816482335197215,-2.748502769683582,1.2023861796617916,0.0,-2.6231677532196045,1.36202073097229,-0.21728433668613434,0.12413574418639839,-4.24371248822394,-0.06396935716931118,0.12413574418639839,-4.24371248822394,-0.06396935716931118,-1.7288734914749546,-5.122600317810258,-0.34292818490258115,-1.952068449714689,-4.472756255575918,-0.3158126924670764,0.0,0.0,0.0,0.0,0.0,0.0,0.0,0.0,0.0
5.3833,-2.5444387580373573,1.8517902715058931,1.0,-2.8084163665771484,1.763837218284607,1.113457441329956,-0.1895219865800282,0.015607083370705419,-0.025686733999752416,-0.9814163415592144,-2.77768540725884,1.1333418629439638,0.0,-2.6359217166900635,1.315948486328125,-0.2188740074634552,0.03213481214029468,-4.399454098190753,-0.04898460611231137,0.03213481214029468,-4.399454098190753,-0.04898460611231137,-0.7657314629258517,-2.7661179501860866,-0.09544177640996278,-1.6018400878801082,-3.968925434656553,-0.2507551702064082,0.0,0.0,0.0,0.0,0.0,0.0,0.0,0.0,0.0
5.4,-2.5909941758707493,1.870109820665835,1.0,-2.8604652881622314,1.791780710220337,1.1096800565719604,-0.19210033057439427,0.012186455682273382,-0.02476633112197152,-0.9809870337602825,-2.8051647309987526,1.063508736193876,0.0,-2.6688954830169678,1.2296591997146606,-0.22075696289539337,0.20181364803582347,-4.388749252738421,-0.02245903380186398,0.20181364803582347,-4.388749252738421,-0.02245903380186398,-1.9767594763020981,-5.172996112286318,-0.11288216082556743,-1.7125231439504391,-4.32438910615581,-0.2100525378562541,0.0,0.0,0.0,0.0,0.0,0.0,0.0,0.0,0.0
5.4167,-2.637973008313528,1.887252039945529,1.0,-2.8867316246032715,1.8051810264587402,1.1077661514282227,-0.19210033057439427,0.012186455682273382,-0.02476633112197152,-0.9809870337602825,-2.8308780599182937,0.9930404875297071,0.0,-2.6801512241363525,1.1822556257247925,-0.22256869077682495,0.12135446167610198,-4.545629773498751,-0.005611753511642448,0.12135446167610198,-4.545629773498751,-0.005611753511642448,-0.6752678328780055,-2.843891693962496,-0.10869133780555834,-1.406306417635239,-3.8873192102097156,-0.18012885896680786,0.0,0.0,0.0,0.0,0.0,0.0,0.0,0.0,0.0
5.4333,-2.6853371641029393,1.9032050856823033,1.0,-2.9398794174194336,1.8307347297668457,1.1040290594100952,-0.19529802250762793,0.006544457269650418,-0.023885504134942285,-0.9804312432689694,-2.8548076285234547,0.921994253845591,0.0,-2.7161600589752197,1.0974200963974,-0.21196800470352173,0.33355777682735166,-4.545584424308173,-0.05399625609034153,0.33355777682735166,-4.545584424308173,-0.05399625609034153,-2.1616453648971645,-5.092759306702543,0.6363694914769068,-1.6292962806129228,-4.243187159186972,0.06091637767423719,0.0,0.0,0.0,0.0,0.0,0.0,0.0,0.0,0.0
5.45,-2.7330762388231427,1.917967009365147,1.0,-2.9938042163848877,1.8545936346054077,1.1003727912902832,-0.19629405790506163,0.0035681311215081083,-0.023210901677676928,-0.9802639202803811,-2.8769505140477207,0.8503856417652857,0.0,-2.745448589324951,1.005122423171997,-0.2112089842557907,0.5191160986172401,-4.499093689082196,-0.043612832376039634,0.5191160986172401,-4.499093689082196,-0.043612832376039634,-1.758344784152067,-5.541115596015115,0.0455679963929921,-1.6673937575482545,-4.62635935669155,0.05638525498919541,0.0,0.0,0.0,0.0,0.0,0.0,0.0,0.0,0.0
5.4667,-2.781207198722772,1.9315418787442655,1.0,-3.0483953952789307,1.8766517639160156,1.096705675125122,-0.19874065085098264,0.0006578385482702405,-0.021996018769350357,-0.979805067540643,-2.897312818116398,0.7781892019158421,0.0,-2.7746036052703857,0.9095954895019531,-0.20730148255825043,0.7169234228758716,-4.431155202592389,-0.05194734900267228,0.7169234228758716,-4.431155202592389,-0.05194734900267228,-1.7484522226511674,-5.728835127754186,0.2343363502480733,-1.6913236979968462,-4.951830354866127,0.10891967081979578,0.0,0.0,0.0,0.0,0.0,0.0,0.0,0.0,0.0
5.4833,-2.8296527837519223,1.9439067611816376,1.0,-3.075885534286499,1.8869656324386597,1.0948997735977173,-0.20475322542913765,-0.0023386021833238986,-0.01999303194071866,-0.9786066640500842,-2.9158601417724563,0.7055208243721162,0.0,-2.7856485843658447,0.8587080240249634,-0.20439881086349487,0.6802375689719034,-4.578457803784914,-0.06349642502443764,0.6802375689719034,-4.578457803784914,-0.06349642502443764,-0.6628605769230769,-3.0539935325091574,0.17420283167353479,-1.3877025868689508,-4.39155423709746,0.128192453120107,0.0,0.0,0.0,0.0,0.0,0.0,0.0,0.0,0.0
5.5,-2.8784195880897427,1.955062647664667,1.0,-3.1313295364379883,1.9062992334365845,1.091389536857605,-0.2070607759218212,-0.006298351284483038,-0.01899672258876963,-0.9781233661382098,-2.932593971497001,0.6323706178653856,0.0,-2.8062851428985596,0.7625356912612915,-0.19953617453575134,0.8509842012363968,-4.505500908164618,-0.07817011968979948,0.8509842012363968,-4.505500908164618,-0.07817011968979948,-1.2370798079121885,-5.765149782757832,0.29149575520237825,-1.3432359895054238,-4.797064748138736,0.17640257267918952,0.0,0.0,0.0,0.0,0.0,0.0,0.0,0.0,0.0
5.5167,-2.9274592955960896,1.9649970543393287,1.0,-3.159269332885742,1.9153059720993042,1.0896408557891846,-0.2070607759218212,-0.006298351284483038,-0.01899672258876963,-0.9781233661382098,-2.947495581508993,0.5588110566058652,0.0,-2.827204465866089,0.7188785672187805,-0.1952141374349594,0.8957966364295338,-4.701800806452356,-0.09834918532187764,0.8957966364295338,-4.701800806452356,-0.09834918532187764,-1.2542275969524137,-2.61748288234201,0.2591297153966008,-1.3169590851683606,-4.153612343937315,0.2008251372589211,0.0,0.0,0.0,0.0,0.0,0.0,0.0,0.0,0.0
5.5333,-2.976672883652801,1.97369186445975,1.0,-3.2156646251678467,1.9319450855255127,1.0861166715621948,-0.20758144755161267,-0.014594800363170601,-0.01838091498517696,-0.977936191983973,-2.960537796689625,0.48499067452079847,0.0,-2.8527727127075195,0.6191397905349731,-0.20158231258392334,1.121572947299424,-4.604879877396331,-0.045388205856410124,1.121572947299424,-4.604879877396331,-0.045388205856410124,-1.5349306539568037,-5.987587129832396,-0.38229868893755276,-1.3813082762611257,-4.6950352213008175,0.02867632569037877,0.0,0.0,0.0,0.0,0.0,0.0,0.0,0.0,0.0
5.55,-3.0260904808477416,1.9811546066165,1.0,-3.272677421569824,1.9466527700424194,1.0824328660964966,-0.2077748699761413,-0.02135940115930548,-0.017870895971346668,-0.9777802064976341,-2.97173190992475,0.4108642787283872,0.0,-2.8711740970611572,0.5228860974311829,-0.2077469527721405,1.318090648760299,-4.524557126089689,0.007271767773817217,1.318090648760299,-4.524557126089689,0.007271767773817217,-1.1044316929725397,-5.777045204126898,-0.3699952062733426,-1.2995692482485248,-5.01446434472348,-0.08901879728448103,0.0,0.0,0.0,0.0,0.0,0.0,0.0,0.0,0.0
5.5667,-3.0756812524830597,1.9873804616913269,1.0,-3.330085515975952,1.9594676494598389,1.0787135362625122,-0.21019874577071493,-0.02549144657717715,-0.01683952044143659,-0.9771812576334458,-2.9810706925369903,0.33647812127541,0.0,-2.887583017349243,0.42496258020401,-0.20236146450042725,1.5154150869847403,-4.4298213028697635,-0.009066868451908405,1.5154150869847403,-4.4298213028697635,-0.009066868451908405,-0.9850716361086064,-5.8786122203615445,0.32330535159660495,-1.2067238048987454,-5.269576592118513,0.032706827740783775,0.0,0.0,0.0,0.0,0.0,0.0,0.0,0.0,0.0
5.5833,-3.125458425700077,1.9923692526338848,1.0,-3.358887195587158,1.9651143550872803,1.0768598318099976,-0.21385503756259563,-0.03027261668238935,-0.01557954040520341,-0.9762719393768233,-2.9885538789508272,0.26181236144988407,0.0,-2.8912911415100098,0.3724593222141266,-0.20260289311408997,1.5037786427673996,-4.576856152648521,-0.0009132690922921682,1.5037786427673996,-4.576856152648521,-0.0009132690922921682,-0.22235724701912904,-3.148351942927401,-0.014477239584822577,-0.9161208052029367,-4.64335230488606,0.018777228657078315,0.0,0.0,0.0,0.0,0.0,0.0,0.0,0.0,0.0
5.6,-3.175297688191643,1.9961085475067861,1.0,-3.416788101196289,1.9751375913619995,1.0732783079147339,-0.21429163149796393,-0.037943032278364305,-0.01492032154764452,-0.9759185380520594,-2.994162821260179,0.18705346771253584,0.0,-2.901299238204956,0.2822648882865906,-0.19794303178787231,1.6866439252887504,-4.52372660637567,-0.013406796554887634,1.6866439252887504,-4.52372660637567,-0.013406796554887634,-0.6006410348133415,-5.413065019245353,0.27966395753144363,-0.8229854107864054,-4.870585566628145,0.0957957593912253,0.0,0.0,0.0,0.0,0.0,0.0,0.0,0.0,0.0
5.6167,-3.2252284055888873,1.998601813435888,1.0,-3.474968194961548,1.9832921028137207,1.0696767568588257,-0.21126711569690548,-0.04729294710393773,-0.01441565518357505,-0.9761771511145223,-2.997902720153832,0.11215739161666882,0.0,-2.913647174835205,0.18919001519680023,-0.1960613876581192,1.8960448185769072,-4.448314778916657,-0.009011096931727636,1.8960448185769072,-4.448314778916657,-0.009011096931727636,-0.7409935044495951,-5.5853766060033765,0.1129165235928692,-0.7987799014245476,-5.081604946081232,0.10085012190918763,0.0,0.0,0.0,0.0,0.0,0.0,0.0,0.0,0.0
5.6333,-3.275243747660547,1.9998467761231373,1.0,-3.504127264022827,1.9866702556610107,1.0678589344024658,-0.21126711569690548,-0.04729294710393773,-0.01441565518357505,-0.9761771511145223,-2.999770164184706,0.03713437850917929,0.0,-2.918684244155884,0.1367226392030716,-0.19678708910942078,1.9271329022134907,-4.596895968612076,0.002168805640211602,1.9271329022134907,-4.596895968612076,0.002168805640211602,-0.3020300214438885,-3.146020371694067,-0.043514117226590425,-0.6521302574831016,-4.510185001976797,0.0582311598915946,0.0,0.0,0.0,0.0,0.0,0.0,0.0,0.0,0.0
5.65,-3.3252481191281023,1.9998406267701667,1.0,-3.5626275539398193,1.9918763637542725,1.0642396211624146,-0.21025243558736176,-0.05514799750652678,-0.013159974125890003,-0.9760017780778685,-2.99976094015525,-0.0378721786921537,0.0,-2.9188666343688965,0.03343063220381737,-0.19577530026435852,2.08722839245364,-4.4530979815223555,0.012053289474964757,2.08722839245364,-4.4530979815223555,0.012053289474964757,-0.010943266672388636,-6.197437675235316,0.060706520184247416,-0.4628401384679963,-5.008292829969124,0.05896193149350915,0.0,0.0,0.0,0.0,0.0,0.0,0.0,0.0,0.0
5.6667,-3.37527887796321,1.9985827704982848,1.0,-3.591911792755127,1.993721842765808,1.0624489784240723,-0.2120184201501046,-0.06154172710919004,-0.01163261448270369,-0.9752566639430443,-2.9978741557474273,-0.11291831694481538,0.0,-2.921879768371582,-0.009785762056708336,-0.1900252401828766,2.1290793938754438,-4.656681832544999,-0.015577989302597572,2.1290793938754438,-4.656681832544999,-0.015577989302597572,-0.1805712326222692,-2.589874056101673,0.34458986412150483,-0.37950919827807805,-4.29433140515151,0.14328451778433574,0.0,0.0,0.0,0.0,0.0,0.0,0.0,0.0,0.0
5.6833,-3.4251647020119003,1.9960796069721949,1.0,-3.650473117828369,1.996079444885254,1.0588946342468262,-0.21115101693432614,-0.06983732271419527,-0.010483564951751186,-0.9748990479334294,-2.994119410458292,-0.1877470530178506,0.0,-2.92061710357666,-0.10611412674188614,-0.19118119776248932,2.303403217903049,-4.5463557684678415,0.007168627276927353,2.303403217903049,-4.5463557684678415,0.007168627276927353,0.0758489323002449,-5.786495070571302,-0.06943897426349484,-0.24507915530000324,-4.734845392280597,0.08048465486738854,0.0,0.0,0.0,0.0,0.0,0.0,0.0,0.0,0.0
5.7,-3.475018059721133,1.9923274526973345,1.0,-3.709118604660034,1.9965544939041138,1.055295705795288,-0.20978097040320676,-0.07873222543160116,-0.009368401487001469,-0.9745283664007761,-2.988491179046002,-0.26252708958169946,0.0,-2.9167370796203613,-0.1997605562210083,-0.19285045564174652,2.4739245560553913,-4.445921525906933,0.033335760210023935,2.4739245560553913,-4.445921525906933,0.033335760210023935,0.23281831187410587,-5.6191930436337625,-0.10016273247496424,-0.10399508819498322,-4.995920982669155,0.027154244332130914,0.0,0.0,0.0,0.0,0.0,0.0,0.0,0.0,0.0
5.7167,-3.524824599487951,1.9873233001867316,1.0,-3.738468647003174,1.9961051940917969,1.053503155708313,-0.20978097040320676,-0.07873222543160116,-0.009368401487001469,-0.9745283664007761,-2.9809849502800976,-0.33723689923192657,0.0,-2.9214725494384766,-0.24608173966407776,-0.18592578172683716,2.5607227993169532,-4.627914777627953,-0.001035520896619957,2.5607227993169532,-4.627914777627953,-0.001035520896619957,-0.2837225912434826,-2.7753035497464467,0.41488732947646595,-0.15705393207346344,-4.340354129022482,0.14162013787789068,0.0,0.0,0.0,0.0,0.0,0.0,0.0,0.0,0.0
5.7334,-3.5744059914098654,1.9810859021956542,1.0,-3.797084093093872,1.9937196969985962,1.0499964952468872,-0.21044356627700259,-0.08535949599021934,-0.007752870636730359,-0.973841499210594,-2.971628853293481,-0.41160898711479815,0.0,-2.9061384201049805,-0.3439766764640808,-0.18111498653888702,2.6852917577106252,-4.492213461598223,-0.014032393640446728,2.6852917577106252,-4.492213461598223,-0.014032393640446728,0.9206808193881787,-5.877737735659991,0.2888463217716192,0.16111306490965852,-4.79421786930881,0.18508399829737132,0.0,0.0,0.0,0.0,0.0,0.0,0.0,0.0,0.0
5.75,-3.6237800735298498,1.9736176083489438,1.0,-3.8555519580841064,1.9894908666610718,1.046704649925232,-0.21089683982766907,-0.09133024508958335,-0.006421240958028698,-0.9732112773848106,-2.960426412523416,-0.4856701102947748,0.0,-2.8941993713378906,-0.4332490563392639,-0.1740172952413559,2.8412903755883505,-4.400603776129629,-0.04171404156865144,2.8412903755883505,-4.400603776129629,-0.04171404156865144,0.7173081606050622,-5.363560183925169,0.4264353038919368,0.3253120230430458,-4.962298126766624,0.2563353150196304,0.0,0.0,0.0,0.0,0.0,0.0,0.0,0.0,0.0
5.7667,-3.6730598271820707,1.9648985636268563,1.0,-3.884723424911499,1.9866561889648438,1.0450520515441895,-0.20718496687931462,-0.0995690688896444,-0.0053634393541022556,-0.9732068941125656,-2.9473478454402846,-0.559589740773106,0.0,-2.8960468769073486,-0.4794498085975647,-0.17105509340763092,2.9447158770210207,-4.57708399906741,-0.052727412129582873,2.9447158770210207,-4.57708399906741,-0.052727412129582873,-0.11074588043618071,-2.769433050835346,0.17756463391976676,0.19657975986550508,-4.314924276148936,0.23308077022382703,0.0,0.0,0.0,0.0,0.0,0.0,0.0,0.0,0.0
5.7833,-3.7220703408397116,1.9549569374754652,1.0,-3.942887783050537,1.979703664779663,1.041776418685913,-0.20616449684645674,-0.10726505181759725,-0.0034076148489542175,-0.9726144358630479,-2.9324354062131976,-0.6331055112595674,0.0,-2.8781349658966064,-0.5668811798095703,-0.16413529217243195,3.0864427907662715,-4.486579755667173,-0.07926082033692516,3.0864427907662715,-4.486579755667173,-0.07926082033692516,1.0745465987756737,-5.24506193146061,0.4151231477773328,0.45577161779526654,-4.589517912635168,0.2868230073664214,0.0,0.0,0.0,0.0,0.0,0.0,0.0,0.0,0.0
5.8,-3.7707836016277123,1.9438011216270143,1.0,-4.000748634338379,1.9710185527801514,1.0387049913406372,-0.20671691558988903,-0.1141700332294098,-0.0009386103163375248,-0.9717163286681293,-2.9157016824405213,-0.706175402441569,0.0,-2.853724241256714,-0.6498170495033264,-0.15707416832447052,3.199554402747392,-4.415090214482326,-0.10755994588670426,3.199554402747392,-4.415090214482326,-0.10755994588670426,1.4653785601831975,-4.978649635036496,0.42388006297409475,0.7538260403303392,-4.704396709462856,0.32728475524909995,0.0,0.0,0.0,0.0,0.0,0.0,0.0,0.0,0.0
5.8167,-3.8192443685800384,1.9314205356933318,1.0,-4.029534339904785,1.9660612344741821,1.0372220277786255,-0.20671691558988903,-0.1141700332294098,-0.0009386103163375248,-0.9717163286681293,-2.897130803539998,-0.778866552870058,0.0,-2.848893642425537,-0.690245509147644,-0.15034981071949005,3.2961639357747075,-4.618503987691776,-0.14173257474562995,3.2961639357747075,-4.618503987691776,-0.14173257474562995,0.2897035903741939,-2.4245999971402834,0.40327723522598913,0.6168086100816388,-4.031359050885059,0.34971912429468915,0.0,0.0,0.0,0.0,0.0,0.0,0.0,0.0,0.0
5.8334,-3.867413305582652,1.917822239063821,1.0,-4.08680534362793,1.954836368560791,1.03432035446167,-0.20308046179276681,-0.1279357655697007,0.003374613866570356,-0.9707622926052367,-2.8767333585957315,-0.8511199583739781,0.0,-2.8204071521759033,-0.7794181108474731,-0.1486227810382843,3.4051807162380774,-4.4988773865892595,-0.13873167345964355,3.4051807162380774,-4.4988773865892595,-0.13873167345964355,1.7072860551848306,-5.344397925210409,0.10350638726547876,0.9387374831329762,-4.418992125720601,0.27703262415786295,0.0,0.0,0.0,0.0,0.0,0.0,0.0,0.0,0.0
5.85,-3.9150893997300327,1.9030672690001653,1.0,-4.14362907409668,1.941859245300293,1.0316134691238403,-0.20308046179276681,-0.1279357655697007,0.003374613866570356,-0.9707622926052367,-2.854600903500248,-0.9226340995950495,0.0,-2.7948226928710938,-0.8661830425262451,-0.13877028226852417,3.5412791200975655,-4.383708377223105,-0.1853638198146097,3.5412791200975655,-4.383708377223105,-0.1853638198146097,1.5382817987643171,-5.216796399030949,0.592387720580857,1.1157339233090209,-4.654518529109932,0.3701312125407188,0.0,0.0,0.0,0.0,0.0,0.0,0.0,0.0,0.0
5.8667,-3.9625005944817064,1.887085838617678,1.0,-4.171827793121338,1.9346431493759155,1.0302661657333374,-0.2023196479568724,-0.1364985300474165,0.006374626543575779,-0.9697393042981802,-2.830628757926517,-0.9937508917225601,0.0,-2.7822580337524414,-0.91267329454422,-0.13699571788311005,3.623828226890703,-4.540129282504754,-0.19028431086924336,3.623828226890703,-4.540129282504754,-0.19028431086924336,0.7533198965078548,-2.78734436868362,0.1063948211043927,1.0087426785565392,-4.103294589581556,0.2922714093334288,0.0,0.0,0.0,0.0,0.0,0.0,0.0,0.0,0.0
5.8833,-4.009447036295116,1.8699424864663823,1.0,-4.227986812591553,1.9189460277557373,1.027669072151184,-0.20286735152162752,-0.14323671003789112,0.007876360902867426,-0.9686414210413199,-2.8049137296995736,-1.0641705544426743,0.0,-2.763049602508545,-0.9950182437896729,-0.13047848641872406,3.8182011104780673,-4.438052583126583,-0.2173241770419292,3.8182011104780673,-4.438052583126583,-0.2173241770419292,1.1529522882738488,-4.942610692921949,0.39118535161281087,1.0513159911435532,-4.3510760439303375,0.32147261299890506,0.0,0.0,0.0,0.0,0.0,0.0,0.0,0.0,0.0
5.9,-4.055983562375812,1.8516179015708334,1.0,-4.283662796020508,1.9015555381774902,1.0251425504684448,-0.2027604592112698,-0.1476540869860035,0.008773456573421795,-0.9679925703084947,-2.77742685235625,-1.1339753435637179,0.0,-2.7356014251708984,-1.0810322761535645,-0.12596449255943298,3.972634765377457,-4.3050700893513225,-0.2326141315231336,3.972634765377457,-4.3050700893513225,-0.2326141315231336,1.6458797964201979,-5.157674272316578,0.2706733930920112,1.2268420936313604,-4.589198583590033,0.3064757547970687,0.0,0.0,0.0,0.0,0.0,0.0,0.0,0.0,0.0
5.9167,-4.102044050712413,1.8321368236888922,1.0,-4.311333179473877,1.892255187034607,1.0239226818084717,-0.2027604592112698,-0.1476540869860035,0.008773456573421795,-0.9679925703084947,-2.748205235533338,-1.2030660760686205,0.0,-2.727656841278076,-1.1160520315170288,-0.11829717457294464,4.11547073601707,-4.5175691467610815,-0.273316129515889,4.11547073601707,-4.5175691467610815,-0.273316129515889,0.47666866935599234,-2.1011572683317596,0.4600329370869453,1.005377187452417,-3.8546833120243127,0.3518086416582369,0.0,0.0,0.0,0.0,0.0,0.0,0.0,0.0,0.0
5.9333,-4.1475635259293036,1.811528655449393,1.0,-4.3662943840026855,1.8724526166915894,1.0214388370513916,-0.19809998582639166,-0.16042247605946786,0.010796968917278327,-0.966904633707883,-2.7172929831740893,-1.2713452888939563,0.0,-2.700148344039917,-1.1904395818710327,-0.1268070489168167,4.28916327084427,-4.43959330297024,-0.2105517041859013,4.28916327084427,-4.43959330297024,-0.2105517041859013,1.651858320925438,-4.466899553315772,-0.5110096208910778,1.196230234145397,-4.035420736266989,0.09708892034907315,0.0,0.0,0.0,0.0,0.0,0.0,0.0,0.0,0.0
5.95,-4.192559089735333,1.7897872139812692,1.0,-4.393604278564453,1.8620171546936035,1.02019464969635,-0.19809998582639166,-0.16042247605946786,0.010796968917278327,-0.966904633707883,-2.684680820971904,-1.3388386346030001,0.0,-2.6867282390594482,-1.2211397886276245,-0.12273985147476196,4.420476454682477,-4.669167053637831,-0.2294067886354707,4.420476454682477,-4.669167053637831,-0.2294067886354707,0.805587359743531,-1.8428841309823678,0.24414733369590108,1.0809053176269932,-3.388143856187833,0.14050325183667406,0.0,0.0,0.0,0.0,0.0,0.0,0.0,0.0,0.0
5.9667,-4.237061230161331,1.7668945217325602,1.0,-4.447745323181152,1.8401187658309937,1.017633318901062,-0.19738199318858432,-0.16897957178605894,0.01253767590762678,-0.96557190821112,-2.6503417825988405,-1.4055918452419969,0.0,-2.655360221862793,-1.291749358177185,-0.12685805559158325,4.590142385565698,-4.600713676549427,-0.19247936776021213,4.590142385565698,-4.600713676549427,-0.19247936776021213,1.8799045523390392,-4.231674906409854,-0.24680650415797445,1.3167844954630734,-3.637169639894977,0.026162332793321766,0.0,0.0,0.0,0.0,0.0,0.0,0.0,0.0,0.0
5.9833,-4.280923044455935,1.7429256957355634,1.0,-4.501326560974121,1.8167694807052612,1.015049934387207,-0.19407857917858365,-0.1779302420280343,0.015918106039291564,-0.9645833960261455,-2.6143885436033454,-1.471384566683904,0.0,-2.6215105056762695,-1.369316816329956,-0.13322065770626068,4.753721586612454,-4.480463320156924,-0.1418882883893513,4.753721586612454,-4.480463320156924,-0.1418882883893513,2.0318278092621216,-4.655983456408495,-0.3819149278722308,1.527878350937029,-3.937942099951032,-0.09430953320800257,0.0,0.0,0.0,0.0,0.0,0.0,0.0,0.0,0.0
6.0,-4.324210273116173,1.7178455449903796,1.0,-4.527873516082764,1.8044919967651367,1.013694405555725,-0.1942174253855577,-0.1839015087433816,0.018669578750628232,-0.9633853718572234,-2.5767683174855693,-1.5363154096742595,0.0,-2.6107020378112793,-1.4081064462661743,-0.1296137273311615,4.931683602071908,-4.646338629098328,-0.15720900008245842,4.931683602071908,-4.646338629098328,-0.15720900008245842,0.6480914939242316,-2.325882773409578,0.21627680486061474,1.2681491903978983,-3.4620327222597966,-0.002618769452581715,0.0,0.0,0.0,0.0,0.0,0.0,0.0,0.0,0.0
6.0167,-4.36681369885091,1.6917176277216124,1.0,-4.580458164215088,1.7786133289337158,1.0109895467758179,-0.1964205438901654,-0.19083586914278425,0.022281184346375233,-0.9615114808255806,-2.5375764415824187,-1.600220548276365,0.0,-2.566969156265259,-1.4969161748886108,-0.12991604208946228,5.053760750505533,-4.440817223240206,-0.14223699402357504,5.053760750505533,-4.440817223240206,-0.14223699402357504,2.6249892670082144,-5.330647700277627,-0.01814591144566244,1.6687131807266615,-4.013682017475805,-0.007202665567065363,0.0,0.0,0.0,0.0,0.0,0.0,0.0,0.0,0.0
6.0333,-4.408734306128306,1.664544453721253,1.0,-4.632113456726074,1.7508352994918823,1.0084935426712036,-0.19276070484829244,-0.1987011628759227,0.022794659401783504,-0.9606465010535915,-2.4968166805818797,-1.6631014591924584,0.0,-2.521202564239502,-1.5886420011520386,-0.10606543719768524,5.170433917662801,-4.205020592852131,-0.2731434452677046,5.170433917662801,-4.205020592852131,-0.2731434452677046,2.748671907441614,-5.508913613127712,1.4324310537394218,1.9875367358533813,-4.455101713683662,0.4178035213506162,0.0,0.0,0.0,0.0,0.0,0.0,0.0,0.0,0.0
6.05,-4.450037460153647,1.6362804894770793,1.0,-4.657556533813477,1.7362383604049683,1.0073899030685425,-0.19276070484829244,-0.1987011628759227,0.022794659401783504,-0.9606465010535915,-2.454420734215619,-1.7250561902304697,0.0,-2.486126184463501,-1.6341644525527954,-0.10604416579008102,5.231444843490692,-4.31002296507531,-0.26799943108933455,5.231444843490692,-4.31002296507531,-0.26799943108933455,2.1026597493175547,-2.7288513484543153,0.0012751182666609498,2.0215231535947296,-3.945481054239253,0.29483672364119473,0.0,0.0,0.0,0.0,0.0,0.0,0.0,0.0,0.0
6.0667,-4.4905733337580855,1.6070268003191976,1.0,-4.707660675048828,1.70554780960083,1.0052883625030518,-0.190534695007315,-0.2052999925436024,0.02169412089346699,-0.9597280369308421,-2.4105402004787964,-1.7858600006371286,0.0,-2.4444284439086914,-1.7327086925506592,-0.09083586931228638,5.3872067234940015,-4.012217270457737,-0.3489177831889503,5.3872067234940015,-4.012217270457737,-0.3489177831889503,2.5019026092927446,-5.912744621194782,0.9125117124914168,2.163339949076678,-4.526253215964264,0.4771856699357534,0.0,0.0,0.0,0.0,0.0,0.0,0.0,0.0,0.0
6.0833,-4.5303676714916,1.5767673870765904,1.0,-4.756744861602783,1.6729865074157715,1.0035285949707031,-0.19128478378735242,-0.21345363624573394,0.02092911344614578,-0.9578150336237811,-2.3651510806148854,-1.8455515072373998,0.0,-2.3859241008758545,-1.8223955631256104,-0.07006318122148514,5.448274298328126,-3.7542553831735654,-0.4648726769665483,5.448274298328126,-3.7542553831735654,-0.4648726769665483,3.510766149223836,-5.381987266614207,1.2465407933328565,2.561124791010912,-4.77888154843869,0.7043133642899125,0.0,0.0,0.0,0.0,0.0,0.0,0.0,0.0,0.0
6.1,-4.569413719523633,1.5455060040922437,1.0,-4.780883312225342,1.65603768825531,1.002834677696228,-0.18902565080398473,-0.2170718365061839,0.020668940950288033,-0.9574559846213168,-2.3182590061383657,-1.9041205792854499,0.0,-2.3624584674835205,-1.8603918552398682,-0.052649226039648056,5.605674870766496,-3.8807599118612175,-0.5659813595120919,5.605674870766496,-3.8807599118612175,-0.5659813595120919,1.4072146523498377,-2.2786062538425242,1.044300508642999,2.22046942742701,-4.040754582565246,0.8046837834352385,0.0,0.0,0.0,0.0,0.0,0.0,0.0,0.0,0.0
6.1167,-4.607666873566423,1.5132770228140706,1.0,-4.8283185958862305,1.6209063529968262,1.0016686916351318,-0.1820549611382547,-0.2207141052513116,0.021098670217705128,-0.9579646127891462,-2.2699155342211057,-1.9615003103496345,0.0,-2.3097643852233887,-1.9385452270507812,-0.040773943066596985,5.715230556818303,-3.670885679887353,-0.6314587739172008,5.715230556818303,-3.670885679887353,-0.6314587739172008,3.1602916994351897,-4.687195252734682,0.7122120093658397,2.4979221397731237,-4.231595683751437,0.7773844255724058,0.0,0.0,0.0,0.0,0.0,0.0,0.0,0.0,0.0
6.1333,-4.645075082548212,1.480126015685124,1.0,-4.87477445602417,1.5841723680496216,1.0006351470947266,-0.174607220513853,-0.22741293852452327,0.021939373404951928,-0.9577653003425383,-2.220189023527686,-2.0176126238223184,0.0,-2.263131856918335,-2.0099687576293945,-0.04099186509847641,5.867027962969818,-3.488247131754989,-0.6250046820934028,5.867027962969818,-3.488247131754989,-0.6250046820934028,2.799075518410922,-4.287133105313623,-0.013080573722397928,2.5868281214931717,-4.247991345684637,0.5440247100164168,0.0,0.0,0.0,0.0,0.0,0.0,0.0,0.0,0.0
6.15,-4.681635929861085,1.4460574529792702,1.0,-4.897677898406982,1.56525456905365,1.0000921487808228,-0.174607220513853,-0.22741293852452327,0.021939373404951928,-0.9577653003425383,-2.1690861794689056,-2.0724538947916282,0.0,-2.2438900470733643,-2.0466861724853516,-0.04617048054933548,6.075767428219346,-3.5980751587566804,-0.5912210674645291,6.075767428219346,-3.5980751587566804,-0.5912210674645291,1.1552533638705984,-2.204466075007157,-0.31091737045519613,2.164201087362663,-3.644705335143744,0.2916301816139085,0.0,0.0,0.0,0.0,0.0,0.0,0.0,0.0,0.0
6.1667,-4.717353846693121,1.4110662894648898,1.0,-4.942907810211182,1.5265100002288818,0.9989290833473206,-0.17101085363802068,-0.23487707954135179,0.023607756403255624,-0.9565724180891344,-2.116599434197335,-2.126030770039682,0.0,-2.197571039199829,-2.103142023086548,-0.04834020510315895,6.244458961019483,-3.485228524952849,-0.5723516901691834,6.244458961019483,-3.485228524952849,-0.5723516901691834,2.778705875622175,-3.3868213284512843,-0.13016311538131473,2.345614132499342,-3.568573262880103,0.16710909099251492,0.0,0.0,0.0,0.0,0.0,0.0,0.0,0.0,0.0
6.1833,-4.752176519453908,1.3752030236829518,1.0,-4.987240791320801,1.4865351915359497,0.9977017045021057,-0.16615143527436996,-0.24195312710873595,0.024363617984450026,-0.9556457774777738,-2.0628045355244278,-2.1782647791808625,0.0,-2.159893751144409,-2.1568353176116943,-0.048332810401916504,6.470983961565817,-3.377077833203855,-0.5661825730042107,6.470983961565817,-3.377077833203855,-0.5661825730042107,2.2611893315018317,-3.2223843864468864,0.00044379042181776556,2.3206903881662897,-3.4663719790722496,0.11790644803055099,0.0,0.0,0.0,0.0,0.0,0.0,0.0,0.0,0.0
6.2,-4.786129835280819,1.3384386846950465,1.0,-5.009060382843018,1.4661482572555542,0.9970212578773499,-0.15819613595841975,-0.24949753679855347,0.024099104363195636,-0.9550624650943831,-2.0076580270425697,-2.2291947529212286,0.0,-2.1311752796173096,-2.187596321105957,-0.05875565856695175,6.648998386328418,-3.499389903104813,-0.5001438431100791,6.648998386328418,-3.499389903104813,-0.5001438431100791,1.7210910597682427,-1.8434995070513096,-0.6246387722005515,2.143677707216015,-2.9872703631976543,-0.1013064728896383,0.0,0.0,0.0,0.0,0.0,0.0,0.0,0.0,0.0
6.2167,-4.81912149890465,1.3008727345769413,1.0,-5.052064895629883,1.4244678020477295,0.9954891800880432,-0.15357979164102153,-0.257775009258699,0.02355435634619233,-0.9536301887414373,-1.9513091018654118,-2.2786822483569753,0.0,-2.0892388820648193,-2.237365961074829,-0.06442341208457947,6.86365070529366,-3.394660655442731,-0.4583266004994879,6.86365070529366,-3.394660655442731,-0.4583266004994879,2.516654266582728,-2.9867366794482915,-0.3401287879871802,2.2537872046390715,-2.9871128100004105,-0.17181118539342383,0.0,0.0,0.0,0.0,0.0,0.0,0.0,0.0,0.0
6.2333,-4.851157523272421,1.2625016190070288,1.0,-5.093939304351807,1.3816545009613037,0.9939346313476562,-0.15044792254844974,-0.26475918459886355,0.023553386968676603,-0.9522149397152901,-1.8937524285105432,-2.3267362849086313,0.0,-2.027747869491577,-2.2916460037231445,-0.05761850252747536,6.965363137485438,-3.2507441345960126,-0.4911811787608098,6.965363137485438,-3.2507441345960126,-0.4911811787608098,3.6902561167549006,-3.2575046501645444,0.40838259228788093,2.677859082629147,-3.0669374233174516,-0.0005273777006699343,0.0,0.0,0.0,0.0,0.0,0.0,0.0,0.0,0.0
6.25,-4.882222847942941,1.223344129608398,1.0,-5.1143717765808105,1.359826922416687,0.9932239651679993,-0.15044792254844974,-0.26475918459886355,0.023553386968676603,-0.9522149397152901,-1.8350161944125971,-2.3733342719144117,0.0,-1.9874749183654785,-2.3186910152435303,-0.0556754544377327,7.096742872233946,-3.3688808278545617,-0.4990603754138032,7.096742872233946,-3.3688808278545617,-0.4990603754138032,2.417520609113808,-1.623468628348981,0.11663805780570186,2.6010024068977495,-2.6407990519685622,0.03406200035800793,0.0,0.0,0.0,0.0,0.0,0.0,0.0,0.0,0.0
6.2667,-4.912314743455353,1.183402369457024,1.0,-5.154070854187012,1.3153049945831299,0.9918520450592041,-0.14543736822021702,-0.27119400737882493,0.02356872842153454,-0.9511815832835,-1.7751035541855358,-2.4184721151830297,0.0,-1.911389946937561,-2.3734073638916016,-0.04495726153254509,7.119482093131536,-3.2008390636720363,-0.5562382485864941,7.119482093131536,-3.2008390636720363,-0.5562382485864941,4.563666394954739,-3.281951177656699,0.6428898619274386,3.180416688862875,-2.830078878162234,0.2137991129754588,0.0,0.0,0.0,0.0,0.0,0.0,0.0,0.0,0.0
6.2833,-4.94138510685001,1.1427400977523197,1.0,-5.192189693450928,1.2695808410644531,0.9907417893409729,-0.1394273751365333,-0.27983653476734754,0.022705940285668042,-0.9495978311570061,-1.7141101466284794,-2.462077660275015,0.0,-1.8295621871948242,-2.4333431720733643,-0.03125759959220886,7.109304596785607,-2.988170886417548,-0.6325764938374174,7.109304596785607,-2.988170886417548,-0.6325764938374174,4.9121999742375015,-3.5980048376246976,0.8224040257481859,3.6916707674623996,-3.056784657201271,0.3934704070331649,0.0,0.0,0.0,0.0,0.0,0.0,0.0,0.0,0.0
6.3,-4.969463696358164,1.1013132917304391,1.0,-5.210592269897461,1.2462704181671143,0.9902474284172058,-0.13399797596451143,-0.28763863292313874,0.021215459134928775,-0.9480814718412811,-1.6519699375956587,-2.504195544537246,0.0,-1.791855812072754,-2.46329665184021,-0.026747751981019974,7.274728226140511,-3.0609479065881304,-0.6568382802421251,7.274728226140511,-3.0609479065881304,-0.6568382802421251,2.2595402397382593,-1.794950923663795,0.27025090901947335,3.268879659839792,-2.68426827583087,0.3570937590688913,0.0,0.0,0.0,0.0,0.0,0.0,0.0,0.0,0.0
6.3167,-4.996456802570474,1.0592612128329637,1.0,-5.246178150177002,1.198692798614502,0.9894952178001404,-0.13125826749226532,-0.2918693283083062,0.02043624819965937,-0.9471884644150323,-1.5888918192494454,-2.544685203855712,0.0,-1.7022032737731934,-2.5251307487487793,-0.01192543562501669,7.2231396431586115,-2.8129588948330237,-0.7416611715919839,7.2231396431586115,-2.8129588948330237,-0.7416611715919839,5.382314210466048,-3.7122266117027367,0.8898617425462326,3.892804167591978,-2.987740365140927,0.5143766054852734,0.0,0.0,0.0,0.0,0.0,0.0,0.0,0.0,0.0
6.3333,-5.02239961848829,1.0165331053297726,1.0,-5.263274669647217,1.17442786693573,0.989228367805481,-0.13125826749226532,-0.2918693283083062,0.02043624819965937,-0.9471884644150323,-1.524799657994659,-2.5835994277324357,0.0,-1.6547369956970215,-2.5506062507629395,-0.004038922023028135,7.341047710721221,-2.892399348392453,-0.7872870981196751,7.341047710721221,-2.892399348392453,-0.7872870981196751,2.8491613715725,-1.5291659511134008,0.47338765165257024,3.5847017389728295,-2.557142538952085,0.5022759171361745,0.0,0.0,0.0,0.0,0.0,0.0,0.0,0.0,0.0
6.35,-5.047263005100166,0.973176238411285,1.0,-5.295976161956787,1.1250931024551392,0.9888327717781067,-0.1269947081019715,-0.2955590583561242,0.01874228206430953,-0.9466604486968878,-1.4597643576169275,-2.620894507650249,0.0,-1.5584527254104614,-2.604581117630005,0.005317543633282185,7.252830891110936,-2.6674093005837705,-0.8410757938087681,7.252830891110936,-2.6674093005837705,-0.8410757938087681,5.7789631092412925,-3.2395609742136746,0.56157324243904,4.232487801199695,-2.7586049339789085,0.5197815713754547,0.0,0.0,0.0,0.0,0.0,0.0,0.0,0.0,0.0
6.3667,-5.071043198809006,0.9291964205443126,1.0,-5.326693534851074,1.0745331048965454,0.9885239601135254,-0.12023077638705673,-0.30144035076952386,0.015475100514593517,-0.9457478429860815,-1.393794630816469,-2.656564798213509,0.0,-1.4511772394180298,-2.664900302886963,0.005585826467722654,7.097449173071491,-2.3900831006858856,-0.8407588380002107,7.097449173071491,-2.3900831006858856,-0.8407588380002107,6.435522627152583,-3.618585159334058,0.016094452852351393,4.882863947901885,-3.012486814835986,0.3710839278205495,0.0,0.0,0.0,0.0,0.0,0.0,0.0,0.0,0.0
6.3833,-5.0937216755074095,0.8846256557521329,1.0,-5.341245174407959,1.0488379001617432,0.9883629679679871,-0.11699122209653963,-0.3067522234544731,0.013252317870977491,-0.944479012111661,-1.3269384836281994,-2.6905825132611145,0.0,-1.4076241254806519,-2.6868221759796143,0.011423046700656414,7.251785147154717,-2.459488600050171,-0.8745892979723191,7.251785147154717,-2.459488600050171,-0.8745892979723191,2.6131893283742222,-1.3153136399399186,0.350233547984765,4.212814516124211,-2.5114502734377835,0.36492851459914977,0.0,0.0,0.0,0.0,0.0,0.0,0.0,0.0,0.0
6.4,-5.115269080193061,0.8395225824806848,1.0,-5.368686199188232,0.9968048930168152,0.9882327914237976,-0.11253994591133432,-0.3129821809405352,0.011342686311797362,-0.9429996155820801,-1.2592838737210272,-2.7229036202895918,0.0,-1.2879533767700195,-2.7241909503936768,0.019681498408317566,7.021861569133048,-2.2956923058527847,-0.9230968968076194,7.021861569133048,-2.2956923058527847,-0.9230968968076194,7.180457204984049,-2.2421927528146144,0.4955217520170808,5.0889168791155726,-2.4319605319818183,0.4034820252094512,0.0,0.0,0.0,0.0,0.0,0.0,0.0,0.0,0.0
6.4167,-5.135685142353633,0.7938891976479603,1.0,-5.3938140869140625,0.9442282915115356,0.988082230091095,-0.10414900359828533,-0.3131947801811363,0.010872369629264338,-0.9438982285391809,-1.1908337964719404,-2.75352771353045,0.0,-1.186749815940857,-2.7402913570404053,0.011483772657811642,6.899136664830393,-2.2479480509524126,-0.8727606077281802,6.899136664830393,-2.2479480509524126,-0.8727606077281802,6.074217967430812,-0.966343264359921,-0.4920258994626656,5.379795769276905,-1.999283526685804,0.13911171815467688,0.0,0.0,0.0,0.0,0.0,0.0,0.0,0.0,0.0
6.4333,-5.154954526033472,0.7477591232127735,1.0,-5.416805744171143,0.8911236524581909,0.9877234697341919,-0.10017541979410248,-0.31176775111083016,0.013553162075648252,-0.9447656106815351,-1.1216386848191602,-2.7824317890502086,0.0,-1.068642258644104,-2.766716241836548,0.007624974474310875,6.671992468765638,-2.1265464618316083,-0.847404910781604,6.671992468765638,-2.1265464618316083,-0.847404910781604,7.088386801362218,-1.5859256503448473,-0.23159105766891797,5.884203070807837,-1.8772527264203793,0.029673483192742975,0.0,0.0,0.0,0.0,0.0,0.0,0.0,0.0,0.0
6.45,-5.173067900080153,0.7011537931790169,1.0,-5.427369117736816,0.8643895387649536,0.9875251650810242,-0.10017541979410248,-0.31176775111083016,0.013553162075648252,-0.9447656106815351,-1.0517306897685255,-2.8096018501202304,0.0,-1.002819299697876,-2.777280330657959,0.009276219643652439,6.703746124177677,-2.22339697761512,-0.8559050310977465,6.703746124177677,-2.22339697761512,-0.8559050310977465,3.949381303197196,-0.6338459337672555,0.09907480464559044,5.3130083212060715,-1.5101763147983864,0.05016202177180047,0.0,0.0,0.0,0.0,0.0,0.0,0.0,0.0,0.0
6.4667,-5.190017319742487,0.6540906138092982,1.0,-5.446657180786133,0.8106733560562134,0.9874365925788879,-0.09593337110161737,-0.3121565663250553,0.020652756560459857,-0.944948991619406,-0.9811359207139474,-2.835025979613731,0.0,-0.879416286945343,-2.779439687728882,0.03323513641953468,6.44100847868334,-2.2264412503310758,-0.9987963921663106,6.44100847868334,-2.2264412503310758,-0.9987963921663106,7.395407069783391,-0.1294078984968852,1.4358315778240556,5.927770492934964,-1.1025482412413414,0.4592370013640986,0.0,0.0,0.0,0.0,0.0,0.0,0.0,0.0,0.0
6.4834,-5.205834751291607,0.6064601394727093,1.0,-5.455411911010742,0.7836980819702148,0.9874895215034485,-0.0856526800051733,-0.31038393309695983,0.025224045896799937,-0.9464085791301867,-0.909690209209064,-2.8587521269374108,0.0,-0.8222643136978149,-2.7896623611450195,0.033446215093135834,6.531223137040398,-2.3065354915995555,-0.9999087990876045,6.531223137040398,-2.3065354915995555,-0.9999087990876045,3.4152466910769492,-0.6108791975950647,0.012613488224650585,5.186027543845108,-0.9573985530510493,0.32738557710139343,0.0,0.0,0.0,0.0,0.0,0.0,0.0,0.0,0.0
6.5,-5.2203645539569346,0.5587485838065124,1.0,-5.471286773681641,0.729461133480072,0.9874640703201294,-0.08035691795306733,-0.30737908406908776,0.028301988096701976,-0.947765749799086,-0.8381228757097685,-2.880546830935402,0.0,-0.7110093832015991,-2.7987730503082275,0.021467022597789764,6.3366843809418185,-2.2454982754682646,-0.9274897795701644,6.3366843809418185,-2.2454982754682646,-0.9274897795701644,6.695415740010044,-0.5482889733840304,-0.7209179281153598,5.631626527272396,-0.8366219276122291,0.01790722194086039,0.0,0.0,0.0,0.0,0.0,0.0,0.0,0.0,0.0
6.5167,-5.23374486481156,0.5105201247893372,1.0,-5.484827995300293,0.6749187111854553,0.9870602488517761,-0.08109476175652329,-0.3031820798209487,0.03196075601593272,-0.94893768506878,-0.7657801871840058,-2.9006172972173405,0.0,-0.5881204605102539,-2.8048388957977295,0.00853792205452919,6.0685076310158905,-2.192185848463273,-0.8474641581772584,6.0685076310158905,-2.192185848463273,-0.8474641581772584,7.363335714285714,-0.36345714285714287,-0.7746939732142857,6.142858730681326,-0.6969350348591479,-0.21608313767752999,0.0,0.0,0.0,0.0,0.0,0.0,0.0,0.0,0.0
6.5334,-5.2459131684482,0.46197612585488107,1.0,-5.490662097930908,0.6476040482521057,0.9867410659790039,-0.08109476175652329,-0.3031820798209487,0.03196075601593272,-0.94893768506878,-0.6929641887823216,-2.918869752672301,0.0,-0.5197188258171082,-2.8069372177124023,-0.007112856023013592,6.094784662689718,-2.2891301816071876,-0.7515211750599473,6.094784662689718,-2.2891301816071876,-0.7515211750599473,4.100055020436162,-0.12577528796410095,-0.9381216036492126,5.53978573796841,-0.5283182381744537,-0.4292420899270962,0.0,0.0,0.0,0.0,0.0,0.0,0.0,0.0,0.0
6.5501,-5.2568618626424755,0.4131484606475281,1.0,-5.5005059242248535,0.5927702188491821,0.9858134388923645,-0.08327768401816017,-0.29963718214968227,0.03329415586227184,-0.9498283744183607,-0.6197226909712921,-2.935292793963713,0.0,-0.40084657073020935,-2.811765432357788,-0.024438221007585526,5.844174847759671,-2.221802550539649,-0.6424575250958764,5.844174847759671,-2.221802550539649,-0.6424575250958764,7.1257163784479065,-0.2894240388738031,-1.0385572053201373,6.0079814499657695,-0.4577923041400433,-0.6091230487790834,0.0,0.0,0.0,0.0,0.0,0.0,0.0,0.0,0.0
6.5667,-5.266547525307979,0.3642675262839947,1.0,-5.508031368255615,0.5376589894294739,0.9845278859138489,-0.08270186323709221,-0.2986359521531696,0.03249458799917169,-0.9502216466618159,-0.5464012894259921,-2.94982128796197,0.0,-0.28647658228874207,-2.8269903659820557,-0.03960581496357918,5.612883292426959,-2.0793684083201804,-0.5445105624614666,5.612883292426959,-2.0793684083201804,-0.5445105624614666,6.890297328353921,-0.9172364263142775,-0.9137819592071244,6.2684572238392215,-0.59342860651915,-0.6990639275561464,0.0,0.0,0.0,0.0,0.0,0.0,0.0,0.0,0.0
6.5834,-5.275041559474008,0.31497752038911664,1.0,-5.5108962059021,0.5099907517433167,0.9837725162506104,-0.08308232283860005,-0.29410954921049365,0.03215572733714411,-0.951610722495038,-0.47246628058367496,-2.9625623392110128,0.0,-0.22983865439891815,-2.837315559387207,-0.03994680568575859,5.711564360031551,-2.0943218208933456,-0.5381465679019879,5.711564360031551,-2.0943218208933456,-0.5381465679019879,3.39648119155872,-0.6191844671299076,-0.020448639587086443,5.420597406422255,-0.6010322073254958,-0.4987242911222952,0.0,0.0,0.0,0.0,0.0,0.0,0.0,0.0,0.0
6.6,-5.282290120598457,0.26556708715078853,1.0,-5.514733791351318,0.45444396138191223,0.9822239279747009,-0.08564253315139429,-0.2885328889497747,0.03370660492179948,-0.9530362553522218,-0.3983506307261828,-2.9734351808976855,0.0,-0.10462362319231033,-2.8477630615234375,-0.045214612036943436,5.40808869951189,-1.9581601932185215,-0.49820544840336645,5.40808869951189,-1.9581601932185215,-0.49820544840336645,7.528093375523192,-0.6281176538042543,-0.31670748881944844,6.042768736365442,-0.6090283261816487,-0.4449896042611483,0.0,0.0,0.0,0.0,0.0,0.0,0.0,0.0,0.0
6.6167,-5.288303761414581,0.2159818333671296,1.0,-5.51574182510376,0.4265900254249573,0.9813894033432007,-0.08564253315139429,-0.2885328889497747,0.03370660492179948,-0.9530362553522218,-0.32397275005069437,-2.9824556421218724,0.0,-0.04315332695841789,-2.851924180984497,-0.046055085957050323,5.477823263873244,-1.9879122284976831,-0.48837032128441926,5.477823263873244,-1.9879122284976831,-0.48837032128441926,3.692341205765678,-0.24994629584544661,-0.050484814255230784,5.348879569273851,-0.5030207476863588,-0.3285245796700699,0.0,0.0,0.0,0.0,0.0,0.0,0.0,0.0,0.0
6.6333,-5.293079823258611,0.16623121884718953,1.0,-5.515799522399902,0.37063294649124146,0.9796460866928101,-0.08575959602313331,-0.28320828791657515,0.035170575704825395,-0.9545687569109265,-0.2493468282707843,-2.989619734887917,0.0,0.0931677296757698,-2.864386796951294,-0.05536087229847908,5.098516744783322,-1.8165547249058411,-0.4231409256631036,5.098516744783322,-1.8165547249058411,-0.4231409256631036,8.18371982659911,-0.7481643694448022,-0.5586513930038501,6.185776227173019,-0.575391625454446,-0.39646222112071794,0.0,0.0,0.0,0.0,0.0,0.0,0.0,0.0,0.0
6.65,-5.296610157238089,0.11639536079112199,1.0,-5.513245582580566,0.3144497573375702,0.9777912497520447,-0.08203138063426878,-0.2792090472183613,0.03500725666684568,-0.9560793421084055,-0.17459304118668298,-2.9949152358571327,0.0,0.21538448333740234,-2.870905637741089,-0.05772823095321655,4.7948679542129495,-1.6686450895995097,-0.39892300758905996,4.7948679542129495,-1.6686450895995097,-0.39892300758905996,7.3400472343136975,-0.3915060568744809,-0.1421779242675907,6.5265381257278925,-0.5211052446318232,-0.321392848995527,0.0,0.0,0.0,0.0,0.0,0.0,0.0,0.0,0.0
6.6666,-5.298896066019545,0.06644183359589226,1.0,-5.508172512054443,0.258232980966568,0.9757398962974548,-0.08018654985467417,-0.27614027195801033,0.03435655147268598,-0.9571500827948247,-0.09966275039383839,-2.9983440990293184,0.0,0.33094778656959534,-2.8791770935058594,-0.07407084852457047,4.522906963669021,-1.4990750539488709,-0.2898016920139934,4.522906963669021,-1.4990750539488709,-0.2898016920139934,6.932317291189931,-0.4961813501144165,-0.9803476294336384,6.6463315520215875,-0.5137472554225371,-0.5159283442603174,0.0,0.0,0.0,0.0,0.0,0.0,0.0,0.0,0.0
6.6833,-5.299932498252674,0.016431750753241138,1.0,-5.504753112792969,0.23007549345493317,0.9745912551879883,-0.08157150583345427,-0.27186762465350633,0.033922017464538635,-0.9582711046715174,-0.024647626129861707,-2.9998987473790115,0.0,0.38872405886650085,-2.8842098712921143,-0.082921601831913,4.609808566331076,-1.4785093816400088,-0.23010651252074688,4.609808566331076,-1.4785093816400088,-0.23010651252074688,3.464547651045092,-0.3017899522488777,-0.5307344236982815,5.707010789236511,-0.4511735854653013,-0.5202993695292731,0.0,0.0,0.0,0.0,0.0,0.0,0.0,0.0,0.0
6.7,-5.299718567709302,-0.0335507072750277,1.0,-5.496275901794434,0.1735966056585312,0.972038209438324,-0.0791617176229954,-0.26485554809962764,0.03271792414943095,-0.9604761856387589,0.05032606091254155,-2.999577851563954,0.0,0.4938717782497406,-2.8919689655303955,-0.08992762118577957,4.3902412665697765,-1.2885378309812427,-0.17437348218289905,4.3902412665697765,-1.2885378309812427,-0.17437348218289905,6.311397169311791,-0.465732644503914,-0.4205300027190635,5.885436695337485,-0.4554716857974406,-0.49084562890723127,0.0,0.0,0.0,0.0,0.0,0.0,0.0,0.0,0.0
6.7166,-5.2982546215256985,-0.08353722254892447,1.0,-5.491235256195068,0.14527909457683563,0.9707244038581848,-0.0791617176229954,-0.26485554809962764,0.03271792414943095,-0.9604761856387589,0.1253058338233867,-2.9973819322885475,0.0,0.5519750118255615,-2.894599676132202,-0.09614524990320206,4.47354001955384,-1.2592676696099292,-0.12952266218728248,4.47354001955384,-1.2592676696099292,-0.12952266218728248,3.4855989959523437,-0.15781569575353632,-0.37299405008796144,5.176960743323582,-0.3675981971140076,-0.45605368880156666,0.0,0.0,0.0,0.0,0.0,0.0,0.0,0.0,0.0
6.7333,-5.2955413213933795,-0.1334722241200849,1.0,-5.479323387145996,0.08845238387584686,0.967786431312561,-0.07215840761360694,-0.2530364548856874,0.031338415650820864,-0.9642529225869716,0.20020833618012734,-2.99331198209007,0.0,0.6696684956550598,-2.9096932411193848,-0.11414458602666855,4.167760750672713,-1.0011746594903586,-0.0057625219400687655,4.167760750672713,-1.0011746594903586,-0.0057625219400687655,7.058485615419812,-0.9052133379089453,-1.0794824911347518,5.732421275232779,-0.5263120129647082,-0.6401012660019141,0.0,0.0,0.0,0.0,0.0,0.0,0.0,0.0,0.0
6.75,-5.291583850123056,-0.18328602764265547,1.0,-5.465203762054443,0.03140801191329956,0.964601457118988,-0.06784189070815917,-0.24350766883503375,0.030630854358019967,-0.9670384078050566,0.2749290414639832,-2.987375775184584,0.0,0.7817996144294739,-2.9197771549224854,-0.1252928376197815,3.8864743690514696,-0.760395194470431,0.07823079613011608,3.8864743690514696,-0.760395194470431,0.07823079613011608,6.733653088982748,-0.605555157849524,-0.669470345049753,6.028003206717086,-0.5497060377053102,-0.6487715549316697,0.0,0.0,0.0,0.0,0.0,0.0,0.0,0.0,0.0
6.7666,-5.286380344728499,-0.23300885407273553,1.0,-5.4488067626953125,-0.026026297360658646,0.9612873196601868,-0.06647740756104323,-0.2387143920475868,0.030361114527550227,-0.968335940683313,0.3495132811091033,-2.979570517092749,0.0,0.8948913216590881,-2.9271039962768555,-0.1245347410440445,3.590461233517342,-0.5226184313977886,0.09154328849776228,3.590461233517342,-0.5226184313977886,0.09154328849776228,6.785703045648971,-0.43962347824842996,0.045487139321631405,6.25169004806706,-0.5172076541140689,-0.44381369903955786,0.0,0.0,0.0,0.0,0.0,0.0,0.0,0.0,0.0
6.7833,-5.279932801931901,-0.2826059090572757,1.0,-5.439822673797607,-0.054788753390312195,0.9596494436264038,-0.060496743415567024,-0.23354253646174677,0.028864100615291786,-0.9700334893007863,0.4239088635859135,-2.969899202897852,0.0,0.9436183571815491,-2.9293625354766846,-0.12293276190757751,3.719948023309102,-0.44741642422047045,0.09146600351739842,3.719948023309102,-0.44741642422047045,0.09146600351739842,2.9232067510548525,-0.13549309876278337,0.09610509189730387,5.269060942266581,-0.4045185405672012,-0.28441980356187885,0.0,0.0,0.0,0.0,0.0,0.0,0.0,0.0,0.0
6.8,-5.272249820011465,-0.3320100110911471,1.0,-5.420500755310059,-0.11242934316396713,0.956447958946228,-0.05191509188136229,-0.2236671558023638,0.027727484404650025,-0.9728869995323679,0.49801501663672065,-2.958374730017198,0.0,1.0309523344039917,-2.9368138313293457,-0.11993328481912613,3.5675710275288814,-0.18488055078364668,0.09092858844612017,3.5675710275288814,-0.18488055078364668,0.09092858844612017,5.238994407814757,-0.4469886583046096,0.17993276148114246,5.260184751753792,-0.41705649557301766,-0.14733443913359245,0.0,0.0,0.0,0.0,0.0,0.0,0.0,0.0,0.0
6.8167,-5.263326785230516,-0.3812452418016588,1.0,-5.410126686096191,-0.14135406911373138,0.9548252820968628,-0.05191509188136229,-0.2236671558023638,0.027727484404650025,-0.9728869995323679,0.5718678627024882,-2.9449901778457748,0.0,1.0835576057434082,-2.9437944889068604,-0.12863391637802124,3.670173203135972,-0.057464103869843686,0.15275285545841832,3.670173203135972,-0.057464103869843686,0.15275285545841832,3.1536575953347437,-0.4184866502772855,-0.5215981611971872,4.638299433021823,-0.4174787033814427,-0.25782393051095004,0.0,0.0,0.0,0.0,0.0,0.0,0.0,0.0,0.0
6.8333,-5.253184688088936,-0.4301971341314618,1.0,-5.388000011444092,-0.1993074119091034,0.9513422846794128,-0.044501903770205395,-0.21151876926100793,0.028078399065351724,-0.9759564702157193,0.6452957011971927,-2.929777032133405,0.0,1.170406460762024,-2.942476987838745,-0.1419236809015274,3.509151064217184,0.17721122123083377,0.25152809676406385,3.509151064217184,0.17721122123083377,0.25152809676406385,5.211756373937677,0.07906258047901107,-0.7975121255043351,4.807594403368539,-0.27089064082730757,-0.41714974985138564,0.0,0.0,0.0,0.0,0.0,0.0,0.0,0.0,0.0
6.85,-5.241824491990284,-0.47887121682835926,1.0,-5.364185810089111,-0.2571733891963959,0.9477061033248901,-0.03882114079366455,-0.20462550467308144,0.028440861962545413,-0.9776566740846487,0.7183068252425389,-2.9127367379854268,0.0,1.2550971508026123,-2.94020676612854,-0.1479935348033905,3.3532817372489623,0.4176143346000626,0.3078705569758018,3.3532817372489623,0.4176143346000626,0.3078705569758018,5.083482404797,0.13626801379566952,-0.3643375144897463,4.889041583947176,-0.1506899641196201,-0.40155861269431614,0.0,0.0,0.0,0.0,0.0,0.0,0.0,0.0,0.0
6.8666,-5.229245485530244,-0.5272682965636861,1.0,-5.351665496826172,-0.28609901666641235,0.9458340406417847,-0.028694438476611097,-0.20057103579825014,0.02726268895927185,-0.9788793541599498,0.7909024448455292,-2.893868228295367,0.0,1.2948039770126343,-2.9405624866485596,-0.15337570011615753,3.5246458808794325,0.5404757097826226,0.3513297024647546,3.5246458808794325,0.5404757097826226,0.3513297024647546,2.382002946350673,-0.02133958836906618,-0.32287480155040976,4.148917955602687,-0.11250336898999563,-0.3783297134972814,0.0,0.0,0.0,0.0,0.0,0.0,0.0,0.0,0.0
6.8833,-5.2154653933512165,-0.5753193260041495,1.0,-5.325475692749023,-0.34393972158432007,0.9419986605644226,-0.0180907655433159,-0.195085929029209,0.024677780593250202,-0.9803087645271967,0.8629789890062243,-2.873198090026825,0.0,1.3726996183395386,-2.9341111183166504,-0.15655817091464996,3.398510483431673,0.7789963584371595,0.39153422297882123,3.398510483431673,0.7789963584371595,0.39153422297882123,4.675147387098621,0.3871987865605861,-0.19100580962738253,4.3042705019654415,0.0350178406600581,-0.3230282732527223,0.0,0.0,0.0,0.0,0.0,0.0,0.0,0.0,0.0
6.9,-5.200478687074654,-0.6230415395260543,1.0,-5.297706604003906,-0.40162426233291626,0.9381784200668335,-0.009611472899075936,-0.18776858285156584,0.021649824555682096,-0.9819276671253486,0.9345623092890816,-2.8507180306119824,0.0,1.453173279762268,-2.9229636192321777,-0.15450184047222137,3.2491578029208883,1.000485993733524,0.40035930985227886,3.2491578029208883,1.000485993733524,0.40035930985227886,4.825732014182774,0.6684776392542605,0.1233111489191353,4.4582154714112665,0.22202675129870136,-0.1912607178361369,0.0,0.0,0.0,0.0,0.0,0.0,0.0,0.0,0.0
6.9167,-5.184310178626877,-0.6703544963100839,1.0,-5.283226490020752,-0.430372029542923,0.9363442659378052,0.0015888202850273426,-0.18298333503876021,0.018668567226263977,-0.9829374634688212,1.005531744465126,-2.826465267940316,0.0,1.4902102947235107,-2.91330885887146,-0.1450125128030777,3.4264637089760086,1.0977026229606914,0.3547159095542316,3.4264637089760086,1.0977026229606914,0.3547159095542316,2.2222865971417534,0.5793027480937871,0.5693764931404947,3.79812840042337,0.32750115568278393,0.03329328942941209,0.0,0.0,0.0,0.0,0.0,0.0,0.0,0.0,0.0
6.9333,-5.1669627236664155,-0.7172518305588889,1.0,-5.253353118896484,-0.4876244366168976,0.9329753518104553,0.0015888202850273426,-0.18298333503876021,0.018668567226263977,-0.9829374634688212,1.0758777458383333,-2.800444085499624,0.0,1.5447760820388794,-2.8969593048095703,-0.12479045987129211,3.4209237245552373,1.3091989828673833,0.25246269892737594,3.4209237245552373,1.3091989828673833,0.25246269892737594,3.2733884463006135,0.9808058126063761,1.2131160876467812,3.6432155750051756,0.5203686312156689,0.3815985437342831,0.0,0.0,0.0,0.0,0.0,0.0,0.0,0.0,0.0
6.95,-5.148455926997302,-0.7636823200444964,1.0,-5.222477436065674,-0.5445022583007812,0.9301066398620605,0.014780968261399413,-0.18228825448147462,0.01733862342150274,-0.982981169750727,1.1455234800667446,-2.772683890495953,0.0,1.5952271223068237,-2.8781230449676514,-0.09894835203886032,3.433840273257913,1.5157965830943667,0.11408228830838318,3.433840273257913,1.5157965830943667,0.11408228830838318,3.028494962216625,1.1307104419509961,1.5512602508873368,3.461738814522781,0.7005526892981753,0.7269040582371102,0.0,0.0,0.0,0.0,0.0,0.0,0.0,0.0,0.0
6.9666,-5.128790291470036,-0.8096456446032052,1.0,-5.206661224365234,-0.5727500319480896,0.928901195526123,0.024850598477213062,-0.17667137559056417,0.017858631238430105,-0.9837940981648051,1.2144684669048078,-2.7431854372050544,0.0,1.6294304132461548,-2.8612821102142334,-0.08365517109632492,3.618587642662567,1.6026334459753573,0.030720212709058003,3.618587642662567,1.6026334459753573,0.030720212709058003,2.052346208869814,1.0105293276108727,0.9176573676680972,3.045660357089109,0.7920634585418304,0.7832179216844368,0.0,0.0,0.0,0.0,0.0,0.0,0.0,0.0,0.0
6.9833,-5.1079828700188905,-0.8551011295269442,1.0,-5.173896312713623,-0.6287943720817566,0.926936686038971,0.032780512219469586,-0.1709160917175,0.01803244484168908,-0.9845750792677119,1.2826516942904163,-2.7119743050283356,0.0,1.7008581161499023,-2.8251938819885254,-0.05784833803772926,3.4936149608920655,1.7248190204518035,-0.11186331932021965,3.4936149608920655,1.7248190204518035,-0.11186331932021965,4.286586063814566,2.165760480755473,1.548743784876234,3.4120043067970807,1.1976039273163748,1.0092151484364917,0.0,0.0,0.0,0.0,0.0,0.0,0.0,0.0,0.0
7.0002,-5.085784085215483,-0.9005416153577253,1.0,-5.139793395996094,-0.6841257214546204,0.9253733158111572,0.04829145862872158,-0.16964915745126252,0.01797082614916612,-0.9841566453556958,1.3508124230365879,-2.6786761278232243,0.0,1.7723619937896729,-2.7962231636047363,-0.04330434650182724,3.364998688069688,1.898830616845269,-0.1887941467150096,3.364998688069688,1.898830616845269,-0.1887941467150096,4.241274465437266,1.7184070596221293,0.8626813253054644,3.656820014655097,1.3513545309787296,0.9659556855688195,0.0,0.0,0.0,0.0,0.0,0.0,0.0,0.0,0.0
7.0166,-5.0629810970081515,-0.9444033309936676,1.0,-5.122208118438721,-0.7115564942359924,0.9246975779533386,0.04829145862872158,-0.16964915745126252,0.01797082614916612,-0.9841566453556958,1.4166049964905014,-2.644471645512227,0.0,1.8067100048065186,-2.77470064163208,-0.03898220136761665,3.529423824866589,1.9876197157611861,-0.20886668822849508,3.529423824866589,1.9876197157611861,-0.20886668822849508,2.084499298250691,1.3061507965216386,0.262300733942963,3.1926422010007824,1.3380095623534445,0.758223882759758,0.0,0.0,0.0,0.0,0.0,0.0,0.0,0.0,0.0
7.0333,-5.038826481087984,-0.9881712749656195,1.0,-5.086239337921143,-0.7657272815704346,0.9235968589782715,0.06155595693891866,-0.17209061901837733,0.01684306077671163,-0.9830116840690488,1.4822569124484293,-2.6082397216319766,0.0,1.861182451248169,-2.7232489585876465,-0.021409228444099426,3.483872044946817,2.0430863324841897,-0.306254489842372,3.483872044946817,2.0430863324841897,-0.306254489842372,3.268770745107016,3.0875014306970354,1.0545151457164932,3.2151167386642734,1.854491538314932,0.8456944790631902,0.0,0.0,0.0,0.0,0.0,0.0,0.0,0.0,0.0
7.05,-5.013585130417659,-1.0313224523937676,1.0,-5.067846775054932,-0.7923449873924255,0.9231998920440674,0.06155595693891866,-0.17209061901837733,0.01684306077671163,-0.9830116840690488,1.5469836785906514,-2.570377695626488,0.0,1.886145830154419,-2.693834066390991,-0.01171836443245411,3.700807524760603,2.1042094283814996,-0.35985513105326383,3.700807524760603,2.1042094283814996,-0.35985513105326383,1.4979755926577678,1.7650972144727242,0.581518944840265,2.7081852872286634,1.8281007000074192,0.7677050328788416,0.0,0.0,0.0,0.0,0.0,0.0,0.0,0.0,0.0
7.0666,-4.9872681607969485,-1.0738371168668381,1.0,-5.030338764190674,-0.8448390960693359,0.9227002263069153,0.07043605030742901,-0.16762941198199163,0.013568798556445827,-0.9832370432680366,1.6107556753002572,-2.5309022411954225,0.0,1.9366544485092163,-2.6423487663269043,0.004488966893404722,3.6659371983862643,2.1738892136137604,-0.4520243179538692,3.6659371983862643,2.1738892136137604,-0.4520243179538692,3.0307367668097283,3.0893419170243206,0.9725103663716023,2.8034083794520406,2.200442159671196,0.828167310665787,0.0,0.0,0.0,0.0,0.0,0.0,0.0,0.0,0.0
7.0833,-4.9599018019676056,-1.1156728946356516,1.0,-4.991874694824219,-0.8963284492492676,0.9225988984107971,0.08090052800516093,-0.1640992709760601,0.011398067270740726,-0.9830548002950755,1.6735093419534772,-2.489852702951409,0.0,1.9776959419250488,-2.595923662185669,0.01978408917784691,3.6796801901920384,2.2803789286579157,-0.5407087100902981,3.6796801901920384,2.2803789286579157,-0.5407087100902981,2.4628090305596886,2.7858675746823853,0.9178263788789773,2.702857226337124,2.3732704423252486,0.8546363063504927,0.0,0.0,0.0,0.0,0.0,0.0,0.0,0.0,0.0
7.1,-4.931476016743753,-1.1568431210799233,1.0,-4.952773571014404,-0.9467757344245911,0.9227120280265808,0.08277442957351591,-0.16596090781149844,0.01207372339921886,-0.9825780772915688,1.735264681619885,-2.4472140251156294,0.0,2.0067451000213623,-2.544149160385132,0.027681371197104454,3.758937797948282,2.361078513801955,-0.5860798337590563,3.758937797948282,2.361078513801955,-0.5860798337590563,1.7416306927013352,3.1041196146259185,0.47347839507275796,2.4190855847410613,2.5890304761212644,0.7421115243082275,0.0,0.0,0.0,0.0,0.0,0.0,0.0,0.0,0.0
7.1167,-4.902050310950828,-1.1972613754658403,1.0,-4.932971954345703,-0.9716349244117737,0.9228754043579102,0.08485433703485805,-0.1695073938921181,0.013324557569325154,-0.9817787201627112,1.7958920631987605,-2.4030754664262415,0.0,2.0254437923431396,-2.5169856548309326,0.03815276175737381,3.9929378644481996,2.4723144146907523,-0.6471544252536727,3.9929378644481996,2.4723144146907523,-0.6471544252536727,1.122002861230329,1.629928469241774,0.6283289744277539,2.036163057265351,2.3058860336548066,0.7085208359171786,0.0,0.0,0.0,0.0,0.0,0.0,0.0,0.0,0.0
7.1333,-4.871624848069034,-1.2369298027503361,1.0,-4.893206596374512,-1.0205210447311401,0.92344069480896,0.09346972712129575,-0.16813999734409885,0.011717708969847335,-0.9812518424094765,1.8553947041255041,-2.3574372721035513,0.0,2.0295052528381348,-2.468881607055664,0.04289451241493225,4.2107878344058065,2.589255324112771,-0.675879699098898,4.2107878344058065,2.589255324112771,-0.675879699098898,0.24371575317967867,2.8865759617723223,0.28453787358541854,1.506999851552643,2.4773163140247445,0.58335331606672,0.0,0.0,0.0,0.0,0.0,0.0,0.0,0.0,0.0
7.15,-4.840156255432076,-1.275899176601915,1.0,-4.873264312744141,-1.0445953607559204,0.9237743616104126,0.09346972712129575,-0.16813999734409885,0.011717708969847335,-0.9812518424094765,1.9138487649028724,-2.3102343831481145,0.0,2.0357398986816406,-2.4122486114501953,0.0591510534286499,4.511484385883332,2.542018091755774,-0.7725415928187953,4.511484385883332,2.542018091755774,-0.7725415928187953,0.3733687426825438,3.39153031211628,0.9735411490904937,1.172331228214034,2.747208995854138,0.698543896053269,0.0,0.0,0.0,0.0,0.0,0.0,0.0,0.0,0.0
7.1667,-4.807804352048787,-1.313973377181873,1.0,-4.83330774307251,-1.0919193029403687,0.9246910810470581,0.10019964106110615,-0.1661155261594387,0.008898000510771518,-0.9809620406791156,1.9709600657728092,-2.261706528073181,0.0,2.040809154510498,-2.3815882205963135,0.06443271785974503,4.713346367129066,2.777439650490578,-0.8063062462676225,4.713346367129066,2.777439650490578,-0.8063062462676225,0.3043210671704811,1.8406257603732807,0.3170725270871799,0.9160787635741827,2.479569054619068,0.5859265755721629,0.0,0.0,0.0,0.0,0.0,0.0,0.0,0.0,0.0
7.1833,-4.774531281825809,-1.3512059424518286,1.0,-4.7933125495910645,-1.1380066871643066,0.9258392453193665,0.10363633723553296,-0.17137697014014464,0.0068618019655132005,-0.9797155054875574,2.0268089136777427,-2.211796922738715,0.0,2.0339314937591553,-2.3203630447387695,0.07339971512556076,4.9815428737894045,2.8340464269569603,-0.8633813073005694,4.9815428737894045,2.8340464269569603,-0.8633813073005694,-0.41337555886736216,3.679883640949215,0.5389532342657343,0.523599548420553,2.8339238593145284,0.5720591866608742,0.0,0.0,0.0,0.0,0.0,0.0,0.0,0.0,0.0
7.2,-4.74027555623688,-1.3876621786683332,1.0,-4.773397445678711,-1.16059148311615,0.926487922668457,0.1088798187562392,-0.17999773658394552,0.005895332582309903,-0.9776049177546773,2.0814932680025,-2.1604133343553205,0.0,2.0272908210754395,-2.2849714756011963,0.07651545107364655,5.3446731637653375,2.938880820132359,-0.8828670619890726,5.3446731637653375,2.938880820132359,-0.8828670619890726,-0.398173032936871,2.122069419030192,0.18681872927150045,0.25147543465867983,2.623771417586913,0.4583291623875093,0.0,0.0,0.0,0.0,0.0,0.0,0.0,0.0,0.0
7.2166,-4.705151329215244,-1.4232180936190457,1.0,-4.733787536621094,-1.2046314477920532,0.927838921546936,0.11369611035715113,-0.18765819762113778,0.005776309882115133,-0.97561482786169,2.134827140428569,-2.107726993822867,0.0,2.018078565597534,-2.2149529457092285,0.07861825078725815,5.618969102366368,2.953666988943943,-0.8998343823114805,5.618969102366368,2.953666988943943,-0.8998343823114805,-0.5529415131870805,4.202678916412657,0.12621504672362227,0.013996848883000346,3.0898937698022566,0.3602830052109167,0.0,0.0,0.0,0.0,0.0,0.0,0.0,0.0,0.0
7.2333,-4.6691417875033085,-1.4578925768767206,1.0,-4.694231033325195,-1.2472870349884033,0.9292385578155518,0.1184799831290241,-0.19470022477923957,0.005350626712155057,-0.9736661261739402,2.1868388653150808,-2.053712681254963,0.0,2.0150561332702637,-2.1424431800842285,0.08228135108947754,5.850835832849506,2.9571080417913023,-0.9264529591031145,5.850835832849506,2.9571080417913023,-0.9264529591031145,-0.1813850336242667,4.351523823150665,0.21983339891257692,-0.04368345393542354,3.46235002105807,0.3188197143568359,0.0,0.0,0.0,0.0,0.0,0.0,0.0,0.0,0.0
7.25,-4.632267803295582,-1.4916643390193265,1.0,-4.674499988555908,-1.2680449485778809,0.9299835562705994,0.1184799831290241,-0.19470022477923957,0.005350626712155057,-0.9736661261739402,2.2374965085289897,-1.9984017049433733,0.0,2.01763916015625,-2.100259780883789,0.0821179524064064,6.142735733314308,3.0430632070768957,-0.9268633461836213,6.142735733314308,3.0430632070768957,-0.9268633461836213,0.15495959379246227,2.5306443538582566,-0.009802528069799041,0.014959604462239918,3.187293478803043,0.2218044219827705,0.0,0.0,0.0,0.0,0.0,0.0,0.0,0.0,0.0
7.2666,-4.594558896738843,-1.5245055798108145,1.0,-4.634954929351807,-1.3085192441940308,0.9314444661140442,0.123721209793335,-0.20510765935169,0.005307426192431406,-0.970873771019548,2.286758369716222,-1.9418383451082657,0.0,2.0151190757751465,-2.033381938934326,0.08313032984733582,6.360074937721135,3.0896342510015655,-0.9379567489340968,6.360074937721135,3.0896342510015655,-0.9379567489340968,-0.15119006751344546,4.0122725712324065,0.06073662246824579,-0.03409081551404871,3.4308423854854437,0.17425426364119848,0.0,0.0,0.0,0.0,0.0,0.0,0.0,0.0,0.0
7.2833,-4.556046848924363,-1.5563888695654367,1.0,-4.61522102355957,-1.3282095193862915,0.9321698546409607,0.12638582838660287,-0.21788326475587283,0.005246439702636146,-0.9677427237905222,2.334583304348155,-1.8840702733865449,0.0,2.0104312896728516,-1.9915310144424438,0.08124672621488571,6.683375860118729,3.19210740281119,-0.9280216169318134,6.683375860118729,3.19210740281119,-0.9280216169318134,-0.2813358516483517,2.5116686698717947,-0.11304381653502747,-0.10708206921459754,3.159485504392033,0.0894386192679277,0.0,0.0,0.0,0.0,0.0,0.0,0.0,0.0,0.0
7.3,-4.516736235181016,-1.5873099678378912,1.0,-4.575741291046143,-1.3664119243621826,0.933567464351654,0.1270168615392201,-0.22887846083841,0.004868930380524092,-0.9651205576104169,2.380964951756837,-1.8251043527715236,0.0,2.0207180976867676,-1.9152776002883911,0.0710202008485794,6.81163444329405,3.190677551013859,-0.871434735411766,6.81163444329405,3.190677551013859,-0.871434735411766,0.616829644879053,4.572396637502145,-0.6132149060730828,0.10662990011896134,3.5766026954411183,-0.11799754419822743,0.0,0.0,0.0,0.0,0.0,0.0,0.0,0.0,0.0
7.3166,-4.476687858330687,-1.61722159398678,1.0,-4.536022186279297,-1.4031519889831543,0.9348086714744568,0.1285845135695828,-0.23986074944859065,0.003807757028716788,-0.962246564010459,2.42583239098017,-1.7650317874960302,0.0,2.0286805629730225,-1.8378019332885742,0.06462528556585312,6.945590307844039,3.1841358975846066,-0.837099107515753,6.945590307844039,3.1841358975846066,-0.837099107515753,0.47793980852068635,4.6504071439815675,-0.38384903115474334,0.21624737171485578,3.8936093951655932,-0.19648176226184322,0.0,0.0,0.0,0.0,0.0,0.0,0.0,0.0,0.0
7.3333,-4.43588680887098,-1.6461352184534845,1.0,-4.4962544441223145,-1.4383784532546997,0.9357465505599976,0.13089503014673032,-0.2527668467641193,0.0030592711460118156,-0.958627203394586,2.4692028276802267,-1.7038302133064702,0.0,2.029161214828491,-1.7721288204193115,0.03814830631017685,7.117299505541476,3.2504632661996253,-0.6807844495043422,7.117299505541476,3.2504632661996253,-0.6807844495043422,0.02883377670986012,3.9396578849509427,-1.5883248948768558,0.16091945300788185,3.9072037510038387,-0.6073792944933265,0.0,0.0,0.0,0.0,0.0,0.0,0.0,0.0,0.0
7.35,-4.39439538098935,-1.6740067951084239,1.0,-4.476316928863525,-1.4555476903915405,0.9360169172286987,0.13089503014673032,-0.2527668467641193,0.0030592711460118156,-0.958627203394586,2.511010192662636,-1.6415930714840243,0.0,2.037461280822754,-1.7400199174880981,0.030276335775852203,7.334122156110878,3.4367920053486087,-0.6327722414213621,7.334122156110878,3.4367920053486087,-0.6327722414213621,0.4981326999298868,1.9270322091376078,-0.47244033225063314,0.2604709669315014,3.3226209191590215,-0.5675428464855491,0.0,0.0,0.0,0.0,0.0,0.0,0.0,0.0,0.0
7.3666,-4.35221006324587,-1.7008391995729992,1.0,-4.43625020980835,-1.4889483451843262,0.9363844990730286,0.131721946046158,-0.2642106907806988,0.0022859186226853938,-0.9554250122852738,2.551258799359499,-1.5783150948688063,0.0,2.0443108081817627,-1.670838475227356,0.024274365976452827,7.451593188173161,3.4910542159209283,-0.5964780295109744,7.451593188173161,3.4910542159209283,-0.5964780295109744,0.41101319064923175,4.151306189018284,-0.36015459580388565,0.30491378291611365,3.5672639571585743,-0.5063180443350395,0.0,0.0,0.0,0.0,0.0,0.0,0.0,0.0,0.0
7.3833,-4.3093598151576264,-1.7266130902854182,1.0,-4.416116237640381,-1.5051074028015137,0.9365560412406921,0.1314443879752895,-0.27124953058338197,0.0008889613287918185,-0.9534911041413514,2.589919635428127,-1.51403972273644,0.0,2.0567469596862793,-1.6337178945541382,0.02319178357720375,7.627889016235427,3.6602080313099212,-0.5887252980831317,7.627889016235427,3.6602080313099212,-0.5887252980831317,0.7461164354169647,2.227077671291661,-0.06495036028465169,0.43516487003824944,3.1716164702477694,-0.3760182368831079,0.0,0.0,0.0,0.0,0.0,0.0,0.0,0.0,0.0
7.4,-4.265867333145281,-1.7513138767116594,1.0,-4.375250816345215,-1.5364195108413696,0.9368346929550171,0.13392233817650262,-0.27682483160823645,-0.0016860003809812181,-0.9515408430202068,2.626970815067489,-1.4488009997179225,0.0,2.0984082221984863,-1.5631452798843384,0.022059565410017967,7.517329707138117,3.713254696362165,-0.5812186852399872,7.517329707138117,3.713254696362165,-0.5812186852399872,2.4984272233342866,4.232241921647126,-0.0678991591006577,1.0442776281136705,3.484732489136404,-0.28505585345963874,0.0,0.0,0.0,0.0,0.0,0.0,0.0,0.0,0.0
7.4167,-4.22179361886357,-1.774907469200128,1.0,-4.333430767059326,-1.5664072036743164,0.9372512102127075,0.13757133856359094,-0.2849611015891584,-0.0033766369152987037,-0.9486094875594256,2.662361203800192,-1.382690428295355,0.0,2.140806198120117,-1.494526982307434,0.03534534573554993,7.389247003048279,3.779789920249552,-0.6609246283596644,7.389247003048279,3.779789920249552,-0.6609246283596644,2.5442449388368265,4.117690821947207,0.797261629050719,1.4870953939678335,3.671593357910221,0.03446404949016349,0.0,0.0,0.0,0.0,0.0,0.0,0.0,0.0,0.0
7.4333,-4.177156192607436,-1.7973861615608446,1.0,-4.312150955200195,-1.5808537006378174,0.937573254108429,0.13757133856359094,-0.2849611015891584,-0.0033766369152987037,-0.9486094875594256,2.696079242341267,-1.3157342889111538,0.0,2.170389413833618,-1.4529953002929688,0.04047294706106186,7.432658426076255,3.939145939400941,-0.6912207569418012,7.432658426076255,3.939145939400941,-0.6912207569418012,1.7760108781220927,2.4933299935590068,0.30783251628139985,1.5723885255576031,3.3237484769852705,0.11516741739296937,0.0,0.0,0.0,0.0,0.0,0.0,0.0,0.0,0.0
7.45,-4.131962572407524,-1.8187463479311938,1.0,-4.268739223480225,-1.6085995435714722,0.9383561611175537,0.13924197641829,-0.29240758571063885,-0.004426767792796183,-0.9460919720041729,2.7281195218967906,-1.247943858611286,0.0,2.2152905464172363,-1.3710676431655884,0.05290321260690689,7.264995930892523,3.930810039656204,-0.767662798050436,7.264995930892523,3.930810039656204,-0.767662798050436,2.6949957785378,4.917352356148309,0.7460727880253574,1.9038027051484274,3.7942094692900215,0.3014222142085982,0.0,0.0,0.0,0.0,0.0,0.0,0.0,0.0,0.0
7.4666,-4.086227538579348,-1.8389796784030699,1.0,-4.224273681640625,-1.6348832845687866,0.9392304420471191,0.14105255234675737,-0.2952741298551224,-0.005967108665323798,-0.9449242935661786,2.758469517604605,-1.1793413078690231,0.0,2.270474433898926,-1.2951526641845703,0.0533677376806736,7.0217379354057865,3.9593095019419122,-0.7727948628025967,7.0217379354057865,3.9593095019419122,-0.7727948628025967,3.3096633969170934,4.553014270597992,0.02785997333199874,2.3188384770487183,4.018222515729422,0.22066164065407745,0.0,0.0,0.0,0.0,0.0,0.0,0.0,0.0,0.0
7.4833,-4.040022828354132,-1.8580544161877364,1.0,-4.17841911315918,-1.6595455408096313,0.9402554035186768,0.1434985921152917,-0.2940210144868405,-0.010059778389974154,-0.944912028833262,2.7870816242816048,-1.1100342425311995,0.0,2.3360111713409424,-1.2084228992462158,0.062459371984004974,6.700286039168665,3.92232176173913,-0.8304787035413153,6.700286039168665,3.92232176173913,-0.8304787035413153,3.933614768174013,5.205652547223813,0.5456937339009731,2.7955499523445617,4.368773564339262,0.3166170553711499,0.0,0.0,0.0,0.0,0.0,0.0,0.0,0.0,0.0
7.5,-3.9933155864319865,-1.8759833415066538,1.0,-4.155041694641113,-1.67127525806427,0.9408079981803894,0.14715723886233295,-0.2958818347270889,-0.013318024807805855,-0.9437274073621662,2.8139750122599807,-1.0399733796479798,0.0,2.364647388458252,-1.1719489097595215,0.05793611705303192,6.70408459454891,4.129772366061081,-0.8041274171465727,6.70408459454891,4.129772366061081,-0.8041274171465727,1.7167257446686868,2.1865959636384424,-0.27116668929735294,2.4770613279744067,3.724554851750476,0.14309255069776816,0.0,0.0,0.0,0.0,0.0,0.0,0.0,0.0,0.0
7.5167,-3.946205637189071,-1.8927277338447457,1.0,-4.1075758934021,-1.6937881708145142,0.9418577551841736,0.1502507964696083,-0.29837142799520316,-0.01506796195797818,-0.9424289472532426,2.8390916007671185,-0.9693084557836065,0.0,2.4089839458465576,-1.1006160974502563,0.05090593546628952,6.4836776371901585,4.1889668639914195,-0.7652570396661371,6.4836776371901585,4.1889668639914195,-0.7652570396661371,2.660195980258923,4.279972820256062,-0.42181129747514484,2.5311260245817024,3.8885243877334474,-0.023677390341645496,0.0,0.0,0.0,0.0,0.0,0.0,0.0,0.0,0.0
7.5333,-3.898693219250144,-1.9082888746790667,1.0,-4.083385944366455,-1.704514980316162,0.9423329830169678,0.1502507964696083,-0.29837142799520316,-0.01506796195797818,-0.9424289472532426,2.8624333120186,-0.8980398288752163,0.0,2.438025712966919,-1.0630731582641602,0.05309425666928291,6.462264739143658,4.398765866539153,-0.7788409839729251,6.462264739143658,4.398765866539153,-0.7788409839729251,1.7426074018969686,2.252707400466374,0.1313069108453384,2.2983409149760035,3.405601314364159,0.02207680810218691,0.0,0.0,0.0,0.0,0.0,0.0,0.0,0.0,0.0
7.55,-3.8508142446180864,-1.922655368995132,1.0,-4.03427267074585,-1.7248568534851074,0.9433996677398682,0.15389521338692105,-0.2951838829157485,-0.018838629760005287,-0.942776700900306,2.883983053492698,-0.8262213669271296,0.0,2.488307237625122,-0.983269453048706,0.05317160114645958,6.179031396196194,4.409760453600277,-0.7827524732362985,6.179031396196194,4.409760453600277,-0.7827524732362985,3.0179736691471093,4.789939896966228,0.004642333285632513,2.51078965713152,3.8142833662670275,0.016929832476841305,0.0,0.0,0.0,0.0,0.0,0.0,0.0,0.0,0.0
7.5666,-3.8025807928188415,-1.93582348025061,1.0,-3.9837839603424072,-1.743791103363037,0.9444000720977783,0.1563462054101554,-0.28993564670369465,-0.021811542013418256,-0.9439372143740534,2.903735220375915,-0.7538711892282629,0.0,2.5481719970703125,-0.9003900289535522,0.05074436962604523,5.821574590380189,4.4018431073926,-0.7713376176680935,5.821574590380189,4.4018431073926,-0.7713376176680935,3.5915807240634523,4.972343408047375,-0.14562153130408662,2.8298589343034326,4.156163857101804,-0.031058301152094174,0.0,0.0,0.0,0.0,0.0,0.0,0.0,0.0,0.0
7.5833,-3.7540262791695334,-1.9477833908891071,1.0,-3.9580025672912598,-1.7527071237564087,0.9449029564857483,0.15880191788042294,-0.28531919175081905,-0.024959700862939475,-0.9448555520562573,2.9216750863336607,-0.6810394187543005,0.0,2.5696396827697754,-0.857478141784668,0.05239509418606758,5.808425269401395,4.589801440406028,-0.7819197943301059,5.808425269401395,4.589801440406028,-0.7819197943301059,1.2880439447257745,2.574678854461706,0.09904215124595886,2.3746869687783456,3.6892805786500062,0.00734973031343604,0.0,0.0,0.0,0.0,0.0,0.0,0.0,0.0,0.0
7.6,-3.705168321358359,-1.9585297116376992,1.0,-3.905698776245117,-1.7692817449569702,0.9457951188087463,0.16474111479532047,-0.2826533298255201,-0.027341166391199042,-0.9445739268145076,2.9377945674565487,-0.6077524820375387,0.0,2.61383318901062,-0.7733104228973389,0.03790979087352753,5.516165917773,4.574681266026166,-0.6976607694624715,5.516165917773,4.574681266026166,-0.6976607694624715,2.649869194150191,5.04674700862032,-0.8685474921730926,2.4559257913652117,4.090029479938846,-0.2512311390205476,0.0,0.0,0.0,0.0,0.0,0.0,0.0,0.0,0.0
7.6166,-3.6561216238095238,-1.968038970410715,1.0,-3.852564573287964,-1.7844158411026,0.9465067982673645,0.16818401182483445,-0.2779072943868978,-0.028933347887395065,-0.945327807493822,2.9520584556160725,-0.534182435714286,0.0,2.645887851715088,-0.6967687606811523,0.02812858857214451,5.281899816202234,4.6033139215093275,-0.6407504293912165,5.281899816202234,4.6033139215093275,-0.6407504293912165,1.924988903683977,4.596580902882178,-0.5873936677619804,2.2991835178957865,4.239572718511073,-0.35047246173270735,0.0,0.0,0.0,0.0,0.0,0.0,0.0,0.0,0.0
7.6333,-3.606813125819902,-1.9763263156231616,1.0,-3.8256540298461914,-1.7914568185806274,0.9467834234237671,0.16818401182483445,-0.2779072943868978,-0.028933347887395065,-0.945327807493822,2.9644894734347425,-0.4602196887298533,0.0,2.6657767295837402,-0.6572393178939819,0.02736951969563961,5.241845757438467,4.819247191250544,-0.6358052069687528,5.241845757438467,4.819247191250544,-0.6358052069687528,1.193299669560988,2.3717009741513726,-0.04554287303131303,1.9727063930191613,3.688142839455435,-0.2604516737820145,0.0,0.0,0.0,0.0,0.0,0.0,0.0,0.0,0.0
7.65,-3.5573121596966315,-1.9833785449258685,1.0,-3.771167278289795,-1.8044490814208984,0.9472581148147583,0.17221609545475042,-0.270022651628298,-0.031314434094018045,-0.9468098171280105,2.975067817388803,-0.38596823954494736,0.0,2.7057085037231445,-0.5764375329017639,0.018021127209067345,4.9329837828441345,4.822530321203532,-0.5803300214977707,4.9329837828441345,4.822530321203532,-0.5803300214977707,2.3956003089509967,4.847487627656836,-0.5608318791658323,2.0975524064672615,4.030402610915724,-0.3491294006257742,0.0,0.0,0.0,0.0,0.0,0.0,0.0,0.0,0.0
7.6666,-3.507652502524411,-1.989190900390244,1.0,-3.7158331871032715,-1.8159562349319458,0.9475692510604858,0.17826872007570288,-0.26171495987777016,-0.03473304927043365,-0.9479025163225039,2.983786350585366,-0.31147875378661716,0.0,2.7364203929901123,-0.4951077699661255,0.00642942450940609,4.664386872845923,4.8201532477994355,-0.5105878215647817,4.664386872845923,4.8201532477994355,-0.5105878215647817,1.8427414740215151,4.879860236896315,-0.6955127746623941,2.0223275618895205,4.281178028110087,-0.45138810368109206,0.0,0.0,0.0,0.0,0.0,0.0,0.0,0.0,0.0
7.6833,-3.4578488090576207,-1.9937612077375493,1.0,-3.6878607273101807,-1.821178674697876,0.9476154446601868,0.18095008413871974,-0.2561975765253038,-0.036560789502957075,-0.9488325286817453,2.990641811606324,-0.2367732135864311,0.0,2.7514095306396484,-0.4578525722026825,0.0012985566863790154,4.616516857526985,5.0555222894743315,-0.47828713269889356,4.616516857526985,5.0555222894743315,-0.47828713269889356,0.8991947595005506,2.234930345981664,-0.3077995256317312,1.6907582305074704,3.677088311949862,-0.40899813099339427,0.0,0.0,0.0,0.0,0.0,0.0,0.0,0.0,0.0
7.7,-3.4079656927087867,-1.9970837261361658,1.0,-3.631558418273926,-1.8304704427719116,0.9476365447044373,0.18469762649180455,-0.2481994402061983,-0.03880283325634262,-0.9501464145372239,2.9956255892042485,-0.16194853906318002,0.0,2.772721290588379,-0.3727336823940277,-0.007007337640970945,4.377942796615643,5.028301828509556,-0.4268116952665775,4.377942796615643,5.028301828509556,-0.4268116952665775,1.2786153626090688,5.106772993849234,-0.49831849235847875,1.5690861229416664,4.099157361180927,-0.43536713422580753,0.0,0.0,0.0,0.0,0.0,0.0,0.0,0.0,0.0
7.7166,-3.3580086803640086,-1.9991585712500213,1.0,-3.5746448040008545,-1.8382151126861572,0.9475586414337158,0.18944244494017612,-0.2391403860505546,-0.04144286970021653,-0.9514231690191645,2.998737856875032,-0.08701302054601291,0.0,2.7976088523864746,-0.2901570796966553,-0.005499101243913174,4.103715394701906,5.012790422146602,-0.4337235286708516,4.103715394701906,5.012790422146602,-0.4337235286708516,1.4932337710640002,4.9545300117300375,0.09049297561189311,1.5466931222721663,4.351679001740079,-0.2801236183668585,0.0,0.0,0.0,0.0,0.0,0.0,0.0,0.0,0.0
7.7333,-3.308014697227054,-1.9999839410926175,1.0,-3.545944929122925,-1.841442346572876,0.9475451707839966,0.18944244494017612,-0.2391403860505546,-0.04144286970021653,-0.9514231690191645,2.999975911638926,-0.01202204584058137,0.0,2.8188297748565674,-0.24451233446598053,-0.004565274342894554,3.9817676543308487,5.200091919571408,-0.43751069421348454,3.9817676543308487,5.200091919571408,-0.43751069421348454,1.2732929917170936,2.7387656824456745,0.05603127056421041,1.4659804066475397,3.875517509779277,-0.1808845510663552,0.0,0.0,0.0,0.0,0.0,0.0,0.0,0.0,0.0
7.75,-3.258030006708423,-1.9995595814236458,1.0,-3.4880876541137695,-1.8466541767120361,0.9475769400596619,0.19348963162983815,-0.2303196472985487,-0.043958910115771334,-0.9526711793504206,2.9993393721354686,0.06295498993736509,0.0,2.835597515106201,-0.15042762458324432,-0.005336219444870949,3.7293472416593403,5.110123958301542,-0.43129668628772144,3.7293472416593403,5.110123958301542,-0.43129668628772144,1.0062093139709565,5.645895629158023,-0.04626336826668574,1.3302475765999198,4.398165488795856,-0.14114191735838832,0.0,0.0,0.0,0.0,0.0,0.0,0.0,0.0,0.0
7.7666,-3.2080508127756,-1.9978852186671716,1.0,-3.429774284362793,-1.8501981496810913,0.9474974870681763,0.19791432895870126,-0.2223009196097676,-0.04609478595775793,-0.9535656619163672,2.9968278280007574,0.13792378083660026,0.0,2.8516950607299805,-0.06503741443157196,-0.016293825581669807,3.4672646068306427,5.067457969085401,-0.3634034270274764,3.4672646068306427,5.067457969085401,-0.3634034270274764,0.9657016991818754,5.122611419417587,-0.6573535564105498,1.2226269705803277,4.612035168612674,-0.29353702829103145,0.0,0.0,0.0,0.0,0.0,0.0,0.0,0.0,0.0
7.7833,-3.1581119808224973,-1.9949605986118835,1.0,-3.4004580974578857,-1.8513376712799072,0.9474009275436401,0.20148212092978768,-0.21366345181869978,-0.04773408763058919,-0.9547116768742269,2.992440897917825,0.21283202876625368,0.0,2.8640518188476562,-0.020205335691571236,-0.02195824682712555,3.3615949135975476,5.259260111774638,-0.3271797226976627,3.3615949135975476,5.259260111774638,-0.3271797226976627,0.7409504203122319,2.688273677410362,-0.3396566690613027,1.0804272490735796,4.044105614761411,-0.3071523892004916,0.0,0.0,0.0,0.0,0.0,0.0,0.0,0.0,0.0
7.8,-3.1083224322388827,-1.9907937386924799,1.0,-3.341665267944336,-1.8523985147476196,0.9471447467803955,0.20532581292130764,-0.20410898829449922,-0.048944671560367546,-0.9559212492796411,2.98619060803872,0.2875163516416759,0.0,2.8722715377807617,0.06774762272834778,-0.024326417595148087,3.12161762168504,5.194106808514116,-0.309929491583814,3.12161762168504,5.194106808514116,-0.309929491583814,0.4936143405303247,5.281791496943188,-0.14221447976919993,0.9071893529688776,4.4094931090480305,-0.2584597036753594,0.0,0.0,0.0,0.0,0.0,0.0,0.0,0.0,0.0
7.8167,-3.0585985456979543,-1.985377882888005,1.0,-3.3121471405029297,-1.8522541522979736,0.9469994306564331,0.20532581292130764,-0.20410898829449922,-0.048944671560367546,-0.9559212492796411,2.9780668243320076,0.36210218145306833,0.0,2.883338212966919,0.11129429191350937,-0.021551132202148438,2.9998528407660636,5.392293725887381,-0.32408705481962663,2.9998528407660636,5.392293725887381,-0.32408705481962663,0.6636688590220189,2.611495120817844,0.1664339523162711,0.8352976521975712,3.8786912399229507,-0.1330233304112574,0.0,0.0,0.0,0.0,0.0,0.0,0.0,0.0,0.0
7.8333,-3.009039088750053,-1.9787222513846152,1.0,-3.252936840057373,-1.8506087064743042,0.9469354748725891,0.2086625721678339,-0.19412782052707903,-0.04989238559598357,-0.9572278015834788,2.9680833770769226,0.4364413668749203,0.0,2.8894388675689697,0.21452932059764862,-0.011232375167310238,2.7476505415458643,5.22685901684954,-0.3839108504732405,2.7476505415458643,5.22685901684954,-0.3839108504732405,0.36600821043898674,6.193576028808056,0.6190728770329419,0.6967548315288357,4.562087540026107,0.08900921650289181,0.0,0.0,0.0,0.0,0.0,0.0,0.0,0.0,0.0
7.85,-2.9596974602355046,-1.97083590931103,1.0,-3.2232582569122314,-1.8490972518920898,0.9469746947288513,0.21283788000861298,-0.1840461797765288,-0.051029886890444014,-0.9582396209756798,2.9562538639665448,0.510453809646743,0.0,2.8901925086975098,0.25736168026924133,-0.008474661968648434,2.663838403883248,5.426041839519093,-0.3988867065494457,2.663838403883248,5.426041839519093,-0.3988867065494457,0.04524375232588097,2.5713786033263677,0.16555531302779608,0.5044168529212908,3.9743938766286693,0.11160702327220966,0.0,0.0,0.0,0.0,0.0,0.0,0.0,0.0,0.0
7.8667,-2.910517735186427,-1.961709347838178,1.0,-3.163980722427368,-1.8446625471115112,0.9471146464347839,0.21681272558407313,-0.17453155243279675,-0.05194687587349552,-0.9590790597574713,2.942564021757267,0.5842233972203594,0.0,2.8854713439941406,0.3496175706386566,-0.009002169594168663,2.4531086792970025,5.316097122899015,-0.3946579958811878,2.4531086792970025,5.316097122899015,-0.3946579958811878,-0.28317698203866837,5.533538067726805,-0.03164007756192083,0.27190475755479987,4.434681739177962,0.06931786089981502,0.0,0.0,0.0,0.0,0.0,0.0,0.0,0.0,0.0
7.8833,-2.861629079956644,-1.951366428034556,1.0,-3.104780912399292,-1.8385348320007324,0.9472529888153076,0.21931663692687994,-0.16502043249711423,-0.052687606736074526,-0.9601523292548012,2.927049642051834,0.6575563800650333,0.0,2.8757898807525635,0.4454243779182434,-0.009821060113608837,2.2606056183075003,5.177179423544741,-0.388679365072802,2.2606056183075003,5.177179423544741,-0.388679365072802,-0.5812958085203848,5.752446103412735,-0.04916794235641892,0.020024356032735002,4.8237098650051475,0.03433868614828926,0.0,0.0,0.0,0.0,0.0,0.0,0.0,0.0,0.0
7.9,-2.812975931198211,-1.9397957512088098,1.0,-3.0456368923187256,-1.8305926322937012,0.9475659132003784,0.22218822288811663,-0.1547480285247586,-0.05370722329525002,-0.9611456461805059,2.9096936268132145,0.7305361032026827,0.0,2.8687076568603516,0.539919912815094,0.002753747161477804,2.0409182720200825,5.038372084397424,-0.46394427934656157,2.0409182720200825,5.038372084397424,-0.46394427934656157,-0.42475155501537143,5.667305354972474,0.7541655030117251,-0.1112816223229651,5.0727546725029065,0.24684471915757222,0.0,0.0,0.0,0.0,0.0,0.0,0.0,0.0,0.0
7.9167,-2.7646045533683026,-1.9270058940558654,1.0,-3.0161473751068115,-1.8258872032165527,0.947806715965271,0.2260510105300984,-0.14645623930700952,-0.05463875294103789,-0.9614915875130834,2.8905088410837982,0.8030931699475461,0.0,2.869680881500244,0.5832656621932983,0.0034540651831775904,1.9097392877651571,5.223598435046754,-0.4676091824410502,1.9097392877651571,5.223598435046754,-0.4676091824410502,0.058351797584161244,2.5988885712243586,0.04198908840951326,-0.06120273628293538,4.342424183192195,0.18636759270155204,0.0,0.0,0.0,0.0,0.0,0.0,0.0,0.0,0.0
7.9333,-2.7166311905690526,-1.9130292293070483,1.0,-2.957267999649048,-1.815220594406128,0.9483295679092407,0.2260510105300984,-0.14645623930700952,-0.05463875294103789,-0.9614915875130834,2.8695438439605727,0.8750532141464212,0.0,2.854228973388672,0.6746970415115356,0.004538716748356819,1.7181981930330403,5.09024430190529,-0.47501031129242044,1.7181981930330403,5.09024430190529,-0.47501031129242044,-0.9278188169272176,5.490050392257917,0.06512853459367664,-0.3170436429085466,4.6812244159047065,0.15057560679506637,0.0,0.0,0.0,0.0,0.0,0.0,0.0,0.0,0.0
7.95,-2.668998888549806,-1.8978507837416039,1.0,-2.8986411094665527,-1.8028994798660278,0.9490338563919067,0.22724219900702772,-0.13788939448752227,-0.05514489444480521,-0.9624482788274321,2.8467761756124057,0.9465016671752908,0.0,2.8412246704101562,0.7588739395141602,0.012565632350742817,1.5012994733992726,4.992426377635958,-0.5249944989993889,1.5012994733992726,4.992426377635958,-0.5249944989993889,-0.7803147353361946,5.050979971387696,0.4816498457618026,-0.45380973685410414,4.790383014109226,0.24831477336426094,0.0,0.0,0.0,0.0,0.0,0.0,0.0,0.0,0.0
7.9667,-2.6217352703273846,-1.88147733350209,1.0,-2.8694770336151123,-1.7960618734359741,0.9494677186012268,0.22482384971796507,-0.1278070517285265,-0.05544696090808275,-0.9643885932923283,2.822216000253135,1.0173970945089224,0.0,2.831850051879883,0.8065104484558105,0.015514714643359184,1.3984713235185835,5.1413947045076975,-0.5431732454450309,1.3984713235185835,5.1413947045076975,-0.5431732454450309,-0.5622604816107075,2.8570897443230567,0.1768767896849797,-0.48582637892024766,4.219639505002442,0.22722497487076293,0.0,0.0,0.0,0.0,0.0,0.0,0.0,0.0,0.0
7.9833,-2.5749212270040034,-1.8639369015475336,1.0,-2.8113276958465576,-1.7811205387115479,0.9504163861274719,0.2249533985935754,-0.11822503947655966,-0.05582514457977095,-0.9655581261916569,2.7959053523213004,1.0876181594939949,0.0,2.815168619155884,0.8921017646789551,0.021468250080943108,1.1826275029876137,5.021322637384158,-0.5819852465819917,1.1826275029876137,5.021322637384158,-0.5819852465819917,-1.0010301166034767,5.136218613634738,0.35726357393232705,-0.6379239389468134,4.490230410691896,0.26561474610083413,0.0,0.0,0.0,0.0,0.0,0.0,0.0,0.0,0.0
8.0,-2.528522602276966,-1.845216145822081,1.0,-2.782466411590576,-1.7729588747024536,0.9509367942810059,0.2249533985935754,-0.11822503947655966,-0.05582514457977095,-0.9655581261916569,2.7678242187331215,1.1572160965845515,0.0,2.8045578002929688,0.9380291700363159,0.02185744419693947,1.0653324055551276,5.172813989991192,-0.5852852353825551,1.0653324055551276,5.172813989991192,-0.5852852353825551,-0.6359583315471342,2.7526542918792245,0.02332630910532859,-0.6373436557159391,3.977266181782653,0.19408677106055075,0.0,0.0,0.0,0.0,0.0,0.0,0.0,0.0,0.0
8.0166,-2.482669455791438,-1.8253686700236025,1.0,-2.7249577045440674,-1.7554506063461304,0.9521414637565613,0.22666691559827826,-0.10905722010997754,-0.05595685348136749,-0.9662284718172227,2.738053005035404,1.2259958163128433,0.0,2.7833008766174316,1.0247516632080078,0.029298417270183563,0.8568338929256256,5.031032282900707,-0.6343605302441642,0.8568338929256256,5.031032282900707,-0.6343605302441642,-1.276530553805624,5.207899032128744,0.4468487361119065,-0.8260433108030005,4.34057149215923,0.26870672301336196,0.0,0.0,0.0,0.0,0.0,0.0,0.0,0.0,0.0
8.0333,-2.4372831774407286,-1.8043612953267523,1.0,-2.6679329872131348,-1.7361369132995605,0.9535748958587646,0.22551487890943755,-0.0929971160696968,-0.05510481279187132,-0.9682242093879107,2.7065419429901283,1.2940752338389063,0.0,2.761690139770508,1.110612154006958,0.043224092572927475,0.6409656052434283,4.8844103425080805,-0.7235339085178634,0.6409656052434283,4.8844103425080805,-0.7235339085178634,-1.2963672768878718,5.150529176201373,0.8353620655749427,-0.9648915419614268,4.579685804531169,0.435993737209338,0.0,0.0,0.0,0.0,0.0,0.0,0.0,0.0,0.0
8.05,-2.392478428014792,-1.7822470637881545,1.0,-2.6115639209747314,-1.7150075435638428,0.9552172422409058,0.22551487890943755,-0.0929971160696968,-0.05510481279187132,-0.9682242093879107,2.673370595682232,1.3612823579778115,0.0,2.729839563369751,1.2093256711959839,0.04130096361041069,0.4780567879509705,4.649419640651905,-0.7187154761464125,0.4780567879509705,4.649419640651905,-0.7187154761464125,-1.9127876175885226,5.928244154579688,-0.11549358542976189,-1.2447277887052,4.977804877809212,0.27318459972873266,0.0,0.0,0.0,0.0,0.0,0.0,0.0,0.0,0.0
8.0666,-2.3482048585857735,-1.7590014237573184,1.0,-2.5836169719696045,-1.7038301229476929,0.9560660123825073,0.22808298121961548,-0.08104192014520276,-0.05489433143040789,-0.9687089824394829,2.6385021356359775,1.4276927121213392,0.0,2.7089643478393555,1.2411038875579834,0.043698251247406006,0.3800389283808674,4.864331235157118,-0.7358783992748794,0.3800389283808674,4.864331235157118,-0.7358783992748794,-1.2523528906942816,1.9064493520611037,0.14381887926595532,-1.2469788581805656,4.07108458975179,0.23499347455959607,0.0,0.0,0.0,0.0,0.0,0.0,0.0,0.0,0.0
8.0833,-2.30454117088205,-1.7346647282778076,1.0,-2.5284368991851807,-1.6803925037384033,0.9576391577720642,0.22895626392076118,-0.07223824428139872,-0.05480510655211038,-0.9692043343500314,2.6019970924167115,1.493188243676925,0.0,2.668778896331787,1.312731146812439,0.02881796658039093,0.25002705333507635,4.776374317486671,-0.6530506540828309,0.25002705333507635,4.776374317486671,-0.6530506540828309,-2.411577862988611,4.298439020202598,-0.892983996737824,-1.5907897704173473,4.138203773103016,-0.09800609163291055,0.0,0.0,0.0,0.0,0.0,0.0,0.0,0.0,0.0
8.1,-2.2614810062671378,-1.7092332490494337,1.0,-2.474148750305176,-1.6555533409118652,0.9591204524040222,0.2262032317760296,-0.06504664322628782,-0.054639680171705056,-0.9703688096275389,2.5638498735741506,1.5577784905992926,0.0,2.6245641708374023,1.392556071281433,0.029526468366384506,0.13695237604408494,4.629812060107518,-0.663345058828055,0.13695237604408494,4.629812060107518,-0.663345058828055,-2.65205142505756,4.787993192901168,0.04249677342085317,-1.9040936081309197,4.330033486386546,-0.05652707782078901,0.0,0.0,0.0,0.0,0.0,0.0,0.0,0.0,0.0
8.1167,-2.2190545129814616,-1.682723047353383,1.0,-2.447317600250244,-1.6425206661224365,0.9599190354347229,0.21949453350608836,-0.052367854401490575,-0.05401325156228762,-0.9727087605100153,2.5240845710300746,1.6214182305278069,0.0,2.604121208190918,1.4292010068893433,0.03624241426587105,0.007342273076396788,4.798850096375199,-0.7062967584562454,0.007342273076396788,4.798850096375199,-0.7062967584562454,-1.2257898498927806,2.1972837741243745,0.40269790922087206,-1.7038459409676368,3.7004067898855904,0.07904453186192859,0.0,0.0,0.0,0.0,0.0,0.0,0.0,0.0,0.0
8.1333,-2.1773120619001594,-1.655165186211071,1.0,-2.3943498134613037,-1.6152249574661255,0.9617733359336853,0.21949453350608836,-0.052367854401490575,-0.05401325156228762,-0.9727087605100153,2.4827477793166066,1.6840319071497603,0.0,2.5524327754974365,1.5236032009124756,0.04792666807770729,-0.0769763332217075,4.546758630353886,-0.7843990525206959,-0.0769763332217075,4.546758630353886,-0.7843990525206959,-3.100067207184019,5.661869217679779,0.7007752062688574,-2.1160359782598035,4.279466349299558,0.26259079066082575,0.0,0.0,0.0,0.0,0.0,0.0,0.0,0.0,0.0
8.15,-2.1363195155723504,-1.626606200087234,1.0,-2.368260145187378,-1.6009413003921509,0.9627689123153687,0.22093549737818338,-0.04336212127756924,-0.054083215330815705,-0.9728217983577215,2.439909300130851,1.745520726641474,0.0,2.5338847637176514,1.5576587915420532,0.048777025192976,-0.23657573168726365,4.718049561454376,-0.7932391427444099,-0.23657573168726365,4.718049561454376,-0.7932391427444099,-1.113869679137494,2.045151267843592,0.05106676760734791,-1.8201781696134773,3.6198556994464015,0.20014503291436694,0.0,0.0,0.0,0.0,0.0,0.0,0.0,0.0,0.0
8.1667,-2.095978859870309,-1.5969762346762708,1.0,-2.3169100284576416,-1.571423053741455,0.9646919965744019,0.22209163811639784,-0.03803536021838352,-0.05408970594548647,-0.9727810845020599,2.395464352014406,1.806031710194536,0.0,2.476787567138672,1.6167277097702026,0.039951127022504807,-0.30278883470955353,4.66016666031422,-0.7487206432556786,-0.30278883470955353,4.66016666031422,-0.7487206432556786,-3.4211857142857145,3.5393285714285714,-0.5288357142857143,-2.292824859297416,3.596082619416867,-0.015063407641720261,0.0,0.0,0.0,0.0,0.0,0.0,0.0,0.0,0.0
8.1833,-2.056480822404766,-1.5664163095910593,1.0,-2.2668159008026123,-1.5406969785690308,0.9664984345436096,0.21825763413777097,-0.030951581338475635,-0.053486205221658915,-0.9739326628439231,2.349624464386589,1.865278766392851,0.0,2.407360792160034,1.6881903409957886,0.03906485065817833,-0.2996180294795996,4.516854592493171,-0.7513200705861163,-0.2996180294795996,4.516854592493171,-0.7513200705861163,-4.171637728496934,4.2939659618359975,-0.05325357429373675,-2.847484758382733,3.8021105376972226,-0.026337842860105737,0.0,0.0,0.0,0.0,0.0,0.0,0.0,0.0,0.0
8.2,-2.0176988384392134,-1.5348301961649888,1.0,-2.242276906967163,-1.524759292602539,0.9674803018569946,0.21825763413777097,-0.030951581338475635,-0.053486205221658915,-0.9739326628439231,2.3022452942474834,1.9234517423411797,0.0,2.3779985904693604,1.7258163690567017,0.049889735877513885,-0.4200195687210839,4.647141732037189,-0.8200942023403126,-0.4200195687210839,4.647141732037189,-0.8200942023403126,-1.7608773359641974,2.256466349247201,0.6491779890333005,-2.526698386762442,3.345808122676637,0.17308677748974666,0.0,0.0,0.0,0.0,0.0,0.0,0.0,0.0,0.0
8.2167,-1.9797193829000193,-1.5022846242007852,1.0,-2.1941370964050293,-1.4917997121810913,0.9698706269264221,0.21426088010361927,-0.01254144805056839,-0.05310945454282008,-0.9752509741184954,2.253426936301178,1.980420925649971,0.0,2.311396360397339,1.8048063516616821,0.07533975690603256,-0.4459966761381686,4.439544531193633,-0.9837411970096195,-0.4459966761381686,4.439544531193633,-0.9837411970096195,-3.9943662777396476,4.737302676733013,1.5263258550674903,-2.959980773553316,3.756602748146449,0.572587687086652,0.0,0.0,0.0,0.0,0.0,0.0,0.0,0.0,0.0
8.2333,-1.9425892863900802,-1.468821348761315,1.0,-2.1473207473754883,-1.4573462009429932,0.9727352261543274,0.21550061911585508,-0.006298730606119668,-0.05313748219707982,-0.9750365731001205,2.2032320231419726,2.0361160704148795,0.0,2.249298334121704,1.8776957988739014,0.08979138731956482,-0.5031409120936934,4.2559439784220086,-1.083865449721925,-0.5031409120936934,4.2559439784220086,-1.083865449721925,-3.7271114163876247,4.3748103946652925,0.8673840366618013,-3.186451760587282,3.9391089447204624,0.6596169576364846,0.0,0.0,0.0,0.0,0.0,0.0,0.0,0.0,0.0
8.25,-1.906288059717059,-1.4344221929100096,1.0,-2.1243999004364014,-1.4396138191223145,0.9742643237113953,0.21550061911585508,-0.006298730606119668,-0.05313748219707982,-0.9750365731001205,2.1516332893650145,2.090567910424411,0.0,2.2172205448150635,1.9081016778945923,0.09428480267524719,-0.6314057383261575,4.406242076759392,-1.1176132187031111,-0.6314057383261575,4.406242076759392,-1.1176132187031111,-1.9238710784453914,1.8235979637944348,0.2694933794720737,-2.8137148663364666,3.3145714367917236,0.5444453468588409,0.0,0.0,0.0,0.0,0.0,0.0,0.0,0.0,0.0
8.2667,-1.8708507741739289,-1.399118469008519,1.0,-2.0797083377838135,-1.4031296968460083,0.9773142337799072,0.21357322266002765,-0.004545147753551144,-0.05187577414005764,-0.9755382048910971,2.0986777035127786,2.143723838739106,0.0,2.1469502449035645,1.9711759090423584,0.09046952426433563,-0.6500399832772659,4.261463777270715,-1.1092145176670396,-0.6500399832772659,4.261463777270715,-1.1092145176670396,-4.21405184369683,3.7825095437583105,-0.2287990949514591,-3.227119936783456,3.452715318730771,0.3161694546218913,0.0,0.0,0.0,0.0,0.0,0.0,0.0,0.0,0.0
8.2833,-1.8363459837116183,-1.3629808951716418,1.0,-2.0365147590637207,-1.3654590845108032,0.9803080558776855,0.21025971118708606,-0.0003840420836312179,-0.05058894656132309,-0.9763357918523172,2.0444713427574626,2.1954810244325724,0.0,2.0666558742523193,2.036222219467163,0.08436262607574463,-0.6112588890573347,4.0927955564242415,-1.0868865081923627,-0.6112588890573347,4.0927955564242415,-1.0868865081923627,-4.822564939714179,3.9067502935532836,-0.3667867729186356,-3.6981244624756604,3.586754741945684,0.11454829348479964,0.0,0.0,0.0,0.0,0.0,0.0,0.0,0.0,0.0
8.3,-1.8026992165868863,-1.3259299996570244,1.0,-2.0154733657836914,-1.3461250066757202,0.9817901253700256,0.20695340682523983,0.0075799105071539166,-0.05034904669959902,-0.9770250614128645,1.9888949994855367,2.2459511751196706,0.0,2.0367093086242676,2.0654966831207275,0.08791022002696991,-0.7741651643811014,4.22552626376752,-1.1149746513193985,-0.7741651643811014,4.22552626376752,-1.1149746513193985,-1.7945109580821212,1.754236077378061,0.21258518587307484,-3.136142962586199,3.045761738212378,0.14349057599209725,0.0,0.0,0.0,0.0,0.0,0.0,0.0,0.0,0.0
8.3167,-1.7700527359773808,-1.2881231964799416,1.0,-1.9745914936065674,-1.3065849542617798,0.984870433807373,0.2047644154174174,0.013787203525429234,-0.05046676284748999,-0.977412180216437,1.9321847947199124,2.2949208960339287,0.0,1.957998275756836,2.1235570907592773,0.08793150633573532,-0.7533863188432912,4.077557964439933,-1.1300001196133689,-0.7533863188432912,4.077557964439933,-1.1300001196133689,-4.727603390995532,3.4872694466720127,0.0012785148642456181,-3.605971169051426,3.1761028834292224,0.10150697625898691,0.0,0.0,0.0,0.0,0.0,0.0,0.0,0.0,0.0
8.3333,-1.738344082516824,-1.2494922150176766,1.0,-1.9352751970291138,-1.2660493850708008,0.9878695011138916,0.20182020516784038,0.015299643184242671,-0.049707360931020635,-0.9780407583151285,1.874238322526515,2.342483876224764,0.0,1.8765097856521606,2.173295736312866,0.07936544716358185,-0.7182364993120129,3.96833712789439,-1.0931949713381481,-0.7182364993120129,3.96833712789439,-1.0931949713381481,-4.891973320737973,2.9859447235461665,-0.5142435806603977,-3.985622509198923,3.119964719006321,-0.08027384255568616,0.0,0.0,0.0,0.0,0.0,0.0,0.0,0.0,0.0
8.35,-1.7075928588143383,-1.2100576418918683,1.0,-1.9162204265594482,-1.2454376220703125,0.9893287420272827,0.20182020516784038,0.015299643184242671,-0.049707360931020635,-0.9780407583151285,1.8150864628378023,2.388610711778492,0.0,1.8380944728851318,2.197755813598633,0.0774213969707489,-0.8498861477886861,4.104313688722095,-1.0884711156037223,-0.8498861477886861,4.104313688722095,-1.0884711156037223,-2.304591289422871,1.4673961238646929,-0.11662643924765786,-3.489351367987553,2.6320962648141006,-0.09100579353558816,0.0,0.0,0.0,0.0,0.0,0.0,0.0,0.0,0.0
8.3667,-1.6778363407754524,-1.1698654036645526,1.0,-1.8794409036636353,-1.203263282775879,0.992213249206543,0.19788137144025478,0.016832566211432393,-0.04855574044230906,-0.9788779633139488,1.754798105496829,2.433245488836821,0.0,1.7491588592529297,2.2626006603240967,0.07661334425210953,-0.7767089099430753,3.883266995525386,-1.0977857139547336,-0.7767089099430753,3.883266995525386,-1.0977857139547336,-5.334844541060038,3.889748576985784,-0.0484714217270673,-4.034174683773732,3.0033782141711782,-0.07844886955357226,0.0,0.0,0.0,0.0,0.0,0.0,0.0,0.0,0.0
8.3833,-1.6490916039335426,-1.1289382037105828,1.0,-1.8616414070129395,-1.1816987991333008,0.9936554431915283,0.19594224762382917,0.022609856007775327,-0.04776856375267105,-0.9791903136082631,1.6934073055658743,2.476362594099686,0.0,1.717610239982605,2.2885756492614746,0.07705225050449371,-0.9621677919615736,3.9917267068767135,-1.1074185667863343,-0.9621677919615736,3.9917267068767135,-1.1074185667863343,-1.8922963619723143,1.5579882164512069,0.02632573861686306,-3.401853054888166,2.5766726686551653,-0.04751749019843866,0.0,0.0,0.0,0.0,0.0,0.0,0.0,0.0,0.0
8.4,-1.6213733868305067,-1.0872960468791915,1.0,-1.8271732330322266,-1.137754201889038,0.9965733289718628,0.19399305597896555,0.026786318935621414,-0.04678561495169996,-0.9795204920194974,1.6309440703187872,2.5179399197542396,0.0,1.6411843299865723,2.3462073802948,0.07600445300340652,-0.9710753632462168,3.791034717444363,-1.1156069165283906,-0.9710753632462168,3.791034717444363,-1.1156069165283906,-4.582674520007434,3.4557320333385753,-0.0628283642368011,-3.750453133915663,2.8361870601618833,-0.052037540059840945,0.0,0.0,0.0,0.0,0.0,0.0,0.0,0.0,0.0
8.4167,-1.5947426776987879,-1.0450346715483176,1.0,-1.7942880392074585,-1.0926730632781982,0.9996031522750854,0.19129787038381516,0.028126651938540602,-0.04537150389046251,-0.9800793592307518,1.5675520073224765,2.557885983451818,0.0,1.561740517616272,2.4004709720611572,0.08294195681810379,-0.9626341061589097,3.5967357814506284,-1.172367841501723,-0.9626341061589097,3.5967357814506284,-1.172367841501723,-4.7716161645091075,3.259222133119487,0.4166857601099782,-4.051919124905992,2.9610747457439945,0.08633814526420941,0.0,0.0,0.0,0.0,0.0,0.0,0.0,0.0,0.0
8.4333,-1.5691606639379514,-1.0020954010174317,1.0,-1.7784522771835327,-1.069759488105774,1.0011394023895264,0.19129787038381516,0.028126651938540602,-0.04537150389046251,-0.9800793592307518,1.5031431015261476,2.5962590040930724,0.0,1.5153480768203735,2.428311347961426,0.0799260213971138,-1.0760746248786273,3.6645739693352812,-1.1619914416622077,-1.0760746248786273,3.6645739693352812,-1.1619914416622077,-2.784863750858713,1.6712130753377605,-0.1810417620792306,-3.677861219818298,2.5802840051278966,0.007402709566592405,0.0,0.0,0.0,0.0,0.0,0.0,0.0,0.0,0.0
8.45,-1.544650742054189,-0.958513944931993,1.0,-1.7480971813201904,-1.0230907201766968,1.0040804147720337,0.18960197603014595,0.030716628463095676,-0.04427952119239375,-0.9803810042255443,1.4377709173979896,2.633023886918716,0.0,1.4358916282653809,2.4759676456451416,0.07169750332832336,-1.072551170667446,3.4868070157152276,-1.1274614205321836,-1.072551170667446,3.4868070157152276,-1.1274614205321836,-4.766982306074866,2.8591351861652674,-0.4936691829611935,-3.9993896709471946,2.6626059704867493,-0.14052287147456916,0.0,0.0,0.0,0.0,0.0,0.0,0.0,0.0,0.0
8.4666,-1.5212372943998773,-0.9143321262900762,1.0,-1.719385027885437,-0.9754840135574341,1.0068360567092896,0.1874857458879215,0.03575517356709572,-0.043729546966175065,-0.9806418510709783,1.3714981894351144,2.6681440584001836,0.0,1.3540635108947754,2.52270770072937,0.06260456889867783,-1.0550898305754801,3.3015734814749824,-1.0869099147980545,-1.0550898305754801,3.3015734814749824,-1.0869099147980545,-4.909200137315482,2.804125185948049,-0.5455219597493992,-4.267982349726111,2.7043850295155716,-0.2600860047247,0.0,0.0,0.0,0.0,0.0,0.0,0.0,0.0,0.0
8.4833,-1.4989422031865156,-0.8695923254820952,1.0,-1.6923918724060059,-0.926895797252655,1.0094822645187378,0.18189653113470236,0.03873773218046158,-0.043233057090716676,-0.9816027992170266,1.3043884882231427,2.701586695220226,0.0,1.2640374898910522,2.574946641921997,0.05954423546791077,-0.9880230449904204,3.069843782320885,-1.0820949289703048,-0.9880230449904204,3.069843782320885,-1.0820949289703048,-5.403266888942947,3.1353261880571814,-0.1836779867779002,-4.603139095923734,2.8316067360659627,-0.23752896127537682,0.0,0.0,0.0,0.0,0.0,0.0,0.0,0.0,0.0
8.5,-1.477744487356211,-0.8242480492177836,1.0,-1.6795097589492798,-0.9022372364997864,1.0107853412628174,0.17748632178501486,0.041533822599303126,-0.04233545565798018,-0.9823346792414184,1.2363720738266755,2.7333832689656834,0.0,1.225282073020935,2.592287302017212,0.05871329829096794,-1.1663386057478335,3.1592847865759768,-1.0839846840896552,-1.1663386057478335,3.1592847865759768,-1.0839846840896552,-2.322204602922899,1.0390434149059273,-0.04978932734753354,-3.92976554369387,2.302409279992395,-0.1821047899191853,0.0,0.0,0.0,0.0,0.0,0.0,0.0,0.0,0.0
8.5166,-1.4577257449814693,-0.778476441066728,1.0,-1.6549909114837646,-0.8523185849189758,1.0134027004241943,0.17357097438876196,0.044629856333928505,-0.041216203948924925,-0.9829458928385234,1.167714661600092,2.7634113825277957,0.0,1.1474312543869019,2.6347177028656006,0.05801227316260338,-1.1754359823931018,2.962379354667837,-1.0933116955358582,-1.1754359823931018,2.962379354667837,-1.0933116955358582,-4.6751331538858025,2.548049939865987,-0.042098283317106695,-4.149811685716872,2.3749268924967133,-0.14077231019421801,0.0,0.0,0.0,0.0,0.0,0.0,0.0,0.0,0.0
8.5333,-1.4388444396974793,-0.7321884869041654,1.0,-1.643315315246582,-0.827086329460144,1.0147169828414917,0.17357097438876196,0.044629856333928505,-0.041216203948924925,-0.9829458928385234,1.0982827303562481,2.7917333404537805,0.0,1.099556803703308,2.6564440727233887,0.05525320768356323,-1.3078285339757807,3.00466458854641,-1.0838191189700819,-1.3078285339757807,3.00466458854641,-1.0838191189700819,-2.8734151855985806,1.3040124781774993,-0.16559857152056323,-3.7729961094801086,2.0587733836970945,-0.14810147630100715,0.0,0.0,0.0,0.0,0.0,0.0,0.0,0.0,0.0
8.55,-1.421122495977546,-0.6854336764985755,1.0,-1.6212531328201294,-0.7759036421775818,1.0172513723373413,0.16653045924885052,0.04536950191515832,-0.04021905166000564,-0.9841705538157044,1.0281505147478631,2.8183162560336807,0.0,1.0171730518341064,2.6952221393585205,0.05386628210544586,-1.2925591373059644,2.805663913589519,-1.0887445993072742,-1.2925591373059644,2.805663913589519,-1.0887445993072742,-4.942676298097554,2.3265198111858103,-0.08320966242311544,-4.11830708004902,2.1378170228406876,-0.12894422678083028,0.0,0.0,0.0,0.0,0.0,0.0,0.0,0.0,0.0
8.5666,-1.4045732902932588,-0.6382457114076664,1.0,-1.6010020971298218,-0.7239198088645935,1.0197564363479614,0.15965129805010697,0.04670681615005292,-0.03950070077398594,-0.9852764871206302,0.9573685671114995,2.8431400645601115,0.0,0.9249030947685242,2.7352066040039062,0.050706904381513596,-1.216101477573398,2.585975900541529,-1.0829723321554479,-1.216101477573398,2.585975900541529,-1.0829723321554479,-5.535094180408759,2.3985897967648278,-0.18952488772722723,-4.536568527473383,2.214801911990711,-0.1468287451583133,0.0,0.0,0.0,0.0,0.0,0.0,0.0,0.0,0.0
8.5833,-1.3892102686823407,-0.5906628502716144,1.0,-1.5915107727050781,-0.6976172924041748,1.0209728479385376,0.15609969902992732,0.04954000106394011,-0.03922270016120817,-0.9857181860930244,0.8859942754074215,2.8661845969764888,0.0,0.8875231146812439,2.751585006713867,0.0495503693819046,-1.4219039881163131,2.6270955369376243,-1.0828142743752505,-1.4219039881163131,2.6270955369376243,-1.0828142743752505,-2.2428009441384735,0.9827050997782705,-0.06939216615406624,-3.8594064124194403,1.8510644133135499,-0.12396805168525474,0.0,0.0,0.0,0.0,0.0,0.0,0.0,0.0,0.0
8.6,-1.375040980572464,-0.5427087372841712,1.0,-1.5737987756729126,-0.6445149779319763,1.02338445186615,0.15027085836949952,0.05547294444018983,-0.038955320554254984,-0.9863184415095165,0.8140631059262569,2.8874385291413036,0.0,0.8031869530677795,2.7874433994293213,0.04751060903072357,-1.3937549984460909,2.407528217952548,-1.083413413602086,-1.3937549984460909,2.407528217952548,-1.083413413602086,-5.058871901949287,2.1509517612230598,-0.12235423251290706,-4.213510548220042,1.9395966396226663,-0.12349162276891584,0.0,0.0,0.0,0.0,0.0,0.0,0.0,0.0,0.0
8.6167,-1.3620518069650218,-0.4943245908433682,1.0,-1.5576554536819458,-0.5907951593399048,1.0258510112762451,0.14293949309637044,0.05732178443874903,-0.038439274541087566,-0.987322126559955,0.7414868862650523,2.906922289552467,0.0,0.7170001864433289,2.8165128231048584,0.053623128682374954,-1.353819507226939,2.2160835984618577,-1.1332852839068277,-1.353819507226939,2.2160835984618577,-1.1332852839068277,-5.15770888026481,1.7396130578701061,0.3657939394047483,-4.492255153472616,1.8805578310792401,0.02095441812645743,0.0,0.0,0.0,0.0,0.0,0.0,0.0,0.0,0.0
8.6333,-1.3503032772609416,-0.44573836422342666,1.0,-1.5431281328201294,-0.5363312363624573,1.0284440517425537,0.13785913041611353,0.05809638292828453,-0.037614587156275,-0.9880308258176657,0.66860754633514,2.9245450841085874,0.0,0.6762219667434692,2.831014394760132,0.056668657809495926,-1.5835410454595855,2.0976131295557083,-1.1654716730863424,-1.5835410454595855,2.0976131295557083,-1.1654716730863424,-2.4470105585441226,0.8702071649307542,0.1827554509557056,-3.888461566987787,1.5822838476966028,0.06872104034424499,0.0,0.0,0.0,0.0,0.0,0.0,0.0,0.0,0.0
8.65,-1.3397743528927748,-0.3968821140125378,1.0,-1.5365546941757202,-0.5087960958480835,1.029731035232544,0.13785913041611353,0.05809638292828453,-0.037614587156275,-0.9880308258176657,0.5953231710188067,2.9403384706608375,0.0,0.583622395992279,2.8649961948394775,0.05404870584607124,-1.4682856228823267,1.9870252908929986,-1.157177075883494,-1.4682856228823267,1.9870252908929986,-1.157177075883494,-5.560672765799044,2.0406322480886523,-0.15733005469175043,-4.382128876801968,1.7175966729784982,0.001986625429251175,0.0,0.0,0.0,0.0,0.0,0.0,0.0,0.0,0.0
8.6667,-1.3304703578636254,-0.3477829621274811,1.0,-1.5245615243911743,-0.4533011317253113,1.0322299003601074,0.1327972754707089,0.06111889938821675,-0.036411463218682966,-0.9885866584558274,0.5216744431912217,2.954294463204562,0.0,0.4975053369998932,2.8865644931793213,0.04709986224770546,-1.4246223609684125,1.800657006841918,-1.1290521002872378,-1.4246223609684125,1.800657006841918,-1.1290521002872378,-5.169764770710483,1.294784450678422,-0.41715180769450966,-4.614653388738807,1.5927747769836529,-0.12175070085287751,0.0,0.0,0.0,0.0,0.0,0.0,0.0,0.0,0.0
8.6833,-1.3223959850162286,-0.2984666814236858,1.0,-1.519179105758667,-0.425339013338089,1.0334008932113647,0.1237989285819891,0.06466850170144818,-0.03567764443925977,-0.9895548980066682,0.44770002213552873,2.966406022475657,0.0,0.46255362033843994,2.8933801651000977,0.041926197707653046,-1.6601891607864059,1.830354293365991,-1.1049775155948236,-1.6601891607864059,1.830354293365991,-1.1049775155948236,-2.09884640714705,0.4092802840494223,-0.31067793713402153,-3.8719411849830667,1.2433855712887778,-0.17752547413022574,0.0,0.0,0.0,0.0,0.0,0.0,0.0,0.0,0.0
8.7,-1.3155565424759263,-0.24896619025462158,1.0,-1.509524941444397,-0.36913347244262695,1.035644769668579,0.1171766893034119,0.06649668447588097,-0.03594578268948614,-0.9902301748135096,0.37344928538193234,2.97666518628611,0.0,0.38076531887054443,2.91082763671875,0.03800671920180321,-1.6411954970661942,1.6443245323255762,-1.0938673858543506,-1.6411954970661942,1.6443245323255762,-1.0938673858543506,-4.91060436886255,1.0475536087491768,-0.23532715472816285,-4.178573541083375,1.1855723966184484,-0.19458958671588897,0.0,0.0,0.0,0.0,0.0,0.0,0.0,0.0,0.0
8.7166,-1.3099526482056365,-0.199277539166465,1.0,-1.5014716386795044,-0.3124842047691345,1.0378230810165405,0.10893140254754952,0.06819538554624323,-0.03606543759240855,-0.9910513218630475,0.29891630874969755,2.985071027691545,0.0,0.30485621094703674,2.924618721008301,0.035651594400405884,-1.6546022141374717,1.467297492040529,-1.0918890881987817,-1.6546022141374717,1.467297492040529,-1.0918890881987817,-4.554094790593889,0.827382995766106,-0.14129347429625816,-4.289434277547585,1.0798283386618746,-0.17885560020721294,0.0,0.0,0.0,0.0,0.0,0.0,0.0,0.0,0.0
8.7333,-1.305593838020315,-0.1494792997624178,1.0,-1.4980108737945557,-0.2840239107608795,1.0388665199279785,0.10893140254754952,0.06819538554624323,-0.03606543759240855,-0.9910513218630475,0.2242189496436267,2.9916092429695276,0.0,0.261791467666626,2.9319448471069336,0.03193977475166321,-1.8465088837330232,1.4594555460784306,-1.0761305806982318,-1.8465088837330232,1.4594555460784306,-1.0761305806982318,-2.584552563423813,0.43968119965086494,-0.22276675204258303,-3.7861220344761466,0.8908452029039857,-0.19181897481732157,0.0,0.0,0.0,0.0,0.0,0.0,0.0,0.0,0.0
8.75,-1.3024801105177228,-0.0995705334057816,1.0,-1.4923768043518066,-0.2268040031194687,1.040847659111023,0.10037140263967824,0.07066368016788031,-0.0353939961487815,-0.9918062140667261,0.14935580010867242,2.9962798342234156,0.0,0.17506380379199982,2.9465444087982178,0.022246679291129112,-1.7917634563499034,1.2531525159000965,-1.0292397196977685,-1.7917634563499034,1.2531525159000965,-1.0292397196977685,-5.2020276502638465,0.8756989431836057,-0.5814033071989361,-4.204123251543465,0.8863737501979984,-0.30683139038379165,0.0,0.0,0.0,0.0,0.0,0.0,0.0,0.0,0.0
8.7667,-1.300614945346458,-0.04959237066377217,1.0,-1.488279938697815,-0.16931448876857758,1.0426453351974487,0.09618009348444419,0.07359077352860584,-0.034605260025748645,-0.9920364201532925,0.07438855599565826,2.9990775819803126,0.0,0.09651708602905273,2.9521524906158447,0.014600464142858982,-1.7825134099362763,1.0882786251256402,-0.993772583411312,-1.7825134099362763,1.0882786251256402,-0.993772583411312,-4.7119312980920505,0.3364226665522469,-0.45868804572856775,-4.354037468371963,0.7240181385469157,-0.3516622506092986,0.0,0.0,0.0,0.0,0.0,0.0,0.0,0.0,0.0
8.7833,-1.300000035216002,0.0003753185408245639,1.0,-1.4868416786193848,-0.14046816527843475,1.0434640645980835,0.08927154605412092,0.0771418397862785,-0.03392315542944833,-0.9924359722771757,-0.0005629778112368459,2.999999947175997,0.0,0.05784104764461517,2.958839178085327,0.008479422889649868,-2.0025547938170494,1.0492179966773623,-0.962587788853325,-2.0025547938170494,1.0492179966773623,-0.962587788853325,-2.3221590177076026,0.40147730363456774,-0.36751517832858555,-3.754189811974287,0.6287981888243025,-0.3563423246247235,0.0,0.0,0.0,0.0,0.0,0.0,0.0,0.0,0.0
8.8,-1.3006348699018353,0.05038925031739694,1.0,-1.4850419759750366,-0.08265206962823868,1.044983148574829,0.08159555168066467,0.08063173540864788,-0.033374698489775985,-0.9928378424777272,-0.07558387547609541,2.999047695147247,0.0,-0.01611698791384697,2.9590835571289062,0.004015222191810608,-2.0166012874135886,0.892714507779059,-0.944898192143155,-2.0166012874135886,0.892714507779059,-0.944898192143155,-4.435265718830426,0.014655418930511867,-0.2677182562732342,-3.955255868077691,0.44749201812599376,-0.3301788798164544,0.0,0.0,0.0,0.0,0.0,0.0,0.0,0.0,0.0
8.8166,-1.3025186265385527,0.10034023457502285,1.0,-1.4847712516784668,-0.024556297808885574,1.0465039014816284,0.07411033880362389,0.08375437014317452,-0.03331729448210417,-0.9931681051826585,-0.15051035186253428,2.9962220601921707,0.0,-0.09891791641712189,2.969011068344116,0.0047531952150166035,-1.9728515509722448,0.6651631981474372,-0.958479635115209,-1.9728515509722448,0.6651631981474372,-0.958479635115209,-4.968984513606707,0.595762032850684,0.044286659462098664,-4.254527092714651,0.4912640364854453,-0.2196298083085167,0.0,0.0,0.0,0.0,0.0,0.0,0.0,0.0,0.0
8.8333,-1.3056519613962645,0.15025279004875036,1.0,-1.485205054283142,0.004632704425603151,1.0472486019134521,0.07411033880362389,0.08375437014317452,-0.03331729448210417,-0.9931681051826585,-0.22537918507312554,2.9915220579056028,0.0,-0.13700462877750397,2.9694864749908447,0.003050898900255561,-2.19699878589153,0.6278527460999234,-0.9535646266993307,-2.19699878589153,0.6278527460999234,-0.9535646266993307,-2.284747350505585,0.02851871451250733,-0.10211742505166693,-3.6730121100652746,0.3546531595879143,-0.18493800493254262,0.0,0.0,0.0,0.0,0.0,0.0,0.0,0.0,0.0
8.85,-1.3100291547389604,0.20004008351094135,1.0,-1.487332820892334,0.06311868876218796,1.0487421751022339,0.06748891612023658,0.08752472711219389,-0.03357582325087,-0.9933062625520773,-0.300060125266412,2.984956267891559,0.0,-0.2261359542608261,2.9780492782592773,0.001305870246142149,-2.1087411749605125,0.3838473308299365,-0.9521863378346733,-2.1087411749605125,0.3838473308299365,-0.9521863378346733,-5.350257248762057,0.513996622491914,-0.10474827065950855,-4.168165530941755,0.4016942622454094,-0.1612645297032029,0.0,0.0,0.0,0.0,0.0,0.0,0.0,0.0,0.0
8.8666,-1.3156520886105212,0.2497265836153883,1.0,-1.4911212921142578,0.12147384881973267,1.0501621961593628,0.06145525231275796,0.09189137769394538,-0.03402144188017571,-0.9932883501414602,-0.3745898754230824,2.9765218670842177,0.0,-0.3083280920982361,2.9728734493255615,-0.0016815776471048594,-2.0563623239450655,0.21129606853012015,-0.9430342579171178,-2.0563623239450655,0.21129606853012015,-0.9430342579171178,-4.930263468386654,-0.31047008852595,-0.17920090168381647,-4.393150771359238,0.19145032927762048,-0.16655967454482967,0.0,0.0,0.0,0.0,0.0,0.0,0.0,0.0,0.0
8.8833,-1.3225157424038188,0.29925910338581235,1.0,-1.4936466217041016,0.15070490539073944,1.050843596458435,0.05434638025291791,0.09539143638675227,-0.0348818276456771,-0.9933429724571303,-0.44888865507871856,2.9662263863942715,0.0,-0.3439442813396454,2.9695215225219727,-0.002076420933008194,-2.291853965408814,0.1621698989185632,-0.9457670573617474,-2.291853965408814,0.1621698989185632,-0.9457670573617474,-2.136881687360531,-0.2011071694226698,-0.02368960309889426,-3.727058898690068,0.07556018067167897,-0.12438181813900402,0.0,0.0,0.0,0.0,0.0,0.0,0.0,0.0,0.0
8.9,-1.3306151120401952,0.34860172557740954,1.0,-1.4999431371688843,0.20927287638187408,1.0521104335784912,0.04620636183665655,0.09860576315425756,-0.03576421406610115,-0.9934097330651716,-0.5229025883661143,2.9540773319397067,0.0,-0.43155813217163086,2.970738172531128,-0.009526532143354416,-2.1982226952890715,-0.07284956077182829,-0.9091377872815496,-2.1982226952890715,-0.07284956077182829,-0.9091377872815496,-5.256234534349835,0.07299071703402801,-0.4469559488221075,-4.178499495922161,0.07480162804234229,-0.21961159738170943,0.0,0.0,0.0,0.0,0.0,0.0,0.0,0.0,0.0
8.9167,-1.3399453498188516,0.3977257450847967,1.0,-1.5037071704864502,0.23860028386116028,1.0527002811431885,0.04620636183665655,0.09860576315425756,-0.03576421406610115,-0.9934097330651716,-0.5965886176271951,2.940081975271722,0.0,-0.4724273085594177,2.9633049964904785,-0.01020431611686945,-2.3992321654504174,-0.12111627422652754,-0.9097771715329213,-2.3992321654504174,-0.12111627422652754,-0.9097771715329213,-2.45190739787161,-0.44594633253232635,-0.04066300536746195,-3.6687779507028933,-0.07893268791659189,-0.16678270227712635,0.0,0.0,0.0,0.0,0.0,0.0,0.0,0.0,0.0
8.9333,-1.3505023280280921,0.4466081358149578,1.0,-1.5126252174377441,0.29729732871055603,1.0537651777267456,0.036698946872375945,0.10142233430729737,-0.036375427663206124,-0.993500685964258,-0.6699122037224366,2.9242465079578617,0.0,-0.5625997185707092,2.96120285987854,-0.017452450469136238,-2.279877935937145,-0.3600857563261181,-0.8734054806890708,-2.279877935937145,-0.3600857563261181,-0.8734054806890708,-5.40895699555225,-0.12609584829026216,-0.4347765242659783,-4.182510610953279,-0.09285611488595794,-0.24589937679892504,0.0,0.0,0.0,0.0,0.0,0.0,0.0,0.0,0.0
8.95,-1.362269167549833,0.4951759495088426,1.0,-1.5232723951339722,0.35585811734199524,1.0546536445617676,0.02801027658726796,0.1051994110644762,-0.036367714789928667,-0.9933911463049783,-0.7427639242632639,2.90659624867525,0.0,-0.6501609683036804,2.9494457244873047,-0.02759338729083538,-2.1680621389563206,-0.5523665878843989,-0.8188227294260013,-2.1680621389563206,-0.5523665878843989,-0.8188227294260013,-5.257289892208369,-0.7059135090255808,-0.6088748711653807,-4.4998050991126695,-0.2738418628236259,-0.3530563770389323,0.0,0.0,0.0,0.0,0.0,0.0,0.0,0.0,0.0
8.9667,-1.375258603994797,0.5434800442554836,1.0,-1.5292303562164307,0.3850151300430298,1.0550132989883423,0.020139987464764187,0.10877767586887306,-0.03611921697110839,-0.9932055315841363,-0.8152200663832254,2.8871120940078043,0.0,-0.6873505115509033,2.936069965362549,-0.030284978449344635,-2.3830253253211877,-0.5993232868113911,-0.806306200090189,-2.3830253253211877,-0.5993232868113911,-0.806306200090189,-2.230194303851763,-0.8021217580280804,-0.16141019076520546,-3.829774509425093,-0.42979974355059053,-0.29647892002802706,0.0,0.0,0.0,0.0,0.0,0.0,0.0,0.0,0.0
8.9833,-1.3894481642246195,0.5914318919498037,1.0,-1.542460322380066,0.44320738315582275,1.0555921792984009,0.011391091967312174,0.11131875151244339,-0.03624228576876027,-0.9930584390828333,-0.8871478379247055,2.8658277536630705,0.0,-0.7719858884811401,2.9184412956237793,-0.03878268226981163,-2.277100332422619,-0.7778799879567213,-0.7600679002368178,-2.277100332422619,-0.7778799879567213,-0.7600679002368178,-5.076892823431824,-1.0574640313492176,-0.5097387535396585,-4.1979466299881905,-0.6150977134746372,-0.35943712074809664,0.0,0.0,0.0,0.0,0.0,0.0,0.0,0.0,0.0
9.0,-1.4048218812663151,0.6389834882632351,1.0,-1.5574724674224854,0.501145601272583,1.0560728311538696,0.0017268880923929978,0.11241698774915994,-0.03669110755855281,-0.992982026846483,-0.9584752323948527,2.842767178100527,0.0,-0.8654327392578125,2.8980817794799805,-0.04056471213698387,-2.109057909410584,-0.950714596653057,-0.7536469766584286,-2.109057909410584,-0.950714596653057,-0.7536469766584286,-5.61010677888469,-1.2222890186648345,-0.10698464158937364,-4.614842116771265,-0.794351684736696,-0.2849085346874347,0.0,0.0,0.0,0.0,0.0,0.0,0.0,0.0,0.0
9.0166,-1.4213874912419888,0.6861596329848703,1.0,-1.5656633377075195,0.5300113558769226,1.0562883615493774,-0.007320549338129878,0.11258097586835976,-0.03713103636330946,-0.9929215882657184,-1.0292394494773054,2.8179187631370164,0.0,-0.9139662981033325,2.885765314102173,-0.04211673140525818,-2.244637892517673,-1.0378977164287997,-0.7472891388802463,-2.244637892517673,-1.0378977164287997,-0.7472891388802463,-2.911474870562659,-0.7388512257215596,-0.09310393067593467,-4.111976972309148,-0.7779669348229699,-0.2282843098648506,0.0,0.0,0.0,0.0,0.0,0.0,0.0,0.0,0.0
9.0333,-1.4391290725846557,0.7329115850499002,1.0,-1.5835437774658203,0.5875014066696167,1.0566009283065796,-0.007320549338129878,0.11258097586835976,-0.03713103636330946,-0.9929215882657184,-1.0993673775748503,2.7913063911230163,0.0,-1.0032567977905273,2.8613340854644775,-0.05016843229532242,-2.0866426001345464,-1.2074433578040302,-0.7024285441050733,-2.0866426001345464,-1.2074433578040302,-0.7024285441050733,-5.357205183956056,-1.4658122103335813,-0.48308178248555245,-4.479591100109184,-0.981031432280653,-0.30350518085622574,0.0,0.0,0.0,0.0,0.0,0.0,0.0,0.0,0.0
9.05,-1.4580264110431993,0.7791875881875968,1.0,-1.6032493114471436,0.6445512771606445,1.0567116737365723,-0.02412063613442851,0.11446617806047174,-0.03779240471014247,-0.9924149831466174,-1.1687813822813953,2.7629603834352006,0.0,-1.093894600868225,2.8324077129364014,-0.058555491268634796,-2.2021408674579224,-1.310512675570978,-0.6789737059159346,-2.2021408674579224,-1.310512675570978,-0.6789737059159346,-3.026519866649497,-0.7985863702050335,-0.25736347491093275,-4.05061791340863,-0.9271703153070439,-0.28988330590380185,0.0,0.0,0.0,0.0,0.0,0.0,0.0,0.0,0.0
9.0667,-1.4780932108115088,0.8250185764629082,1.0,-1.6137808561325073,0.6728854775428772,1.0566774606704712,-0.02412063613442851,0.11446617806047174,-0.03779240471014247,-0.9924149831466174,-1.2375278646943624,2.7328601837827367,0.0,-1.1425222158432007,2.8170764446258545,-0.06517595052719116,-2.0314645392953663,-1.460945886873926,-0.6165451896349463,-2.0314645392953663,-1.460945886873926,-0.6165451896349463,-5.327352016013726,-1.856105233056906,-0.6428181745067201,-4.427533156070045,-1.2014088816819317,-0.39407612990036556,0.0,0.0,0.0,0.0,0.0,0.0,0.0,0.0,0.0
9.0833,-1.499269949086128,0.8702708105731947,1.0,-1.6362617015838623,0.729152500629425,1.0564868450164795,-0.03314470577163013,0.11359223418063999,-0.03878584807639272,-0.9922166822243736,-1.3054062158597919,2.7010950763708075,0.0,-1.2287380695343018,2.779208183288574,-0.0700647160410881,-1.8649898644953133,-1.5788682485589183,-0.5881409837634077,-1.8649898644953133,-1.5788682485589183,-0.5881409837634077,-5.17688112008246,-2.273821794651549,-0.29354877097291415,-4.648754371291973,-1.5180047746720347,-0.3643986161510745,0.0,0.0,0.0,0.0,0.0,0.0,0.0,0.0,0.0
9.1,-1.521607419048973,0.915051817122039,1.0,-1.6482115983963013,0.7570634484291077,1.0563383102416992,-0.03314470577163013,0.11359223418063999,-0.03878584807639272,-0.9922166822243736,-1.3725777256830585,2.66758887142654,0.0,-1.2822381258010864,2.765199899673462,-0.07251280546188354,-1.9465848730367996,-1.7096268608384277,-0.5745896763350924,-1.9465848730367996,-1.7096268608384277,-0.5745896763350924,-3.206657806739261,-0.8396210237503215,-0.14673227657263713,-4.223021107442827,-1.3177334922064903,-0.3001395342999455,0.0,0.0,0.0,0.0,0.0,0.0,0.0,0.0,0.0
9.1166,-1.5450181603815962,0.9591865004312787,1.0,-1.673487663269043,0.8124073147773743,1.055957555770874,-0.04623326206271849,0.11436861074034704,-0.03950773929768724,-0.9915752914837348,-1.4387797506469182,2.632472759427605,0.0,-1.3696156740188599,2.7256851196289062,-0.07848755270242691,-1.7553915373572644,-1.8361394824861599,-0.5387011497073058,-1.7553915373572644,-1.8361394824861599,-0.5387011497073058,-5.246936204329401,-2.3728238460657427,-0.35877772090825794,-4.525299558703919,-1.6292154491332598,-0.3174505987491526,0.0,0.0,0.0,0.0,0.0,0.0,0.0,0.0,0.0
9.1333,-1.5695487250567526,1.0027653688910931,1.0,-1.7005159854888916,0.8670644760131836,1.0555150508880615,-0.05418945699919958,0.11300097975048295,-0.03996541192566713,-0.9913108200093289,-1.5041480533366398,2.595676912414871,0.0,-1.452354907989502,2.691028118133545,-0.07340728491544724,-1.5813003560367527,-2.0001545352849845,-0.5688209437197269,-1.5813003560367527,-2.0001545352849845,-0.5688209437197269,-4.963790711312631,-2.0791841288458515,0.3047814784088796,-4.654750161498319,-1.762054427709809,-0.13375631669371546,0.0,0.0,0.0,0.0,0.0,0.0,0.0,0.0,0.0
9.15,-1.5951398802140122,1.045682538805783,1.0,-1.7147064208984375,0.8941466212272644,1.055315375328064,-0.05418945699919958,0.11300097975048295,-0.03996541192566713,-0.9913108200093289,-1.5685238082086745,2.5572901796789815,0.0,-1.498488187789917,2.665804862976074,-0.07303697615861893,-1.6881876427366749,-2.094000481081482,-0.5718866799609668,-1.6881876427366749,-2.094000481081482,-0.5718866799609668,-2.770377263941585,-1.5146968286921039,0.022237633330947096,-4.098448840418251,-1.689029943388706,-0.08770405145909241,0.0,0.0,0.0,0.0,0.0,0.0,0.0,0.0,0.0
9.1666,-1.6218201066626041,1.0879854068865478,1.0,-1.7444865703582764,0.9477871656417847,1.0548845529556274,-0.06308871664707029,0.10830735391798395,-0.04032425019388885,-0.9912937926825306,-1.6319781103298217,2.5172698400060938,0.0,-1.5847094058990479,2.6268537044525146,-0.07580815255641937,-1.4740105595226027,-2.2499475977969694,-0.5549359090505686,-1.4740105595226027,-2.2499475977969694,-0.5549359090505686,-5.170689162138976,-2.335902201887332,-0.16618753574492423,-4.414993781317136,-1.879998457338052,-0.11087381050613923,0.0,0.0,0.0,0.0,0.0,0.0,0.0,0.0,0.0
9.1833,-1.649543709452254,1.129599058512079,1.0,-1.7760223150253296,1.000683069229126,1.054273247718811,-0.06971006820765073,0.10390467568328972,-0.04025083038378287,-0.9913244755882465,-1.6943985877681185,2.4756844358216186,0.0,-1.6682336330413818,2.584205389022827,-0.08566491305828094,-1.2638410899563268,-2.3914633241040715,-0.49454808166431796,-1.2638410899563268,-2.3914633241040715,-0.49454808166431796,-5.0110283074194335,-2.5586817525139107,-0.5913554376278412,-4.5909540674738505,-2.0803581707423553,-0.2527207688598033,0.0,0.0,0.0,0.0,0.0,0.0,0.0,0.0,0.0
9.2,-1.678306085123676,1.1705164870488167,1.0,-1.8091905117034912,1.0527479648590088,1.0535835027694702,-0.07617924725459357,0.09964304319422623,-0.04021525844363966,-0.991287470655254,-1.7557747305732252,2.432540872314486,0.0,-1.7469936609268188,2.5400052070617676,-0.08119301497936249,-1.0706111128133815,-2.5309616261893155,-0.5197175247624681,-1.0706111128133815,-2.5309616261893155,-0.5197175247624681,-4.723849222805336,-2.6510274413350303,0.26821438274870946,-4.630187146325655,-2.2488301698578836,-0.09893119068628473,0.0,0.0,0.0,0.0,0.0,0.0,0.0,0.0,0.0
9.2167,-1.7080731062404129,1.21068937590323,1.0,-1.8263858556747437,1.0784752368927002,1.0532604455947876,-0.0845143410420986,0.0956789042353769,-0.03957007448663489,-0.991028351830609,-1.8160340638548451,2.3878903406393803,0.0,-1.7787851095199585,2.5164597034454346,-0.07962623983621597,-1.2353288498027426,-2.673548828255678,-0.5292784902069183,-1.2353288498027426,-2.673548828255678,-0.5292784902069183,-1.9072159050275335,-1.412529500107273,0.09399315239934206,-3.8263162666493193,-2.0019389266195464,-0.04197639842293061,0.0,0.0,0.0,0.0,0.0,0.0,0.0,0.0,0.0
9.2333,-1.7388256679312246,1.2500938784305815,1.0,-1.861806035041809,1.1291447877883911,1.0526000261306763,-0.09288012967143874,0.0908134956685635,-0.03856103678643554,-0.9907771144666355,-1.8751408176458724,2.3417614981031627,0.0,-1.8417878150939941,2.4601380825042725,-0.07850895076990128,-1.1173729663919687,-2.7553625503581127,-0.5344327324487335,-1.1173729663919687,-2.7553625503581127,-0.5344327324487335,-3.7817347873375695,-3.3807029595283073,0.06706522983570896,-3.813154999116239,-2.408975269563835,-0.009785316747082783,0.0,0.0,0.0,0.0,0.0,0.0,0.0,0.0,0.0
9.25,-1.7705639530413535,1.2887301417533112,1.0,-1.8800218105316162,1.1541045904159546,1.0522434711456299,-0.09288012967143874,0.0908134956685635,-0.03856103678643554,-0.9907771144666355,-1.9330952126299668,2.2941540704379695,0.0,-1.8832794427871704,2.439676523208618,-0.08190152049064636,-1.2105267069530314,-2.9345433246237493,-0.5140359616648151,-1.2105267069530314,-2.9345433246237493,-0.5140359616648151,-2.4895356488899063,-1.2277122911421379,-0.2035572892824445,-3.422398374409541,-2.0602448477396798,-0.06699034471658895,0.0,0.0,0.0,0.0,0.0,0.0,0.0,0.0,0.0
9.2667,-1.8032866313648843,1.3265930393865801,1.0,-1.9174118041992188,1.2031941413879395,1.051437497138977,-0.10025932099859748,0.08261667655371768,-0.03800579420415302,-0.9907967548980416,-1.9898895590798702,2.2450700529526735,0.0,-1.9467426538467407,2.393202781677246,-0.0924859493970871,-1.0716465191340607,-3.0894706196269794,-0.44821618461706514,-1.0716465191340607,-3.0894706196269794,-0.44821618461706514,-3.803171881697385,-2.785040720102872,-0.6342950778682669,-3.534809673368027,-2.274217836754655,-0.23446907088403113,0.0,0.0,0.0,0.0,0.0,0.0,0.0,0.0,0.0
9.2833,-1.8368708050418119,1.3635442636236657,1.0,-1.956146478652954,1.2514358758926392,1.0502954721450806,-0.10748012323428131,0.07350887561650411,-0.0365701461033265,-0.990811379854475,-2.0453163954354983,2.194693792437282,0.0,-2.0001211166381836,2.341465711593628,-0.1099763959646225,-0.9806350395558547,-3.2190330101729505,-0.3392372802619388,-0.9806350395558547,-3.2190330101729505,-0.3392372802619388,-3.207712476359677,-3.1090750186257092,-1.0510666800389707,-3.4382446022755344,-2.5206829359875242,-0.47554361051083593,0.0,0.0,0.0,0.0,0.0,0.0,0.0,0.0,0.0
9.3,-1.8714120303977733,1.3996915421291178,1.0,-1.9960248470306396,1.2986050844192505,1.0487703084945679,-0.1126306274900835,0.07085643614536687,-0.03519712821938705,-0.9904821708207563,-2.099537313193677,2.14288195440334,0.0,-2.052677869796753,2.282331943511963,-0.12735386192798615,-0.8841395875673979,-3.3098576116385683,-0.22897241139513191,-0.8841395875673979,-3.3098576116385683,-0.22897241139513191,-3.153272872918693,-3.547877210047491,-1.0426042083881673,-3.354115739184141,-2.8239294602855294,-0.6429502634830961,0.0,0.0,0.0,0.0,0.0,0.0,0.0,0.0,0.0
9.3166,-1.9068634722754823,1.4349810504392295,1.0,-2.0163049697875977,1.321746587753296,1.0479038953781128,-0.12532110416280842,0.06811339543791038,-0.03357645545359766,-0.9892056692199068,-2.1524715756588444,2.0897047915867764,0.0,-2.0730438232421875,2.2494630813598633,-0.1296251118183136,-1.0738154087804466,-3.44848065429023,-0.21261039525846392,-1.0738154087804466,-3.44848065429023,-0.21261039525846392,-1.2213817953044124,-1.971203065572364,-0.136210822442735,-2.7244936977978895,-2.5721890428162237,-0.4933515185321167,0.0,0.0,0.0,0.0,0.0,0.0,0.0,0.0,0.0
9.3333,-1.9431800688796268,1.4693670999836992,1.0,-2.057690143585205,1.3671265840530396,1.0461549758911133,-0.13248180630960474,0.06459443388354638,-0.03405048105879968,-0.988492165221466,-2.2040506499755486,2.0352298966805593,0.0,-2.121934413909912,2.1844117641448975,-0.13001343607902527,-0.9809822007040696,-3.5156561174508494,-0.2030746581060452,-0.9809822007040696,-3.5156561174508494,-0.2030746581060452,-2.9328508702927674,-3.9023012342853876,-0.023294812568829645,-2.7860045433771776,-2.964862472931041,-0.3545821874464425,0.0,0.0,0.0,0.0,0.0,0.0,0.0,0.0,0.0
9.35,-1.9803343683371117,1.5028248802198447,1.0,-2.078737735748291,1.3893024921417236,1.0452266931533813,-0.13248180630960474,0.06459443388354638,-0.03405048105879968,-0.988492165221466,-2.254237320329767,1.9794984474943322,0.0,-2.1478426456451416,2.1470401287078857,-0.13376665115356445,-1.1219489059393064,-3.6427933360847846,-0.177421724628557,-1.1219489059393064,-3.6427933360847846,-0.177421724628557,-1.5542730458413787,-2.2419795465922907,-0.2251609096760352,-2.4223748922696187,-2.7514542205464494,-0.31637466074464204,0.0,0.0,0.0,0.0,0.0,0.0,0.0,0.0,0.0
9.3666,-2.01829804006376,1.5353306112676843,1.0,-2.1217315196990967,1.4326883554458618,1.0432641506195068,-0.139481715595154,0.058518910352962326,-0.035616489362070444,-0.9878522074736765,-2.3029959169015264,1.9225529399043597,0.0,-2.2063214778900146,2.08211612701416,-0.14002370834350586,-0.9513356428278674,-3.7207510814828835,-0.13150808374977707,-0.9513356428278674,-3.7207510814828835,-0.13150808374977707,-3.5104909116931444,-3.89739516244454,-0.3756118505796479,-2.743606629299241,-3.08975693158852,-0.33386256189468094,0.0,0.0,0.0,0.0,0.0,0.0,0.0,0.0,0.0
9.3833,-2.0570592889476167,1.5668753584151474,1.0,-2.1658291816711426,1.4746659994125366,1.0410736799240112,-0.145608963845573,0.05627300752876002,-0.03626782675895781,-0.9870745138249535,-2.350313037622721,1.8644110665785747,0.0,-2.2562482357025146,2.0030722618103027,-0.15186823904514313,-0.8199710745461106,-3.7169432876315858,-0.05085694275900998,-0.8199710745461106,-3.7169432876315858,-0.05085694275900998,-2.9971947100246177,-4.745147993358906,-0.7110488707276579,-2.8184704656983945,-3.578458629517327,-0.44521485430408825,0.0,0.0,0.0,0.0,0.0,0.0,0.0,0.0,0.0
9.4,-2.096648588643202,1.5974809484890902,1.0,-2.1883089542388916,1.4951077699661255,1.0398894548416138,-0.15347441398303213,0.05627247542479758,-0.036113737880802084,-0.9858879114519777,-2.3962214227336354,1.8050271170351966,0.0,-2.2833786010742188,1.9675869941711426,-0.1554950624704361,-0.9275817906692083,-3.876671030200552,-0.024505779393036775,-0.9275817906692083,-3.876671030200552,-0.024505779393036775,-1.6262880336139258,-2.127109802632519,-0.2174043532320533,-2.4665164215721203,-3.1499939287190517,-0.3779610305696224,0.0,0.0,0.0,0.0,0.0,0.0,0.0,0.0,0.0
9.4167,-2.136956859434484,1.6270619696813953,1.0,-2.2340087890625,1.5348423719406128,1.0373643636703491,-0.16086666037883518,0.05500385001626361,-0.03526624905094493,-0.9848110594725245,-2.440592954522093,1.7445647108482736,0.0,-2.334117889404297,1.8901275396347046,-0.16315670311450958,-0.7701064301935014,-3.890477081788363,0.032844149626798824,-0.7701064301935014,-3.890477081788363,0.032844149626798824,-3.04462152534371,-4.647970643356843,-0.4597383367430149,-2.637183614550883,-3.592224034225594,-0.4021031860408739,0.0,0.0,0.0,0.0,0.0,0.0,0.0,0.0,0.0
9.4333,-2.177958814883041,1.6556036901690363,1.0,-2.2806994915008545,1.5730183124542236,1.0347275733947754,-0.16503038442171886,0.05100687997951329,-0.033413726471497165,-0.9844018135734837,-2.4834055352535547,1.6830617776754384,0.0,-2.3848111629486084,1.813865303993225,-0.16525313258171082,-0.6004133388339095,-3.9129360570172533,0.05745013637404561,-0.6004133388339095,-3.9129360570172533,0.05745013637404561,-3.0443429455055697,-4.579865983219267,-0.12589935139314454,-2.7573844909240526,-3.8837939892444,-0.3205627657232513,0.0,0.0,0.0,0.0,0.0,0.0,0.0,0.0,0.0
9.45,-2.2197156411795995,1.6831475586198605,1.0,-2.3044495582580566,1.5914850234985352,1.0333940982818604,-0.16503038442171886,0.05100687997951329,-0.033413726471497165,-0.9844018135734837,-2.524721337929791,1.6204265382306005,0.0,-2.4088618755340576,1.7766845226287842,-0.16625598073005676,-0.6986719206330343,-4.080722293835979,0.0690209398038224,-0.6986719206330343,-4.080722293835979,0.0690209398038224,-1.4423632360090366,-2.2297963910892507,-0.06014255483428179,-2.369166181105379,-3.3955036672439123,-0.24368195962519934,0.0,0.0,0.0,0.0,0.0,0.0,0.0,0.0,0.0
9.4667,-2.262142762892303,1.7096351527104192,1.0,-2.3526406288146973,1.6272716522216797,1.0306342840194702,-0.16807788079192787,0.046857222447320136,-0.03125960104410538,-0.984163178117215,-2.564452729065629,1.5567858556615448,0.0,-2.4551873207092285,1.6962956190109253,-0.16875576972961426,-0.5333177768237789,-4.084951816416226,0.09679709202153397,-0.5333177768237789,-4.084951816416226,0.09679709202153397,-2.7781384043465827,-4.820925078638833,-0.14991242493565915,-2.4899022564167597,-3.8163141210999196,-0.21599947910741535,0.0,0.0,0.0,0.0,0.0,0.0,0.0,0.0,0.0
9.4833,-2.3051854673468526,1.7350343067565264,1.0,-2.4018073081970215,1.6614646911621094,1.0277851819992065,-0.17301994122297434,0.0431839085969971,-0.029350643834501432,-0.9835333777599168,-2.6025514601347894,1.492221798979721,0.0,-2.4978291988372803,1.6122443675994873,-0.17386619746685028,-0.37698340164232835,-4.06792064147642,0.14077947366048882,-0.37698340164232835,-4.06792064147642,0.14077947366048882,-2.5598334025104124,-5.045678340895104,-0.3067839456697534,-2.51054720891368,-4.17924490855041,-0.242800712954315,0.0,0.0,0.0,0.0,0.0,0.0,0.0,0.0,0.0
9.5,-2.348909155451489,1.7593823363373864,1.0,-2.426759958267212,1.6779961585998535,1.0263497829437256,-0.17777626049263331,0.03887617930946384,-0.027877864360136746,-0.98290749705953,-2.6390735045060794,1.4266362668227666,0.0,-2.5206918716430664,1.5775740146636963,-0.17020414769649506,-0.4531174888209133,-4.267753946516629,0.12510481476171442,-0.4531174888209133,-4.267753946516629,0.12510481476171442,-1.3701544572563475,-2.0777858745195537,0.21946575792647205,-2.17388242503801,-3.558855792180298,-0.1063312016514121,0.0,0.0,0.0,0.0,0.0,0.0,0.0,0.0,0.0
9.5167,-2.3931614273826947,1.7825946828186738,1.0,-2.477280378341675,1.7098356485366821,1.0235202312469482,-0.1809580419905541,0.03441439802226719,-0.02603617352075623,-0.9825436433163354,-2.6738920242280106,1.3602578589259582,0.0,-2.555952787399292,1.4846150875091553,-0.16827814280986786,-0.31815372148417653,-4.202422493729905,0.12691306408534508,-0.31815372148417653,-4.202422493729905,0.12691306408534508,-2.1170803630221307,-5.581293481061582,0.1156381516791205,-2.1571134181283496,-4.155916363145607,-0.040801791492112195,0.0,0.0,0.0,0.0,0.0,0.0,0.0,0.0,0.0
9.5334,-2.438136648287163,1.8047691162512491,1.0,-2.5286803245544434,1.7399067878723145,1.0206691026687622,-0.18428847542317284,0.02920122271981832,-0.024607521796782404,-0.982130140585595,-2.707153674376874,1.292795027569255,0.0,-2.596092939376831,1.400556206703186,-0.16898545622825623,-0.14205143805737475,-4.191138055656313,0.14472163703966778,-0.14205143805737475,-4.191138055656313,0.14472163703966778,-2.4015062904744244,-5.029077397084415,-0.04231716971443243,-2.229262660948045,-4.413689459609479,-0.04124915884074354,0.0,0.0,0.0,0.0,0.0,0.0,0.0,0.0,0.0
9.55,-2.483367666319525,1.8256811418173715,1.0,-2.554638147354126,1.7542805671691895,1.0192112922668457,-0.18428847542317284,0.02920122271981832,-0.024607521796782404,-0.982130140585595,-2.7385217127260573,1.2249485005207121,0.0,-2.61138653755188,1.3515247106552124,-0.17055873572826385,-0.23191057057346676,-4.317203213061226,0.16081222545166618,-0.23191057057346676,-4.317203213061226,0.16081222545166618,-0.9208308809807496,-2.9521970686610874,-0.09472750175851624,-1.8429896845734013,-3.9822301933001265,-0.05703694312319825,0.0,0.0,0.0,0.0,0.0,0.0,0.0,0.0,0.0
9.5666,-2.529265361038397,1.845526514657735,1.0,-2.607150077819824,1.781612753868103,1.0162612199783325,-0.18849932491104773,0.02499201695903534,-0.023682356325119794,-0.9814696573225808,-2.768289771986603,1.1561019584424044,0.0,-2.6472644805908203,1.2568186521530151,-0.17026390135288239,-0.05761190156980822,-4.2430668005591965,0.17325141642966635,-0.05761190156980822,-4.2430668005591965,0.17325141642966635,-2.152186038529197,-5.681068634601908,0.01768603137826976,-1.934270099613212,-4.483758351778287,-0.03497735529740415,0.0,0.0,0.0,0.0,0.0,0.0,0.0,0.0,0.0
9.5833,-2.575642849059863,1.8642174545588528,1.0,-2.6336746215820312,1.7946265935897827,1.0147901773452759,-0.1921277470993506,0.02209147084451561,-0.023632032987997813,-0.9808366116579471,-2.796326181838279,1.0865357264102051,0.0,-2.6612260341644287,1.2134997844696045,-0.16879352927207947,-0.13600917569234117,-4.413060204180289,0.17129137051127152,-0.13600917569234117,-4.413060204180289,0.17129137051127152,-0.8376580648852778,-2.5990230016593237,0.08821862304743378,-1.6105301835793773,-3.927350028077104,0.0013923492307418642,0.0,0.0,0.0,0.0,0.0,0.0,0.0,0.0,0.0
9.6,-2.622476465436549,1.8817443663028857,1.0,-2.6871421337127686,1.8191865682601929,1.0117666721343994,-0.1941880325685329,0.017811879846719423,-0.02477922805761583,-0.980489616654157,-2.8226165494543283,1.0162853018451763,0.0,-2.6902287006378174,1.1125109195709229,-0.17658108472824097,0.019887739859547615,-4.302187560622223,0.23274191749961126,0.019887739859547615,-4.302187560622223,0.23274191749961126,-1.7397634473191173,-6.057951116259779,-0.46714685144663265,-1.6486822051028887,-4.556342411478207,-0.136928986558251,0.0,0.0,0.0,0.0,0.0,0.0,0.0,0.0,0.0
9.6166,-2.669726165383833,1.8980924354198963,1.0,-2.7414097785949707,1.841949462890625,1.008638620376587,-0.1966687539250356,0.013426584552857933,-0.02552615450692592,-0.9800457260456402,-2.8471386531298446,0.9454107519242503,0.0,-2.7262701988220215,1.025281310081482,-0.177032008767128,0.23160029676159954,-4.271978837902701,0.2507997873801333,0.23160029676159954,-4.271978837902701,0.2507997873801333,-2.162646638054363,-5.2341559370529325,-0.027057403433476394,-1.8004138997211854,-4.756445352998997,-0.1044928870363779,0.0,0.0,0.0,0.0,0.0,0.0,0.0,0.0,0.0
9.6333,-2.7173499112139994,1.9132482520670615,1.0,-2.7688205242156982,1.8526462316513062,1.0070658922195435,-0.1966687539250356,0.013426584552857933,-0.02552615450692592,-0.9800457260456402,-2.869872378100592,0.8739751331790004,0.0,-2.746765613555908,0.9788627624511719,-0.1752026230096817,0.22511627563877634,-4.432877085608355,0.2474517020294389,0.22511627563877634,-4.432877085608355,0.2474517020294389,-1.2303420638328324,-2.786510662659224,0.10981823386288822,-1.632118274250016,-4.174884626829364,-0.041224327064519985,0.0,0.0,0.0,0.0,0.0,0.0,0.0,0.0,0.0
9.65,-2.7653629825578823,1.92721645374374,1.0,-2.824249505996704,1.8727045059204102,1.0040671825408936,-0.1989374660968164,0.010796484228520477,-0.025188768984596183,-0.9796289358607161,-2.89082468061561,0.8019555261631761,0.0,-2.7745063304901123,0.8863326907157898,-0.16256800293922424,0.411937264262072,-4.370784491451756,0.18650194380218643,0.411937264262072,-4.370784491451756,0.18650194380218643,-1.6642779494221307,-5.55125371896098,0.7580020239729947,-1.64161239816092,-4.581213939482588,0.19472189966196865,0.0,0.0,0.0,0.0,0.0,0.0,0.0,0.0,0.0
9.6666,-2.8137116384958367,1.9399803167727234,1.0,-2.880302667617798,1.8909553289413452,1.0012985467910767,-0.19963038135975975,0.007526183812014686,-0.023827594365088287,-0.9795526500649112,-2.909970475159085,0.7294325422562449,0.0,-2.80558180809021,0.7959315776824951,-0.14998982846736908,0.6319323909467556,-4.318851997544107,0.12483278405723475,0.6319323909467556,-4.318851997544107,0.12483278405723475,-1.8642370845014016,-5.423218576577607,0.7545724512271869,-1.7073352746026393,-4.829789098135548,0.36000001518090546,0.0,0.0,0.0,0.0,0.0,0.0,0.0,0.0,0.0
9.6833,-2.8623545156041983,1.9515292541973241,1.0,-2.908565044403076,1.8994114398956299,0.9999628067016602,-0.19945486080913613,0.002511067087430627,-0.022579331152741185,-0.9796436451108463,-2.927293881295986,0.6564682265937026,0.0,-2.8256754875183105,0.7516441941261292,-0.14841774106025696,0.6568680781607963,-4.500566049457662,0.1220801996774572,0.6568680781607963,-4.500566049457662,0.1220801996774572,-1.2057771546297356,-2.657587701728282,0.0943374799702415,-1.5592661503326322,-4.188515543394799,0.2815715791262403,0.0,0.0,0.0,0.0,0.0,0.0,0.0,0.0,0.0
9.7,-2.911296827051788,1.9618638697269473,1.0,-2.965561866760254,1.9149845838546753,0.9973512291908264,-0.2016622282429093,-0.006239092815476722,-0.02031482312909938,-0.9792245789961025,-2.942795804590421,0.5830547594223177,0.0,-2.849144220352173,0.6585987210273743,-0.14359821379184723,0.8559666634934615,-4.4314377396897395,0.10630927020766201,0.8559666634934615,-4.4314377396897395,0.10630927020766201,-1.4072596786184022,-5.5793017670269345,0.2889941456510551,-1.514391061576586,-4.59910105677683,0.2837628564307022,0.0,0.0,0.0,0.0,0.0,0.0,0.0,0.0,0.0
9.7166,-2.960451977758865,1.970966042475652,1.0,-3.0232725143432617,1.9289854764938354,0.994888424873352,-0.20280608317478285,-0.012630694002290183,-0.01837712176881102,-0.9789649965561239,-2.956449063713478,0.5093220333617021,0.0,-2.873708963394165,0.5781840085983276,-0.13237592577934265,1.0758590735343008,-4.4356196842283175,0.05145993720812392,1.0758590735343008,-4.4356196842283175,0.05145993720812392,-1.4739914163090129,-4.825232474964235,0.673386087267525,-1.5024643478870305,-4.66585918455423,0.3987867555321183,0.0,0.0,0.0,0.0,0.0,0.0,0.0,0.0,0.0
9.7333,-3.00980936013005,1.9788353626645823,1.0,-3.0523273944854736,1.9353829622268677,0.9936740398406982,-0.20280608317478285,-0.012630694002290183,-0.01837712176881102,-0.9789649965561239,-2.9682530439968735,0.4352859598049251,0.0,-2.8843812942504883,0.5325142741203308,-0.13410639762878418,1.0793190748683377,-4.615440652738662,0.06812545906264411,1.0793190748683377,-4.615440652738662,0.06812545906264411,-0.6406428898557363,-2.74148085069842,-0.10387744733226471,-1.2480389014907316,-4.097747527477281,0.2503910953760602,0.0,0.0,0.0,0.0,0.0,0.0,0.0,0.0,0.0
9.75,-3.0593763745551588,1.9854723042333733,1.0,-3.1108832359313965,1.946894645690918,0.9911554455757141,-0.20283748257692347,-0.017981700036081794,-0.01718445024964971,-0.9788964657804452,-2.97820845635006,0.3609354381672615,0.0,-2.9008920192718506,0.4448738694190979,-0.14144489169120789,1.2759795117919666,-4.574365074838703,0.12504428044035087,1.2759795117919666,-4.574365074838703,0.12504428044035087,-0.9904177571831067,-5.257226012213784,-0.44020930764720184,-1.1719844310075742,-4.440046768598378,0.046513233919659586,0.0,0.0,0.0,0.0,0.0,0.0,0.0,0.0,0.0
9.7666,-3.109067491560162,1.99086533377345,1.0,-3.1698269844055176,1.95671808719635,0.9884798526763916,-0.20476004268188427,-0.02524053585127967,-0.015661937494042166,-0.9783613693917509,-2.986298000660175,0.28639876265975694,0.0,-2.920989990234375,0.35812535881996155,-0.14096927642822266,1.507110725727308,-4.534811418043388,0.13595249198481163,1.507110725727308,-4.534811418043388,0.13595249198481163,-1.20608644642525,-5.205809236976521,0.028541842530725538,-1.1820519692601905,-4.666113845526006,0.041207750708627595,0.0,0.0,0.0,0.0,0.0,0.0,0.0,0.0,0.0
9.7833,-3.1589313703697397,1.9950187071138556,1.0,-3.199458360671997,1.960970401763916,0.9871308207511902,-0.20735446569895724,-0.034730183284734914,-0.013964051701780842,-0.9775494946488855,-2.9925280606707836,0.21160294444539027,0.0,-2.92403507232666,0.31328296661376953,-0.14330177009105682,1.499707927837911,-4.723803958084061,0.1571218435534707,1.499707927837911,-4.723803958084061,0.1571218435534707,-0.1825953936551961,-2.688930547414471,-0.13986571975924628,-0.8869941205232851,-4.0824131978553515,-0.012248447353039819,0.0,0.0,0.0,0.0,0.0,0.0,0.0,0.0,0.0
9.8,-3.2088249560089266,1.9979206969630265,1.0,-3.2588634490966797,1.9681123495101929,0.984416127204895,-0.2086209837650657,-0.04047985109023502,-0.01317518913820243,-0.9770696527785889,-2.99688104544454,0.1367625659866101,0.0,-2.927971124649048,0.21225854754447937,-0.1396128386259079,1.657857959350973,-4.593932431597174,0.14908091691025227,1.657857959350973,-4.593932431597174,0.14908091691025227,-0.2362850477321845,-6.064594097525369,0.2214501424093661,-0.6948929088672324,-4.667589228849986,0.05674364778266357,0.0,0.0,0.0,0.0,0.0,0.0,0.0,0.0,0.0
9.8166,-3.258801219448465,1.999575620095691,1.0,-3.3185670375823975,1.97330904006958,0.981762170791626,-0.21079464952509835,-0.04889863666508152,-0.012559550122003766,-0.9762258307245524,-2.9993634301435366,0.061798170827302816,0.0,-2.9366283416748047,0.11622998118400574,-0.13608670234680176,1.8569864525409978,-4.488541961244284,0.14180192141664527,1.8569864525409978,-4.488541961244284,0.14180192141664527,-0.5193369375554221,-5.760648187877227,0.21152904116250465,-0.643065577402806,-4.990280211995454,0.10243912500627986,0.0,0.0,0.0,0.0,0.0,0.0,0.0,0.0,0.0
9.8333,-3.308803951141027,1.999980622517205,1.0,-3.348485231399536,1.975201964378357,0.9804252982139587,-0.21079464952509835,-0.04889863666508152,-0.012559550122003766,-0.9762258307245524,-2.9999709337758076,-0.013205926711540583,0.0,-2.9345462322235107,0.0634944960474968,-0.13976025581359863,1.8535936512362947,-4.630091481947362,0.1711801598806506,1.8535936512362947,-4.630091481947362,0.1711801598806506,0.1249141778235496,-3.163815314252203,-0.2203913491246138,-0.41634391687101313,-4.451074390876734,0.007133668492456405,0.0,0.0,0.0,0.0,0.0,0.0,0.0,0.0,0.0
9.85,-3.3587797310022967,1.9991360492030796,1.0,-3.408371925354004,1.977419137954712,0.9776442050933838,-0.21271274733247306,-0.05854055539385056,-0.0115552750156862,-0.9752911822119747,-2.9987040738046193,-0.08816959650344544,0.0,-2.937488555908203,-0.03558589518070221,-0.14069509506225586,2.0416750212223933,-4.49843779980333,0.19143954428621335,2.0416750212223933,-4.49843779980333,0.19143954428621335,-0.17661285706107963,-5.947296371429389,-0.05611368710286794,-0.34557092631850195,-4.892786466809103,-0.011538106886036818,0.0,0.0,0.0,0.0,0.0,0.0,0.0,0.0,0.0
9.8666,-3.4087387961761757,1.99704178078631,1.0,-3.468363046646118,1.977798581123352,0.9748881459236145,-0.21333800636684433,-0.06359298261607887,-0.011054444014831282,-0.9748439620024257,-2.995562671179465,-0.16310819426426373,0.0,-2.931922674179077,-0.1323746293783188,-0.1435723453760147,2.1906902451929753,-4.374672655840166,0.22332055868732148,2.1906902451929753,-4.374672655840166,0.22332055868732148,0.3338911296089705,-5.806249821219143,-0.17260308504247834,-0.14498130850648308,-5.16245754490379,-0.05908743231113519,0.0,0.0,0.0,0.0,0.0,0.0,0.0,0.0,0.0
9.8833,-3.4586085015248242,1.9937009161968227,1.0,-3.4983105659484863,1.9772261381149292,0.9734381437301636,-0.21206588803824,-0.07041223733802025,-0.010383676920780363,-0.9746601595960697,-2.990551374295234,-0.23791275228723646,0.0,-2.9306442737579346,-0.18226143717765808,-0.14578847587108612,2.226344890451692,-4.530229881792258,0.2447522910251383,2.226344890451692,-4.530229881792258,0.2447522910251383,0.07674362020352374,-2.994753574546652,-0.13303646824772072,-0.0795240569626458,-4.522511712534973,-0.08091853932687457,0.0,0.0,0.0,0.0,0.0,0.0,0.0,0.0,0.0
9.9,-3.508438904352319,1.9891086504141509,1.0,-3.558265209197998,1.9748042821884155,0.9705459475517273,-0.21085194289729284,-0.07728789507998132,-0.009645727750203111,-0.9744101023438545,-2.9836629756212263,-0.31265835652847923,0.0,-2.9228923320770264,-0.27122482657432556,-0.14552909135818481,2.3847345932271566,-4.445203953616865,0.25863984710044186,2.3847345932271566,-4.445203953616865,0.25863984710044186,0.46460518419022034,-5.3319353548055215,0.015545961818753394,0.08111284037551532,-4.761468366014961,-0.05244045545386722,0.0,0.0,0.0,0.0,0.0,0.0,0.0,0.0,0.0
9.9166,-3.5580728536608146,1.9832797085139966,1.0,-3.618129253387451,1.9705767631530762,0.9676230549812317,-0.20965167967704354,-0.08470197354331302,-0.008565588316565953,-0.9740628123121248,-2.974919562770995,-0.3871092804912224,0.0,-2.921233892440796,-0.3549838066101074,-0.1404341459274292,2.59107167347704,-4.38403601478936,0.24376326573708873,2.59107167347704,-4.38403601478936,0.24376326573708873,0.09956201872155268,-5.028348910772049,0.3058676609509633,0.08655937502905958,-4.840256380749962,0.05333864950363054,0.0,0.0,0.0,0.0,0.0,0.0,0.0,0.0,0.0
9.9333,-3.6075562696025454,1.9762108037929977,1.0,-3.6480231285095215,1.9678590297698975,0.9661957025527954,-0.20965167967704354,-0.08470197354331302,-0.008565588316565953,-0.9740628123121248,-2.9643162056894967,-0.461334404403818,0.0,-2.911306381225586,-0.40291011333465576,-0.13843530416488647,2.609190926601281,-4.5475405946551986,0.24003336704653755,2.609190926601281,-4.5475405946551986,0.24003336704653755,0.5958728659540062,-2.8766510682751614,0.11997524291990441,0.2369180265532962,-4.260564202611594,0.07301098983383444,0.0,0.0,0.0,0.0,0.0,0.0,0.0,0.0,0.0
9.95,-3.656870796889674,1.9679032583761147,1.0,-3.707703113555908,1.9610092639923096,0.9633932113647461,-0.20763479492511533,-0.09168472642734028,-0.006680823398007281,-0.9738774083255254,-2.951854887564172,-0.5353061953345108,0.0,-2.903099536895752,-0.4916518032550812,-0.13373036682605743,2.798350336856168,-4.4474031693314675,0.22703698265321925,2.798350336856168,-4.4474031693314675,0.22703698265321925,0.49218582438480346,-5.322070220341164,0.2821673434662625,0.312277746143294,-4.573940180775503,0.13475776829200128,0.0,0.0,0.0,0.0,0.0,0.0,0.0,0.0,0.0
9.9666,-3.7059488892867485,1.9583680704318214,1.0,-3.73742938041687,1.9569101333618164,0.9620147943496704,-0.20726199024496827,-0.09822645995690561,-0.004338723026256894,-0.9733320281057943,-2.937552105647732,-0.6089233339301232,0.0,-2.8917179107666016,-0.5372273325920105,-0.13086320459842682,2.8300684360781516,-4.621354643821106,0.21799204932388427,2.8300684360781516,-4.621354643821106,0.21799204932388427,0.683015466498791,-2.7350038630478015,0.17205943370580745,0.4217262973697459,-4.031052568530361,0.14576990170524057,0.0,0.0,0.0,0.0,0.0,0.0,0.0,0.0,0.0
9.9833,-3.7547712167998037,1.9476095964978264,1.0,-3.7967536449432373,1.9474329948425293,0.959339439868927,-0.2063104777246303,-0.10498443842946821,-0.002293462908568765,-0.9728355803771845,-2.9214143947467397,-0.6821568251997057,0.0,-2.879329204559326,-0.6234728097915649,-0.12620554864406586,3.0156220025953004,-4.525479895984156,0.20477806221704675,3.0156220025953004,-4.525479895984156,0.20477806221704675,0.7434187936362596,-5.175399879821449,0.27949560776010074,0.5166958020185561,-4.368884810689581,0.18524817431101803,0.0,0.0,0.0,0.0,0.0,0.0,0.0,0.0,0.0
10.0,-3.803319075870482,1.935631656040189,1.0,-3.8557190895080566,1.9361474514007568,0.9566819071769714,-0.20532546899643825,-0.1121829462993788,-0.0004521092439762666,-0.9722429535402729,-2.9034474840602833,-0.7549786138057231,0.0,-2.862136125564575,-0.7167068123817444,-0.12074006348848343,3.182459098263793,-4.379526829308646,0.18671701831751086,3.182459098263793,-4.379526829308646,0.18671701831751086,1.0313939185903487,-5.593005377728196,0.32786844946937843,0.6686440934515103,-4.730267576005202,0.2273522862870872,0.0,0.0,0.0,0.0,0.0,0.0,0.0,0.0,0.0
10.0166,-3.8515440642668777,1.9224461358311118,1.0,-3.885096549987793,1.9298306703567505,0.9553964138031006,-0.20532546899643825,-0.1121829462993788,-0.0004521092439762666,-0.9722429535402729,-2.883669203746668,-0.8273160964003171,0.0,-2.8483898639678955,-0.7603679895401001,-0.11726550757884979,3.2334789224406886,-4.556383995132958,0.1737837218312439,3.2334789224406886,-4.556383995132958,0.1737837218312439,0.8248944845840189,-2.620047929036412,0.20850338007010516,0.7147720647882849,-4.107292166573265,0.22178774465999362,0.0,0.0,0.0,0.0,0.0,0.0,0.0,0.0,0.0
10.0333,-3.899424405539,1.9080593235128243,1.0,-3.9433860778808594,1.9157805442810059,0.9529808759689331,-0.20537465963700652,-0.11928460071141136,0.0009203607309324491,-0.9713864452848345,-2.8620889852692364,-0.8991366083085002,0.0,-2.8207335472106934,-0.8532126545906067,-0.10255534946918488,3.3575316332378238,-4.3996808500977185,0.09916756319957365,3.3575316332378238,-4.3996808500977185,0.09916756319957365,1.659594254320705,-5.571402512303995,0.8827239756209225,0.9937008441738009,-4.539524300984166,0.41690820033518233,0.0,0.0,0.0,0.0,0.0,0.0,0.0,0.0,0.0
10.05,-3.9469369484019294,1.8924778954567472,1.0,-4.001209735870361,1.8999710083007812,0.9509060382843018,-0.20500585100493393,-0.12704027674774582,0.0015820662525535072,-0.9704797822796681,-2.8387168431851206,-0.9704054226028944,0.0,-2.793144702911377,-0.9393911361694336,-0.08803694695234299,3.4915948661333647,-4.274148993031159,0.024067987630148835,3.4915948661333647,-4.274148993031159,0.024067987630148835,1.6551428203624505,-5.170122151817258,0.8710053030194671,1.1889706050839968,-4.725688312334334,0.5509659648304357,0.0,0.0,0.0,0.0,0.0,0.0,0.0,0.0,0.0
10.0666,-3.9940296910705966,1.8757192721493405,1.0,-4.029908657073975,1.8913553953170776,0.9499197602272034,-0.2022338922910429,-0.13467233607739781,0.0021957665137206056,-0.9700309604898756,-2.813578908224011,-1.0410445366058954,0.0,-2.7825300693511963,-0.9904341697692871,-0.08592880517244339,3.5933220151135234,-4.394994136960544,0.018019293847133966,3.5933220151135234,-4.394994136960544,0.018019293847133966,0.637097351211345,-3.063636753910219,0.12653206880267884,1.0260475336493693,-4.235020314055781,0.42566532111095523,0.0,0.0,0.0,0.0,0.0,0.0,0.0,0.0,0.0
10.0833,-4.04070419304158,1.857782898621532,1.0,-4.087014675140381,1.8728065490722656,0.9480855464935303,-0.20156718709951724,-0.14018333681649287,0.003242609937034201,-0.9693858608265679,-2.7866743479322977,-1.1110562895623706,0.0,-2.75298810005188,-1.0754337310791016,-0.07399766147136688,3.735444733066032,-4.261898516154399,-0.042665747255581365,3.735444733066032,-4.261898516154399,-0.042665747255581365,1.7722409748841468,-5.099176154242233,0.7157566758681847,1.246337476090388,-4.490134912731071,0.5113055911947563,0.0,0.0,0.0,0.0,0.0,0.0,0.0,0.0,0.0
10.1,-4.08706497835245,1.8386214183053173,1.0,-4.1434407234191895,1.852462649345398,0.9464610815048218,-0.2010683844157469,-0.14533626846735145,0.004684285037197864,-0.9687244081860379,-2.757932127457976,-1.1805974675286754,0.0,-2.721883535385132,-1.1614680290222168,-0.059993088245391846,3.876851489755524,-4.114145827694343,-0.1167802588864344,3.876851489755524,-4.114145827694343,-0.1167802588864344,1.8600493306149217,-5.144840958667788,0.8374718416287658,1.4275164326956147,-4.683416103914588,0.6075958298430802,0.0,0.0,0.0,0.0,0.0,0.0,0.0,0.0,0.0
10.1166,-4.132641871409495,1.8184354577426425,1.0,-4.171412467956543,1.8416653871536255,0.9457470774650574,-0.2010683844157469,-0.14533626846735145,0.004684285037197864,-0.9687244081860379,-2.7276531866139635,-1.248962807114243,0.0,-2.7005813121795654,-1.2070213556289673,-0.05822646990418434,3.945878241734774,-4.25292895497219,-0.12200710758717825,3.945878241734774,-4.25292895497219,-0.12200710758717825,1.2820961701272797,-2.7416737218212344,0.1063257382800729,1.384585713259209,-4.110178262425643,0.45961173682412837,0.0,0.0,0.0,0.0,0.0,0.0,0.0,0.0,0.0
10.1333,-4.177833293876651,1.7970555662420873,1.0,-4.226802825927734,1.8186546564102173,0.9442933201789856,-0.1977231758785471,-0.15212750870592326,0.005901064553707378,-0.9683635468690877,-2.695583349363131,-1.3167499408149768,0.0,-2.6712400913238525,-1.2927132844924927,-0.055573027580976486,4.115741359513478,-4.08960116490151,-0.128802353169716,4.115741359513478,-4.08960116490151,-0.128802353169716,1.760726804492453,-5.142256241505115,0.1592294692038057,1.4956294383291573,-4.414866545707573,0.37093340117045986,0.0,0.0,0.0,0.0,0.0,0.0,0.0,0.0,0.0
10.15,-4.222470498346717,1.7745557696730636,1.0,-4.28150749206543,1.7939906120300293,0.9428972005844116,-0.19540112555288672,-0.1594722621888996,0.006455969961201817,-0.9676494106679191,-2.6618336545095955,-1.3837057475200756,0.0,-2.6335554122924805,-1.3805025815963745,-0.055774614214897156,4.243886210666453,-3.903478285398649,-0.11870921899243392,4.243886210666453,-3.903478285398649,-0.11870921899243392,2.2615681785663186,-5.268493346687652,-0.012097805480040063,1.721748553931385,-4.666872779564093,0.2578555880949031,0.0,0.0,0.0,0.0,0.0,0.0,0.0,0.0,0.0
10.1666,-4.266545856027728,1.7509394930138582,1.0,-4.308615207672119,1.7809935808181763,0.9422045946121216,-0.1928742389092854,-0.16550656741872902,0.007040883924835992,-0.9671389280387551,-2.6264092395207874,-1.4498187840415917,0.0,-2.619699716567993,-1.4180878400802612,-0.05051489174365997,4.388331096065918,-4.075105509521853,-0.14487781936976596,4.388331096065918,-4.075105509521853,-0.14487781936976596,0.8312592974024487,-2.2548918640576727,0.31555205115001717,1.4588598494414395,-3.954811928202939,0.27488863853880596,0.0,0.0,0.0,0.0,0.0,0.0,0.0,0.0,0.0
10.1833,-4.310009626008321,1.7262330536085013,1.0,-4.3622541427612305,1.7538444995880127,0.9408972859382629,-0.18996224531558342,-0.1706346844539823,0.008095355927730042,-0.966815703857525,-2.589349580412752,-1.5150144390124818,0.0,-2.5827572345733643,-1.5027246475219727,-0.05033865198493004,4.53857413312438,-3.8911160477398017,-0.13742879505717376,4.53857413312438,-3.8911160477398017,-0.13742879505717376,2.2167412981587717,-5.078649193836822,0.01057530329475386,1.6826003053194587,-4.28658923001075,0.19685851097435553,0.0,0.0,0.0,0.0,0.0,0.0,0.0,0.0,0.0
10.2,-4.352880576112609,1.7004242095561861,1.0,-4.388845443725586,1.7396559715270996,0.9402353763580322,-0.18780015248746182,-0.17715181113873463,0.009414046523938882,-0.9660537731301451,-2.5506363143342794,-1.5793208641689138,0.0,-2.569434881210327,-1.5375051498413086,-0.049769289791584015,4.706581041293109,-4.068957810489032,-0.13554118774105284,4.706581041293109,-4.068957810489032,-0.13554118774105284,0.7985081025465146,-2.08465517734145,0.03412612713995827,1.4216001280207569,-3.636538051701315,0.14881693691703268,0.0,0.0,0.0,0.0,0.0,0.0,0.0,0.0,0.0
10.2167,-4.395051720184451,1.6735775243833417,1.0,-4.441488265991211,1.7100744247436523,0.9388138055801392,-0.1863308917810394,-0.18246086047874202,0.010482595574235563,-0.9653387518451578,-2.5103662865750125,-1.6425775802766767,0.0,-2.5358831882476807,-1.6176716089248657,-0.05949172377586365,4.894908312968055,-3.894028170914913,-0.06805957136303498,4.894908312968055,-3.894028170914913,-0.06805957136303498,2.0134779373891147,-4.810886796772163,-0.5834550985806674,1.5963332754230113,-3.9832272654650485,-0.06736315210120056,0.0,0.0,0.0,0.0,0.0,0.0,0.0,0.0,0.0
10.2333,-4.436544575079508,1.6456811443464192,1.0,-4.493548393249512,1.6790605783462524,0.9372838735580444,-0.1821407441336813,-0.1922107253537177,0.011360640869263056,-0.9642358109664763,-2.468521716519629,-1.7048168626192628,0.0,-2.5068423748016357,-1.6848341226577759,-0.064884252846241,5.118876323001225,-3.7866909906814463,-0.02596393212750847,5.118876323001225,-3.7866909906814463,-0.02596393212750847,1.742226163572389,-4.029235918414051,-0.3235104020653946,1.639403522569379,-3.9968098607410845,-0.14298250203499854,0.0,0.0,0.0,0.0,0.0,0.0,0.0,0.0,0.0
10.25,-4.477308047379744,1.6167701634972405,1.0,-4.544983386993408,1.6466025114059448,0.9354153871536255,-0.18030542306605424,-0.19767143403655485,0.011520630306210379,-0.9634745545886725,-2.4251552452458607,-1.7659620710696164,0.0,-2.4807870388031006,-1.7535656690597534,-0.0790565013885498,5.30745080457074,-3.922889216041045,0.04796153312482154,5.30745080457074,-3.922889216041045,0.04796153312482154,0.8917375246929485,-2.307802971742678,-0.6737887035128404,1.4186788544930153,-3.4981841561995766,-0.2996861945485583,0.0,0.0,0.0,0.0,0.0,0.0,0.0,0.0,0.0
10.2667,-4.5174260996746725,1.5867809211831712,1.0,-4.570474624633789,1.6298490762710571,0.9343894124031067,-0.18030542306605424,-0.19767143403655485,0.011520630306210379,-0.9634745545886725,-2.3801713817747565,-1.8261391495120096,0.0,-2.460097312927246,-1.7901419401168823,-0.08953548222780228,5.532300743521395,-3.800185122461614,0.140726265257614,5.532300743521395,-3.800185122461614,0.140726265257614,1.9095801630240825,-4.003861472355855,-0.8040601668784172,1.56360189324498,-3.6474693424717337,-0.44858660990122307,0.0,0.0,0.0,0.0,0.0,0.0,0.0,0.0,0.0
10.2833,-4.5566431436756325,1.5559074552983618,1.0,-4.620820045471191,1.5952390432357788,0.9321585893630981,-0.17838133777201293,-0.20636177439053507,0.01236550603145975,-0.961999077716003,-2.3338611829475426,-1.8849647155134484,0.0,-2.4246461391448975,-1.861587643623352,-0.08860567212104797,5.742402568247682,-3.636970357690581,0.1485583044136991,5.742402568247682,-3.636970357690581,0.1485583044136991,2.131402032596075,-4.295471811705346,0.05590221535771111,1.7312268723773023,-3.8387715152875317,-0.2996522878646651,0.0,0.0,0.0,0.0,0.0,0.0,0.0,0.0,0.0
10.3,-4.595175127799085,1.5239820826803123,1.0,-4.645707130432129,1.5774056911468506,0.9310144782066345,-0.17418382117624664,-0.21421991336686655,0.012782254069535492,-0.9610445358909283,-2.2859731240204684,-1.9427626916986283,0.0,-2.39969539642334,-1.8977937698364258,-0.09738381952047348,5.89934192833938,-3.7660407050574434,0.20924943085346293,5.89934192833938,-3.7660407050574434,0.20924943085346293,1.4956339054751253,-2.170320561375427,-0.526192547626874,1.661675522485364,-3.3462142984956476,-0.36653111314757025,0.0,0.0,0.0,0.0,0.0,0.0,0.0,0.0,0.0
10.3167,-4.6328787530093205,1.4911184492776952,1.0,-4.694889068603516,1.5405279397964478,0.9286572933197021,-0.17212457357320893,-0.2198544781290834,0.013376061018205467,-0.9601345432847296,-2.236677673916543,-1.999318129513981,0.0,-2.3619823455810547,-1.9770652055740356,-0.09744415432214737,6.112095081951093,-3.536554867437446,0.22377667673164758,6.112095081951093,-3.536554867437446,0.22377667673164758,2.261620508714488,-4.753842524413434,-0.0036182282209290687,1.8387902479451514,-3.761771878782954,-0.2593925963585435,0.0,0.0,0.0,0.0,0.0,0.0,0.0,0.0,0.0
10.3333,-4.669700331517047,1.4573678334044877,1.0,-4.743172645568848,1.5021103620529175,0.9263293743133545,-0.16916421054394012,-0.22879699624859448,0.01391162102223338,-0.9585624236884248,-2.1860517501067314,-2.054550497275571,0.0,-2.3169853687286377,-2.0476248264312744,-0.09190182387828827,6.28725028599793,-3.346062412493806,0.20461484780982353,6.28725028599793,-3.346062412493806,0.20461484780982353,2.703262862381116,-4.23897817119285,0.332964059098201,2.0939983641687547,-3.9026518984645966,-0.08451808483886367,0.0,0.0,0.0,0.0,0.0,0.0,0.0,0.0,0.0
10.35,-4.705704215624372,1.422672013563165,1.0,-4.7669291496276855,1.4823369979858398,0.9251856207847595,-0.16916421054394012,-0.22879699624859448,0.01391162102223338,-0.9585624236884248,-2.1340080203447473,-2.108556323436557,0.0,-2.2925655841827393,-2.086845874786377,-0.08917950838804245,6.473786327664363,-3.43231229281798,0.19649381816775424,6.473786327664363,-3.43231229281798,0.19649381816775424,1.4650208115801067,-2.3529958662909616,0.16332039463333,1.90831269447543,-3.4451651138501225,-0.01135163581827877,0.0,0.0,0.0,0.0,0.0,0.0,0.0,0.0,0.0
10.3666,-4.740826530259479,1.3870900870889495,1.0,-4.813727378845215,1.4417459964752197,0.9229283332824707,-0.16279809239540757,-0.24130568039280176,0.013436246717879031,-0.9566023002047286,-2.080635130633424,-2.161239795389219,0.0,-2.2429745197296143,-2.155094623565674,-0.08790598064661026,6.635096968753521,-3.2347267748776285,0.20270792183400665,6.635096968753521,-3.2347267748776285,0.20270792183400665,2.9757221133349545,-4.095280333051975,0.07641829639909012,2.2234314645526156,-3.63709100907244,0.014559652391681421,0.0,0.0,0.0,0.0,0.0,0.0,0.0,0.0,0.0
10.3833,-4.775043140905422,1.3506471532076272,1.0,-4.859471797943115,1.3998150825500488,0.9207444787025452,-0.15857885041632291,-0.24798988080704604,0.013016885575195631,-0.9556067916429013,-2.0259707298114407,-2.212564711358133,0.0,-2.187304735183716,-2.218992233276367,-0.07959486544132233,6.765097802848626,-3.050673329508765,0.16640155806082824,6.765097802848626,-3.050673329508765,0.16640155806082824,3.3411939785930973,-3.8350123061072634,0.49881723642035375,2.553415388658474,-3.695520993473677,0.15752134223952727,0.0,0.0,0.0,0.0,0.0,0.0,0.0,0.0,0.0
10.4,-4.808332632201559,1.3133669215554036,1.0,-4.903968811035156,1.356523036956787,0.9187115430831909,-0.1533789777129353,-0.2561724016858526,0.012968374552559626,-0.9542969097380313,-1.9700503823331053,-2.262498948302338,0.0,-2.123711347579956,-2.287036418914795,-0.07220466434955597,6.851592028058308,-2.8287931188296356,0.13493390578769215,6.851592028058308,-2.8287931188296356,0.13493390578769215,3.8166442492058494,-4.083764988695876,0.44353303952150647,2.926343637021702,-3.8101377170126067,0.24195722287048774,0.0,0.0,0.0,0.0,0.0,0.0,0.0,0.0,0.0
10.4167,-4.840728965994566,1.2752075334412494,1.0,-4.925717353820801,1.334395170211792,0.9177454113960266,-0.14677965051487982,-0.2650916600133417,0.013432411354664558,-0.952891312340193,-1.912811300161874,-2.311093448991849,0.0,-2.096689224243164,-2.314941167831421,-0.06677953898906708,7.053964892757753,-2.948218356868312,0.10995919827193923,7.053964892757753,-2.948218356868312,0.10995919827193923,1.6192210983484772,-1.6721098348477055,0.32508464769415396,2.5404571726067924,-3.1789528082843463,0.2664979580441623,0.0,0.0,0.0,0.0,0.0,0.0,0.0,0.0,0.0
10.4333,-4.872129214836785,1.236288692764224,1.0,-4.968177795410156,1.289254069328308,0.9158961772918701,-0.14098814142552055,-0.27059509539312904,0.01343696321430374,-0.952218564344262,-1.8544330391463362,-2.3581938222551773,0.0,-2.0318429470062256,-2.3696937561035156,-0.06287192553281784,7.142709424906554,-2.7845092938574063,0.098563667488337,7.142709424906554,-2.7845092938574063,0.098563667488337,3.8900569238250524,-3.2845476129179896,0.23441343788437885,2.938883686544406,-3.210126324626602,0.25702602126654783,0.0,0.0,0.0,0.0,0.0,0.0,0.0,0.0,0.0
10.45,-4.902517954545937,1.1966353685889053,1.0,-4.988908767700195,1.2662540674209595,0.9149863123893738,-0.14098814142552055,-0.27059509539312904,0.01343696321430374,-0.952218564344262,-1.794953052883358,-2.4037769318189057,0.0,-1.999397873878479,-2.399632692337036,-0.06080348789691925,7.326443011095437,-2.8735800148469437,0.09353307220585982,7.326443011095437,-2.8735800148469437,0.09353307220585982,1.9488249867533547,-1.7982929728336365,0.12424145054347048,2.6466002625179286,-2.793327314321541,0.21782558901236146,0.0,0.0,0.0,0.0,0.0,0.0,0.0,0.0,0.0
10.4666,-4.9319253858693735,1.1562091225012443,1.0,-5.029388904571533,1.2193752527236938,0.9132326245307922,-0.13389619132535763,-0.27813430784968957,0.013737976006368507,-0.9510649208068218,-1.7343136837518665,-2.44788807880406,0.0,-1.9327443838119507,-2.4577105045318604,-0.05321456864476204,7.4135126452863185,-2.667610713956958,0.05965974258963236,7.4135126452863185,-2.667610713956958,0.05965974258963236,3.9998998469088463,-3.4852703418081927,0.4554137664000687,3.046119034831999,-2.997601543059421,0.2879659615071891,0.0,0.0,0.0,0.0,0.0,0.0,0.0,0.0,0.0
10.4833,-4.960322411634682,1.1150468552592734,1.0,-5.068257808685303,1.1713262796401978,0.9117286801338196,-0.129743525561852,-0.28419188472534207,0.015163382423006952,-0.9498272364534509,-1.67257028288891,-2.490483617452022,0.0,-1.8483245372772217,-2.517033338546753,-0.0354614295065403,7.39550595281178,-2.441136488617971,-0.03639640645739739,7.39550595281178,-2.441136488617971,-0.03639640645739739,5.06418140991719,-3.5586607359945077,1.0649760794633791,3.6418879331946816,-3.163236471601747,0.5173535501697425,0.0,0.0,0.0,0.0,0.0,0.0,0.0,0.0,0.0
10.5,-4.98769410099822,1.0731675644818053,1.0,-5.087013244628906,1.146836757659912,0.9111078381538391,-0.12604533453419542,-0.2891096369615099,0.01626362590338387,-0.9488222448507087,-1.609751346722708,-2.53154115149733,0.0,-1.7964445352554321,-2.550347328186035,-0.03166542947292328,7.481301258861578,-2.4815470146600447,-0.05310271145957124,7.481301258861578,-2.4815470146600447,-0.05310271145957124,3.110267002086847,-1.997212772648009,0.22757465659929677,3.4849437176030857,-2.8190049636132373,0.43180552433930525,0.0,0.0,0.0,0.0,0.0,0.0,0.0,0.0,0.0
10.5167,-5.013991619629518,1.0306467522093976,1.0,-5.123042583465576,1.096732497215271,0.910161018371582,-0.12234399302961263,-0.29545459739209,0.01587633851241724,-0.9473576840118035,-1.5459701283140963,-2.570987429444278,0.0,-1.706465482711792,-2.620136022567749,-0.005125835537910461,7.433760130330647,-2.1670047810739748,-0.20461180332470796,7.433760130330647,-2.1670047810739748,-0.20461180332470796,5.399211719767092,-4.187685088484814,1.592513841399734,4.050070619972512,-3.223064352595808,0.7744678344407474,0.0,0.0,0.0,0.0,0.0,0.0,0.0,0.0,0.0
10.5334,-5.0392735158848225,0.9873842397677038,1.0,-5.157120227813721,1.0452765226364136,0.9096823930740356,-0.11582826410557853,-0.3013180616885695,0.013946012850618278,-0.9463598152264596,-1.4810763596515557,-2.6089102738272345,0.0,-1.6173477172851562,-2.6820101737976074,0.02449968457221985,7.391247256529148,-1.8859558067425128,-0.37695509798702,7.391247256529148,-1.8859558067425128,-0.37695509798702,5.336231387496967,-3.704926692078176,1.7739294687852443,4.429768786414469,-3.3653189224743807,1.0695271766100154,0.0,0.0,0.0,0.0,0.0,0.0,0.0,0.0,0.0
10.55,-5.063348925063,0.943716360184119,1.0,-5.173430442810059,1.019050121307373,0.9096695780754089,-0.11582826410557853,-0.3013180616885695,0.013946012850618278,-0.9463598152264596,-1.4155745402761784,-2.6450233875945,0.0,-1.5593653917312622,-2.7168991565704346,0.03160082921385765,7.453537832735313,-1.8835075475105618,-0.41649471891919454,7.453537832735313,-1.8835075475105618,-0.41649471891919454,3.4880240379788594,-2.0988052722917834,0.4271812655077951,4.151748523888817,-2.9914209441729254,0.8798949231426327,0.0,0.0,0.0,0.0,0.0,0.0,0.0,0.0,0.0
10.5666,-5.086388980527719,0.8993410978317059,1.0,-5.204455852508545,0.9656578302383423,0.9100715517997742,-0.10814147972731315,-0.3040691972251181,0.011387361971218963,-0.9464236255551052,-1.3490116467475588,-2.679583470791578,0.0,-1.4580519199371338,-2.7786481380462646,0.05959617719054222,7.33876926362446,-1.5765500782705282,-0.5834787202700635,7.33876926362446,-1.5765500782705282,-0.5834787202700635,6.078118518730422,-3.7045184729592493,1.6795302733397222,4.720448155691457,-3.2019403683469405,1.1159618938965308,0.0,0.0,0.0,0.0,0.0,0.0,0.0,0.0,0.0
10.5833,-5.108324150337404,0.8543791706885779,1.0,-5.233259677886963,0.9112162590026855,0.9109212756156921,-0.10129300670264159,-0.3067962985213034,0.008741256381159487,-0.9463294273486833,-1.281568756032867,-2.7124862255061073,0.0,-1.3488209247589111,-2.824376344680786,0.07705594599246979,7.173821465256514,-1.3519826226074216,-0.689515007614359,7.173821465256514,-1.3519826226074216,-0.689515007614359,6.550211597849708,-2.7421651606999884,1.0470030041890654,5.260627767410799,-3.066206323484856,1.0956039692552788,0.0,0.0,0.0,0.0,0.0,0.0,0.0,0.0,0.0
10.6,-5.129118917162892,0.8089029526938619,1.0,-5.246828079223633,0.8836881518363953,0.9114534258842468,-0.09331300669928597,-0.31195941390443344,0.006627423340944124,-0.9454787353583394,-1.213354429040793,-2.7436783757443384,0.0,-1.2988265752792358,-2.835686683654785,0.08840937167406082,7.295759910573571,-1.4599392044362138,-0.7573442145011153,7.295759910573571,-1.4599392044362138,-0.7573442145011153,2.99910609571212,-0.678494808203896,0.6810795324523012,4.592985234848159,-2.3613102426554526,0.9732287790195975,0.0,0.0,0.0,0.0,0.0,0.0,0.0,0.0,0.0
10.6166,-5.148754972519504,0.7629580929411566,1.0,-5.2722578048706055,0.8282650113105774,0.9126670956611633,-0.08200733585719329,-0.3152627469134597,0.0055476632289434835,-0.9454382322369205,-1.144437139411735,-2.7731324587792567,0.0,-1.1884422302246094,-2.851811170578003,0.09903749078512192,7.122163783659793,-1.3902370184573023,-0.8242725160571478,7.122163783659793,-1.3902370184573023,-0.8242725160571478,6.628376927371902,-0.9682457873412648,0.6381990078598119,5.193870064456181,-1.9500521536403852,0.8743218670495743,0.0,0.0,0.0,0.0,0.0,0.0,0.0,0.0,0.0
10.6333,-5.167250496322121,0.7165023265731882,1.0,-5.295228004455566,0.7725377678871155,0.9140262603759766,-0.07082393302263076,-0.3160948837537466,0.0058096480392872156,-0.9460625113570638,-1.0747534898597824,-2.8008757444831818,0.0,-1.064764380455017,-2.87451171875,0.10158557444810867,6.864319876768519,-1.2705445205346029,-0.8434910120258916,6.864319876768519,-1.2705445205346029,-0.8434910120258916,7.420571910851715,-1.3620147054616198,0.1528829785712242,5.851233148168208,-1.7764527510536952,0.661339921034848,0.0,0.0,0.0,0.0,0.0,0.0,0.0,0.0,0.0
10.65,-5.184569545235767,0.6696249914465936,1.0,-5.305763244628906,0.7444311380386353,0.9147188067436218,-0.07082393302263076,-0.3160948837537466,0.0058096480392872156,-0.9460625113570638,-1.0044374871698905,-2.826854317853652,0.0,-0.9978528618812561,-2.893393039703369,0.09951960295438766,6.891814479564006,-1.302753701082667,-0.8317166344543931,6.891814479564006,-1.302753701082667,-0.8317166344543931,4.016706025475884,-1.1334478316874195,-0.12402050236152855,5.309647210886794,-1.5866259463017063,0.42948716958321986,0.0,0.0,0.0,0.0,0.0,0.0,0.0,0.0,0.0
10.6667,-5.200726413175509,0.6222853865044264,1.0,-5.324784755706787,0.687835156917572,0.9163276553153992,-0.0673775641464707,-0.3179190204307224,0.008209868915134137,-0.9456851706223458,-0.9334280797566397,-2.851089619763264,0.0,-0.8631718754768372,-2.9130568504333496,0.12398946285247803,6.562530083088436,-1.1784798232939406,-0.9837892455879693,6.562530083088436,-1.1784798232939406,-0.9837892455879693,8.075899239435008,-1.1791044776119404,1.467290433607823,6.126295370026144,-1.4663181602501503,0.7358656616251386,0.0,0.0,0.0,0.0,0.0,0.0,0.0,0.0,0.0
10.6835,-5.215847555486302,0.5740454199252505,1.0,-5.34098482131958,0.6307834982872009,0.9183411598205566,-0.06599635923720809,-0.31731451871924277,0.009521015225459522,-0.9459732443319178,-0.8610681298878757,-2.8737713332294543,0.0,-0.7271867990493774,-2.9405648708343506,0.1338040679693222,6.222305788747709,-0.9978799576012297,-1.049991562261722,6.222305788747709,-0.9978799576012297,-1.049991562261722,8.067593849896744,-1.6319697869812442,0.5822715989136892,6.699402163465487,-1.5152215481671882,0.6905218869894383,0.0,0.0,0.0,0.0,0.0,0.0,0.0,0.0,0.0
10.7,-5.229473745688949,0.5264323932824185,1.0,-5.348061561584473,0.6020588874816895,0.9193278551101685,-0.05980236354963793,-0.31316390761460206,0.007523212459194657,-0.9477845051466735,-0.7896485899236279,-2.894210618533424,0.0,-0.6651902794837952,-2.955275058746338,0.12549270689487457,6.278713786414331,-1.0208161036895,-1.0023926533209657,6.278713786414331,-1.0208161036895,-1.0023926533209657,3.7544903911405014,-0.8908445111826622,-0.5033335017831617,5.830010382500696,-1.330894034766358,0.3380739554712768,0.0,0.0,0.0,0.0,0.0,0.0,0.0,0.0,0.0
10.718,-5.242968966130194,0.47420628069961857,1.0,-5.360284328460693,0.5440360307693481,0.9209275841712952,-0.05859995610847064,-0.3091003192154242,0.005185832534477487,-0.9492082256893714,-0.7113094210494278,-2.9144534491952907,0.0,-0.5387316942214966,-2.990158796310425,0.1034807413816452,6.016110705812157,-0.7877349827705563,-0.8754732180113205,6.016110705812157,-0.7877349827705563,-0.8754732180113205,7.026265416153347,-1.938202916981282,-1.2230242154486084,6.18316673304708,-1.5101827169151363,-0.12279075763536196,0.0,0.0,0.0,0.0,0.0,0.0,0.0,0.0,0.0
10.7334,-5.253399445083593,0.4292209313944417,1.0,-5.365421295166016,0.5148108005523682,0.9215947389602661,-0.05859995610847064,-0.3091003192154242,0.005185832534477487,-0.9492082256893714,-0.6438313970916625,-2.9300991676253894,0.0,-0.4748682677745819,-2.998459577560425,0.09445688873529434,6.036522860474966,-0.8107050396274424,-0.8222532103720663,6.036522860474966,-0.8107050396274424,-0.8222532103720663,4.1507852571552535,-0.539506918940697,-0.5865027389087754,5.583170574408187,-1.2236214797768952,-0.25968701002655775,0.0,0.0,0.0,0.0,0.0,0.0,0.0,0.0,0.0
10.7501,-5.263535704807113,0.3801677734206744,1.0,-5.373746395111084,0.456118643283844,0.922621488571167,-0.058148173502570254,-0.3060166134339882,0.0025098448288238167,-0.9502454596312245,-0.5702516601310117,-2.9453035572106696,0.0,-0.35025283694267273,-3.0154218673706055,0.07257187366485596,5.745902080324209,-0.6428628486606913,-0.6934895063175031,5.745902080324209,-0.6428628486606913,-0.6934895063175031,7.45358222577149,-1.014559922423136,-1.3090012870058754,6.135350280434568,-1.1619026869128353,-0.5694637634858319,0.0,0.0,0.0,0.0,0.0,0.0,0.0,0.0,0.0
10.7667,-5.272419291493313,0.3310017198520519,1.0,-5.379596710205078,0.3972083330154419,0.9231811761856079,-0.05134560893263919,-0.3017356737370397,-0.0005090496363145359,-0.9520079565422531,-0.4965025797780779,-2.9586289372399697,0.0,-0.22764094173908234,-3.023905038833618,0.04509295895695686,5.446178800367626,-0.6616213998842289,-0.5277569206881889,5.446178800367626,-0.6616213998842289,-0.5277569206881889,7.37719387901479,-0.5104072528008492,-1.6533247532670596,6.50196520859488,-0.9695693270220983,-0.8894393379935275,0.0,0.0,0.0,0.0,0.0,0.0,0.0,0.0,0.0
10.7834,-5.280057373750709,0.28173178140821475,1.0,-5.381537914276123,0.36765992641448975,0.923197865486145,-0.04557744392899885,-0.2961445465705694,-0.002198716793116236,-0.9540525844572135,-0.42259767211232213,-2.970086060626063,0.0,-0.16510826349258423,-3.0343894958496094,0.03116087056696415,5.51790627759085,-0.5091764455951546,-0.44279115883010256,5.51790627759085,-0.5091764455951546,-0.44279115883010256,3.7617581357658163,-0.6307100956642715,-0.8381081431163317,5.6930059964218245,-0.8695318884084601,-0.8742854310572584,0.0,0.0,0.0,0.0,0.0,0.0,0.0,0.0,0.0
10.8001,-5.286493063003476,0.23204592355623552,1.0,-5.38350248336792,0.3083540201187134,0.9227663278579712,-0.04251363146006007,-0.28975690718751596,-0.0042598241258444925,-0.9561461448632952,-0.34806888533435326,-2.9797395945052148,0.0,-0.02876819111406803,-3.0442259311676025,0.0035212463699281216,5.140782838465189,-0.34945957997154375,-0.27221688970585767,5.140782838465189,-0.34945957997154375,-0.27221688970585767,8.166510209892323,-0.5891837084428196,-1.6555607552856877,6.423229649837177,-0.7867679816045081,-1.104932186568901,0.0,0.0,0.0,0.0,0.0,0.0,0.0,0.0,0.0
10.8167,-5.291654915712797,0.18251218237983985,1.0,-5.382730960845947,0.24880586564540863,0.9218988418579102,-0.03881866993467061,-0.2853388111088009,-0.00743339752501782,-0.9576114221986249,-0.27376827356975975,-2.9874823735691955,0.0,0.10534094274044037,-3.034510374069214,-0.012567037716507912,4.765390785878525,-0.2937870334839557,-0.16875692508584272,4.765390785878525,-0.2937870334839557,-0.16875692508584272,8.07926340183419,0.5853034960213725,-0.9692217157920628,6.912121081667688,-0.38170740330324465,-1.0648679751405576,0.0,0.0,0.0,0.0,0.0,0.0,0.0,0.0,0.0
10.8333,-5.295593268770211,0.1326932765403946,1.0,-5.381324768066406,0.21905876696109772,0.9213468432426453,-0.03881866993467061,-0.2853388111088009,-0.00743339752501782,-0.9576114221986249,-0.19903991481059188,-2.993389903155316,0.0,0.17637565732002258,-3.0405189990997314,-0.02279614843428135,4.77111925551009,-0.2828855582765948,-0.1020019985011924,4.77111925551009,-0.2828855582765948,-0.1020019985011924,4.264527123738639,-0.36072425391827095,-0.6140986187647606,6.130502953754027,-0.37551279408422206,-0.931792622178622,0.0,0.0,0.0,0.0,0.0,0.0,0.0,0.0,0.0
10.85,-5.298286337134989,0.08277508574219608,1.0,-5.376550197601318,0.15938757359981537,0.9198451042175293,-0.033484912498632086,-0.2803175725544706,-0.010907941569407413,-0.9592610919961898,-0.12416262861329412,-2.997429505702484,0.0,0.29921483993530273,-3.0340492725372314,-0.04503696411848068,4.4533732965085004,-0.18613728174473515,0.041623035832616395,4.4533732965085004,-0.18613728174473515,0.041623035832616395,7.371412475856642,0.38823950211030833,-1.3346411358108592,6.49684212546552,-0.1500391567262211,-1.0507208664870222,0.0,0.0,0.0,0.0,0.0,0.0,0.0,0.0,0.0
10.8666,-5.299730537911925,0.03282949500801139,1.0,-5.369215965270996,0.09974467009305954,0.91795414686203,-0.027282013289314008,-0.27069637427010074,-0.015861671409135338,-0.9621474346227614,-0.04924424251201709,-2.9995958068678883,0.0,0.4267679750919342,-3.030057668685913,-0.06508544087409973,4.098079332842273,-0.06333500703992814,0.17410154705884118,4.098079332842273,-0.06333500703992814,0.17410154705884118,7.658782961605635,0.2396713144558651,-1.2037879899504682,6.839868297726715,-0.034989502680343454,-1.095909079025553,0.0,0.0,0.0,0.0,0.0,0.0,0.0,0.0,0.0
10.8833,-5.299925765646419,-0.017231712148979565,1.0,-5.364558696746826,0.06999437510967255,0.9168888926506042,-0.026521294283828756,-0.2621456321809227,-0.017335799582652387,-0.9645080796078566,0.02584756822346935,-2.9998886484696285,0.0,0.5006476640701294,-3.0226404666900635,-0.06933388859033585,4.082607445858582,-0.09996775179359427,0.2076924387581176,4.082607445858582,-0.09996775179359427,0.2076924387581176,4.427085863275948,0.4444603185941853,-0.25457934495321094,6.127570823323387,0.10655284772835133,-0.847533164080462,0.0,0.0,0.0,0.0,0.0,0.0,0.0,0.0,0.0
10.9,-5.298870339485254,-0.0672113526579013,1.0,-5.353373050689697,0.010618247091770172,0.9146910905838013,-0.02373092003131651,-0.2556317103030185,-0.01814683138854751,-0.9663125969268505,0.10081702898685196,-2.998305509227881,0.0,0.6193785071372986,-3.0111277103424072,-0.07044114917516708,3.7679217083527403,-0.0014059659418061976,0.22816859952463808,3.7679217083527403,-0.0014059659418061976,0.22816859952463808,7.123959287022202,0.690775921263447,-0.06643664883268482,6.421722909348017,0.27902617720280387,-0.6169391962480981,0.0,0.0,0.0,0.0,0.0,0.0,0.0,0.0,0.0
10.9167,-5.2965646972080265,-0.11717256446208911,1.0,-5.339747428894043,-0.04847713187336922,0.912337064743042,-0.016274215299072105,-0.2444811714735823,-0.019211039313447566,-0.9693271924134407,0.17575884669313366,-2.9948470458120395,0.0,0.7417235374450684,-2.9937632083892822,-0.08370639383792877,3.4224347883343187,0.07209606571392765,0.3224532531819069,3.4224347883343187,0.07209606571392765,0.3224532531819069,7.3382943885139,1.0415284292415055,-0.7956536544731724,6.692311562679538,0.5041307786782587,-0.6696989707787251,0.0,0.0,0.0,0.0,0.0,0.0,0.0,0.0,0.0
10.9333,-5.293015621064584,-0.16699920416740993,1.0,-5.332028865814209,-0.07797078788280487,0.9110154509544373,-0.016274215299072105,-0.2444811714735823,-0.019211039313447566,-0.9693271924134407,0.25049880625111487,-2.989523431596877,0.0,0.7936275601387024,-2.9853827953338623,-0.09507939964532852,3.5312670481258026,0.06271814363714465,0.4002621961465582,3.5312670481258026,0.06271814363714465,0.4002621961465582,3.117723087058015,0.5033869420138342,-0.6831432504618558,5.63702770995369,0.5039111844994082,-0.6736679678696899,0.0,0.0,0.0,0.0,0.0,0.0,0.0,0.0,0.0
10.95,-5.288218606150743,-0.2167643286059683,1.0,-5.314903259277344,-0.13665902614593506,0.9081923365592957,-0.010458856361811717,-0.23120006730507192,-0.017955526843156558,-0.9726843153378789,0.3251464929089525,-2.9823279092261146,0.0,0.9070746302604675,-2.9654085636138916,-0.09918438643217087,3.2264792112929093,0.14129801414197102,0.44206767870902475,3.2264792112929093,0.14129801414197102,0.44206767870902475,6.807414984477603,1.1985579192835376,-0.24632058398546475,5.98254742520599,0.7089835970486511,-0.5475072092835578,0.0,0.0,0.0,0.0,0.0,0.0,0.0,0.0,0.0
10.9666,-5.282176972611556,-0.2664103024443377,1.0,-5.295628547668457,-0.19489552080631256,0.9052442908287048,-0.008487490206275287,-0.22384840305602882,-0.017014387715908283,-0.9744385514665994,0.3996154536665066,-2.9732654589173353,0.0,1.0170104503631592,-2.939880609512329,-0.10996770113706589,2.934143268706067,0.19596866437881874,0.5246675361603526,2.934143268706067,0.19596866437881874,0.5246675361603526,6.593608791397357,1.5310873419893611,-0.6467496997082881,6.1629439092108305,0.9516836485980917,-0.5768054063665963,0.0,0.0,0.0,0.0,0.0,0.0,0.0,0.0,0.0
10.9833,-5.274904456954673,-0.3158360110889331,1.0,-5.285199165344238,-0.223903626203537,0.903709888458252,-0.004931276106183707,-0.21152054469700146,-0.01654377600543565,-0.9772210864052886,0.47375401663339967,-2.962356685432009,0.0,1.0609703063964844,-2.9275407791137695,-0.11273103207349777,3.083239428149756,0.19497143660979582,0.5521260787551387,3.083239428149756,0.19497143660979582,0.5521260787551387,2.6401620917278805,0.7411114452224465,-0.16596145309792804,5.122954328866315,0.8895188854174616,-0.45551676214046766,0.0,0.0,0.0,0.0,0.0,0.0,0.0,0.0,0.0
11.0,-5.2663839052469275,-0.36514974624918234,1.0,-5.262864112854004,-0.28128960728645325,0.9004683494567871,-0.0019063335682840722,-0.19836560711950846,-0.015986636814970118,-0.9799959084707004,0.5477246193737735,-2.9495758578703914,0.0,1.1546730995178223,-2.8901655673980713,-0.1212494820356369,2.876543815358887,0.197323118217094,0.6227657041248609,2.876543815358887,0.197323118217094,0.6227657041248609,5.6162277254604955,2.2401434716129125,-0.5105670093885308,5.268577651370471,1.288247949371815,-0.47176860131178533,0.0,0.0,0.0,0.0,0.0,0.0,0.0,0.0,0.0
11.0166,-5.2566446218489435,-0.4141760782440296,1.0,-5.239025115966797,-0.3376891016960144,0.8974206447601318,0.0017030171710676143,-0.1888685102305789,-0.014721894184855247,-0.9818905778986591,0.6212641173660444,-2.934966932773415,0.0,1.220912218093872,-2.842353343963623,-0.10102739185094833,2.8276405332239474,0.14400384259441087,0.5200903592029977,2.8276405332239474,0.14400384259441087,0.5200903592029977,3.975090139071711,2.869269730441252,1.2135522484690666,4.88671649595619,1.7549944763493976,0.02576891708093143,0.0,0.0,0.0,0.0,0.0,0.0,0.0,0.0,0.0
11.0333,-5.24567724078523,-0.46296876211076676,1.0,-5.226678848266602,-0.3656032383441925,0.8960495591163635,0.0017030171710676143,-0.1888685102305789,-0.014721894184855247,-0.9818905778986591,0.6944531431661501,-2.9185158611778443,0.0,1.2381519079208374,-2.8254170417785645,-0.09225068986415863,3.1314488236179896,0.144860272345489,0.477751082567055,3.1314488236179896,0.144860272345489,0.477751082567055,1.0342344275191304,1.0160337552742615,0.5265273010083673,3.749393375416942,1.536839765095915,0.1736019446531003,0.0,0.0,0.0,0.0,0.0,0.0,0.0,0.0,0.0
11.05,-5.233498624910181,-0.5114519209763878,1.0,-5.201458930969238,-0.4208071529865265,0.8935164213180542,0.008317975581564553,-0.17663152047694106,-0.01243934731005072,-0.984163346704609,0.7671778814645818,-2.9002479373652723,0.0,1.2713545560836792,-2.796335458755493,-0.08058274537324905,3.27543909943307,0.2211588045036499,0.42395774144562104,3.27543909943307,0.2211588045036499,0.42395774144562104,1.9926168638841593,1.7452961124068165,0.7002376089227204,3.2307608396405687,1.5983798888935663,0.3290744183555874,0.0,0.0,0.0,0.0,0.0,0.0,0.0,0.0,0.0
11.0668,-5.220016595093185,-0.5599430994009756,1.0,-5.175541877746582,-0.4753686487674713,0.8912544250488281,0.00979983770178334,-0.16388025487777325,-0.007934692141206358,-0.986399658486597,0.8399146491014635,-2.880024892639778,0.0,1.308318018913269,-2.763414144515991,-0.06425384432077408,3.396823111318978,0.283007057164282,0.3409430701805025,3.396823111318978,0.283007057164282,0.3409430701805025,2.2032799931785236,1.9623397663644373,0.973316303328312,2.9274297139316285,1.705827497018109,0.5192663979633017,0.0,0.0,0.0,0.0,0.0,0.0,0.0,0.0,0.0
11.0833,-5.205518604006933,-0.6074527551863353,1.0,-5.162343502044678,-0.5023601651191711,0.8902809619903564,0.007310602681881427,-0.1556913434830612,-0.003329179563875456,-0.9877730978390216,0.911179132779503,-2.8582779060103993,0.0,1.3302412033081055,-2.7517876625061035,-0.0579836405813694,3.6660336753602767,0.3462961476166132,0.31182228984674687,3.6660336753602767,0.3462961476166132,0.31182228984674687,1.3241435421856775,0.702230606396613,0.3787155022824475,2.454110331887808,1.4095473516135144,0.47777320463218076,0.0,0.0,0.0,0.0,0.0,0.0,0.0,0.0,0.0
11.1,-5.189742420568356,-0.6548844049940783,1.0,-5.135209083557129,-0.5560541749000549,0.8884867429733276,0.007881355304415954,-0.1560405722698225,0.00117429549321058,-0.9877185598170485,0.9823266074911174,-2.8346136308525347,0.0,1.3761554956436157,-2.7330477237701416,-0.0532059445977211,3.724236475576493,0.5122283390319348,0.29584356962134173,3.724236475576493,0.5122283390319348,0.29584356962134173,2.7554119986836647,1.1246226266615158,0.2867194542215736,2.5430600909824594,1.3254323650815563,0.42137064551634507,0.0,0.0,0.0,0.0,0.0,0.0,0.0,0.0,0.0
11.1167,-5.172772983796131,-0.7019411308388578,1.0,-5.121356964111328,-0.5827636122703552,0.8875943422317505,0.007881355304415954,-0.1560405722698225,0.00117429549321058,-0.9877185598170485,1.0529116962582867,-2.809159475694197,0.0,1.391717791557312,-2.723982810974121,-0.05590398237109184,4.030921138889325,0.6127175005086744,0.32024290282127943,4.030921138889325,0.6127175005086744,0.32024290282127943,0.9331779776116202,0.5435687020172416,-0.16178521773628604,2.0677934664133137,1.0946119211921674,0.24921237602326618,0.0,0.0,0.0,0.0,0.0,0.0,0.0,0.0,0.0
11.1333,-5.154639484020804,-0.7485401688026136,1.0,-5.093106746673584,-0.6359044909477234,0.885783314704895,0.008646747341729854,-0.16064350862103818,0.004054189651959969,-0.986966322864826,1.1228102532039204,-2.7819592260312063,0.0,1.435366153717041,-2.705228567123413,-0.04787196218967438,4.0960127121304755,0.7990731537349685,0.2849134653559293,4.0960127121304755,0.7990731537349685,0.2849134653559293,2.6186794638898028,1.125159130894995,0.4818803103231251,2.230425081715165,1.1036300158246186,0.3179002028285681,0.0,0.0,0.0,0.0,0.0,0.0,0.0,0.0,0.0
11.15,-5.1353614760871755,-0.7946371826784251,1.0,-5.063977241516113,-0.688477098941803,0.8843662142753601,0.009027823340897169,-0.1645537931271137,0.005587070532301208,-0.9863110236641787,1.1919557740176376,-2.753042214130763,0.0,1.481475830078125,-2.6792359352111816,-0.029871514067053795,4.140405923773216,0.9509476685824692,0.18784786741487558,4.140405923773216,0.9509476685824692,0.18784786741487558,2.768642721142972,1.5607203699196885,1.0808319121941792,2.389316766174488,1.2385714428456405,0.5431315879563546,0.0,0.0,0.0,0.0,0.0,0.0,0.0,0.0,0.0
11.1667,-5.114902778949011,-0.8403141692028976,1.0,-5.049070835113525,-0.7145344614982605,0.8837965130805969,0.014984216169987134,-0.16718384076789053,0.00578494998605984,-0.9857949355041628,1.2604712538043463,-2.722354168423517,0.0,1.5074657201766968,-2.663384437561035,-0.01871556229889393,4.376190299183465,1.0425431513156747,0.12763887392178397,4.376190299183465,1.0425431513156747,0.12763887392178397,1.5574788187052622,0.9499221328456516,0.668535284893772,2.1437430001212485,1.153356890731223,0.5801530513647187,0.0,0.0,0.0,0.0,0.0,0.0,0.0,0.0,0.0
11.1833,-5.093348055213457,-0.8853828284206287,1.0,-5.018596172332764,-0.7660701274871826,0.8830589056015015,0.02439896338528245,-0.1734918068021902,0.005460039930889392,-0.9845179281411311,1.3280742426309429,-2.6900220828201853,0.0,1.552198886871338,-2.6285808086395264,0.004160917364060879,4.419066792374274,1.1594668566288535,-0.0020378372281140145,4.419066792374274,1.1594668566288535,-0.0020378372281140145,2.686682895396291,2.0903128803608504,1.3739659219052052,2.3040287808179465,1.4299634241305663,0.81450111970332,0.0,0.0,0.0,0.0,0.0,0.0,0.0,0.0,0.0
11.1999,-5.070722262348597,-0.9298078670473086,1.0,-4.987213134765625,-0.8170848488807678,0.8828357458114624,0.030479462878168804,-0.18013615737116742,0.006587763156495353,-0.9831473547744054,1.394711800570963,-2.656083393522896,0.0,1.6001659631729126,-2.6120824813842773,0.027199232950806618,4.435007609217544,1.395140466375521,-0.1352576899055986,4.435007609217544,1.395140466375521,-0.1352576899055986,2.886326466199931,0.9927550786181568,1.3862862851306954,2.4759337005182207,1.3008915294375674,0.9833025513698764,0.0,0.0,0.0,0.0,0.0,0.0,0.0,0.0,0.0
11.2167,-5.046838770230865,-0.9739375292175145,1.0,-4.971103668212891,-0.8424422740936279,0.8829370141029358,0.030479462878168804,-0.18013615737116742,0.006587763156495353,-0.9831473547744054,1.4609062938262718,-2.6202581553462982,0.0,1.631278157234192,-2.5966317653656006,0.05003199353814125,4.62936674777154,1.5206184490377646,-0.2688440417031881,4.62936674777154,1.5206184490377646,-0.2688440417031881,1.8598426543526594,0.9236218003534576,1.364909911956274,2.294052363054767,1.1895146098453078,1.0959600190628915,0.0,0.0,0.0,0.0,0.0,0.0,0.0,0.0,0.0
11.2333,-5.021959039550873,-1.0172792468683494,1.0,-4.938093185424805,-0.892562210559845,0.8837595582008362,0.03173440109764887,-0.1845779768572381,0.008180071093236947,-0.9822713746749551,1.5259188703025242,-2.582938559326309,0.0,1.6769465208053589,-2.560642957687378,0.08090583980083466,4.647401787565221,1.657935533575362,-0.45432704661463497,4.647401787565221,1.657935533575362,-0.45432704661463497,2.7414377925033278,2.1603812740622,1.8533339565055602,2.4261287189378864,1.4761321941868886,1.319550648336567,0.0,0.0,0.0,0.0,0.0,0.0,0.0,0.0,0.0
11.25,-4.995995439425185,-1.0599997497400528,1.0,-4.904391765594482,-0.9420701861381531,0.8850526213645935,0.04025693114010495,-0.19195734739082104,0.007321497642221486,-0.9805499709412245,1.5899996246100794,-2.543993159137777,0.0,1.7036322355270386,-2.535862922668457,0.09702331572771072,4.773138427433594,1.871021150484109,-0.5536664645286304,4.773138427433594,1.871021150484109,-0.5536664645286304,1.6014880526541708,1.487122621261983,0.9672570289025612,2.182679721839282,1.4793767691375455,1.2155471328151306,0.0,0.0,0.0,0.0,0.0,0.0,0.0,0.0,0.0
11.2667,-4.968937912766505,-1.1021099052864824,1.0,-4.887404441833496,-0.9666427969932556,0.885802686214447,0.04898121814638267,-0.19623466772715373,0.006033742832819646,-0.9793143096365822,1.6531648579297236,-2.5034068691497584,0.0,1.7162672281265259,-2.5298407077789307,0.0969005599617958,5.064430734099832,2.083204908612571,-0.5528685620553357,5.064430734099832,2.083204908612571,-0.5528685620553357,0.7570822440320576,0.36084801211445877,-0.00735546222088887,1.7618172899602995,1.149166636098177,0.8545239350962202,0.0,0.0,0.0,0.0,0.0,0.0,0.0,0.0,0.0
11.2833,-4.940896398654036,-1.1434417382989894,1.0,-4.853070259094238,-1.0153417587280273,0.8873410224914551,0.05210647018373823,-0.1978855176364769,0.005789248964607982,-0.9788221608865204,1.7151626074484843,-2.4613445979810544,0.0,1.7381651401519775,-2.4853429794311523,0.10375269502401352,5.209011105181105,2.196292153990113,-0.5979225392235445,5.209011105181105,2.196292153990113,-0.5979225392235445,1.3155508765898933,2.6732697375959664,0.41165259396126963,1.6300712880763246,1.5991097285321532,0.723780220589757,0.0,0.0,0.0,0.0,0.0,0.0,0.0,0.0,0.0
11.3,-4.911758683281191,-1.1841595951845691,1.0,-4.835796356201172,-1.0393227338790894,0.8881719708442688,0.05977074287654272,-0.20395129734252085,0.005458817672282576,-0.9771394901065715,1.7762393927768536,-2.4176380249217857,0.0,1.735547423362732,-2.4583747386932373,0.10515865683555603,5.583669327149861,2.302235242417639,-0.6067796954738878,5.583669327149861,2.302235242417639,-0.6067796954738878,-0.15682087612300571,1.6155999600074271,0.08422766129147444,1.102548061192416,1.603977946264697,0.5349726156305261,0.0,0.0,0.0,0.0,0.0,0.0,0.0,0.0,0.0
11.3167,-4.88167648362775,-1.2240504487720079,1.0,-4.801198959350586,-1.086506962776184,0.889868974685669,0.07140748775040055,-0.21043093275916144,0.004855148361060992,-0.9749852382386341,1.8360756731580117,-2.3725147254416257,0.0,1.742369294166565,-2.411858558654785,0.10705698281526566,5.8101546331065865,2.417808703344494,-0.6229865806986208,5.8101546331065865,2.417808703344494,-0.6229865806986208,0.4096407965754699,2.7932110695929793,0.11399098412289367,0.89798917202978,1.9550613005400046,0.41069114349632646,0.0,0.0,0.0,0.0,0.0,0.0,0.0,0.0,0.0
11.3333,-4.850581029591332,-1.2632095909513528,1.0,-4.783870220184326,-1.1097205877304077,0.8907262682914734,0.07140748775040055,-0.21043093275916144,0.004855148361060992,-0.9749852382386341,1.8948143864270293,-2.3258715443869984,0.0,1.7495059967041016,-2.3554065227508545,0.11262970417737961,6.11752352726044,2.364777617655513,-0.657066505804222,6.11752352726044,2.364777617655513,-0.657066505804222,0.42815356228455365,3.3867378026976387,0.33432534006551,0.7592851125887746,2.377718371516904,0.38814656254369956,0.0,0.0,0.0,0.0,0.0,0.0,0.0,0.0,0.0
11.3501,-4.818348269375579,-1.3017751468222858,1.0,-4.73163366317749,-1.17766535282135,0.8934228420257568,0.08537947359641362,-0.22450872826836113,0.004312929154968384,-0.9707150459880559,1.9526627202334286,-2.277522404063369,0.0,1.7591115236282349,-2.29841685295105,0.11181500554084778,6.3573628526239645,2.610247535683446,-0.654224885788194,6.3573628526239645,2.610247535683446,-0.654224885788194,0.20750380669123822,1.6319676680280628,-0.08202574675186065,0.5963891858769849,2.1575591333506474,0.24934310324139258,0.0,0.0,0.0,0.0,0.0,0.0,0.0,0.0,0.0
11.3667,-4.785516767477125,-1.339119088634134,1.0,-4.714138984680176,-1.199714183807373,0.8943101763725281,0.08537947359641362,-0.22450872826836113,0.004312929154968384,-0.9707150459880559,2.008678632951201,-2.2282751512156875,0.0,1.7640336751937866,-2.274029493331909,0.10621312260627747,6.541470256317851,2.6985463410804353,-0.6293820942787374,6.541470256317851,2.6985463410804353,-0.6293820942787374,0.6668009321863222,3.260350433006301,-0.304241771441724,0.6171760203417698,2.4831232813329738,0.08591473005927955,0.0,0.0,0.0,0.0,0.0,0.0,0.0,0.0,0.0
11.3833,-4.751598283785374,-1.3758133676161732,1.0,-4.679097652435303,-1.2431141138076782,0.896060585975647,0.09024993180019615,-0.2365748336247116,0.005133148973838881,-0.9673991426814613,2.06372005142426,-2.1773974256780617,0.0,1.7635210752487183,-2.2192955017089844,0.10324781388044357,6.791655901756494,2.7892887724052846,-0.6168796781584955,6.791655901756494,2.7892887724052846,-0.6168796781584955,-0.030774075346387268,3.2859698843467307,-0.17802310560517576,0.4258893091538502,2.7201382726121883,0.007995456833938722,0.0,0.0,0.0,0.0,0.0,0.0,0.0,0.0,0.0
11.4,-4.716720654225365,-1.4117020180942055,1.0,-4.661551475524902,-1.2643924951553345,0.8968818187713623,0.09340935439498192,-0.24588255418656954,0.005812471878137468,-0.964770865208322,2.1175530271413083,-2.1250809813380482,0.0,1.7637914419174194,-2.1940901279449463,0.09811387956142426,7.120293733461455,2.9571956637963757,-0.5867414756821585,7.120293733461455,2.9571956637963757,-0.5867414756821585,0.016205556190693953,1.5107894135132045,-0.30772380887732936,0.30494317726352876,2.363116385470988,-0.08521064097893828,0.0,0.0,0.0,0.0,0.0,0.0,0.0,0.0,0.0
11.4167,-4.680993768645662,-1.4466707334296398,1.0,-4.626516819000244,-1.3060625791549683,0.8982571363449097,0.10018665719758676,-0.2567850113973145,0.005135635637901028,-0.961248020875539,2.1700061001444597,-2.071490652968493,0.0,1.7611567974090576,-2.1382429599761963,0.07865634560585022,7.372987768933193,3.053497679071121,-0.4734815312918226,7.372987768933193,3.053497679071121,-0.4734815312918226,-0.15808334406248659,3.3509291446719023,-1.1674865527945868,0.1682492851773339,2.6547367667849633,-0.4047182714998519,0.0,0.0,0.0,0.0,0.0,0.0,0.0,0.0,0.0
11.4333,-4.6444246831781575,-1.4807168099475707,1.0,-4.591373443603516,-1.3465901613235474,0.8993250727653503,0.10954484861053652,-0.2659375472629554,0.0021645778458225682,-0.9577434682750096,2.221075214921356,-2.0166370247672365,0.0,1.7729040384292603,-2.079141616821289,0.06714069098234177,7.532883654001198,3.1347889705181977,-0.406374194261657,7.532883654001198,3.1347889705181977,-0.406374194261657,0.7054103195510251,3.548977780322987,-0.6915037832149811,0.32682904051252937,2.9187330585169207,-0.4893825962949108,0.0,0.0,0.0,0.0,0.0,0.0,0.0,0.0,0.0
11.45,-4.606993251096228,-1.5138588578823688,1.0,-4.573686122894287,-1.3664021492004395,0.8997735977172852,0.10954484861053652,-0.2659375472629554,0.0021645778458225682,-0.9577434682750096,2.2707882868235534,-1.9604898766443433,0.0,1.7864607572555542,-2.051893472671509,0.06223499774932861,7.763766592095314,3.3136451494864825,-0.3758424040250201,7.763766592095314,3.3136451494864825,-0.3758424040250201,0.8135551994505809,1.6351942997767985,-0.2943966226463687,0.47051949879312716,2.5398089569919984,-0.4318191730078268,0.0,0.0,0.0,0.0,0.0,0.0,0.0,0.0,0.0
11.4666,-4.568739580041158,-1.5460594678203634,1.0,-4.537779331207275,-1.4051299095153809,0.9005395770072937,0.11182872837942517,-0.27193682977876127,0.0008913636991569687,-0.9557948930278054,2.319089201730545,-1.9031093700617374,0.0,1.8167071342468262,-1.9851535558700562,0.05336032062768936,7.797241371704401,3.360226619084414,-0.32310837178321883,7.797241371704401,3.360226619084414,-0.32310837178321883,1.8144988271640254,4.003768808284227,-0.5323973589736255,0.8672867611786355,2.9719966626939835,-0.46151169182783175,0.0,0.0,0.0,0.0,0.0,0.0,0.0,0.0,0.0
11.4833,-4.529640979723155,-1.577334162752294,1.0,-4.519606590270996,-1.4240039587020874,0.9008761644363403,0.11514108608238878,-0.2834120310506329,-0.0004993980080055443,-0.9520609351308312,2.3660012441284413,-1.844461469584732,0.0,1.842842936515808,-1.9237165451049805,0.04395130276679993,7.938388777375417,3.3492975990292897,-0.26502830320332116,7.938388777375417,3.3492975990292897,-0.26502830320332116,1.5658872096677428,3.680905922349513,-0.5637271269605463,1.0735263822777907,3.181279633269286,-0.491687556526815,0.0,0.0,0.0,0.0,0.0,0.0,0.0,0.0,0.0
11.5001,-4.489623999230788,-1.6077296851318468,1.0,-4.482879638671875,-1.4607785940170288,0.9014053344726562,0.11975867900017415,-0.2933951179813855,-0.0020333747064080476,-0.948458306813817,2.41159452769777,-1.7844359988461815,0.0,1.8631271123886108,-1.8915882110595703,0.03842707350850105,8.01654238035371,3.6145041838612975,-0.23122546124959165,8.01654238035371,3.6145041838612975,-0.23122546124959165,1.210850661087628,1.9178799652733303,-0.3297652658582753,1.1140670193339337,2.808300959425295,-0.4438851367785723,0.0,0.0,0.0,0.0,0.0,0.0,0.0,0.0,0.0
11.5167,-4.449284524514115,-1.636809421317083,1.0,-4.445272922515869,-1.4962624311447144,0.901868462562561,0.1242038386239893,-0.2993065770016068,-0.004377793154826525,-0.9460284988503155,2.4552141319756244,-1.7239267867711727,0.0,1.9108141660690308,-1.8156121969223022,0.04391006752848625,7.914971162106967,3.6168235684397008,-0.26318579894073757,7.914971162106967,3.6168235684397008,-0.26318579894073757,2.8768644372527867,4.583480762315713,0.33077804746494066,1.6344770367228967,3.332366483177534,-0.2151904058442013,0.0,0.0,0.0,0.0,0.0,0.0,0.0,0.0,0.0
11.5333,-4.408059476507372,-1.6649937526976513,1.0,-4.406455993652344,-1.5301737785339355,0.9023793935775757,0.1287545655666121,-0.30507495800784573,-0.007310075846274938,-0.9435561225698179,2.497490629046477,-1.6620892147610586,0.0,1.9654288291931152,-1.7393174171447754,0.047678474336862564,7.7601997120598405,3.619885946550319,-0.2851009275297951,7.7601997120598405,3.619885946550319,-0.2851009275297951,3.2809662264745483,4.583395399467186,0.226386372425449,2.1205507393273555,3.701693085010781,-0.08482886995701325,0.0,0.0,0.0,0.0,0.0,0.0,0.0,0.0,0.0
11.55,-4.366096994440063,-1.6921693764058796,1.0,-4.386630535125732,-1.5465078353881836,0.9026458859443665,0.1287545655666121,-0.30507495800784573,-0.007310075846274938,-0.9435561225698179,2.5382540646088194,-1.599145491660095,0.0,2.0030524730682373,-1.6987879276275635,0.04168817773461342,7.795650122675373,3.758881671659728,-0.24724740415105195,7.795650122675373,3.758881671659728,-0.24724740415105195,2.258066824068112,2.4324676253845605,-0.35952099878371613,2.161148001000049,3.3269945309963336,-0.16592300708598892,0.0,0.0,0.0,0.0,0.0,0.0,0.0,0.0,0.0
11.5667,-4.323290772997922,-1.7183934339659577,1.0,-4.34614372253418,-1.5780205726623535,0.9032052755355835,0.13282031399177616,-0.31073762944966327,-0.010213993708675529,-0.9411145556355819,2.5775901509489367,-1.5349361594968822,0.0,2.055097818374634,-1.61899733543396,0.042089998722076416,7.635060049856667,3.7484925558638222,-0.24921563602687336,7.635060049856667,3.7484925558638222,-0.24921563602687336,3.110044165835589,4.768001139763499,0.024011388730588404,2.441279492357336,3.752406019975864,-0.10985090190537124,0.0,0.0,0.0,0.0,0.0,0.0,0.0,0.0,0.0
11.5833,-4.28019400809692,-1.7433357985456774,1.0,-4.3045525550842285,-1.6080868244171143,0.9036405086517334,0.13619568650161962,-0.31416716065984324,-0.01275173975121347,-0.9394611347684995,2.615003697818516,-1.47029101214538,0.0,2.1030287742614746,-1.5507851839065552,0.032256316393613815,7.482920164808362,3.8065854263789483,-0.18919096061746465,7.482920164808362,3.8065854263789483,-0.18919096061746465,2.8877573006593216,4.109664306132123,-0.5924623744918626,2.573087901888895,3.857875195855658,-0.25232662956859975,0.0,0.0,0.0,0.0,0.0,0.0,0.0,0.0,0.0
11.6,-4.2362646577625895,-1.7673167488100998,1.0,-4.283334732055664,-1.6226017475128174,0.9037832021713257,0.13753038236355047,-0.3158201705951526,-0.014515796095636954,-0.9386865178397178,2.65097512321515,-1.4043969866438841,0.0,2.1294686794281006,-1.5111758708953857,0.027514226734638214,7.555611888754008,3.9685041658163285,-0.15823851884017692,7.555611888754008,3.9685041658163285,-0.15823851884017692,1.5833606990391067,2.372014163537458,-0.28398129078085066,2.2809023418184307,3.419221861214858,-0.26167166412813386,0.0,0.0,0.0,0.0,0.0,0.0,0.0,0.0,0.0
11.6167,-4.191724672701069,-1.7902030912989095,1.0,-4.240146160125732,-1.6503760814666748,0.9040266275405884,0.1408519386162016,-0.31559299381332284,-0.0173259372201008,-0.9382226074781583,2.685304636948364,-1.337587009051603,0.0,2.1776833534240723,-1.4326366186141968,0.024268468841910362,7.379651608986361,3.971727797123365,-0.1367758108702457,7.379651608986361,3.971727797123365,-0.1367758108702457,2.8873072529982866,4.703276699029126,-0.19437029286836094,2.4599241551952806,3.79829831871513,-0.24180306922801825,0.0,0.0,0.0,0.0,0.0,0.0,0.0,0.0,0.0
11.6335,-4.146161663693237,-1.8121838866119229,1.0,-4.195844650268555,-1.6765989065170288,0.9042287468910217,0.1431746303642127,-0.31280420006762977,-0.020155508041728196,-0.9387483472664833,2.7182758299178844,-1.2692424955398547,0.0,2.233375310897827,-1.34921395778656,0.025405792519450188,7.1479552964015145,3.9496401784212387,-0.14138135246018457,7.1479552964015145,3.9496401784212387,-0.14138135246018457,3.303619160762018,4.948590662876377,0.06746547371547372,2.708998341516887,4.13788564323826,-0.1505013426796017,0.0,0.0,0.0,0.0,0.0,0.0,0.0,0.0,0.0
11.6501,-4.100967730136608,-1.8326076217455307,1.0,-4.173219680786133,-1.6890674829483032,0.9043805003166199,0.1431746303642127,-0.31280420006762977,-0.020155508041728196,-0.9387483472664833,2.748911432618296,-1.2014515952049118,0.0,2.268913984298706,-1.3005452156066895,0.032387636601924896,7.130889979551295,4.068177398088455,-0.1808691756529992,7.130889979551295,4.068177398088455,-0.1808691756529992,2.149387166546503,2.9434967555875993,0.4222635409156453,2.5437908943439633,3.785280213100242,0.018589319696959053,0.0,0.0,0.0,0.0,0.0,0.0,0.0,0.0,0.0
11.6667,-4.055108415728434,-1.851974967567352,1.0,-4.126943588256836,-1.7126853466033936,0.9049369692802429,0.14545930565486698,-0.3100157434967248,-0.02344013838672768,-0.9392457222257603,2.777962451351028,-1.1326626235926511,0.0,2.33341121673584,-1.211724042892456,0.04709092155098915,6.814137343094758,4.010502012507968,-0.26871638167953726,6.814137343094758,4.010502012507968,-0.26871638167953726,3.8869076697606255,5.352783125951895,0.8860893542199488,2.9403035153320256,4.248035723088135,0.2746911856640767,0.0,0.0,0.0,0.0,0.0,0.0,0.0,0.0,0.0
11.6833,-4.008597346682778,-1.8702646337548403,1.0,-4.079408168792725,-1.734657883644104,0.905651330947876,0.15102222604297139,-0.30965176331298466,-0.026889267881465236,-0.9383949459417193,2.8053969506322605,-1.0628960200241668,0.0,2.3833346366882324,-1.13369882106781,0.047526754438877106,6.570611699326392,4.018257524396932,-0.27175994428936967,6.570611699326392,4.018257524396932,-0.27175994428936967,2.997037227875821,4.684064007328209,0.026164220948373337,2.957052344228266,4.376759242124911,0.20132148321578372,0.0,0.0,0.0,0.0,0.0,0.0,0.0,0.0,0.0
11.7,-3.9615621221023787,-1.887415046723798,1.0,-4.055283069610596,-1.7450623512268066,0.9060365557670593,0.15338035275386802,-0.307779126150085,-0.029275158828818437,-0.9385571691616378,2.831122570085697,-0.9923431831535685,0.0,2.4086081981658936,-1.0901062488555908,0.047316111624240875,6.583609846408681,4.182501606464813,-0.2692852607084557,6.583609846408681,4.182501606464813,-0.2692852607084557,1.5140759573222116,2.6115221458871924,-0.012619085027066402,2.5310593407394153,3.8556289871048746,0.1381623171608948,0.0,0.0,0.0,0.0,0.0,0.0,0.0,0.0,0.0
11.7167,-3.914201525972781,-1.90335400950341,1.0,-4.006132125854492,-1.7647483348846436,0.9066592454910278,0.15453232622243598,-0.30300092212933677,-0.03131881736626315,-0.9398560928858951,2.855031014255115,-0.9213022889591722,0.0,2.461434841156006,-1.013219952583313,0.03199685737490654,6.296118872545369,4.199718194115594,-0.17737360864948748,6.296118872545369,4.199718194115594,-0.17737360864948748,3.1714163028698206,4.615823373649181,-0.9196823785157089,2.7201044201172024,4.080052264504255,-0.17413277181297918,0.0,0.0,0.0,0.0,0.0,0.0,0.0,0.0,0.0
11.7333,-3.8664520150345227,-1.9181063877333104,1.0,-3.955923080444336,-1.7829402685165405,0.906995952129364,0.1566399162607157,-0.29697106207493623,-0.0330675322578287,-0.9413707241808311,2.8771595815999658,-0.8496780225517847,0.0,2.51424241065979,-0.9367836117744446,0.017215952277183533,5.993801160023147,4.218984833821097,-0.08727326449819195,5.993801160023147,4.218984833821097,-0.08727326449819195,3.1701804857801252,4.588679204774786,-0.8873375037571386,2.8529751009890414,4.230208233726843,-0.38468384431859837,0.0,0.0,0.0,0.0,0.0,0.0,0.0,0.0,0.0
11.75,-3.8183322249966465,-1.9316655260500006,1.0,-3.9303860664367676,-1.7914408445358276,0.9071049690246582,0.1566399162607157,-0.29697106207493623,-0.0330675322578287,-0.9413707241808311,2.897498289075001,-0.7774983374949698,0.0,2.535355567932129,-0.8902687430381775,0.018766971305012703,5.995665921881396,4.375852474020375,-0.09402871809082392,5.995665921881396,4.375852474020375,-0.09402871809082392,1.2670987866300367,2.7915736607142856,0.09308386722327153,2.3847954270553995,3.805497013057077,-0.24363808344783053,0.0,0.0,0.0,0.0,0.0,0.0,0.0,0.0,0.0
11.7667,-3.769837807370076,-1.944029946982731,1.0,-3.8785154819488525,-1.8071836233139038,0.9071891903877258,0.15986502998726174,-0.2923230707426624,-0.03445319419632134,-0.9422332594356065,2.9160449204740964,-0.7047567110551144,0.0,2.5854907035827637,-0.803709864616394,0.007562216836959124,5.681955299046043,4.33537692691119,-0.024123535875345326,5.681955299046043,4.33537692691119,-0.024123535875345326,3.004157321028044,5.1867115733531435,-0.6714022955894539,2.5676423785745914,4.213256796475737,-0.3699218973541462,0.0,0.0,0.0,0.0,0.0,0.0,0.0,0.0,0.0
11.7833,-3.721137304301607,-1.9551581447355033,1.0,-3.8256731033325195,-1.8213075399398804,0.9071182012557983,0.16309658164491783,-0.2877394060379283,-0.03548402181720081,-0.9430516669399911,2.932737217103255,-0.6317059564524109,0.0,2.6300466060638428,-0.7249248623847961,0.0042333947494626045,5.386228571624299,4.338760000684674,-0.0007028781077007551,5.386228571624299,4.338760000684674,-0.0007028781077007551,2.6761896578883304,4.732113960848334,-0.19994116934993056,2.599687519406417,4.366432914836697,-0.31974047961591434,0.0,0.0,0.0,0.0,0.0,0.0,0.0,0.0,0.0
11.8,-3.6720981575849554,-1.9650809044723532,1.0,-3.7989375591278076,-1.8277268409729004,0.9071033000946045,0.16420733549564215,-0.27976225621520323,-0.037220134801061504,-0.9451897765649487,2.9476213567085296,-0.5581472363774334,0.0,2.6543421745300293,-0.6734762191772461,0.003373214043676853,5.333055551922692,4.4739383771904535,0.00763165765970264,5.333055551922692,4.4739383771904535,0.00763165765970264,1.456610300318758,3.084538801297903,-0.05157105411741163,2.262230231679825,3.987994342635292,-0.24057196372846465,0.0,0.0,0.0,0.0,0.0,0.0,0.0,0.0,0.0
11.8167,-3.622848730653397,-1.9737701733270492,1.0,-3.7446935176849365,-1.839239478111267,0.9070984125137329,0.1677518907237644,-0.2716632282432967,-0.0400252604505526,-0.9468138632254675,2.960655259990574,-0.4842730959800962,0.0,2.6956944465637207,-0.5799880623817444,0.008312287740409374,5.029392294625132,4.387679253759105,-0.018880876904928456,5.029392294625132,4.387679253759105,-0.018880876904928456,2.4805354537913673,5.607930980235119,0.2962726547081033,2.3266779233319346,4.466229246528912,-0.08208562016121636,0.0,0.0,0.0,0.0,0.0,0.0,0.0,0.0,0.0
11.8333,-3.5734519993743024,-1.9812178083285534,1.0,-3.7172393798828125,-1.8443561792373657,0.9071455597877502,0.1677518907237644,-0.2716632282432967,-0.0400252604505526,-0.9468138632254675,2.97182671249283,-0.410177999061454,0.0,2.721391201019287,-0.5431513786315918,0.007791411597281694,4.943205990549961,4.614052424493376,-0.012897849589490917,4.943205990549961,4.614052424493376,-0.012897849589490917,1.5426232323810614,2.21137359019866,-0.031269148832441175,2.0952106479638104,3.800554643541466,-0.06708366902432684,0.0,0.0,0.0,0.0,0.0,0.0,0.0,0.0,0.0
11.85,-3.5238263855051746,-1.9874359735980651,1.0,-3.661771297454834,-1.8533376455307007,0.9072653651237488,0.17193802108498765,-0.26459126101768404,-0.04236495845193785,-0.947963165637511,2.981153960397098,-0.33573957825776224,0.0,2.7568771839141846,-0.4560192823410034,0.008197239600121975,4.647682258727455,4.563463194174421,-0.012841267589761785,4.647682258727455,4.563463194174421,-0.012841267589761785,2.1295570308475935,5.228903164882962,0.024354232467592857,2.10535032795886,4.222229233754103,-0.040089529243024585,0.0,0.0,0.0,0.0,0.0,0.0,0.0,0.0,0.0
11.8668,-3.4737893236001494,-1.9924350104840565,1.0,-3.6056830883026123,-1.860708236694336,0.9074287414550781,0.1747982853490431,-0.25681385037840815,-0.044138371396730734,-0.949496763014277,2.9886525157260846,-0.26068398540022436,0.0,2.786536455154419,-0.36876797676086426,0.011149211786687374,4.37409168740764,4.511184474243165,-0.028263750932024934,4.37409168740764,4.511184474243165,-0.028263750932024934,1.7677987778883046,5.200490265738241,0.17594811354270284,2.0056989407624357,4.511029770611507,0.023688731546308156,0.0,0.0,0.0,0.0,0.0,0.0,0.0,0.0,0.0
11.8833,-3.4242449120333274,-1.9961370699012206,1.0,-3.5773608684539795,-1.863838791847229,0.9075728058815002,0.1763916021759709,-0.25020413134801667,-0.044858871772024474,-0.9509319896466184,2.994205604851831,-0.18636736804999118,0.0,2.793560028076172,-0.3261691629886627,0.015909140929579735,4.3624380564578455,4.704774588572688,-0.054485309621993494,4.3624380564578455,4.704774588572688,-0.054485309621993494,0.4245240874439785,2.574789604138746,0.2877032242985604,1.5389072240591566,3.9394162837407865,0.10163063534507046,0.0,0.0,0.0,0.0,0.0,0.0,0.0,0.0,0.0
11.9,-3.374271453666104,-1.9986204620113153,1.0,-3.5203135013580322,-1.8688304424285889,0.9079025387763977,0.18048758306240742,-0.23845714875770055,-0.04630079975327919,-0.9531100544839645,2.997930693016973,-0.11140718049915649,0.0,2.8177971839904785,-0.24100984632968903,0.016836969181895256,4.0939923985969475,4.659543314660105,-0.0586278253330601,4.0939923985969475,4.659543314660105,-0.0586278253330601,1.4527137100231502,5.104233652004916,0.055611674383377635,1.5134613233093979,4.283291660860953,0.088044996955283,0.0,0.0,0.0,0.0,0.0,0.0,0.0,0.0,0.0
11.9167,-3.3243130178565847,-1.9998522138304884,1.0,-3.4627649784088135,-1.8723373413085938,0.9083553552627563,0.1837700665523109,-0.22794053804253872,-0.04747294575721562,-0.9549963366890695,2.9997783207457327,-0.0364695267848775,0.0,2.844290018081665,-0.1640520542860031,0.02711893618106842,3.79807032220884,4.659445753416639,-0.11953081396312193,3.79807032220884,4.659445753416639,-0.11953081396312193,1.5905727086643477,4.6203801119365595,0.6173071572479638,1.5362260136734405,4.3828063327697535,0.24429286028969205,0.0,0.0,0.0,0.0,0.0,0.0,0.0,0.0,0.0
11.9333,-3.274324383308765,-1.9998351838857933,1.0,-3.4337995052337646,-1.8735300302505493,0.9086763262748718,0.1837700665523109,-0.22794053804253872,-0.04747294575721562,-0.9549963366890695,2.99975277582869,0.0385134250368517,0.0,2.852405071258545,-0.11764795333147049,0.030741654336452484,3.7445247742200714,4.834825045536498,-0.13982929543679568,3.7445247742200714,4.834825045536498,-0.13982929543679568,0.4871336157545226,2.785563691464392,0.217465955604534,1.2265147629682018,3.9112711113729293,0.2363730676965208,0.0,0.0,0.0,0.0,0.0,0.0,0.0,0.0,0.0
11.95,-3.2243417823149128,-1.9985684461875997,1.0,-3.375467538833618,-1.874780535697937,0.9094459414482117,0.18575337080268803,-0.22150909754717032,-0.04834568054933071,-0.9560816601850736,2.9978526692813996,0.11348732652763047,0.0,2.868511199951172,-0.03893988952040672,0.03887546807527542,3.4847986959378106,4.8200927910544555,-0.18946148573989596,3.4847986959378106,4.8200927910544555,-0.18946148573989596,0.9662718846549948,4.722015489114887,0.48798042539192127,1.1496863086877203,4.1506176701038875,0.3106521584544595,0.0,0.0,0.0,0.0,0.0,0.0,0.0,0.0,0.0
11.9667,-3.174402895934039,-1.9960524460670477,1.0,-3.3167922496795654,-1.8745107650756836,0.9103897213935852,0.18916343938847907,-0.21440700717867348,-0.04938122861724345,-0.9569787980024764,2.9940786691005714,0.18839565609894093,0.0,2.8888869285583496,0.042044732719659805,0.04658292606472969,3.186229172309059,4.787179315644065,-0.23743787058817922,3.186229172309059,4.787179315644065,-0.23743787058817922,1.2224399593769222,4.858664945430619,0.4624082315372402,1.1711645161297173,4.359646167150367,0.355453324957828,0.0,0.0,0.0,0.0,0.0,0.0,0.0,0.0,0.0
11.9833,-3.1245638896836527,-1.992290684412561,1.0,-3.287325143814087,-1.8738081455230713,0.9109787344932556,0.1916683941950588,-0.20135611008454637,-0.051501299391038355,-0.9592010327370618,2.9884360266188414,0.2631541654745207,0.0,2.8898043632507324,0.08977664262056351,0.055158019065856934,3.139301657505708,4.9541970256212995,-0.2888677344549091,3.139301657505708,4.9541970256212995,-0.2888677344549091,0.055076073110338214,2.8654749828245096,0.5147859057208697,0.8416748083872064,3.9185395237476808,0.4024912150084134,0.0,0.0,0.0,0.0,0.0,0.0,0.0,0.0,0.0
12.0,-3.07478682928105,-1.9872793029000018,1.0,-3.228191614151001,-1.8710830211639404,0.9122427701950073,0.19484228863467973,-0.19294108644520172,-0.053036245466956684,-0.9602069515704713,2.9809189543500025,0.3378197560784244,0.0,2.9081592559814453,0.17640168964862823,0.056897543370723724,2.827847927451168,4.880657810203774,-0.3026974772182438,2.827847927451168,4.880657810203774,-0.3026974772182438,1.100413087291491,5.193347454295965,0.10428801403639171,0.9180590774217822,4.2948861252122175,0.31445617965732464,0.0,0.0,0.0,0.0,0.0,0.0,0.0,0.0,0.0
12.0167,-3.025179735964085,-1.9810284759374939,1.0,-3.1687850952148438,-1.8667103052139282,0.9135820865631104,0.20033819882637435,-0.1847323522022549,-0.054141209394366764,-0.9606286307898229,2.9715427139062407,0.4122303960538723,0.0,2.9160218238830566,0.2595614492893219,0.0589328370988369,2.566195820549659,4.8215836585138705,-0.31872473257275935,2.566195820549659,4.8215836585138705,-0.31872473257275935,0.4716735557875767,4.988733963127709,0.12209678082583635,0.7862779126013264,4.499722688803961,0.25766816926358954,0.0,0.0,0.0,0.0,0.0,0.0,0.0,0.0,0.0
12.0333,-2.975764868959323,-1.9735429004202152,1.0,-3.1390879154205322,-1.8639169931411743,0.9143130779266357,0.20033819882637435,-0.1847323522022549,-0.054141209394366764,-0.9606286307898229,2.960314350630323,0.48635269656101504,0.0,2.90932297706604,0.30899107456207275,0.06346471607685089,2.5291440419392517,4.974532535538309,-0.3467165330297757,2.5291440419392517,4.974532535538309,-0.3467165330297757,-0.4021843374701192,2.967648258685103,0.27208425480597187,0.4354221342011121,4.047426314464682,0.2619240612064363,0.0,0.0,0.0,0.0,0.0,0.0,0.0,0.0,0.0
12.05,-2.9265243686748605,-1.9648195725832662,1.0,-3.079662322998047,-1.8570613861083984,0.9158207774162292,0.20325081540318088,-0.17644546453127874,-0.05410711259392139,-0.9615761340911962,2.9472293588748992,0.5602134469877087,0.0,2.9071269035339355,0.3977908492088318,0.0674070492386818,2.304647192358109,4.87281287056344,-0.37510201440427515,2.304647192358109,4.87281287056344,-0.37510201440427515,-0.13171554818320916,5.3260106390585005,0.23645227080979822,0.2679927244734725,4.424887776474694,0.25440432311940636,0.0,0.0,0.0,0.0,0.0,0.0,0.0,0.0,0.0
12.0667,-2.87751456173478,-1.9548672728484267,1.0,-3.050020217895508,-1.8530104160308838,0.9166440963745117,0.20545816439770784,-0.1650249830396644,-0.05435978295074422,-0.9631193409494226,2.93230090927264,0.6337281573978298,0.0,2.9003450870513916,0.4422955811023712,0.06953204423189163,2.245209298896765,5.05228888432374,-0.3891896939591799,2.245209298896765,5.05228888432374,-0.3891896939591799,-0.4068569957376205,2.669942715335984,0.1274834081872014,0.0687647524671291,3.9067959183290792,0.21693494922795198,0.0,0.0,0.0,0.0,0.0,0.0,0.0,0.0,0.0
12.0833,-2.82879463424487,-1.943698923003142,1.0,-2.990813970565796,-1.8436284065246582,0.9182802438735962,0.2087538121923259,-0.15287626327478748,-0.05505132844111099,-0.9643754856224414,2.915548384504713,0.7068080486326941,0.0,2.8935773372650146,0.5300787687301636,0.06389207392930984,2.0259489532266484,4.946204538038902,-0.3608072048712767,2.0259489532266484,4.946204538038902,-0.3608072048712767,-0.4061525253970525,5.268126699098583,-0.33847116897982543,-0.07143950828303888,4.308685646604708,0.05296891166948807,0.0,0.0,0.0,0.0,0.0,0.0,0.0,0.0,0.0
12.1,-2.780297876323985,-1.931297414342659,1.0,-2.9317970275878906,-1.832650899887085,0.9199134111404419,0.21213457686460072,-0.14413252286374398,-0.055233950735708665,-0.9649735915496594,2.8969461215139884,0.7795531855140221,0.0,2.8810763359069824,0.6133055686950684,0.06800127774477005,1.8301510232091118,4.860884927915864,-0.39095523855037406,1.8301510232091118,4.860884927915864,-0.39095523855037406,-0.7490856620378308,4.987120692611007,0.2462319275387165,-0.2714930385834383,4.50897207231677,0.11002368632867038,0.0,0.0,0.0,0.0,0.0,0.0,0.0,0.0,0.0
12.1167,-2.732198688375151,-1.9177073996095184,1.0,-2.902428388595581,-1.8265177011489868,0.9207757711410522,0.21213457686460072,-0.14413252286374398,-0.055233950735708665,-0.9649735915496594,2.8765610994142774,0.8517019674372734,0.0,2.874579906463623,0.6584277749061584,0.06902199238538742,1.7350851834852778,5.028231645689181,-0.3987514657133726,1.7350851834852778,5.028231645689181,-0.3987514657133726,-0.3899255867200916,2.7083035203205497,0.06126484688036634,-0.30645649145029075,3.9773818039565922,0.09562918573136713,0.0,0.0,0.0,0.0,0.0,0.0,0.0,0.0,0.0
12.1334,-2.68443915183141,-1.9029148278895633,1.0,-2.843855619430542,-1.813083529472351,0.9224549531936646,0.21402926209762765,-0.1372777646902882,-0.05499902420210891,-0.96556794640736,2.854372241834345,0.9233412722528845,0.0,2.859198570251465,0.7411998510360718,0.06387423723936081,1.5353720255729133,4.933446459101138,-0.3736758647663816,1.5353720255729133,4.933446459101138,-0.3736758647663816,-0.9228282481511679,4.966045144402008,-0.30884793088157464,-0.488420699794471,4.269253292400487,-0.023779851943810756,0.0,0.0,0.0,0.0,0.0,0.0,0.0,0.0,0.0
12.15,-2.637121669033407,-1.8869531839277158,1.0,-2.785675287246704,-1.7979880571365356,0.9241644740104675,0.21616907866995,-0.12931668862191398,-0.05593287192456489,-0.9661364652469234,2.8304297758915737,0.9943174964498896,0.0,2.8484768867492676,0.8258169293403625,0.06644303351640701,1.2977414867835895,4.818537630747887,-0.39511161640360903,1.2977414867835895,4.818537630747887,-0.39511161640360903,-0.6441216913028532,5.083501632863527,0.15432440271570988,-0.5343864783205239,4.509634284970565,0.028799779341238074,0.0,0.0,0.0,0.0,0.0,0.0,0.0,0.0,0.0
12.1669,-2.5893943457430124,-1.8695025017736666,1.0,-2.727778911590576,-1.781221628189087,0.9259844422340393,0.21745923584971696,-0.1188534173777207,-0.05708933930085527,-0.9671226593552299,2.8042537526605,1.0659084813854816,0.0,2.8311259746551514,0.921913743019104,0.06948542594909668,1.0575698040315307,4.930209213510928,-0.41881943939541877,1.0575698040315307,4.930209213510928,-0.41881943939541877,-0.7158476865923674,2.759607536868175,0.16836935719914442,-0.5879571436688206,3.992994402727988,0.07000326971493841,0.0,0.0,0.0,0.0,0.0,0.0,0.0,0.0,0.0
12.1834,-2.543568995722043,-1.8514351557013933,1.0,-2.6989376544952393,-1.772199034690857,0.9269108772277832,0.2173878706984759,-0.10952847982824604,-0.0573789302969736,-0.9682219756049395,2.77715273355209,1.1346465064169347,0.0,2.822282075881958,0.9607182145118713,0.0697961077094078,0.963724827490279,4.817037033655449,-0.4240544564076014,0.963724827490279,4.817037033655449,-0.4240544564076014,-0.8569063180827887,5.36976397966594,0.03048384168482208,-0.667355855688016,4.399441945815923,0.05833641224209553,0.0,0.0,0.0,0.0,0.0,0.0,0.0,0.0,0.0
12.2,-2.497559077569755,-1.8319630362016854,1.0,-2.641646385192871,-1.752906322479248,0.9288598299026489,0.21718223622459126,-0.10102467879159699,-0.05675701140034686,-0.9692288638158648,2.7479445543025283,1.2036613836453671,0.0,2.7999191284179688,1.0455658435821533,0.07514329254627228,0.7651238942475378,4.6778087350527064,-0.46351289170884336,0.7651238942475378,4.6778087350527064,-0.46351289170884336,-1.3428538704920614,5.094944093687812,0.3210886161577116,-0.8667752161074364,4.6047668919435285,0.13590566530473452,0.0,0.0,0.0,0.0,0.0,0.0,0.0,0.0,0.0
12.2167,-2.4519844717223647,-1.8113171074662777,1.0,-2.6131675243377686,-1.7426427602767944,0.9298532009124756,0.21718223622459126,-0.10102467879159699,-0.05675701140034686,-0.9692288638158648,2.7169756611994167,1.2720232924164532,0.0,2.785655975341797,1.0867563486099243,0.07708605378866196,0.6505139264230246,4.845150129513154,-0.47779614978715124,0.6505139264230246,4.845150129513154,-0.47779614978715124,-0.8550805425725027,2.469383817160499,0.11646915155153438,-0.8633227347299346,3.9743627786949984,0.13016765119292278,0.0,0.0,0.0,0.0,0.0,0.0,0.0,0.0,0.0
12.2333,-2.406989214453639,-1.789561884064888,1.0,-2.5568151473999023,-1.7209711074829102,0.9319040179252625,0.21796477676089301,-0.0907045382449467,-0.05598433322659661,-0.9701184573473842,2.684342826097332,1.3395161783195415,0.0,2.749861240386963,1.1639338731765747,0.07015722990036011,0.513956280316477,4.737368275409432,-0.44420853162044516,0.513956280316477,4.737368275409432,-0.44420853162044516,-2.1487312332727453,4.632909218416796,-0.41593212849393885,-1.242798817618875,4.168777724316865,-0.03105098513709191,0.0,0.0,0.0,0.0,0.0,0.0,0.0,0.0,0.0
12.25,-2.362553507269792,-1.7666901463663152,1.0,-2.5012621879577637,-1.697978138923645,0.9337726831436157,0.2183932943064154,-0.07937692996820415,-0.054666612007903584,-0.9710897314713177,2.6500352195494727,1.4061697390953118,0.0,2.705094575881958,1.235348105430603,0.05888703837990761,0.42345494183470533,4.6555919257026535,-0.38372398611669034,0.42345494183470533,4.6555919257026535,-0.38372398611669034,-2.68704027018518,4.286513638054895,-0.6764734161681788,-1.6691652916129334,4.203535517976473,-0.22159148351872526,0.0,0.0,0.0,0.0,0.0,0.0,0.0,0.0,0.0
12.2667,-2.318592217669874,-1.7426527952469086,1.0,-2.4465103149414062,-1.6735047101974487,0.9354840517044067,0.2173121380800579,-0.07040562028280406,-0.0533829454428073,-0.9720950602488482,2.613979192870363,1.472111673495189,0.0,2.69043231010437,1.2738230228424072,0.05327000841498375,0.28122393858183026,4.82528855501368,-0.3521512351315277,0.28122393858183026,4.82528855501368,-0.3521512351315277,-0.8774648289244642,2.302535456439232,-0.33615174571241047,-1.4354408446818894,3.6423255541855255,-0.25541176679931055,0.0,0.0,0.0,0.0,0.0,0.0,0.0,0.0,0.0
12.2835,-2.275038025088451,-1.7173971439318916,1.0,-2.4195001125335693,-1.6607424020767212,0.9363581538200378,0.217599068556364,-0.0626588451340395,-0.05248606050649541,-0.9726097575628632,2.5760957158978375,1.537442962367323,0.0,2.641568422317505,1.3493878841400146,0.05649060383439064,0.19784865069868873,4.706471423003895,-0.3779531652626371,0.19784865069868873,4.706471423003895,-0.3779531652626371,-2.9130008385803827,4.504768537601092,0.1919944888212971,-1.871643561058541,3.8969344862352235,-0.1233292626495516,0.0,0.0,0.0,0.0,0.0,0.0,0.0,0.0,0.0
12.3,-2.232802311549629,-1.6914754192024741,1.0,-2.3661575317382812,-1.6340879201889038,0.9381930828094482,0.2174181321357067,-0.05270679408885913,-0.05257208222430611,-0.9732355961164014,2.537213128803711,1.6007965326755564,0.0,2.599630832672119,1.4244012832641602,0.06347675621509552,0.06781668766876425,4.573576877674222,-0.427002915782408,0.06781668766876425,4.573576877674222,-0.427002915782408,-2.5389578521939953,4.541411662817552,0.4229510230225173,-2.068646936672568,4.087195928226647,0.03794266234650359,0.0,0.0,0.0,0.0,0.0,0.0,0.0,0.0,0.0
12.3167,-2.1908360919752097,-1.6642582206902794,1.0,-2.339876651763916,-1.6202083826065063,0.9391905665397644,0.2174181321357067,-0.05270679408885913,-0.05257208222430611,-0.9732355961164014,2.496387331035419,1.6637458620371857,0.0,2.5704264640808105,1.4624340534210205,0.07060730457305908,-0.015423968317125336,4.7277913205532816,-0.47274565952879577,-0.015423968317125336,4.7277913205532816,-0.47274565952879577,-1.7514119446946625,2.2808590343013195,0.42762532349618954,-1.974993368762016,3.5539322617255893,0.1529841063625174,0.0,0.0,0.0,0.0,0.0,0.0,0.0,0.0,0.0
12.3333,-2.149598742661259,-1.6360247391508003,1.0,-2.2881195545196533,-1.591372013092041,0.9413689374923706,0.2154820165505936,-0.04366801783570525,-0.05282761856682769,-0.9740995643640263,2.4540371087262005,1.7256018860081115,0.0,2.517672061920166,1.540021538734436,0.07596436142921448,-0.09607453903955765,4.566119068132197,-0.5138268025433899,-0.09607453903955765,4.566119068132197,-0.5138268025433899,-3.167396719058662,4.658385582180996,0.3216399696527241,-2.327012631982369,3.879987068625672,0.20277439982189174,0.0,0.0,0.0,0.0,0.0,0.0,0.0,0.0,0.0
12.35,-2.1090590314052218,-1.6067543711851329,1.0,-2.2375524044036865,-1.5610599517822266,0.94365394115448,0.21505723426952048,-0.03719875581215439,-0.05267192810842846,-0.9744702880435281,2.4101315567776993,1.786411452892167,0.0,2.467771291732788,1.6116355657577515,0.07976580411195755,-0.19931263798879417,4.429463732729158,-0.5461817662900739,-0.19931263798879417,4.429463732729158,-0.5461817662900739,-2.9932355128425145,4.29567816486471,0.22802480192780733,-2.5236938033348184,4.002706678050556,0.2102287800390647,0.0,0.0,0.0,0.0,0.0,0.0,0.0,0.0,0.0
12.3667,-2.0692693624778187,-1.5764840937555462,1.0,-2.2126545906066895,-1.5453739166259766,0.9448437690734863,0.21604425024137286,-0.030965932340393583,-0.052285610094977605,-0.9744907714119044,2.3647261406333193,1.8460959562832717,0.0,2.436504364013672,1.6520103216171265,0.07903996109962463,-0.29682187760884293,4.549616928705123,-0.5459377556427807,-0.29682187760884293,4.549616928705123,-0.5459377556427807,-1.8764737866300367,2.423076923076923,-0.043561215802426737,-2.332622624806847,3.536371102619283,0.13530533460712046,0.0,0.0,0.0,0.0,0.0,0.0,0.0,0.0,0.0
12.3833,-2.030252616971395,-1.545231886576254,1.0,-2.1637375354766846,-1.5128414630889893,0.9471646547317505,0.2164362264692363,-0.026085948948847602,-0.051944810677918465,-0.9745648655715865,2.317847829864381,1.9046210745429075,0.0,2.3807969093322754,1.7232450246810913,0.07332361489534378,-0.3789117795489436,4.396100951562952,-0.5214831569571015,-0.3789117795489436,4.396100951562952,-0.5214831569571015,-3.3428808515508757,4.274636602952959,-0.34302526253290605,-2.6308693183877225,3.754320572002954,-0.005906600380393326,0.0,0.0,0.0,0.0,0.0,0.0,0.0,0.0,0.0
12.4,-1.9920064224399099,-1.5129946467392266,1.0,-2.116039991378784,-1.4789326190948486,0.9495182633399963,0.21397195292036497,-0.01729933202197832,-0.05096624514919257,-0.975355961918136,2.26949197010884,1.9619903663401348,0.0,2.325768232345581,1.7931371927261353,0.08255700021982193,-0.4701173912113905,4.239503923865189,-0.5869680187044661,-0.4701173912113905,4.239503923865189,-0.5869680187044661,-3.3002130488868553,4.191615310922687,0.5537501608590588,-2.828471821595089,3.8834179716088553,0.15931430469236482,0.0,0.0,0.0,0.0,0.0,0.0,0.0,0.0,0.0
12.4167,-1.954593728998051,-1.4798249781472912,1.0,-2.092665672302246,-1.4614489078521729,0.9507957696914673,0.21397195292036497,-0.01729933202197832,-0.05096624514919257,-0.975355961918136,2.219737467220937,2.0181094065029233,0.0,2.286367654800415,1.8363696336746216,0.08742877840995789,-0.5439263031492496,4.320315266494487,-0.6209459863068911,-0.5439263031492496,4.320315266494487,-0.6209459863068911,-2.3639016435652063,2.593800512094294,0.2922902451758715,-2.6913222138356483,3.5026993265115562,0.19857123279760044,0.0,0.0,0.0,0.0,0.0,0.0,0.0,0.0,0.0
12.4333,-1.918026546441034,-1.4457348905170355,1.0,-2.046964645385742,-1.425312876701355,0.953522264957428,0.21003485775028044,-0.003754630926168688,-0.049354886836924045,-0.9764402317429273,2.168602335775553,2.0729601803384488,0.0,2.216653823852539,1.9112248420715332,0.0927700474858284,-0.5582511065022189,4.113015970293718,-0.6650772418185635,-0.5582511065022189,4.113015970293718,-0.6650772418185635,-4.183971038548493,4.492537847351401,0.3205635785421973,-3.1319794288555673,3.794917749687305,0.23458560298269931,0.0,0.0,0.0,0.0,0.0,0.0,0.0,0.0,0.0
12.45,-1.8823410158535376,-1.4107597260585591,1.0,-2.0027623176574707,-1.3877184391021729,0.9563219547271729,0.21003485775028044,-0.003754630926168688,-0.049354886836924045,-0.9764402317429273,2.1161395890878385,2.126488476219693,0.0,2.144318103790283,1.9784889221191406,0.09351637959480286,-0.559883881846404,3.938426989203175,-0.682098624614424,-0.559883881846404,3.938426989203175,-0.682098624614424,-4.3427565377954,4.0382749094656685,0.04480688991311567,-3.4894229614546957,3.8667612312267226,0.17855945819449348,0.0,0.0,0.0,0.0,0.0,0.0,0.0,0.0,0.0
12.4667,-1.8475044654791835,-1.3748660742767231,1.0,-1.9812606573104858,-1.3684396743774414,0.9577088952064514,0.20753232539967334,0.0025186956670110714,-0.0466627147414422,-0.9771113781586148,2.0622991114150846,2.1787433017812248,0.0,2.1096177101135254,2.012937307357788,0.08560624718666077,-0.6842018858112149,4.047472194324488,-0.6401621851021968,-0.6842018858112149,4.047472194324488,-0.6401621851021968,-2.0810729656691023,2.0659593634270843,-0.4743912378283312,-3.073652301510227,3.335131605604689,-0.014203521610946512,0.0,0.0,0.0,0.0,0.0,0.0,0.0,0.0,0.0
12.4833,-1.813595571089931,-1.3381337278899041,1.0,-1.9393494129180908,-1.328982949256897,0.9603829383850098,0.204219330225626,0.006457487247748168,-0.04436149681274741,-0.9778981755266162,2.0072005918348563,2.2296066433651034,0.0,2.030649185180664,2.0715854167938232,0.08129431307315826,-0.6551931104886277,3.904341429703113,-0.6263404744343983,-0.6551931104886277,3.904341429703113,-0.6263404744343983,-4.7389973101356375,3.5195444399931324,-0.25876441509757914,-3.5652925864844063,3.3895736449311022,-0.08640236734234952,0.0,0.0,0.0,0.0,0.0,0.0,0.0,0.0,0.0
12.5,-1.7805967324161758,-1.3005436211275647,1.0,-1.8989681005477905,-1.2883994579315186,0.9630051851272583,0.201383932602192,0.010244792518224974,-0.042514284736211896,-0.9785356887571919,1.950815431691347,2.279104901375736,0.0,1.9607280492782593,2.124161720275879,0.07956282794475555,-0.6831631129683293,3.7861259841876262,-0.6278289853569117,-0.6831631129683293,3.7861259841876262,-0.6278289853569117,-4.193052815189729,3.152912413142318,-0.10383424837722685,-3.750618879917674,3.3197069237193717,-0.09154857723593608,0.0,0.0,0.0,0.0,0.0,0.0,0.0,0.0,0.0
12.5167,-1.7485378758918515,-1.2621272825899266,1.0,-1.8793729543685913,-1.2677150964736938,0.9643208980560303,0.19615248664091364,0.015110909596610883,-0.04060170289763608,-0.9796159546313746,1.8931909238848899,2.3271931861622224,0.0,1.9160231351852417,2.150418519973755,0.08067947626113892,-0.7683120653370366,3.919431229817807,-0.6399170998347312,-0.7683120653370366,3.919431229817807,-0.6399170998347312,-2.6799588371494725,1.5740359603235858,0.06694054969556641,-3.434540466249203,2.8043529487352603,-0.044759690172691276,0.0,0.0,0.0,0.0,0.0,0.0,0.0,0.0,0.0
12.5333,-1.7175021199855667,-1.2229883318126238,1.0,-1.8414791822433472,-1.2255847454071045,0.9670596122741699,0.19615248664091364,0.015110909596610883,-0.04060170289763608,-0.9796159546313746,1.8344824977189358,2.37374682002165,0.0,1.8377736806869507,2.2030272483825684,0.08408531546592712,-0.7531226572935288,3.7801242427269406,-0.6729490293891853,-0.7531226572935288,3.7801242427269406,-0.6729490293891853,-4.7006874820968205,3.160369521627041,0.20459932684044688,-3.8083302073937944,2.909455548163903,0.028855649321682546,0.0,0.0,0.0,0.0,0.0,0.0,0.0,0.0,0.0
12.55,-1.6874412070962732,-1.1830697948256796,1.0,-1.8052295446395874,-1.182496428489685,0.9699112772941589,0.18871745065715992,0.02298621155990942,-0.04066947503004157,-0.9809196409495137,1.7746046922385195,2.41883818935559,0.0,1.7509732246398926,2.24992036819458,0.08880262821912766,-0.6882056142776789,3.6636385823139794,-0.7145089488700886,-0.6882056142776789,3.6636385823139794,-0.7145089488700886,-5.211536259268803,2.8154828366114115,0.28322946190844284,-4.2225822810771625,2.8817130861226,0.10395144812757037,0.0,0.0,0.0,0.0,0.0,0.0,0.0,0.0,0.0
12.5667,-1.6583632976835463,-1.1423786314561208,1.0,-1.7877495288848877,-1.1605948209762573,0.9713681936264038,0.18871745065715992,0.02298621155990942,-0.04066947503004157,-0.9809196409495137,1.7135679471841812,2.46245505347468,0.0,1.7148505449295044,2.275514602661133,0.08942373842000961,-0.8429681651764733,3.774470798520603,-0.7245652529926314,-0.8429681651764733,3.774470798520603,-0.7245652529926314,-2.1661233826578026,1.5347773250411036,0.03724533562084495,-3.6154780272318288,2.4840730307645744,0.08425858449122647,0.0,0.0,0.0,0.0,0.0,0.0,0.0,0.0,0.0
12.5833,-1.630315880330037,-1.1009790826904668,1.0,-1.7538682222366333,-1.1161376237869263,0.9743824005126953,0.18551864183244074,0.025304066957053905,-0.04006959893518598,-0.9814973478020524,1.6514686240357004,2.504526179504944,0.0,1.6389554738998413,2.3165597915649414,0.09763799607753754,-0.8504105802166957,3.6724418401629753,-0.7880679019852845,-0.8504105802166957,3.6724418401629753,-0.7880679019852845,-4.553643464080336,2.4626784539238407,0.4928488792092238,-3.8924416115559186,2.477756960640725,0.20488190752183846,0.0,0.0,0.0,0.0,0.0,0.0,0.0,0.0,0.0
12.6,-1.6032940809400729,-1.0588621365536726,1.0,-1.737563133239746,-1.0935513973236084,0.97593092918396,0.18212875500164133,0.027665612831035993,-0.03912567811593606,-0.9821063697630349,1.5882932048305087,2.5450588785898907,0.0,1.5946546792984009,2.3434877395629883,0.09871639311313629,-0.9686336722037816,3.7575395737899546,-0.8014777881368058,-0.9686336722037816,3.7575395737899546,-0.8014777881368058,-2.655277372888622,1.6139929692188975,0.06463638572122667,-3.5272081159691395,2.222758042882788,0.16347886614165175,0.0,0.0,0.0,0.0,0.0,0.0,0.0,0.0,0.0
12.6167,-1.5773133500984136,-1.0160466063379425,1.0,-1.706148386001587,-1.0476404428482056,0.979118824005127,0.17976478568386986,0.030813555677958612,-0.03808153209092712,-0.9824891474412107,1.5240699095069137,2.5840299748523794,0.0,1.5201513767242432,2.392564058303833,0.10504423081874847,-0.9904291747927565,3.5856237022431032,-0.85468697545444,-0.9904291747927565,3.5856237022431032,-0.85468697545444,-4.4620321848271525,2.93920009138549,0.37897669670012707,-3.803185267390412,2.4342648304067067,0.22709776449505426,0.0,0.0,0.0,0.0,0.0,0.0,0.0,0.0,0.0
12.6334,-1.5524743849689773,-0.9727045927775023,1.0,-1.691059947013855,-1.02433443069458,0.9807846546173096,0.17976478568386986,0.030813555677958612,-0.03808153209092712,-0.9824891474412107,1.4590568891662534,2.6212884225465336,0.0,1.4748685359954834,2.417847156524658,0.10890607535839081,-1.1136381464006635,3.6609957996326496,-0.8855474086959543,-1.1136381464006635,3.6609957996326496,-0.8855474086959543,-2.720046973906568,1.5187036347492338,0.23197304728897544,-3.4834230460388222,2.1639744312323765,0.2285370370840486,0.0,0.0,0.0,0.0,0.0,0.0,0.0,0.0,0.0
12.65,-1.528750571080636,-0.9288032410326891,1.0,-1.6620370149612427,-0.9770767688751221,0.9842463135719299,0.17880721982241446,0.033998013500759844,-0.036993047581284806,-0.9826004994149766,1.3932048615490336,2.6568741433790457,0.0,1.4044417142868042,2.453932523727417,0.11648520082235336,-1.1638468502259367,3.5432411727556206,-0.947806453152209,-1.1638468502259367,3.5432411727556206,-0.947806453152209,-4.234639314180859,2.1697488388095647,0.4557193108836516,-3.7051958187878373,2.1656791418911903,0.29560539664523666,0.0,0.0,0.0,0.0,0.0,0.0,0.0,0.0,0.0
12.6667,-1.5060785108197219,-0.8842203857959924,1.0,-1.6345629692077637,-0.92899489402771,0.9876925945281982,0.17676222839088557,0.035367538464628895,-0.036245025313913444,-0.9829499810828289,1.3263305786939885,2.690882233770417,0.0,1.3225135803222656,2.503174304962158,0.11047907173633575,-1.1464033288633924,3.3347791200790593,-0.928590631557638,-1.1464033288633924,3.3347791200790593,-0.928590631557638,-4.913232770946526,2.9530311695739204,-0.3601877502144695,-4.061830407021818,2.3981198513297985,0.10200327339970974,0.0,0.0,0.0,0.0,0.0,0.0,0.0,0.0,0.0
12.6833,-1.4845268925638841,-0.8390812810307795,1.0,-1.608647108078003,-0.8800147771835327,0.9910663366317749,0.17459621755221372,0.03714805315339587,-0.0351288503247994,-0.9833118117772949,1.2586219215461694,2.7232096611541734,0.0,1.249150037765503,2.5441343784332275,0.10674463957548141,-1.1807161351632827,3.162897938967107,-0.9227547348406073,-1.1807161351632827,3.162897938967107,-0.9227547348406073,-4.3984819463106435,2.455744875496727,-0.22389639140627232,-4.161216094585483,2.4151318117081813,0.005791735701311779,0.0,0.0,0.0,0.0,0.0,0.0,0.0,0.0,0.0
12.7,-1.4641213565844187,-0.7934416214508571,1.0,-1.5962735414505005,-0.8551822900772095,0.992717981338501,0.17408111984313782,0.04275548061352776,-0.03422581194860501,-0.9832072032992909,1.1901624321762856,2.7538179651233716,0.0,1.2066054344177246,2.570247173309326,0.10229042172431946,-1.3397565659246573,3.192246146237264,-0.9040450321304956,-1.3397565659246573,3.192246146237264,-0.9040450321304956,-2.5538842454774446,1.567509159606137,-0.26737954760132815,-3.6867023546393005,2.1648981123415934,-0.07485342003162922,0.0,0.0,0.0,0.0,0.0,0.0,0.0,0.0,0.0
12.7167,-1.4448541336785985,-0.7472842930709954,1.0,-1.5726202726364136,-0.8048743605613708,0.9959192276000977,0.17019750902381361,0.04752143570642754,-0.03307111473995208,-0.9837076971253578,1.120926439606493,2.782718799482102,0.0,1.1379902362823486,2.6072421073913574,0.09440482407808304,-1.4066323442901525,3.020034853744118,-0.8726015857847482,-1.4066323442901525,3.020034853744118,-0.8726015857847482,-4.114914425427873,2.2186190823431846,-0.47290630049042737,-3.813118384603955,2.18075752457382,-0.1923659057748014,0.0,0.0,0.0,0.0,0.0,0.0,0.0,0.0,0.0
12.7333,-1.4267594553794645,-0.7006924161069248,1.0,-1.5504157543182373,-0.7537583112716675,0.998932421207428,0.1635733151851367,0.04896243118865894,-0.03193041028500469,-0.9847979096557891,1.051038624160387,2.809860816930803,0.0,1.0691579580307007,2.6529295444488525,0.08304879814386368,-1.4721677713157129,2.7821937898278963,-0.819495828071167,-1.4721677713157129,2.7821937898278963,-0.819495828071167,-4.131772905515643,2.7424650084437703,-0.6816644960929673,-3.9071910234012717,2.3465838404492882,-0.33681579281655416,0.0,0.0,0.0,0.0,0.0,0.0,0.0,0.0,0.0
12.75,-1.4098419659339918,-0.6536838733330692,1.0,-1.5398499965667725,-0.7279142141342163,1.0003771781921387,0.1635733151851367,0.04896243118865894,-0.03193041028500469,-0.9847979096557891,0.9805258099996038,2.835237051099012,0.0,1.0275179147720337,2.6691250801086426,0.08007791638374329,-1.6495453058280063,2.8385670086230776,-0.8089068833379951,-1.6495453058280063,2.8385670086230776,-0.8089068833379951,-2.5007302405498284,0.9726374570446735,-0.17841897551546393,-3.4919780936451494,1.9409697556934569,-0.290054157243401,0.0,0.0,0.0,0.0,0.0,0.0,0.0,0.0,0.0
12.7667,-1.3940874597746171,-0.6062156291383691,1.0,-1.5199916362762451,-0.675642192363739,1.0031356811523438,0.1598646770074055,0.051436440659536294,-0.031151915846160012,-0.9853056527397999,0.9093234437075537,2.858868810338074,0.0,0.94064861536026,2.71069598197937,0.06759089976549149,-1.6094111650572,2.601267403140098,-0.7478818733672323,-1.6094111650572,2.601267403140098,-0.7478818733672323,-5.209554618244209,2.4930082928224193,-0.7488467793823277,-3.9990380767989353,2.1039416217663205,-0.4254981249042599,0.0,0.0,0.0,0.0,0.0,0.0,0.0,0.0,0.0
12.7835,-1.3794126485495521,-0.5579822805865386,1.0,-1.5106865167617798,-0.6491962671279907,1.0044047832489014,0.15710511210115471,0.05652086787649651,-0.03091033011049552,-0.9854786234060885,0.836973420879808,2.8808810271756715,0.0,0.905750036239624,2.724560260772705,0.06371377408504486,-1.838080640750968,2.6521020464494107,-0.7311128755818981,-1.838080640750968,2.6521020464494107,-0.7311128755818981,-2.0738619458494494,0.8238902820872472,-0.23039973576458253,-3.4306908954381568,1.7260470700896986,-0.3679015145095129,0.0,0.0,0.0,0.0,0.0,0.0,0.0,0.0,0.0
12.8007,-1.3656711154526227,-0.5083028294291702,1.0,-1.493321180343628,-0.5958755016326904,1.0067963600158691,0.1503803980287793,0.061727578906055014,-0.0315930669095235,-0.9861933918099848,0.7624542441437552,2.9014933268210656,0.0,0.8120174407958984,2.7613649368286133,0.051785651594400406,-1.769644722978605,2.4264668423264393,-0.6717355307367097,-1.769644722978605,2.4264668423264393,-0.6717355307367097,-5.456302999181158,2.142450696015433,-0.6943523777635907,-4.028688611691173,1.8489770313013925,-0.4642757760643464,0.0,0.0,0.0,0.0,0.0,0.0,0.0,0.0,0.0
12.8168,-1.3539600634206979,-0.4614418329956946,1.0,-1.4776897430419922,-0.5417828559875488,1.0089296102523804,0.1434136188003377,0.06671048490166462,-0.03209874479795729,-0.9868900792158698,0.6921627494935418,2.919059904868953,0.0,0.7294898629188538,2.7988436222076416,0.0379631370306015,-1.7401898068469128,2.1666910075398036,-0.5997539627389141,-1.7401898068469128,2.1666910075398036,-0.5997539627389141,-5.1306695224261105,2.3300180831826403,-0.8593340071295171,-4.354013518052179,1.990989142068989,-0.5809041865716634,0.0,0.0,0.0,0.0,0.0,0.0,0.0,0.0,0.0
12.8334,-1.3430758470762714,-0.4128533149966796,1.0,-1.4638372659683228,-0.48689499497413635,1.0108604431152344,0.13928070937207154,0.0723148672519916,-0.03164149363846252,-0.9871020357170311,0.6192799724950194,2.9353862293855926,0.0,0.6442462205886841,2.834799289703369,0.028288688510656357,-1.7033505482431113,1.9093232943261673,-0.5517220417624866,-1.7033505482431113,1.9093232943261673,-0.5517220417624866,-5.134602128301236,2.1657691037295534,-0.5827348832450131,-4.584457543045661,2.0425873813008115,-0.5814446416902876,0.0,0.0,0.0,0.0,0.0,0.0,0.0,0.0,0.0
12.85,-1.3333569573246176,-0.3637514848031749,1.0,-1.4574919939041138,-0.45925164222717285,1.01177179813385,0.13928070937207154,0.0723148672519916,-0.03164149363846252,-0.9871020357170311,0.5456272272047623,2.949964564013073,0.0,0.6037241220474243,2.8442463874816895,0.02868969924747944,-1.9050622632889271,1.9385177017019808,-0.5590777793641859,-1.9050622632889271,1.9385177017019808,-0.5590777793641859,-2.428202014429602,0.566097578398457,0.024029729802128724,-3.9478914999282857,1.6067006048666905,-0.4026975406371565,0.0,0.0,0.0,0.0,0.0,0.0,0.0,0.0,0.0
12.8667,-1.3248806933081352,-0.3144896251596358,1.0,-1.4460843801498413,-0.40357378125190735,1.0135743618011475,0.13461759258953837,0.07751166850379398,-0.030758643602704836,-0.9873824387001742,0.47173443773945367,2.962678960037797,0.0,0.5144174098968506,2.871722459793091,0.027129271999001503,-1.844288137373713,1.7085123593108396,-0.5591802600673486,-1.844288137373713,1.7085123593108396,-0.5591802600673486,-5.36139896373057,1.6494861592190766,-0.09367798714682392,-4.365184738697165,1.6193316825266573,-0.31146932032623,0.0,0.0,0.0,0.0,0.0,0.0,0.0,0.0,0.0
12.8833,-1.3176478457805965,-0.26510363381457197,1.0,-1.436496376991272,-0.34728774428367615,1.0154505968093872,0.12500543216999604,0.08008332432013698,-0.030616524429526067,-0.9884447078700427,0.39765545072185793,2.973528231329105,0.0,0.4205142557621002,2.8999321460723877,0.03674815595149994,-1.7514157247748656,1.4600983277662112,-0.6267887930941765,-1.7514157247748656,1.4600983277662112,-0.6267887930941765,-5.644772766359962,1.6957605985037407,0.5782171501920487,-4.742942512198373,1.641894895456485,-0.048817612939592636,0.0,0.0,0.0,0.0,0.0,0.0,0.0,0.0,0.0
12.9,-1.3116413279120738,-0.21547573212020693,1.0,-1.4324440956115723,-0.3189203143119812,1.016435980796814,0.1144126686850201,0.08267387641259204,-0.030971190159745313,-0.9895027202082116,0.32321359818031037,2.982538008131889,0.0,0.36784058809280396,2.916438579559326,0.03817117586731911,-1.8837558320772363,1.411481277631548,-0.6408014550744223,-1.8837558320772363,1.411481277631548,-0.6408014550744223,-3.16182521395655,0.9908263445630706,0.08541915626699488,-4.276167786805682,1.44968755929425,-0.00918846515044254,0.0,0.0,0.0,0.0,0.0,0.0,0.0,0.0,0.0
12.9167,-1.306880004047428,-0.16574885138069628,1.0,-1.4257315397262573,-0.2617776691913605,1.0184884071350098,0.1073821792266982,0.08733758851936044,-0.03111208707431724,-0.989885540033236,0.24862327707104442,2.9896799939288576,0.0,0.2820267677307129,2.9407293796539307,0.04257505387067795,-1.8349054985789963,1.1612226438622308,-0.6781023938950579,-1.8349054985789963,1.1612226438622308,-0.6781023938950579,-5.15502857306541,1.459202818636227,0.2645508246086421,-4.535623554332202,1.4524966377676374,0.07162437647020778,0.0,0.0,0.0,0.0,0.0,0.0,0.0,0.0,0.0
12.9333,-1.3033601563359094,-0.11588500633402454,1.0,-1.4207518100738525,-0.20418037474155426,1.0207067728042603,0.10183754200976892,0.08959422364340933,-0.031216442671230183,-0.9902664632500776,0.17382750950103681,2.9949597654961355,0.0,0.1933080106973648,2.9583208560943604,0.057287078350782394,-1.7646306629249175,0.9379626832975526,-0.7781563967486544,-1.7646306629249175,0.9379626832975526,-0.7781563967486544,-5.32465389568577,1.0557916577234028,0.8829749320311941,-4.768559732641904,1.3353820768631626,0.3111498899727891,0.0,0.0,0.0,0.0,0.0,0.0,0.0,0.0,0.0
12.95,-1.3010881246609636,-0.0659644952120256,1.0,-1.4189471006393433,-0.17520864307880402,1.0219064950942993,0.10183754200976892,0.08959422364340933,-0.031216442671230183,-0.9902664632500776,0.0989467428180384,2.9983678130085543,0.0,0.14695358276367188,2.976339817047119,0.05991318076848984,-1.9366013584817647,0.8445392775135855,-0.8006412744369822,-1.9366013584817647,0.8445392775135855,-0.8006412744369822,-2.783418454997065,1.0819744885542082,0.15768810575367567,-4.182509743960644,1.2605715251242964,0.2658451663657532,0.0,0.0,0.0,0.0,0.0,0.0,0.0,0.0,0.0
12.9667,-1.3000635835273617,-0.015947729198324975,1.0,-1.4166091680526733,-0.11704637855291367,1.0243139266967773,0.09064552821185613,0.08880397270337198,-0.031282149608058654,-0.9914225934515799,0.023921593797487463,2.9999046247089574,0.0,0.0581643246114254,2.983473539352417,0.054945945739746094,-1.8609451201928562,0.6593787306569888,-0.783686042228835,-1.8609451201928562,0.6593787306569888,-0.783686042228835,-5.323705068045688,0.4277300473174846,-0.29782988220662443,-4.519411461886032,1.014701498573325,0.09943798942786469,0.0,0.0,0.0,0.0,0.0,0.0,0.0,0.0,0.0
12.9833,-1.3002909511939138,0.03411334230266953,1.0,-1.4159573316574097,-0.0586773157119751,1.0264718532562256,0.08291080525076829,0.08824292093534841,-0.03053943784359971,-0.9921725544739828,-0.0511700134540043,2.9995635732091293,0.0,0.016566794365644455,2.986826181411743,0.04525253549218178,-2.0631853417101693,0.6310614070931104,-0.732007701860864,-2.0631853417101693,0.6310614070931104,-0.732007701860864,-2.491541534572873,0.20081112729557593,-0.5806001967126496,-3.9207471948476194,0.7744261850495445,-0.10132171255329338,0.0,0.0,0.0,0.0,0.0,0.0,0.0,0.0,0.0
13.0,-1.3017676383039902,0.08406800027827599,1.0,-1.4161826372146606,-0.029463179409503937,1.0274676084518433,0.07165258879664863,0.09001978234845735,-0.02965207809505128,-0.9929165306438971,-0.12610200041741398,2.9973485425440143,0.0,-0.061320461332798004,2.9839000701904297,0.03619514778256416,-2.047157969909519,0.48253768257652996,-0.6887140242533132,-2.047157969909519,0.48253768257652996,-0.6887140242533132,-4.676852559376387,-0.17570256689238523,-0.543863903165309,-4.143963318210705,0.49393081144977746,-0.23196825580932073,0.0,0.0,0.0,0.0,0.0,0.0,0.0,0.0,0.0
13.0167,-1.3044935312864732,0.13399228829477897,1.0,-1.4179471731185913,0.02909388579428196,1.0293920040130615,0.05796815772713523,0.09369384167116343,-0.029775863389127823,-0.9934659991079337,-0.20098843244216846,2.99325970307029,0.0,-0.14911465346813202,2.987582206726074,0.033056702464818954,-1.9664929341732784,0.28216762298664866,-0.680485637308875,-1.9664929341732784,0.28216762298664866,-0.680485637308875,-5.2645688280959595,0.2207989020101221,-0.1881965194578675,-4.4747865466529415,0.4132972796008473,-0.21904603919823792,0.0,0.0,0.0,0.0,0.0,0.0,0.0,0.0,0.0
13.0333,-1.3084692441844215,0.18386203697509512,1.0,-1.419450044631958,0.05839855968952179,1.030335783958435,0.05796815772713523,0.09369384167116343,-0.029775863389127823,-0.9934659991079337,-0.27579305546264266,2.9872961337233677,0.0,-0.1903907209634781,2.9811553955078125,0.034683093428611755,-2.1692324629673703,0.27765767634441363,-0.6959746098662389,-2.1692324629673703,0.27765767634441363,-0.6959746098662389,-2.4752562837779877,-0.38540504989848734,0.09753192824054216,-3.884488666536343,0.1775057536102597,-0.12558643694043495,0.0,0.0,0.0,0.0,0.0,0.0,0.0,0.0,0.0
13.05,-1.3136827869504992,0.23354641753464023,1.0,-1.423732876777649,0.11697930842638016,1.0323227643966675,0.05116657175434303,0.09585823117325663,-0.03016871416409792,-0.9936212259509991,-0.35031962630196034,2.979475819574251,0.0,-0.2825413644313812,2.9838504791259766,0.03936389088630676,-2.054578595652651,0.06023462501304151,-0.7350707502561544,-2.054578595652651,0.06023462501304151,-0.7350707502561544,-5.534031277741187,0.161851035193723,0.28110145041665474,-4.37146379496285,0.17288419460378726,-0.00552473933411006,0.0,0.0,0.0,0.0,0.0,0.0,0.0,0.0,0.0
13.0667,-1.3201679601310183,0.2833109491499191,1.0,-1.4297047853469849,0.17568853497505188,1.0343029499053955,0.043522105446160635,0.09925722435751243,-0.030565020980645823,-0.9936396441237983,-0.4249664237248787,2.9697480598034725,0.0,-0.36597785353660583,2.9777722358703613,0.03628959879279137,-1.9879824657301612,-0.11655551170754982,-0.7276737721804647,-1.9879824657301612,-0.11655551170754982,-0.7276737721804647,-4.986932668329177,-0.3632917705735661,-0.1837479960812255,-4.553161455644175,0.014595249700003018,-0.05813950221048357,0.0,0.0,0.0,0.0,0.0,0.0,0.0,0.0,0.0
13.0834,-1.3278468829713406,0.3325839487920954,1.0,-1.4333503246307373,0.2050337940454483,1.035276174545288,0.03598575107276475,0.10088754084907674,-0.030577201419865394,-0.9937764949409132,-0.4988759231881431,2.958229675542989,0.0,-0.410624623298645,2.973531723022461,0.03557329252362251,-2.1646946761844914,-0.16932835223732912,-0.7294146658561385,-2.1646946761844914,-0.16932835223732912,-0.7294146658561385,-2.686263645622642,-0.2551390741776764,-0.04309802255024315,-4.002019099806298,-0.06503525279148922,-0.053698982493372335,0.0,0.0,0.0,0.0,0.0,0.0,0.0,0.0,0.0
13.1,-1.336783699311172,0.3818137722891534,1.0,-1.4418936967849731,0.2635593116283417,1.0371448993682861,0.028821476980557124,0.10252918694035638,-0.03041712768922111,-0.9938470487653205,-0.5727206584337301,2.944824451033242,0.0,-0.4988960325717926,2.9593422412872314,0.03274717926979065,-2.0582402298681863,-0.3198952772471968,-0.7230411541209332,-2.0582402298681863,-0.3198952772471968,-0.7230411541209332,-5.290386593887087,-0.8504208164840033,-0.1693779650057871,-4.382368732261241,-0.29689542611804015,-0.08784953245951402,0.0,0.0,0.0,0.0,0.0,0.0,0.0,0.0,0.0
13.1167,-1.3469319612680553,0.4307264051387561,1.0,-1.4521745443344116,0.3219550549983978,1.0389455556869507,0.01792127989456355,0.10469811644828762,-0.03139278508539981,-0.993846922324775,-0.6460896077081342,2.9296020580979167,0.0,-0.5832369923591614,2.947072744369507,0.028865616768598557,-1.9671595150221348,-0.4932707466762922,-0.710051833286327,-1.9671595150221348,-0.4932707466762922,-0.710051833286327,-5.065970084062496,-0.7369717452634292,-0.23314744769365164,-4.58418034587139,-0.42681399904702844,-0.13074413272665508,0.0,0.0,0.0,0.0,0.0,0.0,0.0,0.0,0.0
13.1333,-1.3583051755261566,0.47939671318386334,1.0,-1.4579838514328003,0.3510657548904419,1.039796233177185,0.01792127989456355,0.10469811644828762,-0.03139278508539981,-0.993846922324775,-0.719095069775795,2.912542236710765,0.0,-0.6295171976089478,2.9420011043548584,0.025740813463926315,-2.1280804055153935,-0.5747722414558133,-0.696882257602665,-2.1280804055153935,-0.5747722414558133,-0.696882257602665,-2.778245716984643,-0.30445548097153247,-0.18758498046343872,-4.051035435362141,-0.3906915280971147,-0.1475245898900344,0.0,0.0,0.0,0.0,0.0,0.0,0.0,0.0,0.0
13.15,-1.370887086897605,0.5277531321570648,1.0,-1.4708011150360107,0.4090980589389801,1.0414164066314697,0.011105178283726393,0.10588504282516126,-0.03221106614923873,-0.9937945337920759,-0.7916296982355971,2.8936693696535922,0.0,-0.7096521258354187,2.920875310897827,0.021370476111769676,-2.051328122882857,-0.716459430300901,-0.6801409748702962,-2.051328122882857,-0.716459430300901,-0.6801409748702962,-4.810439953628831,-1.2681656194987907,-0.26234809058837,-4.275225529209111,-0.6497379179561515,-0.1814225859885476,0.0,0.0,0.0,0.0,0.0,0.0,0.0,0.0,0.0
13.1667,-1.3846897570431913,0.5758356303883352,1.0,-1.4778428077697754,0.4380181133747101,1.0422019958496094,0.0035651650370441567,0.10698841044068402,-0.03297114241528424,-0.9937070369345674,-0.8637534455825028,2.872965364435213,0.0,-0.754105269908905,2.9173011779785156,0.020356569439172745,-2.2185474505263927,-0.8293141896804361,-0.6793927762362681,-2.2185474505263927,-0.8293141896804361,-0.6793927762362681,-2.666123289434173,-0.21436231821886664,-0.06081010127550655,-3.800189137579655,-0.5212070833140733,-0.14581557600044406,0.0,0.0,0.0,0.0,0.0,0.0,0.0,0.0,0.0
13.1833,-1.3996864276043768,0.6235449675596663,1.0,-1.493202567100525,0.495659202337265,1.043734073638916,-0.003219460780489461,0.10631229596522832,-0.033420596407804364,-0.9937657896413915,-0.9353174513394994,2.8504703585934346,0.0,-0.845336377620697,2.8967156410217285,0.018548764288425446,-2.0634278171329092,-0.9956437028971231,-0.6776645732773385,-2.0634278171329092,-0.9956437028971231,-0.6776645732773385,-5.472227783657009,-1.2347624631753569,-0.10843583752824415,-4.293805506672946,-0.7318616734938126,-0.13478039399338265,0.0,0.0,0.0,0.0,0.0,0.0,0.0,0.0,0.0
13.2,-1.4158672290971457,0.6708529657159854,1.0,-1.5103265047073364,0.5529187917709351,1.0451056957244873,-0.010344517230157696,0.10595417946178733,-0.03374837244867357,-0.9937443368954995,-1.006279448573978,2.8261991563542814,0.0,-0.9313336610794067,2.871685266494751,0.0050196717493236065,-1.9305191384538758,-1.1453238568935242,-0.6048518007840311,-1.9305191384538758,-1.1453238568935242,-0.6048518007840311,-5.159325294656139,-1.5016735324407826,-0.8116650496785245,-4.549322767667459,-0.9591242045302997,-0.33460911614530175,0.0,0.0,0.0,0.0,0.0,0.0,0.0,0.0,0.0
13.2169,-1.433440478496725,0.7183004612872427,1.0,-1.529217004776001,0.6097783446311951,1.0462286472320557,-0.017688031332370013,0.107674366205267,-0.03408381921597186,-0.9934443777746474,-1.077450691930864,2.7998392822549123,0.0,-1.0115771293640137,2.8435895442962646,-0.00174497882835567,-1.8766540878636824,-1.1445940031477253,-0.5686640548232003,-1.8766540878636824,-1.1445940031477253,-0.5686640548232003,-4.757311264081869,-1.665681937043267,-0.40104882152688454,-4.610724773329297,-1.1677129613129613,-0.3542233315290338,0.0,0.0,0.0,0.0,0.0,0.0,0.0,0.0,0.0
13.2334,-1.4517628403447613,0.7642116209987497,1.0,-1.5392674207687378,0.6379780769348145,1.0467339754104614,-0.017688031332370013,0.107674366205267,-0.03408381921597186,-0.9934443777746474,-1.1463174314981246,2.7723557394828577,0.0,-1.056283712387085,2.830425977706909,-0.005309052765369415,-1.972160138142843,-1.3849998023788885,-0.5541019009104797,-1.972160138142843,-1.3849998023788885,-0.5541019009104797,-2.7131757147818036,-0.7988771848593588,-0.21629832113543956,-4.050533608696806,-1.058825898689225,-0.31350534752946374,0.0,0.0,0.0,0.0,0.0,0.0,0.0,0.0,0.0
13.25,-1.4714216458900196,0.8101241897884768,1.0,-1.5605323314666748,0.6939885020256042,1.0477001667022705,-0.025642882838054822,0.10950103959568751,-0.034534411173401794,-0.9930555730971345,-1.2151862846827153,2.74286753116497,0.0,-1.1385200023651123,2.800919771194458,-0.004770074505358934,-1.8382094145733028,-1.5367512735450954,-0.5637546839009087,-1.8382094145733028,-1.5367512735450954,-0.5637546839009087,-4.94054286328153,-1.772656305951443,0.03238041498066318,-4.31328060783956,-1.2695616819845474,-0.21139354849188657,0.0,0.0,0.0,0.0,0.0,0.0,0.0,0.0,0.0
13.2667,-1.492280434775402,0.855657626334383,1.0,-1.5717984437942505,0.7218016386032104,1.048200011253357,-0.03494202388206279,0.107878378025484,-0.03537852825537794,-0.9929197759512324,-1.2834864395015746,2.7115793478368966,0.0,-1.1782382726669312,2.7841882705688477,-0.003868515370413661,-2.00940389534473,-1.635704735133533,-0.5732731216898923,-2.00940389534473,-1.635704735133533,-0.5732731216898923,-2.3783693107189765,-1.001898806464508,0.053986252725965106,-3.742059427490079,-1.190542708909233,-0.1330485806795845,0.0,0.0,0.0,0.0,0.0,0.0,0.0,0.0,0.0
13.2834,-1.51421872744701,0.9005471928772106,1.0,-1.5956871509552002,0.7769913077354431,1.0491160154342651,-0.04217039015996532,0.10491431397608032,-0.035675242068894636,-0.9929461598784002,-1.350820789315816,2.6786719088294846,0.0,-1.2656562328338623,2.7526988983154297,-0.010189699940383434,-1.8284322065336607,-1.7946574423543553,-0.5415620162699906,-1.8284322065336607,-1.7946574423543553,-0.5415620162699906,-5.2489871587476555,-1.8907706182984267,-0.37955377330340145,-4.186932036705443,-1.3972627862120932,-0.20582141905331053,0.0,0.0,0.0,0.0,0.0,0.0,0.0,0.0,0.0
13.3,-1.5372833362996685,0.9448968004566282,1.0,-1.6212358474731445,0.8315005898475647,1.0498087406158447,-0.048301692410375505,0.10391786764687364,-0.035307974430970786,-0.9927846531549064,-1.4173452006849423,2.644074995550497,0.0,-1.3482481241226196,2.714228630065918,-0.021122736856341362,-1.6663124316808262,-1.9201125294219008,-0.48108756794867524,-1.6663124316808262,-1.9201125294219008,-0.48108756794867524,-4.955943575730697,-2.3084164294195912,-0.6560391488969799,-4.413958298673151,-1.666251995343927,-0.33873392178058015,0.0,0.0,0.0,0.0,0.0,0.0,0.0,0.0,0.0
13.3167,-1.5614558602888176,0.9886679292239153,1.0,-1.6346006393432617,0.8584761619567871,1.050063133239746,-0.048301692410375505,0.10391786764687364,-0.035307974430970786,-0.9927846531549064,-1.483001893835873,2.6078162095667734,0.0,-1.3879706859588623,2.691956043243408,-0.027728822082281113,-1.8203487796518942,-2.0163673994680384,-0.4443915743814113,-1.8203487796518942,-2.0163673994680384,-0.4443915743814113,-2.3836628705505323,-1.3365285567128304,-0.3964165286640151,-3.8145779794635724,-1.568911609723135,-0.3557628816293465,0.0,0.0,0.0,0.0,0.0,0.0,0.0,0.0,0.0
13.3334,-1.5867147021202528,1.0318204727902556,1.0,-1.662526249885559,0.9118764996528625,1.0503580570220947,-0.05683516746255425,0.10315082397993372,-0.03520758063781776,-0.9924163739926183,-1.5477307091853834,2.569927946819621,0.0,-1.462056040763855,2.6501004695892334,-0.03885146975517273,-1.692779636053812,-2.138896434611375,-0.38080909965644416,-1.692779636053812,-2.138896434611375,-0.38080909965644416,-4.4446168809806474,-2.511049447170054,-0.6672831322500823,-4.000576978759428,-1.8470479193096294,-0.4477293534397868,0.0,0.0,0.0,0.0,0.0,0.0,0.0,0.0,0.0
13.35,-1.613027506968773,1.074301544146711,1.0,-1.6919747591018677,0.9644272327423096,1.050445556640625,-0.07374546563353085,0.09732798134288462,-0.03672764887621171,-0.9918366862381994,-1.6114523162200665,2.53045873954684,0.0,-1.5375760793685913,2.6040682792663574,-0.04623926058411598,-1.545791718149311,-2.243619118986027,-0.3386003594452358,-1.545791718149311,-2.243619118986027,-0.3386003594452358,-4.533930692927587,-2.763594463449895,-0.4435343547371284,-4.158032743581462,-2.117629211365837,-0.44649091314846023,0.0,0.0,0.0,0.0,0.0,0.0,0.0,0.0,0.0
13.3667,-1.6404137636227305,1.1161422508027954,1.0,-1.7072535753250122,0.9903623461723328,1.0504348278045654,-0.07374546563353085,0.09732798134288462,-0.03672764887621171,-0.9918366862381994,-1.674213376204193,2.489379354565904,0.0,-1.5813204050064087,2.583414316177368,-0.05058564990758896,-1.6576960778161305,-2.37868861456804,-0.31414980318883856,-1.6576960778161305,-2.37868861456804,-0.31414980318883856,-2.6242490989187024,-1.2390439956519252,-0.26074257859431316,-3.7052317778685673,-1.858254797301197,-0.3916546097634592,0.0,0.0,0.0,0.0,0.0,0.0,0.0,0.0,0.0
13.3833,-1.6688267713558171,1.1572700195522707,1.0,-1.7390084266662598,1.041608452796936,1.0502547025680542,-0.08002820348627421,0.09342056611523035,-0.03707451743945641,-0.9917124373287893,-1.7359050293284062,2.446759842966274,0.0,-1.6502575874328613,2.5348434448242188,-0.06047302484512329,-1.5324151250054303,-2.484182595988815,-0.2555995074163615,-1.5324151250054303,-2.484182595988815,-0.2555995074163615,-4.137655442824229,-2.9152559350896525,-0.5934468059987693,-3.8328911474089726,-2.1703008525683174,-0.4512273543592361,0.0,0.0,0.0,0.0,0.0,0.0,0.0,0.0,0.0
13.4,-1.6982643380957148,1.1976822906697928,1.0,-1.7721909284591675,1.0919522047042847,1.049813151359558,-0.08629729893099018,0.09069689517738717,-0.036463683163988014,-0.9914622114891801,-1.7965234360046893,2.4026034928564277,0.0,-1.7187540531158447,2.4876351356506348,-0.07206793129444122,-1.3989554618710494,-2.6046936891510537,-0.18548274947310794,-1.3989554618710494,-2.6046936891510537,-0.18548274947310794,-4.1097918603819465,-2.832501251698734,-0.6956950504255776,-3.9146372989454363,-2.3657945137930367,-0.5233986865087485,0.0,0.0,0.0,0.0,0.0,0.0,0.0,0.0,0.0
13.4167,-1.728725004024165,1.2373741903810425,1.0,-1.7892677783966064,1.1167376041412354,1.049511432647705,-0.08629729893099018,0.09069689517738717,-0.036463683163988014,-0.9914622114891801,-1.8560612855715637,2.356912493963752,0.0,-1.756613850593567,2.4611144065856934,-0.07593206316232681,-1.5263964735424769,-2.7324773050468782,-0.1624411135365289,-1.5263964735424769,-2.7324773050468782,-0.1624411135365289,-2.2697068450466675,-1.5899261037977217,-0.23165592884810543,-3.429023763654622,-2.136743978188159,-0.4372708921042594,0.0,0.0,0.0,0.0,0.0,0.0,0.0,0.0,0.0
13.4334,-1.7601507554204192,1.2762696830872755,1.0,-1.824389100074768,1.165493369102478,1.0488349199295044,-0.09376424501815046,0.08804417286138376,-0.03561530925031222,-0.9910540192613521,-1.9144045246309132,2.309773866869371,0.0,-1.8157449960708618,2.396019458770752,-0.0768485888838768,-1.4314126508740075,-2.7597094096819785,-0.15518715486920875,-1.4314126508740075,-2.7597094096819785,-0.15518715486920875,-3.548024376984922,-3.9058682155017026,-0.0549939558238677,-3.464154919749479,-2.6590217883011977,-0.3244157534281736,0.0,0.0,0.0,0.0,0.0,0.0,0.0,0.0,0.0
13.45,-1.7924991269739436,1.3143215427838342,1.0,-1.8608198165893555,1.2130266427993774,1.0481067895889282,-0.10268526133020364,0.08523274263604552,-0.034745229709653325,-0.990446345999522,-1.9714823141757511,2.2612513095390843,0.0,-1.8787388801574707,2.3345537185668945,-0.08064267784357071,-1.301583181439892,-2.8133878003845414,-0.13038364652525836,-1.301583181439892,-2.8133878003845414,-0.13038364652525836,-3.784075447918308,-3.6922790484510832,-0.22791290119301663,-3.5586013070286158,-2.964058216909483,-0.2959263476125733,0.0,0.0,0.0,0.0,0.0,0.0,0.0,0.0,0.0
13.4667,-1.8258866528268667,1.351661880680972,1.0,-1.8794703483581543,1.2363011837005615,1.0477101802825928,-0.1101286469997741,0.08290509929187888,-0.03391004775956144,-0.9898729802723798,-2.027492821021458,2.2111700207597,0.0,-1.910043716430664,2.299488067626953,-0.08305860310792923,-1.4474854183879184,-2.915241930690176,-0.11549852573169339,-1.4474854183879184,-2.915241930690176,-0.11549852573169339,-1.8745913224733377,-2.099795839698471,-0.14467005982039605,-3.0614507800098942,-2.7089121665573073,-0.25127272686184193,0.0,0.0,0.0,0.0,0.0,0.0,0.0,0.0,0.0
13.4834,-1.8600950739905802,1.3880467585977814,1.0,-1.917752981185913,1.281934142112732,1.0468502044677734,-0.11435850603341643,0.08188033950009599,-0.033555466323039275,-0.9894906662095375,-2.082070137896672,2.1598573890141295,0.0,-1.9685238599777222,2.2351016998291016,-0.08503346890211105,-1.3257687804061313,-2.963139728371254,-0.10090902393311119,-1.3257687804061313,-2.963139728371254,-0.10090902393311119,-3.51353654868144,-3.8683875034020425,-0.11865160934523213,-3.1949147619423277,-3.0512104783632186,-0.21212054898172905,0.0,0.0,0.0,0.0,0.0,0.0,0.0,0.0,0.0
13.5,-1.8952318497642746,1.4235963065712482,1.0,-1.9572856426239014,1.3262639045715332,1.0458720922470093,-0.12000253934856905,0.07960556740175274,-0.034092838641553144,-0.988989455887046,-2.1353944598568724,2.107152225353588,0.0,-2.034435510635376,2.1724977493286133,-0.09272759407758713,-1.1481732427719042,-3.0260121022812254,-0.05138302066846556,-1.1481732427719042,-3.0260121022812254,-0.05138302066846556,-3.954080611018937,-3.7556496367069054,-0.4615753189541736,-3.4190343962820986,-3.2591737933287614,-0.2857641564998197,0.0,0.0,0.0,0.0,0.0,0.0,0.0,0.0,0.0
13.5167,-1.9312835802678954,1.4582919331724118,1.0,-1.9775038957595825,1.3479526042938232,1.045300841331482,-0.12000253934856905,0.07960556740175274,-0.034092838641553144,-0.988989455887046,-2.187437899758618,2.053074629598157,0.0,-2.0682389736175537,2.136141777038574,-0.09867153316736221,-1.2548934070059645,-3.143532539648709,-0.01437384939246833,-1.2548934070059645,-3.143532539648709,-0.01437384939246833,-2.027281696383888,-2.1803623260934843,-0.3564735047256817,-3.0081635614415037,-2.9406889301695354,-0.30663884848979683,0.0,0.0,0.0,0.0,0.0,0.0,0.0,0.0,0.0
13.5333,-1.9681289963704354,1.4920186425412978,1.0,-2.018958568572998,1.3904199600219727,1.0440055131912231,-0.12865507529652404,0.07328640742790639,-0.0347787364542194,-0.9883660197038728,-2.2380279638119465,1.9978065054443466,0.0,-2.1269960403442383,2.075043201446533,-0.10833336412906647,-1.0990965986432326,-3.2264465205231136,0.04860837589724731,-1.0990965986432326,-3.2264465205231136,0.04860837589724731,-3.528910590526376,-3.669540065295836,-0.5802831813104988,-3.161897602407625,-3.1558591068724513,-0.3874236570866563,0.0,0.0,0.0,0.0,0.0,0.0,0.0,0.0,0.0
13.55,-2.005833003530693,1.5248382816710806,1.0,-2.040123462677002,1.4111878871917725,1.0432697534561157,-0.12865507529652404,0.07328640742790639,-0.0347787364542194,-0.9883660197038728,-2.287257422506621,1.9412504947039597,0.0,-2.162593126296997,2.044424057006836,-0.1134633719921112,-1.1781810651941087,-3.3937597983508576,0.08162537256176172,-1.1781810651941087,-3.3937597983508576,0.08162537256176172,-2.1365301508256778,-1.8377550728370682,-0.30790207063335334,-2.8591903894949713,-2.766730704311793,-0.3639474313058069,0.0,0.0,0.0,0.0,0.0,0.0,0.0,0.0,0.0
13.5667,-2.044379968236163,1.5567332256470219,1.0,-2.0834157466888428,1.4517755508422852,1.0416606664657593,-0.13350866422419008,0.06970381993735912,-0.03441631570387433,-0.9879940737657642,-2.3350998384705326,1.8834300476457553,0.0,-2.217074394226074,1.9732905626296997,-0.12300552427768707,-1.0272396252541243,-3.427358192651186,0.14553404040147377,-1.0272396252541243,-3.427358192651186,0.14553404040147377,-3.2665427774998212,-4.264963190622543,-0.5721204703023373,-2.9794482598379592,-3.2090363182910724,-0.42540391731087357,0.0,0.0,0.0,0.0,0.0,0.0,0.0,0.0,0.0
13.5833,-2.08368486463717,1.5876326689405522,1.0,-2.1278624534606934,1.4910544157028198,1.0398155450820923,-0.13882615561088144,0.06433288634675595,-0.033148538500666576,-0.9876688686826541,-2.3814490034108284,1.8244727030442445,0.0,-2.2743916511535645,1.907734990119934,-0.1330302208662033,-0.8465497015968424,-3.4975800214021797,0.21358062429500713,-0.8465497015968424,-3.4975800214021797,0.21358062429500713,-3.438989500185964,-3.9332818356078163,-0.6014737647698338,-3.1151132332770453,-3.4228468324371937,-0.47738295440633605,0.0,0.0,0.0,0.0,0.0,0.0,0.0,0.0,0.0
13.6,-2.123750430192684,1.6175404012042804,1.0,-2.1734306812286377,1.5290004014968872,1.0378086566925049,-0.14311090696344217,0.061506099851308324,-0.03193247548058179,-0.9872773666068364,-2.4263106018064207,1.7643743547109738,0.0,-2.3350837230682373,1.8431497812271118,-0.13487933576107025,-0.633078094594183,-3.576666984692956,0.23344957642906827,-0.633078094594183,-3.576666984692956,0.23344957642906827,-3.641840369676247,-3.875448861929355,-0.11095652298316142,-3.2706127112240715,-3.556463223999856,-0.3692071744725081,0.0,0.0,0.0,0.0,0.0,0.0,0.0,0.0,0.0
13.6167,-2.1645981753909767,1.6464697679199887,1.0,-2.1966335773468018,1.5474640130996704,1.0367989540100098,-0.14915247067083856,0.05847575988262127,-0.03016938851367409,-0.9866225731683712,-2.469704651879983,1.7031027369135348,0.0,-2.357558488845825,1.8012562990188599,-0.13592790067195892,-0.7543760775531365,-3.704046091444056,0.24356142736054842,-0.7543760775531365,-3.704046091444056,0.24356142736054842,-1.3469265281627754,-2.510702140428086,-0.06284113965650273,-2.702705389712485,-3.2477354381781627,-0.2787623213740653,0.0,0.0,0.0,0.0,0.0,0.0,0.0,0.0,0.0
13.6334,-2.2060702681172977,1.6743111245234676,1.0,-2.2438111305236816,1.5832839012145996,1.0347172021865845,-0.14915247067083856,0.05847575988262127,-0.03016938851367409,-0.9866225731683712,-2.5114666867852016,1.6408945978240537,0.0,-2.408348321914673,1.7310370206832886,-0.13684195280075073,-0.5777413847812536,-3.7569993444190577,0.2582984025383599,-0.5777413847812536,-3.7569993444190577,0.2582984025383599,-3.050403803196059,-4.217323443496191,-0.05489736668766825,-2.8053523164482437,-3.5339755390420455,-0.2126732950475642,0.0,0.0,0.0,0.0,0.0,0.0,0.0,0.0,0.0
13.65,-2.24825818039755,1.7011287855125279,1.0,-2.2919435501098633,1.6176044940948486,1.0325945615768433,-0.1581848406030188,0.04704679370356608,-0.027756650023819347,-0.9858974787865897,-2.551693178268792,1.577612729403675,0.0,-2.462278366088867,1.6489709615707397,-0.1383359432220459,-0.3701467344152043,-3.7407567059750058,0.2767892036457784,-0.3701467344152043,-3.7407567059750058,0.2767892036457784,-3.236222387547213,-4.924602266224104,-0.0896510529930182,-2.932553036686263,-3.944513966156809,-0.1763548806477862,0.0,0.0,0.0,0.0,0.0,0.0,0.0,0.0,0.0
13.6667,-2.2911284911486476,1.7268984563743164,1.0,-2.316443681716919,1.6341971158981323,1.0315264463424683,-0.1581848406030188,0.04704679370356608,-0.027756650023819347,-0.9858974787865897,-2.5903476845614746,1.513307263277028,0.0,-2.487438917160034,1.6100056171417236,-0.13829073309898376,-0.44608112212187123,-3.9033484874050326,0.28080733787710876,-0.44608112212187123,-3.9033484874050326,0.28080733787710876,-1.5092027171969968,-2.3372542009295674,0.002711834107972828,-2.512354007015292,-3.4700215066897546,-0.12349111355091452,0.0,0.0,0.0,0.0,0.0,0.0,0.0,0.0,0.0
13.6833,-2.33458222845361,1.7515617392436964,1.0,-2.36613130569458,1.6662068367004395,1.029375672340393,-0.16450089356387648,0.041715796886105,-0.026882018623521284,-0.9851277930390838,-2.6273426088655447,1.448126657319585,0.0,-2.527635335922241,1.5289404392242432,-0.13507066667079926,-0.2974063491494845,-3.898844007872319,0.27126227952256166,-0.2974063491494845,-3.898844007872319,0.27126227952256166,-2.413410060408257,-4.867187723668012,0.19333415643161841,-2.483143945523887,-3.8824905107182124,-0.029958503062110904,0.0,0.0,0.0,0.0,0.0,0.0,0.0,0.0,0.0
13.7,-2.3786912001302527,1.7751591746326767,1.0,-2.391300678253174,1.6815859079360962,1.0283480882644653,-0.1693873781068053,0.037310776867140405,-0.026116674001412005,-0.9844967282763303,-2.662738761949015,1.3819631998046207,0.0,-2.5526227951049805,1.4859553575515747,-0.1306782215833664,-0.3551010408436879,-4.0483562041332295,0.24910003978898665,-0.3551010408436879,-4.0483562041332295,0.24910003978898665,-1.4983701712749835,-2.5775955737283045,0.2633924741943785,-2.192420728112947,-3.497261675035321,0.05664406716138738,0.0,0.0,0.0,0.0,0.0,0.0,0.0,0.0,0.0
13.7167,-2.4233791234375364,1.797647306557896,1.0,-2.442354440689087,1.7111705541610718,1.0262616872787476,-0.1721112499007234,0.03091285892140637,-0.025513974067706193,-0.9842618017427305,-2.696470959836844,1.3149313148436954,0.0,-2.5917060375213623,1.4041087627410889,-0.13891470432281494,-0.1903012513022322,-4.044106422180408,0.3080748761955352,-0.1903012513022322,-4.044106422180408,0.3080748761955352,-2.343186723652425,-4.907009820037451,-0.49380798038851326,-2.23692960562934,-3.9134450941832544,-0.10585943819059329,0.0,0.0,0.0,0.0,0.0,0.0,0.0,0.0,0.0
13.7333,-2.4685582862013717,1.8189845179537951,1.0,-2.4941017627716064,1.7390897274017334,1.0239518880844116,-0.1761518103155461,0.0253374999446352,-0.025189738362111892,-0.9837144406211196,-2.728476776930693,1.2471625706979417,0.0,-2.629899024963379,1.3187280893325806,-0.14420220255851746,-0.01825894541995776,-4.018022907703168,0.35055112850007397,-0.01825894541995776,-4.018022907703168,0.35055112850007397,-2.2934843300356493,-5.1270992311767145,-0.3175136369493321,-2.2536255939559293,-4.27173797804884,-0.1683436261845382,0.0,0.0,0.0,0.0,0.0,0.0,0.0,0.0,0.0
13.75,-2.514257674157368,1.8391870479588015,1.0,-2.5202736854553223,1.7524501085281372,1.0227888822555542,-0.1761518103155461,0.0253374999446352,-0.025189738362111892,-0.9837144406211196,-2.7587805719382024,1.178613488763948,0.0,-2.6477553844451904,1.276789665222168,-0.14343774318695068,-0.08765707559762959,-4.187487346547455,0.3510203812596888,-0.08765707559762959,-4.187487346547455,0.3510203812596888,-1.0722415496284843,-2.5183252444558977,0.04590437944709302,-1.904859431263609,-3.75409849100193,-0.10509369899327861,0.0,0.0,0.0,0.0,0.0,0.0,0.0,0.0,0.0
13.7667,-2.560537859425529,1.8582776279816269,1.0,-2.573046922683716,1.7778503894805908,1.0204353332519531,-0.18073444769084773,0.0224913548748309,-0.024535197804737684,-0.9829686099898707,-2.7874164419724403,1.1091932108617066,0.0,-2.672435760498047,1.1830781698226929,-0.1425468921661377,0.025414416614331525,-4.114900000207446,0.35676087833907566,0.025414416614331525,-4.114900000207446,0.35676087833907566,-1.4787297868693217,-5.6147434432318155,0.053375521398777215,-1.7790581716322018,-4.303394888932787,-0.05831068870432125,0.0,0.0,0.0,0.0,0.0,0.0,0.0,0.0,0.0
13.7834,-2.607216960316372,1.8761800712955867,1.0,-2.599682331085205,1.7898846864700317,1.0192856788635254,-0.18391255187623598,0.018888536896998407,-0.024460302854933898,-0.9824567365147059,-2.81427010694338,1.039174559525442,0.0,-2.6945436000823975,1.1429634094238281,-0.1367248147726059,0.0016234197822884155,-4.303825062367759,0.3269339225322643,0.0016234197822884155,-4.303825062367759,0.3269339225322643,-1.3266614207024823,-2.407232276986909,0.34937495529007795,-1.6455023820531616,-3.7436130286779403,0.062045564897885014,0.0,0.0,0.0,0.0,0.0,0.0,0.0,0.0,0.0
13.8,-2.6543377533671735,1.8929131684451486,1.0,-2.653413772583008,1.81267249584198,1.016990065574646,-0.18551338401308887,0.011822480766889366,-0.024217832035450707,-0.9822721754650767,-2.839369752667723,0.9684933699492395,0.0,-2.7215123176574707,1.0468491315841675,-0.14256061613559723,0.15189747209328175,-4.217811721814914,0.3728602515366948,0.15189747209328175,-4.217811721814914,0.3728602515366948,-1.6175229869442735,-5.764718079249546,-0.350018232257511,-1.6372423532222031,-4.340280180456868,-0.05960319953936422,0.0,0.0,0.0,0.0,0.0,0.0,0.0,0.0,0.0
13.8167,-2.701824605887983,1.9084512563539404,1.0,-2.707850694656372,1.833699345588684,1.0146141052246094,-0.1881039663985913,0.007022307701354817,-0.023255240162310425,-0.9818487260780877,-2.8626768845309107,0.8972630911680253,0.0,-2.7568726539611816,0.9651607871055603,-0.14205393195152283,0.36591281462087877,-4.216223022136045,0.38121322295053695,0.36591281462087877,-4.216223022136045,0.38121322295053695,-2.123414368754116,-4.905445551642185,0.030426760301234142,-1.7807692182409247,-4.507127327869544,-0.03302470986725704,0.0,0.0,0.0,0.0,0.0,0.0,0.0,0.0,0.0
13.8333,-2.749719167058007,1.922808104023037,1.0,-2.7628934383392334,1.8529871702194214,1.0122181177139282,-0.1917577083061371,0.005973746793964415,-0.02164518840234568,-0.9811853768293748,-2.8842121560345553,0.8254212494129896,0.0,-2.788166046142578,0.8736783266067505,-0.139482781291008,0.5681848225546458,-4.1541732208574915,0.3773589164261626,0.5681848225546458,-4.1541732208574915,0.3773589164261626,-1.8772830642046998,-5.48801078421557,0.15424270921235178,-1.8092618696061513,-4.796702052330072,0.022260055034804795,0.0,0.0,0.0,0.0,0.0,0.0,0.0,0.0,0.0
13.85,-2.7979188831128976,1.9359531378794788,1.0,-2.7906250953674316,1.8619946241378784,1.0110775232315063,-0.1917577083061371,0.005973746793964415,-0.02164518840234568,-0.9811853768293748,-2.903929706819218,0.7531216753306536,0.0,-2.7939414978027344,0.8257936835289001,-0.13499784469604492,0.4905198577296277,-4.308319879866435,0.3557834044450079,0.4905198577296277,-4.308319879866435,0.3557834044450079,-0.3468896780845458,-2.8760847462481385,0.2693777566158781,-1.3775428700869863,-4.229700719394348,0.09521371724787646,0.0,0.0,0.0,0.0,0.0,0.0,0.0,0.0,0.0
13.8667,-2.8465349987202235,1.947914138922538,1.0,-2.846363067626953,1.8786042928695679,1.0088826417922974,-0.19487989416026347,0.003382442643681243,-0.020957056806708334,-0.9805973861457993,-2.921871208383807,0.6801975019196644,0.0,-2.814222574234009,0.738153338432312,-0.1243482306599617,0.6495499808155314,-4.269021674642406,0.30256362879653587,0.6495499808155314,-4.269021674642406,0.30256362879653587,-1.2151795662981058,-5.251139253164196,0.6380920366560955,-1.3296102552049793,-4.531248043957874,0.25548131962323206,0.0,0.0,0.0,0.0,0.0,0.0,0.0,0.0,0.0
13.8833,-2.895337212078344,1.9586342251863855,1.0,-2.8743536472320557,1.8862515687942505,1.007827639579773,-0.19452284713310344,-0.0052100353622347335,-0.02131576863438463,-0.9806525563705001,-2.9379513377795785,0.6069941818824842,0.0,-2.819859743118286,0.6876829862594604,-0.12561681866645813,0.592289553433587,-4.412970110638672,0.31518943345311534,0.592289553433587,-4.412970110638672,0.31518943345311534,-0.3384725502827285,-3.030391525302412,-0.07616983394173646,-1.037008289142201,-4.088167767669551,0.15757183732005345,0.0,0.0,0.0,0.0,0.0,0.0,0.0,0.0,0.0
13.9,-2.944428594034574,1.9681384542912042,1.0,-2.9307525157928467,1.9002386331558228,1.005772590637207,-0.1938031475479314,-0.014016851166252849,-0.02084098438590941,-0.9807189376569047,-2.952207681436806,0.5333571089481391,0.0,-2.8465230464935303,0.5998331904411316,-0.12088220566511154,0.8134963773578177,-4.370360592046502,0.2968645448698499,0.8134963773578177,-4.370360592046502,0.2968645448698499,-1.5995022740925084,-5.2700127291970595,0.28402423195743587,-1.203066794511904,-4.437070001543768,0.19490289545707273,0.0,0.0,0.0,0.0,0.0,0.0,0.0,0.0,0.0
13.9167,-2.9937330456087166,1.9764110282650944,1.0,-2.9875285625457764,1.9124205112457275,1.0036879777908325,-0.19602285347160617,-0.01749461944455352,-0.01885439268134839,-0.9802620236721982,-2.964616542397642,0.4594004315869251,0.0,-2.866748809814453,0.507995069026947,-0.12243843823671341,1.008587388815041,-4.30016536945887,0.31650208788262724,1.008587388815041,-4.30016536945887,0.31650208788262724,-1.213703216206936,-5.511002060203731,-0.09338606644157034,-1.206206860604015,-4.754114374107924,0.10979472468845342,0.0,0.0,0.0,0.0,0.0,0.0,0.0,0.0,0.0
13.9334,-3.043241633428082,1.9834503122577385,1.0,-3.0445406436920166,1.9228723049163818,1.0015645027160645,-0.19966422527911398,-0.02019780240420886,-0.016876609668126128,-0.979510882538037,-2.975175468386608,0.38513754985787674,0.0,-2.8721468448638916,0.4180346429347992,-0.12126991897821426,1.1265554887504041,-4.237871119302499,0.32005618274441083,1.1265554887504041,-4.237871119302499,0.32005618274441083,-0.32378977475867,-5.396086878798713,0.07009116910976046,-0.9457012084393751,-4.943636391177698,0.09807350939787009,0.0,0.0,0.0,0.0,0.0,0.0,0.0,0.0,0.0
13.95,-3.0928922403848333,1.9892476909392622,1.0,-3.0731325149536133,1.9274598360061646,1.0005486011505127,-0.19966422527911398,-0.02019780240420886,-0.016876609668126128,-0.979510882538037,-2.9838715364088935,0.31066163942274994,0.0,-2.8764052391052246,0.3748260736465454,-0.11571184545755386,1.1060204225756327,-4.431440601942647,0.29176896930046503,1.1060204225756327,-4.431440601942647,0.29176896930046503,-0.2555953062392673,-2.593444118488838,0.3336040354894104,-0.7419693326642336,-4.249816676521344,0.16760642562124323,0.0,0.0,0.0,0.0,0.0,0.0,0.0,0.0,0.0
13.9667,-3.1426779314790356,1.9938028404925812,1.0,-3.130316972732544,1.9352617263793945,0.9984928369522095,-0.2015226589540655,-0.02699704790981969,-0.015666320766287337,-0.9789864071551674,-2.990704260738872,0.23598310278144607,0.0,-2.8774921894073486,0.28205060958862305,-0.11832933872938156,1.2203514275352083,-4.348366269348328,0.3178029821752535,1.2203514275352083,-4.348366269348328,0.3178029821752535,-0.06522547785280988,-5.567249914158178,-0.15706996823852581,-0.5421821775037312,-4.638747047724635,0.07175601986456417,0.0,0.0,0.0,0.0,0.0,0.0,0.0,0.0,0.0
13.9833,-3.192571922991538,1.9971127179681831,1.0,-3.1589770317077637,1.9385002851486206,0.9974578619003296,-0.20061828768378692,-0.036192483998888574,-0.014813774314608947,-0.9788887107603191,-2.9956690769522747,0.16114211551269264,0.0,-2.8822174072265625,0.23829643428325653,-0.11915597319602966,1.2244448519953055,-4.54099934782165,0.3280225366430205,1.2244448519953055,-4.54099934782165,0.3280225366430205,-0.28306387111517367,-2.6210910720406764,-0.04951948483203839,-0.46568571740982645,-4.043098125893182,0.03595327425893186,0.0,0.0,0.0,0.0,0.0,0.0,0.0,0.0,0.0
14.0,-3.2425559456102153,1.9991748749459772,1.0,-3.216275453567505,1.9437265396118164,0.995210587978363,-0.20060583329005194,-0.042344216934114415,-0.013522732051023256,-0.9786630565333918,-2.998762312418966,0.08616608158467695,0.0,-2.884124517440796,0.14180728793144226,-0.13341103494167328,1.3659264906773303,-4.431457616180142,0.42494879575075295,1.3659264906773303,-4.431457616180142,0.42494879575075295,-0.1145184612521296,-5.793995798078712,-0.855990243238987,-0.3620147249147183,-4.559995120843461,-0.22736475464938607,0.0,0.0,0.0,0.0,0.0,0.0,0.0,0.0,0.0
14.0167,-3.2925201193312597,1.999986012797385,1.0,-3.2736716270446777,1.9471435546875,0.992756724357605,-0.2028856300829911,-0.04590650018039155,-0.011934385918041697,-0.9780530230480452,-2.9999790191960773,0.011219821003110114,0.0,-2.8853800296783447,0.0592576339840889,-0.13538245856761932,1.5154247605953182,-4.399811524619412,0.44928795283913026,1.5154247605953182,-4.399811524619412,0.44928795283913026,-0.07537609321099867,-4.955961578374819,-0.1183566408542433,-0.27739376178363434,-4.676891656403752,-0.1951835670557248,0.0,0.0,0.0,0.0,0.0,0.0,0.0,0.0,0.0
14.0333,-3.3425211417495713,1.9995479370358473,1.0,-3.3023531436920166,1.948205828666687,0.991506814956665,-0.2028856300829911,-0.04590650018039155,-0.011934385918041697,-0.9780530230480452,-2.9993219055537708,-0.06378171262435742,0.0,-2.87744402885437,0.008509643375873566,-0.13800601661205292,1.47698670478862,-4.550993111021347,0.4715619702080165,1.47698670478862,-4.550993111021347,0.4715619702080165,0.4761332589509219,-3.0447081205567237,-0.15740462601381797,-0.054938812634409195,-4.195041244304253,-0.18403053315364068,0.0,0.0,0.0,0.0,0.0,0.0,0.0,0.0,0.0
14.05,-3.3924684346831406,1.9978612535877585,1.0,-3.359769105911255,1.9489901065826416,0.9889582395553589,-0.20459019615074142,-0.05036808127005778,-0.0105528122238546,-0.9774940715430936,-2.996791880381638,-0.1387026520247115,0.0,-2.8765947818756104,-0.08202806860208511,-0.1345616728067398,1.6362514218452024,-4.46503814574219,0.4640066531687683,1.6362514218452024,-4.46503814574219,0.4640066531687683,0.050981121813679885,-5.43506687515207,0.2067673073895433,-0.023669312028353005,-4.561119475161963,-0.06865986779791824,0.0,0.0,0.0,0.0,0.0,0.0,0.0,0.0,0.0
14.0667,-3.442417919882952,1.9949228396347096,1.0,-3.417257070541382,1.9481216669082642,0.9863821268081665,-0.20491633900123085,-0.05455472793017531,-0.009865102096702332,-0.9772081894696443,-2.9923842594520647,-0.21362687982442824,0.0,-2.8700263500213623,-0.17947301268577576,-0.1390078216791153,1.7729455941291785,-4.332871610897911,0.5040184219294463,1.7729455941291785,-4.332871610897911,0.5040184219294463,0.3937739408838831,-5.841771750471671,-0.26654422274312506,0.09956756607159117,-4.93919143402038,-0.127078946219089,0.0,0.0,0.0,0.0,0.0,0.0,0.0,0.0,0.0
14.0833,-3.49221561518392,1.9907418610355958,1.0,-3.4460625648498535,1.9470046758651733,0.9850665330886841,-0.2053164390341448,-0.061732399451853326,-0.009053438088079568,-0.9767048718047272,-2.986112791553394,-0.28832342277588036,0.0,-2.8711583614349365,-0.222280815243721,-0.13638952374458313,1.8236815688676147,-4.5293883164769175,0.495384057117052,1.8236815688676147,-4.5293883164769175,0.495384057117052,-0.06796547331052549,-2.5701618617500968,0.15720147010406677,0.05010875075235602,-4.23981060422789,-0.043154171370748846,0.0,0.0,0.0,0.0,0.0,0.0,0.0,0.0,0.0
14.1,-3.5419366161520824,1.9853127395362373,1.0,-3.5037589073181152,1.9435399770736694,0.9824877977371216,-0.20645569469117458,-0.0652692101965617,-0.008212945635075287,-0.9762420994080775,-2.977969109304356,-0.3629049242281237,0.0,-2.8620922565460205,-0.3151361644268036,-0.12773416936397552,1.9692594433030899,-4.416655329350575,0.45692958092307556,1.9692594433030899,-4.416655329350575,0.45692958092307556,0.5437490169161913,-5.569095598644417,0.5191138303805071,0.1958403798589511,-4.632239830653632,0.12283761962817483,0.0,0.0,0.0,0.0,0.0,0.0,0.0,0.0,0.0
14.1167,-3.5914744639110117,1.978646668025342,1.0,-3.561535358428955,1.9383686780929565,0.9801276326179504,-0.20492213946125717,-0.07128584140888586,-0.006863572133150502,-0.97615485543166,-2.967970002038013,-0.43721169586651765,0.0,-2.85058331489563,-0.4015471041202545,-0.11620239913463593,2.112354733671035,-4.335834367624941,0.4002020546189886,2.112354733671035,-4.335834367624941,0.4002020546189886,0.6906853627128344,-5.185774073544141,0.6920553727285734,0.34192766335171887,-4.795653256405142,0.29088110424979857,0.0,0.0,0.0,0.0,0.0,0.0,0.0,0.0,0.0
14.1334,-3.640875360856465,1.9707369150551208,1.0,-3.5904078483581543,1.9351515769958496,0.9789884686470032,-0.20492213946125717,-0.07128584140888586,-0.006863572133150502,-0.97615485543166,-2.956105372582681,-0.5113130412846979,0.0,-2.850595235824585,-0.4456036686897278,-0.11269395053386688,2.191282449418084,-4.521175965582104,0.3855479372855246,2.191282449418084,-4.521175965582104,0.3855479372855246,-0.0007148780418060679,-2.6419980126390437,0.21039575648394385,0.24077332246590125,-4.1598548649023135,0.26712035851428756,0.0,0.0,0.0,0.0,0.0,0.0,0.0,0.0,0.0
14.15,-3.6899752634796923,1.96161140236132,1.0,-3.6481075286865234,1.9274280071258545,0.9767348170280457,-0.20304786910797773,-0.07676271900575528,-0.0051689316482244575,-0.9761416213212276,-2.94241710354198,-0.5849628952195389,0.0,-2.836306095123291,-0.535975456237793,-0.11134931445121765,2.340453892531748,-4.4067526037466624,0.38952299674760305,2.340453892531748,-4.4067526037466624,0.38952299674760305,0.8583315431435732,-5.428524883637666,0.08077067669172933,0.4230877966616869,-4.534389442613677,0.21210652642449637,0.0,0.0,0.0,0.0,0.0,0.0,0.0,0.0,0.0
14.1667,-3.7389066762287615,1.9512459941180715,1.0,-3.7057032585144043,1.9180305004119873,0.9746931791305542,-0.2037364695873048,-0.08130454242663017,-0.0036009002962252004,-0.9756372921319463,-2.9268689911771073,-0.6583600143431423,0.0,-2.819387674331665,-0.6218875646591187,-0.09420976042747498,2.4850957262917275,-4.312626225965525,0.2977377115973514,2.4850957262917275,-4.312626225965525,0.2977377115973514,1.0147578257947347,-5.152962290323042,1.0280212787255645,0.597759603540764,-4.717003453254115,0.45297947422708745,0.0,0.0,0.0,0.0,0.0,0.0,0.0,0.0,0.0
14.1834,-3.787569132454452,1.9396588207923613,1.0,-3.7344093322753906,1.9126249551773071,0.9737305045127869,-0.20348022728507065,-0.08815187748639193,-0.0012163580480243268,-0.9751019007153123,-2.9094882311885417,-0.7313536986816778,0.0,-2.816067695617676,-0.6684836149215698,-0.09265564382076263,2.5782825633502613,-4.475398228418202,0.2941024975324513,2.5782825633502613,-4.475398228418202,0.2941024975324513,0.1990935346429899,-2.794286694689886,0.09319775671270482,0.48006609336282324,-4.149382323572768,0.34676533528823084,0.0,0.0,0.0,0.0,0.0,0.0,0.0,0.0,0.0
14.2,-3.835903148578865,1.9268647631173441,1.0,-3.7918405532836914,1.900618076324463,0.9718493223190308,-0.2027681141326306,-0.09625869735691686,0.001421065291241905,-0.974483142832324,-2.8902971446760164,-0.8038547228682975,0.0,-2.8012216091156006,-0.7536914944648743,-0.0901116207242012,2.757855674687044,-4.373868872453584,0.2891827189127003,2.757855674687044,-4.373868872453584,0.2891827189127003,0.8906768508982721,-5.111965756951596,0.15262624799748256,0.6012858939462586,-4.433554546773779,0.28945192833297595,0.0,0.0,0.0,0.0,0.0,0.0,0.0,0.0,0.0
14.2169,-3.8845308944903874,1.9126744713584347,1.0,-3.8490707874298096,1.886911392211914,0.9698907136917114,-0.2022991882960984,-0.10058903316032017,0.0023538171956364747,-0.974141374037749,-2.869011707037652,-0.8767963417355811,0.0,-2.790921449661255,-0.8354098200798035,-0.0911540538072586,2.975593527041699,-4.291263546060396,0.3062470531863415,2.975593527041699,-4.291263546060396,0.3062470531863415,0.6100771033976332,-4.840165786426413,-0.061743175784449406,0.6038812196580816,-4.5535936165768165,0.18577271461116346,0.0,0.0,0.0,0.0,0.0,0.0,0.0,0.0,0.0
14.2333,-3.931528274925467,1.8976754300906316,1.0,-3.877659559249878,1.879493236541748,0.9689305424690247,-0.2022991882960984,-0.10058903316032017,0.0023538171956364747,-0.974141374037749,-2.8465131451359476,-0.9472924123882005,0.0,-2.7808165550231934,-0.8766639828681946,-0.08805767446756363,3.062770290054897,-4.4705724262468305,0.2934920065539348,3.062770290054897,-4.4705724262468305,0.2934920065539348,0.6141662681679201,-2.507390340390384,0.188195108609022,0.6069175539636824,-3.9495170098622987,0.1864878495947606,0.0,0.0,0.0,0.0,0.0,0.0,0.0,0.0,0.0
14.25,-3.978724099375146,1.8813116692689165,1.0,-3.9345695972442627,1.863350749015808,0.967022180557251,-0.20105108840278924,-0.10702730671350337,0.0038519690728047217,-0.9737087787846332,-2.821967503903375,-1.0180861490627189,0.0,-2.7640318870544434,-0.9598134160041809,-0.07921899110078812,3.2633629053224587,-4.360427214815475,0.2510994659071333,3.2633629053224587,-4.360427214815475,0.2510994659071333,1.0084659571115473,-4.995831483046598,0.5310507957426693,0.7254619818942605,-4.2584081664122175,0.28820912906436774,0.0,0.0,0.0,0.0,0.0,0.0,0.0,0.0,0.0
14.2667,-4.025559186718787,1.8637499474360748,1.0,-3.9912099838256836,1.8455899953842163,0.9653987288475037,-0.20040978985838157,-0.1139882933844528,0.005912359909108277,-0.9730404140609474,-2.795624921154112,-1.088338780078181,0.0,-2.7389609813690186,-1.045961856842041,-0.06667465716600418,3.424825506584762,-4.224240436371389,0.1851049369100668,3.424825506584762,-4.224240436371389,0.1851049369100668,1.503159128595117,-5.16514308994225,0.7521120418548802,0.9550523939994421,-4.52609288873189,0.4251617479291717,0.0,0.0,0.0,0.0,0.0,0.0,0.0,0.0,0.0
14.2833,-4.071908115908915,1.8450360052296944,1.0,-4.019373893737793,1.8360536098480225,0.9646922945976257,-0.19970940670071768,-0.12192244551916269,0.009031606020551055,-0.9721982778808513,-2.7675540078445415,-1.1578621738633725,0.0,-2.7319464683532715,-1.0857300758361816,-0.054780058562755585,3.563648859156544,-4.406403282003285,0.11844573181788753,3.563648859156544,-4.406403282003285,0.11844573181788753,0.4211242002204314,-2.3875298799078197,0.7141056424716946,0.7974270322962045,-3.8947500008330387,0.510463266784829,0.0,0.0,0.0,0.0,0.0,0.0,0.0,0.0,0.0
14.3,-4.117836260862218,1.8251421452640082,1.0,-4.075490951538086,1.8157825469970703,0.9635343551635742,-0.1991301693907423,-0.13004761243968002,0.01214722750302188,-0.9712297854489195,-2.737713217896012,-1.2267543912933268,0.0,-2.7070577144622803,-1.1705317497253418,-0.038117244839668274,3.7469369796984795,-4.264143078499986,0.025476188342240746,3.7469369796984795,-4.264143078499986,0.025476188342240746,1.4907250060690875,-5.07924086423808,0.9980279927742156,1.0021012659428796,-4.244433353302109,0.6544012853859328,0.0,0.0,0.0,0.0,0.0,0.0,0.0,0.0,0.0
14.3169,-4.1638463839108955,1.8038207851679915,1.0,-4.131141185760498,1.7937120199203491,0.9625279307365417,-0.1975758489353992,-0.1388409280812845,0.013806928250532343,-0.9703074016692586,-2.7057311777519875,-1.295769575866344,0.0,-2.6823549270629883,-1.2659708261489868,-0.03196900337934494,3.9417833507235933,-4.0537100682251985,-0.005115131565174735,3.9417833507235933,-4.0537100682251985,-0.005115131565174735,1.4623375157015228,-5.649732544846372,0.36395909488659617,1.137971418863056,-4.659303360073308,0.5686574421786437,0.0,0.0,0.0,0.0,0.0,0.0,0.0,0.0,0.0
14.3334,-4.208029995304501,1.7819880829083308,1.0,-4.158811569213867,1.7819701433181763,0.9620842933654785,-0.1975758489353992,-0.1388409280812845,0.013806928250532343,-0.9703074016692586,-2.672982124362496,-1.3620449929567515,0.0,-2.667374610900879,-1.314321517944336,-0.03000210039317608,4.0644341765557375,-4.162588673478722,-0.013452568482547278,4.0644341765557375,-4.162588673478722,-0.013452568482547278,0.9118509273503033,-2.943103648448611,0.11972526430934897,1.0712165168397259,-4.152649837274323,0.4361244578909509,0.0,0.0,0.0,0.0,0.0,0.0,0.0,0.0,0.0
14.35,-4.252310139504006,1.7587226609667197,1.0,-4.2137651443481445,1.757144808769226,0.9613943696022034,-0.19630960745798415,-0.14672182240454482,0.014068997354573082,-0.9694005700766982,-2.6380839914500793,-1.4284652092560102,0.0,-2.6409854888916016,-1.396139144897461,-0.01659291610121727,4.267842955910014,-4.010031135343467,-0.08917050277180572,4.267842955910014,-4.010031135343467,-0.08917050277180572,1.582488597858256,-4.906395207526129,0.8041147121584719,1.2221533799578181,-4.375169247191935,0.5447619069112812,0.0,0.0,0.0,0.0,0.0,0.0,0.0,0.0,0.0
14.3667,-4.2959561550647605,1.7343792368419941,1.0,-4.241029739379883,1.7441140413284302,0.9611207842826843,-0.19544863822204867,-0.15431653040679305,0.013711086317018607,-0.9683999195993526,-2.6015688552629914,-1.4939342325971412,0.0,-2.626638412475586,-1.4349820613861084,-0.011916512623429298,4.416232778951889,-4.171740518629597,-0.11456569182560195,4.416232778951889,-4.171740518629597,-0.11456569182560195,0.8612689461706908,-2.3317780417638723,0.2807290473958408,1.1156136990202947,-3.7719228151630544,0.46681458090832634,0.0,0.0,0.0,0.0,0.0,0.0,0.0,0.0,0.0
14.3833,-4.3389686890975945,1.7089599360648644,1.0,-4.295147895812988,1.7168821096420288,0.9604464769363403,-0.19174859800141367,-0.16353390919886793,0.012689362415417477,-0.9676405176828833,-2.5634399040972964,-1.558453033646392,0.0,-2.596766948699951,-1.5165503025054932,-0.022265760228037834,4.617354193393817,-4.003319238574591,-0.04778116298429147,4.617354193393817,-4.003319238574591,-0.04778116298429147,1.7935723999713693,-4.897602175935867,-0.6213999087395319,1.315759498965634,-4.104243937124865,0.14555377366868655,0.0,0.0,0.0,0.0,0.0,0.0,0.0,0.0,0.0
14.4,-4.381355112593722,1.6824598421559482,1.0,-4.348825454711914,1.688032627105713,0.9596241116523743,-0.18846449646765406,-0.17261134794154095,0.012599758215483302,-0.9667097466803687,-2.5236897632339224,-1.6220326688905837,0.0,-2.574819326400757,-1.5943580865859985,-0.029745889827609062,4.875452460347717,-3.846671038897503,0.002556840628999524,4.875452460347717,-3.846671038897503,0.002556840628999524,1.317310857028377,-4.670074841516292,-0.4489623431261716,1.3162174882207816,-4.271287562104301,-0.029958250307668702,0.0,0.0,0.0,0.0,0.0,0.0,0.0,0.0,0.0
14.4167,-4.423119853262171,1.654872138628347,1.0,-4.37544584274292,1.6730130910873413,0.959135115146637,-0.18846449646765406,-0.17261134794154095,0.012599758215483302,-0.9667097466803687,-2.4823082079425203,-1.6846797798932571,0.0,-2.5542845726013184,-1.634913444519043,-0.031287893652915955,5.017986617657887,-3.980292787130819,0.01561770291182718,5.017986617657887,-3.980292787130819,0.01561770291182718,1.23055492056235,-2.4302991770488056,-0.09240531507172248,1.2909283325460823,-3.727794142077229,-0.04839376520541455,0.0,0.0,0.0,0.0,0.0,0.0,0.0,0.0,0.0
14.4334,-4.464146820682193,1.6262724802122006,1.0,-4.428136348724365,1.6417224407196045,0.958287239074707,-0.18338615864712304,-0.1880503505035655,0.015135776237232309,-0.9647681678100173,-2.439408720318301,-1.746220231023289,0.0,-2.520554780960083,-1.7115517854690552,-0.013103594072163105,5.223032808800822,-3.8121588334675858,-0.0878578724807948,5.223032808800822,-3.8121588334675858,-0.0878578724807948,2.0231816491719816,-4.596923890970454,1.0907313512677688,1.5071028954112249,-3.9843771295136277,0.2878967895946281,0.0,0.0,0.0,0.0,0.0,0.0,0.0,0.0,0.0
14.45,-4.5043956115560935,1.5966938375482076,1.0,-4.4800705909729,1.6088699102401733,0.9576952457427979,-0.18338615864712304,-0.1880503505035655,0.015135776237232309,-0.9647681678100173,-2.3950407563223113,-1.8065934173341411,0.0,-2.4844770431518555,-1.7917966842651367,-0.005802774336189032,5.421356284403928,-3.6102098581781985,-0.12729440193986186,5.421356284403928,-3.6102098581781985,-0.12729440193986186,2.1673326744868877,-4.8206290551282605,0.4385891723152007,1.7020147935776728,-4.231253982592101,0.3323839352614182,0.0,0.0,0.0,0.0,0.0,0.0,0.0,0.0,0.0
14.4667,-4.543952010792876,1.5660726020348992,1.0,-4.505801677703857,1.5918623208999634,0.9574835300445557,-0.17697886319223147,-0.19776950316759462,0.01590584130637489,-0.9640087237466995,-2.3491089030523487,-1.8659280161893146,0.0,-2.46720814704895,-1.8264306783676147,-0.001531698158942163,5.612573142860047,-3.7580140241401754,-0.150444214714339,5.612573142860047,-3.7580140241401754,-0.150444214714339,1.0355126023989591,-2.076793858206928,0.25611093963331166,1.5052511647140736,-3.595217975619275,0.30986675286845056,0.0,0.0,0.0,0.0,0.0,0.0,0.0,0.0,0.0
14.4833,-4.582708252435031,1.5344899931687623,1.0,-4.556721210479736,1.5566915273666382,0.957124650478363,-0.17537590790788482,-0.20807097792871063,0.017152587232175612,-0.9621099660744352,-2.3017349897531436,-1.9240623786525468,0.0,-2.4333035945892334,-1.899802327156067,0.01226542517542839,5.840974227482335,-3.5779585063616377,-0.23000350260254088,5.840974227482335,-3.5779585063616377,-0.23000350260254088,2.0344497060043776,-4.402681011173264,0.8278992487709945,1.6614802465561815,-3.8335958221614463,0.4627994140241301,0.0,0.0,0.0,0.0,0.0,0.0,0.0,0.0,0.0
14.5,-4.62067531351342,1.501937653924499,1.0,-4.6068572998046875,1.5202041864395142,0.9570035338401794,-0.1721201165439789,-0.21667141115228303,0.01784809452630241,-0.960785964975314,-2.2529064808867485,-1.981012970270131,0.0,-2.3902981281280518,-1.9608932733535767,0.014851847663521767,6.021953141380063,-3.4605031405431275,-0.24348280961977586,6.021953141380063,-3.4605031405431275,-0.24348280961977586,2.5795555301318536,-3.664359465720905,0.15513889236478562,1.9325128504353337,-3.7836341565141,0.37197240474948456,0.0,0.0,0.0,0.0,0.0,0.0,0.0,0.0,0.0
14.5167,-4.657833376939473,1.4684306318206346,1.0,-4.631577491760254,1.501450777053833,0.9568995833396912,-0.1721201165439789,-0.21667141115228303,0.01784809452630241,-0.960785964975314,-2.202645947730952,-2.0367500654092088,0.0,-2.36529278755188,-2.0001168251037598,0.00884014181792736,6.19446259643177,-3.558512488064962,-0.20545486864197748,6.19446259643177,-3.558512488064962,-0.20545486864197748,1.498992382123001,-2.3513299126731173,-0.36038306451612906,1.8045296844971601,-3.3607917647186953,0.15576768455799828,0.0,0.0,0.0,0.0,0.0,0.0,0.0,0.0,0.0
14.5333,-4.6940846996802605,1.434059918593849,1.0,-4.680388927459717,1.4629155397415161,0.9566212296485901,-0.16150298559511858,-0.23522816542362557,0.016668277795936954,-0.9582832429638886,-2.151089877890773,-2.0911270495203915,0.0,-2.3223085403442383,-2.064246892929077,-0.0012285122647881508,6.390031568495285,-3.4023176436551315,-0.14220685214159623,6.390031568495285,-3.4023176436551315,-0.14220685214159623,2.581975195485922,-3.852161086128376,-0.6048033124301836,2.0340458091408467,-3.505852969426556,-0.06876677512793083,0.0,0.0,0.0,0.0,0.0,0.0,0.0,0.0,0.0
14.55,-4.729465285824397,1.39879555211724,1.0,-4.704431533813477,1.4431008100509644,0.9563843011856079,-0.16150298559511858,-0.23522816542362557,0.016668277795936954,-0.9582832429638886,-2.09819332817586,-2.1441979287365958,0.0,-2.302818536758423,-2.0948939323425293,0.0012985803186893463,6.612970448167312,-3.5355017332303404,-0.15473234512033507,6.612970448167312,-3.5355017332303404,-0.15473234512033507,1.17055673291712,-1.8406409301792772,0.1517755102132138,1.7791280513741654,-3.0142519394431555,-0.00365866152240589,0.0,0.0,0.0,0.0,0.0,0.0,0.0,0.0,0.0
14.5667,-4.764011129543176,1.3625973038919872,1.0,-4.751825332641602,1.4025753736495972,0.9559500217437744,-0.15920818715828758,-0.24373220617047553,0.016160534711926217,-0.9565491951756049,-2.043895955837981,-2.196016694314765,0.0,-2.251049757003784,-2.157811164855957,0.0004635549848899245,6.769906648124216,-3.3664958332440102,-0.1460811414061549,6.769906648124216,-3.3664958332440102,-0.1460811414061549,3.1033329522067232,-3.7716384632975073,-0.05005645577487208,2.1700575413222523,-3.2378462844556086,-0.017356138423774353,0.0,0.0,0.0,0.0,0.0,0.0,0.0,0.0,0.0
14.5833,-4.7975889288342675,1.3256045414198883,1.0,-4.798171043395996,1.3606759309768677,0.9554908275604248,-0.154375013110369,-0.2511919296707445,0.015113354113824501,-0.9554280047115181,-1.9884068121298324,-2.246383393251401,0.0,-2.2019944190979004,-2.2260851860046387,-0.0019764252938330173,6.947908781954595,-3.1518687875846054,-0.12766296701555113,6.947908781954595,-3.1518687875846054,-0.12766296701555113,2.9459358847701274,-4.1000816116146215,-0.1465289154671012,2.399111009463885,-3.4923939125829238,-0.055490303168956,0.0,0.0,0.0,0.0,0.0,0.0,0.0,0.0,0.0
14.6,-4.830251139978207,1.2877621863509565,1.0,-4.843419551849365,1.3173723220825195,0.9549587965011597,-0.1509626198624648,-0.2571443027441577,0.01435003254044374,-0.9544010124538531,-1.9316432795264347,-2.2953767099673117,0.0,-2.146318197250366,-2.2938895225524902,0.0006146232481114566,7.09107354375754,-2.927044517637056,-0.139047988680586,7.09107354375754,-2.927044517637056,-0.139047988680586,3.3411500436381325,-4.068962557051493,0.15548975238824883,2.6772181505184047,-3.6626075146927217,0.006794865430209483,0.0,0.0,0.0,0.0,0.0,0.0,0.0,0.0,0.0
14.6167,-4.862008303405374,1.249051664300826,1.0,-4.865544319152832,1.2951898574829102,0.954743504524231,-0.14794954693077705,-0.2682816864885025,0.013119260270228602,-0.9518212881501983,-1.873577496451239,-2.3430124551080618,0.0,-2.1133434772491455,-2.3271846771240234,0.013957318849861622,7.264970583883202,-3.009399830867056,-0.21651682335821754,7.264970583883202,-3.009399830867056,-0.21651682335821754,1.9754331338465714,-1.9946295687943667,0.7993275753531933,2.470038386685602,-3.1701899385119243,0.24076500695632325,0.0,0.0,0.0,0.0,0.0,0.0,0.0,0.0,0.0
14.6334,-4.892742778772099,1.2096158235858734,1.0,-4.908622741699219,1.2498663663864136,0.954623818397522,-0.14794954693077705,-0.2682816864885025,0.013119260270228602,-0.9518212881501983,-1.81442373537881,-2.3891141681581494,0.0,-2.034311532974243,-2.389186143875122,0.02661796100437641,7.276838497585041,-2.79650336244612,-0.2903694696999377,7.276838497585041,-2.79650336244612,-0.2903694696999377,4.741175124435037,-3.7195062646604495,0.7595197384182447,3.1405194624862833,-3.3323581581480135,0.39391088524982815,0.0,0.0,0.0,0.0,0.0,0.0,0.0,0.0,0.0
14.65,-4.922449250439846,1.1694692940591394,1.0,-4.950001239776611,1.2034943103790283,0.9547116160392761,-0.13238711287771293,-0.2849185701506548,0.008442224490974683,-0.9493280491796878,-1.7542039410887091,-2.433673875659769,0.0,-1.9519422054290771,-2.4299488067626953,0.036220233887434006,7.269599573262484,-2.6983946268100802,-0.3469145137953671,7.269599573262484,-2.6983946268100802,-0.3469145137953671,4.948818954033032,-2.449055306470327,0.5769126865751816,3.6743625236766624,-3.0715910117200362,0.44793636182578866,0.0,0.0,0.0,0.0,0.0,0.0,0.0,0.0,0.0
14.6667,-4.951191258143233,1.1285244476888254,1.0,-4.970030784606934,1.17995285987854,0.9547876715660095,-0.13238711287771293,-0.2849185701506548,0.008442224490974683,-0.9493280491796878,-1.6927866715332383,-2.476786887214849,0.0,-1.9062163829803467,-2.4531140327453613,0.03502429649233818,7.385169625854539,-2.813830032844285,-0.33861125008344395,7.385169625854539,-2.813830032844285,-0.33861125008344395,2.7420221891799152,-1.3891398833352395,-0.07171630161271875,3.399118616035416,-2.5749006875349134,0.29452539760079827,0.0,0.0,0.0,0.0,0.0,0.0,0.0,0.0,0.0
14.6833,-4.9788846568447545,1.086897561415642,1.0,-5.008656024932861,1.132145643234253,0.9550969004631042,-0.12676620369441363,-0.2932538206717527,0.007904472850824207,-0.9475601153252015,-1.630346342123463,-2.5183269852671324,0.0,-1.8035924434661865,-2.5037450790405273,0.049394454807043076,7.26153350232557,-2.635476320606603,-0.42488159731148123,7.26153350232557,-2.635476320606603,-0.42488159731148123,6.15753032730602,-3.037909132524605,0.8622226553559167,4.213452170212618,-2.7115892431562343,0.4621200042055644,0.0,0.0,0.0,0.0,0.0,0.0,0.0,0.0,0.0
14.7,-5.005547174235035,1.0445615522595533,1.0,-5.027071952819824,1.107862949371338,0.9553125500679016,-0.12676620369441363,-0.2932538206717527,0.007904472850824207,-0.9475601153252015,-1.5668423283893298,-2.5583207613525527,0.0,-1.7485040426254272,-2.5230114459991455,0.05602775514125824,7.331143903992237,-2.75590712321482,-0.46426898035646325,7.331143903992237,-2.75590712321482,-0.46426898035646325,3.302897535593802,-1.1551403739493395,0.3977082469695237,3.944639799364573,-2.2520970888931187,0.44310447618032167,0.0,0.0,0.0,0.0,0.0,0.0,0.0,0.0,0.0
14.7167,-5.031130169887803,1.0015928987888374,1.0,-5.062051296234131,1.058638095855713,0.9558585286140442,-0.11549793818037439,-0.30640693539804764,0.013971975309300997,-0.9447644727166252,-1.502389348183256,-2.5966952548317046,0.0,-1.6276029348373413,-2.5672943592071533,0.06415533274412155,7.097514050234764,-2.59344703629275,-0.5142927261968122,7.097514050234764,-2.59344703629275,-0.5142927261968122,7.252932089936495,-2.656559299731106,0.4875783976486069,4.9213081510217345,-2.371501726111089,0.4562339906721174,0.0,0.0,0.0,0.0,0.0,0.0,0.0,0.0,0.0
14.7333,-5.055613049330968,0.9580306994135518,1.0,-5.094351768493652,1.0086650848388672,0.9565438628196716,-0.11015431838178431,-0.3113483478212982,0.016391710176008455,-0.9437476378494515,-1.4370460491203276,-2.6334195739964525,0.0,-1.4898169040679932,-2.6009621620178223,0.06588967144489288,6.757677350379484,-2.48256051413031,-0.5266777839295411,6.757677350379484,-2.48256051413031,-0.5266777839295411,8.272258166098881,-2.021313446508832,0.10412447038447224,5.910569842631563,-2.2681197453884403,0.352284824583568,0.0,0.0,0.0,0.0,0.0,0.0,0.0,0.0,0.0
14.75,-5.079005182887421,0.9138602514934623,1.0,-5.109474182128906,0.9833665490150452,0.9569077491760254,-0.11015431838178431,-0.3113483478212982,0.016391710176008455,-0.9437476378494515,-1.3707903772401935,-2.6685077743311316,0.0,-1.42404305934906,-2.6147947311401367,0.06761333346366882,6.772359656067433,-2.6062283935346633,-0.5374032739847063,6.772359656067433,-2.6062283935346633,-0.5374032739847063,3.947789814112563,-0.8302399793935404,0.10345533836092786,5.331121303401117,-1.8436313575463101,0.2788258122570751,0.0,0.0,0.0,0.0,0.0,0.0,0.0,0.0,0.0
14.7667,-5.1013067433890145,0.8690765307044378,1.0,-5.137697696685791,0.9323710203170776,0.9575991630554199,-0.10544465040507084,-0.31275530445500105,0.017344018218112083,-0.9438033981300313,-1.3036147960566566,-2.7019601150835224,0.0,-1.295711874961853,-2.642332077026367,0.058872174471616745,6.485821310755682,-2.510951688547802,-0.48699891753956415,6.485821310755682,-2.510951688547802,-0.48699891753956415,7.693825042881647,-1.650943396226415,-0.5240577204831333,6.0286346317333415,-1.78674634950068,0.041799918647627,0.0,0.0,0.0,0.0,0.0,0.0,0.0,0.0,0.0
14.7833,-5.122443747132538,0.8238317719883804,1.0,-5.1632232666015625,0.8806774020195007,0.9579992294311523,-0.10158075377413761,-0.3117447073214068,0.017326822303919635,-0.9445615356410454,-1.2357476579825706,-2.7336656206988064,0.0,-1.1673078536987305,-2.6783089637756348,0.05204721540212631,6.19277977693317,-2.3522244541303334,-0.44665149343116006,6.19277977693317,-2.3522244541303334,-0.44665149343116006,7.71539596584723,-2.1617385823162,-0.4100904407340554,6.526597407429696,-1.897450910567398,-0.09160637489083537,0.0,0.0,0.0,0.0,0.0,0.0,0.0,0.0,0.0
14.8,-5.1425090706222285,0.7779205130826743,1.0,-5.186103820800781,0.8283193707466125,0.9583777785301208,-0.10083338478291819,-0.30862012963362745,0.017659950994549777,-0.9456608097439065,-1.1668807696240115,-2.763763605933343,0.0,-1.0427415370941162,-2.710818290710449,0.051426343619823456,5.918534528371757,-2.2030640521986395,-0.44342852588461135,5.918534528371757,-2.2030640521986395,-0.44342852588461135,7.457450756494433,-1.9462460747930346,-0.03716992577790465,6.80140232979296,-1.911856134902898,-0.07553574014773537,0.0,0.0,0.0,0.0,0.0,0.0,0.0,0.0,0.0
14.8167,-5.161364371841966,0.7316574849185667,1.0,-5.19650411605835,0.8018901348114014,0.9585177898406982,-0.10098023493984226,-0.30380387227702993,0.017284801895954324,-0.9472103386294095,-1.09748622737785,-2.792046557762949,0.0,-0.9703879356384277,-2.7280943393707275,0.0456564761698246,5.901514855884679,-2.265352408523823,-0.4081275288292101,5.901514855884679,-2.265352408523823,-0.4081275288292101,4.344016604637847,-1.0372316060692814,-0.3464153753936444,6.075937148734798,-1.6536509879969767,-0.15550435948861568,0.0,0.0,0.0,0.0,0.0,0.0,0.0,0.0,0.0
14.8334,-5.179071506447298,0.6849016525442773,1.0,-5.215176105499268,0.7484421730041504,0.9586635231971741,-0.10089190568207554,-0.2992501054929582,0.016270833014479187,-0.948686236970564,-1.027352478816416,-2.818607259670947,0.0,-0.8411533832550049,-2.762831449508667,0.04000698775053024,5.59217700804826,-2.0786915301599493,-0.37358160066822954,5.59217700804826,-2.0786915301599493,-0.37358160066822954,7.7553008841960684,-2.0845566143016567,-0.33902297586345037,6.571716018098915,-1.7808622047815836,-0.2096824093132964,0.0,0.0,0.0,0.0,0.0,0.0,0.0,0.0,0.0
14.85,-5.195585227184732,0.6377747615569378,1.0,-5.223552227020264,0.7214398980140686,0.9587072730064392,-0.10089190568207554,-0.2992501054929582,0.016270833014479187,-0.948686236970564,-0.9566621423354067,-2.8433778407770975,0.0,-0.7808459401130676,-2.7784180641174316,0.03754756599664688,5.651407713097452,-2.1297753871298433,-0.3576693061917364,5.651407713097452,-2.1297753871298433,-0.3576693061917364,3.623477968141187,-0.9364972495988998,-0.14777049192069677,5.70134225918073,-1.5315902370883117,-0.1914048797007871,0.0,0.0,0.0,0.0,0.0,0.0,0.0,0.0,0.0
14.8667,-5.210949933906505,0.5901443468361981,1.0,-5.238351345062256,0.6669758558273315,0.9586201906204224,-0.1007850528843883,-0.2930788480301597,0.015582279950356754,-0.9506337163997068,-0.8852165202542972,-2.8664249008597578,0.0,-0.6507660746574402,-2.811228036880493,0.020660534501075745,5.3318020597022215,-1.9311431834246957,-0.2545309589613236,5.3318020597022215,-1.9311431834246957,-0.2545309589613236,7.796768938365463,-1.9665747316975577,-1.0121803413978878,6.319950514143594,-1.660005610348149,-0.43371279775894983,0.0,0.0,0.0,0.0,0.0,0.0,0.0,0.0,0.0
14.8834,-5.22511318969997,0.5421616058364963,1.0,-5.250279903411865,0.6119060516357422,0.9580524563789368,-0.10084681909088102,-0.2846283416834527,0.014825406844798102,-0.953203494047113,-0.8132424087547445,-2.8876697845499546,0.0,-0.5097978115081787,-2.828214168548584,-0.0011817158665508032,4.938951032969717,-1.814463281507161,-0.11923853521282801,4.938951032969717,-1.814463281507161,-0.11923853521282801,8.446021712734805,-1.0177130204985358,-1.308664210926898,6.947605591342009,-1.470389098289118,-0.6920144468950107,0.0,0.0,0.0,0.0,0.0,0.0,0.0,0.0,0.0
14.9001,-5.238092672540548,0.4937578279325157,1.0,-5.25517463684082,0.5842729210853577,0.9576215744018555,-0.09739486575729327,-0.2794301179755131,0.012354463557149939,-0.9551337775620635,-0.7406367418987736,-2.907139008810822,0.0,-0.4434848129749298,-2.8376119136810303,-0.010337903164327145,4.965772511506559,-1.8713490801490376,-0.060731014030791286,4.965772511506559,-1.8713490801490376,-0.060731014030791286,3.9693012187464323,-0.5625214065532596,-0.5480624644339037,6.068355704442393,-1.202369962090857,-0.6495171905828229,0.0,0.0,0.0,0.0,0.0,0.0,0.0,0.0,0.0
14.9167,-5.249823171999616,0.44518490308337694,1.0,-5.262836456298828,0.528531551361084,0.9564133882522583,-0.09294707722380223,-0.27636565223042237,0.008711922174595904,-0.9565077226766702,-0.6677773546250654,-2.924734757999424,0.0,-0.3090225160121918,-2.875979423522949,-0.03115399368107319,4.602421923011313,-1.6029747704543897,0.07165772436049345,4.602421923011313,-1.6029747704543897,0.07165772436049345,8.076757557964685,-2.3046242857347443,-1.2503617757994758,6.6612726402690345,-1.5277755849399033,-0.8268974941061948,0.0,0.0,0.0,0.0,0.0,0.0,0.0,0.0,0.0
14.9334,-5.260339219705096,0.39632075858578936,1.0,-5.267753601074219,0.47221431136131287,0.954899787902832,-0.09095690303711783,-0.26929374822508245,0.0071660179180648,-0.9587264592228292,-0.5944811378786841,-2.940508829557644,0.0,-0.16823385655879974,-2.8974814414978027,-0.044633641839027405,4.1932574889283405,-1.4226627596859174,0.16160764219951496,4.1932574889283405,-1.4226627596859174,0.16160764219951496,8.443462509115347,-1.2895320073780687,-0.8084095998899009,7.1874076636182895,-1.4574417263345634,-0.8214395298201196,0.0,0.0,0.0,0.0,0.0,0.0,0.0,0.0,0.0
14.9501,-5.269641570353311,0.3471485047298067,1.0,-5.269113540649414,0.4438347816467285,0.9540020823478699,-0.09095690303711783,-0.26929374822508245,0.0071660179180648,-0.9587264592228292,-0.52072275709471,-2.9544623555299676,0.0,-0.09892646223306656,-2.900662899017334,-0.05566268786787987,4.201172837007737,-1.482233347899674,0.23380436661243387,4.201172837007737,-1.482233347899674,0.23380436661243387,4.156663777078716,-0.19080574819475227,-0.6614595249159935,6.292676673736526,-1.0835076345842831,-0.7742105083297585,0.0,0.0,0.0,0.0,0.0,0.0,0.0,0.0,0.0
14.9667,-5.27770783137399,0.29777799401901983,1.0,-5.269787311553955,0.3868899345397949,0.952031672000885,-0.08844027783403989,-0.2603076344591429,0.0067071230314782095,-0.9614433293715384,-0.44666699102852975,-2.966561747060984,0.0,0.026145409792661667,-2.9169423580169678,-0.07036574929952621,3.876130614151019,-1.3096852316376657,0.33347633721025893,3.876130614151019,-1.3096852316376657,0.33347633721025893,7.4921014742427055,-0.9751781659263914,-0.8807482165555064,6.646768797393646,-1.0515267954391094,-0.805662387046371,0.0,0.0,0.0,0.0,0.0,0.0,0.0,0.0,0.0
14.9834,-5.284529502991575,0.24827938246260733,1.0,-5.269142150878906,0.3583158850669861,0.9509132504463196,-0.08109954015547322,-0.25367384694407374,0.005635665848634244,-0.9638676160978851,-0.37241907369391103,-2.976794254487362,0.0,0.09171756356954575,-2.9302799701690674,-0.07500751316547394,3.905943823809097,-1.2861360146739624,0.3685521619604959,3.905943823809097,-1.2861360146739624,0.3685521619604959,3.9417761437088847,-0.8017714588737764,-0.27903298912186664,5.848205525385322,-0.977794455169177,-0.6501917632834955,0.0,0.0,0.0,0.0,0.0,0.0,0.0,0.0,0.0
15.0001,-5.290113430251802,0.198616552007645,1.0,-5.265997886657715,0.30078864097595215,0.9486517310142517,-0.07473989154818708,-0.24640895778775848,0.0040710905382128435,-0.9662712508684613,-0.29792482801146747,-2.9851701453777033,0.0,0.21275678277015686,-2.944714307785034,-0.06484485417604446,3.5951951720185873,-1.1004237653929823,0.32059440864286337,3.5951951720185873,-1.1004237653929823,0.32059440864286337,7.26662202636551,-0.8665693347074316,0.6101179613248597,6.266948001654295,-0.9449587666860828,-0.2781252972041214,0.0,0.0,0.0,0.0,0.0,0.0,0.0,0.0,0.0
15.0167,-5.294445796633948,0.14894953604888617,1.0,-5.260285377502441,0.24299117922782898,0.9466978311538696,-0.07411275171070104,-0.23557228127082686,0.002625285046895125,-0.9690233557825256,-0.22342430407332925,-2.9916686949509215,0.0,0.3333531320095062,-2.9675261974334717,-0.04418109357357025,3.2775766319955992,-0.8517017240917258,0.20815088874035048,3.2775766319955992,-0.8517017240917258,0.20815088874035048,7.265199936801586,-1.3742782453822067,1.2448664753957082,6.561650218510209,-1.0717017237057505,0.17148971062680665,0.0,0.0,0.0,0.0,0.0,0.0,0.0,0.0,0.0
15.0333,-5.297542794820828,0.09910995338207164,1.0,-5.256494045257568,0.2139662653207779,0.9458986520767212,-0.07411275171070104,-0.23557228127082686,0.002625285046895125,-0.9690233557825256,-0.14866493007310747,-2.9963141922312415,0.0,0.3896922767162323,-2.9814512729644775,-0.03467352315783501,3.359941386089219,-0.7898702059576727,0.15690228741032008,3.359941386089219,-0.7898702059576727,0.15690228741032008,3.384952012605644,-0.8366423148546054,0.571231064675548,5.623830845864417,-1.0023078899026112,0.2895006646348918,0.0,0.0,0.0,0.0,0.0,0.0,0.0,0.0,0.0
15.05,-5.299396928127541,0.049111340789585865,1.0,-5.247162342071533,0.15587374567985535,0.9446521997451782,-0.07197415212862945,-0.22271357808644873,-0.0001289693564432855,-0.9722234395494124,-0.0736670111843788,-2.999095392191312,0.0,0.5037187933921814,-2.9877493381500244,-0.018751639872789383,3.073141268368235,-0.6175831436379126,0.0694493883003009,3.073141268368235,-0.6175831436379126,0.0694493883003009,6.83709846892825,-0.37763577361295764,0.9546856906977742,5.982009623753449,-0.8178932636975803,0.4858754422817454,0.0,0.0,0.0,0.0,0.0,0.0,0.0,0.0,0.0
15.0667,-5.299999821774357,-0.0008443355625616506,1.0,-5.235656261444092,0.09769582003355026,0.9435808062553406,-0.06713772223666338,-0.21240063938253775,-0.0026147483347672804,-0.9748701351953509,0.0012665033438424757,-2.999999732661535,0.0,0.6013578772544861,-2.9901740550994873,-0.015440798364579678,2.8766479744682365,-0.4565903617128802,0.05682041124042492,2.8766479744682365,-0.4565903617128802,0.05682041124042492,5.863131370976979,-0.14560187836444852,0.1988127903626446,5.9469145907305325,-0.6194205589073066,0.4011293006330299,0.0,0.0,0.0,0.0,0.0,0.0,0.0,0.0,0.0
15.0833,-5.299354203857688,-0.050820935809846486,1.0,-5.229091644287109,0.06861552596092224,0.9429506659507751,-0.05902613977225672,-0.20136124179262482,-0.004366413505728567,-0.977727312202753,0.07623140371476973,-2.999031305786533,0.0,0.6619397401809692,-2.988682508468628,-0.026605956256389618,2.930728023635102,-0.45375301208656094,0.12886288667159995,2.930728023635102,-0.45375301208656094,0.12886288667159995,3.6364758497316636,0.08953130590339893,-0.6701977303220036,5.264830845226258,-0.41012501051147804,0.08485397986089574,0.0,0.0,0.0,0.0,0.0,0.0,0.0,0.0,0.0
15.1,-5.297458040254172,-0.10080365779057263,1.0,-5.2144293785095215,0.010336083360016346,0.941648006439209,-0.05159375377160311,-0.19443215238346406,-0.005535819964511833,-0.9795425769681172,0.15120548668585893,-2.996187060381259,0.0,0.7554073929786682,-2.996027708053589,-0.030545007437467575,2.750285282529383,-0.2405247897692105,0.16095644629372607,2.750285282529383,-0.2405247897692105,0.16095644629372607,5.605498520096658,-0.44051074538513235,-0.2362351562835123,5.365402169418726,-0.41909543482299283,-0.009937401851923697,0.0,0.0,0.0,0.0,0.0,0.0,0.0,0.0,0.0
15.1167,-5.294312748205457,-0.15072047752444354,1.0,-5.197865009307861,-0.04799703508615494,0.9402883648872375,-0.042043362192731554,-0.1852719774015306,-0.006032014812030554,-0.9817689842407051,0.22608071628666532,-2.9914691223081857,0.0,0.8412393927574158,-2.9896178245544434,-0.03026736155152321,2.6087642639473145,-0.09799486585711983,0.16807996191316654,2.6087642639473145,-0.09799486585711983,0.16807996191316654,5.147862954542204,0.38443939198947563,0.01665209915204553,5.30118061710313,-0.1818772672993531,-0.0020876951645972166,0.0,0.0,0.0,0.0,0.0,0.0,0.0,0.0,0.0
15.1333,-5.289923879438609,-0.20050674312849395,1.0,-5.188967227935791,-0.07716020196676254,0.939537763595581,-0.042043362192731554,-0.1852719774015306,-0.006032014812030554,-0.9817689842407051,0.30076011469274094,-2.9848858191579137,0.0,0.8873206377029419,-2.984823703765869,-0.043068114668130875,2.7462518279435013,-0.08041100036109555,0.25065197044868803,2.7462518279435013,-0.08041100036109555,0.25065197044868803,2.766143574771371,0.2877792566513532,-0.7683976643338629,4.552791347938529,-0.04322607725813983,-0.22831640433273773,0.0,0.0,0.0,0.0,0.0,0.0,0.0,0.0,0.0
15.15,-5.284287504251209,-0.2502061159774227,1.0,-5.16998291015625,-0.1353931427001953,0.9376996755599976,-0.034554963030406956,-0.17760264181854873,-0.005126405478076994,-0.9834821271921275,0.37530917396613406,-2.976431256376814,0.0,0.9566248655319214,-2.972548246383667,-0.06015298515558243,2.6963926313428837,0.04923995234306425,0.36443000235742495,2.6963926313428837,0.04923995234306425,0.36443000235742495,4.154869786455504,0.735928075240845,-1.0242580347188475,4.435317629957194,0.18679446958914678,-0.4632929214862831,0.0,0.0,0.0,0.0,0.0,0.0,0.0,0.0,0.0
15.1667,-5.277414131600684,-0.29972212488555006,1.0,-5.149519920349121,-0.19354380667209625,0.9356014132499695,-0.026773506293674008,-0.16880158959606448,-0.002794209615726684,-0.9852824298262702,0.4495831873283251,-2.9661211974010273,0.0,1.0332897901535034,-2.966888666152954,-0.07399880886077881,2.5965036410793774,0.229958495821779,0.4601416453443381,2.5965036410793774,0.229958495821779,0.4601416453443381,4.602533457382094,0.33976955557145927,-0.8312258462749589,4.484682798508802,0.23195551098102724,-0.571913445796616,0.0,0.0,0.0,0.0,0.0,0.0,0.0,0.0,0.0
15.1833,-5.269306329353685,-0.3490452422931933,1.0,-5.138759136199951,-0.22262874245643616,0.9344214797019958,-0.017946628589764698,-0.16324625564069206,-0.0019277968508882503,-0.9864202682955189,0.5235678634397899,-2.9539594940305283,0.0,1.0644607543945312,-2.965503692626953,-0.08372900635004044,2.819703192380725,0.3022985536655564,0.5266079150170118,2.819703192380725,0.3022985536655564,0.5266079150170118,1.8707145718864469,0.08311870421245421,-0.5839544163518773,3.712991601072888,0.18801616525065112,-0.5754681603839799,0.0,0.0,0.0,0.0,0.0,0.0,0.0,0.0,0.0
15.2,-5.259965313372433,-0.39816575741379373,1.0,-5.1163763999938965,-0.280784010887146,0.9318413138389587,-0.011597880211174682,-0.15903408906380118,-0.0023445870358124337,-0.9872022187759415,0.5972486361206906,-2.9399479700586495,0.0,1.1222641468048096,-2.9522864818573,-0.09800349175930023,2.8263484748828684,0.46080302586041827,0.6274275783258236,2.8263484748828684,0.46080302586041827,0.6274275783258236,3.4682564660105286,0.793044747081712,-0.8564821934367132,3.6407413160436213,0.366631661047807,-0.6584286391894052,0.0,0.0,0.0,0.0,0.0,0.0,0.0,0.0,0.0
15.2166,-5.249401358402634,-0.44702834793552054,1.0,-5.09272575378418,-0.33885565400123596,0.9290329813957214,-0.006396195193301099,-0.15216011192742449,-0.003692021782705754,-0.9883282982744556,0.6705425219032808,-2.9241020376039524,0.0,1.1898208856582642,-2.9480299949645996,-0.10549747943878174,2.7689580801787383,0.6845231464686414,0.6887984270923244,2.7689580801787383,0.6845231464686414,0.6887984270923244,4.053930124756781,0.25542234176490786,-0.44969758641410096,3.7627222044551782,0.333800637361515,-0.5968074173177194,0.0,0.0,0.0,0.0,0.0,0.0,0.0,0.0,0.0
15.2333,-5.237619087392208,-0.4956130266381073,1.0,-5.080410003662109,-0.36788201332092285,0.927601158618927,-0.006396195193301099,-0.15216011192742449,-0.003692021782705754,-0.9883282982744556,0.7434195399571609,-2.9064286310883123,0.0,1.2198456525802612,-2.940406322479248,-0.10795701295137405,2.994274345038858,0.7542169676128836,0.7131276547160201,2.994274345038858,0.7542169676128836,0.7131276547160201,1.8017712536126134,0.45749277477322803,-0.14759537657023492,3.183813642385876,0.37031681711477504,-0.46419181239317703,0.0,0.0,0.0,0.0,0.0,0.0,0.0,0.0,0.0
15.25,-5.224625757948078,-0.5438894114089594,1.0,-5.054944038391113,-0.4256287217140198,0.9247551560401917,-0.00140328458952624,-0.1469474476555138,-0.004822906021950029,-0.9891316172070732,0.8158341171134391,-2.886938636922118,0.0,1.273539423942566,-2.9094479084014893,-0.09966298937797546,3.012173145277908,0.8394090351561084,0.6801015417245129,3.012173145277908,0.8394090351561084,0.6801015417245129,3.221813707958398,1.8576129096865568,0.4976703659461238,3.1950319562910123,0.8093938077718191,-0.18023251686260927,0.0,0.0,0.0,0.0,0.0,0.0,0.0,0.0,0.0
15.2667,-5.210403138533684,-0.5919120274843612,1.0,-5.028203964233398,-0.4827806353569031,0.922136664390564,0.004511888621720084,-0.1452552832979378,-0.0047871233475643106,-0.9893724021526159,0.8878680412265418,-2.865604707800527,0.0,1.3411986827850342,-2.8803462982177734,-0.08808598667383194,2.9407904116988135,0.9446779294121637,0.6263324752188044,2.9407904116988135,0.9446779294121637,0.6263324752188044,4.05167687497323,1.7427078425493638,0.6932720656472637,3.447929193657003,1.0849251695328128,0.07764200141866698,0.0,0.0,0.0,0.0,0.0,0.0,0.0,0.0,0.0
15.2834,-5.194986138834679,-0.63955260426679,1.0,-5.014412879943848,-0.5111730694770813,0.9209328889846802,0.014060610131719406,-0.14346594411276387,-0.004279169529310975,-0.9895461314621778,0.9593289064001849,-2.842479208252019,0.0,1.3619486093521118,-2.86318302154541,-0.08225763589143753,3.2154836435720835,0.98925922526319,0.6000204725148013,3.2154836435720835,0.98925922526319,0.6000204725148013,1.2432716208108339,1.0283706179823433,0.3492168080911974,2.7970739824120776,1.0682292322364264,0.15781584807071697,0.0,0.0,0.0,0.0,0.0,0.0,0.0,0.0,0.0
15.3,-5.178431165563567,-0.6866559227440613,1.0,-4.986032962799072,-0.5675728917121887,0.918620765209198,0.02311542852908775,-0.14418578067519353,-0.0013932483712245322,-0.9892796369390435,1.029983884116092,-2.817646748345351,0.0,1.4170945882797241,-2.839325428009033,-0.07290123403072357,3.208961584222511,1.1455911636267022,0.5581519427966999,3.208961584222511,1.1455911636267022,0.5581519427966999,3.312884929387837,1.433240711564353,0.5620841867426738,2.9493508017200973,1.1759872924498782,0.2771632506817667,0.0,0.0,0.0,0.0,0.0,0.0,0.0,0.0,0.0
15.3167,-5.160706870098423,-0.7333279918075749,1.0,-4.956693172454834,-0.6233752369880676,0.9167424440383911,0.02851848592079032,-0.14419068024633291,0.00015109645191162992,-0.9891389507587142,1.0999919877113624,-2.791060305147634,0.0,1.45796799659729,-2.7981221675872803,-0.04522893577814102,3.282418228524053,1.2067243983447593,0.4042802443183735,3.282418228524053,1.2067243983447593,0.4042802443183735,2.456623916314394,2.4764490936447663,1.6631945439564377,2.803888819307666,1.5599073854192156,0.6863450217137925,0.0,0.0,0.0,0.0,0.0,0.0,0.0,0.0,0.0
15.3333,-5.141803358556201,-0.7795898847542191,1.0,-4.941719055175781,-0.6509970426559448,0.9159967303276062,0.02851848592079032,-0.14419068024633291,0.00015109645191162992,-0.9891389507587142,1.1693848271313287,-2.7627050378343023,0.0,1.4792143106460571,-2.782388925552368,-0.036380451172590256,3.545078385521211,1.2912032338226433,0.3577166096018676,3.545078385521211,1.2912032338226433,0.3577166096018676,1.2754186346071275,0.9444682982682124,0.5311755313439245,2.352656484092653,1.3782185181730733,0.640536152038368,0.0,0.0,0.0,0.0,0.0,0.0,0.0,0.0,0.0
15.35,-5.121727729844915,-0.8254138830393463,1.0,-4.911182880401611,-0.7059727907180786,0.9146410822868347,0.03603112478936474,-0.14354372085333464,0.001976054992433314,-0.9889858734049225,1.2381208245590194,-2.732591594767373,0.0,1.514945387840271,-2.7609622478485107,-0.03393826261162758,3.642123625430747,1.4901945781132144,0.35268888528954,3.642123625430747,1.4901945781132144,0.35268888528954,2.1424568626610054,1.2847564723878144,0.14643509385141026,2.2906017139117765,1.3506268139999773,0.49466848870439756,0.0,0.0,0.0,0.0,0.0,0.0,0.0,0.0,0.0
15.3668,-5.10027922704465,-0.8712030215004507,1.0,-4.879823684692383,-0.7604119777679443,0.9133904576301575,0.037695108710355155,-0.1481505557880376,0.0036809371615474954,-0.9882393262772491,1.306804532250676,-2.700418840566976,0.0,1.5636879205703735,-2.725719690322876,-0.02535850740969181,3.660241354776193,1.6161837039767883,0.31038382866135983,3.660241354776193,1.6161837039767883,0.31038382866135983,2.8911374146196596,2.0903935627112413,0.5089036183233635,2.4678908290825072,1.569019479343856,0.4988709591512207,0.0,0.0,0.0,0.0,0.0,0.0,0.0,0.0,0.0
15.3833,-5.078199224938467,-0.9154275047365767,1.0,-4.863767147064209,-0.7873252630233765,0.9128841757774353,0.03900628136246088,-0.15281043253159152,0.003379292166755056,-0.9874797136265373,1.3731412571048651,-2.6672988374077007,0.0,1.5852785110473633,-2.7009949684143066,-0.01470461580902338,3.905623587423733,1.6773945284776846,0.2518616419680928,3.905623587423733,1.6773945284776846,0.2518616419680928,1.3108317410688437,1.5011145851427248,0.6468308169221527,2.1263058380946394,1.5489727134405302,0.5425514135090134,0.0,0.0,0.0,0.0,0.0,0.0,0.0,0.0,0.0
15.4,-5.05474827440957,-0.9596137209610106,1.0,-4.8309006690979,-0.8405672907829285,0.9121522903442383,0.04787534279337352,-0.15605926439713708,0.0007754598657519944,-0.9865864533191974,1.439420581441516,-2.632122411614355,0.0,1.6347030401229858,-2.6669206619262695,0.0069767022505402565,3.9031769449940947,1.8267199343659086,0.12836325809091598,3.9031769449940947,1.8267199343659086,0.12836325809091598,2.9636092009892923,2.0431743127135484,1.3000620318017413,2.373493094675873,1.6948700583407506,0.7661823934678175,0.0,0.0,0.0,0.0,0.0,0.0,0.0,0.0,0.0
15.4167,-5.030223245533016,-1.0031587713902508,1.0,-4.814074993133545,-0.8669770956039429,0.9119822978973389,0.04787534279337352,-0.15605926439713708,0.0007754598657519944,-0.9865864533191974,1.5047381570853762,-2.5953348682995236,0.0,1.6608937978744507,-2.6591134071350098,0.019097255542874336,4.1176527412485635,2.010633309825051,0.05942226828271835,4.1176527412485635,2.010633309825051,0.05942226828271835,1.5722791549779584,0.4686838037442034,0.7276190123697543,2.1369600954485817,1.332877464302318,0.754797778523513,0.0,0.0,0.0,0.0,0.0,0.0,0.0,0.0,0.0
15.4333,-5.004603253983908,-1.0461012123630633,1.0,-4.779808044433594,-0.9195793271064758,0.9119982719421387,0.05820597790530301,-0.15966941592661046,-0.0002071517604309498,-0.9854530402690423,1.569151818544595,-2.5569048809758628,0.0,1.6964304447174072,-2.6416633129119873,0.04547291621565819,4.1862878894047135,2.2793230853728637,-0.09597771625278817,4.1862878894047135,2.2793230853728637,-0.09597771625278817,2.1318653813147206,1.0468419245952285,1.5822921657775044,2.1354560427173697,1.2484345449516838,0.9990892462115729,0.0,0.0,0.0,0.0,0.0,0.0,0.0,0.0,0.0
15.45,-4.977940663784216,-1.088354321358345,1.0,-4.74477481842041,-0.9717366099357605,0.912634551525116,0.06135194511870167,-0.16380674023725814,0.0016044040822642742,-0.9845815277355341,1.6325314820375176,-2.5169109956763243,0.0,1.7355151176452637,-2.612046003341675,0.07584685832262039,4.226330845161581,2.484230834501924,-0.27849292088005306,4.226330845161581,2.484230834501924,-0.27849292088005306,2.3469627338974073,1.778464974444874,1.8238993668484875,2.197896683778005,1.4049092153961626,1.2425882693324524,0.0,0.0,0.0,0.0,0.0,0.0,0.0,0.0,0.0
15.4667,-4.950184070465971,-1.1299966962696648,1.0,-4.708992004394531,-1.023161768913269,0.9138419032096863,0.062047541974881534,-0.16826106680062441,0.0031424690249723295,-0.9837827185157071,1.6949950444044972,-2.475276105698957,0.0,1.762234091758728,-2.568645477294922,0.0918608084321022,4.33419179447807,2.6144642496709114,-0.3777391043862348,4.33419179447807,2.6144642496709114,-0.3777391043862348,1.6018338526628741,2.601912466767674,0.9600551013407278,2.0219280414641556,1.7582864534887412,1.1591793141269708,0.0,0.0,0.0,0.0,0.0,0.0,0.0,0.0,0.0
15.4833,-4.921445336005926,-1.1708608040004718,1.0,-4.690959453582764,-1.048548698425293,0.914481520652771,0.07235844709335186,-0.1765104536545935,0.0020133128065169367,-0.9816335242695912,1.7562912060007076,-2.432168004008888,0.0,1.7652604579925537,-2.545842409133911,0.08731818199157715,4.668841036919063,2.7488159312011105,-0.3508331440669803,4.668841036919063,2.7488159312011105,-0.3508331440669803,0.18173032871377848,1.3693019127247739,-0.27278026929904936,1.4786680423531078,1.6434511073705225,0.7364386723856114,0.0,0.0,0.0,0.0,0.0,0.0,0.0,0.0,0.0
15.5,-4.891660690341282,-1.2110393250519627,1.0,-4.654892921447754,-1.0985243320465088,0.9154810309410095,0.08627341352168576,-0.18464644441264405,4.771023251440741e-05,-0.9790111052083948,1.816558987577944,-2.3874910355119234,0.0,1.759418249130249,-2.507730722427368,0.068012535572052,4.963128501045084,2.9257189115957902,-0.23717847286276417,4.963128501045084,2.9257189115957902,-0.23717847286276417,-0.3504025396462227,2.2858531981524646,-1.15790922480731,0.9386929756164661,1.833099946106186,0.1771925490943787,0.0,0.0,0.0,0.0,0.0,0.0,0.0,0.0,0.0
15.5167,-4.860815838245974,-1.250541450364808,1.0,-4.618916988372803,-1.147438406944275,0.9163270592689514,0.092943916210164,-0.18657946220439164,-0.0012677350563591035,-0.9780327504139115,1.8758121755472121,-2.341223757368961,0.0,1.7606168985366821,-2.478332281112671,0.06127650663256645,5.212357327810835,3.161148630741374,-0.19819612389660612,5.212357327810835,3.161148630741374,-0.19819612389660612,0.07173329908968981,1.7593527951374026,-0.40311835637645177,0.6827506332062514,1.8113284392229045,0.005874163137347704,0.0,0.0,0.0,0.0,0.0,0.0,0.0,0.0,0.0
15.5334,-4.829005617236541,-1.2892407930480263,1.0,-4.600867748260498,-1.1713879108428955,0.916842520236969,0.092943916210164,-0.18657946220439164,-0.0012677350563591035,-0.9780327504139115,1.9338611895720395,-2.293508425854812,0.0,1.7740367650985718,-2.411832094192505,0.07586254924535751,5.4735548633975215,3.059796016004788,-0.28551269553507375,5.4735548633975215,3.059796016004788,-0.28551269553507375,0.8037211029086287,3.982722430854026,0.8735638466865621,0.7184633269062959,2.452363633316353,0.2620320169633265,0.0,0.0,0.0,0.0,0.0,0.0,0.0,0.0,0.0
15.55,-4.796454904219189,-1.3268845916802028,1.0,-4.564525604248047,-1.2183043956756592,0.9181355237960815,0.09963624833199285,-0.1877321969504108,-0.0016162894935442091,-0.9771523027485188,1.9903268875203042,-2.2446823563287834,0.0,1.7827123403549194,-2.3518362045288086,0.09642835706472397,5.6642524904757,3.1220381289961905,-0.4126569021159252,5.6642524904757,3.1220381289961905,-0.4126569021159252,0.5230565777368905,3.6171946872125114,1.2399271216651333,0.660775682994707,2.7962430506852347,0.5507245253987317,0.0,0.0,0.0,0.0,0.0,0.0,0.0,0.0,0.0
15.5667,-4.762804514328324,-1.3638925737977592,1.0,-4.546354293823242,-1.241180419921875,0.9189324975013733,0.11000592196235555,-0.1982640095069949,0.0008585734510154803,-0.9739555485826645,2.0458388606966387,-2.1942067714924858,0.0,1.7794097661972046,-2.3188438415527344,0.09843237698078156,6.01521223009099,3.237499259676895,-0.42596209639260785,6.01521223009099,3.237499259676895,-0.42596209639260785,-0.19804131817856888,1.9784116091214525,0.12017254628636787,0.4072372071770079,2.554804261179905,0.42361771172910107,0.0,0.0,0.0,0.0,0.0,0.0,0.0,0.0,0.0
15.5833,-4.728271707199342,-1.4000142607894663,1.0,-4.510183811187744,-1.286033034324646,0.920372486114502,0.1174749888921038,-0.21119650392058154,0.0033392948075181977,-0.9703528781188018,2.1000213911841996,-2.1424075607990134,0.0,1.7685238122940063,-2.2629623413085938,0.07963952422142029,6.316103487891593,3.3360354927493736,-0.31775238359160873,6.316103487891593,3.3360354927493736,-0.31775238359160873,-0.6535785857429144,3.355052963068995,-1.1282985614085312,0.09406499599252549,2.7910523045638485,-0.03453633732961364,0.0,0.0,0.0,0.0,0.0,0.0,0.0,0.0,0.0
15.6,-4.6928338519452275,-1.4352748380973652,1.0,-4.474346160888672,-1.329702377319336,0.9214304685592651,0.12252510857437614,-0.22193130623630622,0.003956577550808745,-0.9673254699902643,2.1529122571460477,-2.089250777917842,0.0,1.7500534057617188,-2.2055821418762207,0.06133241206407547,6.658895775722645,3.430315707336134,-0.21058082831201652,6.658895775722645,3.430315707336134,-0.21058082831201652,-1.108304721030043,3.4430615164520746,-1.0985063483547926,-0.26089652084609366,2.9835373410447312,-0.34863973135014936,0.0,0.0,0.0,0.0,0.0,0.0,0.0,0.0,0.0
15.6167,-4.656471635500478,-1.4696886412035228,1.0,-4.456456661224365,-1.351091742515564,0.9218423962593079,0.12252510857437614,-0.22193130623630622,0.003956577550808745,-0.9673254699902643,2.2045329618052842,-2.0347074532507174,0.0,1.7583973407745361,-2.1782989501953125,0.05650893598794937,6.925766212863067,3.6042056775478093,-0.1810902971210009,6.925766212863067,3.6042056775478093,-0.1810902971210009,0.4998571714228583,1.634444539663496,-0.2889582797726169,-0.03630812617405896,2.585260487964809,-0.33102067601370005,0.0,0.0,0.0,0.0,0.0,0.0,0.0,0.0,0.0
15.6333,-4.619331984729017,-1.5031177978026178,1.0,-4.420530796051025,-1.392948865890503,0.9226049780845642,0.1256708861269565,-0.22963328455345977,0.0034372440834575368,-0.9651236343303582,2.2546766967039265,-1.9789979770935267,0.0,1.7681750059127808,-2.122577667236328,0.047988709062337875,7.087156791671416,3.7196556755630095,-0.13120419047460352,7.087156791671416,3.7196556755630095,-0.13120419047460352,0.5871560289780374,3.3461042865733184,-0.5116459335538184,0.14774988782459403,2.8098754836752042,-0.38434455342685947,0.0,0.0,0.0,0.0,0.0,0.0,0.0,0.0,0.0
15.65,-4.5813424257679305,-1.5356306808367546,1.0,-4.402405261993408,-1.4134106636047363,0.9229021072387695,0.13110297216057096,-0.23922305182555265,0.0017499792970209127,-0.9620714017080477,2.303446021255132,-1.9220136386518964,0.0,1.7835332155227661,-2.096458673477173,0.04150685667991638,7.2984844309973615,3.9157090432848793,-0.0912284637750087,7.2984844309973615,3.9157090432848793,-0.0912284637750087,0.921374831936379,1.5669393826701377,-0.38886144942357753,0.37613811129559216,2.4429380288308087,-0.38567802368288656,0.0,0.0,0.0,0.0,0.0,0.0,0.0,0.0,0.0
15.6667,-4.54252503088903,-1.567205011354358,1.0,-4.3658552169799805,-1.453442096710205,0.9234438538551331,0.13615506220801118,-0.25079102357935285,-0.0005986538362486768,-0.958418239319669,2.3508075170315372,-1.8637875463335458,0.0,1.8018978834152222,-2.029029369354248,0.044330962002277374,7.393516282628102,3.971920044762978,-0.10832802493128035,7.393516282628102,3.971920044762978,-0.10832802493128035,1.1010463420909689,4.042697046799509,0.1693181087223763,0.5901442705733853,2.9152161306118525,-0.2218330214268613,0.0,0.0,0.0,0.0,0.0,0.0,0.0,0.0,0.0
15.6833,-4.503015610532799,-1.5977338454243235,1.0,-4.328800678253174,-1.4918755292892456,0.923987865447998,0.13813966247398002,-0.25815842967631475,-0.002043532096899156,-0.9561734138742818,2.3966007681364854,-1.8045234157991992,0.0,1.8413196802139282,-1.952040195465088,0.041081301867961884,7.352223711911078,3.972020823632303,-0.08901993873787539,7.352223711911078,3.972020823632303,-0.08901993873787539,2.3686306530863668,4.625839815491283,-0.1952535204205882,1.115185957066382,3.420223508399523,-0.21398626692163014,0.0,0.0,0.0,0.0,0.0,0.0,0.0,0.0,0.0
15.7,-4.462706360727266,-1.6273026512374262,1.0,-4.290876865386963,-1.5287542343139648,0.9246072173118591,0.14391400725928327,-0.2701560200620547,-0.005157467705429529,-0.9519863352089669,2.4409539768561395,-1.7440595410908994,0.0,1.8820931911468506,-1.871103048324585,0.047130830585956573,7.292069612943825,3.950618120110735,-0.1259009238058706,7.292069612943825,3.950618120110735,-0.1259009238058706,2.4465529820746483,4.856511351768931,0.3629928398735354,1.5082298369772262,3.8442419315861613,-0.043651488830774895,0.0,0.0,0.0,0.0,0.0,0.0,0.0,0.0,0.0
15.7167,-4.4216274370435755,-1.655884021443247,1.0,-4.271602630615234,-1.5465377569198608,0.9249311089515686,0.14948298098850502,-0.2791382879280676,-0.008148798131641752,-0.9485095573816064,2.4838260321648704,-1.6824411555653631,0.0,1.9070333242416382,-1.8308792114257812,0.04354022070765495,7.413754276477519,4.087480126268794,-0.10347210203631896,7.413754276477519,4.087480126268794,-0.10347210203631896,1.4950192939831357,2.411190510218665,-0.21523666392739746,1.5043298432290002,3.421178959328355,-0.09430656867604847,0.0,0.0,0.0,0.0,0.0,0.0,0.0,0.0,0.0
15.7333,-4.379890218703497,-1.6834004620257514,1.0,-4.2323198318481445,-1.5808078050613403,0.9256845116615295,0.15210759695418,-0.28359594409246625,-0.010319023655164706,-0.9467472290579718,2.525100693038627,-1.6198353280552458,0.0,1.9502977132797241,-1.745644211769104,0.05146503075957298,7.317720322925642,4.045675637869465,-0.1523113622976222,7.317720322925642,4.045675637869465,-0.1523113622976222,2.5964601010173274,5.1152756513900615,0.4755979124039548,1.8267466567943575,3.9213072667632827,0.07393965059686013,0.0,0.0,0.0,0.0,0.0,0.0,0.0,0.0,0.0
15.75,-4.3374868594041125,-1.7098599406278254,1.0,-4.2123260498046875,-1.597307562828064,0.9260987043380737,0.15210759695418,-0.28359594409246625,-0.010319023655164706,-0.9467472290579718,2.5647899109417382,-1.556230289106169,0.0,1.972247838973999,-1.7114161252975464,0.05590040236711502,7.438710057909944,4.229797482440898,-0.17853220308042062,7.438710057909944,4.229797482440898,-0.17853220308042062,1.3175553838227718,2.0545394699181405,0.2662329966655218,1.6764240862437978,3.370203293191399,0.13070816100772611,0.0,0.0,0.0,0.0,0.0,0.0,0.0,0.0,0.0
15.7667,-4.294384042837716,-1.73528106523114,1.0,-4.171551704406738,-1.6290243864059448,0.9269932508468628,0.153476373811488,-0.28763427072431785,-0.012152748740176649,-0.9452850705894319,2.6029215978467097,-1.491576064256574,0.0,2.032841444015503,-1.6191389560699463,0.05775056034326553,7.216550255413612,4.150963074428195,-0.19166982100916918,7.216550255413612,4.150963074428195,-0.19166982100916918,3.631879045972248,5.5309387370135905,0.11089536562013233,2.253710131282957,4.008091889159503,0.12485906167993469,0.0,0.0,0.0,0.0,0.0,0.0,0.0,0.0,0.0
15.7833,-4.2507291998454,-1.759577787016341,1.0,-4.129615783691406,-1.658829689025879,0.9280345439910889,0.15736835604859764,-0.29153852823105636,-0.014782585646710937,-0.9434098308586366,2.6393666805245113,-1.4260937997681011,0.0,2.0869128704071045,-1.5277808904647827,0.0635760948061943,7.019146556437791,4.0762410797461435,-0.22943267189437044,7.019146556437791,4.0762410797461435,-0.22943267189437044,3.2470291784783667,5.4861194628182,0.3498276565587149,2.5469560694543656,4.444432643627579,0.191273902763067,0.0,0.0,0.0,0.0,0.0,0.0,0.0,0.0,0.0
15.8,-4.206477258341612,-1.7827784439210261,1.0,-4.086483955383301,-1.686811923980713,0.9290689826011658,0.15993222260050022,-0.293666491002235,-0.01593917946354685,-0.9422990928129805,2.674167665881539,-1.3597158875124173,0.0,2.1407580375671387,-1.4427738189697266,0.060467179864645004,6.8089166785622535,4.0389771732524,-0.21358866760836115,6.8089166785622535,4.0389771732524,-0.21358866760836115,3.232979271644526,5.104006814017407,-0.18666591810295466,2.7494826575648137,4.639150994127047,0.07969915982915046,0.0,0.0,0.0,0.0,0.0,0.0,0.0,0.0,0.0
15.8167,-4.16149496206107,-1.8049449937168156,1.0,-4.064567565917969,-1.7002344131469727,0.9295817613601685,0.16024201247376743,-0.29449614117845985,-0.01692710159264225,-0.9419703473945956,2.7074174905752235,-1.2922424430916053,0.0,2.1572296619415283,-1.4012727737426758,0.05896294116973877,6.922084362177452,4.199214960866604,-0.20477196601343728,6.922084362177452,4.199214960866604,-0.20477196601343728,0.9849871685201027,2.481722269746222,-0.08995201561163388,2.228571338542916,4.002238602176767,0.02961503203105724,0.0,0.0,0.0,0.0,0.0,0.0,0.0,0.0,0.0
15.8333,-4.116204173442587,-1.8258725988564763,1.0,-4.0198822021484375,-1.7258789539337158,0.9305334687232971,0.16074566204511656,-0.2928739142476316,-0.01933385523000832,-0.9423438527660991,2.7388088982847147,-1.2243062601638806,0.0,2.213447332382202,-1.326140284538269,0.05402373895049095,6.672648220957264,4.2250464543857555,-0.17758543804573712,6.672648220957264,4.2250464543857555,-0.17758543804573712,3.3813832762106895,4.519072748913714,-0.297083384122295,2.568902493121171,4.154817488755874,-0.06683231166430272,0.0,0.0,0.0,0.0,0.0,0.0,0.0,0.0,0.0
15.85,-4.070332849555674,-1.8456942598641395,1.0,-3.97408127784729,-1.749989628791809,0.9313207864761353,0.1633168832220843,-0.29252947966488846,-0.0217487010622885,-0.9419560174661018,2.7685413897962095,-1.1554992743335124,0.0,2.2670986652374268,-1.2526012659072876,0.040681056678295135,6.424673602258053,4.261104083690697,-0.09917820018499235,6.424673602258053,4.261104083690697,-0.09917820018499235,3.2212949310734786,4.415377127560588,-0.8011117801365647,2.761500664940604,4.231739456523055,-0.28360503158758477,0.0,0.0,0.0,0.0,0.0,0.0,0.0,0.0,0.0
15.8667,-4.023919289388985,-1.8643875301155999,1.0,-3.950767755508423,-1.7614541053771973,0.9316534399986267,0.1633168832220843,-0.29252947966488846,-0.0217487010622885,-0.9419560174661018,2.7965812951733997,-1.085878934083478,0.0,2.293470859527588,-1.2071027755737305,0.0376734659075737,6.444529397237993,4.410034167713847,-0.08051591421921778,6.444529397237993,4.410034167713847,-0.08051591421921778,1.5810891938250429,2.7277658662092623,-0.1803137507146941,2.413021623636688,3.7877389637087573,-0.2531115575622763,0.0,0.0,0.0,0.0,0.0,0.0,0.0,0.0,0.0
15.8833,-3.9771131897226173,-1.8818920607472849,1.0,-3.9030799865722656,-1.7830100059509277,0.9321120977401733,0.1670098796506619,-0.29143471000646193,-0.025695500544242682,-0.9415483731473046,2.822838091120927,-1.0156697845839258,0.0,2.3595662117004395,-1.105239987373352,0.028098447248339653,6.094542615621169,4.278107030149742,-0.023097101827074695,6.094542615621169,4.278107030149742,-0.023097101827074695,3.967370771080199,6.114309634209171,-0.5747400976372431,2.871893901657482,4.4745851496540485,-0.3480621811743794,0.0,0.0,0.0,0.0,0.0,0.0,0.0,0.0,0.0
15.9,-3.92982734070995,-1.8982406383001689,1.0,-3.8787360191345215,-1.7930155992507935,0.9323557019233704,0.17000003523347185,-0.2875832835743318,-0.029922407981400216,-0.942072427061689,2.8473609574502534,-0.944741011064925,0.0,2.3909413814544678,-1.0534979104995728,0.0333482027053833,6.060892936761114,4.3965416350666455,-0.05355729944467491,6.060892936761114,4.3965416350666455,-0.05355729944467491,1.8812202478807198,3.1023973239174873,0.31476949255214215,2.5794289319745705,4.069490223263954,-0.1523821561507364,0.0,0.0,0.0,0.0,0.0,0.0,0.0,0.0,0.0
15.9167,-3.882169238518454,-1.9133946215359872,1.0,-3.8290023803710938,-1.811362385749817,0.9329314231872559,0.17152799020089338,-0.2818845607719693,-0.03238058077394962,-0.9434356247299253,2.8700919323039806,-0.8732538577776812,0.0,2.4559359550476074,-0.9443732500076294,0.034531012177467346,5.6888166025852875,4.2190761212452506,-0.061296601828145114,5.6888166025852875,4.2190761212452506,-0.061296601828145114,3.898730013443551,6.545893996167158,0.07095138153942965,2.9689107248167215,4.800569879620686,-0.08645001383452379,0.0,0.0,0.0,0.0,0.0,0.0,0.0,0.0,0.0
15.9333,-3.8341816077060313,-1.9273427328808437,1.0,-3.7780938148498535,-1.8276675939559937,0.9335068464279175,0.17143176367738694,-0.27793738723673456,-0.0322208442180933,-0.9446289705986628,2.8910140993212656,-0.8012724115590473,0.0,2.508390426635742,-0.8404457569122314,0.03068198263645172,5.376111725016402,4.068908369719893,-0.03886449952859827,5.376111725016402,4.068908369719893,-0.03886449952859827,3.1492535176994316,6.239582886016518,-0.23108744506949513,3.022151213500252,5.22539282074203,-0.12914962715308115,0.0,0.0,0.0,0.0,0.0,0.0,0.0,0.0,0.0
15.95,-3.785856996464364,-1.9400883946322205,1.0,-3.752232551574707,-1.8350682258605957,0.9337911605834961,0.17143176367738694,-0.27793738723673456,-0.0322208442180933,-0.9446289705986628,2.9101325919483307,-0.7287854946965462,0.0,2.5341665744781494,-0.7968844771385193,0.031075894832611084,5.339192023950362,4.242665298800228,-0.040443657682670775,5.339192023950362,4.242665298800228,-0.040443657682670775,1.547322923673627,2.614951124214624,0.02364625524180275,2.586754946094476,4.454742719446478,-0.08404148993561227,0.0,0.0,0.0,0.0,0.0,0.0,0.0,0.0,0.0
15.9666,-3.73720457309864,-1.9516280796457188,1.0,-3.6998908519744873,-1.8485662937164307,0.934349536895752,0.17433063445467833,-0.2741350566147636,-0.03222535393088399,-0.9452092062621122,2.9274421194685782,-0.6558068596479598,0.0,2.5789501667022705,-0.7049685120582581,0.02725803852081299,5.045811309363651,4.163079559017911,-0.01813971033960904,5.045811309363651,4.163079559017911,-0.01813971033960904,2.6865953429830083,5.514095486011786,-0.22903555695405917,2.616229656093895,4.767483018510539,-0.12684638865588024,0.0,0.0,0.0,0.0,0.0,0.0,0.0,0.0,0.0
15.9833,-3.688248701663757,-1.9619538592067876,1.0,-3.6733944416046143,-1.8546721935272217,0.9345731735229492,0.17602291998444383,-0.265116595142592,-0.034266610097963626,-0.947393846007826,2.942930788810181,-0.582373052495636,0.0,2.58841872215271,-0.6612801551818848,0.025046389549970627,5.083830591558522,4.341894770525425,-0.003803363761461398,5.083830591558522,4.341894770525425,-0.003803363761461398,0.5671403070332024,2.616811852909675,-0.13247166190646198,2.011301027916552,4.132565581423727,-0.12850707213566945,0.0,0.0,0.0,0.0,0.0,0.0,0.0,0.0,0.0
16.0,-3.63908791927697,-1.9710452513832388,1.0,-3.619858980178833,-1.8655893802642822,0.9350019097328186,0.17252721822210176,-0.25433568417459634,-0.03646692847132334,-0.9509037512581161,2.9565678770748582,-0.5086318789154557,0.0,2.632392406463623,-0.5679712295532227,0.02645169198513031,4.769005721543422,4.25231715295671,-0.01221458299194289,4.769005721543422,4.25231715295671,-0.01221458299194289,2.64125733925247,5.604553916654733,0.08440878741228698,2.1972756450813837,4.567123442325462,-0.06565041881667835,0.0,0.0,0.0,0.0,0.0,0.0,0.0,0.0,0.0
16.0167,-3.589722331871394,-1.9789039821110577,1.0,-3.5654842853546143,-1.8746081590652466,0.9355887174606323,0.17150903202159756,-0.2475269477255365,-0.03778991804608029,-0.9528310423468224,2.9683559731665863,-0.4345834978070915,0.0,2.669675588607788,-0.4675145745277405,0.0371926873922348,4.479513210319556,4.115611980022497,-0.07744798336160663,4.479513210319556,4.115611980022497,-0.07744798336160663,2.237441158375184,6.0286124107538885,0.6445894321157231,2.2091332387329223,4.998581698244365,0.1440253666235066,0.0,0.0,0.0,0.0,0.0,0.0,0.0,0.0,0.0
16.0333,-3.540173630417633,-1.9855267883491308,1.0,-3.5103952884674072,-1.881722331047058,0.9363727569580078,0.1757370668869528,-0.24173998522746032,-0.038665940292379256,-0.9535109974538486,2.978290182523696,-0.36026044562644965,0.0,2.706660747528076,-0.37870603799819946,0.042391885071992874,4.177525272971507,4.044327564776509,-0.11044297662546221,4.177525272971507,4.044327564776509,-0.11044297662546221,2.2196514423076925,5.329813415750916,0.31202803950606683,2.2122384046751944,5.096367355356835,0.19362282633582284,0.0,0.0,0.0,0.0,0.0,0.0,0.0,0.0,0.0
16.05,-3.490477732386596,-1.9909088963247064,1.0,-3.4826486110687256,-1.8846665620803833,0.9368228316307068,0.1757370668869528,-0.24173998522746032,-0.038665940292379256,-0.9535109974538486,2.9863633444870596,-0.28571659857989434,0.0,2.7135698795318604,-0.3344039022922516,0.04593612626194954,4.182309337422229,4.2239279937748115,-0.13185349602916396,4.182309337422229,4.2239279937748115,-0.13185349602916396,0.41466695285111255,2.6588913930027904,0.21271553266079987,1.6815624568932375,4.376779900179249,0.19925934221086541,0.0,0.0,0.0,0.0,0.0,0.0,0.0,0.0,0.0
16.0667,-3.440605057782859,-1.9950514323510256,1.0,-3.4266817569732666,-1.889444351196289,0.9377991557121277,0.17826242965856265,-0.23438328706419817,-0.039025368616480136,-0.9548634055288662,2.9925771485265384,-0.21090758667428916,0.0,2.7417945861816406,-0.2536846101284027,0.05363991856575012,3.907327232559357,4.199201505598279,-0.18088255322164848,3.907327232559357,4.199201505598279,-0.18088255322164848,1.6918866387503395,4.838593846021923,0.46179198346457817,1.684610344078212,4.513115817819852,0.2767637763626428,0.0,0.0,0.0,0.0,0.0,0.0,0.0,0.0,0.0
16.0833,-3.3907508122600283,-1.9979400116305157,1.0,-3.370239019393921,-1.892552137374878,0.9390227198600769,0.17600402765959883,-0.22355951801962304,-0.039895658891381594,-0.9578372450129463,2.9969100174457735,-0.1361262183900427,0.0,2.775608777999878,-0.16773827373981476,0.06345073878765106,3.5849833450321382,4.138052757949914,-0.24383525085882063,3.5849833450321382,4.138052757949914,-0.24383525085882063,2.031381592139563,5.1632109556274886,0.5893832894096078,1.7869835546350177,4.705035784647558,0.36905477053313085,0.0,0.0,0.0,0.0,0.0,0.0,0.0,0.0,0.0
16.1,-3.340753460440529,-1.9995847457565088,1.0,-3.341841459274292,-1.8934545516967773,0.9397337436676025,0.17539810876033804,-0.21375571324572365,-0.0414655447047154,-0.9601169680489006,2.9993771186347633,-0.06113019066079396,0.0,2.7778854370117188,-0.11974276602268219,0.06928761303424835,3.5816490578948814,4.298275159678686,-0.28040167880472033,3.5816490578948814,4.298275159678686,-0.28040167880472033,0.13652740842412284,2.878209802407709,0.3500275228046095,1.299738733977542,4.165723364785702,0.36343757923218484,0.0,0.0,0.0,0.0,0.0,0.0,0.0,0.0,0.0
16.1167,-3.2907313280932424,-1.9999785228149538,1.0,-3.284728765487671,-1.8941407203674316,0.9411311149597168,0.17951607054536198,-0.2075265736719405,-0.04316452631503801,-0.9606474704311072,2.999967784222431,0.01390300786013577,0.0,2.802457809448242,-0.0439775288105011,0.063193179666996,3.2896561062396072,4.294465811999115,-0.24885840564679818,3.2896561062396072,4.294465811999115,-0.24885840564679818,1.4734163461950849,4.5430590501651205,-0.36543633575891005,1.3510115395055369,4.277119755881856,0.1482606774968215,0.0,0.0,0.0,0.0,0.0,0.0,0.0,0.0,0.0
16.1333,-3.2407521711193024,-1.999122231073659,1.0,-3.2560641765594482,-1.8939188718795776,0.9417888522148132,0.17951607054536198,-0.2075265736719405,-0.04316452631503801,-0.9606474704311072,2.9986833466104885,0.08887174332104611,0.0,2.8068997859954834,-0.00018731813179329038,0.05885392427444458,3.2496728137156796,4.481027377123401,-0.22416924681793482,3.2496728137156796,4.481027377123401,-0.22416924681793482,0.26625223294033584,2.62478679257659,-0.2600951232583065,1.0307707654641818,3.789320864514502,0.02770658137002388,0.0,0.0,0.0,0.0,0.0,0.0,0.0,0.0,0.0
16.15,-3.1908121665999376,-1.997017280104857,1.0,-3.1985371112823486,-1.8923907279968262,0.9430714249610901,0.18254720076745862,-0.19918451906898613,-0.044826755873459134,-0.9617654155878587,2.9955259201572852,0.16378175010009316,0.0,2.8197479248046875,0.07445438951253891,0.058017343282699585,3.0034676453356575,4.479044162141764,-0.22366812899148947,3.0034676453356575,4.479044162141764,-0.22366812899148947,0.772159335148302,4.485886415524475,-0.0502776185699957,0.9544239444513847,3.994959746684875,0.004684220187555807,0.0,0.0,0.0,0.0,0.0,0.0,0.0,0.0,0.0
16.1666,-3.140941074743325,-1.9936650316179474,1.0,-3.1408631801605225,-1.8892412185668945,0.9444288611412048,0.18252235174290277,-0.1871114524032779,-0.04651271410759194,-0.9641117306444602,2.990497547426921,0.23858838788501247,0.0,2.8329615592956543,0.16283856332302094,0.0634886845946312,2.7427901511709893,4.389310234678015,-0.2614315711993651,2.7427901511709893,4.389310234678015,-0.2614315711993651,0.7930684143496988,5.304724950989511,0.3283841384886167,0.9067888427814722,4.3816263742956325,0.1002463525117226,0.0,0.0,0.0,0.0,0.0,0.0,0.0,0.0,0.0
16.1833,-3.091122380857701,-1.9890626285317023,1.0,-3.11197829246521,-1.8870697021484375,0.9451571106910706,0.1844266802077962,-0.17727196818184443,-0.04734806464507784,-0.9655670613235413,2.9835939427975537,0.3133164287134482,0.0,2.833901882171631,0.20642529428005219,0.06448584794998169,2.688651392720094,4.576256072599665,-0.2692264492597882,2.688651392720094,4.576256072599665,-0.2692264492597882,0.05638071276428459,2.613411862250368,0.05978880462596314,0.6557328194226199,3.85961713170934,0.08830254491096057,0.0,0.0,0.0,0.0,0.0,0.0,0.0,0.0,0.0
16.2,-3.0414875906269163,-1.9832224621055812,1.0,-3.054110050201416,-1.8816156387329102,0.9466105699539185,0.18817868222428907,-0.17256175756445638,-0.047339677422224155,-0.9656967471764093,2.974833693158372,0.38776861405962526,0.0,2.837959051132202,0.2791171371936798,0.06263945996761322,2.459111620761151,4.573915597546486,-0.2636365863668697,2.459111620761151,4.573915597546486,-0.2636365863668697,0.24354185450746355,4.363512193551157,-0.11083412047572024,0.5340465127383742,4.008376163932624,0.029513761558299004,0.0,0.0,0.0,0.0,0.0,0.0,0.0,0.0,0.0
16.2167,-2.991930123403185,-1.9761308031437654,1.0,-3.025238037109375,-1.8783899545669556,0.9473434686660767,0.18817868222428907,-0.17256175756445638,-0.047339677422224155,-0.9656967471764093,2.9641962047156483,0.46210481489522215,0.0,2.8370578289031982,0.35277029871940613,0.0595560260117054,2.4094036286226483,4.789050852969574,-0.2524317101320843,2.4094036286226483,4.789050852969574,-0.2524317101320843,-0.21602090801331028,2.322387212407706,-0.1308953296154011,0.3126129007371072,3.510641409693795,-0.017841934041486464,0.0,0.0,0.0,0.0,0.0,0.0,0.0,0.0,0.0
16.2333,-2.9426522404171918,-1.9678167035374885,1.0,-2.9675192832946777,-1.8708964586257935,0.948794424533844,0.19065777565876807,-0.16301299390760854,-0.04746691875787864,-0.9668625711530692,2.9517250553062326,0.5360216393742123,0.0,2.8375213146209717,0.3922111988067627,0.064618319272995,2.1628997443288274,4.770393626990561,-0.28296547616382206,2.1628997443288274,4.770393626990561,-0.28296547616382206,0.1902757495060562,4.463176130343899,0.2500552554906509,0.2764967376702072,3.79184706923143,0.061246212812885475,0.0,0.0,0.0,0.0,0.0,0.0,0.0,0.0,0.0
16.25,-2.8935883662135353,-1.9582720913915452,1.0,-2.909816265106201,-1.8618890047073364,0.9505428671836853,0.19084359979676357,-0.15058572298674514,-0.048516122404708734,-0.9687873334308647,2.937408137087318,0.609617450679697,0.0,2.831101179122925,0.48518121242523193,0.07687413692474365,1.9621999868571525,4.633752972204538,-0.3635945682108126,1.9621999868571525,4.633752972204538,-0.3635945682108126,-0.38533527947110846,5.58004207091955,0.7355917832918348,0.08111182954179094,4.319754917554707,0.26032535060367773,0.0,0.0,0.0,0.0,0.0,0.0,0.0,0.0,0.0
16.2667,-2.8447121674834666,-1.9474888933091241,1.0,-2.8520450592041016,-1.8512437343597412,0.9524915218353271,0.1945620120920823,-0.14196422029018432,-0.04972059504145313,-0.9692882908722652,2.921233339963686,0.6829317487748001,0.0,2.833066701889038,0.5664198994636536,0.08420494943857193,1.699033951363223,4.561028000723433,-0.4157371312421514,1.699033951363223,4.561028000723433,-0.4157371312421514,0.11778488970168019,4.868267087667162,0.43930243813578695,0.09193838719470951,4.481685735630946,0.3131626581059619,0.0,0.0,0.0,0.0,0.0,0.0,0.0,0.0,0.0
16.2833,-2.7962297846290025,-1.9355142908552907,1.0,-2.8231539726257324,-1.8453654050827026,0.9534931778907776,0.20184726081040633,-0.1345626041231217,-0.05034845664371989,-0.968821767406098,2.903271436282936,0.7556553230564957,0.0,2.832608938217163,0.6043602228164673,0.08153180032968521,1.5833283446415838,4.771765621500325,-0.4031584420304011,1.5833283446415838,4.771765621500325,-0.4031584420304011,-0.0275040110016044,2.2795847180838873,-0.1606119642447857,0.05667680813265955,3.8315852662378878,0.1732957301483038,0.0,0.0,0.0,0.0,0.0,0.0,0.0,0.0,0.0
16.3,-2.7480030584788007,-1.9223161489596974,1.0,-2.765623092651367,-1.8325129747390747,0.9555346369743347,0.20304207391630757,-0.12733495434164385,-0.05026462656203172,-0.9695531416683076,2.883474223439546,0.8279954122817987,0.0,2.8068768978118896,0.6862521171569824,0.08233509212732315,1.464200107617807,4.684990639874872,-0.41670314125810926,1.464200107617807,4.684990639874872,-0.41670314125810926,-1.5437472286985252,4.912956102584641,0.048192038676640965,-0.4157976193715059,4.150825701937821,0.13636283383679554,0.0,0.0,0.0,0.0,0.0,0.0,0.0,0.0,0.0
16.3168,-2.699700352148163,-1.9077841420844657,1.0,-2.7085041999816895,-1.8181285858154297,0.9575644135475159,0.20325964648503295,-0.11766852195210967,-0.050572172115615724,-0.9707121378555087,2.8616762131266986,0.9004494717777549,0.0,2.798274040222168,0.7259302735328674,0.08221956342458725,1.2324152086747646,4.848179558069989,-0.42473172738762166,1.2324152086747646,4.848179558069989,-0.42473172738762166,-0.5116124092558983,2.3596621200090744,-0.006870498241833031,-0.4440838966050659,3.6220414744691345,0.0940777362526842,0.0,0.0,0.0,0.0,0.0,0.0,0.0,0.0,0.0
16.3333,-2.6526158834545095,-1.8923249735826602,1.0,-2.6801116466522217,-1.8103116750717163,0.9585978984832764,0.20325964648503295,-0.11766852195210967,-0.050572172115615724,-0.9707121378555087,2.8384874603739902,0.9710761748182352,0.0,2.772667646408081,0.8167139291763306,0.08487091958522797,1.2348946899541713,4.7293114924703055,-0.4444397170201011,1.2348946899541713,4.7293114924703055,-0.4444397170201011,-1.550424413904608,5.496798850906571,0.16053519098625707,-0.7706958385068736,4.17550411796661,0.11369719156953839,0.0,0.0,0.0,0.0,0.0,0.0,0.0,0.0,0.0
16.35,-2.6054674056363685,-1.8755331176405612,1.0,-2.6236236095428467,-1.7934396266937256,0.9607928991317749,0.20527931819731893,-0.1045533341211185,-0.05049879445235828,-0.9717915607927211,2.813299676460842,1.0417988915454472,0.0,2.7524960041046143,0.897344172000885,0.09178014099597931,1.0523189095035037,4.630313947628947,-0.4955616883697882,1.0523189095035037,4.630313947628947,-0.4955616883697882,-1.2089507451809725,4.832427160881928,0.4140916365403026,-0.9000766971833781,4.369439807179486,0.2023791221996294,0.0,0.0,0.0,0.0,0.0,0.0,0.0,0.0,0.0
16.3667,-2.5586323008335747,-1.8575182191926627,1.0,-2.5675716400146484,-1.7750170230865479,0.9631600975990295,0.20933398726968067,-0.09455370455232538,-0.04813730653029284,-0.9720709101046514,2.786277328788994,1.1120515487496379,0.0,2.7440948486328125,0.9417979717254639,0.09234202653169632,0.9296790541255833,4.788303334339631,-0.5034857534097466,0.9296790541255833,4.788303334339631,-0.5034857534097466,-0.5019944724620338,2.656249109610508,0.03357436176881215,-0.782555548477561,3.8636746003271565,0.15254487158287178,0.0,0.0,0.0,0.0,0.0,0.0,0.0,0.0,0.0
16.3833,-2.512636683155332,-1.8384936788815356,1.0,-2.5397047996520996,-1.7653101682662964,0.9644480347633362,0.21132816013861752,-0.08983821504216134,-0.04654196402045855,-0.9721643075209515,2.7577405183223034,1.181044975267002,0.0,2.7165944576263428,1.0166534185409546,0.10346589237451553,0.7711305407325306,4.708709066408442,-0.5814994057125045,0.7711305407325306,4.708709066408442,-0.5814994057125045,-1.6582802593556363,4.513801630317581,0.670771813045416,-1.0410854892316395,4.055603982310132,0.305534936621852,0.0,0.0,0.0,0.0,0.0,0.0,0.0,0.0,0.0
16.4,-2.4669447179658355,-1.818246104650022,1.0,-2.4845824241638184,-1.7446292638778687,0.9670314788818359,0.21236783859768427,-0.08178717652564059,-0.04570172444854534,-0.972688108554245,2.727369156975033,1.2495829230512463,0.0,2.6791746616363525,1.0987080335617065,0.10293864458799362,0.6637560149586328,4.578658933004879,-0.5901546458278357,0.6637560149586328,4.578658933004879,-0.5901546458278357,-2.2461217012994448,4.925324861182666,-0.031648026504092965,-1.3968342041446111,4.3123614821208305,0.20599236302834298,0.0,0.0,0.0,0.0,0.0,0.0,0.0,0.0,0.0
16.4166,-2.4217716522582124,-1.796862534870915,1.0,-2.4301602840423584,-1.722563624382019,0.9696043729782104,0.21236194857560486,-0.07192526705271288,-0.04640279512667554,-0.9734351192972521,2.695293802306373,1.317342521612681,0.0,2.6476552486419678,1.1692531108856201,0.09969379007816315,0.5126753393978589,4.509184950419379,-0.582537280943809,0.5126753393978589,4.509184950419379,-0.582537280943809,-1.8920597664300436,4.2347077513166935,-0.19478340751660178,-1.543033841641632,4.289436681467441,0.0876760303639785,0.0,0.0,0.0,0.0,0.0,0.0,0.0,0.0,0.0
16.4333,-2.3771089367014664,-1.7743370833310401,1.0,-2.403249979019165,-1.7109754085540771,0.9708603620529175,0.21236194857560486,-0.07192526705271288,-0.04640279512667554,-0.9734351192972521,2.6615056249965603,1.3843365949477997,0.0,2.6190145015716553,1.2098841667175293,0.09473197162151337,0.4704975587593565,4.670310518142927,-0.5580746061827266,0.4704975587593565,4.670310518142927,-0.5580746061827266,-1.7177584259219538,2.4368895943259976,-0.29759019347089355,-1.5946157324586445,3.742530921319833,-0.026061600635044965,0.0,0.0,0.0,0.0,0.0,0.0,0.0,0.0,0.0
16.45,-2.3330535779948316,-1.7507183145701661,1.0,-2.350131034851074,-1.6868535280227661,0.9731758236885071,0.2135310547380925,-0.06444190970714139,-0.04698446378297442,-0.9736756513617036,2.626077471855249,1.4504196330077526,0.0,2.5803098678588867,1.2667076587677002,0.07686875760555267,0.345998537012977,4.669145761035516,-0.461578632605649,0.345998537012977,4.669145761035516,-0.461578632605649,-2.322645720662718,3.4099493518756976,-1.0719625432798237,-1.8095434915815645,3.6443467632434006,-0.3348306754113717,0.0,0.0,0.0,0.0,0.0,0.0,0.0,0.0,0.0
16.4666,-2.289608424273653,-1.7260095201652945,1.0,-2.297966718673706,-1.6616014242172241,0.9751680493354797,0.21423507569561848,-0.05872570123100288,-0.04718799091443344,-0.9738726878784921,2.589014280247942,1.5155873635895198,0.0,2.5293760299682617,1.3374494314193726,0.06419964879751205,0.28801424955714783,4.576317182998398,-0.3946977441575381,0.28801424955714783,4.576317182998398,-0.3946977441575381,-3.0573890145118354,4.246393508314967,-0.7604844970947706,-2.177930297510489,3.822081966328481,-0.46049146348165076,0.0,0.0,0.0,0.0,0.0,0.0,0.0,0.0,0.0
16.4833,-2.2467589950792357,-1.700200983870289,1.0,-2.272228240966797,-1.6484705209732056,0.9761386513710022,0.2113994409961616,-0.05184543367748591,-0.04734191120519522,-0.9748749399360812,2.5503014758054334,1.5798615073811466,0.0,2.5103466510772705,1.371437668800354,0.06439371407032013,0.15948196791843827,4.762488913153919,-0.3999193133237906,0.15948196791843827,4.762488913153919,-0.3999193133237906,-1.141110872828651,2.038129959253699,0.011637268568160698,-1.8718422528247283,3.2954267275666105,-0.3211104324236726,0.0,0.0,0.0,0.0,0.0,0.0,0.0,0.0,0.0
16.5,-2.20458277105443,-1.673338308450867,1.0,-2.2213351726531982,-1.621146559715271,0.9781771898269653,0.20958704748485218,-0.04340453154388334,-0.04771651239476007,-0.9756600514301421,2.5100074626763007,1.6431258434183549,0.0,2.4690325260162354,1.4510364532470703,0.07412340492010117,0.027401144401619337,4.600864837500353,-0.4677626619546924,0.027401144401619337,4.600864837500353,-0.4677626619546924,-2.4786371243438086,4.775521734777073,0.5837319055656478,-2.050979189621237,3.7323778262067897,-0.053984435947446424,0.0,0.0,0.0,0.0,0.0,0.0,0.0,0.0,0.0
16.5167,-2.1630830642212757,-1.6454239214073425,1.0,-2.1962645053863525,-1.6068977117538452,0.9792976379394531,0.20958704748485218,-0.04340453154388334,-0.04771651239476007,-0.9756600514301421,2.4681358821110138,1.7053754036680866,0.0,2.4434099197387695,1.488625407218933,0.07966930419206619,-0.08076859095525979,4.753706430472701,-0.505949933793671,-0.08076859095525979,4.753706430472701,-0.505949933793671,-1.536720336317099,2.25440415248663,0.3326162882146023,-1.8991605767335509,3.2960529839857284,0.0601471639395571,0.0,0.0,0.0,0.0,0.0,0.0,0.0,0.0,0.0
16.5333,-2.1223087918948504,-1.6164910820514393,1.0,-2.1468262672424316,-1.5773738622665405,0.9817126989364624,0.2114412664749526,-0.03576869216875551,-0.04771958911470135,-0.9755696464400863,2.424736623077159,1.7665368121577245,0.0,2.3929312229156494,1.5614553689956665,0.08475510776042938,-0.17294529353301424,4.614989237153552,-0.5479305015082456,-0.17294529353301424,4.614989237153552,-0.5479305015082456,-3.0288113528746976,4.369926898702488,0.3051572357409553,-2.2326541330998397,3.613080191395121,0.13247861531935837,0.0,0.0,0.0,0.0,0.0,0.0,0.0,0.0,0.0
16.55,-2.082296006544952,-1.5865676740447061,1.0,-2.0984714031219482,-1.546525478363037,0.9840673804283142,0.21363673796073357,-0.03150284104357387,-0.04773901881186492,-0.9752374028332749,2.3798515110670593,1.8265559901825716,0.0,2.3394827842712402,1.6278053522109985,0.07454957813024521,-0.25303514789195347,4.5043850906686815,-0.49794012300152524,-0.25303514789195347,4.5043850906686815,-0.49794012300152524,-3.209802124795968,3.9845937974284813,-0.612884707625784,-2.5211260801205726,3.7227577982549684,-0.08756626103003093,0.0,0.0,0.0,0.0,0.0,0.0,0.0,0.0,0.0
16.5667,-2.0428696285128654,-1.5555138151378212,1.0,-2.05127215385437,-1.5142979621887207,0.9862794876098633,0.2146862155620791,-0.026738498067629634,-0.0477623260190914,-0.9751480093675833,2.3332707227067315,1.8856955572307017,0.0,2.289466619491577,1.6987844705581665,0.07217646390199661,-0.35985602329081257,4.356918779713779,-0.49430288981365145,-0.35985602329081257,4.356918779713779,-0.49430288981365145,-2.989639447057147,4.242667806755024,-0.14184925894256806,-2.659439789317104,3.8762447354457654,-0.10359159417406263,0.0,0.0,0.0,0.0,0.0,0.0,0.0,0.0,0.0
16.5833,-2.0044974913226423,-1.5237037933964308,1.0,-2.028113842010498,-1.4976698160171509,0.9874387383460999,0.21395094271638226,-0.018507703242209912,-0.047819898614157336,-0.9754977439165268,2.2855556900946463,1.9432537630160363,0.0,2.2553811073303223,1.7419120073318481,0.07539883255958557,-0.4515088035433563,4.447406915246389,-0.5190157971357348,-0.4515088035433563,4.447406915246389,-0.5190157971357348,-2.0507652805072225,2.5947814611335045,0.1938747973835583,-2.479747949237185,3.497933354858719,-0.015774078429176455,0.0,0.0,0.0,0.0,0.0,0.0,0.0,0.0,0.0
16.6,-1.9668403819079585,-1.4908673424180579,1.0,-1.982633352279663,-1.4632251262664795,0.9898983240127563,0.21227221266676913,-0.009895142262978504,-0.04724037944713253,-0.9760179203208482,2.2363010136270867,1.999739427138062,0.0,2.1986382007598877,1.8185644149780273,0.08520357310771942,-0.5301618796377037,4.244023023475978,-0.5898057981764122,-0.5301618796377037,4.244023023475978,-0.5898057981764122,-3.4081366708672243,4.6039566387902395,0.5888999670638103,-2.7538252685343743,3.8244516436720377,0.16273675176092395,0.0,0.0,0.0,0.0,0.0,0.0,0.0,0.0,0.0
16.6167,-1.929929802882182,-1.457020128539597,1.0,-1.960342288017273,-1.4454452991485596,0.9912042021751404,0.21227221266676913,-0.009895142262978504,-0.04724037944713253,-0.9760179203208482,2.1855301928093955,2.055105295676727,0.0,2.175166130065918,1.8511022329330444,0.0898672565817833,-0.7033977779832421,4.384978751640448,-0.6240235432219503,-0.7033977779832421,4.384978751640448,-0.6240235432219503,-1.405671288033468,1.9485914588003483,0.27929389108614017,-2.3558255725376713,3.270663430968133,0.19714654966876033,0.0,0.0,0.0,0.0,0.0,0.0,0.0,0.0,0.0
16.6333,-1.8939698243789225,-1.4223498673824815,1.0,-1.9167124032974243,-1.4088596105575562,0.993900716304779,0.21029539903106265,-0.003848502494514587,-0.04563433163777645,-0.9765647335334284,2.1335248010737224,2.109045263431616,0.0,2.112137794494629,1.924910306930542,0.09074418246746063,-0.7561410105336162,4.177960322184064,-0.6425646042242601,-0.7561410105336162,4.177960322184064,-0.6425646042242601,-3.7862534194583293,4.433816473553802,0.05267890391143066,-2.778114017666256,3.614047468728221,0.15449706012646547,0.0,0.0,0.0,0.0,0.0,0.0,0.0,0.0,0.0
16.65,-1.8588740141081137,-1.3867789632047132,1.0,-1.874429702758789,-1.3710218667984009,0.9965783953666687,0.20887243713163786,0.0009604529205784315,-0.043841067527334854,-0.9769592280354904,2.08016844480707,2.1616889788378293,0.0,2.03739070892334,1.985959529876709,0.08284806460142136,-0.7424375388570663,4.035896069372253,-0.6084623009572976,-0.7424375388570663,4.035896069372253,-0.6084623009572976,-4.4872686676113185,3.6649491176091717,-0.4740252014541915,-3.2826877094909404,3.62907456583535,-0.031054199339695707,0.0,0.0,0.0,0.0,0.0,0.0,0.0,0.0,0.0
16.6667,-1.824641127199929,-1.3503022611438167,1.0,-1.853832721710205,-1.35166335105896,0.9978814125061035,0.20688983884097326,0.006119258788448245,-0.043032564532350416,-0.9773982717564285,2.025453391715725,2.2130383092001065,0.0,2.007925510406494,2.014936685562134,0.08019369095563889,-0.9022943489250057,4.1736701662207505,-0.5989804878858092,-0.9022943489250057,4.1736701662207505,-0.5989804878858092,-1.766978353492894,1.7377112464613538,-0.1591783191787481,-2.835222604145598,3.0707095444670363,-0.06887878131129024,0.0,0.0,0.0,0.0,0.0,0.0,0.0,0.0,0.0
16.6833,-1.7913598831102489,-1.3130137081199413,1.0,-1.8137277364730835,-1.3120375871658325,1.0004230737686157,0.20461985172702502,0.012807373591247966,-0.04387651302693254,-0.9777738001766605,1.9695205621799121,2.2629601753346265,0.0,1.9356313943862915,2.0799901485443115,0.07570172846317291,-0.9127555084103127,3.9872790252649826,-0.5847511152334857,-0.9127555084103127,3.9872790252649826,-0.5847511152334857,-4.33963762826843,3.9049990697408155,-0.2696414387531665,-3.279353416288653,3.3170070610970175,-0.12814758723779784,0.0,0.0,0.0,0.0,0.0,0.0,0.0,0.0,0.0
16.7,-1.7590039442590262,-1.274884761925862,1.0,-1.7750059366226196,-1.2711231708526611,1.0030019283294678,0.20206302369882376,0.01962971556984278,-0.04512346968697581,-0.978135588724278,1.9123271428887931,2.3114940836114606,0.0,1.8672977685928345,2.149846315383911,0.07657741010189056,-0.9502776608859143,3.7595652832948216,-0.6029995706808915,-0.9502776608859143,3.7595652832948216,-0.6029995706808915,-4.098848766535574,4.190175187701108,0.05252592062924562,-3.5212834220494207,3.574782251445317,-0.0748094654462323,0.0,0.0,0.0,0.0,0.0,0.0,0.0,0.0,0.0
16.7167,-1.7275959362572326,-1.2359391005730145,1.0,-1.7561627626419067,-1.2501298189163208,1.0043059587478638,0.20206302369882376,0.01962971556984278,-0.04512346968697581,-0.978135588724278,1.8539086508595217,2.358606095614151,0.0,1.8359942436218262,2.1805527210235596,0.08190177381038666,-1.1203348300285483,3.860369424958404,-0.6416095477202486,-1.1203348300285483,3.860369424958404,-0.6416095477202486,-1.8767635329264283,1.840963993196015,0.31921554053088236,-3.0357910929845344,3.0629274116588676,0.04151391813026654,0.0,0.0,0.0,0.0,0.0,0.0,0.0,0.0,0.0
16.7333,-1.697187350521221,-1.1962406157085694,1.0,-1.7196980714797974,-1.2072027921676636,1.006993293762207,0.19665084678277467,0.027453830185624816,-0.04111543083413536,-0.9792263913105885,1.7943609235628541,2.4042189742181685,0.0,1.7567555904388428,2.2434980869293213,0.08044672012329102,-1.1005138394498153,3.6510929532067675,-0.6465490735977379,-1.1005138394498153,3.6510929532067675,-0.6465490735977379,-4.753031863165723,3.775699330701905,-0.08727958211772782,-3.5427519552973967,3.2733507098853156,0.0034917228273179286,0.0,0.0,0.0,0.0,0.0,0.0,0.0,0.0,0.0
16.75,-1.667819639145738,-1.1558491552281602,1.0,-1.6848866939544678,-1.163158893585205,1.0096162557601929,0.19665084678277467,0.027453830185624816,-0.04111543083413536,-0.9792263913105885,1.7337737328422405,2.4482705412813925,0.0,1.6753485202789307,2.2978687286376953,0.07317783683538437,-1.068606208564391,3.480157179837834,-0.6163706577036248,-1.068606208564391,3.480157179837834,-0.6163706577036248,-4.891566265060241,3.2670085812930676,-0.4367707154420297,-3.940946592561425,3.2714783976063067,-0.12648179586886465,0.0,0.0,0.0,0.0,0.0,0.0,0.0,0.0,0.0
16.7666,-1.6394320915043195,-1.114681219575481,1.0,-1.6680819988250732,-1.1407667398452759,1.0108941793441772,0.1925950028670107,0.03201412973121568,-0.03810736810906431,-0.9800154224615609,1.6720218293632214,2.4908518627435203,0.0,1.63199782371521,2.326148271560669,0.07015393674373627,-1.1844936102132535,3.5676537196479803,-0.6049800607915596,-1.1844936102132535,3.5676537196479803,-0.6049800607915596,-2.6007094430300084,1.696555768515605,-0.18141082258202934,-3.5452840897671956,2.8065324517704067,-0.14269784852266582,0.0,0.0,0.0,0.0,0.0,0.0,0.0,0.0,0.0
16.7833,-1.6120845877378123,-1.0728194447565578,1.0,-1.6357945203781128,-1.0950127840042114,1.0133424997329712,0.18782538626664652,0.03809704213117929,-0.03630533745413253,-0.9807916831174346,1.6092291671348367,2.5318731183932814,0.0,1.55220365524292,2.3864541053771973,0.06263216584920883,-1.1683211079306988,3.338666293741845,-0.5725358505573137,-1.1683211079306988,3.338666293741845,-0.5725358505573137,-4.7869698920117285,3.6178359436458556,-0.4512421333047272,-3.911852433565082,3.0460440712128083,-0.23378576082416272,0.0,0.0,0.0,0.0,0.0,0.0,0.0,0.0,0.0
16.8,-1.5857774170309298,-1.0302625568459962,1.0,-1.6202651262283325,-1.0717345476150513,1.0145376920700073,0.18430149353100675,0.042148213015114615,-0.03546155754694448,-0.9813251779258854,1.5453938352689942,2.571333874453605,0.0,1.5054993629455566,2.4140303134918213,0.059534888714551926,-1.2758342017981503,3.4113057622128555,-0.5604132447522385,-1.2758342017981503,3.4113057622128555,-0.5604132447522385,-2.7993369344651176,1.6528480379547859,-0.18564294313927235,-3.5834175241722463,2.634747137983798,-0.21957312111078822,0.0,0.0,0.0,0.0,0.0,0.0,0.0,0.0,0.0
16.8167,-1.5605376929514934,-0.98705161078714,1.0,-1.5904055833816528,-1.0243706703186035,1.016858696937561,0.17747635405534204,0.045527110055164806,-0.03400900855986498,-0.9824830361481767,1.48057741618071,2.60919346057276,0.0,1.4300700426101685,2.466233730316162,0.057754307985305786,-1.291547035246717,3.207876019644694,-0.5618972311132335,-1.291547035246717,3.207876019644694,-0.5618972311132335,-4.521817740045165,3.1294771746276764,-0.10674180137495355,-3.8604504195555283,2.7808004872544374,-0.186263253244594,0.0,0.0,0.0,0.0,0.0,0.0,0.0,0.0,0.0
16.8333,-1.5364274524428494,-0.9432983989718114,1.0,-1.5622915029525757,-0.9759748578071594,1.0191963911056519,0.17398026243465123,0.047549663558217714,-0.0332871594854189,-0.9830371407655495,1.4149475984577171,2.6453588213357255,0.0,1.3422150611877441,2.5198519229888916,0.05700486898422241,-1.2320326891846078,2.9820453209483055,-0.5697282605240286,-1.2320326891846078,2.9820453209483055,-0.5697282605240286,-5.276965487612774,3.2205499069167978,-0.04501467850494057,-4.278631558072112,2.910622553481114,-0.14456409230345119,0.0,0.0,0.0,0.0,0.0,0.0,0.0,0.0,0.0
16.85,-1.5134033802504194,-0.898928539039324,1.0,-1.5488818883895874,-0.9514150023460388,1.020370602607727,0.17398026243465123,0.047549663558217714,-0.0332871594854189,-0.9830371407655495,1.348392808558986,2.6798949296243704,0.0,1.3002063035964966,2.5432024002075195,0.05741005018353462,-1.3824496777960564,3.0492513805601438,-0.5787091624062111,-1.3824496777960564,3.0492513805601438,-0.5787091624062111,-2.521501760210653,1.401571309997424,0.02432028857437248,-3.7598947257143047,2.465123044643999,-0.09470633627547051,0.0,0.0,0.0,0.0,0.0,0.0,0.0,0.0,0.0
16.8667,-1.4914914212070856,-0.8539887121223756,1.0,-1.5234383344650269,-0.901526689529419,1.0227508544921875,0.17094604232172317,0.051405157161229086,-0.03314065703999509,-0.9833803004061251,1.2809830681835634,2.7127628681893716,0.0,1.2046935558319092,2.5957701206207275,0.05778518319129944,-1.2802590752849232,2.8059879369433296,-0.5936195701198255,-1.2802590752849232,2.8059879369433296,-0.5936195701198255,-5.730852311741818,3.1541113527122913,0.022508323915655756,-4.341757429386987,2.6685249862045453,-0.060102426190146455,0.0,0.0,0.0,0.0,0.0,0.0,0.0,0.0,0.0
16.8833,-1.4707151481767622,-0.8085276314944565,1.0,-1.499764084815979,-0.8508195877075195,1.0251994132995605,0.16554803728348583,0.05612657884032103,-0.03373720353381824,-0.9840251471883419,1.2127914472416848,2.7439272777348567,0.0,1.117461085319519,2.632297992706299,0.06747068464756012,-1.2267664930107873,2.64599424758825,-0.6648150641521067,-1.2267664930107873,2.64599424758825,-0.6648150641521067,-5.235750776319744,2.1924271261143944,0.5813302256693522,-4.60568060541033,2.5279721960031196,0.12926021645664265,0.0,0.0,0.0,0.0,0.0,0.0,0.0,0.0,0.0
16.9,-1.4510857931570016,-0.7625721314958516,1.0,-1.4779356718063354,-0.7992358803749084,1.0278764963150024,0.1595751228897796,0.05796103095846982,-0.03436788897493529,-0.9848833413177206,1.1438581972437774,2.7733713102644972,0.0,1.0279401540756226,2.678412437438965,0.07912680506706238,-1.157954445174814,2.415041653620882,-0.7490660053349654,-1.157954445174814,2.415041653620882,-0.7490660053349654,-5.373643987749378,2.768096860062398,0.6996781707072731,-4.832397432366534,2.598861385724159,0.2976580223945523,0.0,0.0,0.0,0.0,0.0,0.0,0.0,0.0,0.0
16.9167,-1.4325820412912644,-0.7160657564023709,1.0,-1.4677402973175049,-0.7730643153190613,1.029308557510376,0.1522011208110257,0.06066347634827622,-0.03440695910350483,-0.9858858884032493,1.0740986346035564,2.801126938063103,0.0,0.9834210872650146,2.7066099643707275,0.0847511813044548,-1.308902334000408,2.410376027286989,-0.7909506377542481,-1.308902334000408,2.410376027286989,-0.7909506377542481,-2.6680931628206044,1.6899192684146602,0.3370771415303279,-4.19345525381539,2.3305250594586915,0.3092952668483849,0.0,0.0,0.0,0.0,0.0,0.0,0.0,0.0,0.0
16.9333,-1.415271319961939,-0.6691769591386035,1.0,-1.4486349821090698,-0.7201452255249023,1.0323379039764404,0.14413558114443914,0.062325645320602634,-0.033242104504360735,-0.9870336313818979,1.0037654387079054,2.8270930200570916,0.0,0.8963071703910828,2.742396831512451,0.09341870993375778,-1.2555842309201748,2.2166492385587038,-0.8591801008870004,-1.2555842309201748,2.2166492385587038,-0.8591801008870004,-5.228635108255463,2.147951517579886,0.5202308209670726,-4.499059267398454,2.2766260128988858,0.3715672978095228,0.0,0.0,0.0,0.0,0.0,0.0,0.0,0.0,0.0
16.95,-1.3991381603299962,-0.6218715835977467,1.0,-1.4397172927856445,-0.6934449672698975,1.0339221954345703,0.14413558114443914,0.062325645320602634,-0.033242104504360735,-0.9870336313818979,0.9328073753966202,2.8512927595050055,0.0,0.8595184087753296,2.7560744285583496,0.09463131427764893,-1.4601463287868657,2.277562858704089,-0.8755073406973803,-1.4601463287868657,2.277562858704089,-0.8755073406973803,-2.2084651275959297,0.8210794486825345,0.07279381771601139,-3.822834010878047,1.8469220633159815,0.28336390563846464,0.0,0.0,0.0,0.0,0.0,0.0,0.0,0.0,0.0
16.9667,-1.3841808322569356,-0.5741401540636856,1.0,-1.4232159852981567,-0.6395704746246338,1.0371406078338623,0.13827202201755048,0.061745604586327524,-0.03277697188419452,-0.9879241099972361,0.8612102310955283,2.873728751614596,0.0,0.7674224376678467,2.791100025177002,0.09767542779445648,-1.377876351493473,2.065005234338102,-0.9111027050158906,-1.377876351493473,2.065005234338102,-0.9111027050158906,-5.523077253034788,2.100516164085846,0.18255819356868128,-4.324776892244911,1.9217876769422995,0.25360421695394353,0.0,0.0,0.0,0.0,0.0,0.0,0.0,0.0,0.0
16.9833,-1.3704367173952636,-0.5261041136729826,1.0,-1.4084774255752563,-0.5850511789321899,1.0404068231582642,0.1308721338712768,0.06191905730719608,-0.03226998744345703,-0.9889374466759835,0.7891561705094738,2.8943449239071044,0.0,0.6758861541748047,2.8216092586517334,0.0998246967792511,-1.2962459118698386,1.8661312894661415,-0.9416753827961326,-1.2962459118698386,1.8661312894661415,-0.9416753827961326,-5.4958773511981445,1.8317873400326377,0.12904302298949297,-4.67050715257601,1.8952179325008394,0.21683147582209006,0.0,0.0,0.0,0.0,0.0,0.0,0.0,0.0,0.0
17.0,-1.3578773489516338,-0.47766055759803616,1.0,-1.4018234014511108,-0.5575225949287415,1.042026400566101,0.12471124980156804,0.06384416202813574,-0.03220870592572216,-0.9896128920702192,0.7164908363970542,2.913183976572549,0.0,0.6315093636512756,2.839655876159668,0.0952754020690918,-1.4639758638652287,1.867795125127744,-0.9238797830397072,-1.4639758638652287,1.867795125127744,-0.9238797830397072,-2.65994640943194,1.0817148981779208,-0.27268488745980707,-4.076952873073806,1.6550569679256957,0.07231729822108741,0.0,0.0,0.0,0.0,0.0,0.0,0.0,0.0,0.0
17.0167,-1.3465209622511363,-0.42885854203428636,1.0,-1.3897488117218018,-0.5021522045135498,1.0452018976211548,0.11875639796662675,0.06680612400346993,-0.03225713265466121,-0.990148199193156,0.6432878130514296,2.9302185566232954,0.0,0.5469948649406433,2.8630223274230957,0.08832239359617233,-1.4245262487709676,1.6883844480947563,-0.8995526061300563,-1.4245262487709676,1.6883844480947563,-0.8995526061300563,-5.048558691998747,1.3958184977354944,-0.41534496325519127,-4.36378866939514,1.5785250332812457,-0.07164951463845676,0.0,0.0,0.0,0.0,0.0,0.0,0.0,0.0,0.0
17.0333,-1.3364193428871063,-0.3799355248092726,1.0,-1.379328966140747,-0.4463597536087036,1.0482897758483887,0.11154183478161155,0.06780558646652318,-0.03232637992676458,-0.9909166626820551,0.5699032872139089,2.9453709856693404,0.0,0.4698108732700348,2.8792824745178223,0.09025245159864426,-1.425335910202354,1.5384184014527849,-0.9281778581962055,-1.425335910202354,1.5384184014527849,-0.9281778581962055,-4.642999282897096,0.9781283614198637,0.11610254571531015,-4.446216745787083,1.4012769619671088,-0.016221674774207953,0.0,0.0,0.0,0.0,0.0,0.0,0.0,0.0,0.0
17.05,-1.3275350659188139,-0.33072962343899975,1.0,-1.374761939048767,-0.4183194637298584,1.0498508214950562,0.11154183478161155,0.06780558646652318,-0.03232637992676458,-0.9909166626820551,0.4960944351584996,2.958697401121779,0.0,0.42208388447761536,2.8963747024536133,0.088703453540802,-1.579443484893042,1.512397884609462,-0.9283505052989209,-1.579443484893042,1.512397884609462,-0.9283505052989209,-2.8641137166812127,1.0257107292575793,-0.0929559290629963,-3.9791510146265794,1.2904029456403667,-0.038875029154487456,0.0,0.0,0.0,0.0,0.0,0.0,0.0,0.0,0.0
17.0669,-1.319779360623767,-0.2805819299035204,1.0,-1.3669363260269165,-0.3618672788143158,1.0528568029403687,0.10490143811386024,0.06771802902291983,-0.03203990779743605,-0.991656972076149,0.42087289485528057,2.970330959064349,0.0,0.3386109471321106,2.9120564460754395,0.08115379512310028,-1.5469373929082857,1.3451288159371622,-0.8998704400011217,-1.5469373929082857,1.3451288159371622,-0.8998704400011217,-4.93530976881872,0.9271778968142091,-0.4463710530025374,-4.261426555104281,1.183172272362611,-0.15917530342369957,0.0,0.0,0.0,0.0,0.0,0.0,0.0,0.0,0.0
17.0833,-1.3134812456237233,-0.2318258797272787,1.0,-1.3608887195587158,-0.3051188588142395,1.0556994676589966,0.09877671208890677,0.06912408871900275,-0.03172203626596683,-0.992198980547999,0.347738819590918,2.979778131564415,0.0,0.2509377598762512,2.9282913208007812,0.07165085524320602,-1.4718441279631178,1.155940604203736,-0.8588914842858468,-1.4718441279631178,1.155940604203736,-0.8588914842858468,-5.350560914924266,0.9907896459906587,-0.5799499287034208,-4.582958924831706,1.1263774047743884,-0.28339566353585294,0.0,0.0,0.0,0.0,0.0,0.0,0.0,0.0,0.0
17.1,-1.3083055288119485,-0.18208001932927406,1.0,-1.3584620952606201,-0.27663135528564453,1.0570411682128906,0.09150472250570646,0.07208839642987439,-0.03165645576968393,-0.9926872939348463,0.2731200289939111,2.987541706782077,0.0,0.2130492925643921,2.9335415363311768,0.06806691735982895,-1.689289822664802,1.1669605981028108,-0.8459981926044531,-1.689289822664802,1.1669605981028108,-0.8459981926044531,-2.2727575012156405,0.3149366436886817,-0.21498419667629645,-3.9009452397564157,0.8868252609521736,-0.2631993481248525,0.0,0.0,0.0,0.0,0.0,0.0,0.0,0.0,0.0
17.1167,-1.3043763304482376,-0.13223528093802633,1.0,-1.3548657894134521,-0.2195335030555725,1.0596928596496582,0.0833451976718464,0.07555056016678616,-0.031643432393494056,-0.9931487597791921,0.1983529214070395,2.9934355043276435,0.0,0.13636615872383118,2.942551851272583,0.06639406085014343,-1.6841285411119307,1.001300003185702,-0.8512089577194057,-1.6841285411119307,1.001300003185702,-0.8512089577194057,-4.601716527885083,0.5407044953787163,-0.10038728288551235,-4.107825732394801,0.7846440847150209,-0.2151342506604096,0.0,0.0,0.0,0.0,0.0,0.0,0.0,0.0,0.0
17.1333,-1.3016952778463011,-0.08233005173221623,1.0,-1.3528410196304321,-0.16222929954528809,1.0623583793640137,0.07574325082488932,0.0770007740785174,-0.031756596681745755,-0.9936425101094972,0.12349507759832434,2.997457083230548,0.0,0.04632477089762688,2.959958076477051,0.06796620786190033,-1.5949261688728273,0.7730415695171778,-0.8760471569810999,-1.5949261688728273,0.7730415695171778,-0.8760471569810999,-5.404807915921288,1.0448228980322003,0.09436940966010733,-4.490718578629537,0.861453625837724,-0.12376311316492547,0.0,0.0,0.0,0.0,0.0,0.0,0.0,0.0,0.0
17.15,-1.300261725702556,-0.03235481895917174,1.0,-1.3524518013000488,-0.13349981606006622,1.0637049674987793,0.07574325082488932,0.0770007740785174,-0.031756596681745755,-0.9936425101094972,0.04853222843875761,2.9996074114461657,0.0,0.008644660003483295,2.9590253829956055,0.06783553957939148,-1.815756575515147,0.7870099448581903,-0.8841196152282702,-1.815756575515147,0.7870099448581903,-0.8841196152282702,-2.260776469026264,-0.05596086172860699,-0.007839992275341172,-3.8323989099945104,0.590616101018262,-0.08954048908759177,0.0,0.0,0.0,0.0,0.0,0.0,0.0,0.0,0.0
17.1667,-1.3000780204530575,0.01766566514568277,1.0,-1.3529720306396484,-0.07598048448562622,1.0662803649902344,0.0702711082865094,0.07758955094075831,-0.031156341265253608,-0.9940177013549412,-0.026498497718524153,2.9998829693204137,0.0,-0.07998085021972656,2.9647011756896973,0.053675130009651184,-1.7301996411059615,0.6061295575288639,-0.8142443103882453,-1.7301996411059615,0.6061295575288639,-0.8142443103882453,-5.315558651116815,0.34042127239707715,-0.8493094979336775,-4.270254774101295,0.5167540146606037,-0.3138381872155951,0.0,0.0,0.0,0.0,0.0,0.0,0.0,0.0,0.0
17.1833,-1.3011471962618009,0.06773085698513574,1.0,-1.3550423383712769,-0.0185563825070858,1.068525791168213,0.06410325977935646,0.07964038991824585,-0.0303949584469044,-0.9942959127019616,-0.10159628547770361,2.9982792056072984,0.0,-0.15646694600582123,2.954627513885498,0.04033251479268074,-1.7135588741905816,0.508948013710856,-0.747703404455093,-1.7135588741905816,0.508948013710856,-0.747703404455093,-4.582221900844153,-0.6035051634743112,-0.7993455939066718,-4.362353171910787,0.1860330296811638,-0.45716884755707987,0.0,0.0,0.0,0.0,0.0,0.0,0.0,0.0,0.0
17.2,-1.3034593866422086,0.11758222320102303,1.0,-1.356696605682373,0.010157275013625622,1.0695641040802002,0.055331103172793494,0.0815106102228012,-0.030530334124321334,-0.9946670578499486,-0.17637333480153455,2.994810920036687,0.0,-0.19524095952510834,2.955528497695923,0.03919396176934242,-1.9267786145416554,0.47804250266117243,-0.7483782062769944,-1.9267786145416554,0.47804250266117243,-0.7483782062769944,-2.330710692635109,0.05415824698682947,-0.06843856141708586,-3.7625751785800285,0.14710118348175927,-0.3424085620510097,0.0,0.0,0.0,0.0,0.0,0.0,0.0,0.0,0.0
17.2167,-1.3070273101881287,0.16751076880020438,1.0,-1.3610856533050537,0.06748999655246735,1.071610689163208,0.04805746986250125,0.08387807641191007,-0.03100431758267482,-0.9948335379015666,-0.25126615320030654,2.9894590347178065,0.0,-0.26965510845184326,2.951206684112549,0.036546189337968826,-1.9166150644080187,0.32417109859880733,-0.7451145568501953,-1.9166150644080187,0.32417109859880733,-0.7451145568501953,-4.459175965082721,-0.2589793410863788,-0.15866449267080035,-3.968224462911871,0.027218790471837104,-0.28816395437841363,0.0,0.0,0.0,0.0,0.0,0.0,0.0,0.0,0.0
17.2333,-1.3118299510846543,0.21720924611063985,1.0,-1.3671544790267944,0.12482873350381851,1.0735219717025757,0.04202520480355757,0.08654908815526144,-0.03132130403032525,-0.9948679718768,-0.3258138691659598,2.982255073373018,0.0,-0.353377103805542,2.9498565196990967,0.027803881093859673,-1.8435117927704692,0.140562872025981,-0.7046642742184428,-1.8435117927704692,0.140562872025981,-0.7046642742184428,-5.030664871137343,-0.08112831826712319,-0.5253054802444022,-4.28187629022854,-0.004767256347685614,-0.358172467180334,0.0,0.0,0.0,0.0,0.0,0.0,0.0,0.0,0.0
17.25,-1.317881644470084,0.2668460692447663,1.0,-1.3707503080368042,0.1534229815006256,1.0744246244430542,0.04202520480355757,0.08654908815526144,-0.03132130403032525,-0.9948679718768,-0.4002691038671494,2.9731775332948738,0.0,-0.39324572682380676,2.943294048309326,0.02474636770784855,-2.048813406704678,0.12089270427044557,-0.6933130631230835,-2.048813406704678,0.12089270427044557,-0.6933130631230835,-2.3923249974963876,-0.39378245754588764,-0.18346672520350793,-3.7240462122443083,-0.11961165398648821,-0.3065961389557047,0.0,0.0,0.0,0.0,0.0,0.0,0.0,0.0,0.0
17.2667,-1.3251801845941853,0.3163648158069169,1.0,-1.3792377710342407,0.21055950224399567,1.076023817062378,0.03663293437089576,0.09006517055303655,-0.03142747194172426,-0.9947655971817669,-0.47454722371037533,2.962229723108722,0.0,-0.4690626263618469,2.9349606037139893,0.011912152171134949,-2.01631208670015,-0.04253347100937998,-0.6268416641710939,-2.01631208670015,-0.04253347100937998,-0.6268416641710939,-4.542195757748893,-0.49925724896443363,-0.7688987510712755,-3.965578911847124,-0.2316899726156176,-0.443076319811689,0.0,0.0,0.0,0.0,0.0,0.0,0.0,0.0,0.0
17.2833,-1.3336996875396132,0.36559961873364366,1.0,-1.3840398788452148,0.23903541266918182,1.0767197608947754,0.03030019652638382,0.09316279006283715,-0.0314102760275318,-0.9946939475392985,-0.5483994281004655,2.94945046869058,0.0,-0.5164125561714172,2.930295705795288,0.003448495641350746,-2.173905569966321,-0.09609592352674101,-0.5820944989430483,-2.173905569966321,-0.09609592352674101,-0.5820944989430483,-2.843520467333877,-0.2801426055581805,-0.5082706704680497,-3.634326750546618,-0.2459940754557211,-0.4623228837185013,0.0,0.0,0.0,0.0,0.0,0.0,0.0,0.0,0.0
17.3,-1.3434584913725998,0.4146629052833365,1.0,-1.3948277235031128,0.29582738876342773,1.077981948852539,0.024501972917221136,0.09505142985728078,-0.03141739884493015,-0.994674770723226,-0.6219943579250047,2.9348122629411,0.0,-0.5898318290710449,2.9158997535705566,-0.0005972266662865877,-2.1470002088509386,-0.24460322378670718,-0.5667324343060738,-2.1470002088509386,-0.24460322378670718,-0.5667324343060738,-4.401886158640307,-0.8631159140614949,-0.24256313532330576,-3.8609243169219316,-0.42817972168788687,-0.39744578932227925,0.0,0.0,0.0,0.0,0.0,0.0,0.0,0.0,0.0
17.3167,-1.3544302227047422,0.4634201567425417,1.0,-1.4072171449661255,0.35242265462875366,1.0791349411010742,0.015831934173333003,0.0984833002175531,-0.031743109690222295,-0.9945063519165764,-0.6951302351138126,2.9183546659428865,0.0,-0.6757326126098633,2.9082870483398438,-0.010334718972444534,-2.0377566216450926,-0.44471751122815634,-0.5167088366559494,-2.0377566216450926,-0.44471751122815634,-0.5167088366559494,-5.156855167675727,-0.4570111783817825,-0.5845678636507579,-4.243506790506381,-0.4366912946723386,-0.4526876457972614,0.0,0.0,0.0,0.0,0.0,0.0,0.0,0.0,0.0
17.3333,-1.3666189881785313,0.5118963402176213,1.0,-1.4140034914016724,0.38066497445106506,1.0796377658843994,0.015831934173333003,0.0984833002175531,-0.031743109690222295,-0.9945063519165764,-0.767844510326432,2.9000715177322025,0.0,-0.7149724960327148,2.898482322692871,-0.01388438232243061,-2.2374008980226496,-0.5013037673098264,-0.5005785828067939,-2.2374008980226496,-0.5013037673098264,-0.5005785828067939,-2.3552712545972323,-0.5885029837290173,-0.2130592479500279,-3.686065147985112,-0.4815088800277256,-0.38194496293254854,0.0,0.0,0.0,0.0,0.0,0.0,0.0,0.0,0.0
17.35,-1.3800155951354176,0.560053466266209,1.0,-1.4288532733917236,0.4370501637458801,1.0804674625396729,0.010083443845413174,0.10122511866640277,-0.03203497661616023,-0.9942965870515378,-0.8400801993993134,2.8799766072968733,0.0,-0.7959666848182678,2.880392551422119,-0.0238372553139925,-2.146627663468355,-0.6607783110720103,-0.44769218943674893,-2.146627663468355,-0.6607783110720103,-0.44769218943674893,-4.859447416604681,-1.0853407335355039,-0.5971473221948848,-4.032469040235606,-0.6597710797505857,-0.4454766327588392,0.0,0.0,0.0,0.0,0.0,0.0,0.0,0.0,0.0
17.3667,-1.3946252056514454,0.6079036873232505,1.0,-1.4453500509262085,0.4931740462779999,1.0810894966125488,0.005498925666996741,0.10299213055857807,-0.0319807336221267,-0.99415273985757,-0.9118555309848757,2.8580621915228317,0.0,-0.8800060749053955,2.864109992980957,-0.033860377967357635,-2.0298901622678045,-0.8416879718279191,-0.3933674938527485,-2.0298901622678045,-0.8416879718279191,-0.3933674938527485,-5.040709730008008,-0.9766331083400068,-0.6011901303841094,-4.330120120026823,-0.753314542052,-0.4914461033191786,0.0,0.0,0.0,0.0,0.0,0.0,0.0,0.0,0.0
17.3833,-1.4104034735063982,0.6553052472423175,1.0,-1.4541904926300049,0.5211097002029419,1.0813442468643188,-0.004024059923630621,0.10390513666444531,-0.03232730715743181,-0.9940535683230239,-0.9829578708634763,2.8343947897404025,0.0,-0.9242388606071472,2.8483057022094727,-0.036069128662347794,-2.1895664214711177,-0.8959561390741573,-0.38409765324594325,-2.1895664214711177,-0.8959561390741573,-0.38409765324594325,-2.656477755981615,-0.9491544838843626,-0.13265040843941064,-3.8360303040773847,-0.8111300723553947,-0.38552305628413897,0.0,0.0,0.0,0.0,0.0,0.0,0.0,0.0,0.0
17.4,-1.4273806267136562,0.7023508260069616,1.0,-1.47322678565979,0.576751708984375,1.0817482471466064,-0.01132087531769287,0.10577759997159486,-0.03261630809767106,-0.9937902769603764,-1.0535262390104425,2.8089290599295156,0.0,-1.0047999620437622,2.827319622039795,-0.04113812372088432,-2.080351276205427,-1.0695744643598912,-0.35842987065826826,-2.080351276205427,-1.0695744643598912,-0.35842987065826826,-4.831459027410384,-1.258589873743512,-0.3040008328924604,-4.129899057204323,-0.9432283841944079,-0.36145620591233785,0.0,0.0,0.0,0.0,0.0,0.0,0.0,0.0,0.0
17.4167,-1.445522981444786,0.7489425796752145,1.0,-1.4938910007476807,0.6319724321365356,1.082088589668274,-0.016795139809954594,0.10688606208743137,-0.03278936305765679,-0.9935885621434032,-1.1234138695128217,2.7817155278328207,0.0,-1.0880405902862549,2.799041986465454,-0.042121704667806625,-1.9459973609084558,-1.2092161619737771,-0.35696704672694857,-1.9459973609084558,-1.2092161619737771,-0.35696704672694857,-4.993228168530648,-1.696247246932296,-0.05900056491519121,-4.384769590409524,-1.165533315815133,-0.2721657725416437,0.0,0.0,0.0,0.0,0.0,0.0,0.0,0.0,0.0
17.4333,-1.4648217958624374,0.7950603493184852,1.0,-1.5048255920410156,0.659392774105072,1.082229733467102,-0.016795139809954594,0.10688606208743137,-0.03278936305765679,-0.9935885621434032,-1.192590523977728,2.7527673062063434,0.0,-1.1349684000015259,2.7850306034088135,-0.04449893534183502,-2.077222769417114,-1.3068548829894218,-0.34614919387270326,-2.077222769417114,-1.3068548829894218,-0.34614919387270326,-2.816880143112701,-0.8410447227191413,-0.14269521466905188,-3.921899968388515,-1.069738352276459,-0.23394369745295882,0.0,0.0,0.0,0.0,0.0,0.0,0.0,0.0,0.0
17.45,-1.4852666709491444,0.8406800487890738,1.0,-1.5279573202133179,0.7139037251472473,1.0824353694915771,-0.024430623571048107,0.10668832751346449,-0.03301632383688794,-0.9934438720124653,-1.2610200731836105,2.722099993576283,0.0,-1.211610198020935,2.7532215118408203,-0.04962519556283951,-1.9678026541592955,-1.4449922170262457,-0.31916718399925337,-1.9678026541592955,-1.4449922170262457,-0.31916718399925337,-4.599301789878814,-1.908874994634656,-0.30762871460661295,-4.1218813673386405,-1.317466826463189,-0.2556968612983601,0.0,0.0,0.0,0.0,0.0,0.0,0.0,0.0,0.0
17.4667,-1.5068653261358895,0.8858149024408265,1.0,-1.5401555299758911,0.7409616708755493,1.0824971199035645,-0.03386748471092148,0.10673336932363248,-0.03299482894414736,-0.9931628368265948,-1.3287223536612398,2.6897020107961653,0.0,-1.2578803300857544,2.7410190105438232,-0.05175328999757767,-2.0942452391180226,-1.5749166260516017,-0.30946085055502515,-2.0942452391180226,-1.5749166260516017,-0.30946085055502515,-2.7726012915023714,-0.7311989256528945,-0.12751978684496257,-3.723549227416674,-1.1443898266026635,-0.21785664615673023,0.0,0.0,0.0,0.0,0.0,0.0,0.0,0.0,0.0
17.4833,-1.529556051857268,0.9303376948639539,1.0,-1.5657904148101807,0.794642448425293,1.0825344324111938,-0.03909441832523112,0.1067259225023362,-0.03309994318433357,-0.9929681183864744,-1.395506542295931,2.655665922214098,0.0,-1.3440825939178467,2.708503246307373,-0.05742902681231499,-1.9113585155541202,-1.7277452983240067,-0.27834157922161573,-1.9113585155541202,-1.7277452983240067,-0.27834157922161573,-5.176954467353952,-1.9527634593356242,-0.3408614780211913,-4.152621018934233,-1.3830364980755534,-0.25416992075017947,0.0,0.0,0.0,0.0,0.0,0.0,0.0,0.0,0.0
17.5,-1.5533663285547126,0.9743053000849149,1.0,-1.59311842918396,0.8477149605751038,1.0824114084243774,-0.04605218866480356,0.10639593375192016,-0.033470877598077875,-0.9926927730251527,-1.4614579501273723,2.619950507167931,0.0,-1.4282126426696777,2.6695876121520996,-0.06300896406173706,-1.7304622867916555,-1.850885672355092,-0.24699403730597957,-1.7304622867916555,-1.850885672355092,-0.24699403730597957,-5.047518917449827,-2.334806677251856,-0.3347773981175528,-4.416811235117818,-1.664016450996177,-0.27796672137628875,0.0,0.0,0.0,0.0,0.0,0.0,0.0,0.0,0.0
17.5166,-1.578264646609524,1.0176577877092936,1.0,-1.6074459552764893,0.8740100860595703,1.0823014974594116,-0.04605218866480356,0.10639593375192016,-0.033470877598077875,-0.9926927730251527,-1.5264866815639404,2.5826030300857137,0.0,-1.4661728143692017,2.647977352142334,-0.06574153900146484,-1.8892201460392388,-1.955171683139978,-0.23279178556454205,-1.8892201460392388,-1.955171683139978,-0.23279178556454205,-2.278133898038318,-1.2969136774027386,-0.1639921876117844,-3.785434595428323,-1.5556410024918088,-0.24431935583367878,0.0,0.0,0.0,0.0,0.0,0.0,0.0,0.0,0.0
17.5333,-1.604243705558303,1.0603822847734514,1.0,-1.6373522281646729,0.9260188937187195,1.0820258855819702,-0.0538791903397086,0.10595018341371289,-0.03409245931991654,-0.9923252525061377,-1.590573427160177,2.543634441662545,0.0,-1.549726963043213,2.609973907470703,-0.06689071655273438,-1.6937748881200858,-2.101274508955965,-0.22725324557815263,-1.6937748881200858,-2.101274508955965,-0.22725324557815263,-5.01253665164843,-2.2798827147250234,-0.06894085675463062,-4.147697550844642,-1.7694503933077248,-0.19254441741612147,0.0,0.0,0.0,0.0,0.0,0.0,0.0,0.0,0.0
17.55,-1.6312744573828288,1.1024314325240498,1.0,-1.668893575668335,0.977253794670105,1.0817121267318726,-0.0616639253110023,0.1056525621258642,-0.03470257709896024,-0.9918825420093793,-1.6536471487860749,2.5030883139257565,0.0,-1.6307837963104248,2.5640017986297607,-0.06728141754865646,-1.5018771981009689,-2.2071721264693553,-0.22606339586162782,-1.5018771981009689,-2.2071721264693553,-0.22606339586162782,-4.8644584346830735,-2.758921161825726,-0.023447113320932893,-4.359298464387197,-2.0615602492764538,-0.14262380256265975,0.0,0.0,0.0,0.0,0.0,0.0,0.0,0.0,0.0
17.5667,-1.6593668845400906,1.1438194702208526,1.0,-1.702142596244812,1.0276752710342407,1.081368088722229,-0.06973831054742008,0.10243777174302526,-0.035287238181503366,-0.9916642213340928,-1.7157292053281645,2.460949673185397,0.0,-1.720875859260559,2.5212996006011963,-0.06881953030824661,-1.244112668876419,-2.3401437396486418,-0.21782908545368507,-1.244112668876419,-2.3401437396486418,-0.21782908545368507,-5.40097049911383,-2.559973700760391,-0.09220902892916356,-4.666819088252008,-2.20870100993168,-0.12774043992746661,0.0,0.0,0.0,0.0,0.0,0.0,0.0,0.0,0.0
17.5833,-1.6884716090767329,1.1844729820676647,1.0,-1.7193716764450073,1.0525606870651245,1.0811752080917358,-0.07614452615395469,0.09976199477161414,-0.03555364841094073,-0.9914563109303887,-1.7767087844996794,2.4172916495113745,0.0,-1.7560436725616455,2.4917166233062744,-0.07151272147893906,-1.3922363382717302,-2.4351885493863565,-0.20341172133249863,-1.3922363382717302,-2.4351885493863565,-0.20341172133249863,-2.1097991818519897,-1.7747518379723661,-0.1615708227250622,-3.9119400758215424,-2.0805912828412647,-0.13772778726585627,0.0,0.0,0.0,0.0,0.0,0.0,0.0,0.0,0.0
17.6,-1.718587355846438,1.224391297302966,1.0,-1.7550034523010254,1.1015251874923706,1.0806431770324707,-0.083052251720732,0.09670650169544469,-0.035701710289759575,-0.9911990887139266,-1.8365814197112227,2.3721118285849414,0.0,-1.8346543312072754,2.4371771812438965,-0.07976271957159042,-1.1834722399541655,-2.5124848154940778,-0.153939834632423,-1.1834722399541655,-2.5124848154940778,-0.153939834632423,-4.716374143529445,-3.272182408559699,-0.49497203507416787,-4.149423715693436,-2.4323707625206534,-0.24319281876874937,0.0,0.0,0.0,0.0,0.0,0.0,0.0,0.0,0.0
17.6167,-1.7496955758937054,1.263549046375506,1.0,-1.7733769416809082,1.1256351470947266,1.0803455114364624,-0.083052251720732,0.09670650169544469,-0.035701710289759575,-0.9911990887139266,-1.8953045757719365,2.325433331833581,0.0,-1.8638783693313599,2.4111530780792236,-0.07717257738113403,-1.3530667968510617,-2.647679260918196,-0.1706790844703061,-1.3530667968510617,-2.647679260918196,-0.1706790844703061,-1.7478681838923111,-1.556482432124116,0.1549144956365503,-3.4404406281525644,-2.1737925182941606,-0.12566426312965073,0.0,0.0,0.0,0.0,0.0,0.0,0.0,0.0,0.0
17.6333,-1.7817472077399028,1.3018864999662676,1.0,-1.81126070022583,1.1731654405593872,1.0796871185302734,-0.09183610251371355,0.08948929140846157,-0.036823617250271,-0.9910609734913565,-1.9527838119362044,2.277325615734765,0.0,-1.9459233283996582,2.3672006130218506,-0.08421091735363007,-1.1028973735235486,-2.80361689056752,-0.1278039674018725,-1.1028973735235486,-2.80361689056752,-0.1278039674018725,-4.940086708106634,-2.6464634864123804,-0.4237921517678979,-3.883163560812381,-2.3133336273502803,-0.21367706490328425,0.0,0.0,0.0,0.0,0.0,0.0,0.0,0.0,0.0
17.65,-1.8147474820680116,1.3394121688176084,1.0,-1.8506449460983276,1.2197524309158325,1.0788469314575195,-0.09856898080930858,0.08162458056953074,-0.03716041271672152,-0.991080571775914,-2.0090266669474435,2.227777218352664,0.0,-2.020624876022339,2.312568187713623,-0.09281888604164124,-0.8840189172134068,-2.901950956393733,-0.07458186937198086,-0.8840189172134068,-2.901950956393733,-0.07458186937198086,-4.48479166368464,-3.279919270572406,-0.516789108684139,-4.060775173068471,-2.5986873760476272,-0.30316128037316425,0.0,0.0,0.0,0.0,0.0,0.0,0.0,0.0,0.0
17.6667,-1.8487119542734172,1.3761406208418951,1.0,-1.8708515167236328,1.2426576614379883,1.078355312347412,-0.10321942587841916,0.07677277893165936,-0.03601920249959208,-0.9910370340814023,-2.0640493665280837,2.176761681229298,0.0,-2.0450639724731445,2.279893159866333,-0.09814383089542389,-1.0577887184056864,-3.0245130035553314,-0.04278747782451653,-1.0577887184056864,-3.0245130035553314,-0.04278747782451653,-1.4654876619106167,-1.9593543590770022,-0.31930971749635434,-3.2945988642754034,-2.409944583996217,-0.3079285941658095,0.0,0.0,0.0,0.0,0.0,0.0,0.0,0.0,0.0
17.6833,-1.8835532515839626,1.4119768443220433,1.0,-1.9121382236480713,1.287627935409546,1.0771673917770386,-0.1103728695476485,0.07264724915314967,-0.03433206415370104,-0.9906369761953367,-2.1177037014735167,2.12440772957649,0.0,-2.100922107696533,2.223092555999756,-0.10755272954702377,-0.9313475691818534,-3.1233685094229275,0.01703367775654563,-0.9313475691818534,-3.1233685094229275,0.01703367775654563,-3.3520187712822276,-3.408575843420036,-0.5646233045755,-3.311550270319084,-2.7047587843116814,-0.3837095644293541,0.0,0.0,0.0,0.0,0.0,0.0,0.0,0.0,0.0
17.7,-1.9193310883195724,1.446980772615581,1.0,-1.9545955657958984,1.3315304517745972,1.075864315032959,-0.1199713599002941,0.06584475965729251,-0.033223770625258484,-0.9900341076742369,-2.1700732408842605,2.0706236851666007,0.0,-2.164384126663208,2.1713764667510986,-0.10980796813964844,-0.7477734249459105,-3.258448904945659,0.034548465374983905,-0.7477734249459105,-3.258448904945659,0.034548465374983905,-3.80288310426608,-3.0990227733805753,-0.13514238720461755,-3.4566007032610586,-2.821152720064899,-0.31032799051340837,0.0,0.0,0.0,0.0,0.0,0.0,0.0,0.0,0.0
17.7167,-1.95588591183309,1.480998756917519,1.0,-1.9762805700302124,1.3530774116516113,1.0752009153366089,-0.1199713599002941,0.06584475965729251,-0.033223770625258484,-0.9900341076742369,-2.220921828126114,2.0156480915047594,0.0,-2.1937472820281982,2.13763165473938,-0.10878552496433258,-0.8655007184999208,-3.399227322485584,0.029226655977469207,-0.8655007184999208,-3.399227322485584,0.029226655977469207,-1.7635822092390525,-2.026749147979494,0.061409019961623276,-2.9567906995942694,-2.5866302658336604,-0.20058443057909398,0.0,0.0,0.0,0.0,0.0,0.0,0.0,0.0,0.0
17.7333,-1.9933116660332661,1.5141220551445784,1.0,-2.020589828491211,1.3952311277389526,1.0738028287887573,-0.1268336123102507,0.058813161210019164,-0.03191886204851269,-0.9896643533722509,-2.27037945288072,1.9593389678705488,0.0,-2.254335403442383,2.0791780948638916,-0.11774913221597672,-0.6762600779208738,-3.505345898378764,0.08753895700714232,-0.6762600779208738,-3.505345898378764,0.08753895700714232,-3.63575884170768,-3.5076685361107933,-0.5378861987810462,-3.157234505020843,-2.858537597543224,-0.3001620776025061,0.0,0.0,0.0,0.0,0.0,0.0,0.0,0.0,0.0
17.75,-2.0315526796413343,1.546299258059358,1.0,-2.0658504962921143,1.436226487159729,1.072081208229065,-0.1316952644568725,0.05584742182338717,-0.029863992449364097,-0.9892651805700042,-2.3183626083127815,1.9017798933854164,0.0,-2.2981302738189697,2.0111289024353027,-0.13203421235084534,-0.5758655408549314,-3.5582479066411694,0.17945504219123798,-0.5758655408549314,-3.5582479066411694,0.17945504219123798,-2.627920284982618,-4.083305912817065,-0.8571791978426014,-3.0009712726980244,-3.2201115899771353,-0.4646037124060817,0.0,0.0,0.0,0.0,0.0,0.0,0.0,0.0,0.0
17.7667,-2.070609573050251,1.5775294539641134,1.0,-2.088836908340454,1.4562584161758423,1.0711498260498047,-0.13976790586743312,0.05226021661874994,-0.028321797115502024,-0.9883985992177717,-2.3648630781935522,1.8429703623424118,0.0,-2.319911003112793,1.983305811882019,-0.13285574316978455,-0.7121025170216244,-3.7574624356673874,0.1866678848312393,-0.7121025170216244,-3.7574624356673874,0.1866678848312393,-1.3059669487648673,-1.6682653819762123,-0.049258777447392495,-2.5005750157453566,-2.761978225427396,-0.3419862961181375,0.0,0.0,0.0,0.0,0.0,0.0,0.0,0.0,0.0
17.7833,-2.110379703138074,1.6077324246572076,1.0,-2.1354587078094482,1.4953047037124634,1.0692938566207886,-0.14891529454919958,0.04616345897905049,-0.027224377473975304,-0.9873966000412737,-2.4097546365033913,1.7830660015784578,0.0,-2.3650455474853516,1.907622218132019,-0.13197267055511475,-0.5818037822577002,-3.7739344007249707,0.18834052756885633,-0.5818037822577002,-3.7739344007249707,0.18834052756885633,-2.7092766980565015,-4.543034605146406,0.053007914245642156,-2.5621875669192025,-3.287778622068867,-0.22537678569201278,0.0,0.0,0.0,0.0,0.0,0.0,0.0,0.0,0.0
17.8,-2.150844123136242,1.6368997436219141,1.0,-2.183157205581665,1.532973289489746,1.0673836469650269,-0.15403107902145188,0.041024830914905275,-0.02587100002144203,-0.9868749484972543,-2.4530181756376037,1.7220970701298284,0.0,-2.420562505722046,1.8405628204345703,-0.1376856565475464,-0.3754230237256224,-3.8444013115213482,0.22992674613662878,-0.3754230237256224,-3.8444013115213482,0.22992674613662878,-3.3360315186246416,-4.029620343839541,-0.34329512893982805,-2.7906404454347697,-3.506783857385309,-0.26018843587727425,0.0,0.0,0.0,0.0,0.0,0.0,0.0,0.0,0.0
17.8167,-2.1922423243700053,1.665194562831272,1.0,-2.2073774337768555,1.5512731075286865,1.0663502216339111,-0.15403107902145188,0.041024830914905275,-0.02587100002144203,-0.9868749484972543,-2.494888164271641,1.6597048630228897,0.0,-2.441486358642578,1.7977055311203003,-0.14414578676223755,-0.48802984557708173,-3.973713620914481,0.2716334906597684,-0.48802984557708173,-3.973713620914481,0.2716334906597684,-1.2500676589986468,-2.5604515347909693,-0.3859518552809629,-2.335835200981495,-3.2274092591183807,-0.2973160959325273,0.0,0.0,0.0,0.0,0.0,0.0,0.0,0.0,0.0
17.8333,-2.2340485928349034,1.6922610902466413,1.0,-2.2564773559570312,1.5865705013275146,1.064068078994751,-0.16472239105786943,0.03637231933312864,-0.023387834147725644,-0.9853916744576106,-2.534831460779932,1.5966845648805392,0.0,-2.49064040184021,1.7116484642028809,-0.15389059484004974,-0.2959247386538473,-3.9357774478754393,0.33938343953393435,-0.2959247386538473,-3.9357774478754393,0.33938343953393435,-2.957537764133756,-5.177946893514467,-0.5863330057811761,-2.5193731608242094,-3.8032436198427626,-0.38263917024109395,0.0,0.0,0.0,0.0,0.0,0.0,0.0,0.0,0.0
17.85,-2.2766165821246966,1.7183382612331786,1.0,-2.306532382965088,1.6203166246414185,1.0617234706878662,-0.16472239105786943,0.03637231933312864,-0.023387834147725644,-0.9853916744576106,-2.5731945955855404,1.5325065730648015,0.0,-2.530947685241699,1.6334542036056519,-0.153016597032547,-0.1441997218282598,-3.946674359552362,0.3438055475073032,-0.1441997218282598,-3.946674359552362,0.3438055475073032,-2.419027586996337,-4.692801339285714,0.05245267427884615,-2.4897493133589004,-4.065857317558709,-0.2541921053255263,0.0,0.0,0.0,0.0,0.0,0.0,0.0,0.0,0.0
17.8666,-2.3198134044128578,1.7433399662232518,1.0,-2.3318262100219727,1.6365898847579956,1.060510277748108,-0.17204827724069208,0.030264540292543603,-0.023012895783372716,-0.9843545248094544,-2.6098437357380924,1.4673752084565905,0.0,-2.550461769104004,1.590407371520996,-0.15747743844985962,-0.23240219368563952,-4.089200940584526,0.3746193514004279,-0.23240219368563952,-4.089200940584526,0.3746193514004279,-1.1707289163519854,-2.5825537818972424,-0.26762394152649044,-2.1003503837001753,-3.627959002675752,-0.2581574288731191,0.0,0.0,0.0,0.0,0.0,0.0,0.0,0.0,0.0
17.8833,-2.363600889927884,1.7672455139725634,1.0,-2.383117914199829,1.6679126024246216,1.0579832792282104,-0.17579801386407748,0.024284287078840408,-0.022798916233482902,-0.9838626289404838,-2.644742049058258,1.401352602979025,0.0,-2.599268674850464,1.5089552402496338,-0.15850283205509186,-0.005493292666256533,-4.084563497518582,0.39147395914885585,-0.005493292666256533,-4.084563497518582,0.39147395914885585,-2.9284590295262074,-4.887202449073015,-0.06152455510414283,-2.344823191745844,-3.9997106839382575,-0.20010781056918234,0.0,0.0,0.0,0.0,0.0,0.0,0.0,0.0,0.0
17.9,-2.407937991895995,1.7900350202433055,1.0,-2.4353232383728027,1.6976382732391357,1.0554090738296509,-0.17899287142174877,0.021410693873943388,-0.02224051263756207,-0.983365928330783,-2.677854296844416,1.3345057802993567,0.0,-2.6350107192993164,1.425753116607666,-0.16279397904872894,0.15726469285622136,-4.069063863185689,0.4282440816829638,0.15726469285622136,-4.069063863185689,0.4282440816829638,-2.143574124914207,-4.98991935483871,-0.25735493880118965,-2.285410788877107,-4.292038382177334,-0.21700820916056407,0.0,0.0,0.0,0.0,0.0,0.0,0.0,0.0,0.0
17.9167,-2.452875713742721,1.8117340984904755,1.0,-2.4616427421569824,1.7118656635284424,1.054091215133667,-0.17899287142174877,0.021410693873943388,-0.02224051263756207,-0.983365928330783,-2.7092113118498924,1.2667635392981764,0.0,-2.6472034454345703,1.3830866813659668,-0.16096249222755432,0.05818825215407042,-4.226983489665788,0.42204133807278943,0.05818825215407042,-4.226983489665788,0.42204133807278943,-0.731532871774332,-2.5598786977169996,0.10988459832923271,-1.8266776266658349,-3.7806731836880547,-0.12050347758968816,0.0,0.0,0.0,0.0,0.0,0.0,0.0,0.0,0.0
17.9333,-2.498254735977369,1.8322675927978649,1.0,-2.514780044555664,1.7391260862350464,1.0515247583389282,-0.18304553325045017,0.016404965359865145,-0.021000594501220115,-0.9827432086440345,-2.738698627143371,1.1983722587946852,0.0,-2.6778900623321533,1.3000049591064453,-0.15779344737529755,0.21456793494904058,-4.21420629958527,0.4141426242627393,0.21456793494904058,-4.21420629958527,0.4141426242627393,-1.8420156281306352,-4.987119672553454,0.1902272304433695,-1.8312056850393446,-4.136838238088082,-0.02877009318203514,0.0,0.0,0.0,0.0,0.0,0.0,0.0,0.0,0.0
17.95,-2.544169645146509,1.851680446157502,1.0,-2.541525363922119,1.7521142959594727,1.05023193359375,-0.18527006498827941,0.009759018479000563,-0.019333012293038063,-0.9824490236414284,-2.7663752292050416,1.1291961177679914,0.0,-2.6908578872680664,1.252179741859436,-0.1580847203731537,0.14200629972551093,-4.348661226806412,0.4206786244963485,0.14200629972551093,-4.348661226806412,0.4206786244963485,-0.7774363225751122,-2.867177896572425,-0.01746215802864412,-1.5201137089168724,-3.762011298991297,-0.025431784043395148,0.0,0.0,0.0,0.0,0.0,0.0,0.0,0.0,0.0
17.9667,-2.590470706537263,1.8699112764295183,1.0,-2.5955255031585693,1.7767795324325562,1.0476847887039185,-0.18721207586382801,0.004751709458103159,-0.017895973346210584,-0.9821449762762708,-2.7921483253944324,1.0594679295924057,0.0,-2.724346160888672,1.1686562299728394,-0.15111425518989563,0.33953321702016526,-4.333330342379706,0.3900029759201846,0.33953321702016526,-4.333330342379706,0.3900029759201846,-2.01044872253632,-5.014284691905818,0.4184677592499821,-1.664869567060443,-4.1317052930701905,0.10561547453325273,0.0,0.0,0.0,0.0,0.0,0.0,0.0,0.0,0.0
17.9833,-2.6372156390672266,1.8869861925575755,1.0,-2.622746229171753,1.7884745597839355,1.0464593172073364,-0.19066299659962727,0.001034799961351676,-0.015637534468754377,-0.9815305173718305,-2.8160501191315293,0.9891084449502683,0.0,-2.7341716289520264,1.1221421957015991,-0.14885838329792023,0.27105163798451515,-4.481387218175375,0.3810463488535891,0.27105163798451515,-4.481387218175375,0.3810463488535891,-0.5894864826205121,-2.7906451151480476,0.13534276212272922,-1.3473968251648436,-3.7357998172520754,0.1143915131716746,0.0,0.0,0.0,0.0,0.0,0.0,0.0,0.0,0.0
18.0,-2.6843214811444507,1.902876759388226,1.0,-2.677436351776123,1.8104180097579956,1.0439856052398682,-0.19460938514980844,-0.0026545981800343266,-0.014019306220178631,-0.9807770581610012,-2.83803618993183,0.9182507008165033,0.0,-2.7544124126434326,1.0248000621795654,-0.14761540293693542,0.413172118442948,-4.381345967617641,0.38449111374358047,0.413172118442948,-4.381345967617641,0.38449111374358047,-1.2146740685629256,-5.841619927888742,0.07459276455102158,-1.3082146415690343,-4.357476403146022,0.102642195155209,0.0,0.0,0.0,0.0,0.0,0.0,0.0,0.0,0.0
18.0167,-2.731813106345729,1.917593193010319,1.0,-2.732612133026123,1.830575942993164,1.0415894985198975,-0.19729542487883198,-0.00636153994711299,-0.013649256890252969,-0.9802284747807835,-2.8581164199118576,0.8468659026592847,0.0,-2.771270275115967,0.9291430711746216,-0.14631149172782898,0.5480296416802832,-4.288213934342666,0.3872611508625017,0.5480296416802832,-4.288213934342666,0.3872611508625017,-1.010952088188616,-5.736470739623397,0.07819447820305686,-1.220457302579721,-4.7645807359131505,0.09542478226654569,0.0,0.0,0.0,0.0,0.0,0.0,0.0,0.0,0.0
18.0333,-2.7795692470058317,1.9311011965554583,1.0,-2.788220167160034,1.8488950729370117,1.0391846895217896,-0.20110152764374464,-0.010959265894181525,-0.013578070863118078,-0.9794150827513717,-2.8762405133125277,0.7751452998970699,0.0,-2.7935495376586914,0.8329989314079285,-0.14079822599887848,0.7287608816628417,-4.1876166405421715,0.3649005301211208,0.7287608816628417,-4.1876166405421715,0.3649005301211208,-1.3378670522713931,-5.773444099245494,0.3310709479290449,-1.2551188066513643,-5.06241564032021,0.16499183740487403,0.0,0.0,0.0,0.0,0.0,0.0,0.0,0.0,0.0
18.05,-2.827644173896133,1.943419659658133,1.0,-2.8162355422973633,1.8573668003082275,1.038014531135559,-0.20110152764374464,-0.010959265894181525,-0.013578070863118078,-0.9794150827513717,-2.8924308523951803,0.7030167457355946,0.0,-2.805727481842041,0.7878511548042297,-0.1381581425666809,0.7213273577356052,-4.34861005758371,0.3536437260099081,0.7213273577356052,-4.34861005758371,0.3536437260099081,-0.7307087064747789,-2.7089854367543134,0.15841195530886099,-1.1003033601470018,-4.367640029287509,0.16304933594600185,0.0,0.0,0.0,0.0,0.0,0.0,0.0,0.0,0.0
18.0667,-2.8759927427320138,1.9545377575744296,1.0,-2.8726413249969482,1.873090147972107,1.0357437133789062,-0.20294382961242857,-0.013553151538935994,-0.013630880864302194,-0.9790016643143283,-2.9066699434939545,0.630557862465459,0.0,-2.8177192211151123,0.6981930732727051,-0.1343216896057129,0.865783044438927,-4.283334138763115,0.3407865502394305,0.865783044438927,-4.283334138763115,0.3407865502394305,-0.7188469179207935,-5.374569452185968,0.2299768468893367,-0.9876904463123326,-4.664903999130791,0.182807560447454,0.0,0.0,0.0,0.0,0.0,0.0,0.0,0.0,0.0
18.0834,-2.9246569923171695,1.9644636994822802,1.0,-2.929342031478882,1.8870466947555542,1.0334341526031494,-0.20170562896016342,-0.017629563116773283,-0.013888440255552302,-0.9791890913496563,-2.9189647528674736,0.5577160880856126,0.0,-2.8352510929107666,0.6119201183319092,-0.1341622769832611,1.055815631024592,-4.234318521793699,0.35026138297682685,1.055815631024592,-4.234318521793699,0.35026138297682685,-1.050005711674663,-5.16699508795979,0.00954742117888965,-1.0060870516177194,-4.813130465548483,0.1316580005643805,0.0,0.0,0.0,0.0,0.0,0.0,0.0,0.0,0.0
18.1,-2.9732929097171885,1.9731351897827323,1.0,-2.9578349590301514,1.8934499025344849,1.032267451286316,-0.19986376426503277,-0.024764229047902,-0.01389729109373956,-0.979412132471976,-2.929238440040245,0.4850164207934926,0.0,-2.83752179145813,0.5658619403839111,-0.13629800081253052,1.0249351291990925,-4.3905802125665945,0.3678356366880724,1.0249351291990925,-4.3905802125665945,0.3678356366880724,-0.13649392341206146,-2.7686023847741343,-0.1283804603301995,-0.7493672661388522,-4.209548407138081,0.05488989404212723,0.0,0.0,0.0,0.0,0.0,0.0,0.0,0.0,0.0
18.1167,-3.0221814044568207,1.9806102160623165,1.0,-3.015153408050537,1.9049650430679321,1.0298558473587036,-0.20028159231610157,-0.03076863240580194,-0.012701332120394435,-0.979172738372434,-2.937560941119719,0.4120493009507439,0.0,-2.8609766960144043,0.4847106337547302,-0.1381327360868454,1.276268913380103,-4.365917676287076,0.3899069594274227,1.276268913380103,-4.365917676287076,0.3899069594274227,-1.407416415113235,-4.869500994291764,-0.11009367086796663,-0.9436354024428248,-4.4043784731827715,0.006183730185182319,0.0,0.0,0.0,0.0,0.0,0.0,0.0,0.0,0.0
18.1333,-3.0711633589000447,1.986865317954413,1.0,-3.072822093963623,1.9148467779159546,1.0273715257644653,-0.20119525169812075,-0.03483635119613386,-0.010897109829340104,-0.978870882643399,-2.9439048988192025,0.339063399353648,0.0,-2.8722777366638184,0.3959558606147766,-0.13884565234184265,1.4679438040740034,-4.290129370526273,0.4056943733498759,1.4679438040740034,-4.290129370526273,0.4056943733498759,-0.6785775639924412,-5.329332016262956,-0.0428074715111951,-0.8653854839241701,-4.677441664985393,-0.008279367994764981,0.0,0.0,0.0,0.0,0.0,0.0,0.0,0.0,0.0
18.15,-3.1202844530722413,1.9919092153490472,1.0,-3.1017630100250244,1.9191807508468628,1.0261417627334595,-0.20119525169812075,-0.03483635119613386,-0.010897109829340104,-0.978870882643399,-2.9482797074332368,0.2660019322339086,0.0,-2.872586250305176,0.3561973571777344,-0.13596487045288086,1.4608344226039836,-4.483458304267132,0.39368690646522175,1.4608344226039836,-4.483458304267132,0.39368690646522175,-0.018506600306059696,-2.38496660516869,0.172807525636075,-0.6153713586083057,-4.000661126498189,0.04518079282995257,0.0,0.0,0.0,0.0,0.0,0.0,0.0,0.0,0.0
18.1666,-3.169429664275374,1.9957332956657206,1.0,-3.1596641540527344,1.926592469215393,1.0236619710922241,-0.20125169686498895,-0.04111440877305897,-0.009477477530947666,-0.9786304348726445,-2.950679610750557,0.19304745189561698,0.0,-2.8761675357818604,0.2675248086452484,-0.1360005885362625,1.6297383011753497,-4.4005903606098284,0.4055116107977472,1.6297383011753497,-4.4005903606098284,0.4055116107977472,-0.21492345113750178,-5.321499856918014,-0.0021435470024323937,-0.4971518171159616,-4.390596861415086,0.0312097827384082,0.0,0.0,0.0,0.0,0.0,0.0,0.0,0.0,0.0
18.1833,-3.218637871426307,1.9983443657272781,1.0,-3.217683792114258,1.9323382377624512,1.0212342739105225,-0.20168323317853593,-0.04874535384540346,-0.008983179291611904,-0.978195900864497,-2.9511124541245533,0.12015386088899829,0.0,-2.8735852241516113,0.17767705023288727,-0.12982794642448425,1.773631771694057,-4.304468689255779,0.37990602044333066,1.773631771694057,-4.304468689255779,0.37990602044333066,0.15484802561976382,-5.387710698252938,0.37014178795070485,-0.3046695465801425,-4.684963090848405,0.13126870552401376,0.0,0.0,0.0,0.0,0.0,0.0,0.0,0.0,0.0
18.2,-3.267817932589363,1.9997410618720557,1.0,-3.2467446327209473,1.9345588684082031,1.0200690031051636,-0.2017002025534176,-0.05500002518976109,-0.008068761266319535,-0.9778685884389615,-2.9495834078233916,0.0474679916683843,0.0,-2.8799610137939453,0.13505446910858154,-0.12513810396194458,1.8375322372400968,-4.475305818335355,0.3569242674358737,1.8375322372400968,-4.475305818335355,0.3569242674358737,-0.38249849815487597,-2.557028098807106,0.2813545927854221,-0.32764607560761827,-4.056757787757944,0.175576802646007,0.0,0.0,0.0,0.0,0.0,0.0,0.0,0.0,0.0
18.2167,-3.316950603103354,1.999928167973648,1.0,-3.3049025535583496,1.9376317262649536,1.0178112983703613,-0.20360779525880102,-0.061033594166830574,-0.006517082891542464,-0.9771265510240786,-2.9461025792469644,-0.0249700045843056,0.0,-2.874191999435425,0.03846508264541626,-0.11977774649858475,1.9855268382432114,-4.327619654696028,0.33545695393643093,1.9855268382432114,-4.327619654696028,0.33545695393643093,0.3461510950889089,-5.795534526415175,0.32163095646824885,-0.1287288354560019,-4.570076461589691,0.21869465836654564,0.0,0.0,0.0,0.0,0.0,0.0,0.0,0.0,0.0
18.2333,-3.366019588455023,1.998910056490844,1.0,-3.3631250858306885,1.9388900995254517,1.0158159732818604,-0.2042430799747618,-0.06871624288558581,-0.005221446621469064,-0.976491524457565,-2.9406797207650164,-0.09712416239666287,0.0,-2.8772761821746826,-0.05174078047275543,-0.10326353460550308,2.198376495262959,-4.209944566513481,0.24582105662232046,2.198376495262959,-4.209944566513481,0.24582105662232046,-0.18503261242705116,-5.411815031754205,0.9907544484494794,-0.14535073951299823,-4.818573072421714,0.4466208197610447,0.0,0.0,0.0,0.0,0.0,0.0,0.0,0.0,0.0
18.25,-3.414915644229189,1.9966958693580228,1.0,-3.392199993133545,1.9388151168823242,1.0148718357086182,-0.2042430799747618,-0.06871624288558581,-0.005221446621469064,-0.976491524457565,-2.9333399834520884,-0.16882223232625604,0.0,-2.8714449405670166,-0.10043168067932129,-0.10102112591266632,2.2230126627609255,-4.334457252312712,0.23659218190293707,2.2230126627609255,-4.334457252312712,0.23659218190293707,0.35031080810106274,-2.925097217050044,0.13471230556589991,0.000977608821777845,-4.2595843918149034,0.35453972544693163,0.0,0.0,0.0,0.0,0.0,0.0,0.0,0.0,0.0
18.2667,-3.4637600595909803,1.9932843858523446,1.0,-3.450334072113037,1.9373459815979004,1.0131022930145264,-0.2024931955081501,-0.0763684563113601,-0.004536012424136398,-0.9762908633118047,-2.924074581958811,-0.24022995975322767,0.0,-2.870159149169922,-0.1887795329093933,-0.08997132629156113,2.431398780337639,-4.214771929219432,0.17870404882744317,2.431398780337639,-4.214771929219432,0.17870404882744317,0.07709351859793578,-5.297163135774938,0.6625242123395374,0.023448416600105625,-4.565896601430085,0.44546237517972687,0.0,0.0,0.0,0.0,0.0,0.0,0.0,0.0,0.0
18.2834,-3.5127327426635264,1.9886540121898666,1.0,-3.50834321975708,1.934095859527588,1.0114400386810303,-0.20200096773274745,-0.08286155237774387,-0.0037930056317378516,-0.9758664024004514,-2.912837960703054,-0.311595684576847,0.0,-2.859302043914795,-0.2825070917606354,-0.08626341074705124,2.5926449143353465,-4.056080066210557,0.16438387455177583,2.5926449143353465,-4.056080066210557,0.16438387455177583,0.6469844427079633,-5.585307593947574,0.2209579455849968,0.20752764821852437,-4.866845358757427,0.37918456417225077,0.0,0.0,0.0,0.0,0.0,0.0,0.0,0.0,0.0
18.3,-3.5608690034513706,1.9829138566862377,1.0,-3.53731632232666,1.9318454265594482,1.0106676816940308,-0.20200029865152733,-0.08953996813703002,-0.0034310063498777543,-0.9752778216609969,-2.8998838825121886,-0.3815041263667703,0.0,-2.8570148944854736,-0.32148218154907227,-0.07773900777101517,2.6715913669728515,-4.224753051467855,0.11674588057506874,2.6715913669728515,-4.224753051467855,0.11674588057506874,0.13809434695610864,-2.3532522636647615,0.5146895288410325,0.18702966861516973,-4.124786734760641,0.4191881064413476,0.0,0.0,0.0,0.0,0.0,0.0,0.0,0.0,0.0
18.3167,-3.6090809469644767,1.9759729168750118,1.0,-3.5950722694396973,1.9260605573654175,1.009171485900879,-0.19975188018730455,-0.09692402223915378,-0.003197639249672947,-0.9750357723099987,-2.8849996065816446,-0.45127056286004796,0.0,-2.8402974605560303,-0.4123119115829468,-0.07973692566156387,2.818583762688331,-4.066194099234729,0.13590865535228325,2.818583762688331,-4.066194099234729,0.13590865535228325,1.0030613412680247,-5.449866960402838,-0.11987690260929275,0.42793713344262596,-4.515974636591327,0.2600462629815229,0.0,0.0,0.0,0.0,0.0,0.0,0.0,0.0,0.0
18.3333,-3.657015849737787,1.9678769481438634,1.0,-3.623866081237793,1.9225151538848877,1.0084245204925537,-0.19975188018730455,-0.09692402223915378,-0.003197639249672947,-0.9750357723099987,-2.868290721748353,-0.5203705700632751,0.0,-2.837080955505371,-0.4482671022415161,-0.07612510025501251,2.9122733958524067,-4.246601733944554,0.11769179723227019,2.9122733958524067,-4.246601733944554,0.11769179723227019,0.19304848033884722,-2.157961765210921,0.21677485189743004,0.35859370985710615,-3.819846138259839,0.24727175153408534,0.0,0.0,0.0,0.0,0.0,0.0,0.0,0.0,0.0
18.35,-3.7047028034707674,1.9586259573647289,1.0,-3.68121075630188,1.9142513275146484,1.0069295167922974,-0.19658917013833493,-0.10433694693250747,-0.0028111526488280463,-0.9749147265610755,-2.849760274264524,-0.588834212003508,0.0,-2.8166680335998535,-0.5369234085083008,-0.07770216464996338,3.0563728357225455,-4.085855528023977,0.13439804000090483,3.0563728357225455,-4.085855528023977,0.13439804000090483,1.223831101073486,-5.315277519690104,-0.09455091553624266,0.6140276021645346,-4.261324814881063,0.14635945253377003,0.0,0.0,0.0,0.0,0.0,0.0,0.0,0.0,0.0
18.3667,-3.752004434193725,1.948253574735386,1.0,-3.7382164001464844,1.90426766872406,1.005439281463623,-0.1955677649722757,-0.11113485164150005,-0.0021317875976809507,-0.9743704843062543,-2.82947864018451,-0.65645299380166,0.0,-2.7932894229888916,-0.6223620772361755,-0.07386752963066101,3.191725729214218,-3.9331956414444167,0.11866016734784246,3.191725729214218,-3.9331956414444167,0.11866016734784246,1.403259967371705,-5.12830576146999,0.23016722001202095,0.8470234216083221,-4.517273436602389,0.1711010372940754,0.0,0.0,0.0,0.0,0.0,0.0,0.0,0.0,0.0
18.3833,-3.798979098960759,1.9367549816123641,1.0,-3.766508102416992,1.8986443281173706,1.004706621170044,-0.19463566370985497,-0.11598911755292031,-0.0014611469441755782,-0.9739925113688086,-2.807439895374807,-0.7232994584655137,0.0,-2.7809860706329346,-0.6648119688034058,-0.06779462844133377,3.260057639818926,-4.058182805982012,0.0857292170986046,3.260057639818926,-4.058182805982012,0.0857292170986046,0.7384025412815156,-2.547688378215952,0.3644734818132387,0.8149565524121931,-3.9358159281757965,0.22818811729080618,0.0,0.0,0.0,0.0,0.0,0.0,0.0,0.0,0.0
18.4,-3.84555022839704,1.9241556455484408,1.0,-3.822793960571289,1.8861417770385742,1.0033926963806152,-0.19181922426571676,-0.125263571080413,-0.0005443686953666134,-0.9734033827203233,-2.7836975732446327,-0.7892536398421333,0.0,-2.75644850730896,-0.7500782012939453,-0.06429753452539444,3.4053715536994735,-3.8889670075406357,0.07120324763586616,3.4053715536994735,-3.8889670075406357,0.07120324763586616,1.4730348657468368,-5.11868809755539,0.20993695253907368,1.0092332985683679,-4.285021412582792,0.22280003986950425,0.0,0.0,0.0,0.0,0.0,0.0,0.0,0.0,0.0
18.4167,-3.89176113448818,1.9104498841134938,1.0,-3.8787190914154053,1.871975302696228,1.002095341682434,-0.18912795569329988,-0.1328862738096956,0.00019395979684721848,-0.9729192840183272,-2.7582466284364306,-0.8543658578090054,0.0,-2.736814498901367,-0.8268091082572937,-0.055708564817905426,3.588581746597767,-3.7600454925651086,0.026086328251595958,3.588581746597767,-3.7600454925651086,0.026086328251595958,1.1775362836919998,-4.601883892185601,0.5151176092085508,1.0589194159432207,-4.378565008031602,0.3090975291876077,0.0,0.0,0.0,0.0,0.0,0.0,0.0,0.0,0.0
18.4333,-3.9374862876453975,1.8956822605764103,1.0,-3.906540632247925,1.8643373250961304,1.0014801025390625,-0.18912795569329988,-0.1328862738096956,0.00019395979684721848,-0.9729192840183272,-2.731175757542368,-0.918448798509824,0.0,-2.718172788619995,-0.8700882196426392,-0.05555447190999985,3.646826936325902,-3.860858788493362,0.02818864746096672,3.646826936325902,-3.860858788493362,0.02818864746096672,1.1189038351459646,-2.5976781625643963,0.009248890955924441,1.0766279128601386,-3.852814660999935,0.2205767306829038,0.0,0.0,0.0,0.0,0.0,0.0,0.0,0.0,0.0
18.45,-3.982779885917756,1.879843511408898,1.0,-3.9618358612060547,1.8477988243103027,1.0002543926239014,-0.18705681477644798,-0.13778797599911485,0.0012478417438621184,-0.9726370265738498,-2.70247433827532,-0.9815684705586779,0.0,-2.6954197883605957,-0.9470183253288269,-0.05299751088023186,3.827703547186413,-3.7119366846754116,0.018966949777778908,3.827703547186413,-3.7119366846754116,0.018966949777778908,1.3649665312660908,-4.6150845300074375,0.15339367061902856,1.1617507431373149,-4.077850658757187,0.20074306341025608,0.0,0.0,0.0,0.0,0.0,0.0,0.0,0.0,0.0
18.4666,-4.027525779398305,1.8629831562069714,1.0,-4.0165605545043945,1.829728364944458,0.9990580081939697,-0.18414101545403436,-0.14569543732491622,0.002955547751826517,-0.9720371926258426,-2.6722389080387403,-1.0435535543260568,0.0,-2.660141944885254,-1.0225977897644043,-0.0463126040995121,3.9402263995825324,-3.5590621974870147,-0.015129204095741144,3.9402263995825324,-3.5590621974870147,-0.015129204095741144,2.119037048706088,-4.539837741847709,0.4015428308533948,1.4443591573902759,-4.214237689677879,0.26002282488741635,0.0,0.0,0.0,0.0,0.0,0.0,0.0,0.0,0.0
18.4833,-4.071809612964411,1.8450772128384563,1.0,-4.043708324432373,1.8201231956481934,0.9985278844833374,-0.17966098194725447,-0.1524206966721442,0.0035224650111465583,-0.9718423477451769,-2.640434031616314,-1.1045133254151105,0.0,-2.646327495574951,-1.0587762594223022,-0.044228896498680115,4.052764387504627,-3.681387103071978,-0.024931755061471605,4.052764387504627,-3.681387103071978,-0.024931755061471605,0.828772903465736,-2.1704618597399623,0.12500826920601318,1.2626268438227373,-3.6108777094636952,0.2201640603148689,0.0,0.0,0.0,0.0,0.0,0.0,0.0,0.0,0.0
18.5,-4.115548894518043,1.8261653815167993,1.0,-4.097569942474365,1.7997764348983765,0.9973152875900269,-0.17701053062198682,-0.15789646198733961,0.0037420500918883283,-0.9714535852145123,-2.6071388271477005,-1.1643245512459168,0.0,-2.61366868019104,-1.1354690790176392,-0.050056878477334976,4.195108693235009,-3.502461910067999,0.016188641049255992,4.195108693235009,-3.502461910067999,0.016188641049255992,1.9588862830339777,-4.600060061777828,-0.34956423928898295,1.4681753561951503,-3.902902419697501,0.0519698530338861,0.0,0.0,0.0,0.0,0.0,0.0,0.0,0.0,0.0
18.5167,-4.158800140640474,1.8062287558434846,1.0,-4.124327659606934,1.7890828847885132,0.9967158436775208,-0.17701053062198682,-0.15789646198733961,0.0037420500918883283,-0.9714535852145123,-2.572329365395476,-1.2230548393321463,0.0,-2.5981662273406982,-1.1673444509506226,-0.04837486147880554,4.313666087139842,-3.6368891744380014,0.00920350757700028,4.313666087139842,-3.6368891744380014,0.00920350757700028,0.9277988641876659,-1.907693844353757,0.10066622848948374,1.3086463389957688,-3.313880380729979,0.06634591311885363,0.0,0.0,0.0,0.0,0.0,0.0,0.0,0.0,0.0
18.5333,-4.201304033700735,1.7853994059690914,1.0,-4.177279949188232,1.7665956020355225,0.9954116344451904,-0.17535862012673353,-0.16442101178578591,0.004550637380569791,-0.9706669985807536,-2.536244504163013,-1.280345111805766,0.0,-2.559460163116455,-1.2404086589813232,-0.05297238007187843,4.432542259135332,-3.4589087361698914,0.043462291235856654,4.432542259135332,-3.4589087361698914,0.043462291235856654,2.3272265944179247,-4.393031723505211,-0.2764287134993334,1.6093498475487293,-3.6324655813606923,-0.03484742173947865,0.0,0.0,0.0,0.0,0.0,0.0,0.0,0.0,0.0
18.55,-4.24329267467457,1.7635756093531392,1.0,-4.229593276977539,1.7427170276641846,0.9940860867500305,-0.17151459610530445,-0.1724672241177209,0.006157991742229769,-0.9699484369604913,-2.4987169293951554,-1.3365014593552442,0.0,-2.5228896141052246,-1.3103724718093872,-0.05684352293610573,4.56986664571265,-3.288267740342417,0.07351417224923473,4.56986664571265,-3.288267740342417,0.07351417224923473,2.192510005717553,-4.194532590051458,-0.23208619210977702,1.781509384979569,-3.798398035534498,-0.09307591179443157,0.0,0.0,0.0,0.0,0.0,0.0,0.0,0.0,0.0
18.5667,-4.284603351722149,1.7408492869221937,1.0,-4.255463600158691,1.730205774307251,0.9933663010597229,-0.16908211901975304,-0.1782156677301397,0.007367058385461783,-0.9693277403224714,-2.459915078499296,-1.3912982872425483,0.0,-2.505758762359619,-1.3473621606826782,-0.05747346207499504,4.699476805511271,-3.366753464679287,0.08111376688860794,4.699476805511271,-3.366753464679287,0.08111376688860794,1.0282786650638274,-2.220304539469918,-0.03781207066804053,1.5591419092477112,-3.3325159918122274,-0.07676101580625855,0.0,0.0,0.0,0.0,0.0,0.0,0.0,0.0,0.0
18.5833,-4.325250020228234,1.717225202476951,1.0,-4.306806564331055,1.7041378021240234,0.9920182824134827,-0.16775896283323555,-0.18444463278962822,0.00953736820268176,-0.9683729456163055,-2.4198568366502857,-1.444748345846873,0.0,-2.476860284805298,-1.4183647632598877,-0.04855253919959068,4.893968183488294,-3.1677131735612436,0.03459421620941505,4.893968183488294,-3.1677131735612436,0.03459421620941505,1.7349775271249033,-4.262782342332026,0.5355853325126678,1.611051797489493,-3.607147621476131,0.1040148184089637,0.0,0.0,0.0,0.0,0.0,0.0,0.0,0.0,0.0
18.6,-4.365241312211797,1.692708169401119,1.0,-4.357404708862305,1.6766194105148315,0.9907786250114441,-0.16620077474599707,-0.18987961444344426,0.011634679678280876,-0.9675679408097475,-2.3785611014079975,-1.4968566907408696,0.0,-2.432644844055176,-1.4895076751708984,-0.04309394210577011,5.000790510107098,-2.954962851671083,0.008348321515301294,5.000790510107098,-2.954962851671083,0.008348321515301294,2.652739236160778,-4.268273494492919,0.3274927138463739,1.9185769688803114,-3.8023240629524016,0.16998957777066884,0.0,0.0,0.0,0.0,0.0,0.0,0.0,0.0,0.0
18.6166,-4.404507217713918,1.667352334096744,1.0,-4.4073166847229,1.6477473974227905,0.9895991086959839,-0.16026295814038824,-0.1981164151947768,0.012106555794208851,-0.966912135846918,-2.3361299209966644,-1.5475267623360924,0.0,-2.4073493480682373,-1.5486698150634766,-0.042534854263067245,5.225251437285964,-2.8010744575071778,0.011237898498949406,5.225251437285964,-2.8010744575071778,0.011237898498949406,1.5184914841849149,-3.551509947044511,0.03356210641190783,1.8004644212154681,-3.728279151668653,0.1297136946655273,0.0,0.0,0.0,0.0,0.0,0.0,0.0,0.0,0.0
18.6333,-4.4431045933122935,1.641131283215434,1.0,-4.432094097137451,1.6328867673873901,0.9889588952064514,-0.16026295814038824,-0.1981164151947768,0.012106555794208851,-0.966912135846918,-2.2925305429505163,-1.5968266650922465,0.0,-2.3929550647735596,-1.5772076845169067,-0.04834577068686485,5.396580170078214,-2.8954718540947244,0.04967265890913275,5.396580170078214,-2.8954718540947244,0.04967265890913275,0.8632873382426539,-1.7115392864803032,-0.3485057553442482,1.5237926170201712,-3.1329006823997596,-0.011465427657639068,0.0,0.0,0.0,0.0,0.0,0.0,0.0,0.0,0.0
18.65,-4.480921971537393,1.614132366672646,1.0,-4.4811692237854,1.602307915687561,0.9875485897064209,-0.15480440256881997,-0.20628185211195726,0.012298703276570015,-0.9660912416784713,-2.247919733481583,-1.64460973482186,0.0,-2.3581695556640625,-1.6291507482528687,-0.051882386207580566,5.574013622040269,-2.764092544605384,0.07835874209139781,5.574013622040269,-2.764092544605384,0.07835874209139781,2.088058505309557,-3.1179694879354267,-0.21229127608266307,1.6903742206416235,-3.1284927208882234,-0.0707528887173483,0.0,0.0,0.0,0.0,0.0,0.0,0.0,0.0,0.0
18.6667,-4.518049726638069,1.5863022610577482,1.0,-4.5054121017456055,1.5866594314575195,0.9868622422218323,-0.1496193839953544,-0.2123936798841774,0.012697370316634548,-0.9655784409726392,-2.2022213765805705,-1.6909861453212827,0.0,-2.3411242961883545,-1.647993803024292,-0.04582996666431427,5.740427114274873,-2.900266464584344,0.04591451981805683,5.740427114274873,-2.900266464584344,0.04591451981805683,1.0212410364825872,-1.1289532325800646,0.3626215967202811,1.4928338745621252,-2.5381921172551247,0.05718718040800342,0.0,0.0,0.0,0.0,0.0,0.0,0.0,0.0,0.0
18.6833,-4.5543565340255086,1.557751483885511,1.0,-4.553285121917725,1.5548371076583862,0.9854002594947815,-0.1394710155639883,-0.22189130097453527,0.012393407245173975,-0.9649656257952909,-2.1556290572022982,-1.7357886805490468,0.0,-2.2939469814300537,-1.687005877494812,-0.05786794051527977,5.850581954576549,-2.82744264695475,0.12593868349067527,5.850581954576549,-2.82744264695475,0.12593868349067527,2.8321000729937453,-2.3419327598792026,-0.7226512741702329,1.8882097348450868,-2.4802527678173822,-0.17303538492044424,0.0,0.0,0.0,0.0,0.0,0.0,0.0,0.0,0.0
18.7,-4.589870363347209,1.52847454861327,1.0,-4.600212097167969,1.5221657752990723,0.9836882948875427,-0.13118360961848435,-0.2326963489158375,0.012907008741127744,-0.9635750326755224,-2.108145301788666,-1.7790509818262403,0.0,-2.2479093074798584,-1.7273064851760864,-0.06977210938930511,5.969110265649558,-2.7357757570938426,0.20646692385712306,5.969110265649558,-2.7357757570938426,0.20646692385712306,2.7638841177144164,-2.419457803732967,-0.7146699748797664,2.1467248178511107,-2.4623049832366197,-0.3329358156301573,0.0,0.0,0.0,0.0,0.0,0.0,0.0,0.0,0.0
18.7167,-4.624623880639106,1.4984563973771794,1.0,-4.6233062744140625,1.505487084388733,0.9826825857162476,-0.13118360961848435,-0.2326963489158375,0.012907008741127744,-0.9635750326755224,-2.059758425419068,-1.8208105377195893,0.0,-2.224351644515991,-1.7533739805221558,-0.08197778463363647,6.109184490367449,-2.8031779891181694,0.2853071063329242,6.109184490367449,-2.8031779891181694,0.2853071063329242,1.4126326022931976,-1.5631344179795843,-0.7319119392102479,1.9300073784106693,-2.1968533977370783,-0.450720859617358,0.0,0.0,0.0,0.0,0.0,0.0,0.0,0.0,0.0
18.7333,-4.658529255326802,1.4677868586484903,1.0,-4.668627738952637,1.4714686870574951,0.9805548191070557,-0.129514104460339,-0.2397960118892779,0.015075253362770684,-0.9620274425450509,-2.0106257678351698,-1.8609608820405301,0.0,-2.163133382797241,-1.7891099452972412,-0.0806708037853241,6.140014598717434,-2.718533480511048,0.2887519111130121,6.140014598717434,-2.718533480511048,0.2887519111130121,3.674886576691331,-2.1452033032302387,0.07845708519986833,2.445127609861269,-2.1816053458014344,-0.29449785823055574,0.0,0.0,0.0,0.0,0.0,0.0,0.0,0.0,0.0
18.75,-4.691613623453923,1.4364579781592788,1.0,-4.712639808654785,1.4367512464523315,0.9783438444137573,-0.12851483956063814,-0.24534532411366936,0.01698109170558478,-0.960729614638855,-1.9607468104816792,-1.8995348385385045,0.0,-2.0964109897613525,-1.828971028327942,-0.09484223276376724,6.136756959039472,-2.598557487456318,0.3855569094943565,6.136756959039472,-2.598557487456318,0.3855569094943565,4.0051235080287375,-2.3927283395826775,-0.8506637840970891,2.9056669119045484,-2.2439327123768966,-0.4586882048973075,0.0,0.0,0.0,0.0,0.0,0.0,0.0,0.0,0.0
18.7667,-4.723893051113713,1.4044673648718513,1.0,-4.734172821044922,1.4190083742141724,0.9770991802215576,-0.1229743939795022,-0.2529228954707309,0.01744563426987189,-0.9594806349300831,-1.910131005541302,-1.936550704939502,0.0,-2.07477068901062,-1.8542495965957642,-0.09950342029333115,6.2966047483025145,-2.6443163367770683,0.4205116219208538,6.2966047483025145,-2.6443163367770683,0.4205116219208538,1.2968794650511517,-1.514916842887352,-0.2793398511173344,2.4307234528991746,-2.0287139030790104,-0.40574129281281623,0.0,0.0,0.0,0.0,0.0,0.0,0.0,0.0,0.0
18.7833,-4.75529904741172,1.3718982041691505,1.0,-4.776440620422363,1.3828696012496948,0.9744268655776978,-0.1206374987435429,-0.25916950096195474,0.018134313774539855,-0.9580965324249854,-1.8589228913770663,-1.9719310841078497,0.0,-2.012526512145996,-1.8952481746673584,-0.11263208836317062,6.3212693133504985,-2.4962568850758453,0.5134971405972681,6.3212693133504985,-2.4962568850758453,0.5134971405972681,3.7368458719798467,-2.461360643536013,-0.7881831129050727,2.8163146637306262,-2.156439128584685,-0.5186451082038368,0.0,0.0,0.0,0.0,0.0,0.0,0.0,0.0,0.0
18.8,-4.785843781225249,1.3387562353894957,1.0,-4.817420482635498,1.3458607196807861,0.9715554118156433,-0.11969051700941982,-0.26298347991918286,0.01814156303248378,-0.9571754551976283,-1.807143930968355,-2.005692672517841,0.0,-1.9540284872055054,-1.9365578889846802,-0.11398743838071823,6.36656932027341,-2.334585616708994,0.5369345394771461,6.36656932027341,-2.334585616708994,0.5369345394771461,3.510336786082179,-2.478904372210141,-0.08133154973102896,3.021202679273387,-2.251636762377784,-0.38954215272189296,0.0,0.0,0.0,0.0,0.0,0.0,0.0,0.0,0.0
18.8167,-4.815554353933721,1.3050268197521995,1.0,-4.837411403656006,1.3270858526229858,0.9700902700424194,-0.11969051700941982,-0.26298347991918286,0.01814156303248378,-0.9571754551976283,-1.7547846496503159,-2.0378673263577687,0.0,-1.9197005033493042,-1.951894760131836,-0.12033884227275848,6.456168929154261,-2.4131060340244166,0.5833670309020693,6.456168929154261,-2.4131060340244166,0.5833670309020693,2.056856330623848,-0.9189511578406023,-0.38056197411465553,2.7365100112626877,-1.8582036136895999,-0.38689103986136597,0.0,0.0,0.0,0.0,0.0,0.0,0.0,0.0,0.0
18.8333,-4.844360720181055,1.2708068169323978,1.0,-4.876203536987305,1.2889151573181152,0.9669449329376221,-0.1152952223757491,-0.26677721258405757,0.017127467710463154,-0.9566836436223547,-1.7020083757930577,-2.0683827360471123,0.0,-1.8454419374465942,-1.99119234085083,-0.12982788681983948,6.404059722397908,-2.2431552428208397,0.6571294241793897,6.404059722397908,-2.2431552428208397,0.6571294241793897,4.457112192329708,-2.35870062965083,-0.5695469018317115,3.2444632235074056,-2.0059594806609784,-0.44081438881680407,0.0,0.0,0.0,0.0,0.0,0.0,0.0,0.0,0.0
18.85,-4.8722623823744815,1.2361193312015306,1.0,-4.913425445556641,1.2498724460601807,0.9637265801429749,-0.1110560502056749,-0.27192304775929815,0.015757990161798636,-0.9557594896750563,-1.6488626823847294,-2.097244743106387,0.0,-1.7698172330856323,-2.039536952972412,-0.1283709555864334,6.339504287895393,-2.006851204301883,0.6656875028383116,6.339504287895393,-2.006851204301883,0.6656875028383116,4.542034796305577,-2.903587026562612,0.08750357986682895,3.627530068227736,-2.2709555386441904,-0.28484526810289595,0.0,0.0,0.0,0.0,0.0,0.0,0.0,0.0,0.0
18.8666,-4.8993029683411145,1.2009288136502099,1.0,-4.931454658508301,1.2299723625183105,0.9621325135231018,-0.1072948654445627,-0.27458841445912713,0.014641857319533146,-0.9554448213040739,-1.595305996483082,-2.1245036230189935,0.0,-1.7263470888137817,-2.060513973236084,-0.12972009181976318,6.3753009203337445,-2.023502488744931,0.6830150822493568,6.3753009203337445,-2.023502488744931,0.6830150822493568,2.6078380891082027,-1.2584423943359795,-0.0809366731030537,3.3264983585197236,-1.972043152183998,-0.2246477239092433,0.0,0.0,0.0,0.0,0.0,0.0,0.0,0.0,0.0
18.8833,-4.925438608927738,1.1653108291812362,1.0,-4.966291904449463,1.189450979232788,0.9588735699653625,-0.10329753189124397,-0.2755310708729218,0.013979730329427014,-0.9556237768228512,-1.5414663519217313,-2.1501206888611986,0.0,-1.6548762321472168,-2.110823631286621,-0.1313590556383133,6.330260058039622,-1.7533923398471059,0.7105142861476441,6.330260058039622,-1.7533923398471059,0.7105142861476441,4.288807657090534,-3.0189710426919993,-0.09835058515508756,3.610589652114896,-2.28111540073964,-0.18736250014664985,0.0,0.0,0.0,0.0,0.0,0.0,0.0,0.0,0.0
18.9,-4.950689111377804,1.1292588089445015,1.0,-4.999661922454834,1.147932767868042,0.9557206630706787,-0.09908214108044203,-0.27687975948855825,0.013457404435831525,-0.9556878821794362,-1.4873465218241058,-2.1741222552122346,0.0,-1.5825666189193726,-2.159162759780884,-0.12219496816396713,6.275895160735601,-1.4826649665567349,0.6727709056860238,6.275895160735601,-1.4826649665567349,0.6727709056860238,4.336719811253307,-2.8991063130049333,0.5496099056266534,3.82495654697341,-2.463557613400634,0.03020522408819787,0.0,0.0,0.0,0.0,0.0,0.0,0.0,0.0,0.0
18.9167,-4.975037255087116,1.0928175483904978,1.0,-5.015744209289551,1.1267790794372559,0.9542008638381958,-0.0926608052920041,-0.2788180192945894,0.01207229040636948,-0.9557870115671339,-1.433026576173056,-2.196499229130311,0.0,-1.551637053489685,-2.1841464042663574,-0.11508513242006302,6.385771644849493,-1.4466649978712105,0.6392387467700349,6.385771644849493,-1.4466649978712105,0.6392387467700349,1.8542902474235645,-1.4978202141192951,0.42624908877803347,3.243179836392939,-2.1784542818184294,0.14712461165648458,0.0,0.0,0.0,0.0,0.0,0.0,0.0,0.0,0.0
18.9333,-4.998457991726953,1.0560494544948371,1.0,-5.046727657318115,1.083589792251587,0.9510906338691711,-0.0926608052920041,-0.2788180192945894,0.01207229040636948,-0.9557870115671339,-1.3786113673310176,-2.217238486666381,0.0,-1.4740828275680542,-2.23710036277771,-0.1248432844877243,6.292595217425893,-1.1248854019142824,0.7149679535805422,6.292595217425893,-1.1248854019142824,0.7149679535805422,4.656588647913535,-3.1795147090401548,-0.5859087574260969,3.6604439512051417,-2.4739856168670733,-0.06928023695131894,0.0,0.0,0.0,0.0,0.0,0.0,0.0,0.0,0.0
18.95,-5.020972298970033,1.0189476660642578,1.0,-5.076026439666748,1.0394541025161743,0.9479193687438965,-0.08344022333944241,-0.2797188976447976,0.01014424067439011,-0.9563954434722372,-1.3241023533716818,-2.2363694888820627,0.0,-1.3900967836380005,-2.284613847732544,-0.12170755863189697,6.154519988195975,-0.8234548429235158,0.713745471612599,6.154519988195975,-0.8234548429235158,0.713745471612599,5.0405374466989095,-2.8515868700455025,0.1881948816644249,4.067872775803845,-2.5854604084314246,0.006731124078603247,0.0,0.0,0.0,0.0,0.0,0.0,0.0,0.0,0.0
18.9667,-5.042599545324438,0.981502330427728,1.0,-5.089963436126709,1.0169918537139893,0.9463205933570862,-0.08344022333944241,-0.2797188976447976,0.01014424067439011,-0.9563954434722372,-1.2694976083833434,-2.2539181890635063,0.0,-1.3353722095489502,-2.309751033782959,-0.12792210280895233,6.117037711211479,-0.7576710736613058,0.7608169237144171,6.117037711211479,-0.7576710736613058,0.7608169237144171,3.281646745968203,-1.5073916275877846,-0.37266509636280454,3.8357644815101795,-2.2671947998694977,-0.10527357462938447,0.0,0.0,0.0,0.0,0.0,0.0,0.0,0.0,0.0
18.9833,-5.0632828310430575,0.9438398475105716,1.0,-5.116291046142578,0.9714412689208984,0.9431441426277161,-0.07426036577925439,-0.28073056952302883,0.007039029463501468,-0.9568836725653873,-1.2149927411040313,-2.2698510196208743,0.0,-1.2369016408920288,-2.348254919052124,-0.11994139105081558,5.8802456350283405,-0.48840676303366615,0.7307079584829399,5.8802456350283405,-0.48840676303366615,0.7307079584829399,5.914924240254346,-2.3128490820038383,0.47938491750923723,4.449570444239524,-2.280672778404015,0.06732829837521459,0.0,0.0,0.0,0.0,0.0,0.0,0.0,0.0,0.0
19.0,-5.083098883126782,0.9058467712544,1.0,-5.128660202026367,0.9483197331428528,0.941612720489502,-0.07426036577925439,-0.28073056952302883,0.007039029463501468,-0.9568836725653873,-1.1604352832901383,-2.284239369435746,0.0,-1.1935700178146362,-2.3745527267456055,-0.11573689430952072,5.906067077453677,-0.3978100272586367,0.7150865568184646,5.906067077453677,-0.3978100272586367,0.7150865568184646,2.596927913124241,-1.5760662999214117,0.25198167464456667,3.9026365072863562,-2.0726600674752613,0.12184135006138844,0.0,0.0,0.0,0.0,0.0,0.0,0.0,0.0,0.0
19.0167,-5.1019765151716685,0.8676869474469286,1.0,-5.151919364929199,0.9013869166374207,0.938500165939331,-0.059674858796180355,-0.28099061557834104,-0.0005530930930083821,-0.9578533451090775,-1.1060719873264917,-2.297044747666325,0.0,-1.0982673168182373,-2.415825843811035,-0.11649462580680847,5.675225696135411,-0.09058246100141298,0.7372448899553365,5.675225696135411,-0.09058246100141298,0.7372448899553365,5.720458806188016,-2.477381684960717,-0.045482150779226356,4.4392908752614995,-2.1921412862768825,0.07244439434945596,0.0,0.0,0.0,0.0,0.0,0.0,0.0,0.0,0.0
19.0333,-5.119973868132084,0.8292738506165128,1.0,-5.173055648803711,0.8536811470985413,0.9353460669517517,-0.05435048957064761,-0.276962894147246,-0.0033097920135604377,-0.9593366191487214,-1.0517903534782957,-2.308321860939901,0.0,-0.9876420497894287,-2.440549373626709,-0.11747486889362335,5.342950703887198,0.128363252551709,0.7610538530536974,5.342950703887198,0.128363252551709,0.7610538530536974,6.63173541434411,-1.482119886802161,-0.05876336363376497,5.086540575715078,-1.9825299916997623,0.033709466036350125,0.0,0.0,0.0,0.0,0.0,0.0,0.0,0.0,0.0
19.05,-5.137031223901518,0.790769424301983,1.0,-5.182738780975342,0.8296256065368652,0.9337828755378723,-0.05435048957064761,-0.276962894147246,-0.0033097920135604377,-0.9593366191487214,-0.9978292474549532,-2.31805053074092,0.0,-0.9228863716125488,-2.457085371017456,-0.12563493847846985,5.228534694935888,0.1872057855462242,0.820034210806357,5.228534694935888,0.1872057855462242,0.820034210806357,3.8910776195524486,-0.9936248245035959,-0.49032710380791383,4.733618060920985,-1.6905871115790458,-0.1209957074866915,0.0,0.0,0.0,0.0,0.0,0.0,0.0,0.0,0.0
19.0666,-5.153219423222467,0.7520490471977117,1.0,-5.200189113616943,0.7813297510147095,0.9307573437690735,-0.04049180499014395,-0.27441952150043186,-0.006425792817667895,-0.960735725931889,-0.944023956398889,-2.326289140987112,0.0,-0.8017882704734802,-2.4699459075927734,-0.1105949804186821,4.815603218172342,0.3521637377348169,0.7472313632429906,4.815603218172342,0.3521637377348169,0.7472313632429906,7.262256934515299,-0.7712467829568201,0.9019467579353732,5.480118473731437,-1.419181043280226,0.18099560518875685,0.0,0.0,0.0,0.0,0.0,0.0,0.0,0.0,0.0
19.0834,-5.168597380673785,0.7129823482661181,1.0,-5.215047359466553,0.7328345775604248,0.9280579686164856,-0.028685829982802755,-0.2734076915715187,-0.007402461738210816,-0.9614419806723861,-0.8902084098366572,-2.333074734486526,0.0,-0.670633852481842,-2.47360897064209,-0.08956245332956314,4.330729557072085,0.4692814425194012,0.6369584140808957,4.330729557072085,0.4692814425194012,0.6369584140808957,7.780785007072136,-0.21731258840169732,1.2477625530410184,6.159317284922999,-1.064367508188372,0.4959247060818023,0.0,0.0,0.0,0.0,0.0,0.0,0.0,0.0,0.0
19.1,-5.182949828697716,0.6741661090615892,1.0,-5.22144889831543,0.7085304260253906,0.9268311262130737,-0.01594722951161248,-0.2677203852967465,-0.0076531933400021375,-0.9633343320236767,-0.8372118961000933,-2.3383376517393937,0.0,-0.6092448830604553,-2.473325729370117,-0.08473020046949387,4.219838098500774,0.4497534719702051,0.6165194380045182,4.219838098500774,0.4497534719702051,0.6165194380045182,3.7116950887258366,0.017125311729685316,0.2921672961323896,5.436734476066619,-0.7450910607086292,0.4357717944783289,0.0,0.0,0.0,0.0,0.0,0.0,0.0,0.0,0.0
19.1167,-5.196440564581305,0.6352268768011465,1.0,-5.2322540283203125,0.659948468208313,0.9244424104690552,-0.008164803397363763,-0.25792161180288814,-0.007243778853567293,-0.9661042229078126,-0.7845281054295347,-2.34217250170987,0.0,-0.4828014671802521,-2.46142840385437,-0.07732940465211868,3.7405192634931588,0.48870584791359184,0.5865772580801423,3.7405192634931588,0.48870584791359184,0.5865772580801423,7.585310081954317,0.7137176938369781,0.44397195960925095,6.071033265624405,-0.3144240529156792,0.4381926331039117,0.0,0.0,0.0,0.0,0.0,0.0,0.0,0.0,0.0
19.1335,-5.209186790638295,0.5958236303238114,1.0,-5.240417003631592,0.611706554889679,0.9220760464668274,-0.0029019053503841646,-0.2519629114338422,-0.007999556141064646,-0.96769948112395,-0.7317130293902196,-2.3446147134018926,0.0,-0.35223203897476196,-2.4446802139282227,-0.0874161347746849,3.22496878916485,0.5024012585046193,0.6615456857707773,3.22496878916485,0.5024012585046193,0.6615456857707773,7.777984306206505,0.9976849879278512,-0.6008636912370402,6.574956411688561,0.07293451808095142,0.13144421475373322,0.0,0.0,0.0,0.0,0.0,0.0,0.0,0.0,0.0
19.15,-5.220868975653709,0.5570120091802956,1.0,-5.243535041809082,0.5877074599266052,0.9208464026451111,-0.0029019053503841646,-0.2519629114338422,-0.007999556141064646,-0.96769948112395,-0.6801859952795205,-2.3456373551609784,0.0,-0.2930072546005249,-2.4385695457458496,-0.08729001134634018,3.1077959390750487,0.4670297992195105,0.6695578001645561,3.1077959390750487,0.4670297992195105,0.6695578001645561,3.5776467961920124,0.3691328330908934,0.007618855587400803,5.690095829715284,0.1603776744516293,0.0948887055035421,0.0,0.0,0.0,0.0,0.0,0.0,0.0,0.0,0.0
19.1668,-5.231821490939027,0.5177506418596817,1.0,-5.248056888580322,0.539788007736206,0.9183359742164612,0.005264078158737936,-0.24272146679126758,-0.010835575430514215,-0.9700212245678697,-0.6285690383885237,-2.3453050150479933,0.0,-0.1894531399011612,-2.433084487915039,-0.09255075454711914,2.7331582989200998,0.5603132680495667,0.7164427554138673,2.7331582989200998,0.5603132680495667,0.7164427554138673,6.10951214623305,0.3236088448770607,-0.31037467295898274,5.813915192254351,0.20856649942722266,-0.024752451040573595,0.0,0.0,0.0,0.0,0.0,0.0,0.0,0.0,0.0
19.1833,-5.241812689586492,0.4789190730811143,1.0,-5.250351905822754,0.4921761751174927,0.9157831072807312,0.007592828516222488,-0.22672542069236734,-0.013066787443832424,-0.9738414570637456,-0.5780264996044735,-2.3436510570108875,0.0,-0.07848605513572693,-2.4169669151306152,-0.08931586146354675,2.299294773444191,0.5959465155892717,0.7125488583031245,2.299294773444191,0.5959465155892717,0.7125488583031245,6.793800541542594,0.986775267122088,0.19805168739417295,6.103195257268468,0.4383079514010144,0.0410234029393174,0.0,0.0,0.0,0.0,0.0,0.0,0.0,0.0,0.0
19.2,-5.251024522806851,0.43989011287627244,1.0,-5.250637054443359,0.4684942364692688,0.9144718050956726,0.00807031016300242,-0.2078110530455879,-0.016043998675793477,-0.978004174850621,-0.5277455558445302,-2.340685755636927,0.0,-0.021413300186395645,-2.406998634338379,-0.09924030303955078,2.1786368174641733,0.5541656092855736,0.7815023848334182,2.1786368174641733,0.5541656092855736,0.7815023848334182,3.425054504514172,0.5982172239630281,-0.5955863415890458,5.3125591572018,0.48551609141117,-0.14691542931238688,0.0,0.0,0.0,0.0,0.0,0.0,0.0,0.0,0.0
19.2167,-5.259401699375999,0.40093014414289874,1.0,-5.249533176422119,0.42128095030784607,0.9115175604820251,0.010209557752869863,-0.19651386425675807,-0.01937145021888001,-0.9802565445818917,-0.4780804680841506,-2.3364461248109167,0.0,0.07831953465938568,-2.3988492488861084,-0.11524393409490585,1.7933874040263211,0.6472488601948186,0.8952434559367237,1.7933874040263211,0.6472488601948186,0.8952434559367237,5.9867163013610405,0.48918752593991954,-0.960658534054642,5.5115826680990425,0.4865999659888879,-0.38714726706321784,0.0,0.0,0.0,0.0,0.0,0.0,0.0,0.0,0.0
19.2333,-5.266959937528764,0.3620339820470469,1.0,-5.246613025665283,0.37425798177719116,0.9083577990531921,0.014046512010892506,-0.18359095561702965,-0.02206400163599845,-0.9826547424090101,-0.4290308970845044,-2.330959601514926,0.0,0.16050617396831512,-2.392251968383789,-0.12451900541782379,1.5026138248437104,0.75479601413109,0.9697473844383229,1.5026138248437104,0.75479601413109,0.9697473844383229,4.931273603799497,0.39584287022201875,-0.5565127710860609,5.340264825689427,0.4598068125010818,-0.43714705943736093,0.0,0.0,0.0,0.0,0.0,0.0,0.0,0.0,0.0
19.25,-5.273707136317167,0.3232338782533257,1.0,-5.244574546813965,0.35081246495246887,0.9067274928092957,0.014046512010892506,-0.18359095561702965,-0.02206400163599845,-0.9826547424090101,-0.38064360654972357,-2.3242582327706973,0.0,0.19385014474391937,-2.376124858856201,-0.12543627619743347,1.507388766951166,0.6928889691285285,0.9865120212256091,1.507388766951166,0.6928889691285285,0.9865120212256091,2.00038261292445,0.9675029321738136,-0.05502921446348371,4.354270551614469,0.6096879864700794,-0.3243388874227576,0.0,0.0,0.0,0.0,0.0,0.0,0.0,0.0,0.0
19.2667,-5.279651025081973,0.2845730466714834,1.0,-5.239243030548096,0.30429497361183167,0.9033369421958923,0.019125201988099177,-0.1619366476903373,-0.023316901001681843,-0.9863402735770452,-0.33297736104318204,-2.3163788061741304,0.0,0.2700190246105194,-2.3605339527130127,-0.13809311389923096,1.2365131095482211,0.755470427469713,1.0826263322110936,1.2365131095482211,0.755470427469713,1.0826263322110936,4.572361029611713,0.9359104635685763,-0.7597805241087147,4.418654846879042,0.7059948242574459,-0.4528892173790776,0.0,0.0,0.0,0.0,0.0,0.0,0.0,0.0,0.0
19.2834,-5.284818145363036,0.24596123645330284,1.0,-5.232392311096191,0.2583438754081726,0.8996350169181824,0.02561673335273197,-0.13899703473981279,-0.023366044227045493,-0.9896856375307489,-0.28592712871141235,-2.307328429070201,0.0,0.3448883593082428,-2.336085081100464,-0.1519680917263031,0.9640458104407341,0.7676364662856298,1.1877385483283707,0.9640458104407341,0.7676364662856298,1.1877385483283707,4.482481871645541,1.4637718396711203,-0.8307050787941076,4.437497751191799,0.9297044495154403,-0.5644273652173862,0.0,0.0,0.0,0.0,0.0,0.0,0.0,0.0,0.0
19.3,-5.289188798203648,0.20767263926941176,1.0,-5.228416442871094,0.23554794490337372,0.8977211117744446,0.029547343176501886,-0.12257430975165645,-0.022854381486123336,-0.9917561436106951,-0.23982959157275682,-2.297203611956751,0.0,0.37008723616600037,-2.326943874359131,-0.15396621823310852,1.0007160752753808,0.7613720897249863,1.2126983716211885,1.0007160752753808,0.7613720897249863,1.2126983716211885,1.5153808103690534,0.5497232816218851,-0.12016101281793938,3.574835421120159,0.817527063628172,-0.43327181788825453,0.0,0.0,0.0,0.0,0.0,0.0,0.0,0.0,0.0
19.3167,-5.292807428199687,0.16946549534388075,1.0,-5.219552040100098,0.19055873155593872,0.8940069675445557,0.03179737375768022,-0.11051304074617262,-0.020611874117404134,-0.9931520893802245,-0.1943958368145448,-2.2859725328098044,0.0,0.4275085926055908,-2.286048173904419,-0.14050672948360443,0.8175647735029918,0.6808191345962081,1.1540469258527697,0.8175647735029918,0.6808191345962081,1.1540469258527697,3.4436590265663876,2.4525865766822044,0.8071890460121822,3.5361097518646734,1.3002265167649973,-0.06706509827841739,0.0,0.0,0.0,0.0,0.0,0.0,0.0,0.0,0.0
19.3333,-5.295674118008997,0.13147172589195893,1.0,-5.209675312042236,0.14655707776546478,0.8903827667236328,0.03705228497686701,-0.09664824487263489,-0.017306381082391704,-0.9944781978217712,-0.1497875903482112,-2.2736996508474556,0.0,0.47356855869293213,-2.2407782077789307,-0.1433660387992859,0.6947297443858882,0.5743942913290139,1.1929767492904535,0.6947297443858882,0.5743942913290139,1.1929767492904535,2.7643123900010016,2.7169001387954843,-0.1716029089816418,3.308261064077046,1.7184544633124599,-0.0979265706931526,0.0,0.0,0.0,0.0,0.0,0.0,0.0,0.0,0.0
19.35,-5.297804826541702,0.09367964051317453,1.0,-5.204453945159912,0.12493050843477249,0.8885413408279419,0.03705228497686701,-0.09664824487263489,-0.017306381082391704,-0.9944781978217712,-0.10599356934447612,-2.2604107280812764,0.0,0.4876965880393982,-2.2181248664855957,-0.1498606652021408,0.7840992820045907,0.4965475668929722,1.244869260777664,0.7840992820045907,0.4965475668929722,1.244869260777664,0.8471493516705028,1.358346795522452,-0.38943283678108337,2.58169590348034,1.612144097894666,-0.1839845484628903,0.0,0.0,0.0,0.0,0.0,0.0,0.0,0.0,0.0
19.3667,-5.299211851324116,0.05614243960856204,1.0,-5.193405628204346,0.08214914053678513,0.8845072388648987,0.04046747703893015,-0.0813568716903235,-0.014685352867196251,-0.9957549101568632,-0.06307715006698703,-2.246154368084114,0.0,0.5260079503059387,-2.1900341510772705,-0.17850357294082642,0.6961846249199999,0.4968616861659201,1.4407433924274802,0.6961846249199999,0.4968616861659201,1.4407433924274802,2.300823310423826,1.6870131729667812,-1.7201755798969072,2.498777180346975,1.634246817279276,-0.6374962187517941,0.0,0.0,0.0,0.0,0.0,0.0,0.0,0.0,0.0
19.3833,-5.299911171681651,0.018849545960734692,1.0,-5.181572437286377,0.03995981067419052,0.8798924088478088,0.03775900201560866,-0.07041945103456071,-0.013020130882530888,-0.996717544176852,-0.021027196106099655,-2.2309568882629227,0.0,0.5640978217124939,-2.167187452316284,-0.20209704339504242,0.6026598164389319,0.5305011442638262,1.6093796569213499,0.6026598164389319,0.5305011442638262,1.6093796569213499,2.286702927073642,1.3715880626923351,-1.4164200601159378,2.4361689845827543,1.5567051521664867,-0.8674487735425521,0.0,0.0,0.0,0.0,0.0,0.0,0.0,0.0,0.0
19.4,-5.299916634606692,-0.01826073994786951,1.0,-5.175419807434082,0.019085099920630455,0.8774630427360535,0.03271407034697021,-0.06483920434045129,-0.01252739207658997,-0.9972807525135031,0.02022296183163093,-2.2148192178167214,0.0,0.5802950263023376,-2.1496071815490723,-0.20726704597473145,0.6662847332080857,0.49341789814640985,1.6566388939484273,0.6662847332080857,0.49341789814640985,1.6566388939484273,0.9699738717000528,1.0527991547566355,-0.3096069689744285,2.003321388804155,1.4079428915636436,-0.7027636768521328,0.0,0.0,0.0,0.0,0.0,0.0,0.0,0.0,0.0
19.4167,-5.299243636774606,-0.054998916500655845,1.0,-5.1625871658325195,-0.02214651182293892,0.8725127577781677,0.032703533634842484,-0.0597987995067607,-0.012798480606212062,-0.9975925548987867,0.06046265571070434,-2.197853837551109,0.0,0.6179816126823425,-2.1285550594329834,-0.21406379342079163,0.5638750779858839,0.5419036023877626,1.7264159363844716,0.5638750779858839,0.5419036023877626,1.7264159363844716,2.2635611181120403,1.2644489632260283,-0.40823154141367857,2.0801489134407096,1.365580861200818,-0.6158124071446399,0.0,0.0,0.0,0.0,0.0,0.0,0.0,0.0,0.0
19.4333,-5.2979064306085455,-0.09148712769028612,1.0,-5.155863285064697,-0.04260542243719101,0.8699837327003479,0.032703533634842484,-0.0597987995067607,-0.012798480606212062,-0.9975925548987867,0.09982711038526806,-2.1800359331750325,0.0,0.6387421488761902,-2.1209704875946045,-0.21711596846580505,0.5905970405418857,0.5713298864084975,1.7617079834872005,0.5905970405418857,0.5713298864084975,1.7617079834872005,1.245633359559402,0.45507474429583006,-0.1831306773478292,1.8337846690345365,1.09678281366868,-0.4880768521463343,0.0,0.0,0.0,0.0,0.0,0.0,0.0,0.0,0.0
19.45,-5.295920762877326,-0.12767266079780648,1.0,-5.142022609710693,-0.08326742798089981,0.8649035096168518,0.03387306587562677,-0.05518042226246634,-0.013423897691265218,-0.9978114234831038,0.13825904633586394,-2.1614188935436545,0.0,0.6657346487045288,-2.1036620140075684,-0.2169080227613449,0.5409881737517466,0.6476561499461618,1.7903652809196888,0.5409881737517466,0.6476561499461618,1.7903652809196888,1.6193198884359579,1.0383608667667883,0.012474969605950082,1.7704707459109186,1.0795355871331405,-0.3403048055037208,0.0,0.0,0.0,0.0,0.0,0.0,0.0,0.0,0.0
19.4667,-5.293302165868591,-0.16354349740537832,1.0,-5.127632141113281,-0.1234782338142395,0.8600296974182129,0.0316838894167976,-0.05207100756198326,-0.013192047877606774,-0.9980534728341018,0.1757467555223023,-2.1420380142577433,0.0,0.6887674331665039,-2.0768511295318604,-0.1952647715806961,0.5089677638617216,0.6687891583196723,1.6895430433677507,0.5089677638617216,0.6687891583196723,1.6895430433677507,1.3812175628726249,1.60778062136311,1.2978907824943169,1.6555560916831957,1.2354831762632639,0.14332047427634406,0.0,0.0,0.0,0.0,0.0,0.0,0.0,0.0,0.0
19.4833,-5.290068632865724,-0.19906490520417763,1.0,-5.120251178741455,-0.14337974786758423,0.8577708005905151,0.031320453849365625,-0.048903980753763815,-0.01285790766261245,-0.9982294780734833,0.2122560791882044,-2.1219419108268016,0.0,0.7064213156700134,-2.0627634525299072,-0.18869812786579132,0.5408028442395731,0.668321799384738,1.6661749717200838,0.5408028442395731,0.668321799384738,1.6661749717200838,1.060052826731185,0.845914875950237,0.3943035890681594,1.4797526435281985,1.1204754936564678,0.217415277119513,0.0,0.0,0.0,0.0,0.0,0.0,0.0,0.0,0.0
19.5,-5.286232741664658,-0.23426373159176267,1.0,-5.10498571395874,-0.18273214995861053,0.8535081744194031,0.035994694765727656,-0.043042352479372555,-0.012155403991632851,-0.9983506081161037,0.2478168574098718,-2.101144521089141,0.0,0.7334718108177185,-2.0370051860809326,-0.16869014501571655,0.4733762166793043,0.6988567163068766,1.5723247285786943,0.4733762166793043,0.6988567163068766,1.5723247285786943,1.6225438320510253,1.5450333209392786,1.2001195907101794,1.521907212253336,1.2458127241476,0.5075275519194693,0.0,0.0,0.0,0.0,0.0,0.0,0.0,0.0,0.0
19.5167,-5.281813617419163,-0.26909995505753637,1.0,-5.089215278625488,-0.2216705083847046,0.849665105342865,0.038776209372019824,-0.04006755769416549,-0.012443983463386866,-0.9983667503590833,0.28239117401324404,-2.079698132906687,0.0,0.7593110203742981,-2.0139667987823486,-0.14965564012527466,0.40704193329361904,0.7472766390051128,1.4823438445686339,0.40704193329361904,0.7472766390051128,1.4823438445686339,1.5504649499284693,1.3824034334763948,1.1421530758226037,1.5303379783805358,1.2861367980850857,0.6948806059759127,0.0,0.0,0.0,0.0,0.0,0.0,0.0,0.0,0.0
19.5333,-5.276824785517219,-0.30358486023647857,1.0,-5.072944164276123,-0.2601700723171234,0.8461923599243164,0.03828317403583473,-0.038492557809398364,-0.013245827256306679,-0.9984374306240361,0.31599344278753944,-2.057624577446784,0.0,0.7818424701690674,-1.9853806495666504,-0.13137637078762054,0.4139331088054401,0.7788802199352879,1.4473368439682748,0.4139331088054401,0.7788802199352879,1.4473368439682748,1.167249467255903,0.6009210394588178,0.4896105962443329,1.4231476135278451,1.0838485820727892,0.6342811472701242,0.0,0.0,0.0,0.0,0.0,0.0,0.0,0.0,0.0
19.55,-5.271286130826768,-0.33768475004067244,1.0,-5.064673900604248,-0.2792322337627411,0.8446034789085388,0.03828317403583473,-0.038492557809398364,-0.013245827256306679,-0.9984374306240361,0.34859461344035964,-2.0349741191248105,0.0,0.7960019111633301,-1.975987434387207,-0.12184403836727142,0.3886452045154767,0.8008026816112882,1.351031928300431,0.3886452045154767,0.8008026816112882,1.351031928300431,1.034323616537157,1.6783296841683482,1.179413700825713,1.3083596628658454,1.2593502690699285,0.7952142407676625,0.0,0.0,0.0,0.0,0.0,0.0,0.0,0.0,0.0
19.5666,-5.26521548181721,-0.3713867391627663,1.0,-5.047916412353516,-0.31701284646987915,0.8417140245437622,0.03679175131050567,-0.03556264968538911,-0.015039639275778857,-0.9985767259583647,0.380187420653633,-2.0117848223256583,0.0,0.8012478351593018,-1.9393458366394043,-0.10348867624998093,0.42995209420045555,0.7715258890045067,1.260619749645473,0.42995209420045555,0.7715258890045067,1.260619749645473,0.31496299689374313,2.1999456047180748,1.1020479644712922,1.0150908102128757,1.5370312039322702,0.8857971641739394,0.0,0.0,0.0,0.0,0.0,0.0,0.0,0.0,0.0
19.5833,-5.258621237735753,-0.4047256442214499,1.0,-5.0394768714904785,-0.3356700539588928,0.8404263854026794,0.04030312803733996,-0.031786722458807995,-0.01592784196129747,-0.9985548095971388,0.41080894014872676,-1.9880606191258694,0.0,0.809402346611023,-1.9324300289154053,-0.0929558053612709,0.49192751944669055,0.8277374181596845,1.2091808246106712,0.49192751944669055,0.8277374181596845,1.2091808246106712,0.4891801824994994,0.41487170685660346,0.6318553519837524,0.8598323805536843,1.2057492100683445,0.8108288997810292,0.0,0.0,0.0,0.0,0.0,0.0,0.0,0.0,0.0
19.6,-5.251520885015432,-0.43768280220792993,1.0,-5.022458553314209,-0.3727400302886963,0.8379819393157959,0.04224000621699333,-0.02950764347938255,-0.0160292894256631,-0.9985430506264044,0.4404460052025244,-1.96384133335447,0.0,0.8147345781326294,-1.9107524156570435,-0.08974821865558624,0.5242606688671949,0.8903719663868847,1.2075621490074173,0.5242606688671949,0.8903719663868847,1.2075621490074173,0.31969638492216645,1.2996912389038981,0.19231233114627558,0.7003743622801729,1.2334826140108022,0.6282315037520596,0.0,0.0,0.0,0.0,0.0,0.0,0.0,0.0,0.0
19.6168,-5.243891181013077,-0.47041160315151936,1.0,-5.01389217376709,-0.3911219835281372,0.836816668510437,0.04224000621699333,-0.02950764347938255,-0.0160292894256631,-0.9985430506264044,0.4692365345841223,-1.9390354219077626,0.0,0.8248873949050903,-1.895729660987854,-0.08526849001646042,0.567089214293675,0.9020407891671451,1.1919854416698445,0.567089214293675,0.9020407891671451,1.1919854416698445,0.6051786374101128,0.8954608759912458,0.2670230473524145,0.672270844353836,1.1336924187379482,0.5215961654169811,0.0,0.0,0.0,0.0,0.0,0.0,0.0,0.0,0.0
19.6333,-5.235896694044414,-0.502298705938914,1.0,-4.996754169464111,-0.42723414301872253,0.8347682356834412,0.03903023822384454,-0.028049837660768122,-0.015494572358605435,-0.9987240713407587,0.49665462575986874,-1.9141439878750615,0.0,0.8201195597648621,-1.8454126119613647,-0.057034265249967575,0.6508995776380808,0.7931010715064644,1.0382901103761686,0.6508995776380808,0.7931010715064644,1.0382901103761686,-0.2881561693972536,3.0410380553033907,1.7064067475756135,0.3887352356410018,1.6967757122587905,0.8713739047057872,0.0,0.0,0.0,0.0,0.0,0.0,0.0,0.0,0.0
19.65,-5.227393962594524,-0.5339967349658397,1.0,-4.979646682739258,-0.4625399708747864,0.8333459496498108,0.038721317300055624,-0.02424682248178113,-0.013886754381611872,-0.9988593627244786,0.5232740235324015,-1.8886916861081822,0.0,0.8153689503669739,-1.8055514097213745,-0.03308599442243576,0.7319987048278922,0.7454589189003011,0.9072682372956695,0.7319987048278922,0.7454589189003011,0.9072682372956695,-0.28497568649885585,2.391161327231121,1.436589361055492,0.18984345763972665,1.9017710374669599,1.038235838174424,0.0,0.0,0.0,0.0,0.0,0.0,0.0,0.0,0.0
19.6666,-5.218461557417725,-0.5652479568387282,1.0,-4.971141815185547,-0.4799083471298218,0.8327925205230713,0.043261583263169145,-0.02300629124050221,-0.011452731733259239,-0.9987332172068855,0.5488791618889685,-1.8629055780065036,0.0,0.8061380982398987,-1.7882906198501587,-0.02546735852956772,0.8792601941494635,0.745812955285085,0.8698950719067842,0.8792601941494635,0.745812955285085,0.8698950719067842,-0.5540577283590206,1.0360337154223729,0.4572886704160048,-0.029769769158804527,1.6461895564415334,0.8667296159607807,0.0,0.0,0.0,0.0,0.0,0.0,0.0,0.0,0.0
19.6833,-5.209107028330915,-0.5960791511011786,1.0,-4.95428466796875,-0.5141032338142395,0.8319732546806335,0.046507308774270555,-0.02575095526017087,-0.006794240567350121,-0.9985629439389014,0.5734999043194093,-1.8367907954181204,0.0,0.796011209487915,-1.7474697828292847,-0.001895379857160151,0.9864090893132471,0.6911974940714635,0.7381598544039765,0.9864090893132471,0.6911974940714635,0.7381598544039765,-0.607674754642479,2.4494978397092906,1.4144617075394683,-0.20037788356130232,1.8833408441701134,1.0284301405959257,0.0,0.0,0.0,0.0,0.0,0.0,0.0,0.0,0.0
19.7,-5.199351982393983,-0.6264679137641804,1.0,-4.937623977661133,-0.5474510788917542,0.831717848777771,0.04548693225473279,-0.029195370893320253,-0.0019778251600706272,-0.9985362649837941,0.5971262825601292,-1.8103927808616507,0.0,0.7884312868118286,-1.7055484056472778,0.027515744790434837,1.0754658044763517,0.6278599415219289,0.5685793752375492,1.0754658044763517,0.6278599415219289,0.5685793752375492,-0.4548088064889919,2.5153569946926457,1.7647196508577063,-0.27549054238366966,2.0699235635116486,1.2457962615941147,0.0,0.0,0.0,0.0,0.0,0.0,0.0,0.0,0.0
19.7167,-5.1892036116748415,-0.6564371360874799,1.0,-4.921233654022217,-0.5800129771232605,0.8321990370750427,0.041806649027881775,-0.029331810120117638,0.002004672702572247,-0.9986930934071032,0.6197841323578586,-1.7837175213578798,0.0,0.7767645120620728,-1.6594717502593994,0.06391586363315582,1.186732585684692,0.5376710092548119,0.3533696814094913,1.186732585684692,0.5376710092548119,0.3533696814094913,-0.6995568263045032,2.762823445318084,2.18260420389564,-0.4006826602901374,2.2744802731336824,1.5223590887162597,0.0,0.0,0.0,0.0,0.0,0.0,0.0,0.0,0.0
19.7333,-5.178701169933536,-0.6859168419643608,1.0,-4.913095951080322,-0.595947265625,0.8326728343963623,0.041806649027881775,-0.029331810120117638,0.002004672702572247,-0.9986930934071032,0.6414302847907893,-1.7568541151667338,0.0,0.7743027806282043,-1.6349252462387085,0.07432423532009125,1.2802523504569185,0.49509314592700526,0.29412236661436175,1.2802523504569185,0.49509314592700526,0.29412236661436175,-0.14785419709597045,1.4742890282670333,0.6251378268465217,-0.3260430768701451,2.038249192112937,1.25748297320514,0.0,0.0,0.0,0.0,0.0,0.0,0.0,0.0,0.0
19.75,-5.167825368599512,-0.7150023723150117,1.0,-4.8968048095703125,-0.6274012327194214,0.8337854146957397,0.04073485697515552,-0.03249689916112234,0.005218622782618978,-0.9986277657919113,0.6621438229549668,-1.729741156203972,0.0,0.7735713720321655,-1.6124919652938843,0.08117765188217163,1.3191223684776712,0.5445946259661315,0.25298618350767477,1.3191223684776712,0.5445946259661315,0.25298618350767477,-0.043831261608801256,1.344363480497214,0.4107059937133876,-0.2427289908642128,1.8334014475126472,1.0074989318499343,0.0,0.0,0.0,0.0,0.0,0.0,0.0,0.0,0.0
19.7667,-5.156620188231299,-0.743613795361528,1.0,-4.88870906829834,-0.6430025100708008,0.834381103515625,0.04043751330497597,-0.04130172644883958,0.00756106032915743,-0.9982995261357084,0.6818765969563058,-1.7024776351493593,0.0,0.7643698453903198,-1.6097816228866577,0.08178697526454926,1.4461361742684522,0.63453418511898,0.25187834672520815,1.4461361742684522,0.63453418511898,0.25187834672520815,-0.5515004286939126,0.1624464132609317,0.03652025578736782,-0.3338839628971739,1.3401049804360543,0.7208482795642085,0.0,0.0,0.0,0.0,0.0,0.0,0.0,0.0,0.0
19.7833,-5.145108543920424,-0.7717347090495885,1.0,-4.872668266296387,-0.6740832328796387,0.835652768611908,0.03662501273900922,-0.04886492247899536,0.009126478576549052,-0.9980919950536408,0.7006295450933397,-1.6751061532101377,0.0,0.7580016255378723,-1.5956484079360962,0.08968190848827362,1.512623136206862,0.7348374080423147,0.20361909696551272,1.512623136206862,0.7348374080423147,0.20361909696551272,-0.38276156083859963,0.8494762334666036,0.4745245976813837,-0.34831352317226105,1.1952624068388364,0.6481290264787952,0.0,0.0,0.0,0.0,0.0,0.0,0.0,0.0,0.0
19.8,-5.133283442895675,-0.7994196757677282,1.0,-4.856739521026611,-0.7049268484115601,0.8371202945709229,0.030939593852796925,-0.05073145230012799,0.009119060731211158,-0.9981913773224295,0.7184502704913913,-1.647598908759506,0.0,0.7538383603096008,-1.5795899629592896,0.0946945771574974,1.562877153713533,0.8238576304663663,0.17163384148644134,1.562877153713533,0.8238576304663663,0.17163384148644134,-0.24983903967493168,0.9636730430801368,0.30081204483996965,-0.31924205577147696,1.1268929937709125,0.5455947053952459,0.0,0.0,0.0,0.0,0.0,0.0,0.0,0.0,0.0
19.8166,-5.121175332446288,-0.8266319667718817,1.0,-4.848782062530518,-0.7201958894729614,0.8379393815994263,0.030939593852796925,-0.05073145230012799,0.009119060731211158,-0.9981913773224295,0.7353260110685055,-1.6200167021046799,0.0,0.7481370568275452,-1.5652118921279907,0.10525742173194885,1.6586844953121864,0.8461477051284584,0.10956003146823612,1.6586844953121864,0.8461477051284584,0.10956003146823612,-0.342289084194555,0.8632160545074575,0.6341613645472503,-0.3260459598052019,1.0490507419316941,0.5717412019585275,0.0,0.0,0.0,0.0,0.0,0.0,0.0,0.0,0.0
19.8333,-5.108764667398632,-0.8534461775474269,1.0,-4.833026885986328,-0.75034499168396,0.8399184942245483,0.031188669215150656,-0.05334333662483013,0.008838067692189032,-0.9980499746456755,0.7513128037547795,-1.5923066847649332,0.0,0.7382426857948303,-1.5362502336502075,0.12568135559558868,1.7373102989955584,0.85664464289647,-0.017533319135834446,1.7373102989955584,0.85664464289647,-0.017533319135834446,-0.5925777847586138,1.734525152428141,1.2231974569131696,-0.40473102608041367,1.2514153167035902,0.7640629954459175,0.0,0.0,0.0,0.0,0.0,0.0,0.0,0.0,0.0
19.85,-5.096129139239447,-0.8797272959133208,1.0,-4.817555904388428,-0.7798967361450195,0.8422309160232544,0.038210259102991695,-0.05759480645504643,0.010288045721509325,-0.9975555499657941,0.7663424144975234,-1.5646325261342546,0.0,0.7188824415206909,-1.5023813247680664,0.1385439932346344,1.870352390047481,0.8357520517242034,-0.101018759306994,1.870352390047481,0.8357520517242034,-0.101018759306994,-1.1630465919019177,2.0346395680258955,0.7727096134290093,-0.6285996412621817,1.4826374311149588,0.7666156351135254,0.0,0.0,0.0,0.0,0.0,0.0,0.0,0.0,0.0
19.8667,-5.083203996814528,-0.9056398322427586,1.0,-4.809908866882324,-0.7944337725639343,0.8434312343597412,0.041712715556352135,-0.0626671684780759,0.014173142217243539,-0.9970617574886405,0.7805203729128901,-1.5368438964600992,0.0,0.7162249684333801,-1.4919017553329468,0.13718219101428986,1.939250922975897,0.8810399769860799,-0.09361550291320775,1.939250922975897,0.8810399769860799,-0.09361550291320775,-0.15898911663599927,0.626963070734734,-0.08147278445804271,-0.48996203106232283,1.230026720299145,0.5162444326768454,0.0,0.0,0.0,0.0,0.0,0.0,0.0,0.0,0.0
19.8833,-5.070113782679962,-0.9309657331859412,1.0,-4.794688701629639,-0.823259174823761,0.845801830291748,0.040209506715907097,-0.06846254915059762,0.019531818977464126,-0.996651710799478,0.7937412193260723,-1.5091986977888656,0.0,0.7137042880058289,-1.4757651090621948,0.13249151408672333,1.9655694438146454,0.9646013352796184,-0.07219764832704634,1.9655694438146454,0.9646013352796184,-0.07219764832704634,-0.15162923443191922,0.9706852537073688,-0.2821633967243209,-0.3900800056021574,1.1534643792344281,0.28053984849797753,0.0,0.0,0.0,0.0,0.0,0.0,0.0,0.0,0.0
19.9,-5.056785246630962,-0.9558794888581872,1.0,-4.77937650680542,-0.8518496751785278,0.8481358885765076,0.03768495395404206,-0.07384851467814,0.024301704263987513,-0.9962608830732365,0.806111889587312,-1.4815313972815005,0.0,0.7226747870445251,-1.4580693244934082,0.13409914076328278,1.9192314405160587,1.0385622137699306,-0.08845352278056673,1.9192314405160587,1.0385622137699306,-0.08845352278056673,0.5384384212484616,1.0621583330948223,0.09649496264918858,-0.11596439495315947,1.1265091655631219,0.22620643430566847,0.0,0.0,0.0,0.0,0.0,0.0,0.0,0.0,0.0
19.9167,-5.043240463602375,-0.9803635479042324,1.0,-4.771662712097168,-0.866054356098175,0.8493266701698303,0.03768495395404206,-0.07384851467814,0.024301704263987513,-0.9962608830732365,0.817633918688492,-1.4538816080203634,0.0,0.7269896268844604,-1.4478780031204224,0.13943979144096375,1.9674333807037747,1.1331752313677563,-0.09002803311260088,1.9674333807037747,1.1331752313677563,-0.09002803311260088,-0.05868148825512945,0.14166714293878951,0.006482361261930617,-0.09905343390466512,0.835765799984342,0.1613398719252548,0.0,0.0,0.0,0.0,0.0,0.0,0.0,0.0,0.0
19.9333,-5.029514339422315,-1.0043804805613232,1.0,-4.756134986877441,-0.8943332433700562,0.8517157435417175,0.03771430264858482,-0.08019198021268698,0.02650876613310903,-0.9957129740425948,0.8283024157239179,-1.4263129691369916,0.0,0.7241060733795166,-1.4442875385284424,0.13643530011177063,1.952865533001242,1.244529369107385,-0.11039656724513058,1.952865533001242,1.244529369107385,-0.11039656724513058,0.14457051749531694,0.6847983069509388,0.1336261135658416,-0.02713119060224794,0.7911974367248615,0.15315826391793036,0.0,0.0,0.0,0.0,0.0,0.0,0.0,0.0,0.0
19.95,-5.015651051831033,-1.0278820303668461,1.0,-4.740705966949463,-0.9224061369895935,0.8542124629020691,0.03856297554146723,-0.0838321047368967,0.02677601929951656,-0.9953733968841426,0.8381125022922156,-1.3989043038306606,0.0,0.7173334360122681,-1.429134726524353,0.14554861187934875,1.9904186028424578,1.3329768056154445,-0.17270942239890807,1.9904186028424578,1.3329768056154445,-0.17270942239890807,-0.4071098945196056,0.9108504356798899,0.547810135290071,-0.13930784907870739,0.82652118898015,0.269666709616605,0.0,0.0,0.0,0.0,0.0,0.0,0.0,0.0,0.0
19.9667,-5.001590771811329,-1.0509942175323923,1.0,-4.733029842376709,-0.9363884329795837,0.8554981350898743,0.041069672527542816,-0.08344249663508396,0.02609501052127754,-0.9953239164839908,0.8471306508104104,-1.371529618233216,0.0,0.7084993720054626,-1.4291800260543823,0.14398731291294098,2.0762011033717824,1.442594792377499,-0.1649472706670405,2.0762011033717824,1.442594792377499,-0.1649472706670405,-0.5293855012001372,-0.002714595953823294,-0.09356158560978398,-0.2544659016490475,0.5817156288684749,0.16243507794216494,0.0,0.0,0.0,0.0,0.0,0.0,0.0,0.0,0.0
19.9833,-4.987417562295028,-1.0736023334821436,1.0,-4.7178168296813965,-0.9642304182052612,0.8579826354980469,0.04652869039735572,-0.08527291319248782,0.0255489138051219,-0.9949426982392098,0.8553259911397458,-1.3443451582816572,0.0,0.6985640525817871,-1.4096834659576416,0.13771498203277588,2.1275665436230478,1.5046637077504625,-0.13500750048144816,2.1275665436230478,1.5046637077504625,-0.13500750048144816,-0.5968283635530348,1.1711852997622525,-0.3767875812781072,-0.35553755795038655,0.7557378497781599,0.0032466932708059976,0.0,0.0,0.0,0.0,0.0,0.0,0.0,0.0,0.0
20.0,-4.9730937050638095,-1.095790789373525,1.0,-4.702887535095215,-0.9915608763694763,0.8603343963623047,0.053176807840918626,-0.08868374173864109,0.02280203510027289,-0.9943780147628608,0.862744699930742,-1.3172703590222061,0.0,0.6810533404350281,-1.3767725229263306,0.12747371196746826,2.2227637663348734,1.4841628349753744,-0.08066110419924932,2.2227637663348734,1.4841628349753744,-0.08066110419924932,-1.0501780199039121,1.9737831731869138,-0.6142044154655685,-0.5606081186453832,1.1153270921336729,-0.17903615952216467,0.0,0.0,0.0,0.0,0.0,0.0,0.0,0.0,0.0
20.0167,-4.958643294127674,-1.1175430295274094,1.0,-4.695578098297119,-1.00496244430542,0.8614224195480347,0.053176807840918626,-0.08868374173864109,0.02280203510027289,-0.9943780147628608,0.8693944424687067,-1.2903442855013756,0.0,0.6641451120376587,-1.3547178506851196,0.12516699731349945,2.3495186525491487,1.459303845132626,-0.06763144169197055,2.3495186525491487,1.459303845132626,-0.06763144169197055,-1.012250214102198,1.320353982300885,-0.13809680987724807,-0.6939411201355682,1.1758547775004298,-0.16695011523594333,0.0,0.0,0.0,0.0,0.0,0.0,0.0,0.0,0.0
20.0333,-4.944092456707839,-1.1388415139062946,1.0,-4.681361198425293,-1.0310931205749512,0.8635402321815491,0.06052427584435687,-0.08895783586539759,0.019629093903827277,-0.9940010112029308,0.8752849912496992,-1.263608179023253,0.0,0.639976441860199,-1.3062219619750977,0.1195254996418953,2.4822600782720676,1.339714134896127,-0.039819675855268244,2.4822600782720676,1.339714134896127,-0.039819675855268244,-1.4491058409812163,2.907717928924722,-0.33825308416959715,-0.9168795482907346,1.6871324340175717,-0.21752188266387107,0.0,0.0,0.0,0.0,0.0,0.0,0.0,0.0,0.0
20.0501,-4.929400030109884,-1.1597652960310154,1.0,-4.667482376098633,-1.0563191175460815,0.865648627281189,0.06687451648480197,-0.09149275148364022,0.01730199781014677,-0.9934070778137154,0.8804511065905758,-1.2369805032953836,0.0,0.6198542714118958,-1.266064167022705,0.12249527126550674,2.5896294018301034,1.2659777615616847,-0.06368358404956886,2.5896294018301034,1.2659777615616847,-0.06368358404956886,-1.2024119901411863,2.3996523770853813,0.1774604293997806,-1.0011739439586926,1.8974813443306289,-0.1009158848334159,0.0,0.0,0.0,0.0,0.0,0.0,0.0,0.0,0.0
20.0667,-4.914717140892439,-1.1801222626949077,1.0,-4.660722732543945,-1.0686219930648804,0.8667082786560059,0.06687451648480197,-0.09149275148364022,0.01730199781014677,-0.9934070778137154,0.8848638773368094,-1.2107261385184744,0.0,0.5989083051681519,-1.239945888519287,0.12459250539541245,2.7344077717188116,1.2115588308173069,-0.07713090006923373,2.7344077717188116,1.2115588308173069,-0.07713090006923373,-1.2592270095172573,1.5701754385964912,0.12608126218323587,-1.0773559254895901,1.8008546586075995,-0.03390217808221921,0.0,0.0,0.0,0.0,0.0,0.0,0.0,0.0,0.0
20.0834,-4.899951042905208,-1.20006527335247,1.0,-4.647787094116211,-1.0925809144973755,0.8688532114028931,0.06768503857724792,-0.10066953627515403,0.017756678011882285,-0.9924561606176125,0.8885773378253516,-1.1846690925269732,0.0,0.5636723041534424,-1.1983600854873657,0.12284447252750397,2.9312692367747673,1.122749023882143,-0.07300018864169822,2.9312692367747673,1.122749023882143,-0.07300018864169822,-2.1162812343380826,2.4976516073602064,-0.10498720197608649,-1.3840656656717523,2.006561853620982,-0.05488777639582262,0.0,0.0,0.0,0.0,0.0,0.0,0.0,0.0,0.0
20.1,-4.885118015158427,-1.2195904550381695,1.0,-4.641579627990723,-1.1042602062225342,0.8699170351028442,0.06768503857724792,-0.10066953627515403,0.017756678011882285,-0.9924561606176125,0.8916054872866996,-1.158831568805631,0.0,0.5465461611747742,-1.1767008304595947,0.12035775929689407,3.0504767448758274,1.09197030716279,-0.05906336726185479,3.0504767448758274,1.09197030716279,-0.05906336726185479,-1.0276724655927207,1.2996866863143437,-0.14921787819393975,-1.2788518790136107,1.7978793842852983,-0.08273574656985232,0.0,0.0,0.0,0.0,0.0,0.0,0.0,0.0,0.0
20.1167,-4.870246536573726,-1.2386790602808377,1.0,-4.629516124725342,-1.1271113157272339,0.8717035055160522,0.06639337201346865,-0.11438272203206398,0.017641912143387124,-0.9910586975615369,0.8939617556816413,-1.1332558979161265,0.0,0.5250070095062256,-1.1497215032577515,0.09693591296672821,3.164147865822015,1.0850965469476215,0.07680994674164943,3.164147865822015,1.0850965469476215,0.07680994674164943,-1.2929421951254418,1.619502526011478,-1.4059557160848968,-1.2830115978662915,1.7452192754307816,-0.47337446679087686,0.0,0.0,0.0,0.0,0.0,0.0,0.0,0.0,0.0
20.1333,-4.855336362699239,-1.2573499110691104,1.0,-4.6178131103515625,-1.1495827436447144,0.8731623291969299,0.06473636866426284,-0.12037541383443395,0.017546870999995048,-0.9904600858721366,0.8956653966675312,-1.1079341939619223,0.0,0.5050292611122131,-1.133730173110962,0.07969430834054947,3.2676153450941987,1.142203422452897,0.17719222528499934,3.2676153450941987,1.142203422452897,0.17719222528499934,-1.1989919297141058,0.959741579143176,-1.0347785142947086,-1.2582074561540153,1.5133319028782015,-0.6391112027049932,0.0,0.0,0.0,0.0,0.0,0.0,0.0,0.0,0.0
20.15,-4.840411678133276,-1.2755907893484582,1.0,-4.612048625946045,-1.1606930494308472,0.8737467527389526,0.06473636866426284,-0.12037541383443395,0.017546870999995048,-0.9904600858721366,0.8967325441997696,-1.0829000136893778,0.0,0.5027015209197998,-1.1198285818099976,0.06994926184415817,3.292355038534624,1.154731045761337,0.23694460995834454,3.292355038534624,1.154731045761337,0.23694460995834454,-0.13980453927113912,0.8349323405169328,-0.5852894322331209,-0.9280344734240865,1.313055952586706,-0.6232220323315537,0.0,0.0,0.0,0.0,0.0,0.0,0.0,0.0,0.0
20.1667,-4.825453215121638,-1.2934421086678198,1.0,-4.600661277770996,-1.1823887825012207,0.874828577041626,0.062019240366106475,-0.12740349038567864,0.016918208607606535,-0.9897655058086771,0.8971820444953372,-1.0581140239313962,0.0,0.490293949842453,-1.080651879310608,0.06555948406457901,3.3469762637599296,1.0684438037028192,0.26204838218659354,3.3469762637599296,1.0684438037028192,0.26204838218659354,-0.7441249857012125,2.3495624571036378,-0.2632701684397163,-0.8737410312332936,1.6190516175203724,-0.5169576630722134,0.0,0.0,0.0,0.0,0.0,0.0,0.0,0.0,0.0
20.1834,-4.8104910171264414,-1.310884009811825,1.0,-4.595004081726074,-1.192973256111145,0.8753499388694763,0.061724541698784205,-0.13368989040443086,0.015774427432717893,-0.9889733979377633,0.8970294877097629,-1.033619277633596,0.0,0.4923402965068817,-1.0605320930480957,0.0635443925857544,3.341137557951086,1.0405782591071884,0.27569003244671997,3.341137557951086,1.0405782591071884,0.27569003244671997,0.12269491380049748,1.206342739514538,-0.12082091445807244,-0.5795749278507359,1.4972124134255758,-0.4000108544717811,0.0,0.0,0.0,0.0,0.0,0.0,0.0,0.0,0.0
20.2,-4.795544382283195,-1.3279107653081124,1.0,-4.583545684814453,-1.213566541671753,0.8765016198158264,0.06237897425485908,-0.13704773245947183,0.015520661257833813,-0.9884766130343654,0.896292969039789,-1.0094397528408932,0.0,0.5027281045913696,-1.0297175645828247,0.07367171347141266,3.2537960875535212,0.9983367972016219,0.2132854889202509,3.2537960875535212,0.9983367972016219,0.2132854889202509,0.6230908115838398,1.8483446549874867,0.6074660350375403,-0.22452601978552753,1.600873068972027,-0.10258526247862362,0.0,0.0,0.0,0.0,0.0,0.0,0.0,0.0,0.0
20.2167,-4.780614768130802,-1.3445370609964495,1.0,-4.5719218254089355,-1.2335423231124878,0.877933919429779,0.06061735979347121,-0.14185097961076965,0.016499100346014216,-0.98789258415455,0.8949901330210971,-0.9855701614504525,0.0,0.5069688558578491,-0.9871841073036194,0.0945039838552475,3.2001361048455577,0.882427263746929,0.08519894299122832,3.2001361048455577,0.882427263746929,0.08519894299122832,0.25446351931330474,2.552192417739628,1.2500268240343348,-0.08311955308792916,1.881719928515926,0.29673054789609604,0.0,0.0,0.0,0.0,0.0,0.0,0.0,0.0,0.0
20.2333,-4.765733826858099,-1.3607440423547377,1.0,-4.5601091384887695,-1.2528703212738037,0.8797101974487305,0.05482913025576167,-0.14731413050591466,0.020357602180338052,-0.9873590471992505,0.8931416982366203,-0.9620530816490075,0.0,0.5148307085037231,-0.9637565612792969,0.10396420210599899,3.1214424128663554,0.8775517661570029,0.023560565298867076,3.1214424128663554,0.8775517661570029,0.023560565298867076,0.4723399988540652,1.4075266429840143,0.5683697824156305,0.08086225908551337,1.7417294035350506,0.37692341482616487,0.0,0.0,0.0,0.0,0.0,0.0,0.0,0.0,0.0
20.25,-4.750862809418871,-1.3765889394605715,1.0,-4.554116725921631,-1.262357234954834,0.8806682229042053,0.05482913025576167,-0.14731413050591466,0.020357602180338052,-0.9873590471992505,0.89075903771401,-0.9388199504780452,0.0,0.5172920823097229,-0.9553329348564148,0.10731068253517151,3.1021321688617105,0.9130699252277283,0.0026701310835779424,3.1021321688617105,0.9130699252277283,0.0026701310835779424,0.14765088672768878,0.5053096395881007,0.20074594179061786,0.10057948269801667,1.3767156904928926,0.32491260469336203,0.0,0.0,0.0,0.0,0.0,0.0,0.0,0.0,0.0
20.2667,-4.736036247940102,-1.3920488118604584,1.0,-4.542098522186279,-1.28123140335083,0.8826709389686584,0.052825932692887385,-0.14964076298426152,0.023315931624166206,-0.987052934638516,0.88786235633951,-0.9159179735809843,0.0,0.5181946754455566,-0.9451689720153809,0.11240727454423904,3.059829173609444,0.9847245261773633,-0.034010525756725585,3.059829173609444,0.9847245261773633,-0.034010525756725585,0.05413473088142767,0.6096028999599611,0.30567774766916433,0.08686814306544989,1.1502499737845897,0.3192341233337429,0.0,0.0,0.0,0.0,0.0,0.0,0.0,0.0,0.0
20.2834,-4.72124421800223,-1.4071477793022413,1.0,-4.536097526550293,-1.2906296253204346,0.8836921453475952,0.04979029539217812,-0.1506250078008243,0.026117306204139823,-0.9869908523306594,0.8844645106544187,-0.8933248449705046,0.0,0.5159865021705627,-0.9455854296684265,0.10903111100196838,3.064241785143427,1.0719935474678082,-0.014976107337686173,3.064241785143427,1.0719935474678082,-0.014976107337686173,-0.132267255044771,-0.024945375091041513,-0.20222864273167387,0.022175368284946442,0.80331082710384,0.1652887837290462,0.0,0.0,0.0,0.0,0.0,0.0,0.0,0.0,0.0
20.3,-4.706538132292051,-1.42184755948322,1.0,-4.523905277252197,-1.3094600439071655,0.8858035802841187,0.04498940583021888,-0.14989458711106232,0.027831376386229362,-0.9872856695359931,0.8805930584485341,-0.8711114686511956,0.0,0.5352928638458252,-0.9477748274803162,0.12146256864070892,2.906468315559169,1.2166038955634084,-0.09631706329888168,2.906468315559169,1.2166038955634084,-0.09631706329888168,1.15886355830328,-0.1314185127940924,0.7461977288339344,0.35774649785447044,0.5273616414029966,0.3367837219167508,0.0,0.0,0.0,0.0,0.0,0.0,0.0,0.0,0.0
20.3167,-4.69190585989252,-1.4361748073256484,1.0,-4.511416435241699,-1.3282548189163208,0.8882114887237549,0.04371464278687051,-0.15071372164858368,0.026704833272381653,-0.9872493810994252,0.8762613804303511,-0.8492513195449455,0.0,0.5350654721260071,-0.9349193572998047,0.13015376031398773,2.862351881817001,1.2703442435016365,-0.1567798207974942,2.862351881817001,1.2703442435016365,-0.1567798207974942,-0.01365210918824523,0.771814746425044,0.5218004322869698,0.24810284079856162,0.5995286660095449,0.39140403647035804,0.0,0.0,0.0,0.0,0.0,0.0,0.0,0.0,0.0
20.3333,-4.677345932995921,-1.4501441931268753,1.0,-4.498813152313232,-1.3468748331069946,0.890688419342041,0.04616744712459082,-0.15026249222007,0.023552670472251912,-0.9872867232072058,0.8714838436261869,-0.8277347407101348,0.0,0.5368372201919556,-0.9210376143455505,0.1290125846862793,2.8036695249409123,1.3166373411262113,-0.15867516370938795,2.8036695249409123,1.3166373411262113,-0.15867516370938795,0.10634758218011649,0.8332391201682957,-0.06849803941210986,0.20625409751545917,0.6685242637319014,0.2556325377863086,0.0,0.0,0.0,0.0,0.0,0.0,0.0,0.0,0.0
20.35,-4.662869811891268,-1.4637574511630882,1.0,-4.492523193359375,-1.3560601472854614,0.8918901085853577,0.04616744712459082,-0.15026249222007,0.023552670472251912,-0.9872867232072058,0.8662784768507509,-0.8065713235843296,0.0,0.5315732955932617,-0.9116036891937256,0.11906807124614716,2.8169228329350937,1.3418486404167123,-0.10141441619914637,2.8169228329350937,1.3418486404167123,-0.10141441619914637,-0.31597137745974957,0.5662790697674419,-0.596927549194991,0.05208359230014106,0.6383396136818685,0.003941217399147767,0.0,0.0,0.0,0.0,0.0,0.0,0.0,0.0,0.0
20.3667,-4.648466625392248,-1.4770368174839927,1.0,-4.4800944328308105,-1.3740496635437012,0.8942152261734009,0.04950247983205329,-0.14659127517546036,0.01936761485566564,-0.9877679137766547,0.8606547251142339,-0.7857381475294617,0.0,0.5265738368034363,-0.882134735584259,0.11782456934452057,2.796013879429252,1.2904554657668155,-0.10204910424864799,2.796013879429252,1.2904554657668155,-0.10204910424864799,-0.2996506094685549,1.766269166464225,-0.07453128795781591,-0.05175477290171121,0.9713250334528953,-0.01922530046742926,0.0,0.0,0.0,0.0,0.0,0.0,0.0,0.0,0.0
20.3833,-4.634184407587451,-1.4899503235177074,1.0,-4.467687129974365,-1.3915084600448608,0.8965263366699219,0.054404930128033616,-0.14145581602748755,0.014551536623174302,-0.9883414059443425,0.8546454983938884,-0.7652971243228035,0.0,0.5245580077171326,-0.8598827719688416,0.11482304334640503,2.7554528936416687,1.2791783264250363,-0.09215018110763928,2.7554528936416687,1.2791783264250363,-0.09215018110763928,-0.12108323308701381,1.3365913387179928,-0.18029032050180444,-0.07222180150286395,1.079158322940594,-0.06677463825565907,0.0,0.0,0.0,0.0,0.0,0.0,0.0,0.0,0.0
20.4,-4.6199845975040486,-1.5025447289022964,1.0,-4.461517810821533,-1.4000741243362427,0.8976729512214661,0.05810083732333653,-0.13814742803081806,0.01168866979122335,-0.9886369396461009,0.8482482900664211,-0.7451855882951418,0.0,0.5165799856185913,-0.8446016907691956,0.11432142555713654,2.7801821899738357,1.2646821815217868,-0.0914605506431041,2.7801821899738357,1.2646821815217868,-0.0914605506431041,-0.4783875164407846,0.9163021101389603,-0.03007859409847315,-0.19212934426701722,1.0310801923088528,-0.05594129530664735,0.0,0.0,0.0,0.0,0.0,0.0,0.0,0.0,0.0
20.4167,-4.605900742381844,-1.5148013899671957,1.0,-4.449378967285156,-1.4168184995651245,0.8999358415603638,0.05836608324608377,-0.13685065906419094,0.011007323838196201,-0.9888094888439044,0.8414908734497103,-0.7254439846858874,0.0,0.5058738589286804,-0.8166119456291199,0.10807936638593674,2.789694864673935,1.2143137160255735,-0.06198636740010777,2.789694864673935,1.2143137160255735,-0.06198636740010777,-0.6422120362689855,1.6789780040616686,-0.3744328501759103,-0.32500198135525565,1.2223514683234373,-0.1499658235496203,0.0,0.0,0.0,0.0,0.0,0.0,0.0,0.0,0.0
20.4334,-4.591933636676787,-1.5267309777505311,1.0,-4.443368911743164,-1.4250037670135498,0.9010491371154785,0.05836608324608377,-0.13685065906419094,0.011007323838196201,-0.9888094888439044,0.8343870160881163,-0.7060658804990554,0.0,0.49772676825523376,-0.8042425513267517,0.10713841766119003,2.812917272228222,1.2142245802402187,-0.05860912416075159,2.812917272228222,1.2142245802402187,-0.05860912416075159,-0.48887486051103035,0.7422386906635383,-0.05646263126269707,-0.37338025047691026,1.0806134010725623,-0.12236197217717562,0.0,0.0,0.0,0.0,0.0,0.0,0.0,0.0,0.0
20.45,-4.578096394941485,-1.5383333855954564,1.0,-4.431644439697266,-1.4409111738204956,0.9032319188117981,0.0582874503976526,-0.13561835633653926,0.010794861574852804,-0.9889862948734076,0.8269566093030696,-0.6870619015488455,0.0,0.48080140352249146,-0.7704286575317383,0.10460428893566132,2.8586107785709,1.1235402340547265,-0.05109459864898547,2.8586107785709,1.1235402340547265,-0.05109459864898547,-1.0161333610065413,2.0300552509912255,-0.15213927615476003,-0.5631327166578728,1.3609059886401744,-0.131152776567544,0.0,0.0,0.0,0.0,0.0,0.0,0.0,0.0,0.0
20.4667,-4.564372486936426,-1.549632928882901,1.0,-4.4201765060424805,-1.4562467336654663,0.9053625464439392,0.06022682446099123,-0.13434766309825022,0.01078390339423998,-0.9890436145873825,0.8192031364115117,-0.6684021019335298,0.0,0.4694080650806427,-0.7438007593154907,0.09820105135440826,2.870826012836523,1.0726143148028173,-0.02017174697262014,2.870826012836523,1.0726143148028173,-0.02017174697262014,-0.6831709531229896,1.5966704313142432,-0.38395295143604624,-0.5985701980673376,1.4305079613141323,-0.20578400875675873,0.0,0.0,0.0,0.0,0.0,0.0,0.0,0.0,0.0
20.4833,-4.550805719030439,-1.560604066776947,1.0,-4.408996105194092,-1.4711263179779053,0.9074176549911499,0.06244641184665454,-0.13435009971292977,0.009986527167262352,-0.9889139287345144,0.8111641594950786,-0.6501384889149973,0.0,0.449886679649353,-0.7166453003883362,0.09324551373720169,2.9317324769799655,1.0156485847167933,0.0023666694674364663,2.9317324769799655,1.0156485847167933,0.0023666694674364663,-1.1733151582024532,1.6321542187320877,-0.2978480919695059,-0.7682454152294171,1.490037622103622,-0.23296300882711746,0.0,0.0,0.0,0.0,0.0,0.0,0.0,0.0,0.0
20.5,-4.537337993708562,-1.5713035000677846,1.0,-4.403514385223389,-1.4783380031585693,0.9084011316299438,0.062002903193952436,-0.13444572827802295,0.008970956705543855,-0.9889386267877418,0.8028168376346013,-0.6321858095214563,0.0,0.450701504945755,-0.7017972469329834,0.08873597532510757,2.8977392039167262,0.993610999122431,0.02756408986543768,2.8977392039167262,0.993610999122431,0.02756408986543768,0.048821121951916346,0.8896368727054554,-0.2701937774095396,-0.5270324394783651,1.312788347026099,-0.24395421219991176,0.0,0.0,0.0,0.0,0.0,0.0,0.0,0.0,0.0
20.5167,-4.524021325881074,-1.5816990212389768,1.0,-4.392645835876465,-1.4924633502960205,0.9102411866188049,0.05966599742128102,-0.1350119395776304,0.007383748537472129,-0.989018410771973,0.7942041409326736,-0.6146066935308383,0.0,0.4378716051578522,-0.6804155111312866,0.08051712065935135,2.9172646715589674,0.966371196061264,0.07067091212421595,2.9172646715589674,0.966371196061264,0.07067091212421595,-0.7692775045745655,1.282043401189387,-0.4928004202881976,-0.5985476103412415,1.303711877072793,-0.317418161126778,0.0,0.0,0.0,0.0,0.0,0.0,0.0,0.0,0.0
20.5333,-4.510872167582566,-1.5917878607948668,1.0,-4.381957530975342,-1.505895972251892,0.9119595289230347,0.05787810439984661,-0.13762365597348303,0.006138899219854363,-0.9887731161136396,0.7853496254579357,-0.597415036708184,0.0,0.4307181239128113,-0.6413209438323975,0.06950323283672333,2.902275369492429,0.828787904868947,0.13109410051770176,2.902275369492429,0.828787904868947,0.13109410051770176,-0.4296641176554825,2.3481619910927813,-0.661534186106457,-0.5486901165237923,1.6120526407214877,-0.41900750129889935,0.0,0.0,0.0,0.0,0.0,0.0,0.0,0.0,0.0
20.55,-4.497851914667732,-1.6016088132021655,1.0,-4.376641273498535,-1.512436866760254,0.9127569794654846,0.05787810439984661,-0.13762365597348303,0.006138899219854363,-0.9887731161136396,0.7762387612441699,-0.5805531779864584,0.0,0.42999428510665894,-0.6340001225471497,0.06774862855672836,2.874333483136456,0.8467720934117089,0.14054332020937643,2.874333483136456,0.8467720934117089,0.14054332020937643,-0.04341918968007666,0.43913662171245516,-0.10524925632481444,-0.39952490380450534,1.2657863938779255,-0.3263803326502949,0.0,0.0,0.0,0.0,0.0,0.0,0.0,0.0,0.0
20.5667,-4.484998493791958,-1.6111420079281624,1.0,-4.366209030151367,-1.5251933336257935,0.9143013954162598,0.05624117875560019,-0.13957067705564835,0.005091002125327994,-0.9886006090626844,0.7669089992751661,-0.5640632573321187,0.0,0.41356325149536133,-0.6044116616249084,0.06508378684520721,2.9137925354028393,0.7616433406917364,0.15166605000327316,2.9137925354028393,0.7616433406917364,0.15166605000327316,-0.9861592066853643,1.775842825253277,-0.15993870199187224,-0.5727100722531939,1.4163643750022534,-0.2772437211345726,0.0,0.0,0.0,0.0,0.0,0.0,0.0,0.0,0.0
20.5834,-4.472259862082135,-1.6204341442191268,1.0,-4.361049175262451,-1.5313714742660522,0.9150888919830322,0.05450836903099148,-0.13861991264187143,0.0047304779831658,-0.9888331753727676,0.7573324418466276,-0.5478719557944595,0.0,0.4145303964614868,-0.5935026407241821,0.06390697509050369,2.8740630240914307,0.7551349080180426,0.15762737666587334,2.8740630240914307,0.7551349080180426,0.15762737666587334,0.057873937111225245,0.6527956114820521,-0.07042039391086001,-0.38655014715756636,1.1909449198442421,-0.21618569471426718,0.0,0.0,0.0,0.0,0.0,0.0,0.0,0.0,0.0
20.6,-4.45975447824657,-1.6294077298782608,1.0,-4.350767612457275,-1.5433472394943237,0.9166098833084106,0.049129377489788635,-0.13610117482801187,0.0046037424096935465,-0.9894653359535825,0.7476101221295216,-0.5321222989330961,0.0,0.4072774350643158,-0.5597907304763794,0.0633234828710556,2.856918777802367,0.6400834806015717,0.15629540666795272,2.856918777802367,0.6400834806015717,0.15629540666795272,-0.4363766442413897,2.028287406939882,-0.035105988122731774,-0.4012598398030416,1.4381437266047015,-0.16272765563491381,0.0,0.0,0.0,0.0,0.0,0.0,0.0,0.0,0.0
20.6167,-4.447366158038248,-1.6381547238855525,1.0,-4.340508460998535,-1.5547175407409668,0.9182012677192688,0.0479906618392554,-0.13742716999990326,0.004331431621464639,-0.9893391904359894,0.7376633273390664,-0.5166605604916384,0.0,0.4098590612411499,-0.5287095308303833,0.065212681889534,2.7797134210606917,0.5373346273631447,0.13973236960636548,2.7797134210606917,0.5373346273631447,0.13973236960636548,0.1547582466270295,1.8631946032471987,0.11324998570775212,-0.23711313804007633,1.563626514278548,-0.08125401171520556,0.0,0.0,0.0,0.0,0.0,0.0,0.0,0.0,0.0
20.6333,-4.435164843903367,-1.6466331641157492,1.0,-4.335447311401367,-1.5601872205734253,0.9190179109573364,0.0479906618392554,-0.13742716999990326,0.004331431621464639,-0.9893391904359894,0.727557636993844,-0.5015676043864519,0.0,0.4000426232814789,-0.5133498311042786,0.062337275594472885,2.801902219970497,0.49872171531451087,0.15559875189451766,2.801902219970497,0.49872171531451087,0.15559875189451766,-0.5894759259524389,0.9223481323464143,-0.17266780427219494,-0.34113707336055415,1.3743094149339936,-0.1082410340982641,0.0,0.0,0.0,0.0,0.0,0.0,0.0,0.0,0.0
20.65,-4.423120032579277,-1.6548720169303495,1.0,-4.325469493865967,-1.5708750486373901,0.9204700589179993,0.04809678760380583,-0.14001340599165302,0.004310147462966671,-0.9889713748890349,0.7172783174364499,-0.48679876087453394,0.0,0.39460989832878113,-0.4982253909111023,0.04883208125829697,2.772151309422913,0.4870885617914392,0.23202093207275887,2.772151309422913,0.4870885617914392,0.23202093207275887,-0.3258705756167322,0.9072077225598856,-0.810080666785842,-0.3366301241923902,1.236412457870256,-0.31543692157716163,0.0,0.0,0.0,0.0,0.0,0.0,0.0,0.0,0.0
20.6667,-4.411257479730251,-1.6628610326012123,1.0,-4.315619945526123,-1.5810904502868652,0.9219188690185547,0.04079586289201376,-0.1387455602998165,0.004590887620897739,-0.989476842043226,0.7068573257958588,-0.47237891501012164,0.0,0.38815683126449585,-0.46161767840385437,0.057667769491672516,2.7481762636662603,0.34362312951489726,0.17436478387792143,2.7481762636662603,0.34362312951489726,0.17436478387792143,-0.3872841157869132,2.197030563624136,0.5302783421809493,-0.3515841083419968,1.5200044804350077,-0.06576631811209013,0.0,0.0,0.0,0.0,0.0,0.0,0.0,0.0,0.0
20.6834,-4.399529522430377,-1.6706390481800748,1.0,-4.310708522796631,-1.5859527587890625,0.9227556586265564,0.03632242273284778,-0.13566024766978105,0.004262184349361264,-0.9900802584733565,0.6962615988066735,-0.45824391813209586,0.0,0.3908632695674896,-0.4460899829864502,0.06771524250507355,2.6930112531083643,0.2993282819067752,0.11247780494581328,2.6930112531083643,0.2993282819067752,0.11247780494581328,0.161946287181682,0.9291372423140024,0.601214869106213,-0.19998054950552654,1.345569672135739,0.1311387191372704,0.0,0.0,0.0,0.0,0.0,0.0,0.0,0.0,0.0
20.7,-4.388047111364181,-1.678139887927124,1.0,-4.300967693328857,-1.5954140424728394,0.9246283173561096,0.03522407586065389,-0.13388736156059455,0.0036211307835105296,-0.9903637381764407,0.6856022244056434,-0.4445204629101889,0.0,0.38049638271331787,-0.43377485871315,0.0788654237985611,2.6913101124275616,0.29661915032789166,0.03871916165907585,2.6913101124275616,0.29661915032789166,0.03871916165907585,-0.6236643000573724,0.7408688324727482,0.6707867183017785,-0.325059736569696,1.1670509318169215,0.2904526719343402,0.0,0.0,0.0,0.0,0.0,0.0,0.0,0.0,0.0
20.7167,-4.376717708077686,-1.685431391991954,1.0,-4.291289806365967,-1.6046305894851685,0.9266240000724792,0.03205705629642404,-0.1357986052367302,0.0030196531084115594,-0.9902131474867113,0.6748045153472888,-0.4310908024007393,0.0,0.3774167597293854,-0.4150072932243347,0.07738938927650452,2.645294354920547,0.2534924593645667,0.04004107012109337,2.645294354920547,0.2534924593645667,0.04004107012109337,-0.18490981318445351,1.126860997781118,-0.08862554577338773,-0.2836849175890312,1.1551861287159921,0.1785418534456459,0.0,0.0,0.0,0.0,0.0,0.0,0.0,0.0,0.0
20.7334,-4.3655212235570815,-1.6925319855616967,1.0,-4.286533355712891,-1.6091248989105225,0.9276247620582581,0.03205705629642404,-0.1357986052367302,0.0030196531084115594,-0.9902131474867113,0.663856071096057,-0.4179257698963486,0.0,0.37765708565711975,-0.4104565382003784,0.07517404854297638,2.6031379225012206,0.271549427859502,0.05075371658897332,2.6031379225012206,0.271549427859502,0.05075371658897332,0.014348754448398577,0.2717046263345196,-0.13226779359430604,-0.19569993027800767,0.8943662413349602,0.086785164800346,0.0,0.0,0.0,0.0,0.0,0.0,0.0,0.0,0.0
20.75,-4.3545693797397185,-1.6993773634232583,1.0,-4.276989936828613,-1.6180179119110107,0.9295645952224731,0.027451369863342994,-0.13634969108607833,0.0032864005126370384,-0.9902749769134768,0.6528760248973329,-0.40515019173609546,0.0,0.3775496482849121,-0.40368127822875977,0.07340553402900696,2.5384359105726118,0.2976129491089807,0.054006194229190285,2.5384359105726118,0.2976129491089807,0.054006194229190285,-0.0064663213178739526,0.4077818275743313,-0.10644138876133624,-0.13983471018607949,0.7507176288214922,0.029741154480792995,0.0,0.0,0.0,0.0,0.0,0.0,0.0,0.0,0.0
20.7667,-4.343791391414179,-1.7060186198308775,1.0,-4.267510890960693,-1.6267318725585938,0.9316413998603821,0.021688357311933134,-0.13350577979924513,0.0031628259528030706,-0.9908056900299259,0.6418045582231712,-0.39267453769650895,0.0,0.3735105097293854,-0.3813248574733734,0.08579433709383011,2.496874105507349,0.22880628248044957,-0.028434767575033604,2.496874105507349,0.22880628248044957,-0.028434767575033604,-0.24264010827687946,1.3430003150914482,0.7442231742598931,-0.1701847427333675,0.9255703032852565,0.2406693057009799,0.0,0.0,0.0,0.0,0.0,0.0,0.0,0.0,0.0
20.7834,-4.333182557501672,-1.7124642486412098,1.0,-4.2627949714660645,-1.630923867225647,0.9327665567398071,0.01998363846185694,-0.12967685978421986,0.0015637745202997785,-0.9913536833542645,0.6306449680227901,-0.38048758183089054,0.0,0.37687310576438904,-0.37630417943000793,0.08659791946411133,2.43404891409323,0.24086547989390353,-0.03663958706083115,2.43404891409323,0.24086547989390353,-0.03663958706083115,0.20163480921268961,0.30106008835260983,0.04818603728537321,-0.060416815048150455,0.7412034733199743,0.1838447267419804,0.0,0.0,0.0,0.0,0.0,0.0,0.0,0.0,0.0
20.8,-4.322776132246156,-1.7186997944107607,1.0,-4.253477573394775,-1.6392637491226196,0.9349902868270874,0.0201692847928353,-0.12981547023226006,0.0006544562636772336,-0.9913329049579487,0.6194412091711585,-0.36862149290427215,0.0,0.3630298972129822,-0.37034597992897034,0.08257964998483658,2.4508000495676328,0.26751821560430605,-0.021484050174747082,2.4508000495676328,0.26751821560430605,-0.021484050174747082,-0.8315211164735704,0.35789164649777305,-0.2413657145516777,-0.28806089872695895,0.6280428160406819,0.05831483266666039,0.0,0.0,0.0,0.0,0.0,0.0,0.0,0.0,0.0
20.8167,-4.312519269908993,-1.7247622236305387,1.0,-4.24892520904541,-1.6433968544006348,0.9360654354095459,0.0201692847928353,-0.12981547023226006,0.0006544562636772336,-0.9913329049579487,0.6081444368241123,-0.35701034770823425,0.0,0.36351221799850464,-0.37111547589302063,0.0801612138748169,2.4047823311098044,0.3130308429704103,-0.010212599731387328,2.4047823311098044,0.3130308429704103,-0.010212599731387328,0.028865773440063924,-0.046052537705292294,-0.1447377573734001,-0.19449835245991032,0.429037546802813,-0.0016300032171905551,0.0,0.0,0.0,0.0,0.0,0.0,0.0,0.0,0.0
20.8333,-4.302504339171915,-1.7306025106712057,1.0,-4.239882946014404,-1.65164315700531,0.9382283091545105,0.017940459344814006,-0.1295286661964995,0.0001933275941195158,-0.991413363291756,0.5968657346484157,-0.3457526989580056,0.0,0.35576996207237244,-0.3562961518764496,0.08181033283472061,2.3851649621807254,0.2850054691828858,-0.028868342095064392,2.3851649621807254,0.2850054691828858,-0.028868342095064392,-0.46582856364131914,0.8916347491787523,0.09922259399520879,-0.2745999900523747,0.5656046960880465,0.028143526818376386,0.0,0.0,0.0,0.0,0.0,0.0,0.0,0.0,0.0
20.85,-4.292644916920934,-1.7362764955245553,1.0,-4.231009483337402,-1.6594955921173096,0.9404606819152832,0.015262064000439142,-0.126512147759946,-0.0004121540315879797,-0.9918476444188122,0.5855171806978314,-0.33474544790977323,0.0,0.3539276719093323,-0.3418504595756531,0.07851824909448624,2.3303531767592363,0.25685847090421016,-0.018291812229461968,2.3303531767592363,0.25685847090421016,-0.018291812229461968,-0.1104679838167808,0.8661971579293485,-0.19740096355916453,-0.22614522188054909,0.6543450849175837,-0.03844132914194929,0.0,0.0,0.0,0.0,0.0,0.0,0.0,0.0,0.0
20.8667,-4.282977017389376,-1.7417681198380819,1.0,-4.2266082763671875,-1.6633493900299072,0.9415439367294312,0.015755798525676074,-0.12324892274563394,-0.0012659227418731168,-0.9922499360878487,0.5741476206310486,-0.3240235650435377,0.0,0.34550347924232483,-0.33425065875053406,0.07656934857368469,2.3369364552521508,0.24927604843385948,-0.010065396992684938,2.3369364552521508,0.24927604843385948,-0.010065396992684938,-0.5052568924097695,0.45581243207687466,-0.11688899573871761,-0.3085440884985058,0.595734617108363,-0.061600514152524946,0.0,0.0,0.0,0.0,0.0,0.0,0.0,0.0,0.0
20.8833,-4.273513984620191,-1.74707484720859,1.0,-4.217970371246338,-1.6709059476852417,0.94355309009552,0.016016234439337015,-0.12197477083158897,-0.0017607688902395225,-0.9924024655326097,0.5627818591932738,-0.31359618684372853,0.0,0.3457607328891754,-0.3263775706291199,0.06354490667581558,2.2697838800254235,0.2580998208522143,0.05991481540648813,2.2697838800254235,0.2580998208522143,0.05991481540648813,0.01545358196556959,0.4729472802268626,-0.7823962182406692,-0.21289405429363684,0.5594855510091593,-0.27439258037942726,0.0,0.0,0.0,0.0,0.0,0.0,0.0,0.0,0.0
20.9,-4.264226148495518,-1.7522180042898485,1.0,-4.209592342376709,-1.678244948387146,0.9453915357589722,0.015808945701648314,-0.12136426319419656,-0.001986465264015391,-0.9924802264681123,0.5513926498175369,-0.3034252642882638,0.0,0.3280657231807709,-0.31258779764175415,0.056523825973272324,2.3111467818165217,0.22993479143643336,0.09466982041810645,2.3111467818165217,0.22993479143643336,0.09466982041810645,-1.061428285399654,0.827174177309326,-0.4211567992649057,-0.4633968684436291,0.6385121261854284,-0.3177200602848836,0.0,0.0,0.0,0.0,0.0,0.0,0.0,0.0,0.0
20.9167,-4.255124067263221,-1.757196066503269,1.0,-4.205503463745117,-1.681857943534851,0.9462480545043945,0.015808945701648314,-0.12136426319419656,-0.001986465264015391,-0.9924802264681123,0.540000513861011,-0.2935173239657367,0.0,0.3246818780899048,-0.31224140524864197,0.05216905102133751,2.2877167504178115,0.2633285823652074,0.11830981046994005,2.2877167504178115,0.2633285823652074,0.11830981046994005,-0.20278142904087668,0.02075802603191839,-0.26096569558943294,-0.38645842732000935,0.4561398247881783,-0.300965134496004,0.0,0.0,0.0,0.0,0.0,0.0,0.0,0.0,0.0
20.9333,-4.246221759427565,-1.7620057837549241,1.0,-4.1975579261779785,-1.68899667263031,0.9478363394737244,0.015132462441268143,-0.11922744431647454,-0.0018592660752095196,-0.9927499662985819,0.5286314256354665,-0.2838824720470189,0.0,0.31219324469566345,-0.2995132505893707,0.04299326613545418,2.299264793462693,0.23963515999662843,0.1671610611366976,2.299264793462693,0.23963515999662843,0.1671610611366976,-0.7496726156400275,0.7640506926952141,-0.5508076375372108,-0.49368589437784904,0.5470407408508586,-0.3747232079028041,0.0,0.0,0.0,0.0,0.0,0.0,0.0,0.0,0.0
20.95,-4.237507993350629,-1.766657511348387,1.0,-4.189699172973633,-1.695945382118225,0.9493373036384583,0.013397766645188578,-0.11573931318179624,-0.0022134260432465722,-0.9931868183833974,0.517279515908911,-0.2745035061102539,0.0,0.31135421991348267,-0.29232943058013916,0.04161261394619942,2.2409850658712567,0.24786214473405627,0.16962835275272603,2.2409850658712567,0.24786214473405627,0.16962835275272603,-0.0503581036604562,0.4311714747717581,-0.08286647491485648,-0.36280742761186846,0.5128340156979138,-0.28856176589850485,0.0,0.0,0.0,0.0,0.0,0.0,0.0,0.0,0.0
20.9667,-4.228980401167074,-1.7711565188450913,1.0,-4.185872554779053,-1.6993529796600342,0.9501135945320129,0.013397766645188578,-0.11573931318179624,-0.0022134260432465722,-0.9931868183833974,0.505949606319449,-0.26537308433669454,0.0,0.30569684505462646,-0.28716015815734863,0.04282937943935394,2.2314979728965216,0.25002455241015603,0.1601206020145174,2.2314979728965216,0.25002455241015603,0.1601206020145174,-0.3371279391915891,0.30804148611209775,0.07250812495560134,-0.3552263732720484,0.4523755178583224,-0.18196733464510817,0.0,0.0,0.0,0.0,0.0,0.0,0.0,0.0,0.0
20.9833,-4.220640329810582,-1.775505951306912,1.0,-4.178288459777832,-1.7060320377349854,0.9515158534049988,0.012228549847223609,-0.11538359378036431,-0.0021960193948115606,-0.9932433373072505,0.49465131904702436,-0.2564879904646249,0.0,0.3058052361011505,-0.2845551669597626,0.03358370065689087,2.1683364328814827,0.2835713165773004,0.21018888226329757,2.1683364328814827,0.2835713165773004,0.21018888226329757,0.006546547627618979,0.15733494132046943,-0.5584158326733386,-0.24842439469953473,0.3652741470452289,-0.29310181181957984,0.0,0.0,0.0,0.0,0.0,0.0,0.0,0.0,0.0
21.0,-4.212486318992084,-1.7797102903709572,1.0,-4.1708574295043945,-1.7124972343444824,0.9529294371604919,0.011389874977061395,-0.11453377106877095,-0.0020259990079185943,-0.9933520761764086,0.4833904835396665,-0.24784213776107064,0.0,0.297477126121521,-0.2665586471557617,0.03948995843529701,2.156280295943662,0.22332738273363148,0.16925324210014203,2.156280295943662,0.22332738273363148,0.16925324210014203,-0.4994298766102858,1.0792364278463276,0.35419340050900044,-0.3225258007250297,0.5760488618195543,-0.10200843416907117,0.0,0.0,0.0,0.0,0.0,0.0,0.0,0.0,0.0
21.0167,-4.204525770555316,-1.7837693602036424,1.0,-4.167191028594971,-1.715666651725769,0.95367431640625,0.011389874977061395,-0.11453377106877095,-0.0020259990079185943,-0.9933520761764086,0.47218536231245384,-0.2394389309623827,0.0,0.3003164529800415,-0.2700595259666443,0.0410085991024971,2.0958845277012217,0.2751666316321204,0.15796072596266875,2.0958845277012217,0.2751666316321204,0.15796072596266875,0.17041096674489153,-0.2101160494533799,0.09114590786159922,-0.17700185729111112,0.3439586108426983,-0.04498574201332278,0.0,0.0,0.0,0.0,0.0,0.0,0.0,0.0,0.0
21.0334,-4.196741255144407,-1.7876954777931373,1.0,-4.159977912902832,-1.7220185995101929,0.955309271812439,0.012049009540923262,-0.11219671778212975,-0.0015729203864264982,-0.9936117850569327,0.46101907000248166,-0.2312557281790981,0.0,0.2884659469127655,-0.2648039758205414,0.05041303485631943,2.1056514072589487,0.29005362910729016,0.09485070743348167,2.1056514072589487,0.29005362910729016,0.09485070743348167,-0.7102284093507087,0.3149773519661637,0.5636297225080018,-0.3344200815344859,0.33540281351591456,0.1346886671134294,0.0,0.0,0.0,0.0,0.0,0.0,0.0,0.0,0.0
21.05,-4.189166247108166,-1.7914751979872845,1.0,-4.1529974937438965,-1.7282845973968506,0.9570477604866028,0.011382135762003583,-0.10967191609044072,-0.001264489749023759,-0.9939019239620818,0.4499479528515444,-0.22332351186357277,0.0,0.28362369537353516,-0.26500043272972107,0.05208241194486618,2.0744337881535886,0.33684276659535517,0.07757025967502962,2.0744337881535886,0.33684276659535517,0.07757025967502962,-0.29124363662436364,-0.011816161181616118,0.10040689754068975,-0.32167360583735355,0.23289742587276233,0.12456806214877252,0.0,0.0,0.0,0.0,0.0,0.0,0.0,0.0,0.0
21.0667,-4.181748659540519,-1.7951376831314354,1.0,-4.1495842933654785,-1.7314003705978394,0.957960844039917,0.010688614638112886,-0.10862997750662258,-0.0014017198877752525,-0.9940238126479752,0.43890348690989284,-0.21558377660223316,0.0,0.2785111963748932,-0.2623296082019806,0.0562971793115139,2.0624895628158133,0.35035108122927994,0.049119566199850695,2.0624895628158133,0.35035108122927994,0.049119566199850695,-0.30630767362797473,0.1600184269919721,0.2525214356626575,-0.31713730179753874,0.21138221335355037,0.162342236684353,0.0,0.0,0.0,0.0,0.0,0.0,0.0,0.0,0.0
21.0833,-4.174531852250212,-1.7986645155225067,1.0,-4.14300537109375,-1.7374608516693115,0.9598602652549744,0.012072332553217978,-0.10849485997865271,-0.002176294669708454,-0.9940213681307616,0.4279575385694764,-0.20807799100928137,0.0,0.26605138182640076,-0.25130826234817505,0.05730171129107475,2.0787411117054537,0.32813071907199676,0.0349319757415163,2.0787411117054537,0.32813071907199676,0.0349319757415163,-0.7483067957272544,0.661915790830207,0.0603297989633151,-0.4444264171279101,0.34438796007499894,0.13222630053159215,0.0,0.0,0.0,0.0,0.0,0.0,0.0,0.0,0.0
21.1001,-4.16744823849479,-1.8020914387267606,1.0,-4.136673927307129,-1.7433664798736572,0.9617400765419006,0.013411480176022813,-0.10786855254142477,-0.0027104216808870405,-0.9940710592651559,0.41701391501811,-0.20073231481852882,0.0,0.2570742070674896,-0.24623839557170868,0.056538891047239304,2.0750641419393947,0.3406289675427008,0.03139296041818973,2.0750641419393947,0.3406289675427008,0.03139296041818973,-0.535360859921515,0.3023454828527555,-0.045491383722914176,-0.4712719266994779,0.3319762523654804,0.07976079189566375,0.0,0.0,0.0,0.0,0.0,0.0,0.0,0.0,0.0
21.1167,-4.160620824373934,-1.8053619572412425,1.0,-4.133613586425781,-1.7462337017059326,0.9626482129096985,0.013411480176022813,-0.10786855254142477,-0.0027104216808870405,-0.9940710592651559,0.4062714209438338,-0.19367066189128204,0.0,0.25280845165252686,-0.23666904866695404,0.05254765972495079,2.059740145894448,0.31044791208357375,0.05203902546482375,2.059740145894448,0.31044791208357375,0.05203902546482375,-0.2571225838902062,0.5768017532514191,-0.2405753754401092,-0.4080511265766936,0.40425321503753375,-0.014808299662420976,0.0,0.0,0.0,0.0,0.0,0.0,0.0,0.0,0.0
21.1334,-4.153938607173067,-1.8085322378048234,1.0,-4.127615451812744,-1.7518597841262817,0.9644234776496887,0.014831249451672916,-0.10553173106245038,-0.003196922753248281,-0.9943002116805096,0.39556477180255895,-0.18677468016263432,0.0,0.24866685271263123,-0.234558567404747,0.04605914279818535,2.028819070428248,0.3385875737969203,0.08327965234444612,2.028819070428248,0.3385875737969203,0.08327965234444612,-0.2485032831208961,0.1266326194870034,-0.38932252549962093,-0.36094968704473185,0.32229454100648497,-0.12537174433234227,0.0,0.0,0.0,0.0,0.0,0.0,0.0,0.0,0.0
21.15,-4.147428652872723,-1.8115917526557472,1.0,-4.121964454650879,-1.7573026418685913,0.9659554958343506,0.014831249451672916,-0.10553173106245038,-0.003196922753248281,-0.9943002116805096,0.3849432021231792,-0.1800692119124189,0.0,0.23100849986076355,-0.21928554773330688,0.028312304988503456,2.0807040196470528,0.28656176570167535,0.18323641049095052,2.0807040196470528,0.28656176570167535,0.18323641049095052,-1.0585633227092772,0.9155700187231123,-1.0638677206754612,-0.566897982961555,0.49744030565110275,-0.4024329099566936,0.0,0.0,0.0,0.0,0.0,0.0,0.0,0.0,0.0
21.1667,-4.141108901401056,-1.8145346003821223,1.0,-4.11923360824585,-1.7599115371704102,0.9665644764900208,0.016346944954533812,-0.10479011511605268,-0.003530304324969424,-0.9943537381781186,0.3744439249505016,-0.1735696405486515,0.0,0.23217763006687164,-0.2165890634059906,0.018913868814706802,2.0343447576544165,0.29547682976333794,0.2376949984829242,2.0343447576544165,0.29547682976333794,0.2376949984829242,0.07025138964499585,0.1620279504885247,-0.5647388103134581,-0.37879984263809013,0.39842044789075665,-0.4503485782963459,0.0,0.0,0.0,0.0,0.0,0.0,0.0,0.0,0.0
21.1834,-4.134948906299252,-1.8173773201703831,1.0,-4.113952159881592,-1.7650097608566284,0.967670202255249,0.016380617652315986,-0.1035359012955314,-0.003497261195736881,-0.9944847305832905,0.3640238687877768,-0.16724173221369434,0.0,0.2153189331293106,-0.2037145048379898,0.014319440349936485,2.083382025408747,0.25552665398736685,0.2608121255313325,2.083382025408747,0.25552665398736685,0.2608121255313325,-1.0100922804411177,0.7713818138963487,-0.275276122614422,-0.5651689087571317,0.5085254599559129,-0.39866398948334336,0.0,0.0,0.0,0.0,0.0,0.0,0.0,0.0,0.0
21.2,-4.12896801323689,-1.8201131923674645,1.0,-4.108922004699707,-1.769878625869751,0.9686312079429626,0.015092204298406147,-0.10279149838877594,-0.003406645471438487,-0.9945825955655326,0.35372291502694525,-0.16110260797837717,0.0,0.21448011696338654,-0.19886994361877441,0.005984564311802387,2.037651754512285,0.26233171498549895,0.30706239754484166,2.037651754512285,0.26233171498549895,0.30706239754484166,-0.05030886705847025,0.29055756938784266,-0.49989281035062133,-0.4131728140671311,0.4441773547410307,-0.4285485876182774,0.0,0.0,0.0,0.0,0.0,0.0,0.0,0.0,0.0
21.2168,-4.123131002917324,-1.8227603660482417,1.0,-4.106455326080322,-1.7722841501235962,0.9691269397735596,0.013426847970661092,-0.10241595679765371,-0.0035024452581037062,-0.9946449307544803,0.3434869501959446,-0.15511350974608473,0.0,0.20948024094104767,-0.194926455616951,0.015144024975597858,2.029718842307868,0.2619812435044848,0.250660536026162,2.029718842307868,0.2619812435044848,0.250660536026162,-0.2986981540565178,0.2355883588764813,0.547196366510939,-0.3793778021155869,0.38259807066585205,-0.1404908429313871,0.0,0.0,0.0,0.0,0.0,0.0,0.0,0.0,0.0
21.2334,-4.117507172837321,-1.8252895721938287,1.0,-4.10181188583374,-1.7768580913543701,0.9703373312950134,0.013193185842516698,-0.10261589091027726,-0.003071578025776851,-0.9946288728051976,0.33344583611418444,-0.14934307790322313,0.0,0.1972210854291916,-0.18411748111248016,0.02265527844429016,2.054769798892626,0.2309406214077634,0.20052702586754556,2.054769798892626,0.2309406214077634,0.20052702586754556,-0.7376287513628278,0.6503719085327365,0.4519492808393585,-0.4851400302832886,0.461649801854075,0.034408309960182196,0.0,0.0,0.0,0.0,0.0,0.0,0.0,0.0,0.0
21.25,-4.112047653151729,-1.827724981776736,1.0,-4.097445487976074,-1.7813189029693604,0.9716074466705322,0.013193185842516698,-0.10261589091027726,-0.003071578025776851,-0.9946288728051976,0.3235218330751951,-0.14373888189495082,0.0,0.18153786659240723,-0.1789408177137375,0.02824203111231327,2.101883399165258,0.23288626807305723,0.16159976464628478,2.101883399165258,0.23288626807305723,0.16159976464628478,-0.9435721304185672,0.31145107152078494,0.33612386410907424,-0.6204775652592114,0.41730839139476733,0.12348025616629664,0.0,0.0,0.0,0.0,0.0,0.0,0.0,0.0,0.0
21.2668,-4.106708678863351,-1.8300877321720252,1.0,-4.095435619354248,-1.7834714651107788,0.9722898006439209,0.01325146439729514,-0.10241000355530154,-0.0034788430229376354,-0.994647965327573,0.3136405962611414,-0.13825380423016567,0.0,0.17154918611049652,-0.1726243942975998,0.029328465461730957,2.1266045527161497,0.21625982741795483,0.15260016984378133,2.1266045527161497,0.21625982741795483,0.15260016984378133,-0.594744154848601,0.37609130786593414,0.06468827190068566,-0.6128805921622837,0.4051403549897186,0.10612378783761052,0.0,0.0,0.0,0.0,0.0,0.0,0.0,0.0,0.0
21.2834,-4.101572774990928,-1.8323430591440408,1.0,-4.091609477996826,-1.7876436710357666,0.9737520813941956,0.013494620103066613,-0.10152937676580279,-0.004221976255881706,-0.9947320904372008,0.30396218678807096,-0.13297063142195786,0.0,0.16007894277572632,-0.16477784514427185,0.040602944791316986,2.151512942324124,0.20023662248626334,0.07851509269504398,2.151512942324124,0.20023662248626334,0.07851509269504398,-0.6895765548181805,0.47172463342267834,0.6778074698639758,-0.6355226421526564,0.4247972509806584,0.27489525974932083,0.0,0.0,0.0,0.0,0.0,0.0,0.0,0.0,0.0
21.3,-4.09660132350105,-1.8345098340963932,1.0,-4.089850902557373,-1.7896209955215454,0.974566638469696,0.013473839072572711,-0.10163409324510615,-0.005279145657080461,-0.9947166225437973,0.29442359761580694,-0.12784789875286579,0.0,0.1512124389410019,-0.15635021030902863,0.04456165060400963,2.1714002581686773,0.16948086205642296,0.051532975066679754,2.1714002581686773,0.16948086205642296,0.051532975066679754,-0.5350677308893141,0.5085832625929816,0.23889638756600434,-0.6058665162779763,0.449532413011698,0.26426773470959153,0.0,0.0,0.0,0.0,0.0,0.0,0.0,0.0,0.0
21.3167,-4.09178135235874,-1.836595298386927,1.0,-4.086568355560303,-1.7935945987701416,0.9762570858001709,0.01260423631813759,-0.10260528044116464,-0.005896849868856143,-0.9946248267077407,0.2850073380032944,-0.12287056147568932,0.0,0.1347651332616806,-0.1620769202709198,0.04933246970176697,2.2293546572488063,0.23341896412339214,0.015245000567079003,2.2293546572488063,0.23341896412339214,0.015245000567079003,-0.989656557541675,-0.3445838593521361,0.28706661729262906,-0.7191683512009874,0.21509477490940232,0.27099838155583833,0.0,0.0,0.0,0.0,0.0,0.0,0.0,0.0,0.0
21.3333,-4.087112698738906,-1.8386009897430047,1.0,-4.085109233856201,-1.795563817024231,0.977158784866333,0.01260423631813759,-0.10260528044116464,-0.005896849868856143,-0.9946248267077407,0.2757200374766197,-0.11803689000784745,0.0,0.12932051718235016,-0.16107596457004547,0.05253322422504425,2.2306687412158035,0.2467251675566565,-0.007707345850276326,2.2306687412158035,0.2467251675566565,-0.007707345850276326,-0.32697663263698973,0.0601124339571312,0.19222143869646768,-0.6033861875768445,0.16934115516268544,0.24774198817417886,0.0,0.0,0.0,0.0,0.0,0.0,0.0,0.0,0.0
21.35,-4.082594741821155,-1.8405285844218449,1.0,-4.08244514465332,-1.7994693517684937,0.9790016412734985,0.011197853935245762,-0.10342443078375418,-0.005915352335352453,-0.9945567595473954,0.2665676064109389,-0.11334483413230058,0.0,0.10780420154333115,-0.1575610637664795,0.058337632566690445,2.322651204742502,0.25442104350244255,-0.05104826347898772,2.322651204742502,0.25442104350244255,-0.05104826347898772,-1.2912202934527557,0.21093347593429862,0.3483296103273622,-0.8064473875542105,0.18161996846022055,0.27743729272917017,0.0,0.0,0.0,0.0,0.0,0.0,0.0,0.0,0.0
21.3667,-4.078224356817644,-1.8423807561022134,1.0,-4.08035135269165,-1.8032922744750977,0.9809737205505371,0.00978923776938285,-0.10418973852737107,-0.005765857463684301,-0.9944925698971133,0.2575509114444028,-0.10878988599004813,0.0,0.08935806900262833,-0.15717245638370514,0.05844529718160629,2.3993477470139823,0.2802593840193801,-0.060919776555619976,2.3993477470139823,0.2802593840193801,-0.060919776555619976,-1.105614443110692,0.023292141815999316,0.006453144202463631,-0.894766970395533,0.13487870018995538,0.19743781915755163,0.0,0.0,0.0,0.0,0.0,0.0,0.0,0.0,0.0
21.3833,-4.074005505259565,-1.8441571185308165,1.0,-4.079452037811279,-1.80522620677948,0.9819375872612,0.0091295605648464,-0.10544983973579371,-0.006233308160518572,-0.9943632212190335,0.2486856505474811,-0.10437508858038791,0.0,0.0777212604880333,-0.15952196717262268,0.06012612208724022,2.4415140362240915,0.3128407512843575,-0.07522207443342488,2.4415140362240915,0.3128407512843575,-0.07522207443342488,-0.6983190617220362,-0.1409929679228546,0.10086546234297651,-0.8367719571684906,0.0534363415046317,0.1689278943197336,0.0,0.0,0.0,0.0,0.0,0.0,0.0,0.0,0.0
21.4,-4.0699318136766465,-1.8458615880635767,1.0,-4.078031539916992,-1.8089895248413086,0.9839257597923279,0.010460663407941712,-0.10790701154069096,-0.006738143111982116,-0.994083197557527,0.23996611526199724,-0.10009284961524714,0.0,0.06397543102502823,-0.1544370800256729,0.060939010232686996,2.4940671260711937,0.3097650885466621,-0.08950412887962322,2.4940671260711937,0.3097650885466621,-0.08950412887962322,-0.8242435452050094,0.3049059658603534,0.048743352204494765,-0.8330733409681851,0.12767477086326906,0.13344722080824384,0.0,0.0,0.0,0.0,0.0,0.0,0.0,0.0,0.0
21.4167,-4.066005675953606,-1.847494331359872,1.0,-4.076909065246582,-1.8127557039260864,0.985967218875885,0.011570110706362168,-0.11063683657696124,-0.006798286664807165,-0.9937703415010307,0.2314052046962298,-0.09594492239228963,0.0,0.044567354023456573,-0.15253442525863647,0.06590993702411652,2.5824696027144878,0.3255945818617549,-0.12906952723208853,2.5824696027144878,0.3255945818617549,-0.12906952723208853,-1.165235828800458,0.1142329301460063,0.29844801209561983,-0.93113377849301,0.12370649379960684,0.1821584702066184,0.0,0.0,0.0,0.0,0.0,0.0,0.0,0.0,0.0
21.4334,-4.0622125385202335,-1.8490624776146805,1.0,-4.076169967651367,-1.816547155380249,0.987974226474762,0.010683709798617427,-0.11335849039297649,-0.006269891625026065,-0.9934769572885463,0.22297854721117596,-0.09191525249305339,0.0,0.03501684218645096,-0.16249032318592072,0.05655257776379585,2.6139805021138143,0.4125297978398316,-0.0825588341373713,2.6139805021138143,0.4125297978398316,-0.0825588341373713,-0.5720084249607311,-0.5962881979151792,-0.5604399453805512,-0.8251134101983965,-0.08884909893413578,-0.037070154954962714,0.0,0.0,0.0,0.0,0.0,0.0,0.0,0.0,0.0
21.45,-4.058574057470003,-1.850558131843876,1.0,-4.075926303863525,-1.8184900283813477,0.9889110326766968,0.010683709798617427,-0.11335849039297649,-0.006269891625026065,-0.9934769572885463,0.2147424170529908,-0.08802643041129057,0.0,0.025996170938014984,-0.1643836945295334,0.0554068498313427,2.6452902948657235,0.44159585505222365,-0.07999979099626664,2.6452902948657235,0.44159585505222365,-0.07999979099626664,-0.542599132367704,-0.11388749462211387,-0.06891626631292126,-0.7417100317137174,-0.0962408909817755,-0.04647170909674951,0.0,0.0,0.0,0.0,0.0,0.0,0.0,0.0,0.0
21.4667,-4.055060470877881,-1.8519945154664128,1.0,-4.075603008270264,-1.8223538398742676,0.9907119274139404,0.010087463601089874,-0.11604210140985458,-0.0060461340062817085,-0.9931746379441778,0.2066374488299258,-0.08424634528425383,0.0,0.024494582787156105,-0.16489464044570923,0.050746094435453415,2.6314395849426555,0.47181635216218054,-0.0607298954512725,2.6314395849426555,0.47181635216218054,-0.0607298954512725,-0.09002711894994139,-0.030633558706652565,-0.27943373166757196,-0.5493213246983214,-0.07687240735281214,-0.1152463561348532,0.0,0.0,0.0,0.0,0.0,0.0,0.0,0.0,0.0
21.4833,-4.051683291561131,-1.853367807313978,1.0,-4.075450897216797,-1.8243361711502075,0.9915968775749207,0.011008941223507809,-0.1188315905785481,-0.006177210705150596,-0.9928341757019068,0.19869740850252884,-0.08058709202697675,0.0,0.02335122600197792,-0.17106865346431732,0.052705541253089905,2.616746650038527,0.5263935837030351,-0.07663127944517889,2.616746650038527,0.5263935837030351,-0.07663127944517889,-0.0686152142264383,-0.37051533816943527,0.11759047123377832,-0.407408094756678,-0.16356116760345793,-0.046508669008697934,0.0,0.0,0.0,0.0,0.0,0.0,0.0,0.0,0.0
21.5,-4.048435550882411,-1.854681704814964,1.0,-4.075250148773193,-1.8282490968704224,0.9934877753257751,0.014052428374752228,-0.12169143337411843,-0.007063516782486199,-0.9924434322693623,0.1909137873737581,-0.0770410713887867,0.0,0.020572181791067123,-0.15957893431186676,0.06134149432182312,2.6120607303416135,0.484472312892304,-0.13768430708385715,2.6120607303416135,0.484472312892304,-0.13768430708385715,-0.16666175166931183,0.6890486709847152,0.5179057821816154,-0.3363353740237771,0.0881448403673895,0.12011679309647409,0.0,0.0,0.0,0.0,0.0,0.0,0.0,0.0,0.0
21.5167,-4.045317768455464,-1.8559368049652354,1.0,-4.075089931488037,-1.8319830894470215,0.995448887348175,0.017628762326651698,-0.12482690075388182,-0.008506835609741763,-0.9919855067602914,0.18329567402544977,-0.07360893019994155,0.0,0.01972837559878826,-0.1579095721244812,0.0604369230568409,2.5964340968227417,0.5004023957844581,-0.14191070995390298,2.5964340968227417,0.5004023957844581,-0.14191070995390298,-0.05061973035885407,0.10014463578242773,-0.054265012443325655,-0.25198689383170664,0.09168739930077881,0.06863609682881966,0.0,0.0,0.0,0.0,0.0,0.0,0.0,0.0,0.0
21.5333,-4.042327092204976,-1.8571350215260343,1.0,-4.075063705444336,-1.8337959051132202,0.9963972568511963,0.017628762326651698,-0.12482690075388182,-0.008506835609741763,-0.9919855067602914,0.1758442010416488,-0.07028778894767324,0.0,0.01696634665131569,-0.15005631744861603,0.057042937725782394,2.593466821390887,0.46941867334082804,-0.12616867956718458,2.593466821390887,0.46941867334082804,-0.12616867956718458,-0.1658951349309772,0.4716883019246191,-0.20385219168862412,-0.22657103305771642,0.2038706112411299,-0.011807426360059561,0.0,0.0,0.0,0.0,0.0,0.0,0.0,0.0,0.0
21.55,-4.0394567130557055,-1.8582797877383406,1.0,-4.0750250816345215,-1.8372862339019775,0.9981428980827332,0.01980370829720787,-0.12661195676557585,-0.009750799843540776,-0.9917067896510888,0.16855024163940033,-0.06707042098278772,0.0,0.01970485970377922,-0.14827559888362885,0.0496162511408329,2.5578981888052224,0.48309318627445474,-0.09027484693733179,2.5578981888052224,0.48309318627445474,-0.09027484693733179,0.1642686419346996,0.10681571156843957,-0.44548691060166185,-0.11118801740794945,0.17521823093189468,-0.1398375367069752,0.0,0.0,0.0,0.0,0.0,0.0,0.0,0.0,0.0
21.5667,-4.036706937713428,-1.859371637926346,1.0,-4.075125694274902,-1.8405685424804688,0.9998009204864502,0.02011203356748932,-0.12657594228352329,-0.010107488622488472,-0.991701521295025,0.16142237711692245,-0.06395762025113823,0.0,0.015628589317202568,-0.13374271988868713,0.044364530593156815,2.564409656808616,0.41904216974987574,-0.06704799883804746,2.564409656808616,0.41904216974987574,-0.06704799883804746,-0.24454497221586521,0.8718613224819063,-0.3150629702205567,-0.15055742790575932,0.38088000448693815,-0.19156728737194312,0.0,0.0,0.0,0.0,0.0,0.0,0.0,0.0,0.0
21.5837,-4.034021031340903,-1.8604335853637013,1.0,-4.07524299621582,-1.8437621593475342,1.0013437271118164,0.019759248640384943,-0.12650027288537805,-0.00974814459208464,-0.9917219203697042,0.15431728652891488,-0.06088480379133768,0.0,0.011589396744966507,-0.12945525348186493,0.040624894201755524,2.570916029853235,0.41598372418437884,-0.05236994059718647,2.570916029853235,0.41598372418437884,-0.05236994059718647,-0.23739037584423955,0.25198186111033266,-0.21978493785556147,-0.17619210123081386,0.34282691661980347,-0.1998976535442468,0.0,0.0,0.0,0.0,0.0,0.0,0.0,0.0,0.0
21.6,-4.031557281760983,-1.8614037561750223,1.0,-4.075343608856201,-1.8452481031417847,1.0020509958267212,0.02052885009419387,-0.1267130933969338,-0.009572729408582278,-0.9916807850455577,0.14766612957694047,-0.05803482022806998,0.0,0.015161947347223759,-0.12298838794231415,0.034857526421546936,2.5329162784661756,0.39084409170559536,-0.02136901510793443,2.5329162784661756,0.39084409170559536,-0.02136901510793443,0.21892880721830985,0.39629478113494243,-0.3534289893927883,-0.059545187214164866,0.3586116074862812,-0.24522291006352326,0.0,0.0,0.0,0.0,0.0,0.0,0.0,0.0,0.0
21.6167,-4.029139540339161,-1.862352150028022,1.0,-4.075395107269287,-1.8481615781784058,1.0033105611801147,0.0221820286168973,-0.12710013844352147,-0.009376451535067052,-0.9915975450197486,0.1410048477605329,-0.0552055688716881,0.0,0.02049403265118599,-0.11747224628925323,0.02774902433156967,2.484175623040631,0.37854193634295064,0.014873245699577708,2.484175623040631,0.37854193634295064,0.014873245699577708,0.3182727090389651,0.3292590510616497,-0.4243072059828087,0.051993561345542755,0.34994619633688945,-0.2980918674412085,0.0,0.0,0.0,0.0,0.0,0.0,0.0,0.0,0.0
21.6333,-4.0268560325666485,-1.8632445647100304,1.0,-4.07542610168457,-1.849509835243225,1.0038902759552002,0.0221820286168973,-0.12710013844352147,-0.009376451535067052,-0.9915975450197486,0.13458135005360064,-0.052500497256326106,0.0,0.024891909211874008,-0.11101678013801575,0.02381390705704689,2.441639116414858,0.35251747269984623,0.0354564361759504,2.441639116414858,0.35251747269984623,0.0354564361759504,0.26537997424756865,0.38954059244978995,-0.23745580544685504,0.11498913061521798,0.36163518575800313,-0.2801909936617733,0.0,0.0,0.0,0.0,0.0,0.0,0.0,0.0,0.0
21.65,-4.024665526192248,-1.8640976034393995,1.0,-4.075348377227783,-1.8520033359527588,1.0049357414245605,0.022355173138936122,-0.12694691884411619,-0.00887857081360781,-0.9916179019475794,0.12828888817358933,-0.0498721389273836,0.0,0.027928495779633522,-0.09526804089546204,0.021869579330086708,2.407160759709815,0.2763198386656033,0.04173054592657088,2.407160759709815,0.2763198386656033,0.04173054592657088,0.18219015531348792,0.9448982219234126,-0.11665643730241607,0.13482810137628853,0.5338250946537925,-0.2319126036133332,0.0,0.0,0.0,0.0,0.0,0.0,0.0,0.0,0.0
21.6667,-4.022577363983029,-1.8649080280430286,1.0,-4.0752739906311035,-1.8542065620422363,1.0058964490890503,0.02145246140081766,-0.12627781655058148,-0.008635425644548483,-0.9917253342644337,0.1221612712023013,-0.047332612653720685,0.0,0.03579980507493019,-0.08852921426296234,0.009643111377954483,2.34421646689677,0.25255596421444204,0.11008910412592066,2.34421646689677,0.25255596421444204,0.11008910412592066,0.4718874842774038,0.40399479010334033,-0.7329806245801352,0.23433419182868398,0.495496815770515,-0.37983704169892973,0.0,0.0,0.0,0.0,0.0,0.0,0.0,0.0,0.0
21.6833,-4.020590126569252,-1.865676785911994,1.0,-4.075150966644287,-1.856274962425232,1.0067306756973267,0.019964883114269593,-0.12507875451551473,-0.00804140796163595,-0.9919133092087923,0.11620255415562479,-0.044881521729253034,0.0,0.033349357545375824,-0.07839056849479675,0.01312919333577156,2.34349918974939,0.20754043054746735,0.08477702741193305,2.34349918974939,0.20754043054746735,0.08477702741193305,-0.14696392185600915,0.6080583756345178,0.20907539143490383,0.1217680194733281,0.5287270455919948,-0.2059793275609216,0.0,0.0,0.0,0.0,0.0,0.0,0.0,0.0,0.0
21.7,-4.018702852789832,-1.866404621027219,1.0,-4.075113773345947,-1.8571851253509521,1.007140040397644,0.01937008044630354,-0.12313843478226265,-0.007374434083951057,-0.9921730602361648,0.11041844510853703,-0.042519210789591026,0.0,0.03691893070936203,-0.0715303122997284,0.008862018585205078,2.3076511360021748,0.1762023132018563,0.10809537045641271,2.3076511360021748,0.1762023132018563,0.10809537045641271,0.21428188063546585,0.411821955059396,-0.2561589827536854,0.14907980221518624,0.49421452612804323,-0.2207932789350213,0.0,0.0,0.0,0.0,0.0,0.0,0.0,0.0,0.0
21.7167,-4.016910156416049,-1.8670939525443049,1.0,-4.075058937072754,-1.8589385747909546,1.0078518390655518,0.018736081209222353,-0.12132878081610644,-0.00662135419475838,-0.9924135501537681,0.10480101777621771,-0.04024056419020863,0.0,0.030116219073534012,-0.06759103387594223,0.004325359594076872,2.3344929914543098,0.16642737380723266,0.1314946894575133,2.3344929914543098,0.16642737380723266,0.1314946894575133,-0.40829742458716123,0.2364347221029736,-0.2722893871544175,-0.015468142627432166,0.418113216396385,-0.2359958713041199,0.0,0.0,0.0,0.0,0.0,0.0,0.0,0.0,0.0
21.7333,-4.015209704549829,-1.8677459887569685,1.0,-4.075040817260742,-1.8597254753112793,1.0081802606582642,0.018736081209222353,-0.12132878081610644,-0.00662135419475838,-0.9924135501537681,0.09935138962831046,-0.03804429427256815,0.0,0.03947652876377106,-0.058046236634254456,0.004164116457104683,2.265092115935105,0.1179914166062888,0.13054747053816307,2.265092115935105,0.1179914166062888,0.13054747053816307,0.5618361197372563,0.57290966040814,-0.009678335590242995,0.15496262733059368,0.46381195596852076,-0.16918279823113244,0.0,0.0,0.0,0.0,0.0,0.0,0.0,0.0,0.0
21.75,-4.0135934969597775,-1.868364076163079,1.0,-4.07492208480835,-1.8611326217651367,1.0089689493179321,0.016410318009626,-0.11855185667662523,-0.00615209118343812,-0.9927932089651541,0.09405186873563295,-0.03592169361578123,0.0,0.03828250616788864,-0.05087629705667496,0.017937850207090378,2.2590261077506195,0.08673763495588337,0.04366178331845738,2.2590261077506195,0.08673763495588337,0.04366178331845738,-0.071431946227357,0.4289388995863643,0.8240083663172159,0.08812681127797255,0.45351679233044934,0.12402538664548238,0.0,0.0,0.0,0.0,0.0,0.0,0.0,0.0,0.0
21.7667,-4.012072507938633,-1.8689442858036152,1.0,-4.074764728546143,-1.8624166250228882,1.0099318027496338,0.0148916933007936,-0.11759249957410813,-0.0062382393417943814,-0.9929307762786937,0.08894741382196623,-0.033889190018111796,0.0,0.04816161096096039,-0.0499325767159462,0.024409279227256775,2.1869494814572654,0.09201606684553147,-0.00031134105715402427,2.1869494814572654,0.09201606684553147,-0.00031134105715402427,0.5941407314205417,0.05675642735263332,0.3891991887842159,0.2375113691991788,0.33638588078128046,0.20230953976447014,0.0,0.0,0.0,0.0,0.0,0.0,0.0,0.0,0.0
21.7833,-4.01063196314278,-1.8694925014452022,1.0,-4.074666976928711,-1.8630326986312866,1.0104705095291138,0.013421421563915317,-0.11803465162512379,-0.005880749772724952,-0.9929014420721302,0.08399768286742718,-0.031929220485976934,0.0,0.046119723469018936,-0.043277475982904434,0.028345301747322083,2.1872257741365955,0.05950273244234716,-0.026969846988192714,2.1872257741365955,0.05950273244234716,-0.026969846988192714,-0.1225764913624068,0.39951216741330203,0.23628325866979633,0.13120685123724274,0.3550219143889626,0.21233920254169486,0.0,0.0,0.0,0.0,0.0,0.0,0.0,0.0,0.0
21.8,-4.009271717959889,-1.8700089919843241,1.0,-4.074519634246826,-1.8640466928482056,1.0116362571716309,0.011082361033613786,-0.1182892765420463,-0.0050597713105812415,-0.9929044344983744,0.07921037772961101,-0.030043535048950118,0.0,0.04546178877353668,-0.03393404930830002,0.03362003341317177,2.179500251855194,0.012665454272275889,-0.06483502207161784,2.179500251855194,0.012665454272275889,-0.06483502207161784,-0.03945862109643102,0.5603576394846717,0.31634391622340424,0.08082328445750558,0.41564077347135786,0.24304329497197094,0.0,0.0,0.0,0.0,0.0,0.0,0.0,0.0,0.0
21.8167,-4.007990338891836,-1.8704945014716892,1.0,-4.074326038360596,-1.8650187253952026,1.0128422975540161,0.009383058053571237,-0.11421851791026554,-0.005231351130869102,-0.9933975947728004,0.07458918129684737,-0.028232330917022392,0.0,0.05036045238375664,-0.039395492523908615,0.039677832275629044,2.138762876137819,0.05426071829608527,-0.10764007496412198,2.138762876137819,0.05426071829608527,-0.10764007496412198,0.2939327111527567,-0.32770096885639893,0.36348387742839977,0.14373708233631144,0.19619270466976318,0.2785995562719703,0.0,0.0,0.0,0.0,0.0,0.0,0.0,0.0,0.0
21.8333,-4.006784613118567,-1.8709504297706117,1.0,-4.074237823486328,-1.8655116558074951,1.013523817062378,0.009383058053571237,-0.11421851791026554,-0.005231351130869102,-0.9933975947728004,0.07013140470281053,-0.026493378419659635,0.0,0.04681849107146263,-0.03217766433954239,0.044481322169303894,2.149752519212995,0.017192840945189594,-0.14031941178880736,2.149752519212995,0.017192840945189594,-0.14031941178880736,-0.21251484135839557,0.43306390903498987,0.2882055456613166,0.0385650030490088,0.2661214136238438,0.28143541991366416,0.0,0.0,0.0,0.0,0.0,0.0,0.0,0.0,0.0
21.85,-4.00565234438186,-1.8713777728904402,1.0,-4.07396936416626,-1.8664021492004395,1.0150026082992554,0.008135801097232288,-0.11129376369963236,-0.0059129499649873095,-0.993736708315919,0.06583790290144668,-0.02482591767659682,0.0,0.058744996786117554,-0.031197233125567436,0.053451720625162125,2.067586086304433,0.019351631512537923,-0.2020355661764892,2.067586086304433,0.019351631512537923,-0.2020355661764892,0.7159904764119887,0.05885876624538402,0.5385248636675922,0.23855338446424823,0.20493369186416058,0.35733292267518646,0.0,0.0,0.0,0.0,0.0,0.0,0.0,0.0,0.0
21.8667,-4.004588254619179,-1.8717786705304391,1.0,-4.073826313018799,-1.8668007850646973,1.0158401727676392,0.005444872333781494,-0.11024258968763428,-0.006615158608027325,-0.9938678271616364,0.06169739512373419,-0.02322457277091555,0.0,0.0584675669670105,-0.025805987417697906,0.06265557557344437,2.0598053649613934,-0.007597693127888938,-0.26197537697315276,2.0598053649613934,-0.007597693127888938,-0.26197537697315276,-0.01661894084378303,0.3229530040489588,0.5513405927761432,0.16322185010818444,0.23977514992508425,0.4146075328740305,0.0,0.0,0.0,0.0,0.0,0.0,0.0,0.0,0.0
21.8833,-4.003593763915482,-1.8721527222369556,1.0,-4.073463439941406,-1.8675202131271362,1.0176379680633545,0.0036019118205895613,-0.11161605538183911,-0.006681202719643861,-0.9937224626811224,0.0577244340135864,-0.02169403773265975,0.0,0.06203567236661911,-0.02611706405878067,0.06927794218063354,2.028413757588788,0.0010809086506008564,-0.31128614838540436,2.028413757588788,0.0010809086506008564,-0.31128614838540436,0.21420909969226365,-0.01867530236885422,0.39756986688613755,0.17827421810744792,0.1634758525666482,0.4095777024675993,0.0,0.0,0.0,0.0,0.0,0.0,0.0,0.0,0.0
21.9,-4.002663959401419,-1.872501898572688,1.0,-4.073227882385254,-1.8682568073272705,1.019559621810913,0.0027943887398329597,-0.11090697680249183,-0.00669093864164985,-0.993804354007779,0.053908770617840086,-0.020229485608355424,0.0,0.049899354577064514,-0.02456253580749035,0.0735270231962204,2.092427009716429,-0.0015289747532626075,-0.34704068480003336,2.092427009716429,-0.0015289747532626075,-0.34704068480003336,-0.7284090014738921,0.09330114709586022,0.25502536382238883,-0.08939524026154921,0.14275899688992902,0.3639510272613157,0.0,0.0,0.0,0.0,0.0,0.0,0.0,0.0,0.0
21.9167,-4.001795191796421,-1.8728276772761085,1.0,-4.073197841644287,-1.8689879179000854,1.0214203596115112,0.0016471620600785534,-0.10722196193335096,-0.006563739452843968,-0.9942120826202734,0.05024434177425937,-0.018827806690381792,0.0,0.04962451383471489,-0.029225213453173637,0.06398000568151474,2.086831389320048,0.032961506848117716,-0.2997771277848482,2.086831389320048,0.032961506848117716,-0.2997771277848482,-0.016470903940675543,-0.2794291521403669,-0.5721422779619363,-0.06786664330136724,0.01812133873085385,0.08759917406649242,0.0,0.0,0.0,0.0,0.0,0.0,0.0,0.0,0.0
21.9333,-4.0009882905046625,-1.873129845092259,1.0,-4.073194980621338,-1.8693978786468506,1.0222734212875366,0.0016471620600785534,-0.10722196193335096,-0.006563739452843968,-0.9942120826202734,0.046744045069868366,-0.017493196390336745,0.0,0.04424009099602699,-0.028890162706375122,0.059406865388154984,2.1125847194633263,0.03566986354412219,-0.27734501085590857,2.1125847194633263,0.03566986354412219,-0.27734501085590857,-0.3235145864370846,0.02013099770083658,-0.27476994936110477,-0.14333858873329297,0.018714626790436624,-0.019378814389388134,0.0,0.0,0.0,0.0,0.0,0.0,0.0,0.0,0.0
21.95,-4.000237514972841,-1.873410639081742,1.0,-4.073297023773193,-1.8700790405273438,1.0238659381866455,0.00027643064267087494,-0.10515776734396928,-0.006489813880555889,-0.9944343650993199,0.04339249294519406,-0.016219109038108446,0.0,0.04403301700949669,-0.02272878773510456,0.05397498607635498,2.1083238626160856,0.004603518392698042,-0.253511576870876,2.1083238626160856,0.004603518392698042,-0.253511576870876,-0.012428718106495328,0.3698098150784906,-0.32602500143100416,-0.10469160221245456,0.12236434353320205,-0.10990637354532774,0.0,0.0,0.0,0.0,0.0,0.0,0.0,0.0,0.0
21.9667,-3.9995409715134773,-1.8736708433377458,1.0,-4.073501110076904,-1.8707057237625122,1.025304913520813,-0.0006685543845040099,-0.10566336093870597,-0.006516703569905899,-0.9943804171332259,0.04019034524682954,-0.015005193286428952,0.0,0.03334934264421463,-0.018071984872221947,0.04561174660921097,2.167958963102157,-0.017881151111417234,-0.21137082677618757,2.167958963102157,-0.017881151111417234,-0.21137082677618757,-0.6407827447769945,0.279304555561911,-0.501608281734853,-0.2629555059305867,0.16869596260677142,-0.2255439361943924,0.0,0.0,0.0,0.0,0.0,0.0,0.0,0.0,0.0
21.9833,-3.998896922494133,-1.8739111749835502,1.0,-4.073739051818848,-1.8709766864776611,1.0259581804275513,-0.0003545392896735928,-0.10653139635721208,-0.0065885217997684355,-0.9942874411854109,0.037139065607242075,-0.013851445577422867,0.0,0.02403974160552025,-0.017819782719016075,0.04161006212234497,2.2200436945319653,-0.015896007211130603,-0.19149199204313838,2.2200436945319653,-0.015896007211130603,-0.19149199204313838,-0.5587924221500329,0.015137990497724605,-0.2401940703798048,-0.3502919707728255,0.1233628425765482,-0.22986892357449762,0.0,0.0,0.0,0.0,0.0,0.0,0.0,0.0,0.0
22.0,-3.9983021302339017,-1.874132902147229,1.0,-4.074336051940918,-1.8716007471084595,1.0271052122116089,0.00029714055035791825,-0.10596614916676429,-0.00596681363738426,-0.9943517994230869,0.034232832185286326,-0.012755157124415708,0.0,0.023030679672956467,-0.029819240793585777,0.034793928265571594,2.224637671050456,0.06119666785824021,-0.1572343193266601,2.224637671050456,0.06119666785824021,-0.1572343193266601,-0.06051261062895869,-0.7195975893967773,-0.4087579173875123,-0.2647438072013865,-0.12549448419407683,-0.2826802242007676,0.0,0.0,0.0,0.0,0.0,0.0,0.0,0.0,0.0
22.0166,-3.9977549742261935,-1.87433668158701,1.0,-4.074681282043457,-1.8719810247421265,1.0276618003845215,0.00029714055035791825,-0.10596614916676429,-0.00596681363738426,-0.9943517994230869,0.03147333190745854,-0.011716504355720636,0.0,0.011561406776309013,-0.027153030037879944,0.03586628660559654,2.2912437156764005,0.04890483548910372,-0.1673732847024052,2.2912437156764005,0.04890483548910372,-0.1673732847024052,-0.688294876128543,0.16000484236167747,0.06435445014379534,-0.3897838242248526,-0.041209864766379924,-0.18022924539037052,0.0,0.0,0.0,0.0,0.0,0.0,0.0,0.0,0.0
22.0333,-3.9972523239503586,-1.8745237253088647,1.0,-4.075604438781738,-1.8726409673690796,1.028742790222168,-0.0014555203398994212,-0.10555511729501786,-0.005561740276346025,-0.9943968544041452,0.028854466981871822,-0.010732776484941019,0.0,0.009708262048661709,-0.025131970643997192,0.0312671884894371,2.3035463805745704,0.04172108267307695,-0.1461419017549428,2.3035463805745704,0.04172108267307695,-0.1461419017549428,-0.11116970613370139,0.12124286654175666,-0.2758987889211494,-0.3075318441806538,0.006749150753827527,-0.20847264324559625,0.0,0.0,0.0,0.0,0.0,0.0,0.0,0.0,0.0
22.05,-3.9967923764231625,-1.8746947442606654,1.0,-4.076578140258789,-1.8733571767807007,1.0298247337341309,-0.003018620510622948,-0.10701165969599372,-0.00509382596417806,-0.9942401524213816,0.026376566339532587,-0.009803724258508202,0.0,0.003498558420687914,-0.027431486174464226,0.03823532164096832,2.342739314058437,0.06058366977515235,-0.194354447073108,2.342739314058437,0.06058366977515235,-0.194354447073108,-0.37263054775130194,-0.13798882893870895,0.418142222015566,-0.3267501713195693,-0.035980146307182596,-0.023484482035483006,0.0,0.0,0.0,0.0,0.0,0.0,0.0,0.0,0.0
22.0666,-3.9963725195476547,-1.8748507444644362,1.0,-4.077140808105469,-1.8737143278121948,1.0304059982299805,-0.0024147246600906645,-0.10916354607205837,-0.00519872947012167,-0.994007291083359,0.02403541712094206,-0.0089274327720794,0.0,-0.00025762245059013367,-0.026967350393533707,0.04046633839607239,2.3656329001236753,0.06090948344354,-0.2116599819281486,2.3656329001236753,0.06090948344354,-0.2116599819281486,-0.2254646009091104,0.02785973098774973,0.13391668813326463,-0.2968488196822456,-0.017133447693119648,0.022983220306211593,0.0,0.0,0.0,0.0,0.0,0.0,0.0,0.0,0.0
22.0833,-3.995990470158283,-1.8749926041051073,1.0,-4.078376293182373,-1.8744277954101562,1.0315289497375488,-3.3490939497921774e-05,-0.1103245020877152,-0.005468385006894379,-0.9938805976567352,0.021828132535355715,-0.008102523814066153,0.0,-0.00536217400804162,-0.03363560512661934,0.033998411148786545,2.400457630731824,0.10566174651438764,-0.1795183053471714,2.400457630731824,0.10566174651438764,-0.1795183053471714,-0.30622519903348305,-0.40003271783282796,-0.388014948295097,-0.2996168982439806,-0.13017231069921442,-0.09835095110479102,0.0,0.0,0.0,0.0,0.0,0.0,0.0,0.0,0.0
22.1,-3.9956440883363564,-1.8751211433831894,1.0,-4.079041004180908,-1.8748507499694824,1.0320322513580322,-3.3490939497921774e-05,-0.1103245020877152,-0.005468385006894379,-0.9938805976567352,0.019752282031132253,-0.007327824271299176,0.0,-0.013627815060317516,-0.03555711731314659,0.030647331848740578,2.4518491183930946,0.12033084656147888,-0.16299627690714935,2.4518491183930946,0.12033084656147888,-0.16299627690714935,-0.4958467251369461,-0.1152694048742813,-0.20102756532652535,-0.3575475297434092,-0.1257727005110762,-0.12866296430007715,0.0,0.0,0.0,0.0,0.0,0.0,0.0,0.0,0.0
22.1167,-3.9953310594748888,-1.87523724305207,1.0,-4.08055305480957,-1.8757214546203613,1.0329673290252686,-0.002162876166813817,-0.11244560545929871,-0.005810322388863268,-0.9936385483057372,0.017803973181875772,-0.006601647648202369,0.0,-0.016673291102051735,-0.038947898894548416,0.02800711803138256,2.4766104038560024,0.1459167555250281,-0.15293034550187024,2.4766104038560024,0.1459167555250281,-0.15293034550187024,-0.18255376927556738,-0.20325228305607956,-0.15826129558966442,-0.3058861731959595,-0.14864608941536542,-0.1374009326817664,0.0,0.0,0.0,0.0,0.0,0.0,0.0,0.0,0.0
22.1333,-3.995049809457408,-1.8753415055325844,1.0,-4.082107067108154,-1.8767703771591187,1.033892273902893,-0.0024394069082498593,-0.11449271476996528,-0.006279374665941033,-0.9934013036954693,0.015983609329868538,-0.005923936833047261,0.0,-0.0213971808552742,-0.04947957396507263,0.03112475387752056,2.512092643567777,0.21510807905762294,-0.1773899637479257,2.512092643567777,0.21510807905762294,-0.1773899637479257,-0.28359998980161455,-0.6322719408422077,0.18716810517577007,-0.2993068845211002,-0.2914212802526263,-0.041582220379151186,0.0,0.0,0.0,0.0,0.0,0.0,0.0,0.0,0.0
22.15,-3.9947978302773857,-1.87543487624653,1.0,-4.083862781524658,-1.8778023719787598,1.0348645448684692,-0.0024394069082498593,-0.11449271476996528,-0.006279374665941033,-0.9934013036954693,0.014285281510735274,-0.005292309919299917,0.0,-0.02947279065847397,-0.0411878302693367,0.03202781081199646,2.569120638982297,0.1711495914686234,-0.18883124532980666,2.569120638982297,0.1711495914686234,-0.18883124532980666,-0.48477283136065036,0.4977471876744286,0.054209834015542926,-0.3540598218913964,-0.05844432445381467,-0.013302655077699142,0.0,0.0,0.0,0.0,0.0,0.0,0.0,0.0,0.0
22.1666,-3.9945730864715,-1.8755181224262947,1.0,-4.084786415100098,-1.8782767057418823,1.0353015661239624,-0.0004905893166667543,-0.1169931292414347,-0.006189391144370227,-0.9931133985732914,0.01270549574754493,-0.0047053106504278035,0.0,-0.029140466824173927,-0.041300684213638306,0.024572517722845078,2.5719372576951436,0.17470217880184483,-0.14746114248997166,2.5719372576951436,0.17470217880184483,-0.14746114248997166,0.019942301845625583,-0.006772211889262465,-0.44738201051577364,-0.24364755912141978,-0.04318977238509765,-0.1414508147104795,0.0,0.0,0.0,0.0,0.0,0.0,0.0,0.0,0.0
22.1833,-3.9943737018254835,-1.875591949815624,1.0,-4.086699485778809,-1.8792650699615479,1.0359936952590942,0.002379326575697679,-0.11930903534683557,-0.006304367747107966,-0.9928343021424523,0.01124138681512194,-0.004161738579244665,0.0,-0.038302529603242874,-0.04376170411705971,0.014963394962251186,2.637062924284348,0.19480013807222418,-0.09446672015790902,2.637062924284348,0.19480013807222418,-0.09446672015790902,-0.5497793436507482,-0.1476761227073736,-0.5766056543999828,-0.33402325725371407,-0.07403605275480714,-0.2699164769514997,0.0,0.0,0.0,0.0,0.0,0.0,0.0,0.0,0.0
22.2006,-3.9941913243425544,-1.875659458752449,1.0,-4.0887579917907715,-1.8802627325057983,1.0364265441894531,0.004825835227921671,-0.12043626334697155,-0.006249366109801239,-0.9926896963052114,0.009838615872288585,-0.003641322922565286,0.0,-0.03723309561610222,-0.049514804035425186,0.0017408961430191994,2.6419510345217883,0.23459853827781674,-0.01855786823533201,2.6419510345217883,0.23459853827781674,-0.01855786823533201,0.061741655196145905,-0.332143840330351,-0.7633748064349621,-0.2171862214852319,-0.15023418922530132,-0.4155943950246918,0.0,0.0,0.0,0.0,0.0,0.0,0.0,0.0,0.0
22.2167,-3.9940433836556157,-1.8757142057370744,1.0,-4.089775085449219,-1.880792260169983,1.0365867614746094,0.004825835227921671,-0.12043626334697155,-0.006249366109801239,-0.9926896963052114,0.008645316716545563,-0.0031989014362494065,0.0,-0.04274888336658478,-0.048156652599573135,0.003556695766746998,2.681396475480155,0.22926299872374656,-0.03142625829012324,2.681396475480155,0.22926299872374656,-0.03142625829012324,-0.34422822617843113,0.08475925485061302,0.11332007536305201,-0.25469134328735604,-0.08085982942948479,-0.25944917610514,0.0,0.0,0.0,0.0,0.0,0.0,0.0,0.0,0.0
22.2333,-3.9939089280235107,-1.8757639509301969,1.0,-4.091938495635986,-1.8817663192749023,1.0369188785552979,0.004263522511801448,-0.12440744478078927,-0.006254634465865088,-0.9922023522958799,0.007506761041965059,-0.002777006405830257,0.0,-0.04380078241229057,-0.04571427404880524,0.002686818828806281,2.700176169863424,0.21956003794653134,-0.02909854465904793,2.700176169863424,0.21956003794653134,-0.02909854465904793,-0.06309685336937246,0.1465030336508209,-0.05217848407288628,-0.198129147985549,-0.013738156611903536,-0.19825907941662027,0.0,0.0,0.0,0.0,0.0,0.0,0.0,0.0,0.0
22.25,-3.993792604108156,-1.8758069790052556,1.0,-4.093028545379639,-1.882277011871338,1.0371015071868896,0.004263522511801448,-0.12440744478078927,-0.006254634465865088,-0.9922023522958799,0.006469226248656966,-0.002392730902409112,0.0,-0.04589780792593956,-0.04829919710755348,0.006364772096276283,2.720160220052039,0.23761023487021368,-0.053315627790068376,2.720160220052039,0.23761023487021368,-0.053315627790068376,-0.1258720680624526,-0.15515767884997925,0.22076583284288823,-0.17679753730980358,-0.05548778437908221,-0.07455526656850225,0.0,0.0,0.0,0.0,0.0,0.0,0.0,0.0,0.0
22.2667,-3.993692728542806,-1.8758439163125584,1.0,-4.09537935256958,-1.883443832397461,1.037604808807373,0.005466946745689073,-0.12718320988193643,-0.007074896431584133,-0.991838962168019,0.005528442885957301,-0.0020444348257351386,0.0,-0.05936387926340103,-0.056686583906412125,0.015390511602163315,2.814963894934369,0.29368101740936947,-0.11124056743765998,2.814963894934369,0.29368101740936947,-0.11124056743765998,-0.80764155513134,-0.5030421975319234,0.5413280613229806,-0.3630342216542899,-0.1876140273403133,0.10726474866386243,0.0,0.0,0.0,0.0,0.0,0.0,0.0,0.0,0.0
22.2833,-3.993607800453835,-1.8758753207901617,1.0,-4.097829818725586,-1.8847476243972778,1.0381892919540405,0.007207205925772076,-0.12811480801635305,-0.008353421081162092,-0.99169798095975,0.004681141435863138,-0.0017308592841738977,0.0,-0.054683439433574677,-0.06771022081375122,0.019920432940125465,2.801663251572048,0.3661899940931852,-0.14261501292132372,2.801663251572048,0.3661899940931852,-0.14261501292132372,0.2809311452653873,-0.6616649404685242,0.27189666691709957,-0.17292387522990793,-0.32756252138539727,0.1558671000004636,0.0,0.0,0.0,0.0,0.0,0.0,0.0,0.0,0.0
22.3,-3.9935362399738334,-1.8759017788367698,1.0,-4.100253582000732,-1.8860336542129517,1.0390280485153198,0.0072356076333123555,-0.1291038101584415,-0.009519582232610074,-0.9915590228002096,0.003922528141917244,-0.0014501907559487143,0.0,-0.05242173746228218,-0.05752589926123619,0.036780573427677155,2.802994778686431,0.3113066982823204,-0.24927018155237413,2.802994778686431,0.3113066982823204,-0.24927018155237413,0.13574302594299123,0.611243498154084,1.0119133805663671,-0.08179976432870839,-0.050409825342649456,0.40858760845287984,0.0,0.0,0.0,0.0,0.0,0.0,0.0,0.0,0.0
22.3167,-3.9934765600915654,-1.8759238418985908,1.0,-4.101401329040527,-1.8866208791732788,1.039536714553833,0.007270989912637251,-0.13141098132948847,-0.010852687051009606,-0.9912419099120137,0.0032477864850016425,-0.0012006157975215765,0.0,-0.0491037592291832,-0.05574261397123337,0.042139682918787,2.7918180063468747,0.3032771843829735,-0.2852871136640669,2.7918180063468747,0.3032771843829735,-0.2852871136640669,0.19891953195351697,0.10691157394834265,0.32128949521876476,0.001073702794996731,-0.003965672822084557,0.3828156098304716,0.0,0.0,0.0,0.0,0.0,0.0,0.0,0.0,0.0
22.3333,-3.993427514427816,-1.8759419719795334,1.0,-4.103763103485107,-1.8877226114273071,1.0407159328460693,0.007270989912637251,-0.13141098132948847,-0.010852687051009606,-0.9912419099120137,0.0026539444418928926,-0.0009810101406438304,0.0,-0.05114906281232834,-0.05172482505440712,0.04774075001478195,2.8190867207771673,0.2843734812092189,-0.32614585283981334,2.8190867207771673,0.2843734812092189,-0.32614585283981334,-0.12280441193311956,0.24123666005783326,0.33630007622824093,-0.03549738086127544,0.0684225375421573,0.36908337412106573,0.0,0.0,0.0,0.0,0.0,0.0,0.0,0.0,0.0
22.3506,-3.993386451236043,-1.8759571501615613,1.0,-4.106056213378906,-1.888824462890625,1.0418483018875122,0.012740365370471716,-0.13534742322342108,-0.010616285377712047,-0.9906593983187446,0.002118289064382329,-0.0007829565493634467,0.0,-0.05232430249452591,-0.05124000087380409,0.044004540890455246,2.8410863703577927,0.2866254636430762,-0.3108350928369372,2.8410863703577927,0.2866254636430762,-0.3108350928369372,-0.06808818857395436,0.028088568429194983,-0.21645942973368695,-0.04511878297820113,0.056515212653842274,0.19622043613481255,0.0,0.0,0.0,0.0,0.0,0.0,0.0,0.0,0.0
22.3667,-3.9933559138338715,-1.875968437035015,1.0,-4.10721492767334,-1.8893173933029175,1.0423349142074585,0.012740365370471716,-0.13534742322342108,-0.010616285377712047,-0.9906593983187446,0.0016871863018564353,-0.0006235822399979026,0.0,-0.047070927917957306,-0.050325579941272736,0.032255448400974274,2.8187264314951754,0.28325015404071213,-0.24413641443076806,2.8187264314951754,0.28325015404071213,-0.24413641443076806,0.3263849800029625,0.056811722337431494,-0.7299550529551178,0.06455591803273053,0.05660274773190861,-0.07720349646406616,0.0,0.0,0.0,0.0,0.0,0.0,0.0,0.0,0.0
22.3833,-3.9933310804237934,-1.8759776152498129,1.0,-4.10945987701416,-1.8902620077133179,1.0430622100830078,0.012691706833865885,-0.1364628711793983,-0.00977170468040223,-0.9905157197121709,0.0013060365551140721,-0.00048269005369215275,0.0,-0.04915028437972069,-0.0444580502808094,0.02342991903424263,2.8460200843146746,0.2523916502011332,-0.196253542150016,2.8460200843146746,0.2523916502011332,-0.196253542150016,-0.12489908238815375,0.35244032658818814,-0.5301161872744458,0.008625339135095132,0.14393940819665196,-0.21091160092599456,0.0,0.0,0.0,0.0,0.0,0.0,0.0,0.0,0.0
22.4,-3.993312059257584,-1.8759846450565654,1.0,-4.1105828285217285,-1.8906817436218262,1.0433557033538818,0.012821476980430927,-0.13734388782724574,-0.009336159147890629,-0.9903965284245821,0.0009857610267356594,-0.0003643100220371812,0.0,-0.04612405598163605,-0.042350754141807556,0.01499630231410265,2.8371366855264846,0.2414611314197972,-0.14856484836847805,2.8371366855264846,0.2414611314197972,-0.14856484836847805,0.18152973134349704,0.1264071483224164,-0.5058944587361631,0.05966987598382372,0.13876356463500752,-0.2979959321157186,0.0,0.0,0.0,0.0,0.0,0.0,0.0,0.0,0.0
22.4167,-3.9932979039022256,-1.875989876423852,1.0,-4.112754821777344,-1.8914395570755005,1.043716311454773,0.013303478876713643,-0.13745353285364684,-0.009035062062128818,-0.9903777309301464,0.0007218960755462237,-0.0002667866401099713,0.0,-0.047512173652648926,-0.034122370183467865,0.006209504324942827,2.860031024002736,0.19550333297268774,-0.09910433077565806,2.860031024002736,0.19550333297268774,-0.09910433077565806,-0.08328594827339571,0.49369644594169315,-0.5272008404589735,0.017466703780755658,0.24354623850050203,-0.3656614103629983,0.0,0.0,0.0,0.0,0.0,0.0,0.0,0.0,0.0
22.4333,-3.9932877085982517,-1.8759936442074066,1.0,-4.114931583404541,-1.8920166492462158,1.0439398288726807,0.013093666596470347,-0.13783197467478223,-0.008457018034801892,-0.9903330131238762,0.0005091623925678444,-0.00018816483176141183,0.0,-0.041982345283031464,-0.03141438961029053,-0.003685516072437167,2.841457026100796,0.18178211508998554,-0.042316915993678705,2.841457026100796,0.18178211508998554,-0.042316915993678705,0.33168563287428315,0.16242787120854604,-0.5935150032578618,0.11022987480159693,0.2195986138308394,-0.43292795559117614,0.0,0.0,0.0,0.0,0.0,0.0,0.0,0.0,0.0
22.45,-3.9932806776977006,-1.8759962425151648,1.0,-4.116001605987549,-1.8922723531723022,1.043969988822937,0.013093666596470347,-0.13783197467478223,-0.008457018034801892,-0.9903330131238762,0.0003426733796369891,-0.00012663609205591084,0.0,-0.04365263506770134,-0.02575681358575821,-0.007172860205173492,2.8605058613379506,0.1487821439340653,-0.023007596589861734,2.8605058613379506,0.1487821439340653,-0.023007596589861734,-0.10033517787834954,0.33985354038067683,-0.2094865795699483,0.04806722263703428,0.2551000661138777,-0.36696397742861353,0.0,0.0,0.0,0.0,0.0,0.0,0.0,0.0,0.0
22.4667,-3.9932760681545902,-1.8759979459807816,1.0,-4.1180644035339355,-1.892676591873169,1.0439627170562744,0.01150491480007188,-0.13876602786312459,-0.007728973373624701,-0.9902282360584782,0.00021659603133974975,-8.004318198046068e-05,0.0,-0.03000999242067337,-0.022408869117498398,-0.012009360827505589,2.7925889693718635,0.13042306109248686,0.004581651692221911,2.7925889693718635,0.13042306109248686,0.004581651692221911,0.8181731051073808,0.2007820766250107,-0.2900533888050845,0.27541655479165195,0.23906440281695313,-0.34425856592975884,0.0,0.0,0.0,0.0,0.0,0.0,0.0,0.0,0.0
22.4833,-3.993273259742807,-1.8759989838285047,1.0,-4.119895935058594,-1.8930565118789673,1.043946385383606,0.010267878454496818,-0.13962025492038732,-0.007413757093611736,-0.9901241754895048,0.00012575282382944306,-4.647181093892888e-05,0.0,-0.029381636530160904,-0.018362626433372498,-0.007026482839137316,2.801502049703359,0.107806657789856,-0.026699066498379054,2.801502049703359,0.107806657789856,-0.026699066498379054,0.03769545776360204,0.24273659641569884,0.29892592651360206,0.20523694198954964,0.24014850148600783,-0.15437874792325837,0.0,0.0,0.0,0.0,0.0,0.0,0.0,0.0,0.0
22.5,-3.9932717108539455,-1.8759995562178695,1.0,-4.1207966804504395,-1.8931571245193481,1.0439178943634033,0.01026317381253179,-0.13999908659987143,-0.007520725795132371,-0.9900698903486227,6.453261774613503e-05,-2.3847893866746196e-05,0.0,-0.026219310238957405,-0.012044607661664486,-0.01304075587540865,2.790405743005545,0.07022652524815903,0.008064616745530273,2.790405743005545,0.07022652524815903,0.008064616745530273,0.18967735116834458,0.3789568042307802,-0.36073803702558344,0.2006434663879186,0.28112724953206647,-0.21529978180864984,0.0,0.0,0.0,0.0,0.0,0.0,0.0,0.0,0.0
22.5167,-3.9932709754690565,-1.8759998279776526,1.0,-4.122442245483398,-1.8932969570159912,1.0437010526657104,0.009779333259982785,-0.13953459145078892,-0.007366721210673573,-0.9901415399910912,2.7255972355874636e-05,-1.0072375413213495e-05,0.0,-0.01697344146668911,-0.009568399749696255,-0.022027377039194107,2.7463509448401227,0.0559719940049235,0.06161251867554718,2.7463509448401227,0.0559719940049235,0.06161251867554718,0.5550067175446882,0.14864065876661944,-0.5394447224786398,0.3052579750217139,0.24201478640771637,-0.31099329287004346,0.0,0.0,0.0,0.0,0.0,0.0,0.0,0.0,0.0
22.5333,-3.993270702312195,-1.8759999289220552,1.0,-4.123952388763428,-1.8932757377624512,1.0433717966079712,0.008474034824888274,-0.1388262609780027,-0.006716100310210904,-0.9902577388524357,8.048819813265229e-06,-2.974419603487381e-06,0.0,-0.00653486605733633,-0.0054337759502232075,-0.022909071296453476,2.6942422641170514,0.031052465182169656,0.06710348750836381,2.6942422641170514,0.031052465182169656,0.06710348750836381,0.6264226545397965,0.24812025725931067,-0.05291078863405491,0.4000716585191899,0.24381723299616054,-0.23480262050350353,0.0,0.0,0.0,0.0,0.0,0.0,0.0,0.0,0.0
22.55,-3.993270639717768,-1.8759999520536552,1.0,-4.124632835388184,-1.8932310342788696,1.0432026386260986,0.008474034824888274,-0.1388262609780027,-0.006716100310210904,-0.9902577388524357,9.867342075777835e-07,-3.646449215363785e-07,0.0,-0.006841809488832951,0.00359044480137527,-0.022069891914725304,2.70218028696309,-0.023216227360367228,0.06147477376647892,2.70218028696309,-0.023216227360367228,0.06147477376647892,-0.01842505778340704,0.5417017330773332,0.0503738702717788,0.2765237787716806,0.33175818201919893,-0.15061330809884932,0.0,0.0,0.0,0.0,0.0,0.0,0.0,0.0,0.0
