timestamp,pos_des_x,pos_des_y,pos_des_z,pos_cur_x,pos_cur_y,pos_cur_z,quat_x,quat_y,quat_z,quat_w,vel_des_x,vel_des_y,vel_des_z,vel_cur_x,vel_cur_y,vel_cur_z,fb_acc_x,fb_acc_y,fb_acc_z,cmd_acc_x,cmd_acc_y,cmd_acc_z,a_meas_x,a_meas_y,a_meas_z,a_meas_filt_x,a_meas_filt_y,a_meas_filt_z,indi_dist_x,indi_dist_y,indi_dist_z,mbff_drag_x,mbff_drag_y,mbff_drag_z,nn_pred_x,nn_pred_y,nn_pred_z
0.0221,-5.3,-1.4159024818591042e-08,1.0,-5.294883728027344,-0.010588085278868675,0.9942988157272339,-0.008522390924928703,-0.01327210663953387,-0.002754254403338318,-0.9998718986131043,1.8143604385854156e-14,-2.56283248575584e-06,0.0,0.005171572789549828,0.029340432956814766,0.00018809744506143034,0.2639160770693387,-0.19892669716355085,-0.06931155887984686,0.26391853405850746,-0.19884761273245774,-0.06931155562954458,-0.042844543407732485,-0.14375597369554682,0.12873056629582078,0.010555743818960538,-0.10032411404241537,0.11184719577155526,0.0,0.0,0.0,-2.4569891688046394e-06,-7.908443109310836e-05,-3.2503022733095263e-09,0.0,0.0,0.0
0.0333,-5.299999999999999,-7.333156901644071e-08,1.0,-5.294787406921387,-0.010310962796211243,0.9943244457244873,-0.008522390924928703,-0.01327210663953387,-0.002754254403338318,-0.9998718986131043,3.221700932005983e-13,-8.786668484575002e-06,0.0,0.002013702178373933,0.03118802420794964,0.0008730595582164824,0.2823231168803826,-0.2117605813311418,-0.07342191937941378,0.282323489399391,-0.21167122328095475,-0.07342184935560957,-0.2810028500251936,0.164407751670733,0.060951295874714914,-0.07551768206083755,-0.022170428633775822,0.09682179586961323,0.0,0.0,0.0,-3.725190084181972e-07,-8.935805018706729e-05,-7.002380421614492e-08,0.0,0.0,0.0
0.05,-5.299999999999965,-3.6948599000317703e-07,1.0,-5.294609546661377,-0.009760920889675617,0.9943544864654541,-0.009048371411271263,-0.013690098338912915,-0.001908325006876237,-0.9998635956839477,5.448135354306848e-12,-2.9490348764021658e-05,0.0,0.00367746502161026,0.029648950323462486,-0.0019901045598089695,0.2713615076819966,-0.20621275840504916,-0.05620518359027982,0.2713627500637367,-0.20613200206959714,-0.05620554742969762,0.09994739542305213,-0.0924569428530507,-0.17199915085778608,-0.023717184115729817,-0.04292029229663843,0.017460939007180924,0.0,0.0,0.0,-1.242381740104004e-06,-8.075633545201172e-05,3.6383941780426933e-07,0.0,0.0,0.0
0.0666,-5.2999999999996605,-1.1644254926716257e-06,1.0,-5.2945027351379395,-0.009501091204583645,0.9943532347679138,-0.009310565474132391,-0.013839394494775772,-0.0010522382199228998,-0.9998603925234609,4.052921559746382e-11,-6.961238113134716e-05,0.0,0.005611530505120754,0.029114749282598495,-0.002571577439084649,0.2591313979162132,-0.20574400346199376,-0.05252177633589439,0.2591342907309074,-0.20566613097090464,-0.05252238385112797,0.11599094318815506,-0.03203742743469122,-0.03487244267608705,0.01752720858676791,-0.039707471677276486,0.0020111682082391124,0.0,0.0,0.0,-2.892814694162886e-06,-7.787249108910993e-05,6.075152335825483e-07,0.0,0.0,0.0
0.0833,-5.299999999997993,-2.833053784210875e-06,1.0,-5.2942047119140625,-0.009046271443367004,0.9943152666091919,-0.008599453803252841,-0.013456052608592619,-0.00040958307382879896,-0.999872446522135,1.9170667997803766e-10,-0.00013533571515391736,0.0,0.012428916990756989,0.02284756302833557,-0.0055321380496025085,0.21664033916383058,-0.17238638809945872,-0.03437898607263945,0.21665453054070272,-0.17233843267640087,-0.034381797610761385,0.4088388819881327,-0.3758433568058336,-0.17754491293876895,0.13304956679383145,-0.1389409287079353,-0.05099706879174835,0.0,0.0,0.0,-1.4191376872132672e-05,-4.795542305786202e-05,2.8115381219337918e-06,0.0,0.0,0.0
0.1,-5.2999999999914404,-5.851388015645074e-06,1.0,-5.293817520141602,-0.00868842750787735,0.9942629933357239,-0.008395393250742266,-0.013867083163250034,-2.4655906378769677e-05,-0.9998686111589205,6.807859287739134e-10,-0.00023269211576834665,0.0,0.01312827318906784,0.021522942930459976,-0.003505292348563671,0.2104052243454282,-0.1687617628503466,-0.04608743865348741,0.21042105770845787,-0.1687192068046299,-0.046088567426060115,0.04195661035858853,-0.079468187247007,0.1215969423605052,0.10615726109801096,-0.12138348841261731,-4.416210380026736e-05,0.0,0.0,0.0,-1.5833363029675127e-05,-4.255604571669597e-05,1.128772572705523e-06,0.0,0.0,0.0
0.1166,-5.299999999970846,-1.0798812465275949e-05,1.0,-5.293639183044434,-0.00851497333496809,0.9942523837089539,-0.008395393250742266,-0.013867083163250034,-2.4655906378769677e-05,-0.9998686111589205,1.985311309370047e-09,-0.0003676906726040409,0.0,0.010547438636422157,0.02133692242205143,-0.0028659505769610405,0.22489263864802483,-0.17163885611284554,-0.0496789034544497,0.2249028586733812,-0.17159703250296976,-0.04967965801718262,-0.15489010384620888,-0.011164115822685191,0.038370422968506304,0.029091307660008996,-0.08884471508389011,0.011296525534073912,0.0,0.0,0.0,-1.0220025356357817e-05,-4.182360987578103e-05,7.545627329203877e-07,0.0,0.0,0.0
0.1333,-5.299999999915831,-1.834870983990771e-05,1.0,-5.293346881866455,-0.008166310377418995,0.9942378997802734,-0.008615288341311159,-0.01447346386684706,0.00025397690912672507,-0.9998581165936412,5.0100347782888525e-09,-0.0005460912316768324,0.0,0.0067643653601408005,0.02209768444299698,-0.0029904090333729982,0.24601884474036592,-0.18169681850712965,-0.04866765775325688,0.24602304825024351,-0.18165195931030506,-0.04866847927516658,-0.22697811914400562,0.04564445888823723,-0.00746730086489908,-0.04650506745448726,-0.04914105279461173,0.005757101024307285,0.0,0.0,0.0,-4.2035098775801e-06,-4.4859196824589943e-05,8.215219097012685e-07,0.0,0.0,0.0
0.15,-5.299999999785827,-2.926926448991544e-05,1.0,-5.293230056762695,-0.007994525134563446,0.9942306876182556,-0.008062743815877845,-0.01389967601267524,0.000674096695083314,-0.9998706763544976,1.1320342352375107e-08,-0.0007735310434646019,0.0,0.004724954720586538,0.02187558263540268,-0.0027562377508729696,0.2575587140802434,-0.18562409845096184,-0.04984442169872294,0.25756076502168473,-0.1855801364738052,-0.04984511959569169,-0.12243306047469442,-0.013333559957633183,0.014058133382117196,-0.06892039877180031,-0.0385700264358671,0.008207717498873203,0.0,0.0,0.0,-2.050941441318345e-06,-4.396197715664137e-05,6.978969687471188e-07,0.0,0.0,0.0
0.1666,-5.299999999506256,-4.444068093754684e-05,1.0,-5.292994499206543,-0.007665002718567848,0.9942148327827454,-0.0075951126778483315,-0.013161898063670073,0.0011271753165754384,-0.99988391046493,2.34616937559455e-08,-0.0010558656283023448,0.0,0.008691353723406792,0.01994197815656662,-0.003854453796520829,0.23246624194365223,-0.18076009311611435,-0.042982918732136555,0.2324731815176198,-0.1807235593511094,-0.04298428357812241,0.23786847400055763,-0.11595997941062926,-0.06586099248094768,0.021649283819800018,-0.0614169550528121,-0.013658719481777647,0.0,0.0,0.0,-6.939573967568643e-06,-3.6533765004949244e-05,1.3648459858526711e-06,0.0,0.0,0.0
0.1833,-5.299999998950094,-6.480451343545183e-05,1.0,-5.292660713195801,-0.007363166660070419,0.9941778779029846,-0.008153880448882083,-0.013156306362252792,0.002007032926088857,-0.9998781784935324,4.5305821659717264e-08,-0.0013982304390283077,0.0,0.0124474773183465,0.0198511965572834,-0.0033610446844249964,0.20813909605208109,-0.1875275248066024,-0.04556449791617523,0.2081533298450819,-0.18749132290883216,-0.04556553569912515,0.22533217316136506,-0.005446044181589336,0.029599917222095085,0.08178019557778259,-0.04489331915246159,-0.0008879792648654686,0.0,0.0,0.0,-1.4233793000803623e-05,-3.620189777024205e-05,1.03778294992178e-06,0.0,0.0,0.0
0.2,-5.299999997911307,-9.140443183133131e-05,1.0,-5.292279243469238,-0.00706372270360589,0.9941591024398804,-0.008634558341431495,-0.013697810718282027,0.002703214569791825,-0.9998652815578881,8.253468986528226e-08,-0.0018059231511091019,0.0,0.013968425802886486,0.02056453377008438,-0.0030330857262015343,0.1969787884998692,-0.19985044732109145,-0.04724374479410243,0.19699671324086573,-0.19981159690324002,-0.04724458993151796,0.09128833749517036,0.04281497295402184,0.019684314338840315,0.08458717285734216,-0.019000228229865045,0.005185337818089443,0.0,0.0,0.0,-1.7924740996533775e-05,-3.8850417851422445e-05,8.451374155325173e-07,0.0,0.0,0.0
0.2166,-5.299999996069065,-0.00012539433682621525,1.0,-5.292089462280273,-0.006909702438861132,0.9941423535346985,-0.008635856661928983,-0.0135783826839426,0.0032158888350783074,-0.9998653658515851,1.432273312900638e-07,-0.0022844306151888626,0.0,0.01269562914967537,0.0203405674546957,-0.004506253637373447,0.20353685345231892,-0.206596905355234,-0.03812567106975051,0.2035516604297402,-0.20655889656142906,-0.038127536543850614,-0.07634166216805617,-0.013433379749460166,-0.08835982299904188,0.03707803937289073,-0.017356792810093752,-0.022430903431554607,0.0,0.0,0.0,-1.4806977421292522e-05,-3.8008793804953186e-05,1.8654741001001657e-06,0.0,0.0,0.0
0.2333,-5.299999992944363,-0.00016799567733398712,1.0,-5.2917327880859375,-0.0065998234786093235,0.9940782785415649,-0.008635856661928983,-0.0135783826839426,0.0032158888350783074,-0.9998653658515851,2.3845353587637595e-07,-0.002838805602850041,0.0,0.011892218142747879,0.02103421464562416,-0.004793866071850061,0.20643916685499178,-0.22043419432901323,-0.035882151906677096,0.20645215908476144,-0.22039354900768157,-0.035884263108499674,-0.04818540603148728,0.041602207648749515,-0.017249853207713096,0.011906711882565448,4.898175148149338e-05,-0.020901362708568044,0.0,0.0,0.0,-1.299222976965194e-05,-4.064532133165239e-05,2.111201822576188e-06,0.0,0.0,0.0
0.25,-5.299999987850818,-0.00022044666043021912,1.0,-5.291380405426025,-0.006330261938273907,0.9940721988677979,-0.008806882152377236,-0.012381828221726128,0.004098781017684512,-0.9998762397385009,3.828280576469707e-07,-0.0034732034912602207,0.0,0.0130081158131361,0.016498681157827377,0.0001857596216723323,0.19784263861425827,-0.2035178268408404,-0.06553198800783433,0.19785818347186607,-0.20349282013888256,-0.0655319848378246,0.06697883573748908,-0.27223352151576297,0.29888899332909385,0.028165009428079125,-0.08033378987028852,0.07350659537822059,0.0,0.0,0.0,-1.5544857607798063e-05,-2.5006701957857276e-05,-3.1700097230948387e-09,0.0,0.0,0.0
0.2666,-5.2999999798068105,-0.00028420548269973814,1.0,-5.291187286376953,-0.0062262918800115585,0.9940993189811707,-0.009266035600001298,-0.012008059020829074,0.00475041344251147,-0.9998737530744388,5.958904608363927e-07,-0.004193377616500692,0.0,0.014467060565948486,0.015559302642941475,0.0006705237319692969,0.18798273075712646,-0.20821297339041636,-0.06837963318095375,0.1880019580684248,-0.20819073321465262,-0.06837959187750978,0.08760318691662372,-0.056405529727137374,0.029107943178076506,0.0457122458070047,-0.07326973012604052,0.060399301750117984,0.0,0.0,0.0,-1.9227311298342424e-05,-2.224017576375611e-05,-4.1303443968979885e-08,0.0,0.0,0.0
0.2833,-5.299999967460761,-0.00036077271812105,1.0,-5.290779113769531,-0.006061415188014507,0.9941688179969788,-0.00947558684966524,-0.012317564649823014,0.005132053155777597,-0.9998661244948583,9.027177150481871e-07,-0.00500435678763506,0.0,0.015370060689747334,0.011989385820925236,0.000811086967587471,0.18037844904595185,-0.1983251756697299,-0.06937597385523075,0.18040015151388558,-0.19831197026152214,-0.06937591341963535,0.05413514330789131,-0.21401764370095622,0.00842681047705573,0.048198839099203195,-0.1148210867404929,0.0450560723964617,0.0,0.0,0.0,-2.1702467933718632e-05,-1.3205408207747884e-05,-6.043559540456999e-08,0.0,0.0,0.0
0.3,-5.299999949026343,-0.0004515469217466128,1.0,-5.290577411651611,-0.005999510642141104,0.9941880702972412,-0.00959682489358486,-0.012527588981397879,0.005426870361111318,-0.9998607718450975,1.334149106592525e-06,-0.005909237814881878,0.0,0.014019615016877651,0.011196265928447247,-0.0016597805079072714,0.18732689983532974,-0.2054862465417154,-0.054453377295872074,0.18734495619239608,-0.20547473046979003,-0.054453630376718666,-0.08105928542295748,-0.04760630733288493,-0.1483115951734834,0.01003947821832692,-0.09497805533782336,-0.012029597357548959,0.0,0.0,0.0,-1.8056357066344917e-05,-1.15160719253614e-05,2.5308084658953677e-07,0.0,0.0,0.0
0.3166,-5.299999922071084,-0.0005583150175809972,1.0,-5.290210247039795,-0.005907110869884491,0.9941306114196777,-0.00959682489358486,-0.012527588981397879,0.005426870361111318,-0.9998607718450975,1.930147936340851e-06,-0.006914189303008199,0.0,0.012235201895236969,0.008924937807023525,-0.006859803106635809,0.1960492346042845,-0.204883950738598,-0.02277021725397843,0.19606298705948083,-0.20487663314383292,-0.022774540214402162,-0.10701896180381783,-0.1362213573318081,-0.3118678141980053,-0.024518312817791724,-0.1071538319129941,-0.10054731927708518,0.0,0.0,0.0,-1.3752455196327722e-05,-7.317594765068654e-06,4.322960423731639e-06,0.0,0.0,0.0
0.3333,-5.299999883504934,-0.0006826274617915158,1.0,-5.289865970611572,-0.0058957538567483425,0.9940781593322754,-0.009759984851906864,-0.010842998914639463,0.005447480170033156,-0.9998787685494116,2.738093670063927e-06,-0.00802221903991603,0.0,0.013790908269584179,0.003384486073628068,-0.0027026438619941473,0.18484413815166909,-0.18522463298613082,-0.047253523431650124,0.18486161019499844,-0.1852235806767999,-0.047254194451859334,0.09334514210763487,-0.33243693213721154,0.2494369290078752,0.01027713333147649,-0.1736615207224869,0.002774427671504681,0.0,0.0,0.0,-1.7472043329354503e-05,-1.0523093309332307e-06,6.710202092066302e-07,0.0,0.0,0.0
0.35,-5.2999998293388035,-0.0008262231872866725,1.0,-5.289657115936279,-0.005929084494709969,0.9940970540046692,-0.009759984851906864,-0.010842998914639463,0.005447480170033156,-0.9998787685494116,3.8160974101222585e-06,-0.00923744853257991,0.0,0.017328226938843727,0.001398853026330471,0.0017101074336096644,0.16242866679634463,-0.18765967449287357,-0.07362790032878819,0.16245625136597844,-0.18765949472911828,-0.0736276316677132,0.2124125221015634,-0.11923532002079515,0.2649813940292671,0.06995119463623845,-0.15759391149770052,0.08018271664145812,0.0,0.0,0.0,-2.7584569633808515e-05,-1.797637553079639e-07,-2.686610749815421e-07,0.0,0.0,0.0
0.3666,-5.299999754378899,-0.000991203484069882,1.0,-5.2891669273376465,-0.006071066949516535,0.994289219379425,-0.00982387338271268,-0.0107220027211904,0.005343546041605265,-0.9998800329548669,5.236632018618127e-06,-0.010566208573042649,0.0,0.020635606721043587,-0.003406960517168045,0.011198663152754307,0.13998448669080782,-0.1736707772277109,-0.13132954440443767,0.14002360611406245,-0.17367184355901708,-0.1313180234005889,0.19827846504580993,-0.2881100434336721,0.5688419194007011,0.10783575036934508,-0.19612465916042815,0.2244438447893783,0.0,0.0,0.0,-3.911942325462721e-05,1.0663313061677874e-06,-1.1521003848760332e-05,0.0,0.0,0.0
0.3833,-5.299999652361003,-0.0011792183280397391,1.0,-5.28867244720459,-0.006272242404520512,0.9945918321609497,-0.0099328803618036,-0.010968160649055706,0.005175380116046812,-0.9998771669691682,7.081453411772854e-06,-0.01201041743075678,0.0,0.018450599163770676,-0.005586825776845217,0.011819465085864067,0.15047315330446248,-0.1761833292793302,-0.13638709108740044,0.15050442697858873,-0.17618619667889523,-0.13637425733658215,-0.13105933241094284,-0.13075089133131695,0.03723643272627168,0.03730955551559792,-0.17682512802491346,0.1691767950553692,0.0,0.0,0.0,-3.127367412626282e-05,2.867399565027529e-06,-1.2833750818279496e-05,0.0,0.0,0.0
0.4,-5.2999995154499295,-0.0013921925322714958,1.0,-5.288447856903076,-0.006388629321008921,0.9947277903556824,-0.009615346951780254,-0.010588417914403837,0.00500696130939725,-0.9998852591640823,9.448633945471755e-06,-0.013573742765143674,0.0,0.01664157398045063,-0.006523566320538521,0.009809079580008984,0.16006148236417533,-0.18764633884457155,-0.12482890429161897,0.16008692410115571,-0.18765024840672942,-0.12482006506080823,-0.10858821556350626,-0.056228616949910555,-0.12067503354203936,-0.005762133160872946,-0.14122283374671776,0.08360723747189888,0.0,0.0,0.0,-2.5441736980367076e-05,3.909562157866939e-06,-8.839230810745069e-06,0.0,0.0,0.0
0.4166,-5.299999333889197,-0.0016323120926056004,1.0,-5.288045406341553,-0.006643078755587339,0.9949555993080139,-0.009335251570661052,-0.009566283677835722,0.004781433523015455,-0.9998992940646364,1.2455471648966864e-05,-0.015261134873690171,0.0,0.014639443717896938,-0.008116516284644604,0.008287700824439526,0.16992389491911866,-0.19558705109344754,-0.11667152036905348,0.16994358316874833,-0.1955931030707031,-0.11666521041656891,-0.12012105692757728,-0.09557162033858302,-0.09127758943769758,-0.03952297765784014,-0.12774576115626524,0.03197804010188185,0.0,0.0,0.0,-1.9688249629675507e-05,6.0519772555523765e-06,-6.309952484570846e-06,0.0,0.0,0.0
0.4333,-5.299999095790532,-0.0019017983742222017,1.0,-5.287659645080566,-0.006929717492312193,0.9952080845832825,-0.009282244016414264,-0.009015563968944271,0.00427706218688562,-0.999907175525308,1.6238576883710143e-05,-0.017077067434989174,0.0,0.01494844350963831,-0.009698664769530296,0.01081298477947712,0.1660100526821259,-0.20457119333824164,-0.13292580129596898,0.16603058083662664,-0.20457983469340654,-0.13291506018652224,0.018526224144831824,-0.09485843759380762,0.15140455699572594,-0.022385792288457797,-0.11803682214090139,0.06723493071317141,0.0,0.0,0.0,-2.0528154500749875e-05,8.641355164904095e-06,-1.0741109446745262e-05,0.0,0.0,0.0
0.45,-5.299998787653039,-0.0022021322334125877,1.0,-5.287468433380127,-0.007082232274115086,0.9953508973121643,-0.009282244016414264,-0.009015563968944271,0.00427706218688562,-0.999907175525308,2.0943055390656403e-05,-0.019020694922644795,0.0,0.014350179582834244,-0.009922472760081291,0.011384456418454647,0.16852553911709597,-0.22349595647011122,-0.13691392213341713,0.16854445700424892,-0.22350500124555786,-0.13690201567618604,-0.03594162915735648,-0.013445610605018907,0.034332041097312936,-0.0263877230996534,-0.08715958482432909,0.05752139631433429,0.0,0.0,0.0,-1.891788715294126e-05,9.044775446635808e-06,-1.1906457231093952e-05,0.0,0.0,0.0
0.4667,-5.299998391302053,-0.0025366886283853785,1.0,-5.287126541137695,-0.007384335622191429,0.9956251978874207,-0.009005723986616239,-0.009543126433541375,0.003633901278609339,-0.999907344112702,2.676581002335587e-05,-0.021102935689305068,0.0,0.011433345265686512,-0.0092472480610013,0.009456746280193329,0.18421143824657188,-0.24829069140419663,-0.12657309142606776,0.18422344718437875,-0.24829854706954696,-0.12656487578545533,-0.17471530559601844,0.040445248793253646,-0.11546780834511518,-0.07017673651750123,-0.049488305636592685,0.006451821279892578,0.0,0.0,0.0,-1.2008937806862527e-05,7.855665350328801e-06,-8.21564061243704e-06,0.0,0.0,0.0
0.4833,-5.299997887568648,-0.0029068403711963687,1.0,-5.2869744300842285,-0.007525603286921978,0.9957364201545715,-0.008771155948183047,-0.010219737204601901,0.003012403850467697,-0.9999048153017913,3.3895824287213525e-05,-0.023321396538855746,0.0,0.010574967600405216,-0.008686347864568233,0.006704077124595642,0.18851450780454448,-0.2743937630153118,-0.11047096088482589,0.18852478124834282,-0.27440069459776856,-0.11046683196963739,-0.051463690714428655,0.03362854766431287,-0.16503518182337973,-0.06465230336778932,-0.02495069136965864,-0.044174276398600415,0.0,0.0,0.0,-1.0273443798331763e-05,6.931582456738027e-06,-4.128915188500109e-06,0.0,0.0,0.0
0.5,-5.299997253130721,-0.0033147352188050683,1.0,-5.286698341369629,-0.0077995420433580875,0.9958542585372925,-0.008892200050745066,-0.010100655564673672,0.0025207187157396055,-0.9999063325883377,4.255872291856146e-05,-0.025678470018054234,0.0,0.009144238196313381,-0.008267088793218136,-0.0014841447118669748,0.19565209006212358,-0.30018852037800975,-0.06179278669999688,0.1956597716856595,-0.30019479898303003,-0.06179298905337385,-0.08594096844298685,0.025184028871766965,-0.49184962050758313,-0.07093710640264454,-0.01015000561449484,-0.17633622038840616,0.0,0.0,0.0,-7.681623535938873e-06,6.2786050202936734e-06,2.023533769667339e-07,0.0,0.0,0.0
0.5167,-5.299996459516456,-0.003763232870734969,1.0,-5.286416530609131,-0.00808006152510643,0.9958103895187378,-0.009481318800483206,-0.009984482407144465,0.0022862557974735356,-0.9999026658125173,5.302436511736749e-05,-0.028180170121157377,0.0,0.011740014888346195,-0.011162805370986462,-0.008896554820239544,0.17862535153367237,-0.30732052831884116,-0.016959363367178626,0.17863801332797366,-0.30733197566099635,-0.016966634493285865,0.15578686397327113,-0.1737879094109062,-0.44485957856521957,-0.004004046388793071,-0.05845890571529133,-0.2556092236715157,0.0,0.0,0.0,-1.2661794301286499e-05,1.1447342155214825e-05,7.271126107240589e-06,0.0,0.0,0.0
0.5333,-5.299995474407769,-0.004254685469038711,1.0,-5.286250114440918,-0.008252103812992573,0.9957436919212341,-0.009481318800483206,-0.009984482407144465,0.0022862557974735356,-0.9999026658125173,6.558412432255308e-05,-0.03082905958445345,0.0,0.012753872200846672,-0.013417849317193031,-0.010237056761980057,0.17169644085027097,-0.320120541717628,-0.008441015342484648,0.1717113839976661,-0.3201370812710581,-0.008450642723972777,0.06084368203702909,-0.13532986856319126,-0.08044630433460674,0.01514018830015878,-0.08115261896091822,-0.20389792833410753,0.0,0.0,0.0,-1.4943147395146648e-05,1.6539553430125385e-05,9.627381488129748e-06,0.0,0.0,0.0
0.55,-5.299994260471818,-0.0047914590454853495,1.0,-5.2859392166137695,-0.008638384751975536,0.9956035614013672,-0.010386071440060207,-0.010712042966079974,0.002180551501408194,-0.999886312835295,8.05625558082301e-05,-0.03362747081751998,0.0,0.008963938802480698,-0.015694178640842438,-0.01004963181912899,0.19289915628208204,-0.3330180133093634,-0.008718437960212655,0.19290653797075016,-0.333040640734773,-0.008727716043371766,-0.22751013042078144,-0.13664830667668526,0.011251140510948904,-0.056494620839784515,-0.09753596029986283,-0.1403819908130162,0.0,0.0,0.0,-7.381688668111007e-06,2.262742540962068e-05,9.278083159111247e-06,0.0,0.0,0.0
0.5666,-5.299992773363714,-0.005376475882818994,1.0,-5.285749912261963,-0.009047622792422771,0.9954856634140015,-0.011118130922975186,-0.011217762666945059,0.0021185956340972092,-0.9998730787248626,9.833671861676283e-05,-0.036580230410464945,0.0,0.0019701472483575344,-0.015066022984683514,-0.00878861267119646,0.2339709545983114,-0.3645679441619952,-0.015544520590183297,0.2339713111769573,-0.364588796521791,-0.015551616345121897,-0.4194478857599914,0.03767320771073139,0.07562876465646672,-0.16364505854095926,-0.05761974261070144,-0.07661166765087313,0.0,0.0,0.0,-3.565786458886956e-07,2.0852359795757762e-05,7.095754938599071e-06,0.0,0.0,0.0
0.5833,-5.299990964903491,-0.0060116806637725995,1.0,-5.285661220550537,-0.009437878616154194,0.9953925609588623,-0.011717836809799822,-0.010874657330566874,0.002022163644704248,-0.9998702127391639,0.00011929297387459267,-0.03968688346395479,0.0,0.0007758879219181836,-0.016319960355758667,-0.007795780431479216,0.24079342969897968,-0.386252642286963,-0.02088240302190114,0.24079348500290293,-0.3862771101565688,-0.020887986144388766,-0.07164742851718385,-0.07522770487963612,0.05956317472251226,-0.13648567666658654,-0.06281793490291543,-0.036410365239653575,0.0,0.0,0.0,-5.5303923256506453e-08,2.446786960577671e-05,5.583122487625308e-06,0.0,0.0,0.0
0.6,-5.299988776765558,-0.006700209833190024,1.0,-5.285599708557129,-0.009654536843299866,0.995354413986206,-0.012384317437648241,-0.010682905633455007,0.0019642960216988076,-0.9998643543272209,0.0001438965541274359,-0.042952609013006016,0.0,0.00391320139169693,-0.019013438373804092,-0.0067350915633141994,0.22181355912720513,-0.4015527334221596,-0.026900986306359287,0.2218149658948046,-0.4015859442178835,-0.02690515351233453,0.18828477614965194,-0.1616481459621108,0.06365687331873855,-0.040607502986790354,-0.09199441958179094,-0.006868687433182242,0.0,0.0,0.0,-1.4067675994577848e-06,3.321079572391644e-05,4.167205975243972e-06,0.0,0.0,0.0
0.6167,-5.299986144402286,-0.007444608712180991,1.0,-5.285374164581299,-0.010192114859819412,0.9953134059906006,-0.01322294719751166,-0.011459838333999049,0.0017757731683095764,-0.9998453460985425,0.0001726391010908055,-0.04637930931127792,0.0,0.009585592895746231,-0.025048162788152695,-0.003016887931153178,0.18685738517360115,-0.3965969729901862,-0.04884889707089768,0.18686582621284265,-0.396654611097692,-0.04884973320572591,0.3402318724259238,-0.3619647172806315,0.22301905341476233,0.07182324144606528,-0.17169458585831343,0.06099837544998762,0.0,0.0,0.0,-8.44103924150582e-06,5.763810750581045e-05,8.361348282287838e-07,0.0,0.0,0.0
0.6334,-5.299982985764838,-0.0082496455175142,1.0,-5.285243034362793,-0.010474836453795433,0.9953373670578003,-0.01322294719751166,-0.011459838333999049,0.0017757731683095764,-0.9998453460985425,0.0002061540805134299,-0.049978469086643953,0.0,0.009019383229315281,-0.02376019023358822,0.00012319136294536293,0.1898679286781323,-0.4383641092915567,-0.06765305910020969,0.18987540196475547,-0.43841597230954554,-0.06765305770603088,-0.033820696232501175,0.07693285916205016,0.18756244240952857,0.04063522013091714,-0.0982952197875509,0.09836240129760465,0.0,0.0,0.0,-7.473286623182378e-06,5.1863017988814846e-05,-1.3941788136116797e-09,0.0,0.0,0.0
0.65,-5.299979243298452,-0.009111880999563818,1.0,-5.285024166107178,-0.01098534557968378,0.9954308867454529,-0.014084857740503222,-0.01259472693544221,0.0015907906501952424,-0.9998202687236785,0.00024477100036950626,-0.05372512219198695,0.0,0.004031025338917971,-0.02002418227493763,0.0011363134253770113,0.21904034314354887,-0.49494379222458934,-0.07404759392561344,0.21904183590019954,-0.49498062780677765,-0.07404747530662008,-0.3003026962499282,0.2249103388018142,0.060990669407298664,-0.06001588429478725,-0.002879031485961428,0.08732958297985903,0.0,0.0,0.0,-1.4927566506648177e-06,3.68355821883159e-05,-1.1861899337024178e-07,0.0,0.0,0.0
0.6667,-5.299974803008938,-0.010039289285462613,1.0,-5.284923076629639,-0.011435532942414284,0.9954805374145508,-0.01480571570546479,-0.012719482265578964,0.0015305206568246952,-0.9998083833123984,0.00028935895264096826,-0.057644579994820436,0.0,0.0005078180111013353,-0.019376277923583984,-0.004831432364881039,0.24008897147249436,-0.5348101760554618,-0.03833886184342872,0.24008899516299065,-0.5348446664902234,-0.03834100626302363,-0.21158635454662197,0.03890992128549133,-0.35839320798760754,-0.10476225745009535,0.009457831171877672,-0.04425593163468197,0.0,0.0,0.0,-2.3690496296380407e-08,3.4490434761664803e-05,2.144419594911116e-06,0.0,0.0,0.0
0.6833,-5.299969561334178,-0.01103420757344495,1.0,-5.284881114959717,-0.011667817831039429,0.9954465627670288,-0.01579298389986372,-0.011943259146742272,0.001568958582666638,-0.999802735634698,0.0003406123634292522,-0.061736590918591884,0.0,0.0012903178576380014,-0.021182091906666756,-0.008416801691055298,0.23568653742854556,-0.5625594098920459,-0.01650489384626097,0.2356866903792122,-0.5626006287215242,-0.016511401915252546,0.04691983182742137,-0.1082792396354539,-0.2149839729270908,-0.059982932318283506,-0.025300304075736756,-0.09465796991464502,0.0,0.0,0.0,-1.5295066662753742e-07,4.1218829478235587e-05,6.508068991575181e-06,0.0,0.0,0.0
0.7,-5.299963411908037,-0.012097562943059088,1.0,-5.284739971160889,-0.01223207637667656,0.9953383803367615,-0.017339000767505663,-0.011981202505658713,0.0015169072247556922,-0.9997767310291668,0.000399198654232839,-0.06599533363095031,0.0,0.005112712737172842,-0.02923237718641758,-0.007306211162358522,0.2126430117735944,-0.5526376402133828,-0.022472297737195945,0.21264541315278457,-0.5527161432083885,-0.02247720164614891,0.22958037221388886,-0.48351558360660435,0.06670419854331047,0.025501447687615843,-0.1605738296462878,-0.0470209084806289,0.0,0.0,0.0,-2.4013791901510998e-06,7.850299500568428e-05,4.903908952965586e-06,0.0,0.0,0.0
0.7167,-5.299956212153761,-0.01323440469306448,1.0,-5.284580707550049,-0.012907755561172962,0.9953685402870178,-0.019383262202447463,-0.013154415680970373,0.0014135631522069442,-0.9997246375244073,0.00046606927728970444,-0.07043143745619602,0.0,0.004244003910571337,-0.03180941939353943,0.002911456860601902,0.2177599892026092,-0.576557667876938,-0.08377468844780422,0.2177616438654324,-0.5766506221679678,-0.08377390973255833,-0.05211065211095379,-0.15458729762875245,0.6129203795622917,0.0025889372679830224,-0.15880649597556842,0.14780582186004407,0.0,0.0,0.0,-1.6546628231918622e-06,9.295429102988836e-05,-7.787152458986017e-07,0.0,0.0,0.0
0.7333,-5.299947827665989,-0.014445989550500063,1.0,-5.28450870513916,-0.013250838033854961,0.9954557418823242,-0.019383262202447463,-0.013154415680970373,0.0014135631522069442,-0.9997246375244073,0.0005420291307166194,-0.07504020259178867,0.0,0.0030880875419825315,-0.031868528574705124,0.006596471183001995,0.22515187257073724,-0.6187712302682641,-0.10616938307309509,0.22515274863742196,-0.6188645303409591,-0.10616538563913576,-0.06938979030252612,-0.0035483308286818377,0.22121182642765136,-0.01866049870567939,-0.11297144788521031,0.16947661609037765,0.0,0.0,0.0,-8.760666847369299e-07,9.330007269507642e-05,-3.997433959329745e-06,0.0,0.0,0.0
0.75,-5.29993809241833,-0.01573615245637323,1.0,-5.284412384033203,-0.013967284932732582,0.9957027435302734,-0.02117441732410217,-0.013914957208710724,0.0013866313160085049,-0.9996780652568028,0.0006281028335604987,-0.07982680558517194,0.0,-2.986343315569684e-05,-0.034449465572834015,0.009547912515699863,0.24432078760753514,-0.6455575615455174,-0.12496981805422591,0.24432078752560618,-0.6456665857524929,-0.12496144324697021,-0.18710400238681124,-0.15487852314185563,0.17711198494169827,-0.0683880997270413,-0.12534318245966797,0.1717307165311294,0.0,0.0,0.0,8.192895691373984e-11,0.00010902420697558942,-8.374807255698483e-06,0.0,0.0,0.0
0.7666,-5.299926827647894,-0.017108011404908845,1.0,-5.284364223480225,-0.01472354494035244,0.9959374666213989,-0.02226105329931061,-0.013655147570876875,0.001388738658434026,-0.9996580033569116,0.0007253491732002294,-0.08479333082973747,0.0,-0.0010862473864108324,-0.03814828023314476,0.0059006307274103165,0.2515002279338177,-0.6670319454444139,-0.10412430382113824,0.2515001195372708,-0.6671656382037726,-0.1041211052587097,-0.0633731254744812,-0.22189417479546886,-0.2188026859910464,-0.06690758766623901,-0.15384680011286148,0.056438118112487945,0.0,0.0,0.0,1.0839654692129694e-07,0.00013369275935871578,-3.1985624285449753e-06,0.0,0.0,0.0
0.7833,-5.299913830783389,-0.018565275147763627,1.0,-5.284279823303223,-0.015612236224114895,0.9961438775062561,-0.024446981816626412,-0.01300798468762562,0.0013586458085972407,-0.9996156036273096,0.0008349506731046225,-0.08994369250514352,0.0,0.0005983568844385445,-0.042289912700653076,0.005839926656335592,0.24247190400366692,-0.6891647574900178,-0.10410834342066322,0.2424719368947779,-0.689329055209682,-0.10410521033157401,0.10089737725286131,-0.2480581705436319,-0.0036357984281511946,-0.017368494958353464,-0.18165971861713184,0.03870319994563126,0.0,0.0,0.0,-3.2891110964772825e-08,0.00016429771966422444,-3.133089089213352e-06,0.0,0.0,0.0
0.8,-5.299898916167988,-0.020107837031980685,1.0,-5.284210205078125,-0.016121037304401398,0.9962812662124634,-0.026633015701063495,-0.013305337947859566,0.001292475256435167,-0.9995559236898182,0.0009578689700843511,-0.0952683827731393,0.0,0.0041760774329304695,-0.05067287012934685,0.011502647772431374,0.2217866860229199,-0.6846273140626319,-0.13919914256941068,0.22178828814292764,-0.684863203755907,-0.13918698760753334,0.2149124600054691,-0.5035614097588221,0.34015773699766555,0.0512050884739161,-0.27669098141666426,0.12769808913400005,0.0,0.0,0.0,-1.6021200077463541e-06,0.00023588969327511392,-1.2154961877345532e-05,0.0,0.0,0.0
0.8166,-5.299881852131202,-0.021738848089857737,1.0,-5.284054756164551,-0.017236527055501938,0.9966410994529724,-0.027994636813747743,-0.013663553232976765,0.0012634782246596676,-0.9995139454287013,0.0010953719356686458,-0.1007695737337427,0.0,0.004627746995538473,-0.056919317692518234,0.014731736853718758,0.21987025488271278,-0.6937840119338192,-0.16026104818799125,0.21987222230312792,-0.6940816423621678,-0.1602411109100271,0.027140966377149,-0.3753510028653295,0.19403698065902578,0.04410091979773689,-0.30581722301186204,0.14728254242464606,0.0,0.0,0.0,-1.967420415133185e-06,0.0002976304283486498,-1.9937277964140192e-05,0.0,0.0,0.0
0.8333,-5.299862312539141,-0.02346765615899682,1.0,-5.283974647521973,-0.017837204039096832,0.9968346357345581,-0.027994636813747743,-0.013663553232976765,0.0012634782246596676,-0.9995139454287013,0.001249379705866033,-0.10646940499231881,0.0,0.004272326827049255,-0.06038205698132515,0.015069697052240372,0.2233701986090888,-0.724015907156537,-0.16315083384661533,0.22337187543082485,-0.7243508523622502,-0.16312997131528056,-0.021295984834145226,-0.20747962529106728,0.020249822323966802,0.02479455825516015,-0.27678616679424767,0.10978016160393342,0.0,0.0,0.0,-1.6768217360398612e-06,0.00033494520571319226,-2.0862531334760293e-05,0.0,0.0,0.0
0.85,-5.299840097077572,-0.02529003995181122,1.0,-5.28385066986084,-0.01913183182477951,0.9972297549247742,-0.029302882894059985,-0.01388999507913564,0.0012061163638363301,-0.9994733580135853,0.0014207152836229304,-0.11234475691354498,0.0,0.0006455359980463982,-0.06457435339689255,0.01425749622285366,0.24648396787428556,-0.7479760875813379,-0.1601609415289863,0.246484006156662,-0.748359157536452,-0.16014226722221334,-0.2177447113732984,-0.2516964490201972,-0.04876278878773565,-0.04680746716297714,-0.2693792235287573,0.0629753848714864,0.0,0.0,0.0,-3.828237644921603e-08,0.0003830699551141125,-1.867430677297186e-05,0.0,0.0,0.0
0.8666,-5.299814854889029,-0.02721297788132289,1.0,-5.283798694610596,-0.020478038117289543,0.9975425601005554,-0.030380834642841657,-0.013589088971281128,0.0010813195453955792,-0.9994454989467196,0.0016112851349712038,-0.11840938402367325,0.0,-0.002156210131943226,-0.0683944970369339,0.008288631215691566,0.26523410239408207,-0.7756240449686305,-0.12582984871814118,0.2652336752837048,-0.7760537795256945,-0.1258235373488453,-0.1680760759185892,-0.2291694974040648,-0.3580707749903457,-0.08260817696078815,-0.25750857744143707,-0.061325137212293226,0.0,0.0,0.0,4.2711037729362604e-07,0.00042973455706404336,-6.311369295878474e-06,0.0,0.0,0.0
0.8833,-5.299786266068075,-0.029238502791776012,1.0,-5.283787250518799,-0.021199340000748634,0.9976600408554077,-0.0308660232359985,-0.0135070112765287,0.0010889902718245357,-0.9994316747804081,0.0018226411624214097,-0.12466071845532034,0.0,-0.002811167389154434,-0.07327808439731598,0.0067641534842550755,0.27154986921798696,-0.8017230418344332,-0.11719237526644177,0.271549143226763,-0.8022163362214834,-0.11718817201988777,-0.03929129017320785,-0.292969420447394,-0.09145436018758224,-0.06982024025449664,-0.2679772664341542,-0.07021983452300137,0.0,0.0,0.0,7.25991223987127e-07,0.000493294387050103,-4.203246554006386e-06,0.0,0.0,0.0
0.9,-5.299753973345097,-0.031369508929804696,1.0,-5.283723831176758,-0.022767258808016777,0.997835636138916,-0.03206738754266515,-0.013779353674893972,0.0012389066119778197,-0.9993899915472308,0.0020565073318657536,-0.13109891893157757,0.0,0.0018262409139424562,-0.08175218105316162,0.0016780643491074443,0.24611253351736184,-0.803749293542935,-0.0874816694157664,0.24611283990701496,-0.8043632769782267,-0.08748141072842344,0.27823680311431614,-0.5084317378803267,-0.3051569085199801,0.03293256057826075,-0.33896382132387604,-0.13957755284120915,0.0,0.0,0.0,-3.063896531195778e-07,0.0006139834352917073,-2.586873429686099e-07,0.0,0.0,0.0
0.9166,-5.299717581280169,-0.03360944984655948,1.0,-5.283588886260986,-0.024539776146411896,0.9979817867279053,-0.03392310538006572,-0.014306360502852222,0.0012880498373414875,-0.999321207890461,0.0023147694388100707,-0.13772570406630377,0.0,0.003572190413251519,-0.0922665148973465,0.004528477322310209,0.23794588683493667,-0.794236582043714,-0.10524762937542731,0.23794705910361083,-0.7950186530613709,-0.10524574545587723,0.10476156574561529,-0.6308877070756201,0.17103228141049254,0.0541377957619531,-0.4251450880514361,-0.0478798525830891,0.0,0.0,0.0,-1.1722686741512607e-06,0.000782071017656968,-1.8839195500838714e-06,0.0,0.0,0.0
0.9333,-5.299676676759275,-0.03596092914511822,1.0,-5.283508777618408,-0.02548675611615181,0.9980726838111877,-0.03392310538006572,-0.014306360502852222,0.0012880498373414875,-0.999321207890461,0.0025993192013971404,-0.14454014693310618,0.0,0.004442018922418356,-0.09457822889089584,0.004068050999194384,0.2356101907585734,-0.8398074669330591,-0.1028753286647236,0.2356120034286563,-0.8406292180678478,-0.10287380835968038,0.052202455290071254,-0.13873671088026557,-0.027632325560182004,0.05356644788136983,-0.3405921002668495,-0.04190241253072363,0.0,0.0,0.0,-1.812670082907675e-06,0.0008217511347887405,-1.5203050432239981e-06,0.0,0.0,0.0
0.95,-5.299630785201601,-0.03842815210269099,1.0,-5.283336162567139,-0.027465224266052246,0.9982038736343384,-0.03549988878857611,-0.014578986075355923,0.0011646017180531002,-0.9992627502115764,0.0029123506575115827,-0.1515458254797133,0.0,0.003413621336221695,-0.1029505804181099,0.00015087892825249583,0.24452261049252733,-0.8456239312253391,-0.07996836511200967,0.24452368099739694,-0.8465976096738465,-0.07996836302071543,-0.061694206038317406,-0.5022625364723382,-0.23499357065392534,0.01953939616182342,-0.38832016797431684,-0.09890645164214018,0.0,0.0,0.0,-1.0705048696103208e-06,0.0009736784485073754,-2.091294231005121e-09,0.0,0.0,0.0
0.9666,-5.2995794686255175,-0.04101156728646572,1.0,-5.283217906951904,-0.02961721643805504,0.9982750415802002,-0.03670707726287136,-0.01448498543228647,0.001003937931529549,-0.9992206033630655,0.003255682600742054,-0.1587356084036689,0.0,-0.00032771509722806513,-0.10944777727127075,-0.0026532644405961037,0.27032504131921997,-0.8635309496208972,-0.06344190117819493,0.2703250314529986,-0.8646314035128024,-0.06344254790227494,-0.22469575830012403,-0.39020617357312637,-0.1684101742394564,-0.05256328545578094,-0.3888769512986485,-0.11942522091068697,0.0,0.0,0.0,9.866221390850257e-09,0.001100453891905246,6.467240800137573e-07,0.0,0.0,0.0
0.9833,-5.299522019530368,-0.043722916339125485,1.0,-5.283191204071045,-0.030732834711670876,0.9982760548591614,-0.03756839816157408,-0.01421793509758735,0.0009350278342142428,-0.9991924914151087,0.0036327855566864963,-0.16613335342241312,0.0,-0.0026055979542434216,-0.1121411919593811,-0.0065953973680734634,0.2881833310757137,-0.9114027204552879,-0.039736587673033896,0.28818270737998813,-0.9125580032202979,-0.03974058380564444,-0.13639408946309584,-0.1612751256281407,-0.23604533899968594,-0.07731167102051731,-0.32168473235678874,-0.15385361130068959,0.0,0.0,0.0,6.236957255626027e-07,0.0011552827650099674,3.996132610544342e-06,0.0,0.0,0.0
1.0,-5.299458151897267,-0.046552108561983746,1.0,-5.283174991607666,-0.033110566437244415,0.9981671571731567,-0.0387876366832764,-0.014074932157678901,0.0010654723303554843,-0.9991477736088387,0.004044219606137994,-0.17370314920941968,0.0,-0.0035678711719810963,-0.12442246824502945,-0.010637239553034306,0.29858309143174677,-0.8970488793325788,-0.014880027465793533,0.29858192199620837,-0.8984710626614166,-0.014890422258619886,-0.05780839334054255,-0.7377955004440115,-0.24281295430619612,-0.07155394697724063,-0.44452823658182994,-0.18011603531482406,0.0,0.0,0.0,1.1694355384265655e-06,0.0014221833288378288,1.0394792826353496e-05,0.0,0.0,0.0
1.0166,-5.299387052730079,-0.04951174987138178,1.0,-5.283155918121338,-0.034391749650239944,0.9981127381324768,-0.0387876366832764,-0.014074932157678901,0.0010654723303554843,-0.9991477736088387,0.004493843597358696,-0.18147071612078713,0.0,-0.001540589495562017,-0.13061730563640594,-0.009014113806188107,0.29145438240704313,-0.9265807756322791,-0.024283776274714897,0.29145416436922716,-0.9281481018571259,-0.024291240831604607,0.12163353662052799,-0.37167996409515497,0.09738485148125367,-0.014521470825138182,-0.42302209505576405,-0.09819270149607254,0.0,0.0,0.0,2.1803781596706996e-07,0.0015673262248468189,7.464556889709028e-06,0.0,0.0,0.0
1.0333,-5.29930812122365,-0.05260262739789273,1.0,-5.283031940460205,-0.03716648742556572,0.998038113117218,-0.04020639443456225,-0.014060075393578812,0.0012422362130101482,-0.9990917183003192,0.004983972004206732,-0.18942961971441385,0.0,0.005413163919001818,-0.14568135142326355,-0.007283276412636042,0.2546866089157816,-0.8972405769063561,-0.034230255069659266,0.25468930082441493,-0.8991902683315665,-0.034235128239451754,0.4170704803551894,-0.9035075645993909,0.1038117316086571,0.11289236160709765,-0.5648701877626104,-0.03855730069727287,0.0,0.0,0.0,-2.6919086333379156e-06,0.0019496914252104395,4.873169792489454e-06,0.0,0.0,0.0
1.05,-5.299220667484962,-0.055827615934987515,1.0,-5.282916069030762,-0.03865659609436989,0.9980184435844421,-0.041343176598420045,-0.014395224498759409,0.0012753636359397102,-0.999040552026227,0.005517333013734489,-0.19757902976369587,0.0,0.008173770271241665,-0.15070265531539917,-0.005456919316202402,0.243590200454371,-0.9364166204990432,-0.045024012340051045,0.24359633811418271,-0.9385030310363589,-0.045026747942750224,0.16567208850515094,-0.30134318214336814,0.1096050490055802,0.1284739016715414,-0.4870721990755835,0.0051829329798794566,0.0,0.0,0.0,-6.1376598117341935e-06,0.002086410537315757,2.7356026991761404e-06,0.0,0.0,0.0
1.0667,-5.299123934639029,-0.059190319760617637,1.0,-5.282646179199219,-0.04178725555539131,0.9980050325393677,-0.04243435323801103,-0.015150116702438031,0.0011613985575662494,-0.9989837380744343,0.006096902146111674,-0.20591987096433167,0.0,0.008011114783585072,-0.16155175864696503,-0.005001199897378683,0.24976223005781528,-0.934254052948367,-0.04762475955529111,0.24976812587308092,-0.9366516783920215,-0.04762705732439577,-0.009757105340312638,-0.6507978647330559,0.02733693427225011,0.08766558187739233,-0.5354070080818372,0.011723199082270833,0.0,0.0,0.0,-5.89581526562789e-06,0.0023976254436543823,2.2977691046572586e-06,0.0,0.0,0.0
1.0833,-5.299017170474406,-0.06269252067429923,1.0,-5.282430648803711,-0.045122843235731125,0.9979743361473083,-0.04325438471315225,-0.01536280418800318,0.0011126346538391594,-0.9989454265891379,0.006725463518957563,-0.2144485005418977,0.0,0.002224752213805914,-0.17205820977687836,-0.006344015244394541,0.2904756278044318,-0.9349288238911836,-0.039346867312517575,0.29047608250055745,-0.9376484472222595,-0.03935056462702039,-0.3472019523594083,-0.6304237421496116,-0.0805736081207708,-0.040715262542749986,-0.5634576846518259,-0.015524505363647368,0.0,0.0,0.0,-4.546961256590458e-07,0.0027196233310758833,3.697314502819335e-06,0.0,0.0,0.0
1.1,-5.298899497040665,-0.06633853126634622,1.0,-5.282322883605957,-0.04865645617246628,0.9979503154754639,-0.04385766548311408,-0.014590651532770327,0.0010965345577079926,-0.9989306751921591,0.0074063750395470035,-0.22316742711720947,0.0,-0.00012467885972000659,-0.18142081797122955,-0.004724412225186825,0.31166903432866855,-0.943316111533862,-0.04887608277299249,0.3116690329006179,-0.9463397662792243,-0.0488781332435034,-0.14101441234976692,-0.561949957785378,0.09720964814291438,-0.07032540478858498,-0.5630125761232961,0.017756677255704803,0.0,0.0,0.0,1.4280506192113155e-09,0.0030236547453624213,2.0504705109117154e-06,0.0,0.0,0.0
1.1167,-5.298769922742111,-0.07013412822224693,1.0,-5.282268524169922,-0.05050677806138992,0.9979519248008728,-0.04463556854899064,-0.01383705666177243,0.0011034044940152778,-0.9989069465164474,0.00814345274000624,-0.23208228029037062,0.0,0.0012285879347473383,-0.18868710100650787,-0.003974654246121645,0.311515118808668,-0.9746324353944732,-0.05331436226610775,0.31151525747481573,-0.9779031479834625,-0.05331581356435085,0.08114153032224329,-0.4356844693504117,0.04495529635500057,-0.02560959709927078,-0.5254229917580037,0.025786206737958596,0.0,0.0,0.0,-1.3866614772496492e-07,0.0032707125889892574,1.4512982430947515e-06,0.0,0.0,0.0
1.1333,-5.298627662459843,-0.0740774382001977,1.0,-5.282057285308838,-0.054434504359960556,0.9979811310768127,-0.04463556854899064,-0.01383705666177243,0.0011034044940152778,-0.9989069465164474,0.00893915729167332,-0.2411806816798131,0.0,0.010320093482732773,-0.2047598510980606,-0.002280853921547532,0.2647696075080254,-0.9445198086208246,-0.06355590098932906,0.2647793917057614,-0.9483714652971381,-0.06355637890679404,0.54549865652806,-0.9643797207598993,0.10162957021862125,0.14299199783162272,-0.655011041213267,0.04817655386837741,0.0,0.0,0.0,-9.784197736029952e-06,0.0038516566763135023,4.779174649708404e-07,0.0,0.0,0.0
1.15,-5.298471724903846,-0.0781713806955335,1.0,-5.281700134277344,-0.05865021422505379,0.9980593919754028,-0.045124092670080405,-0.014123976601366406,0.0010208388177824351,-0.9988810262046132,0.009796956959480635,-0.2504617585031435,0.0,0.013823182322084904,-0.2170804888010025,-9.742470865603536e-05,0.2514787833951232,-0.937277737755097,-0.07698313922951228,0.2514963373117355,-0.9416068569161449,-0.07698314010147153,0.21033296397231446,-0.739757501145213,0.1310977708621687,0.16287228186428301,-0.6800297451429022,0.07265641272169879,0.0,0.0,0.0,-1.7553916612281976e-05,0.004329119161047816,8.719592516367351e-10,0.0,0.0,0.0
1.1666,-5.298300854203189,-0.08242388058569391,1.0,-5.281525135040283,-0.060847096145153046,0.9981027245521545,-0.04544580088185308,-0.015223259923850657,0.0009117627738362649,-0.9988504275925943,0.010721560481161668,-0.2599356317083568,0.0,0.010830702260136604,-0.2227398157119751,-0.00022896403970662504,0.278776332350375,-0.9820391684994487,-0.07634735081309485,0.27878710868808004,-0.9865969517756948,-0.07634735562916181,-0.1796260621645796,-0.3397057245080501,-0.007895755883832737,0.06176051067608836,-0.5795598739619257,0.04887594025299391,0.0,0.0,0.0,-1.0776337704997958e-05,0.004557783276246105,4.816066958516977e-09,0.0,0.0,0.0
1.1833,-5.298113976474138,-0.08683626557325304,1.0,-5.281267166137695,-0.06537239998579025,0.9981938004493713,-0.04607163284994627,-0.015324619143252309,0.000892417370369752,-0.998820208302212,0.011716459373348444,-0.269597282588461,0.0,0.004475616849958897,-0.23158428072929382,-0.0005309138214215636,0.32657081346990674,-0.9979178729312228,-0.07493081812451463,0.3265726536645365,-1.0028447997694552,-0.07493084401892472,-0.38126185625348646,-0.5306076838356243,-0.01811493108929804,-0.06902778940532953,-0.5651082927105008,0.0290990106036967,0.0,0.0,0.0,-1.840194629770827e-06,0.004926926838232415,2.589441009332969e-08,0.0,0.0,0.0
1.2,-5.297909901879966,-0.09141129016694204,1.0,-5.2811737060546875,-0.06770362704992294,0.998228907585144,-0.04607163284994627,-0.015324619143252309,0.000892417370369752,-0.998820208302212,0.012785572620496738,-0.27944493610192694,0.0,0.0036827349103987217,-0.23713703453540802,-0.002415475668385625,0.34259165588301327,-1.0464219191563973,-0.0637399455195441,0.34259290182802576,-1.0515879468229496,-0.06374048151769655,-0.04757228121513175,-0.33316078019054157,-0.11307220114108589,-0.06269373123344273,-0.4966331475821709,-0.01287252964490497,0.0,0.0,0.0,-1.245945012475423e-06,0.005166027666552319,5.359981524591859e-07,0.0,0.0,0.0
1.2166,-5.29768724578675,-0.09615439678427759,1.0,-5.280953884124756,-0.07255211472511292,0.9982319474220276,-0.04642812011427452,-0.014237200158623876,0.0010254328242701052,-0.9988196182463328,0.01393361690508767,-0.2894824335638041,0.0,0.009625799022614956,-0.25191035866737366,-0.007602846249938011,0.31838636870550313,-1.0289307373378063,-0.03257196089272496,0.3183948807039967,-1.0347604884105934,-0.032577271086563366,0.3564312229659684,-0.8860200543361693,-0.31110901808375635,0.061039615823856204,-0.6115872794949118,-0.10091739206461522,0.0,0.0,0.0,-8.511998493544133e-06,0.005829751072787229,5.310193838404717e-06,0.0,0.0,0.0
1.2333,-5.297444893037211,-0.1010638376451357,1.0,-5.2805938720703125,-0.0777476504445076,0.9981480836868286,-0.04806766413148468,-0.015294959615701783,0.0011723988850275964,-0.9987263472705783,0.015163706370382501,-0.29969837436204044,0.0,0.013583533465862274,-0.2690964639186859,-0.009037685580551624,0.3062396862488027,-0.9970434576033284,-0.02348186956670928,0.3062566367862423,-1.0036957899832817,-0.023489373214054594,0.23744051673890032,-1.0310640519510241,-0.0860818220584449,0.11311638595040101,-0.735424489731965,-0.09653766064090963,0.0,0.0,0.0,-1.6950537439618676e-05,0.006652332379953266,7.503647345314068e-06,0.0,0.0,0.0
1.25,-5.2971814382155475,-0.10614284171471322,1.0,-5.280210971832275,-0.08323010802268982,0.998113751411438,-0.04806766413148468,-0.015294959615701783,0.0011723988850275964,-0.9987263472705783,0.016480251101617747,-0.3100920520457467,0.0,0.014295348897576332,-0.2824598252773285,-0.004415278322994709,0.3143440045484922,-0.9884775608499256,-0.05098181821604497,0.3143627781449017,-0.9958070099092771,-0.050983609127559545,0.04273708917247599,-0.8023304083940509,0.27752732289325643,0.09233913118038695,-0.7551763397973384,0.013893159490107054,0.0,0.0,0.0,-1.87735964095024e-05,0.007329449059351543,1.7909115145720404e-06,0.0,0.0,0.0
1.2666,-5.296895107431903,-0.11139986496639374,1.0,-5.2800188064575195,-0.08607228100299835,0.9981290698051453,-0.04971840472241956,-0.016082240355372014,0.0012096988459597527,-0.9986330762948237,0.01788924123504811,-0.32067308437683684,0.0,0.013603689149022102,-0.2894006669521332,-0.0029475614428520203,0.3327751410711645,-1.0336195811319804,-0.059802325773987364,0.3327921419494287,-1.0413136667341514,-0.05980312392246983,-0.0414853816013385,-0.41630796951193355,0.08803287307483304,0.05283168902289387,-0.6551362032052419,0.03578055803269788,0.0,0.0,0.0,-1.7000878264154636e-05,0.007694085602170924,7.981484824691003e-07,0.0,0.0,0.0
1.2833,-5.2965844790964525,-0.11683500259403769,1.0,-5.279651165008545,-0.09193780273199081,0.998152494430542,-0.050246724688126736,-0.015426884519896943,0.001217285278691696,-0.9986169761986925,0.01939466057716647,-0.3314338804806987,0.0,0.013424571603536606,-0.3014307916164398,-0.00659137824550271,0.3482404579340149,-1.0349737262939482,-0.03799494612467014,0.3482570140640905,-1.043320779594039,-0.03799893738841464,-0.010743835447473043,-0.7215913966192833,-0.21856355848504133,0.0340630321943648,-0.674754990939239,-0.039306473950843496,0.0,0.0,0.0,-1.6556130075575157e-05,0.008347053300090645,3.991263744502977e-06,0.0,0.0,0.0
1.3,-5.296248273617307,-0.12244521256432357,1.0,-5.279229164123535,-0.09805130213499069,0.9980584979057312,-0.05020553009497439,-0.014899813154576912,0.001149386705740671,-0.9986271335891835,0.02099963117118239,-0.3423610984386273,0.0,0.01875630021095276,-0.31668782234191895,-0.013180733658373356,0.3313827795972696,-1.0174752988244147,0.0020758217725210804,0.33141509818014275,-1.0266887149349146,0.0020598616166939364,0.32022009601065354,-0.916327180823644,-0.39575233068367316,0.11854182768319765,-0.7460715167410825,-0.1445358058156209,0.0,0.0,0.0,-3.231858287316444e-05,0.009213416110500059,1.596015582714409e-05,0.0,0.0,0.0
1.3166,-5.295883879458944,-0.12824796183922565,1.0,-5.2789716720581055,-0.1012376919388771,0.9979712963104248,-0.05020553009497439,-0.014899813154576912,0.001149386705740671,-0.9986271335891835,0.02271335806361689,-0.3534810577682509,0.0,0.02121172472834587,-0.32695236802101135,-0.014807249419391155,0.33371489423636586,-1.0466338378652384,0.012338603813943805,0.3337562284731979,-1.0564541871062627,0.012318461621441327,0.14720347719508883,-0.615362763174821,-0.09751013482126267,0.12700327048386226,-0.7074839036524416,-0.13065296822399688,0.0,0.0,0.0,-4.133423683204287e-05,0.009820349241024371,2.0142192502479087e-05,0.0,0.0,0.0
1.3333,-5.295490260043838,-0.13423346106755102,1.0,-5.278440952301025,-0.10788312554359436,0.9978076815605164,-0.05060031962497593,-0.015568899643043416,0.0008384694042758075,-0.9985973357672864,0.024537312446568812,-0.3647672316974686,0.0,0.019402293488383293,-0.34369465708732605,-0.011697701178491116,0.3613846773006115,-1.0214017737157195,-0.005427531534153318,0.36141926041473255,-1.0322536171726326,-0.005440102220908173,-0.1085613189835212,-1.0044951936831263,0.1865650658722893,0.057460298129345146,-0.795167065108435,-0.03700440659004728,0.0,0.0,0.0,-3.458311412104661e-05,0.010851843456913084,1.257068675485556e-05,0.0,0.0,0.0
1.35,-5.2950654516245566,-0.14040599607603113,1.0,-5.278195858001709,-0.11131877452135086,0.997749924659729,-0.051489627348178905,-0.016587837901375746,0.0006249113228711194,-0.9985355906342179,0.02647713163623,-0.37622047534888453,0.0,0.018185146152973175,-0.35080617666244507,-0.010421699844300747,0.38810254771018926,-1.071852515829373,-0.012719789074808419,0.3881329279746528,-1.0831580847360045,-0.012729766881374711,-0.07306444644416138,-0.42689921426629074,0.0765974080806057,0.018927007858599278,-0.6864476645054903,-0.0034670745363343906,0.0,0.0,0.0,-3.0380264463578878e-05,0.011305568906631478,9.977806566292943e-06,0.0,0.0,0.0
1.3666,-5.294608090894827,-0.14676022532311775,1.0,-5.277745723724365,-0.11838468909263611,0.9976535439491272,-0.05167188876038623,-0.016648848098773292,0.0005863048096351405,-0.9985251382157873,0.028535495496622466,-0.3878239493700918,0.0,0.015965765342116356,-0.36349397897720337,-0.010288733057677746,0.42100138513205976,-1.0723372245013756,-0.012957622162887206,0.4210248024656303,-1.0844753717449218,-0.012967346987053239,-0.13342063655582628,-0.7627418661315751,0.007993451698437725,-0.026048801314345862,-0.7089711072966548,-8.371772147946219e-05,0.0,0.0,0.0,-2.3417333570548255e-05,0.012138147243546163,9.724824166033592e-06,0.0,0.0,0.0
1.3833,-5.294113258992606,-0.15333724371425547,1.0,-5.27725076675415,-0.12570445239543915,0.9975271224975586,-0.05167094967591785,-0.01632612046010227,0.0006802079881173728,-0.9985305330123966,0.030730642147363953,-0.3996444665303343,0.0,0.023842087015509605,-0.3798767626285553,-0.013777307234704494,0.39448101753539433,-1.0516845424566201,0.008688552710807484,0.39453323869313206,-1.0649414862495494,0.008671115113459941,0.47147365454052437,-0.980667270833036,-0.20882473882886868,0.12082892114596198,-0.7891807807130198,-0.06170788242699353,0.0,0.0,0.0,-5.222115773770477e-05,0.013256943792929276,1.7437597347543296e-05,0.0,0.0,0.0
1.4,-5.293581946745722,-0.16009691317928,1.0,-5.276930332183838,-0.12949593365192413,0.997433066368103,-0.05167094967591785,-0.01632612046010227,0.0006802079881173728,-0.9985305330123966,0.033054166034792186,-0.4116018689123967,0.0,0.02860611118376255,-0.38966071605682373,-0.015388921834528446,0.38879379236030187,-1.0898698320314106,0.018914080433787617,0.3888689677352849,-1.1038184508762805,0.018892324669441893,0.28585807964120685,-0.587071358063547,-0.09670250157365416,0.16954854506258255,-0.7295143850816602,-0.07203893361501616,0.0,0.0,0.0,-7.517537498304183e-05,0.01394861884486994,2.175576434572493e-05,0.0,0.0,0.0
1.4166,-5.293010548013915,-0.16705973633785587,1.0,-5.276212215423584,-0.13731931149959564,0.997244119644165,-0.053139594807861415,-0.018395113204769106,0.0007769771522984362,-0.9984173265772964,0.0355178594661951,-0.42372548952097333,0.0,0.03019466996192932,-0.40333032608032227,-0.013484501279890537,0.4015693513825525,-1.0864191509383272,0.008524179598694004,0.4016531078847981,-1.1013635932695198,0.008507475319652041,0.09528635591705399,-0.8199427958526994,0.11423265999284948,0.1476249894958895,-0.7562105047511406,-0.01704815459346353,0.0,0.0,0.0,-8.375650224555702e-05,0.01494444233119263,1.670427904196235e-05,0.0,0.0,0.0
1.4333,-5.292396972633931,-0.17422486458352882,1.0,-5.275515079498291,-0.14533910155296326,0.997107982635498,-0.05361161316940311,-0.018778523085672703,0.0008468144802809463,-0.9983849999444885,0.03812650838211894,-0.43600630747637553,0.0,0.02758200839161873,-0.4127332270145416,-0.011717242188751698,0.44109988903943664,-1.1093511717897042,-0.001302270111623316,0.4411697781850079,-1.125000540562209,-0.0013148828321229552,-0.1567284554269941,-0.5640616284557846,0.10601441489437778,0.0577742897191102,-0.699484644457908,0.019282165201709923,0.0,0.0,0.0,-6.988914557128796e-05,0.015649368772504776,1.2612720499639384e-05,0.0,0.0,0.0
1.45,-5.291739215974428,-0.18158991037381275,1.0,-5.27518892288208,-0.14942237734794617,0.9970282316207886,-0.05361161316940311,-0.018778523085672703,0.0008468144802809463,-0.9983849999444885,0.04088432492902345,-0.44843302754072045,0.0,0.02657419629395008,-0.4182332456111908,-0.015120775438845158,0.4743432202838878,-1.1771206400413023,0.01961666254216199,0.4744080954130976,-1.1931898698931758,0.019595658345020417,-0.0605181295455847,-0.33027073072958424,-0.20437883869258963,0.022852205456472492,-0.5904859487992506,-0.04674665112324307,0.0,0.0,0.0,-6.487512920976132e-05,0.01606922985187337,2.1004197141572836e-05,0.0,0.0,0.0
1.4666,-5.2910332845981465,-0.18917309434038812,1.0,-5.274489402770996,-0.15779678523540497,0.9967204928398132,-0.05361196746634841,-0.018284023331717497,0.0010372760887016705,-0.9983939772232213,0.04380350511048897,-0.4610287576103176,0.0,0.03344763070344925,-0.4368959069252014,-0.02612704411149025,0.46003405006426934,-1.1463687703547005,0.08730236660112156,0.46013682534637274,-1.163904099031131,0.08723965635351776,0.41209991048072386,-1.118928413168089,-0.6598858830245722,0.13776524247432534,-0.7464918229149076,-0.22775655906396053,0.0,0.0,0.0,-0.0001027752821034143,0.017535328676430404,6.271024760381184e-05,0.0,0.0,0.0
1.4833,-5.290277421559659,-0.19696645711855312,1.0,-5.273658752441406,-0.16656264662742615,0.9962928295135498,-0.05447875955282345,-0.018697789480261073,0.001085154908610062,-0.9983392706138542,0.046886567649528324,-0.47377242974481976,0.0,0.03635162115097046,-0.4559282958507538,-0.026217646896839142,0.4705052996948388,-1.11315789923853,0.09010799414868076,0.4706266960159387,-1.1322542793651473,0.09004484821653833,0.1740677787463915,-1.140818375396576,-0.005430811801526281,0.14848241470328935,-0.8629042285310822,-0.16212193490195506,0.0,0.0,0.0,-0.00012139632109989835,0.019096380126617286,6.314593214243422e-05,0.0,0.0,0.0
1.5,-5.289467324840837,-0.20498722738415165,1.0,-5.273247241973877,-0.1710616648197174,0.9961004853248596,-0.05572496678921668,-0.020146725692169732,0.0010800972867887838,-0.9982423328622791,0.05014610932001003,-0.48668420580710614,0.0,0.0344977043569088,-0.46265777945518494,-0.023655662313103676,0.5133708198422415,-1.177103120271255,0.07582807950045323,0.5134801495911032,-1.1967673842970532,0.07577667179942978,-0.11098901834142164,-0.4028761061946903,0.1533791348487011,0.07188170516619773,-0.727095518630014,-0.06898025252473844,0.0,0.0,0.0,-0.00010932974886170872,0.019664264025798316,5.140770102345706e-05,0.0,0.0,0.0
1.5167,-5.288605088714095,-0.21318958966235982,1.0,-5.272451877593994,-0.1802714467048645,0.9957811236381531,-0.056793831940877205,-0.02117102055152999,0.001330112392155383,-0.998160567976168,0.053568872701738414,-0.499683558751944,0.0,0.03429288789629936,-0.47777044773101807,-0.02053217776119709,0.5460237874679884,-1.1683473891950982,0.05882424356799676,0.546131822866445,-1.1893172971817105,0.05878551530760044,-0.012321077693157208,-0.9091279061428796,0.18789845173041894,0.04702350464547678,-0.7808348065300179,0.0068550360849448655,0.0,0.0,0.0,-0.00010803539845663453,0.020969907986612288,3.872826039631815e-05,0.0,0.0,0.0
1.5333,-5.287682801586454,-0.22162373581686892,1.0,-5.2715864181518555,-0.18979458510875702,0.9954748749732971,-0.05690388526487325,-0.021423361636098807,0.0015923500835901372,-0.9981485139774939,0.05718127426747803,-0.5128432431451372,0.0,0.042247071862220764,-0.49643298983573914,-0.02182844839990139,0.5312395575109009,-1.138607159820663,0.0682838596138845,0.5314035225230025,-1.1612473060247572,0.06824008687802743,0.47753157026508647,-1.1204107265544487,-0.0778219558714073,0.17411735424941532,-0.8810838247373511,-0.01814315962859052,0.0,0.0,0.0,-0.00016396501210158717,0.022640146204094134,4.377273585706554e-05,0.0,0.0,0.0
1.55,-5.286699187572915,-0.23027448425111738,1.0,-5.2710723876953125,-0.19471295177936554,0.9953122138977051,-0.05690388526487325,-0.021423361636098807,0.0015923500835901372,-0.9981485139774939,0.060982904052875306,-0.52613161345989,0.0,0.04884404316544533,-0.5082419514656067,-0.02155272662639618,0.5282184398803978,-1.1746776276692956,0.06759891938430884,0.5284376099125103,-1.1984076954249185,0.06755624547800922,0.39626080348575765,-0.709329843756713,0.016561801845990806,0.23969816070215705,-0.8303789103097581,-0.007897620679598507,0.0,0.0,0.0,-0.00021917003211243918,0.02373006775562299,4.267390629962173e-05,0.0,0.0,0.0
1.5666,-5.285649900783157,-0.2391536567143386,1.0,-5.269937992095947,-0.20481762290000916,0.9950641393661499,-0.05726696587681542,-0.022400134606674015,0.001694471897532048,-0.9981061563947404,0.06498504077217729,-0.5395591333809059,0.0,0.04972374439239502,-0.5242578387260437,-0.01442490704357624,0.5583612585982067,-1.1612775480253044,0.026236921904867372,0.5585883944076947,-1.1865267597492868,0.02621780647781728,0.05277608420465436,-0.9608441920672837,0.42762064548081186,0.18451534724234953,-0.8688946460703917,0.12067533169817918,0.0,0.0,0.0,-0.00022713580948796827,0.02524921172398253,1.9115427050092912e-05,0.0,0.0,0.0
1.5833,-5.284531249637823,-0.2482654208925262,1.0,-5.269389629364014,-0.20997241139411926,0.9949951171875,-0.05874665875142491,-0.024384802044182682,0.0019229499633096414,-0.9979732673813856,0.06919596409048571,-0.5531239614147949,0.0,0.047793250530958176,-0.5298622846603394,-0.011288207955658436,0.6103463042390085,-1.2368824008317685,0.007928779704755029,0.6105561456009633,-1.262674338704578,0.007917073719799324,-0.11575191738620769,-0.3360411424977127,0.18807567376558212,0.09587096257382317,-0.7115865525587679,0.14057314458965114,0.0,0.0,0.0,-0.0002098413619547986,0.02579193787280959,1.170598495570416e-05,0.0,0.0,0.0
1.6,-5.283342183989334,-0.25759227707448107,1.0,-5.2683210372924805,-0.22045451402664185,0.9949544668197632,-0.05924034981272431,-0.025122620822947344,0.0023770822560145078,-0.9979247563587496,0.0736138051737307,-0.5667924783428857,0.0,0.046945035457611084,-0.5424970388412476,-0.005051349755376577,0.6552535995635109,-1.2450519562145863,-0.029121044050598344,0.6554560586632424,-1.272088595227573,-0.0291233881328074,-0.05092646437824761,-0.7585851500880345,0.37445825587075393,0.05253367904014667,-0.7254613975686602,0.20962030428683037,0.0,0.0,0.0,-0.0002024590997314898,0.02703663901298649,2.344082209058338e-06,0.0,0.0,0.0
1.6166,-5.282076855671443,-0.2671541469107423,1.0,-5.267213344573975,-0.23124389350414276,0.9950222373008728,-0.05947271460818798,-0.024918278413387354,0.002844785833939895,-0.9979148518493495,0.07825430336402538,-0.5805863219721924,0.0,0.0531790554523468,-0.5612094402313232,-0.0005048654857091606,0.6596434703215812,-1.216833167964767,-0.0565728625675922,0.6599032703516926,-1.2457671291206973,-0.05657288598340957,0.3740094548783453,-1.1226487963267584,0.2727659046244958,0.14743920385739973,-0.8427183772949001,0.22826203965342579,0.0,0.0,0.0,-0.0002598000301114402,0.028933961155930176,2.3415817375597177e-08,0.0,0.0,0.0
1.6333,-5.280731624037374,-0.27695168087279626,1.0,-5.2665863037109375,-0.2367992401123047,0.9950898289680481,-0.05947271460818798,-0.024918278413387354,0.002844785833939895,-0.9979148518493495,0.0831244811304319,-0.594498246004027,0.0,0.059869371354579926,-0.5738673210144043,0.0007157560903578997,0.6659440107118442,-1.2527614960742415,-0.06407078215279738,0.6662732922292555,-1.28301536684309,-0.06407073508888111,0.40118403840105227,-0.759028393331999,0.07319443512115596,0.222349316848784,-0.8180115643811202,0.18248324853948386,0.0,0.0,0.0,-0.00032928151741126645,0.030253870768848504,-4.7063916270582594e-08,0.0,0.0,0.0
1.65,-5.279303987026083,-0.2869768752750851,1.0,-5.265183925628662,-0.248240664601326,0.9952955842018127,-0.060829787812500105,-0.02624650736824983,0.0031440284583672175,-0.9977981050789743,0.08822698228520644,-0.6085090223140694,0.0,0.06708945333957672,-0.5913089513778687,0.007811571005731821,0.6674427013934712,-1.231936376601146,-0.10751760045487002,0.667856192777783,-1.2640572144878048,-0.10751199469193043,0.43311239631006865,-1.046274313501144,0.425657964571117,0.28457043013864225,-0.885398900005339,0.2542728693502422,0.0,0.0,0.0,-0.0004134913843118445,0.03212083788665877,-5.605762939594607e-06,0.0,0.0,0.0
1.6666,-5.277789854454623,-0.2972327229905242,1.0,-5.263674736022949,-0.2599830627441406,0.99568772315979,-0.06244335488304837,-0.028654297554671485,0.0033055773287094907,-0.9976316671742048,0.09356990510677993,-0.622615192366861,0.0,0.07173893600702286,-0.6071942448616028,0.01701452024281025,0.6861595060681973,-1.2203041962660501,-0.16455231198683917,0.6866322955659654,-1.2541740445772784,-0.16452571714730915,0.2790929923862953,-0.9535413744740533,0.5524224575217535,0.2829533904000028,-0.9055158039460407,0.3422920772227096,0.0,0.0,0.0,-0.00047278949776802503,0.03386984831122838,-2.6594839530010245e-05,0.0,0.0,0.0
1.6833,-5.27618281112232,-0.3077360833972621,1.0,-5.262894630432129,-0.2659871280193329,0.9959295392036438,-0.06270506573887678,-0.030083307526857603,0.0033558585189829727,-0.9975730409079261,0.09916900837603856,-0.6368316889761142,0.0,0.07248074561357498,-0.6162006855010986,0.017697062343358994,0.7344626064979509,-1.280265333288092,-0.169720854219222,0.734945224217412,-1.3151474083861565,-0.16969208286392362,0.04447299209559612,-0.539954403167479,0.040919784772944924,0.21254961798295233,-0.797595396869144,0.2533214681441607,0.0,0.0,0.0,-0.00048261771946108545,0.03488207509806459,-2.8771355298384314e-05,0.0,0.0,0.0
1.7,-5.274483364826564,-0.3184579124832226,1.0,-5.261345386505127,-0.27823328971862793,0.9963910579681396,-0.06319636496652319,-0.030539090132099492,0.0033381568426083933,-0.9975281966611106,0.10501560634503779,-0.6511113702862572,0.0,0.07055903971195221,-0.6309037804603577,0.014151233248412609,0.7972900634495279,-1.27590381939473,-0.1506333063057218,0.7977474288229432,-1.3124703888290272,-0.1506149093256833,-0.11542795615002363,-0.883146686906586,-0.21298149989617493,0.11572464347213252,-0.8228517013562447,0.11566030910247725,0.0,0.0,0.0,-0.0004573653734153591,0.036566569434297196,-1.839698003849656e-05,0.0,0.0,0.0
1.7166,-5.272681755465662,-0.3294338957255481,1.0,-5.2598066329956055,-0.2907769978046417,0.9967705011367798,-0.0641517220696988,-0.0312239830058466,0.0032653692352301155,-0.9974462210407569,0.1111361192421496,-0.6654937383398182,0.0,0.0728314071893692,-0.6472374796867371,0.010290983133018017,0.8376563531997865,-1.2617574220366594,-0.12926130999930818,0.8381436520209363,-1.3002418711928787,-0.12925158092117237,0.13626420759167918,-0.9794624347701766,-0.23148277217813998,0.12178829821314885,-0.8690860523206698,0.013177326583143661,0.0,0.0,0.0,-0.0004872988211498093,0.03848444915621919,-9.729078135807767e-06,0.0,0.0,0.0
1.7333,-5.270776386591948,-0.3406470813783416,1.0,-5.259006977081299,-0.2971721589565277,0.9969357252120972,-0.0641517220696988,-0.0312239830058466,0.0032653692352301155,-0.9974462210407569,0.11752844578108015,-0.6799479530574704,0.0,0.07570751011371613,-0.6557531356811523,0.008679958060383797,0.8807326290328871,-1.326559435216102,-0.12031914631153084,0.881259174508003,-1.3660632203553624,-0.12031222492326954,0.1725811528061918,-0.5109837050601582,-0.09666989379318731,0.1367832772579941,-0.763367694175531,-0.019251580610097505,0.0,0.0,0.0,-0.0005265454751158797,0.03950378513926032,-6.921388261304655e-06,0.0,0.0,0.0
1.75,-5.268763879387049,-0.35209201527562967,1.0,-5.2573161125183105,-0.3102380335330963,0.9972078800201416,-0.06452856889603585,-0.03267430742957809,0.003151193422614097,-0.9973758779505922,0.12419645359911063,-0.6944590652034106,0.0,0.08311687409877777,-0.6748350262641907,0.004228325095027685,0.8948095333878517,-1.2956659886460056,-0.094877130534187,0.8954441864237993,-1.3375022811035644,-0.09487548807457204,0.4449377917131976,-1.145881653924348,-0.2673238546677691,0.22775612223495562,-0.8762928065117044,-0.09248705006550789,0.0,0.0,0.0,-0.0006346530359475973,0.041836292457558766,-1.642459614968929e-06,0.0,0.0,0.0
1.7666,-5.266635705132613,-0.3637911534074865,1.0,-5.2554497718811035,-0.32370537519454956,0.997408926486969,-0.06465858402115786,-0.03485036765744177,0.0029450531865473223,-0.9972944080924206,0.1311605651031188,-0.7090470673107242,0.0,0.09240991622209549,-0.6951031684875488,0.0022174413315951824,0.8995608314235314,-1.2569254254268183,-0.08373065912947253,0.9003453353318707,-1.3013124971369177,-0.08373020741684123,0.5573757525274914,-1.2156375570204916,-0.12060828262859104,0.3250658617368423,-0.9764735792528071,-0.10078895190538614,0.0,0.0,0.0,-0.0007845039083392498,0.04438707171009934,-4.5171263129291974e-07,0.0,0.0,0.0
1.7833,-5.264387574815187,-0.37574120869517086,1.0,-5.254455089569092,-0.33058691024780273,0.9975041151046753,-0.06471322345898518,-0.036905125304024046,0.0027727568698348,-0.9972174479470397,0.13842657351865134,-0.7236987446455047,0.0,0.09601182490587234,-0.7034165263175964,0.0026885427068918943,0.9457390609968095,-1.3241191593660797,-0.08694993226693326,0.9465859127820748,-1.369574309198511,-0.08694926823060793,0.21590162060193785,-0.4983100866035956,0.028238236813852288,0.292838582498858,-0.8353109765652427,-0.06269776749447338,0.0,0.0,0.0,-0.0008468517852653077,0.04545514983243145,-6.640363253323359e-07,0.0,0.0,0.0
1.8,-5.262019421941841,-0.38791724365256386,1.0,-5.2523956298828125,-0.34456953406333923,0.9977115392684937,-0.06519596951056192,-0.03825662063635355,0.00272513093101746,-0.9971351772987465,0.145986571039565,-0.7383752395881042,0.0,0.09844446182250977,-0.717856764793396,0.004039635881781578,0.9964298493646391,-1.3198258215523713,-0.09601737819754474,0.9973201578995414,-1.3671663992389569,-0.09601587905682454,0.14605028198852005,-0.866960822204091,0.08111672475075507,0.24950399325759004,-0.8446545894794915,-0.0202411008069973,0.0,0.0,0.0,-0.0008903085349023666,0.0473405776865857,-1.499140720204388e-06,0.0,0.0,0.0
1.8166,-5.2595218756444835,-0.40034237706084047,1.0,-5.25028657913208,-0.3588069975376129,0.9979303479194641,-0.06539529644514912,-0.04006017516327681,0.00291087209240498,-0.9970507571611792,0.15386217329121618,-0.7530961288979953,0.0,0.10271874815225601,-0.7321348786354065,0.002018696628510952,1.0388551505668318,-1.3162334709048136,-0.08491682720249172,1.0398244487404231,-1.3654759775814107,-0.08491645283332402,0.2565675313059034,-0.8570554561717353,-0.12130853085867621,0.25158927879362747,-0.8483155519845125,-0.050078053423337696,0.0,0.0,0.0,-0.0009692981735913315,0.04924250667659703,-3.743691676953951e-07,0.0,0.0,0.0
1.8333,-5.256885847321066,-0.41303484181665845,1.0,-5.249183654785156,-0.366039514541626,0.9980105757713318,-0.06539529644514912,-0.04006017516327681,0.00291087209240498,-0.9970507571611792,0.16207304923606697,-0.7678733708935211,0.0,0.10811574012041092,-0.7410542368888855,-0.0007917530601844192,1.0828162204786569,-1.3810902974251729,-0.06838883187849432,1.0838900511636396,-1.4315399230525805,-0.06838888946721883,0.3232233629380015,-0.5341762572464803,-0.16831653726895152,0.2727369697286571,-0.7555758904809344,-0.08498421496445531,0.0,0.0,0.0,-0.001073830684982578,0.05044962562740763,5.758872451020659e-08,0.0,0.0,0.0
1.8533,-5.253543758093353,-0.4285636302983484,1.0,-5.24679708480835,-0.3808543384075165,0.9980961680412292,-0.06495395176970024,-0.041361378768620685,0.003303385692586919,-0.9970252583178301,0.1723438258898747,-0.7856037738869925,0.0,0.11861418187618256,-0.7645229697227478,-0.0026811053976416588,1.1101302058071596,-1.3524484006309139,-0.05740448968479994,1.1114227077183523,-1.4061440420682487,-0.057405150052362554,0.5246724048566594,-1.1728784881919787,-0.0944226826776714,0.3471129149411517,-0.8787712445946542,-0.0877706231454696,0.0,0.0,0.0,-0.0012925019111927419,0.053695641437334955,6.603675626131161e-07,0.0,0.0,0.0
1.8667,-5.251192971704526,-0.4391423313355933,1.0,-5.244298458099365,-0.396034300327301,0.9982389807701111,-0.06564859373634352,-0.04288097417205786,0.003612701413808361,-0.9969145385467919,0.17948076988957126,-0.7974672259437092,0.0,0.12243394553661346,-0.7790125012397766,0.0023005292750895023,1.1456523031830508,-1.3146761912225382,-0.0879613211242406,1.1470293910407239,-1.3704264403843422,-0.08796083492588361,0.2859967154001321,-1.0848729895214124,0.3729893470853639,0.32907029578220226,-0.9396162467321416,0.04825414163042488,0.0,0.0,0.0,-0.001377087857672989,0.0557502491618041,-4.861983569972934e-07,0.0,0.0,0.0
1.8834,-5.248121706340869,-0.4525724442379831,1.0,-5.243002891540527,-0.4037401080131531,0.9983325004577637,-0.06714008509435802,-0.04571649955312642,0.004294300247926573,-0.996686439802651,0.188703175389868,-0.8122826670356013,0.0,0.12755921483039856,-0.7878435254096985,0.001684855087660253,1.1999929490685566,-1.3800366468380205,-0.08467922199692224,1.2014877440572944,-1.4370580498707082,-0.08467896121164716,0.3071342081952223,-0.5292033375242885,-0.03689456947981555,0.32259436178857104,-0.8184548545911954,0.023116685800790897,0.0,0.0,0.0,-0.001494794988737842,0.057021403032687705,-2.607852750879582e-07,0.0,0.0,0.0
1.9,-5.244904629691215,-0.46620379814591584,1.0,-5.24021577835083,-0.4194152355194092,0.9984962940216064,-0.06803898912813132,-0.047514424841595446,0.004717833928612521,-0.9965394737418934,0.19824685097191777,-0.8270443522991383,0.0,0.14287947118282318,-0.8078086376190186,0.0006021538283675909,1.1887683079823466,-1.3388222583038243,-0.07895196919709291,1.1906437240255063,-1.3987702921389171,-0.07895193588722871,0.9212457527490645,-1.2005526802483117,-0.0651055644027505,0.49932719428130534,-0.9312571165375869,-0.002928134945952378,0.0,0.0,0.0,-0.0018754160431597234,0.059948033835092736,-3.330986420656361e-08,0.0,0.0,0.0
1.9195,-5.240925752402946,-0.4825010089720632,1.0,-5.237112522125244,-0.43551546335220337,0.998684823513031,-0.06833344808525268,-0.048647089785189335,0.004836519454019187,-0.996464115176756,0.20989617141784062,-0.8443358187034548,0.0,0.1565151959657669,-0.8291446566581726,0.004259657580405474,1.2067941871185004,-1.3150560410438674,-0.10178835539092346,1.2090446454552326,-1.3782126162021402,-0.10178668849940588,0.6993784851301115,-1.0943277978869106,0.18759394708945779,0.5583859917874996,-0.979398562204566,0.05331746594792946,0.0,0.0,0.0,-0.0022504583367321954,0.06315657515827287,-1.6668915175851612e-06,0.0,0.0,0.0
1.9333,-5.237965462211115,-0.4942568838942574,1.0,-5.235471248626709,-0.44370707869529724,0.9988102912902832,-0.06833344808525268,-0.048647089785189335,0.004836519454019187,-0.996464115176756,0.21845928262584582,-0.8565718726921807,0.0,0.16187623143196106,-0.8379158973693848,0.005842192098498344,1.2511229607333323,-1.3528650673878915,-0.11187802196765573,1.2535302269939324,-1.417364934345669,-0.11187488644730008,0.387967364298285,-0.634757065461196,0.11452484315150627,0.508075298117566,-0.8776540931634662,0.07138700241937017,0.0,0.0,0.0,-0.0024072662606001226,0.0644998669577775,-3.1355203556474963e-06,0.0,0.0,0.0
1.95,-5.234241231635033,-0.5086362726379151,1.0,-5.232076644897461,-0.4603208899497986,0.9991474747657776,-0.06834587086885127,-0.05063373417331097,0.004944078211419031,-0.9963637213836031,0.2291137002967719,-0.871273225458623,0.0,0.16815781593322754,-0.8523747324943542,0.012917093932628632,1.3017290815898253,-1.341569302996045,-0.15598499059443383,1.3043268000138186,-1.4083143576208226,-0.15596966252023478,0.37766258618465376,-0.8692967618938405,0.42535855772400843,0.46957508193000586,-0.875186856221126,0.17588587527837546,0.0,0.0,0.0,-0.002597718423993267,0.06674505462477764,-1.532807419903175e-05,0.0,0.0,0.0
1.9666,-5.230332599985129,-0.5232743577079356,1.0,-5.228503227233887,-0.47727078199386597,0.9995800852775574,-0.06884743943955517,-0.05325302383100537,0.00517702384313873,-0.9961914672137391,0.24016155289091026,-0.8859438036272541,0.0,0.18001915514469147,-0.8717208504676819,0.014905411750078201,1.3217196846045762,-1.29968886880709,-0.17006395892089243,1.324696798137229,-1.369498095359827,-0.17004354878418393,0.7119865831842576,-1.1612665474060824,0.11935040250447228,0.5411393877887843,-0.9596428098950074,0.15919557038554485,0.0,0.0,0.0,-0.0029771135326529144,0.06980922655273707,-2.0410136708496726e-05,0.0,0.0,0.0
1.9833,-5.226232463156764,-0.5381714391167803,1.0,-5.226606845855713,-0.4858956038951874,0.9998052716255188,-0.06867598803544638,-0.05451718496631973,0.00523029745965649,-0.9961346532619463,0.2516116875390887,-0.9005728758903528,0.0,0.18979188799858093,-0.8817628026008606,0.01515069231390953,1.3664983037329368,-1.3557358237188264,-0.172655077625692,1.3698074293271763,-1.4271626751848012,-0.17263399023155065,0.5858700545995084,-0.6020096049396833,0.014704437282030759,0.554344698198344,-0.8540629511331321,0.11653914694936521,0.0,0.0,0.0,-0.0033091255942393864,0.07142685146597483,-2.1087394141337575e-05,0.0,0.0,0.0
2.0,-5.2219437722957185,-0.5532920893467606,1.0,-5.222519397735596,-0.5034497976303101,1.0003001689910889,-0.06846646880750913,-0.056486292972738286,0.00505715820597376,-0.9960402443212819,0.26344482491752386,-0.915115452294936,0.0,0.20639298856258392,-0.9017221331596375,0.021347809582948685,1.3629954608820398,-1.3075022433586967,-0.21232226395831388,1.3669088031869,-1.382199287750863,-0.21228039765657003,0.9970368500937898,-1.1987270358119622,0.3721894375474319,0.6850355127661649,-0.9558140885456319,0.19201178539508235,0.0,0.0,0.0,-0.003913342304860091,0.0746970443921663,-4.1866301743866244e-05,0.0,0.0,0.0
2.0166,-5.217451479489643,-0.5686649486323003,1.0,-5.218188762664795,-0.5213391184806824,1.0009154081344604,-0.06864564691433009,-0.05896437883412005,0.004826909972558726,-0.9958854389467015,0.2756912466772525,-0.929588838023234,0.0,0.21521234512329102,-0.9169317483901978,0.024086415767669678,1.408905519120756,-1.286181173379697,-0.23186061341438402,1.4131604481283557,-1.3634193440064795,-0.23180731646938357,0.5291089154937636,-0.9124864114887287,0.1643000754519968,0.6390031312950528,-0.9430229663546166,0.18383078211769788,0.0,0.0,0.0,-0.004254929007599792,0.07723817062678247,-5.3296945000435874e-05,0.0,0.0,0.0
2.0333,-5.2127482824377775,-0.5842893187722416,1.0,-5.21596097946167,-0.5303753614425659,1.001224398612976,-0.06864564691433009,-0.05896437883412005,0.004826909972558726,-0.9958854389467015,0.2883589184637548,-0.9439810181300984,0.0,0.22012576460838318,-0.9224570989608765,0.02189081348478794,1.492817447544431,-1.3673746103899946,-0.22027280856191622,1.4972688792372855,-1.44554644659035,-0.22022878534649584,0.29449370525443347,-0.3311707798053702,-0.1315969567656011,0.537297651939334,-0.7623930177258708,0.09071074835283376,0.0,0.0,0.0,-0.00445143169285454,0.07817183620035532,-4.402321542036773e-05,0.0,0.0,0.0
2.05,-5.207837000745431,-0.6001316343825561,1.0,-5.211294651031494,-0.5486921072006226,1.0016967058181763,-0.06865001207660125,-0.060791936979087025,0.00484199854432562,-0.995775182790997,0.3014284894730127,-0.9582504776424329,0.0,0.23525001108646393,-0.9388899803161621,0.011171332560479641,1.5070935765861304,-1.3362847700576574,-0.1583739592150698,1.5121777138069903,-1.417266559157676,-0.15836249437714436,0.9083652538125582,-0.9869621250089496,-0.6438141579258252,0.6468435902192451,-0.8286899227690973,-0.12613442929689866,0.0,0.0,0.0,-0.005084137220859865,0.08098178910001859,-1.1464837925445024e-05,0.0,0.0,0.0
2.0666,-5.20270254426711,-0.6162167054206387,1.0,-5.206269264221191,-0.5673840045928955,1.002015233039856,-0.06891968769898144,-0.06222378231465226,0.005014927063765816,-0.9956672447119606,0.3149281701955686,-0.9724089357224761,0.0,0.2537035048007965,-0.959807813167572,0.0068219383247196674,1.5036934426546305,-1.276137080885587,-0.13393737641230585,1.5096064836802192,-1.360767505596503,-0.13393310104397427,1.107670194344267,-1.2555920487721106,-0.2610722084925439,0.7828880265386085,-0.9547192330904721,-0.1659705280475643,0.0,0.0,0.0,-0.005913041025588688,0.08463042471091588,-4.27536833157683e-06,0.0,0.0,0.0
2.0833,-5.197332346834998,-0.6325582705597937,1.0,-5.203639507293701,-0.5768899917602539,1.0021703243255615,-0.06908589675953444,-0.06406575468180996,0.0051913959184809125,-0.9955379803275777,0.3288781343136288,-0.9864563494645023,0.0,0.2603367269039154,-0.9691123366355896,0.008570553734898567,1.587527149127949,-1.331523362922718,-0.14527698838959735,1.593753431879603,-1.4178025814270236,-0.1452702403795145,0.3973400457012282,-0.5573550414167381,0.1047447102167238,0.6690672157226167,-0.8374100608641952,-0.08605044170043266,0.0,0.0,0.0,-0.006226282751654027,0.08627921850430566,-6.74801008285307e-06,0.0,0.0,0.0
2.1,-5.191736222832593,-0.6491025059442252,1.0,-5.198207378387451,-0.5961430668830872,1.0025050640106201,-0.06994853968633694,-0.06654348130716262,0.005520773539593569,-0.9953133797718631,0.34324029161682645,-1.0003352118362745,0.0,0.270529568195343,-0.983875036239624,0.01098296232521534,1.639907217611302,-1.304577119404894,-0.16150854604474374,1.6466305941936519,-1.3935049793913707,-0.1614974645856864,0.6122629822702146,-0.8867649586114055,0.14490841520350586,0.6522975677652063,-0.8519805287658213,-0.017867165780155292,0.0,0.0,0.0,-0.00672337658234981,0.08892785998647658,-1.108145905735488e-05,0.0,0.0,0.0
2.1166,-5.185892107101493,-0.6658911024877046,1.0,-5.1954026222229,-0.6058626174926758,1.0027117729187012,-0.06994853968633694,-0.06654348130716262,0.005520773539593569,-0.9953133797718631,0.35805850546756407,-1.0140692777229356,0.0,0.2777427136898041,-0.991644561290741,0.014510015025734901,1.7276949869327216,-1.3668827639113317,-0.18379480689112937,1.7347816748447693,-1.4572206714927907,-0.18377546523388452,0.4327519989701192,-0.4661319391798143,0.21160520161348,0.5874837031016148,-0.7380709727528432,0.049877271267293063,0.0,0.0,0.0,-0.007086687912047733,0.09033790758145889,-1.93416572448559e-05,0.0,0.0,0.0
2.1333,-5.179797792143889,-0.6829057479996496,1.0,-5.189572334289551,-0.6255967617034912,1.003151774406433,-0.0707893331764994,-0.06860888160922035,0.006075004597511814,-0.9951104848431316,0.3733248767884056,-1.0276312378316579,0.0,0.29437804222106934,-1.0119905471801758,0.012765975669026375,1.7480901609899426,-1.3028494235684092,-0.1756356672938898,1.7560511822526328,-1.3969323614036118,-0.17562069577084113,0.99783518055059,-1.2204111548087235,-0.10461253128351805,0.7086269594645183,-0.8804666104929089,0.004269057859082798,0.0,0.0,0.0,-0.007961021262690103,0.09408293783520265,-1.4971523048655665e-05,0.0,0.0,0.0
2.15,-5.173444231896985,-0.7001476344114255,1.0,-5.183349132537842,-0.6457980871200562,1.0035169124603271,-0.07050006233076463,-0.07059428915300328,0.006602893875110769,-0.9949888068914806,0.3890484540168815,-1.0410098474717808,0.0,0.31528210639953613,-1.0398916006088257,0.007758977822959423,1.7452623684239545,-1.1902527970253958,-0.14753662929941014,1.7543941729250527,-1.2895950715268045,-0.14753109876651752,1.253940104688081,-1.6736577901089786,-0.30034711669789194,0.8696133669232158,-1.1146311443076349,-0.08565920450773444,0.0,0.0,0.0,-0.009131804501098252,0.09934227450140869,-5.530532892612582e-06,0.0,0.0,0.0
2.1666,-5.166822326131639,-0.7176171699844257,1.0,-5.180088043212891,-0.6560943722724915,1.0036667585372925,-0.07009329402536436,-0.07338668498795355,0.006861675524967648,-0.9948137288827664,0.4052377181448445,-1.0541927524390957,0.0,0.32488954067230225,-1.049371361732483,0.007817011326551437,1.8295157667437336,-1.2368850933688764,-0.14875634881788413,1.839212588636635,-1.3380468527787341,-0.14875073524402696,0.5761498977709784,-0.5684934444746286,0.003480221275789594,0.7829775870360163,-0.9534013132573909,-0.05934361676605705,0.0,0.0,0.0,-0.009696821892901443,0.10116175940985771,-5.6135738571639545e-06,0.0,0.0,0.0
2.1833,-5.1599330250321565,-0.7352884756303006,1.0,-5.173315048217773,-0.6769313216209412,1.004070520401001,-0.07031340034408419,-0.07669934858484112,0.006977495064675592,-0.9945474450938746,0.4218763289846628,-1.0671481231706794,0.0,0.34042373299598694,-1.0655591487884521,0.01779230311512947,1.8649268913853596,-1.1892435299264295,-0.21076253646357712,1.875573164864425,-1.29355044064663,-0.21073345459577086,0.9324392495277348,-0.9716712462075677,0.5987664756139447,0.8271014015966972,-0.9587949313939103,0.13494251114515055,0.0,0.0,0.0,-0.010646273479065327,0.1043069107202007,-2.9081867806254e-05,0.0,0.0,0.0
2.2,-5.152762940317883,-0.7531729462644224,1.0,-5.16619348526001,-0.6980507373809814,1.0046809911727905,-0.06914189707958751,-0.07915490827278282,0.006991403524684177,-0.9944370203507761,0.43898243641663415,-1.0798720183420516,0.0,0.3601694703102112,-1.0806878805160522,0.028803929686546326,1.8777810471794962,-1.1452231711701604,-0.28004056657364684,1.8896981792621226,-1.2525129921461546,-0.27996434789021324,1.1856273173664695,-0.9084004981890541,0.6611900616294217,0.9329448049075648,-0.9439175736250249,0.29030040656443323,0.0,0.0,0.0,-0.011917132082626368,0.10728982097599428,-7.621868343359876e-05,0.0,0.0,0.0
2.2166,-5.145302316155614,-0.771271263558242,1.0,-5.162480354309082,-0.7087336778640747,1.0050468444824219,-0.06914189707958751,-0.07915490827278282,0.006991403524684177,-0.9944370203507761,0.4565644913873776,-1.0923517486502552,0.0,0.3724486529827118,-1.0899490118026733,0.029783811420202255,1.9570776917420485,-1.1873508127675676,-0.2879172985692128,1.9698212519268286,-1.2964873883007824,-0.2878358059070461,0.7369836011619421,-0.5558433381509094,0.058811468812157465,0.8750934758710049,-0.8293509662665215,0.2219606410891471,0.0,0.0,0.0,-0.012743560184780072,0.10913657553321482,-8.149266216667511e-05,0.0,0.0,0.0
2.2333,-5.137539102859526,-0.7895885292113908,1.0,-5.154646873474121,-0.7303867936134338,1.005782961845398,-0.06688008382007235,-0.08102415524855539,0.006884055501526932,-0.9944419515320518,0.4746354972656471,-1.1045769455413466,0.0,0.39902055263519287,-1.1099144220352173,0.03060801886022091,1.9346827154123685,-1.1089173873173273,-0.2967360551720196,1.9493094873566388,-1.2220888548776712,-0.2966499898101557,1.592993796721124,-1.19693266440833,0.049411496969826905,1.0870307720455281,-0.9378678020511363,0.1710209799693804,0.0,0.0,0.0,-0.014626771944270409,0.11317146756034398,-8.606536186390975e-05,0.0,0.0,0.0
2.25,-5.129478556016471,-0.8080892358371605,1.0,-5.146399974822998,-0.7523859739303589,1.0065834522247314,-0.06596602272590332,-0.0839524353064843,0.006597119756864787,-0.9942620687826073,0.4931679068265896,-1.1165104917157773,0.0,0.4155578911304474,-1.124000906944275,0.033957093954086304,1.9748264934134563,-1.0621448914853537,-0.32105225200759036,1.9906907974997043,-1.1782072206508416,-0.3209463220030121,0.9929372566422354,-0.8457827530920752,0.2010856485126546,1.0592526464994705,-0.9106826125092633,0.17989661963186088,0.0,0.0,0.0,-0.015864304086248095,0.11606232916548798,-0.00010593000457823709,0.0,0.0,0.0
2.2666,-5.121099413636896,-0.8267992051588763,1.0,-5.1421613693237305,-0.7634878158569336,1.0069894790649414,-0.0652944186217828,-0.08706836696341838,0.006296275552194046,-0.99404037635944,0.5121949776221864,-1.1281553823413388,0.0,0.42228156328201294,-1.1292985677719116,0.03367442265152931,2.098692180938084,-1.1209963199306185,-0.3216194074634734,2.1150740028282122,-1.2381552813723913,-0.3215152337188748,0.40330532713621736,-0.31776903825527353,-0.01695544333214158,0.8656050087130007,-0.735643688381525,0.12178229267131074,0.0,0.0,0.0,-0.01638182189012848,0.11715896144177267,-0.00010417374459861723,0.0,0.0,0.0
2.2833,-5.1123927129167575,-0.8457142863675864,1.0,-5.1334686279296875,-0.7858256101608276,1.0077823400497437,-0.06373991838378902,-0.08928621645012512,0.00614349322634205,-0.993945419509745,0.5317205145894423,-1.1394940365609374,0.0,0.4396984279155731,-1.1403882503509521,0.03069906495511532,2.1408987295901802,-1.0869880513101329,-0.3079913149893093,2.15865974472023,-1.2064593065234703,-0.307904736848789,1.0436542802445854,-0.664516543802503,-0.178289540652323,0.918168407973726,-0.714645655271801,0.03319560289600341,0.0,0.0,0.0,-0.017761015130049712,0.11947125521333742,-8.657814052034273e-05,0.0,0.0,0.0
2.3,-5.103375035926604,-0.8647765490557197,1.0,-5.124316692352295,-0.8084356188774109,1.008472204208374,-0.06177034083513626,-0.09088072919387943,0.006230105000031916,-0.9939247254071261,0.551691461581849,-1.150478248325468,0.0,0.4698200523853302,-1.1578395366668701,0.02400640770792961,2.1088367226414575,-1.0109731601348515,-0.27156662617314054,2.1291145329665895,-1.1341289146080393,-0.2715136827139397,1.8103291396801742,-1.048833610362813,-0.40223303522811943,1.1815505624865454,-0.8133040477519864,-0.09535088964728122,0.0,0.0,0.0,-0.020277810325132158,0.12315575447318777,-5.2943459200814246e-05,0.0,0.0,0.0
2.3166,-5.09400651318438,-0.8840478667199092,1.0,-5.1194963455200195,-0.8198949694633484,1.0087746381759644,-0.06177034083513626,-0.09088072919387943,0.006230105000031916,-0.9939247254071261,0.5721796271638452,-1.1611294099401634,0.0,0.4869045615196228,-1.1691128015518188,0.023716004565358162,2.181694572247132,-1.025845767147382,-0.2716289987062771,2.203473958893494,-1.1514114001815638,-0.27157732840318605,1.0246024993923102,-0.6760870497733674,-0.01741623264509487,1.1352166256349345,-0.7727950819580499,-0.07234315444558508,0.0,0.0,0.0,-0.021779386646362208,0.12556563303418186,-5.167030309105033e-05,0.0,0.0,0.0
2.3333,-5.084295854756337,-0.9034867473844609,1.0,-5.109445095062256,-0.8430377244949341,1.0094753503799438,-0.05993242213869745,-0.09791642905634851,0.006493817831164597,-0.9933672490418726,0.5931485201505889,-1.1714089319222638,0.0,0.5105934739112854,-1.1784288883209229,0.03348023444414139,2.193380292915996,-0.9914984741958104,-0.3340341180570624,2.2173304561518554,-1.1190732222341275,-0.33393114231281956,1.4198330927849783,-0.558374655253719,0.58523483384301,1.219240608829558,-0.7094942529146945,0.12178588661227972,0.0,0.0,0.0,-0.02395016323585965,0.1275747480383171,-0.00010297574424286514,0.0,0.0,0.0
2.35,-5.074235886143193,-0.9230855975052779,1.0,-5.104239463806152,-0.8546683192253113,1.009890079498291,-0.05993242213869745,-0.09791642905634851,0.006493817831164597,-0.9933672490418726,0.6145965971872551,-1.1812981820733979,0.0,0.5236711502075195,-1.1831780672073364,0.03538619726896286,2.297647483756674,-1.039594283533207,-0.34787269556058276,2.3228402151276883,-1.1681993799836625,-0.34775766168625183,0.7858867270330678,-0.2853960112327354,0.11453647057137945,1.0913066222756547,-0.584292700493033,0.11964572649543616,0.0,0.0,0.0,-0.02519273137101469,0.12860509645045554,-0.00011503387433091075,0.0,0.0,0.0
2.3666,-5.063811946704822,-0.9428506863026312,1.0,-5.093450546264648,-0.8780744075775146,1.0107089281082153,-0.058941367971922135,-0.100401504709138,0.006683057180978508,-0.9931771667550884,0.636537515146912,-1.190785020420038,0.0,0.5493646860122681,-1.1935135126113892,0.03154829517006874,2.303044425417964,-0.9925137512064619,-0.32929648484027096,2.330769928568036,-1.1233754757128003,-0.3292050504128727,1.541635671778439,-0.620136186770428,-0.23027763969157702,1.2242519886009458,-0.5948743527732605,0.016341953054935937,0.0,0.0,0.0,-0.027725503150071943,0.1308617245063384,-9.143442739825763e-05,0.0,0.0,0.0
2.3833,-5.053009522219786,-0.9627863807754851,1.0,-5.082084655761719,-0.9016954898834229,1.0114272832870483,-0.05644106808719709,-0.10179511264566397,0.00670054812311053,-0.9931804120624238,0.6589833631733732,-1.1998550599530429,0.0,0.5831366181373596,-1.206035852432251,0.02727491967380047,2.261949795497092,-0.9283583740170706,-0.3076293200590078,2.29318890073967,-1.0619805056031397,-0.30756097849413133,2.02417510967576,-0.7505465925491933,-0.25613163859872246,1.460403914577695,-0.6408316432623831,-0.06409723135113117,0.0,0.0,0.0,-0.03123910524257791,0.13362213158606914,-6.834156487643368e-05,0.0,0.0,0.0
2.4,-5.041839916958712,-0.9828497869406431,1.0,-5.076161861419678,-0.9135828018188477,1.0117756128311157,-0.055791766909928424,-0.10400455317754828,0.006643902758711867,-0.9929885596080021,0.6818923777129114,-1.208472930810095,0.0,0.5971016883850098,-1.2096607685089111,0.027999725192785263,2.371474920619704,-0.9731778643380011,-0.314112034579083,2.4042281824465794,-1.107604444536019,-0.31404001252616426,0.8385167635353737,-0.21765396398201964,0.04352012322129012,1.2768114610160202,-0.5159018576872986,-0.032326621299689606,0.0,0.0,0.0,-0.03275326182687547,0.1344265801980178,-7.20220529187279e-05,0.0,0.0,0.0
2.4166,-5.030282071985772,-1.0030573021341416,1.0,-5.063945770263672,-0.937447726726532,1.0124694108963013,-0.05617728940161363,-0.10692036171958502,0.006913642589181579,-0.992655262329978,0.7052893938370685,-1.216629988258429,0.0,0.6231176257133484,-1.2165274620056152,0.02704623155295849,2.381945742937623,-0.9353703877547568,-0.31227567402426415,2.41761532580456,-1.0713274566008533,-0.31220847368242444,1.5610917180503299,-0.41203736820269243,-0.05721458372079715,1.3607361888393816,-0.48523916200296224,-0.039674002697397466,0.0,0.0,0.0,-0.03566958286693698,0.1359570688460966,-6.72003418397326e-05,0.0,0.0,0.0
2.4333,-5.018323708695244,-1.0234078522934151,1.0,-5.05114221572876,-0.9615058898925781,1.013124704360962,-0.055036914218920284,-0.11016378034927497,0.0075067751882753955,-0.9923601079498562,0.7291798748059619,-1.2243086311822473,0.0,0.6547574400901794,-1.2271884679794312,0.0253627747297287,2.3605146889664868,-0.8704073504598865,-0.30588927189548143,2.3998986000849567,-1.0087577728950643,-0.3058301767933972,1.8967355572706743,-0.6391032787353857,-0.10091944212188778,1.5189729991559728,-0.5306626615215801,-0.057754775832136014,0.0,0.0,0.0,-0.039383911118469804,0.1383504224351778,-5.909510208423663e-05,0.0,0.0,0.0
2.45,-5.005975770351986,-1.0438614232607453,1.0,-5.04449462890625,-0.9736219644546509,1.0134364366531372,-0.055036914218920284,-0.11016378034927497,0.0075067751882753955,-0.9923601079498562,0.7535228001260794,-1.2314772926537891,0.0,0.6730539798736572,-1.2327823638916016,0.0234439205378294,2.4544232336332037,-0.8919768716093732,-0.2963821636262344,2.4960389861156806,-1.0315914547802494,-0.2963316721068188,1.0990826804921014,-0.33602824284261634,-0.11526657136616875,1.3950137025197775,-0.47320302368707945,-0.07473330904854569,0.0,0.0,0.0,-0.041615752482476946,0.13961458317087624,-5.049151941557557e-05,0.0,0.0,0.0
2.4666,-4.993210064196323,-1.064443365569198,1.0,-5.030623912811279,-0.9980764985084534,1.01394784450531,-0.0537505686947655,-0.1109522240785463,0.007864349051041811,-0.9923400460499651,0.778354191162211,-1.2381280137722543,0.0,0.7117158770561218,-1.2495570182800293,0.015408167615532875,2.3947757013511968,-0.7810071963881584,-0.2511897460771172,2.4413097958007226,-0.9244471429470588,-0.2511679358621084,2.3190525563103326,-1.0061923489452986,-0.4820077314980336,1.6678068613258206,-0.6305512142427624,-0.19496816253457147,0.0,0.0,0.0,-0.04653409444952586,0.14343994655890036,-2.1810215008786308e-05,0.0,0.0,0.0
2.4833,-4.980019288857341,-1.0851429348557144,1.0,-5.016053676605225,-1.0228166580200195,1.0144048929214478,-0.05309365737716258,-0.11283474467742176,0.008257115532314872,-0.992159868272581,0.8036675629072683,-1.2442388593652938,0.0,0.742755115032196,-1.2583197355270386,0.017949096858501434,2.382064424801669,-0.7127206407549216,-0.2692011109072189,2.432745901583612,-0.8581794321744949,-0.26917151421604996,1.860865339260445,-0.5253426909278026,0.15233386726176013,1.7248012526482555,-0.5994917352060591,-0.09243825550820944,0.0,0.0,0.0,-0.05068147678194296,0.14545879141957335,-2.9596691168894896e-05,0.0,0.0,0.0
2.5001,-4.966314491982557,-1.1060723366077436,1.0,-5.008545875549316,-1.0352660417556763,1.0146484375,-0.05222127556490378,-0.11573300959376584,0.008580676888332982,-0.9918696029268864,0.8296094333955394,-1.2498189998966356,0.0,0.7576039433479309,-1.2611056566238403,0.017763599753379822,2.508075380535011,-0.73840655813373,-0.2697980295385639,2.560803515654837,-0.8845101543696231,-0.2697690414274838,0.8838752252955452,-0.1658317130976541,-0.01104169918964563,1.47654451930557,-0.47146737043658343,-0.06840850435327814,0.0,0.0,0.0,-0.05272813511982597,0.14610359623589309,-2.8988111080081593e-05,0.0,0.0,0.0
2.5167,-4.952344687871267,-1.1268349623896157,1.0,-4.993068695068359,-1.060257077217102,1.0151382684707642,-0.05078507165251246,-0.11681737161478821,0.008663242564565804,-0.9918162871635201,0.8556907320198379,-1.2547498814868903,0.0,0.7885667085647583,-1.2661710977554321,0.019225293770432472,2.4989467197338184,-0.6820777318355985,-0.28151904791145965,2.5560728538281166,-0.8293573841578831,-0.2814850928963576,1.8685397542516762,-0.30568904491957066,0.08821025384161607,1.5922686773744719,-0.4225265787221987,-0.022171784326839653,0.0,0.0,0.0,-0.057126134094298175,0.14727965232228454,-3.395501510205961e-05,0.0,0.0,0.0
2.5333,-4.9378847243604636,-1.1477515539987948,1.0,-4.976922988891602,-1.0853691101074219,1.01564359664917,-0.048180325291732336,-0.11732730370074348,0.008779272838516315,-0.9918850286734414,0.8823152797639932,-1.2590971571856313,0.0,0.8259122967720032,-1.2708179950714111,0.01810787431895733,2.453518169083197,-0.6234874287081306,-0.2778616625501661,2.5161832814871827,-0.7718501089048712,-0.2778315399191781,2.244880044714515,-0.2793295689062142,-0.06716918245528548,1.7849314811506574,-0.38025220413390187,-0.03545583869658604,0.0,0.0,0.0,-0.06266511240398567,0.14836268019674057,-3.0122630987992715e-05,0.0,0.0,0.0
2.55,-4.922967638661151,-1.1687497781213247,1.0,-4.968562126159668,-1.0979715585708618,1.0158897638320923,-0.048180325291732336,-0.11732730370074348,0.008779272838516315,-0.9918850286734414,0.9093984702852915,-1.2628231598840751,0.0,0.8464058637619019,-1.275242805480957,0.018165195360779762,2.552797670697924,-0.6243255971817131,-0.27996534047567023,2.6186112158444645,-0.7737232322096357,-0.279935026834577,1.2313414127523028,-0.26586158981191,0.0034440940736602346,1.6215015746888777,-0.34648200400578805,-0.02397186754731287,0.0,0.0,0.0,-0.0658135451465408,0.14939763502792255,-3.03136410932344e-05,0.0,0.0,0.0
2.5666,-4.907581439284232,-1.1898243215150872,1.0,-4.951242923736572,-1.1233242750167847,1.0162562131881714,-0.04636789226775246,-0.11870743649954713,0.008868497716813873,-0.9918064248009686,0.9369393308338625,-1.2659064458070137,0.0,0.8850671052932739,-1.287235975265503,0.006837024819105864,2.502821645581825,-0.5111701258028829,-0.2143705070262888,2.5747848275846192,-0.6633910295623784,-0.21436621272737255,2.319378093085791,-0.7194982406957119,-0.6796033843811683,1.8275274783931483,-0.4566032148998607,-0.21752627465500768,0.0,0.0,0.0,-0.07196318200279418,0.1522209037594955,-4.294298916240124e-06,0.0,0.0,0.0
2.5833,-4.8917163318443775,-1.2109661923191242,1.0,-4.933289051055908,-1.1488441228866577,1.0164237022399902,-0.04519313842756438,-0.1210971364683345,0.008761950483778336,-0.9915726783791272,0.9649320132329199,-1.2683244621725664,0.0,0.915193498134613,-1.292029619216919,-0.002751770196482539,2.50538570969644,-0.4353531143456721,-0.1582233745656515,2.5823313132684667,-0.5887098650053254,-0.1582240702020273,1.8051579308275834,-0.2872326747524965,-0.5745556549245346,1.820923579091252,-0.40660193576971093,-0.32292787333319917,0.0,0.0,0.0,-0.076945603572027,0.1533567506596533,6.956363758157255e-07,0.0,0.0,0.0
2.6,-4.875409138731133,-1.2321063450865073,1.0,-4.924088478088379,-1.1616290807724,1.0164445638656616,-0.04349085355798969,-0.12182947483970373,0.008592562299613042,-0.9915605822336045,0.993289383362862,-1.2700504126083332,0.0,0.9319505095481873,-1.2945640087127686,-0.004427452106028795,2.6357624359780005,-0.43155814420269145,-0.14882119394629056,2.715551552951103,-0.5855171208905491,-0.14882299474720417,1.0064294408248013,-0.1522159375671225,-0.1006417890160736,1.5804700225170252,-0.33150253954730746,-0.2573049583975903,0.0,0.0,0.0,-0.07978911697310263,0.1539589766878576,1.8008009136216271e-06,0.0,0.0,0.0
2.6166,-4.858616042511125,-1.2532821039283049,1.0,-4.9051513671875,-1.1872574090957642,1.0164868831634521,-0.04089226063709216,-0.12192567238725181,0.008431392750907409,-0.9916606388519694,1.0220653773993935,-1.27106857164619,0.0,0.9688906073570251,-1.29736328125,-0.00015717529458925128,2.6005853927583997,-0.35653849146217237,-0.17520397424409906,2.686825135054132,-0.5111640077496582,-0.1752039765135799,2.21656652360515,-0.16796852646638055,0.2562351804195726,1.7682573359243383,-0.2832243098845898,-0.1056985231628,0.0,0.0,0.0,-0.08623974229573256,0.15462551628748578,2.2694808606574866e-09,0.0,0.0,0.0
2.6333,-4.841334094463507,-1.2744760528328332,1.0,-4.885500907897949,-1.212929606437683,1.0166884660720825,-0.03763167243499009,-0.12279500645552768,0.008277303872751548,-0.9916838196186504,1.0512411548287763,-1.2713568292156154,0.0,1.0070469379425049,-1.3010828495025635,0.006492069456726313,2.5586102094622567,-0.2701517508096744,-0.2166639891049874,2.65177619556441,-0.42566516740898513,-0.2166601172037264,2.2879419291197873,-0.22303392471657923,0.3987041109582964,1.9216777263971756,-0.2654550080501718,0.04321035367450543,0.0,0.0,0.0,-0.09316598610215328,0.15551341659931073,-3.871901261004071e-06,0.0,0.0,0.0
2.65,-4.82356954033629,-1.2956603936832618,1.0,-4.875384330749512,-1.225814700126648,1.0168083906173706,-0.03763167243499009,-0.12279500645552768,0.008277303872751548,-0.9916838196186504,1.0807825404492435,-1.2708942608600589,0.0,1.028075933456421,-1.301846981048584,0.004478479269891977,2.6709943351906027,-0.2597920236676252,-0.20574220559576928,2.76809190133622,-0.4154881613026919,-0.20574036304656163,1.2620659063917468,-0.045859745016955944,-0.12084664351023795,1.726948261043039,-0.20062647273919576,-0.005222270454527368,0.0,0.0,0.0,-0.09709756614561715,0.15569613763506668,-1.8425492076422867e-06,0.0,0.0,0.0
2.6666,-4.805298777520971,-1.3168430393915107,1.0,-4.8545074462890625,-1.2516433000564575,1.016997218132019,-0.03495397251361566,-0.12470768839286875,0.008096620333185348,-0.991544608578019,1.1107046174051596,-1.2696595211069788,0.0,1.0693352222442627,-1.3027949333190918,0.002652533818036318,2.612127880542681,-0.17763114180831244,-0.19629761668092327,2.717175376046638,-0.33355410524514273,-0.1962969703129677,2.4739317522265587,-0.05683978785149605,-0.10948478667209904,1.9474714406691045,-0.15817801529191255,-0.03600247090538895,0.0,0.0,0.0,-0.10504749550395688,0.15592296343683026,-6.463679555819118e-07,0.0,0.0,0.0
2.6833,-4.786536479329731,-1.3379870311860147,1.0,-4.832870006561279,-1.2774862051010132,1.0172131061553955,-0.03233484617495923,-0.12674604169575718,0.008022863348291326,-0.9913755997154903,1.1409589515433787,-1.2676334399023317,0.0,1.1047159433364868,-1.3014265298843384,0.0048608784563839436,2.5882146697912742,-0.10307622625451782,-0.2112009353251244,2.7003285031717006,-0.25867181128667766,-0.21119876468672116,2.122693463023888,0.08209841224431412,0.1324913281361751,1.9992001842976477,-0.08724402221861337,0.013739978225648534,0.0,0.0,0.0,-0.11211383338042623,0.15559558503215984,-2.1706384032494894e-06,0.0,0.0,0.0
2.7,-4.767278069016573,-1.3590787571671463,1.0,-4.8217997550964355,-1.2904239892959595,1.017317295074463,-0.02871553297429079,-0.1277101034402393,0.007949359244488302,-0.9913639671853012,1.171528987016145,-1.2647970404960023,0.0,1.1199778318405151,-1.3021796941757202,0.003954240586608648,2.741388847144931,-0.07414267865721746,-0.20685865123313418,2.8566218320633268,-0.22991840900806296,-0.20685721480422392,0.9167370787804144,-0.045240379795781,-0.05445908951766509,1.6796372907745838,-0.074843779251686,-0.006393633084101345,0.0,0.0,0.0,-0.11523298491839612,0.1557757303508455,-1.4364289102618081e-06,0.0,0.0,0.0
2.7166,-4.747494055852876,-1.3801307757856107,1.0,-4.799229145050049,-1.3163203001022339,1.0174343585968018,-0.025262905291126854,-0.12870797222558322,0.008131054308418794,-0.9913274258676423,1.2024363836362264,-1.2611265166983263,0.0,1.1499260663986206,-1.3017584085464478,-0.005611227825284004,2.7525470994015473,0.019053593057347662,-0.1506323696126094,2.8740251448932925,-0.1366213594037898,-0.15063526211524145,1.7966901720710025,0.02527426944917254,-0.5738629785858853,1.7141934407732684,-0.045287101362473624,-0.17392095582600542,0.0,0.0,0.0,-0.12147804549174539,0.15567495246113747,2.892502632038582e-06,0.0,0.0,0.0
2.7333,-4.72718560101489,-1.4011214295184298,1.0,-4.787696838378906,-1.329295039176941,1.0174283981323242,-0.025262905291126854,-0.12870797222558322,0.008131054308418794,-0.9913274258676423,1.2336531553747208,-1.2566020209986568,0.0,1.1691492795944214,-1.3022632598876953,-0.00832831859588623,2.8868055183464536,0.05969732494025254,-0.1348813676213615,3.0123789871685296,-0.09609839946757978,-0.13488773957518113,1.152602461652824,-0.030270324360642146,-0.16291373761668548,1.5484015192292757,-0.04085387432162879,-0.17067142382562442,0.0,0.0,0.0,-0.12557346882207607,0.15579572440783232,6.371953819630486e-06,0.0,0.0,0.0
2.75,-4.706369372467,-1.422014482411053,1.0,-4.763975143432617,-1.3552815914154053,1.017458438873291,-0.022570095724561264,-0.12965906327743615,0.008578485252210404,-0.991264627063361,1.265128210623561,-1.2512091752034937,0.0,1.215369701385498,-1.3055154085159302,-0.0004837219603359699,2.8010321511906864,0.18879794788111096,-0.18268069895499706,2.9367305644054342,0.032223112946422466,-0.1826807204505968,2.775133486980546,-0.19526318049730162,0.47099965711202885,1.9105552177652825,-0.08643832372862165,0.018761607442935507,0.0,0.0,0.0,-0.13569841321474768,0.1565748349346885,2.1495599753849007e-08,0.0,0.0,0.0
2.7666,-4.685015081187839,-1.4428212726745624,1.0,-4.739351749420166,-1.3813661336898804,1.0176756381988525,-0.019646363575004478,-0.13137857567133965,0.008684020960881694,-0.9910995800045924,1.2968813774066401,-1.2449222230347576,0.0,1.258240818977356,-1.3019005060195923,0.009212360717356205,2.7339756995497004,0.2842434265179896,-0.24253274987667395,2.8794162464076494,0.128534485838185,-0.24252495337407384,2.5706514746458136,0.21675792363007335,0.5813995676760926,2.1054276977392687,0.003070750176471952,0.18486261694765135,0.0,0.0,0.0,-0.14544054685794885,0.15570894067980462,-7.796502600110381e-06,0.0,0.0,0.0
2.7833,-4.663127516473892,-1.4635174661860775,1.0,-4.726733684539795,-1.3943501710891724,1.0178470611572266,-0.0158327850128372,-0.1345219771953352,0.00831780699417053,-0.9907492132529213,1.3288785929547047,-1.237724193910888,0.0,1.2773598432540894,-1.297006607055664,0.012549321167171001,2.8725028757921813,0.3135328847184498,-0.2640066820212189,3.0223969542655067,0.15899237677231307,-0.26399221435679887,1.1468472462565966,0.2935586287773694,0.20016627665431974,1.822437227958707,0.08882808134640843,0.18938053700647725,0.0,0.0,0.0,-0.14989407847332523,0.15454050794613675,-1.4467664420058592e-05,0.0,0.0,0.0
2.8,-4.640728004320076,-1.4840648295919912,1.0,-4.7009992599487305,-1.420276403427124,1.0182459354400635,-0.011595525256014136,-0.13723265702566942,0.007916526849498335,-0.9904393917695178,1.361062690492527,-1.2296058961792453,0.0,1.3082165718078613,-1.2950172424316406,0.012203399091959,2.877335615988557,0.43235845067065626,-0.26453312662899064,3.034559040327306,0.27829165140445256,-0.26451944557403934,1.8532081847731146,0.11947821355441958,-0.02077555370004439,1.831521376828046,0.09787656058356112,0.12733861789129283,0.0,0.0,0.0,-0.15722342433874928,0.1540667992662037,-1.368105495132855e-05,0.0,0.0,0.0
2.8166,-4.617775855034759,-1.504482235151817,1.0,-4.67467737197876,-1.4461591243743896,1.0185538530349731,-0.007095274432839178,-0.13733394643935323,0.007337513444655648,-0.9904722663113562,1.393465365957,-1.2205361892491953,0.0,1.3396663665771484,-1.2873667478561401,0.006243756506592035,2.87834672327324,0.5245554375940158,-0.2309332848806923,3.043220378727306,0.37230360347912994,-0.23092970350505618,1.8870974664167894,0.4590563797370567,-0.3575993581547474,1.8479284542694425,0.20450344468015763,-0.015823936115979667,0.0,0.0,0.0,-0.164873655454066,0.15225183411488583,-3.5813756361436736e-06,0.0,0.0,0.0
2.8333,-4.594275418243686,-1.5247462548667343,1.0,-4.647629261016846,-1.4718705415725708,1.0188579559326172,-0.002200734573488728,-0.13769897502595002,0.006782860918252298,-0.9904484954887961,1.4260522669861646,-1.2104993787652836,0.0,1.3813693523406982,-1.27963125705719,0.0086350804194808,2.8165881055574005,0.6231044039817168,-0.24743064651177404,2.991886359843649,0.47267676529744757,-0.24742379650924828,2.5009651267533135,0.4639042594260713,0.1434098207455783,2.0407168158976225,0.28108330640471474,0.03118477931262887,0.0,0.0,0.0,-0.1752982542862486,0.15042763868426928,-6.850002525769413e-06,0.0,0.0,0.0
2.85,-4.570242986519021,-1.544824506278703,1.0,-4.633777141571045,-1.484694242477417,1.0190274715423584,-0.002200734573488728,-0.13769897502595002,0.006782860918252298,-0.9904484954887961,1.4587732685054193,-1.1994867415096124,0.0,1.4061834812164307,-1.2757196426391602,0.008301322348415852,2.924304459863465,0.6878014306012523,-0.24690941649232967,3.105957195354247,0.5382920495401855,-0.24690308578093867,1.4900428066257212,0.23488525247319217,-0.020041558397400107,1.8781477833883906,0.2674447964968527,0.016061828128639644,0.0,0.0,0.0,-0.1816527354907822,0.14950938106106684,-6.330711391008071e-06,0.0,0.0,0.0
2.8667,-4.545613791877709,-1.5647511883631964,1.0,-4.605391502380371,-1.5101796388626099,1.0193889141082764,0.003134424245262794,-0.1408534242926115,0.005951177156586839,-0.9900075973065237,1.4916870752200582,-1.1874514030588152,0.0,1.428550124168396,-1.2698408365249634,0.010433194227516651,2.9766097016210944,0.8120858317426057,-0.2621553959946402,3.1640871029615214,0.6639512221661628,-0.26214539616633453,1.3394323162809292,0.35205385570896214,0.12766771013292594,1.7191091310989628,0.29242293722264345,0.04900992437848043,0.0,0.0,0.0,-0.18747740134042679,0.148134609576443,-9.99982830569077e-06,0.0,0.0,0.0
2.8833,-4.520502556220479,-1.5844158261830372,1.0,-4.590938091278076,-1.5227971076965332,1.019593596458435,0.008088875849771466,-0.1433933988497645,0.005159322166764125,-0.9896193405380412,1.5246126288963004,-1.1744351325350837,0.0,1.4615901708602905,-1.2516618967056274,0.014624896459281445,3.035596036192075,0.8060853919067571,-0.2889816358755445,3.231845819550166,0.6621617892367573,-0.2889619867350178,1.98393723783482,1.0915806502412277,0.25169680373223,1.797291228616556,0.528348900751409,0.10884679578343676,0.0,0.0,0.0,-0.19624978335809062,0.14392360266999976,-1.9649140526720043e-05,0.0,0.0,0.0
2.9,-4.4948327924722555,-1.6038623999685735,1.0,-4.5615363121032715,-1.5478401184082031,1.0201536417007446,0.011632488042158287,-0.143571964510193,0.004682641310105932,-0.98956050353752,1.5576237563025668,-1.1603862914927032,0.0,1.4974935054779053,-1.2382487058639526,0.023719821125268936,3.0042763047773007,0.899105410216058,-0.3470226497287433,3.2102860920407035,0.7582499379669492,-0.34697096279395745,2.155960084755469,0.8054489749169625,0.5461413198123067,1.903176830536994,0.6101539073557565,0.2379441319496271,0.0,0.0,0.0,-0.2060097872634027,0.14085547224910883,-5.168693478586211e-05,0.0,0.0,0.0
2.9166,-4.468596446860414,-1.6230780463012908,1.0,-4.546571731567383,-1.560244083404541,1.0204848051071167,0.011632488042158287,-0.143571964510193,0.004682641310105932,-0.98956050353752,1.590700959490396,-1.1452853382583825,0.0,1.5169806480407715,-1.228584885597229,0.022897928953170776,3.1453736909216214,0.959672894415177,-0.34442984223456163,3.356780046577529,0.8210074349818074,-0.34438167514941664,1.1693969525717147,0.5799127262322055,-0.04932063273481651,1.6865515988626643,0.6012261579533607,0.15313832291845608,0.0,0.0,0.0,-0.21140635565590762,0.1386654594333696,-4.816708514497741e-05,0.0,0.0,0.0
2.9333,-4.4418047519485935,-1.6420359035135654,1.0,-4.515963554382324,-1.5848079919815063,1.0211080312728882,0.018456937363178626,-0.14496669855782762,0.0039388758744341714,-0.989256582612908,1.6238001170878147,-1.1291243303135434,0.0,1.5668067932128906,-1.2143584489822388,0.021570703014731407,3.0273244927046874,1.0622260688592762,-0.3402864694315474,3.2528464594087945,0.9267533783310863,-0.34024372430988464,2.9885027885027884,0.8532818532818532,-0.0796051631989132,2.070911386523408,0.6756376061751019,0.0844281918357229,0.0,0.0,0.0,-0.2255219667041073,0.13547269052818986,-4.274512166276969e-05,0.0,0.0,0.0
2.95,-4.414474809551574,-1.660706445725729,1.0,-4.484405517578125,-1.6090985536575317,1.0217998027801514,0.023329149929530432,-0.14855011318027694,0.003739521280977635,-0.9886226097176072,1.6568709674576052,-1.1119008784854252,0.0,1.6086106300354004,-1.1960968971252441,0.028246354311704636,2.953318154922667,1.147838692405009,-0.3845255407208731,3.1910349284685777,1.0164098490105549,-0.384452244300809,2.509453135063188,1.096227333228378,0.4007343667258233,2.2003769261614283,0.799803380951322,0.1778075559654535,0.0,0.0,0.0,-0.23771677354591061,0.13142884339445424,-7.329642006409635e-05,0.0,0.0,0.0
2.9666,-4.386586524295728,-1.6790859791025976,1.0,-4.468348026275635,-1.6211001873016357,1.022182583808899,0.025531623060520273,-0.15076961363806518,0.0035912908147648294,-0.9882327092220329,1.6899083059030793,-1.093589974154331,0.0,1.6262412071228027,-1.1843557357788086,0.026673736050724983,3.102798673983853,1.2197319736261463,-0.3777430069691411,3.3457548152531564,1.0908707372777569,-0.3776776449203026,1.0580475311556568,0.7046114664262924,-0.09437608651328497,1.863140409772202,0.7717009879084819,0.09745396985538352,0.0,0.0,0.0,-0.24295614126930332,0.1288612363483894,-6.536204883849076e-05,0.0,0.0,0.0
2.9833,-4.3581272694775945,-1.6971643060080805,1.0,-4.435711860656738,-1.6447392702102661,1.0229754447937012,0.02944380944313487,-0.15290912464573583,0.003172393287415066,-0.9877965314867936,1.7228960138199723,-1.0741701603335982,0.0,1.663040041923523,-1.1598021984100342,0.03178085759282112,3.0549674670889715,1.281896963825006,-0.4131167978854512,3.3090433074539374,1.15832333114875,-0.4130240104475136,2.205313768074527,1.4714665371206492,0.3060641868963251,1.9641562392339798,0.9782845680362722,0.15903951880970427,0.0,0.0,0.0,-0.2540758403649659,0.12357363267625594,-9.27874379375915e-05,0.0,0.0,0.0
3.0,-4.329146315498031,-1.7148929591367583,1.0,-4.402325630187988,-1.6679760217666626,1.0238643884658813,0.03436406941678909,-0.15320729779388223,0.0023606871319437443,-0.9875935944112136,1.75574696939384,-1.053663737361235,0.0,1.7027819156646729,-1.1412702798843384,0.033249903470277786,2.9855030150533137,1.3870828277453198,-0.4271709745028863,3.251867314765953,1.2674266917648034,-0.42706941075093174,2.385401909014153,1.112329884514661,0.08817563216416949,2.0885156602922064,1.017857195480771,0.1381192042536559,0.0,0.0,0.0,-0.2663642997126395,0.11965613598051644,-0.00010156375195457905,0.0,0.0,0.0
3.0167,-4.299449384566831,-1.7323685888658285,1.0,-4.368143558502197,-1.6908278465270996,1.02473783493042,0.038060063539967055,-0.1533021176663196,0.0015672305618776644,-0.9874449846233643,1.788645429957656,-1.0319169867596283,0.0,1.7449935674667358,-1.119222640991211,0.03172731772065163,2.8989897186531386,1.4789719854728518,-0.4232315325699153,3.178723952959098,1.3638943492656574,-0.4231390574988172,2.519725325553263,1.3160819753789226,-0.09088717711520672,2.215816634933823,1.1058986013252632,0.07051233479780367,0.0,0.0,0.0,-0.2797342343059596,0.11507763620719441,-9.247507109810712e-05,0.0,0.0,0.0
3.0333,-4.269514779563899,-1.749297313839807,1.0,-4.350726127624512,-1.7021037340164185,1.0251829624176025,0.038060063539967055,-0.1533021176663196,0.0015672305618776644,-0.9874449846233643,1.8210361075045434,-1.009274642096002,0.0,1.7682875394821167,-1.1090954542160034,0.03343569487333298,3.0062135111764907,1.5923175460429912,-0.4365431416685658,3.2934659547173224,1.4793130275627735,-0.43644043972435836,1.4038652202026007,0.6103383863783318,0.1029593092176162,1.9761137368219541,0.9596001682459367,0.08009127469775487,0.0,0.0,0.0,-0.28725244354083174,0.1130045184802178,-0.00010270194420740651,0.0,0.0,0.0
3.05,-4.238919556979071,-1.7659077171591455,1.0,-4.31521463394165,-1.7243636846542358,1.0261383056640625,0.041844755705836185,-0.15468791658206993,0.0007485280295535485,-0.9870765790205305,1.8533529912643114,-0.9854135369446937,0.0,1.8102126121520996,-1.0864557027816772,0.03875955194234848,2.911845092978066,1.6951982142175142,-0.4741331546051276,3.2128801895278034,1.5867600875589003,-0.47399514304843354,2.518749552388455,1.3601375062665617,0.319843515003939,2.1363097476308583,1.0778461112711595,0.15087051811988678,0.0,0.0,0.0,-0.3010350965497373,0.10843812665861395,-0.00013801155669408523,0.0,0.0,0.0
3.0666,-4.207769685497422,-1.7821207024474832,1.0,-4.297166347503662,-1.7353042364120483,1.0266475677490234,0.04728878510264741,-0.1550390999289309,-0.0007667776149586392,-0.9867756083753142,1.8854477618883696,-0.9604020196166604,0.0,1.828377604484558,-1.0719754695892334,0.039860066026449203,3.046885174882329,1.799636423325289,-0.48417052140162353,3.353992195401809,1.6940695513653785,-0.48402456135748445,1.0902436930297783,0.8690883333571827,0.06605169533362906,1.8274919287871894,1.0162169996500674,0.12583045135304308,0.0,0.0,0.0,-0.3071070205194795,0.10556687195991048,-0.00014596004413907485,0.0,0.0,0.0
3.0833,-4.17605848219155,-1.7979214487235635,1.0,-4.2605061531066895,-1.7567789554595947,1.027803659439087,0.05133893392550635,-0.1536374801399208,-0.0017492628005960841,-0.9867912448561118,1.9172942545023597,-0.934224293117141,0.0,1.8686202764511108,-1.0452712774276733,0.05189654231071472,2.955458171039412,1.8929043578410891,-0.5630976461736316,3.2762328453303122,1.7925315687860053,-0.5628502261722285,2.4119059186647993,1.6004901260324083,0.7213946532679832,2.0000216202554353,1.18870510563987,0.30165188921327557,0.0,0.0,0.0,-0.3207746742909003,0.10037278905508373,-0.00024742000140314354,0.0,0.0,0.0
3.1,-4.1438535603789655,-1.8132598182929394,1.0,-4.223138809204102,-1.7776894569396973,1.0291305780410767,0.056662470750780985,-0.152878531302073,-0.003145672185459004,-0.9866142280923661,1.9487933684534229,-0.9069280672421889,0.0,1.901848316192627,-1.0118316411972046,0.05433701351284981,2.9006984747662843,1.9521999683061824,-0.5853454457734563,3.232982690135279,1.8581465745571057,-0.585074208426145,1.9949970655176856,2.007701226756753,0.1465248303726077,1.9985382798602973,1.4304877298367646,0.2558555461008154,0.0,0.0,0.0,-0.3322842153689946,0.09405339374907652,-0.00027123734731126457,0.0,0.0,0.0
3.1166,-4.111121535372249,-1.828136169669909,1.0,-4.204216003417969,-1.7878929376602173,1.0297895669937134,0.056662470750780985,-0.152878531302073,-0.003145672185459004,-0.9866142280923661,1.9799473499847189,-0.8784782890465965,0.0,1.9188728332519531,-0.9954071044921875,0.052498627454042435,3.033939882848323,2.069360745334375,-0.5786027036839562,3.372199651205996,1.9783360087702344,-0.5783495094233614,1.0218374356038924,0.9858257012020607,-0.1103427303949628,1.7101983389365307,1.2992153716509924,0.14774712167166817,0.0,0.0,0.0,-0.33825976835767313,0.09102473656414077,-0.00025319426059475936,0.0,0.0,0.0
3.1333,-4.077824203279133,-1.8425497303446607,1.0,-4.165796279907227,-1.807966947555542,1.0310168266296387,0.0619190678439082,-0.1539908709279725,-0.004074167258153998,-0.9861218686080618,2.0107587308368227,-0.8488328874071438,0.0,1.9576622247695923,-0.9758033156394958,0.04564691334962845,2.937490075699513,2.22655180564212,-0.5446644296390707,3.2895636910533383,2.1390770903954293,-0.5444730125135824,2.323277831724453,1.1741624778659965,-0.4103811600359856,1.891190610799086,1.2622974717450455,-0.017022548306440843,0.0,0.0,0.0,-0.3520736153538257,0.08747471524669069,-0.00019141712548828108,0.0,0.0,0.0
3.15,-4.044071216576862,-1.8564369164239944,1.0,-4.126682758331299,-1.8275121450424194,1.032167673110962,0.06743108537572355,-0.1551536708682517,-0.0052525088488216114,-0.9855723579971767,2.0410944104777053,-0.8180830642378348,0.0,1.9926403760910034,-0.9408807158470154,0.04573284089565277,2.8575090194593953,2.298421389104475,-0.5520059452136513,3.2222762455323233,2.2170958233336786,-0.5518138067476019,2.099742378703306,2.0964076141405465,0.005158240303420638,1.9527589044999394,1.5085420312706797,-0.010474374098319618,0.0,0.0,0.0,-0.3647672260729278,0.0813255657707965,-0.00019213846604942739,0.0,0.0,0.0
3.1667,-4.009610244585396,-1.8698805578911863,1.0,-4.0869245529174805,-1.8462849855422974,1.0334644317626953,0.07298004198608068,-0.15404003786093848,-0.0067802056667959415,-0.9853424469385498,2.0711431318806697,-0.7859883767349869,0.0,2.0262386798858643,-0.8992419838905334,0.056716617196798325,2.7818135581905823,2.3368320499086734,-0.625514035708776,3.158985312382503,2.262545342667012,-0.62521852134277,2.0048299213270546,2.4846068486719495,0.6554081870367472,1.968131220397958,1.7966942054417974,0.18610632865107551,0.0,0.0,0.0,-0.3771717541919208,0.07428670724166166,-0.00029551436600599757,0.0,0.0,0.0
3.1833,-3.9750440048147233,-1.8826352784232265,1.0,-4.066769123077393,-1.8553905487060547,1.0341655015945435,0.07844006084354573,-0.15359298623878345,-0.008019196572470721,-0.9849833136423884,2.100354680185434,-0.7531102020096041,0.0,2.0469017028808594,-0.8812547922134399,0.055596865713596344,2.875457326608243,2.4759610487693955,-0.6234333061318728,3.260360891206346,2.4046164759610464,-0.6231493452108362,1.2468098574326365,1.0853498007509603,-0.06756596977456805,1.755183970062756,1.586692335543585,0.11121762964751004,0.0,0.0,0.0,-0.3849035645981029,0.07134457280834887,-0.00028396092103653777,0.0,0.0,0.0
3.2,-3.9398148090102083,-1.89489762524819,1.0,-4.025926113128662,-1.873058795928955,1.0355314016342163,0.08447525247428288,-0.15475927909913298,-0.009236650438556421,-0.9842907566276574,2.1291768259690014,-0.7189195057848522,0.0,2.0793683528900146,-0.8401972055435181,0.05246163532137871,2.793202951843251,2.5300114728861662,-0.6126349049391854,3.1904135415343666,2.4651599133987045,-0.6123820673696615,1.9494788982419973,2.465326690717517,-0.18825673388020386,1.8125433840966838,1.8460812564749718,0.022807323876242784,0.0,0.0,0.0,-0.3972105896911156,0.0648515594874615,-0.0002528375695238406,0.0,0.0,0.0
3.2166,-3.904098448241678,-1.9065846597599585,1.0,-4.005299091339111,-1.881592035293579,1.036202073097229,0.08447525247428288,-0.15475927909913298,-0.009236650438556421,-0.9842907566276574,2.1574259919884367,-0.6835771426591489,0.0,2.09320330619812,-0.8202566504478455,0.05399102345108986,2.9206620672111443,2.6745096350974147,-0.626370997664211,3.323175874659578,2.612699815080868,-0.6261032035185362,0.8303236699768194,1.1967597229774203,0.09178832312623415,1.5225741719177996,1.6543896717791948,0.04317177565855675,0.0,0.0,0.0,-0.40251380744843374,0.06180982001654669,-0.000267794145674805,0.0,0.0,0.0
3.2333,-3.867985246676075,-1.9176529299011118,1.0,-3.963654041290283,-1.8980103731155396,1.0375477075576782,0.09089607723218258,-0.15409900130200524,-0.010430712803718543,-0.9838103247014818,2.185000967355035,-0.6471704520038513,0.0,2.120940923690796,-0.777195394039154,0.05054442211985588,2.855122462361968,2.7287280129237534,-0.6136691636775856,3.268374593939409,2.673237544007047,-0.6134344683575164,1.666905464653122,2.5877869157807263,-0.20712516477061066,1.5651834075557987,1.9299455984239704,-0.030720455971171765,0.0,0.0,0.0,-0.4132521315774409,0.055490468916706774,-0.0002346953200692522,0.0,0.0,0.0
3.25,-3.8312543040462947,-1.9281516704949035,1.0,-3.921330451965332,-1.9137179851531982,1.038681983947754,0.09655042467141924,-0.15242437003340975,-0.01124912030810307,-0.9835233889568197,2.2120344059064783,-0.6094711411030629,0.0,2.162914276123047,-0.7403836250305176,0.03818482533097267,2.6979226180330422,2.8273690444381128,-0.5464750376559812,3.127693089536428,2.777010685569448,-0.5463410886252946,2.5131905781584583,2.204136331192006,-0.7400414882226981,1.8450524515669025,2.0108917142721356,-0.2401249893430073,0.0,0.0,0.0,-0.4297704715033858,0.050358358868664584,-0.00013394903068649316,0.0,0.0,0.0
3.2666,-3.7941811012235176,-1.9379847881739194,1.0,-3.899883270263672,-1.921255350112915,1.039231777191162,0.10143263130922418,-0.15199379782902245,-0.011941382294894528,-0.9830904143820672,2.23828886185219,-0.5707578621650065,0.0,2.176881790161133,-0.7162964940071106,0.04299136996269226,2.80810920867004,2.970092285315598,-0.5793702480358013,3.243448284966428,2.922957274677169,-0.57920045474419,0.838531453517498,1.44605668074143,0.2885580673441637,1.5479090562040672,1.8441420885728648,-0.08404808797754028,0.0,0.0,0.0,-0.435339076296388,0.04713501063842925,-0.00016979329161125265,0.0,0.0,0.0
3.2833,-3.756636146922544,-1.9471731893500723,1.0,-3.856588125228882,-1.9356211423873901,1.0404257774353027,0.10698606075387952,-0.15324917068787777,-0.012520353552888676,-0.9822993601823662,2.263826459781417,-0.5308952472999763,0.0,2.2085413932800293,-0.6675850749015808,0.04425084590911865,2.698376330164397,3.0087955686990364,-0.5942461524089856,3.1464702440494317,2.96785336677805,-0.5940662648565096,1.89743369913123,2.919388717421125,0.07548332475994513,1.651095119250575,2.161574546283729,-0.03695149909393758,0.0,0.0,0.0,-0.44809391388503483,0.04094220192098662,-0.00017988755247605283,0.0,0.0,0.0
3.3,-3.7187214208246284,-1.9556769599661914,1.0,-3.812647819519043,-1.9490413665771484,1.041580080986023,0.11284559222255737,-0.1531849784034177,-0.013463895050502075,-0.9816409842617776,2.288546134065169,-0.48999058049701827,0.0,2.244323492050171,-0.6186871528625488,0.04041683301329613,2.555135447291038,3.0505386364049443,-0.5783984045497311,3.017866739100523,3.015374483943914,-0.578248338476494,2.148772281480421,2.936398453718949,-0.23023860870498963,1.7980185138604292,2.390316725641918,-0.09401338666608082,0.0,0.0,0.0,-0.4627312918094854,0.03516415246103039,-0.00015006607323709244,0.0,0.0,0.0
3.3166,-3.680372541112626,-1.9634960478614474,1.0,-3.790407419204712,-1.9554015398025513,1.0421570539474487,0.11284559222255737,-0.1531849784034177,-0.013463895050502075,-0.9816409842617776,2.312458710630953,-0.44797431445748986,0.0,2.263019561767578,-0.5933438539505005,0.04558606445789337,2.618026660229057,3.20754806595829,-0.6137039722240877,3.0884995192895284,3.175205769412243,-0.6135130650895635,1.1217010685319486,1.5205123803802085,0.31013643629575594,1.5983572425730128,2.133534585027574,0.025299027941164537,0.0,0.0,0.0,-0.47047285906047137,0.03234229654604718,-0.000190907134524146,0.0,0.0,0.0
3.3333,-3.6416255429012794,-1.9706070101462152,1.0,-3.7454400062561035,-1.9673328399658203,1.0434224605560303,0.11835606217477897,-0.15064845330239754,-0.01488049277580173,-0.9813641216139095,2.335508271596099,-0.4048850314275733,0.0,2.2919116020202637,-0.5366615653038025,0.05036472529172897,2.5003658571362526,3.213474809721111,-0.6501512124592216,2.982928484779764,3.1870166919904963,-0.6499181829623539,1.7325327042676388,3.3989956394309813,0.2865559546786761,1.6379682912640807,2.5071218178161394,0.10242684785082254,0.0,0.0,0.0,-0.48256262764351177,0.026458117730614888,-0.00023302949686761364,0.0,0.0,0.0
3.35,-3.6025343729159176,-1.9769858252411352,1.0,-3.699918508529663,-1.978205919265747,1.044611930847168,0.12397984656340014,-0.14941183974239658,-0.016404227790016063,-0.9808343778749761,2.3576320083623603,-0.36078393284858523,0.0,2.3258304595947266,-0.4899979531764984,0.04155866056680679,2.3434434077325803,3.282907685874618,-0.6047480897869525,2.8403949768193093,3.2608506834817215,-0.6045894248212558,2.0367067042705185,2.801983865656898,-0.5287728522139984,1.755683158745172,2.5941704836947834,-0.08391484039288168,0.0,0.0,0.0,-0.496951569086729,0.02205700239289624,-0.00015866496569676876,0.0,0.0,0.0
3.3666,-3.5630694439280477,-1.982623127997701,1.0,-3.6768898963928223,-1.9833110570907593,1.0451631546020508,0.1286999504949316,-0.14894888361182926,-0.017588174911535612,-0.9802761428664493,2.378815831903939,-0.3156392908309359,0.0,2.3427345752716064,-0.46505501866340637,0.04079192876815796,2.3951405627278883,3.4626405346129503,-0.6044088241111046,2.8993420620517845,3.4427719637603382,-0.6042559596816567,1.0145381698504685,1.497005795235029,-0.04601711740716892,1.5368836117082871,2.2702674141781585,-0.07272673988994302,0.0,0.0,0.0,-0.5042014993238961,0.019868570852612087,-0.00015286442944795198,0.0,0.0,0.0
3.3833,-3.523224222359822,-1.9875036972423101,1.0,-3.630452871322632,-1.99276602268219,1.0462548732757568,0.1329707578260803,-0.14746429906861447,-0.018982856275609587,-0.9799044498094317,2.3990295876130747,-0.269444285742048,0.0,2.3659846782684326,-0.40605032444000244,0.038825858384370804,2.2852359759351883,3.46870518187956,-0.5996148299155527,2.799494873266505,3.45355849379173,-0.5994763457588292,1.3931938967941024,3.535682396136922,-0.11781097312703583,1.4944637815695592,2.6438410455389736,-0.0860364295708951,0.0,0.0,0.0,-0.5142588973313166,0.015146688087830098,-0.00013848415672348483,0.0,0.0,0.0
3.4,-3.4830976689439757,-1.991601175845024,1.0,-3.583544969558716,-2.001028537750244,1.0472654104232788,0.1374595519504499,-0.14446887315410714,-0.02017873095525769,-0.9797073711457948,2.4181921996848637,-0.22231627506091517,0.0,2.397237539291382,-0.34720587730407715,0.03479045256972313,2.1176316568899334,3.477923047311623,-0.5820293758967102,2.645566223267773,3.4668483441475475,-0.5819181827258416,1.8766230977366107,3.533399665001217,-0.24231176003206825,1.6072841966383793,2.9064550089570655,-0.1321717634533213,0.0,0.0,0.0,-0.5279345663778392,0.011074703164075503,-0.00011119317086856542,0.0,0.0,0.0
3.4166,-3.4426328315509975,-1.994907485414736,1.0,-3.559830904006958,-2.0047693252563477,1.0477551221847534,0.1374595519504499,-0.14446887315410714,-0.02017873095525769,-0.9797073711457948,2.4363005288918926,-0.1741917585079394,0.0,2.4169130325317383,-0.3212603032588959,0.03400923311710358,2.1287044539164635,3.6704520236065266,-0.5813826815905975,2.665340703263156,3.6609706319121202,-0.5812764260374321,1.1803618679825503,1.5565132661088465,-0.046866507544875924,1.4812489221246383,2.5079275328395187,-0.10698809273800171,0.0,0.0,0.0,-0.5366362493466926,0.00948139169440646,-0.00010625555316534639,0.0,0.0,0.0
3.4333,-3.40187880179912,-1.9974034919725097,1.0,-3.511974811553955,-2.011366844177246,1.0487585067749023,0.14239561061264577,-0.14149344373778952,-0.021145874688037174,-0.9794161785694331,2.4533005264149756,-0.12513211230920812,0.0,2.4393789768218994,-0.2566286027431488,0.035366885364055634,1.9946765380381082,3.6533205407815146,-0.5961714975282609,2.541335549648014,3.6472703638235244,-0.5960565891784124,1.347379709730464,3.8762422249231427,0.08142426896403804,1.4417282838245509,2.9118790393838694,-0.05136531984705134,0.0,0.0,0.0,-0.5466590116099057,0.006050176957990095,-0.000114908349848544,0.0,0.0,0.0
3.45,-3.3608791482021876,-1.9990732175971384,1.0,-3.487882375717163,-2.0141847133636475,1.0492355823516846,0.14745163097718675,-0.13953315154322224,-0.02205734243393378,-0.9789290452943441,2.469144712284637,-0.0751945579324537,0.0,2.4516608715057373,-0.22649015486240387,0.03045414201915264,2.032893589546214,3.8319817938065404,-0.5707201912146763,2.5850711453986133,3.8272692368089443,-0.5706349890368285,0.7375474264442694,1.809862015892333,-0.29501809811010093,1.233841224024514,2.5865434718770626,-0.12329607336633051,0.0,0.0,0.0,-0.5521775558523994,0.00471255699759619,-8.52021778478071e-05,0.0,0.0,0.0
3.4666,-3.3195803522455503,-1.9999041501546868,1.0,-3.439274787902832,-2.0189807415008545,1.0501012802124023,0.15037769997193012,-0.1371914064562339,-0.022582154991591448,-0.9788029419235994,2.483822495705685,-0.02431822513972875,0.0,2.481940984725952,-0.16575846076011658,0.029828060418367386,1.8325857750054457,3.845179700222025,-0.5729633309416192,2.398487294284834,3.8426555838781526,-0.5728815959567187,1.8156137867936126,3.6415088776429214,-0.03754022905319438,1.4055911179315093,2.897988541842917,-0.09797938071829378,0.0,0.0,0.0,-0.5659015192793885,0.002524116343872664,-8.173498490049375e-05,0.0,0.0,0.0
3.4833,-3.2780612180248694,-1.999879668841465,1.0,-3.390220880508423,-2.022470235824585,1.0510374307632446,0.15541090888978196,-0.13187545540514672,-0.024058896269716176,-0.978712157611907,2.497274196866402,0.02739522531818616,0.0,2.5001227855682373,-0.0918056070804596,0.03162349760532379,1.694058895564984,3.780016344764789,-0.5901188533393485,2.2682819631210034,3.7792420677408445,-0.590026982483489,1.0903319893626147,4.43482814331875,0.10766934567212834,1.3125208610132408,3.3516916818624365,-0.03726811793280211,0.0,0.0,0.0,-0.5742230675560194,0.000774277023944358,-9.187085585960141e-05,0.0,0.0,0.0
3.5,-3.236342634188317,-1.9989866782392316,1.0,-3.340695858001709,-2.0245819091796875,1.0519200563430786,0.15945854602388745,-0.12964190292464714,-0.024767890555366386,-0.9783417711071933,2.509464439927184,0.07991343693423895,0.0,2.5285298824310303,-0.028217554092407227,0.028477555140852928,1.4829726821667786,3.7774208032412964,-0.5773865972273745,2.0703188500884937,3.7773476562123203,-0.5773120960113551,1.7048176393996195,3.8161602684256466,-0.18879994079898124,1.428334040217187,3.488811297964072,-0.08200308167348513,0.0,0.0,0.0,-0.587346167921715,7.314702897626831e-05,-7.450121601938932e-05,0.0,0.0,0.0
3.5166,-3.1944340322132185,-1.9972120133939812,1.0,-3.3157851696014404,-2.025177240371704,1.0523616075515747,0.16583747022892226,-0.1277966730670807,-0.025919384603532495,-0.9774939029556996,2.5203616447753543,0.13321791298023233,0.0,2.533062219619751,0.00888853706419468,0.02921595424413681,1.5295613671732124,3.9332692666718163,-0.585769359136649,2.119015033790858,3.933276524698056,-0.5856909443238663,0.2720611386209463,2.22735533335003,0.04432364416664281,1.0869811458293044,3.116406440884559,-0.044709123262333186,0.0,0.0,0.0,-0.5894536666176459,-7.258026239538215e-06,-7.841481278273287e-05,0.0,0.0,0.0
3.5333,-3.1524471436638666,-1.9945496119643273,1.0,-3.265834093093872,-2.025334119796753,1.0532140731811523,0.16583747022892226,-0.1277966730670807,-0.025919384603532495,-0.9774939029556996,2.529912114422071,0.1871579210279574,0.0,2.5435097217559814,0.07390616089105606,0.02163257636129856,1.4057404724168623,3.925538832002247,-0.546301313070345,2.0000665170189547,3.926040618816322,-0.5462583223770038,0.6282347206491663,3.909674122055598,-0.4560076871657754,0.9515508163550471,3.350593559356573,-0.16613197685701606,0.0,0.0,0.0,-0.5943260446020925,-0.0005017868140752086,-4.299069334118504e-05,0.0,0.0,0.0
3.55,-3.110126299836423,-1.9909665938900611,1.0,-3.240734815597534,-2.024951696395874,1.0535584688186646,0.16854818957192694,-0.12271129491185097,-0.027151168398111856,-0.9776483290086435,2.538140465639957,0.24205635756265942,0.0,2.5550930500030518,0.10540825873613358,0.01710491254925728,1.3910229230133988,4.12459222402002,-0.5226455770012001,1.9907745017448408,4.125612945459452,-0.5226186988325393,0.693839079146554,1.886969452457799,-0.271206170025135,0.875469601191737,2.918504971536121,-0.19715179917914585,0.0,0.0,0.0,-0.599751578731442,-0.0010207214394321274,-2.6878168660789635e-05,0.0,0.0,0.0
3.5666,-3.0677652432032514,-1.986470995946217,1.0,-3.1902928352355957,-2.0230913162231445,1.0543091297149658,0.16960555126812205,-0.11709425533608055,-0.028408956798222508,-0.9781185613974797,2.5449560023803453,0.2975262359618297,0.0,2.5685553550720215,0.18861128389835358,0.02646580897271633,1.228117613595571,4.011695648242829,-0.5843746144140743,1.8342057983576576,4.014963732924042,-0.5843102674138456,0.8077159654970175,4.992043447008168,0.5616382524282261,0.855467489564139,3.530651428700245,0.026856892879048522,0.0,0.0,0.0,-0.6060881847620867,-0.0032680846812130795,-6.434700022877803e-05,0.0,0.0,0.0
3.5833,-3.0252629178169737,-1.9810400136477702,1.0,-3.139540195465088,-2.019773483276367,1.0551916360855103,0.17266611316136943,-0.11183276394017,-0.029311657999628888,-0.9781721721887854,2.550349038393249,0.35369071221649123,0.0,2.590555191040039,0.25379475951194763,0.027682214975357056,1.0025041003851198,4.006153593873081,-0.5979278018861726,1.6190191137585965,4.01207088939168,-0.5978574039977894,1.3182,3.9057044642857144,0.07288537946428572,0.9920745842617613,3.6413739398559777,0.04044534340701134,0.0,0.0,0.0,-0.6165150133734768,-0.005917295518599485,-7.039788838319426e-05,0.0,0.0,0.0
3.6,-2.982748534892768,-1.9746775706143307,1.0,-3.1140639781951904,-2.01762056350708,1.055644154548645,0.17266611316136943,-0.11183276394017,-0.029311657999628888,-0.9781721721887854,2.554276736203566,0.41036979854781935,0.0,2.58981990814209,0.2937546670436859,0.027317296713590622,1.029551247401236,4.16305936461102,-0.5998539368227546,1.6457163368550591,4.1709867050428135,-0.5997853827283386,-0.044158707885279,2.3998625409871277,-0.021915808144446512,0.6861595766133398,3.2748570831222588,0.02203519165990692,0.0,0.0,0.0,-0.616165089453823,-0.007927340431793778,-6.8554094415963e-05,0.0,0.0,0.0
3.6166,-2.94014083021532,-1.967358985523964,1.0,-3.0631015300750732,-2.0121355056762695,1.0564953088760376,0.17986307476877528,-0.10545669650121085,-0.029830022089464312,-0.9775675756468967,2.5567205574776626,0.4676621521314768,0.0,2.5944502353668213,0.3686393201351166,0.0235199686139822,0.8865769694007963,4.099721781367848,-0.58320961544429,1.5049473059867595,4.112205997289572,-0.5831587958218416,0.2777166063691353,4.491412964207576,-0.2277551935121763,0.5655797464601221,3.6340066148805352,-0.05170749559934091,0.0,0.0,0.0,-0.6183703365859632,-0.012484215921724025,-5.081962244830209e-05,0.0,0.0,0.0
3.6333,-2.8975293778935134,-1.9590858578278845,1.0,-3.0375356674194336,-2.0088889598846436,1.0569113492965698,0.17986307476877528,-0.10545669650121085,-0.029830022089464312,-0.9775675756468967,2.5576476303526348,0.5254379377014737,0.0,2.6018588542938232,0.400112122297287,0.025233082473278046,0.8435074238534568,4.31314730588817,-0.5974651096709783,1.4654143950391472,4.327854213951099,-0.597406617387937,0.4446193249295311,1.8888022435576415,0.10281046105252614,0.529870019164045,3.118790386404502,-0.006090970585910918,0.0,0.0,0.0,-0.6219069711856905,-0.01470690806292877,-5.849228304135206e-05,0.0,0.0,0.0
3.65,-2.854900656279567,-1.9498427049943388,1.0,-2.986330270767212,-2.001368761062622,1.0578254461288452,0.18148693752416137,-0.09790850413173945,-0.03054849941602957,-0.9780303058966977,2.5570323126484977,0.5837052400773486,0.0,2.6036813259124756,0.4782145023345947,0.027058901265263557,0.6948370319220591,4.2305483342597485,-0.614918874389972,1.317615537511097,4.25155724052075,-0.6148516110738568,0.10929993136582018,4.6840700783573554,0.10950067293668497,0.40571004225487356,3.5808895609480356,0.0280337953140934,0.0,0.0,0.0,-0.6227785055890379,-0.021008906261001672,-6.726331611517082e-05,0.0,0.0,0.0
3.6666,-2.812298883974678,-1.9396256395056382,1.0,-2.9350221157073975,-1.9923423528671265,1.0586786270141602,0.183285243451356,-0.09121665406449046,-0.031243753829065277,-0.9783199390396646,2.554848666105685,0.6423933156777213,0.0,2.6172566413879395,0.5529301762580872,0.022535813972353935,0.46395983242003924,4.165356992311852,-0.5940021514672514,1.0932494688502674,4.193443551817689,-0.5939554957944578,0.8145430095990158,4.4830729725476735,-0.27139326101884037,0.5264050066801848,3.8472305937553655,-0.06036254450861511,0.0,0.0,0.0,-0.6292896364302282,-0.028086559505836634,-4.6655672793629076e-05,0.0,0.0,0.0
3.6833,-2.7697315388544403,-1.9284230239017373,1.0,-2.9093074798583984,-1.987309217453003,1.0591193437576294,0.18644666802144602,-0.08757178406855622,-0.031243543094822735,-0.9780555518589558,2.5510709250523824,0.7014811775912683,0.0,2.6127424240112305,0.6254404783248901,0.025725683197379112,0.4384315174311127,4.350519319473741,-0.6109729813084789,1.067174506398542,4.382499182343996,-0.6109170775073132,-0.06819189247158075,2.2238328447844427,0.1279028070708515,0.3508691342755668,3.367973906524359,-0.004783171692833314,0.0,0.0,0.0,-0.6287429889674293,-0.031979862870255366,-5.590380116570423e-05,0.0,0.0,0.0
3.7,-2.7272642932451765,-1.9162394970900827,1.0,-2.857956886291504,-1.9761642217636108,1.0600097179412842,0.19038672400763845,-0.08388802306815853,-0.031229550341117115,-0.9776197534453531,2.5456804113093234,0.7608663070337569,0.0,2.6108319759368896,0.6576460003852844,0.019760193303227425,0.29804355200343485,4.32554320461795,-0.5879744622942701,0.9242475046607477,4.365275378270734,-0.587938591554279,-0.31745441012281356,4.060666027310985,-0.2946763574976382,0.153567808651646,3.572469281295982,-0.0903649386798355,0.0,0.0,0.0,-0.6262039526573129,-0.03973217365278436,-3.587073999112663e-05,0.0,0.0,0.0
3.7166,-2.6849216550929507,-1.9030708419883913,1.0,-2.806612253189087,-1.9638373851776123,1.0607051849365234,0.19200129074874983,-0.07658245166631815,-0.03208555283437338,-0.9778758376969053,2.5386583767213837,0.820502189506895,0.0,2.6119070053100586,0.7201041579246521,0.012073978781700134,0.10778397011046054,4.329163910851362,-0.5473565091587181,0.7345037171535493,4.376801370691548,-0.5473431167475268,0.06454984037908179,3.7502827366040115,-0.4615166179333744,0.12728807738714976,3.624963063297371,-0.1999356981391441,0.0,0.0,0.0,-0.6267197470430889,-0.0476374598401862,-1.339241119131082e-05,0.0,0.0,0.0
3.7333,-2.6426282805575028,-1.8888786150722379,1.0,-2.7809526920318604,-1.9572060108184814,1.0610544681549072,0.19200129074874983,-0.07658245166631815,-0.03208555283437338,-0.9778758376969053,2.529964799407122,0.8804839533066804,0.0,2.607090473175049,0.7643555402755737,0.012724974192678928,0.07000070059469649,4.474787646490218,-0.5550475673918674,0.6944111521461029,4.528459771964021,-0.5550326918847884,-0.2884928455145232,2.6504976722931484,0.038992269389226855,0.004541949489644995,3.3372830690322592,-0.1293997951067102,0.0,0.0,0.0,-0.6244104515514065,-0.05367212547380338,-1.4875507079039139e-05,0.0,0.0,0.0
3.75,-2.600591267567019,-1.8737202099023458,1.0,-2.7296652793884277,-1.9427478313446045,1.0617849826812744,0.19294411574993856,-0.06881746381064083,-0.033145166752785685,-0.9782321893010649,2.519619851626512,0.940505480661341,0.0,2.605065107345581,0.8336846232414246,0.010789073072373867,-0.12479771320342603,4.432743152376858,-0.5491411962388076,0.4986429458776416,4.496593246398073,-0.54913050258236,-0.12170138391450101,4.1658870805994095,-0.11632557537749634,-0.0327273899501956,3.5819021180987782,-0.1255400464779313,0.0,0.0,0.0,-0.6234406590810676,-0.06385009402121548,-1.069365644764597e-05,0.0,0.0,0.0
3.7666,-2.5587082107327848,-1.857548514350301,1.0,-2.6784088611602783,-1.9269742965698242,1.0623828172683716,0.1966965708450529,-0.06390563320668877,-0.033659611185709704,-0.9778004369849194,2.5075794754033933,1.0006996111763358,0.0,2.584663152694702,0.9071577191352844,0.002421682933345437,-0.22125871883530873,4.362203424567422,-0.5040045612059464,0.3924550424028949,4.43780373160335,-0.504004022449449,-1.224644007155635,4.410282647584973,-0.5022594336985688,-0.38460296066573557,3.826455191170294,-0.23675449509319252,0.0,0.0,0.0,-0.6137137612382036,-0.07560030703592774,-5.387564973644494e-07,0.0,0.0,0.0
3.7833,-2.5169739311579,-1.8403451240225805,1.0,-2.6529135704040527,-1.918524146080017,1.0626094341278076,0.1996130958835143,-0.05789713106777116,-0.03399800823240372,-0.9775718746254448,2.493813686945368,1.061062461721987,0.0,2.5786020755767822,0.9432138800621033,-0.003836046438664198,-0.2867377233364977,4.5558808394176795,-0.46968221906748,0.3241010752784843,4.637610242060387,-0.4696835709086561,-0.362974385333676,2.1592635426482767,-0.37475112561662954,-0.3782178099103277,3.334269744346582,-0.2774936226641327,0.0,0.0,0.0,-0.610838798614982,-0.08172940264270741,1.351841176084843e-06,0.0,0.0,0.0
3.8,-2.4755463459768454,-1.8221624988918712,1.0,-2.601912021636963,-1.9006121158599854,1.063003659248352,0.20131204061534452,-0.0500744178347021,-0.03454195545928521,-0.9776364435973635,2.478352654510904,1.1213527351221981,0.0,2.5691702365875244,1.0170974731445312,-0.0022376624401658773,-0.4719205103272954,4.476470614877225,-0.4833432579110456,0.13445788973227774,4.571505512069924,-0.4833437178996819,-0.5660485347985348,4.434098128434066,0.09592645945566478,-0.43366887298293827,3.658959185498345,-0.16725318921785598,0.0,0.0,0.0,-0.6063784000595731,-0.09503489719269953,4.599886362843941e-07,0.0,0.0,0.0
3.8166,-2.434379010116756,-1.8029698560634766,1.0,-2.551194429397583,-1.881203055381775,1.063474416732788,0.20262992515307562,-0.04240677339401673,-0.034764153644634734,-0.9777188828330508,2.461161230790936,1.181624203918197,0.0,2.554917812347412,1.0882056951522827,-0.0008313690777868032,-0.6392006284921161,4.407848806738294,-0.4962506779147168,-0.039531313266954804,4.516636544936791,-0.49625074141061815,-0.8551218046833651,4.26637532722045,0.08437526821348362,-0.558089481548264,3.8382795326140844,-0.0929678694322166,0.0,0.0,0.0,-0.5996693152251613,-0.10878773819849646,6.349590139620732e-08,0.0,0.0,0.0
3.8333,-2.3935190655375846,-1.7827765747440554,1.0,-2.525874137878418,-1.871022343635559,1.0637398958206177,0.20262992515307562,-0.04240677339401673,-0.034764153644634734,-0.9777188828330508,2.442238193019018,1.2417946201169432,0.0,2.5467641353607178,1.1263870000839233,0.0009804536821320653,-0.7281908659793435,4.5841449422844525,-0.5105733367521031,-0.13234297136081263,4.7007005619320665,-0.5105732484416482,-0.48929807994963803,2.291241022119209,0.10872657809280839,-0.5377810024580139,3.3815654882410655,-0.03342398204232292,0.0,0.0,0.0,-0.5958478946185308,-0.11655561964761381,-8.831045497514106e-08,0.0,0.0,0.0
3.85,-2.3529710722282964,-1.7615720848048138,1.0,-2.475615978240967,-1.8494282960891724,1.0642203092575073,0.2046009488654679,-0.03626297987137914,-0.034896452602110405,-0.9775508433480379,2.421564866206195,1.3018439600369704,0.0,2.5182013511657715,1.2019500732421875,-0.00564012723043561,-0.8320185047838615,4.480020483882573,-0.47539326709274177,-0.24946091638198975,4.612738785380252,-0.4753961894665066,-1.713229510775523,4.532362320705879,-0.39711025789618104,-0.8847948864331404,3.7213017469322187,-0.14079081796875606,0.0,0.0,0.0,-0.5825575884018718,-0.1327183014976792,2.9223737647893825e-06,0.0,0.0,0.0
3.8666,-2.3128057615573114,-1.7393813657693247,1.0,-2.425697088241577,-1.8265972137451172,1.064583420753479,0.20728853749117418,-0.03005931148207575,-0.034641126993831366,-0.9772041433721872,2.399158345034337,1.3616538281597828,0.0,2.4913711547851562,1.268144965171814,-0.009402813389897346,-0.9571735538220638,4.425999646808228,-0.45678517829681253,-0.38696356327712844,4.573738853302073,-0.4567933004951933,-1.6100436368838973,3.972265541168896,-0.22579368494706345,-1.098901573337067,3.795390845994379,-0.16588521794496988,0.0,0.0,0.0,-0.5702099905449354,-0.14773920649384506,8.122198380742056e-06,0.0,0.0,0.0
3.8833,-2.2730108037273586,-1.7161856515946272,1.0,-2.4009792804718018,-1.8146424293518066,1.0647488832473755,0.20812871384281462,-0.022018556796591645,-0.035202396575450996,-0.9772197798529847,2.37499337497613,1.4212288367830443,0.0,2.4748551845550537,1.3041679859161377,-0.012229958549141884,-1.030497091794478,4.607755374193132,-0.4428083152315173,-0.46782219324332985,4.7640071741066805,-0.44282205590212165,-0.9907749077490775,2.1609814353957493,-0.16959733187448153,-1.0669806053648718,3.312883314984669,-0.16698110182531256,0.0,0.0,0.0,-0.5626748985511482,-0.1562517999135486,1.3740670604314538e-05,0.0,0.0,0.0
3.9,-2.2336551001897287,-1.6920131662160973,1.0,-2.351840019226074,-1.7896909713745117,1.065147042274475,0.20945663459884736,-0.014293102684817526,-0.03584130065202757,-0.9770563765213081,2.3490939508349458,1.480452045919885,0.0,2.4478049278259277,1.3803703784942627,-0.0032964572310447693,-1.1753991860808921,4.482770680731136,-0.5005705659573471,-0.6249571811914723,4.657815483541404,-0.5005715642384484,-1.6238532110091743,4.574503714093518,0.5362867697047331,-1.2313795768183966,3.6853367161325084,0.04063642786458942,0.0,0.0,0.0,-0.5504420048894199,-0.17504480281026769,9.982811013650617e-07,0.0,0.0,0.0
3.9166,-2.194727181645513,-1.6668449229027669,1.0,-2.303351402282715,-1.7632533311843872,1.065651297569275,0.21079535548481101,-0.007934081011902993,-0.03587236287938014,-0.9768395309857195,2.321435182317093,1.5393268871819028,0.0,2.4172213077545166,1.4485048055648804,-0.0018625683151185513,-1.3085935789033867,4.3981579164827735,-0.5138841765251106,-0.7718204258225291,4.590909448793706,-0.5138844952253429,-1.8344941008223097,4.086900250268145,0.086008809662138,-1.4094300077606894,3.8038856110072343,0.05403118426723799,0.0,0.0,0.0,-0.5367731530808576,-0.1927515323109328,3.187002322566896e-07,0.0,0.0,0.0
3.9334,-2.1561524301658057,-1.6406135245646392,1.0,-2.2792985439300537,-1.7495994567871094,1.065928339958191,0.21079535548481101,-0.007934081011902993,-0.03587236287938014,-0.9768395309857195,2.291935542318847,1.5979539733428179,0.0,2.3945510387420654,1.480373740196228,-0.002771957777440548,-1.3797018308362312,4.595536078429828,-0.5120200606194919,-0.8529498771629052,4.796862467356029,-0.5120207664999845,-1.3544242493305225,1.9039940744117145,-0.05433103326555467,-1.3931913025015614,3.243002904040204,0.02204067705562421,0.0,0.0,0.0,-0.5267519536733261,-0.2013263889262014,7.058804926426874e-07,0.0,0.0,0.0
3.95,-2.118258626896851,-1.613532561523406,1.0,-2.2318296432495117,-1.7211655378341675,1.0663971900939941,0.21204719064256944,-0.0008889297186553508,-0.03602164701680574,-0.9765949106769624,2.2608336522628667,1.6558207304229675,0.0,2.3556952476501465,1.5533229112625122,-0.003445648355409503,-1.4830785354872031,4.468839334103042,-0.5125316061120918,-0.97328283298544,4.690496335959569,-0.512532696798411,-2.335358601418643,4.384480905638748,-0.040490980668302645,-1.6713363096525313,3.5799880735342304,0.0035801887699717146,0.0,0.0,0.0,-0.5097957025017631,-0.22165700185652656,1.0906863191886468e-06,0.0,0.0,0.0
3.9667,-2.080825721051492,-1.5854381342551296,1.0,-2.185075044631958,-1.6913111209869385,1.066933512687683,0.2133416257274603,0.007429467331394267,-0.03638954685745729,-0.9762715179083382,2.2279416786487065,1.7132483008439892,0.0,2.3135507106781006,1.631106972694397,-0.0017005023546516895,-1.5760104770668286,4.304905311740525,-0.5279167420334409,-1.0842925920247313,4.549317493065925,-0.5279170076850395,-2.526939516532529,4.663845724986777,0.10463701130133804,-1.9239260146545663,3.8999626625062827,0.033414009852436345,0.0,0.0,0.0,-0.49171788504209735,-0.24441218132540019,2.656515986510964e-07,0.0,0.0,0.0
3.9834,-2.043893514281196,-1.5563407392133501,1.0,-2.1619627475738525,-1.675860047340393,1.0672448873519897,0.21326541368864046,0.014723263957431927,-0.03643970160718529,-0.9762034928948417,2.193267316109546,1.7701633268771035,0.0,2.296353578567505,1.659270167350769,0.002059031743556261,-1.7128887497809153,4.509348803822197,-0.5542788552832724,-1.2284537906977084,4.762274042410373,-0.5542784658042756,-1.0288265415281919,1.6848764067380793,0.2249159010433753,-1.6596762899615891,3.246028713451991,0.08994886831754187,0.0,0.0,0.0,-0.48443495908320694,-0.2529252385881749,-3.8947899676665865e-07,0.0,0.0,0.0
4.0,-2.0076973675766108,-1.5264186536568463,1.0,-2.1164462566375732,-1.6439415216445923,1.0678833723068237,0.2142126219620743,0.019484319479192314,-0.03652306807353979,-0.9759095607733266,2.157024466377024,1.8261886340438733,0.0,2.246971845626831,1.7319560050964355,-0.001241891412064433,-1.780739842338915,4.359766198249338,-0.5399233713216779,-1.3169158389652726,4.63533602956577,-0.5399235130071124,-2.9696613425859546,4.3710965503398045,-0.19850708564380037,-2.0464078208146197,3.578169302385791,0.004791398439807866,0.0,0.0,0.0,-0.46382400337364227,-0.27556983131643165,1.416854344638161e-07,0.0,0.0,0.0
4.0166,-1.9721794903682675,-1.4956245164483386,1.0,-2.07175350189209,-1.6106568574905396,1.0685380697250366,0.21511650327523893,0.027191250051045886,-0.036533351904576475,-0.9755259401581805,2.1191608252675853,1.8813981557887918,0.0,2.1960976123809814,1.8034002780914307,-8.591142250224948e-05,-1.8476996072922702,4.206884168288128,-0.5524090373949241,-1.40464093872965,4.505657770410922,-0.552409038072971,-3.063588462477208,4.302292860116868,0.069611800177178,-2.3466981378042444,3.791943811833101,0.02392756579086374,0.0,0.0,0.0,-0.4430586685626204,-0.29877360212279364,6.780469685029404e-10,0.0,0.0,0.0
4.0333,-1.9371879068276519,-1.4638111895675627,1.0,-2.0497679710388184,-1.593564748764038,1.0688852071762085,0.21511650327523893,0.027191250051045886,-0.036533351904576475,-0.9755259401581805,2.0794950707128708,1.9360154166446781,0.0,2.1714909076690674,1.8305755853652954,0.0006352285272441804,-1.9712484553963834,4.398819119872171,-0.5607672101795776,-1.5380628776524343,4.706664960526005,-0.5607671731099737,-1.4767416903947688,1.6308932736195967,0.043278343885035556,-2.089871093855825,3.153962194241528,0.029640269169092473,0.0,0.0,0.0,-0.433185577743949,-0.307845840653834,-3.7069603890305925e-08,0.0,0.0,0.0
4.05,-1.902874680163982,-1.4310977746726827,1.0,-2.006591320037842,-1.5582157373428345,1.0695346593856812,0.21385736617597598,0.03363080381475262,-0.03622445765184009,-0.9756135634562346,2.038174737403841,1.9897910417255213,0.0,2.117913007736206,1.9095035791397095,0.001725825946778059,-2.0392137204703285,4.184986759304213,-0.5728754113192883,-1.6271406877709904,4.519951359306471,-0.5728751376967001,-3.215320999842612,4.73663275672118,0.06544901516848557,-2.4221244765709296,3.621195471627092,0.04021166548428662,0.0,0.0,0.0,-0.4120730326993381,-0.33496460000225753,-2.73622588242183e-07,0.0,0.0,0.0
4.0666,-1.8692637442741211,-1.3974955336427708,1.0,-1.9644235372543335,-1.5215569734573364,1.0703022480010986,0.2138283954859808,0.03955162997205546,-0.03620970625486137,-0.975398361647738,1.9952164562596701,2.042674522580134,0.0,2.0598902702331543,1.975185513496399,-0.0010034824954345822,-2.087653625747589,4.039778949245684,-0.5626807756840583,-1.6978497696673969,4.398183686974782,-0.5626808681916896,-3.4815667873134863,3.941145334115392,-0.1637680335961753,-2.7348912107127634,3.7156505189334963,-0.02000686993357339,0.0,0.0,0.0,-0.3898038560801919,-0.3584047377290982,9.250763129939356e-08,0.0,0.0,0.0
4.0833,-1.8363705838818087,-1.3630073118929051,1.0,-1.943730115890503,-1.5027254819869995,1.0706723928451538,0.2130045036229338,0.04635706579604132,-0.03591387752516337,-0.9752899178065195,1.9506265856031906,2.0946288590235693,0.0,2.0361194610595703,2.0039594173431396,0.006447272375226021,-2.2460249142254116,4.200947101251291,-0.6115925820912059,-1.8651656989271317,4.569870162003403,-0.611588763439976,-1.4257604141343363,1.7258433554033377,0.44689229013758597,-2.348411871858202,3.128223075457923,0.11783029589253931,0.0,0.0,0.0,-0.38085921529828,-0.36892306075211184,-3.818651229915057e-06,0.0,0.0,0.0
4.1,-1.804218202204773,-1.3276433306368391,1.0,-1.9032305479049683,-1.4641057252883911,1.071486473083496,0.21192356866753095,0.05346447325289561,-0.035538517692325355,-0.9751754469659639,1.9044213458127053,2.1456054639561426,0.0,1.9728559255599976,2.0703113079071045,9.833683725446463e-05,-2.2785116201650104,4.03287275598179,-0.5799549090364314,-1.920951808621164,4.426630643998522,-0.5799549081480685,-3.7915850992383864,3.976680050869497,-0.3805119203614628,-2.7744629862527774,3.3787030823148707,-0.02928943482080458,0.0,0.0,0.0,-0.35755981154384625,-0.393757888016732,-8.88362936489923e-10,0.0,0.0,0.0
4.1166,-1.7728991856432785,-1.2914964586831197,1.0,-1.8639062643051147,-1.4242510795593262,1.0721962451934814,0.2110099672374285,0.057746851211049575,-0.03512092671727942,-0.9751444268854599,1.8567270890728589,2.1954450054415835,0.0,1.9070712327957153,2.137303590774536,-0.0006382451392710209,-2.301422929556816,3.848699462792117,-0.5814886136840448,-1.9673111491150357,4.268352518040903,-0.5814886511065614,-3.9507023095316502,4.02322418063888,-0.04423545955053264,-3.121710333258659,3.56897749080722,-0.03370177449774623,0.0,0.0,0.0,-0.3341117804417803,-0.41965305524878577,3.742251667017673e-08,0.0,0.0,0.0
4.1333,-1.742370844062708,-1.2545084346364834,1.0,-1.8446900844573975,-1.4038654565811157,1.072597622871399,0.2110099672374285,0.057746851211049575,-0.03512092671727942,-0.9751444268854599,1.8074724890261247,2.244203203207194,0.0,1.8774746656417847,2.16615891456604,0.003945329692214727,-2.4523235258115688,3.9855008237487883,-0.6134154502100989,-2.1285016909092596,4.416561679926529,-0.6134140202478888,-1.776837856406733,1.7323371121035154,0.2751761457975495,-2.7246793971169847,3.0267676817261036,0.057484633105297514,0.0,0.0,0.0,-0.32382183490230904,-0.43106085617774054,-1.4299622101342435e-06,0.0,0.0,0.0
4.15,-1.7126589992470225,-1.2166957496960924,1.0,-1.8072724342346191,-1.3620456457138062,1.0733215808868408,0.20954625987220576,0.06389783603971436,-0.034619294926302745,-0.975094356429429,1.7566841616839948,2.2918275139128914,0.0,1.8111052513122559,2.233006477355957,-0.002001361455768347,-2.485164184911265,3.7812991575759107,-0.5838002276008899,-2.183832126593006,4.239375564553579,-0.5838005955680164,-3.980403511782201,4.009079730038892,-0.35664365232140816,-3.0953921073274255,3.316764152646382,-0.06477360600343154,0.0,0.0,0.0,-0.3013320583182589,-0.4580764069776682,3.6796712656022006e-07,0.0,0.0,0.0
4.1667,-1.6838001011133734,-1.1780907803895497,1.0,-1.7890269756317139,-1.3406566381454468,1.0737106800079346,0.20835066441542904,0.07200020414936532,-0.033701842327917564,-0.9748180416905915,1.704411030231087,2.338248444495822,0.0,1.7723788022994995,2.267425537109375,-4.228646866977215e-05,-2.5990084346311875,3.867803496624364,-0.5999586345203204,-2.31042522924703,4.340110108918408,-0.5999586346845913,-2.3222271466559916,2.0639350355988904,0.11747571061515312,-2.8671396793753896,2.946906098646159,-0.010970276666486582,0.0,0.0,0.0,-0.2885832053841572,-0.47230661229404314,1.642709604044772e-10,0.0,0.0,0.0
4.1833,-1.655850097371901,-1.1387585774377347,1.0,-1.7535271644592285,-1.2969765663146973,1.07451593875885,0.20646969271323634,0.07576823777336053,-0.03304477295963273,-0.9749551032419489,1.650748055627388,2.383364927999143,0.0,1.7044355869293213,2.324241876602173,5.9929967392235994e-05,-2.6346381912407253,3.7013119188314425,-0.607080738932965,-2.367756276357543,4.197584866478826,-0.6070807386030166,-4.078814032375799,3.410837734552793,0.00613632768890356,-3.224848094820624,3.0838671970998304,-0.005920094393945665,0.0,0.0,0.0,-0.2668819148831824,-0.49627294764738267,-3.299484110981533e-10,0.0,0.0,0.0
4.2,-1.628802781497631,-1.0986809622770142,1.0,-1.7194346189498901,-1.2520813941955566,1.075231671333313,0.2041781158761384,0.08111316412425444,-0.03236928541854871,-0.9750304196602378,1.5956778440833053,2.4271762833963755,0.0,1.6350375413894653,2.386687755584717,-0.00022409111261367798,-2.665362215296867,3.4878913534012357,-0.6114620626068051,-2.4197706675838333,4.011189466333418,-0.6114620672200576,-4.1654359678873485,3.748150374218292,-0.01704762163100681,-3.502526826592532,3.279975732454701,-0.009205143818270225,0.0,0.0,0.0,-0.2455915477130338,-0.5232981129321828,4.613252484323797e-09,0.0,0.0,0.0
4.2166,-1.6026701244152173,-1.0578616608268525,1.0,-1.68674635887146,-1.2060397863388062,1.0759440660476685,0.20311275418126035,0.08774121439957008,-0.03204576620937907,-0.9746896202431787,1.5392125265830414,2.469653172043019,0.0,1.558918833732605,2.443852424621582,-0.010284168645739555,-2.6595085389641655,3.2931896419975213,-0.5571957616929387,-2.4362515997795615,3.8418554699873257,-0.557205477890531,-4.5658205219878445,3.4289023954236684,-0.6034325840185913,-3.8164305598777375,3.323941605377785,-0.18463194518761705,0.0,0.0,0.0,-0.2232569391846039,-0.5486658279898043,9.716197592231288e-06,0.0,0.0,0.0
4.2333,-1.5774969625984365,-1.016357853387471,1.0,-1.670891523361206,-1.1826280355453491,1.0762604475021362,0.20311275418126035,0.08774121439957008,-0.03204576620937907,-0.9746896202431787,1.481438881407422,2.5107130962230384,0.0,1.5205410718917847,2.4724526405334473,-0.0110646216198802,-2.80597104668685,3.375544860597906,-0.5566369636129173,-2.593571165453188,3.9371278204805837,-0.5566482104678168,-2.3026679064444604,1.7160145912309563,-0.04682722310635863,-3.3695401567104697,2.8492521618339928,-0.14394947249642426,0.0,0.0,0.0,-0.2123998812336619,-0.5615829598826777,1.1246854899504255e-05,0.0,0.0,0.0
4.25,-1.5532957202025344,-0.9741787099589156,1.0,-1.6402873992919922,-1.134912371635437,1.0768585205078125,0.20150943011198924,0.09340566127738116,-0.03151661252632479,-0.9745132356821606,1.4223780254012848,2.55032650483921,0.0,1.4477099180221558,2.5278124809265137,-0.011698887683451176,-2.829625233652692,3.1677849535272804,-0.5583837904471954,-2.63708519356687,3.7547978817650796,-0.5583963636841844,-4.369685872861475,3.3214510499513645,-0.03805436698947188,-3.664801452332359,2.988653904245396,-0.11268730184760387,0.0,0.0,0.0,-0.192540040085822,-0.587012928237799,1.2573236989023183e-05,0.0,0.0,0.0
4.2666,-1.5300938091142804,-0.9313603359948303,1.0,-1.6111292839050293,-1.0860871076583862,1.0773519277572632,0.19695944600757143,0.09749788846012217,-0.03109375319521502,-0.9750561292378295,1.3620891921876148,2.5884397269466386,0.0,1.372230052947998,2.5814406871795654,-0.015566404908895493,-2.839983218682672,2.9564335307148486,-0.5402236389791858,-2.66699687811611,3.568617933216527,-0.5402458994632754,-4.529638585245808,3.2182939392205117,-0.23209441665355118,-3.920117181073021,3.05644783982745,-0.14793846460792365,0.0,0.0,0.0,-0.17298634056656206,-0.6121844025016784,2.226048408956206e-05,0.0,0.0,0.0
4.2833,-1.507904713673901,-0.8879158094818325,1.0,-1.5971266031265259,-1.0612393617630005,1.0776203870773315,0.19160793947995375,0.10173789829881055,-0.03067283261913672,-0.97570228257235,1.300599811298582,2.6250222896526685,0.0,1.327486276626587,2.61492657661438,-0.015172791667282581,-2.968404507106518,2.9776226469716467,-0.5465150698344848,-2.8065152468023324,3.605792306937915,-0.5465362187911793,-2.6845139325971275,2.009069062196029,0.023615803538221663,-3.5553445183218217,2.7472424811518628,-0.0972925090593343,0.0,0.0,0.0,-0.16188926030418566,-0.6281696599662686,2.114895669444873e-05,0.0,0.0,0.0
4.3,-1.4867470586144227,-0.8438683372165073,1.0,-1.570252537727356,-1.0107980966567993,1.0780717134475708,0.18843876252391575,0.10738912423707936,-0.03021284191448872,-0.9757282450310327,1.2379519003351698,2.660035725455468,0.0,1.2525668144226074,2.6585452556610107,-0.022624148055911064,-2.9895429658673094,2.801174448626592,-0.5066656907278718,-2.845411182221384,3.4504754515383245,-0.5067127128718519,-4.495622192337406,2.617385332913674,-0.44712658311038944,-3.8329316736641545,2.7089062775213284,-0.20056992182925817,0.0,0.0,0.0,-0.1441317836459251,-0.6493010029117326,4.702214398016473e-05,0.0,0.0,0.0
4.3166,-1.4666439834677314,-0.7992532243569199,1.0,-1.5573800802230835,-0.9852358102798462,1.078236699104309,0.18843876252391575,0.10738912423707936,-0.03021284191448872,-0.9757282450310327,1.1742052022675622,2.693434454334317,0.0,1.212717056274414,2.686729669570923,-0.026740213856101036,-3.15995114737633,2.832950129413334,-0.48540282051062944,-3.024844433808217,3.496091161767467,-0.4854685087635016,-2.390338081345461,1.6906069446827985,-0.24689707754133058,-3.4070516781340405,2.408285702449631,-0.2142465449424029,0.0,0.0,0.0,-0.13510671356811316,-0.6631410323541329,6.568825287216564e-05,0.0,0.0,0.0
4.3333,-1.4476085136492243,-0.7540860569558121,1.0,-1.5327664613723755,-0.9334085583686829,1.078561544418335,0.1782855788151073,0.11592981166870954,-0.02901018159223043,-0.9766948830016302,1.1093917533783535,2.7251900761589622,0.0,1.1276253461837769,2.7330117225646973,-0.033969420939683914,-3.1264990806853312,2.6154392621846516,-0.4462706326123259,-3.009687038443419,3.301623831403425,-0.446376639539544,-5.105288379012416,2.776806660181953,-0.4337342248025977,-3.9084021918408705,2.5170798248327304,-0.2790433197343462,0.0,0.0,0.0,-0.11681204224191212,-0.6861845692187735,0.00010600692721806047,0.0,0.0,0.0
4.35,-1.4296641779117598,-0.7084094244245395,1.0,-1.5096758604049683,-0.8806338310241699,1.0787036418914795,0.17420931475123977,0.12084709502118766,-0.028590989036941024,-0.9768468645373604,1.0435826921146367,2.7552570943827144,0.0,1.0482752323150635,2.7789433002471924,-0.03436846286058426,-3.1283572715782713,2.3855660496522,-0.44721028315162015,-3.0274067404729244,3.0950087592077007,-0.4473187952534796,-4.761079480430304,2.7559367132066837,-0.023942880593385216,-4.1601281122849105,2.5875947439996274,-0.2037330074887046,0.0,0.0,0.0,-0.10095053110534707,-0.7094427095555006,0.00010851210185948785,0.0,0.0,0.0
4.3666,-1.412830121885655,-0.6622611653553974,1.0,-1.4987848997116089,-0.8538480997085571,1.078738808631897,0.17420931475123977,0.12084709502118766,-0.028590989036941024,-0.9768468645373604,0.9768429554745022,2.7835976162521767,0.0,1.0056158304214478,2.802828550338745,-0.043031059205532074,-3.297281210478317,2.408344699438969,-0.3980347502338907,-3.204379831319168,3.1300352582532702,-0.3982048571734674,-2.5599693822073424,1.4333419177611813,-0.5198380762297193,-3.6877320081835707,2.2468382127793958,-0.2970530014074973,0.0,0.0,0.0,-0.09290137915914883,-0.7216905588143013,0.00017010693957668726,0.0,0.0,0.0
4.3833,-1.3971109258390488,-0.6156404563045533,1.0,-1.4780616760253906,-0.799734354019165,1.0786843299865723,0.1709785902254857,0.12660587181432217,-0.027830786330350042,-0.9767101823076396,0.9091817640215438,2.8101987571900575,0.0,0.927206814289093,2.844871759414673,-0.0492599755525589,-3.3089108643269105,2.1754911118334643,-0.36301177998218803,-3.2299319448224058,2.918995175921188,-0.36323469860044155,-4.704343565829376,2.5224866968015105,-0.3737192989357441,-3.987854321169979,2.3282146834418875,-0.3196862937099818,0.0,0.0,0.0,-0.07897891950450461,-0.7435040640877238,0.00022291861825350198,0.0,0.0,0.0
4.4,-1.3825314430360778,-0.5686073628213888,1.0,-1.4588961601257324,-0.7448050379753113,1.0786296129226685,0.16491867551682984,0.13043718761426748,-0.027637332295685088,-0.9772534551849449,0.8406968329289368,2.835013839922353,0.0,0.8421963453292847,2.880763053894043,-0.04738858714699745,-3.280624739394277,1.9650230556425943,-0.3765866473429048,-3.2154642010829093,2.727405760626216,-0.3767929503127905,-5.102311754099768,2.1541884891674536,0.11232036683266076,-4.316862524923173,2.276838970119472,-0.19215003149411916,0.0,0.0,0.0,-0.06516053831136755,-0.7623827049836217,0.00020630296988564348,0.0,0.0,0.0
4.4166,-1.3690927557482564,-0.5211498959955168,1.0,-1.4499244689941406,-0.7170771360397339,1.0785562992095947,0.15809464239593857,0.13398447185083082,-0.02730597377269239,-0.9779103559658358,0.7713812756658653,2.8580370152778154,0.0,0.8045935034751892,2.8971850872039795,-0.052631765604019165,-3.4931808196367755,1.9974399390425903,-0.3473806351434666,-3.4337090307941147,2.768539473034231,-0.3476351152494881,-2.255237080676066,0.9849143478136528,-0.314460553879372,-3.7082330123176845,1.8954392083969085,-0.2282583332390294,0.0,0.0,0.0,-0.059471788842660835,-0.7710995339916406,0.0002544801060214573,0.0,0.0,0.0
4.4333,-1.3568175465256764,-0.4733307010003779,1.0,-1.4331964254379272,-0.6610227227210999,1.0784261226654053,0.15809464239593857,0.13398447185083082,-0.02730597377269239,-0.9779103559658358,0.7013371677208553,2.8792260366890012,0.0,0.7146469950675964,2.934002161026001,-0.05320396274328232,-3.4373919811200326,1.7550732250162577,-0.3459108459756669,-3.3904738070282656,2.545895361168753,-0.3461708894260595,-5.396641251949018,2.208963337004878,-0.03433087888194315,-4.206681984624188,1.987997261615162,-0.17100740419392327,0.0,0.0,0.0,-0.0469181740917668,-0.7908221361524951,0.0002600434503926036,0.0,0.0,0.0
4.45,-1.34572106866301,-0.4251986106895838,1.0,-1.4180612564086914,-0.6043468713760376,1.078143835067749,0.15308388128473033,0.13922980124742645,-0.027020344580334053,-0.977982806398426,0.6306469609090438,2.8985514953058114,0.0,0.6359376907348633,2.966752052307129,-0.060991618782281876,-3.447516694774038,1.5229593274081785,-0.30037740674818336,-3.410364276329163,2.3315346104441037,-0.30071914868685,-4.724117083082911,1.9656420823674194,-0.4674135954179903,-4.359438283135489,1.9813976041033046,-0.2585119294224789,0.0,0.0,0.0,-0.03715241844487525,-0.8085752830359252,0.0003417419386666299,0.0,0.0,0.0
4.4667,-1.3357922610781268,-0.3766801804706788,1.0,-1.4110798835754395,-0.5757358074188232,1.077987790107727,0.14661715136481265,0.14300117698479967,-0.026825626140213735,-0.9784347892018569,0.5592132271865148,2.9160306421609814,0.0,0.5971803069114685,2.976740837097168,-0.056608062237501144,-3.6634904813854647,1.5575231133119638,-0.3285019420512333,-3.6307285939500753,2.3715523615447243,-0.32879632627755145,-2.3220239115529653,0.5984458918980687,0.2626266819506342,-3.7579563216996954,1.5731249816901756,-0.10466228620770411,0.0,0.0,0.0,-0.03276188743538951,-0.8140292482327603,0.00029438422631816394,0.0,0.0,0.0
4.4833,-1.3270794074368915,-0.3280005113417259,1.0,-1.3984012603759766,-0.5180593132972717,1.077616810798645,0.14003412050915173,0.1463446535499435,-0.026518333467720867,-0.9789129451982129,0.48737825507762744,2.931576514551012,0.0,0.5100492835044861,3.010773181915283,-0.06280047446489334,-3.6227522005097916,1.2907170868661304,-0.2920763917274064,-3.5988530622251558,2.123465926916244,-0.29243870463668475,-5.234755704524945,2.0446335209774684,-0.37203471237448615,-4.193934491785417,1.7123229205090535,-0.1835955133252341,0.0,0.0,0.0,-0.023899138284635985,-0.8327488400501136,0.0003623129092783775,0.0,0.0,0.0
4.5,-1.319549221640824,-0.2789528893855287,1.0,-1.3872954845428467,-0.4598277509212494,1.0771945714950562,0.13412972174460053,0.15039511781562176,-0.026408119458864798,-0.9791287792094372,0.41484761291728506,2.945247420495458,0.0,0.4208328127861023,3.0397160053253174,-0.07126399874687195,-3.5683985450104125,1.0408541341276298,-0.24176065951537906,-3.552128934796715,1.8896905031674023,-0.242227209665977,-5.345804940070573,1.734239060558008,-0.5071300125716082,-4.533987701489804,1.7187929656248675,-0.27910881092100215,0.0,0.0,0.0,-0.016269610213697567,-0.8488363690397724,0.0004665501505979441,0.0,0.0,0.0
4.5167,-1.3132475449538195,-0.22981445204332748,1.0,-1.3823363780975342,-0.43051305413246155,1.0769354104995728,0.13412972174460053,0.15039511781562176,-0.026408119458864798,-0.9791287792094372,0.34204163383254504,2.9569596241784564,0.0,0.38518962264060974,3.046171188354492,-0.06577299535274506,-3.808976764393312,1.0589633815161756,-0.2759731850005812,-3.7953464110234827,1.9114087799343547,-0.27637060818541803,-2.140430596320424,0.38764406900995063,0.3297435392655165,-3.8273658956822727,1.3258134812025928,-0.09936446881619491,0.0,0.0,0.0,-0.01363035336982941,-0.8524453984181789,0.0003974231848368216,0.0,0.0,0.0
4.5333,-1.3081581209486441,-0.18046032488379474,1.0,-1.3737897872924805,-0.37150540947914124,1.0764802694320679,0.12166336489009932,0.15722526091245811,-0.026535866556701333,-0.9796806078969904,0.2687860594532729,2.9667425793950417,0.0,0.28974688053131104,3.0702476501464844,-0.07072488963603973,-3.714036366711395,0.8114156594592934,-0.246534724473762,-3.706323861039157,1.6773895016320237,-0.24699424246038423,-5.728208843099377,1.4450025041139014,-0.29719896973599486,-4.388529476513295,1.3610002592494295,-0.15776882941785608,0.0,0.0,0.0,-0.007712505672237893,-0.8659738421727302,0.0004595179866222227,0.0,0.0,0.0
4.55,-1.3042925239333591,-0.13096438436353222,1.0,-1.3668957948684692,-0.3120822608470917,1.0759592056274414,0.12166336489009932,0.15722526091245811,-0.026535866556701333,-0.9796806078969904,0.19520065372266943,2.9745751553802062,0.0,0.200287863612175,3.0909130573272705,-0.06870826333761215,-3.651376964433271,0.5705110941445353,-0.25856004774227925,-3.6476917121258285,1.4481816662461129,-0.2589937342403659,-5.369850626118068,1.2404579606440072,0.12104964221824686,-4.678233416023765,1.325413969483125,-0.0754565204721053,0.0,0.0,0.0,-0.0036852523074422435,-0.8776705721015777,0.00043368649808665116,0.0,0.0,0.0
4.5666,-1.3016547060442505,-0.08133932704977333,1.0,-1.3641281127929688,-0.2822018265724182,1.0756980180740356,0.11187897532538428,0.16126941829738342,-0.02676927580375468,-0.9801830826249373,0.1213143076330586,2.980450964386215,0.0,0.15824614465236664,3.094710350036621,-0.06959159672260284,-3.857029992290153,0.5672541750853629,-0.25447730233681,-3.854729481711104,1.4470825686560014,-0.2549222117155303,-2.522577714833412,0.22784429852796018,-0.05300157003275968,-4.041844452925835,1.001391341731767,-0.0688274086809136,0.0,0.0,0.0,-0.002300510579048761,-0.8798283935706385,0.0004449093787203408,0.0,0.0,0.0
4.5833,-1.300249621722176,-0.03159785716944179,1.0,-1.3598823547363281,-0.22224393486976624,1.0751413106918335,0.10432131835424419,0.1646109363511605,-0.0267155807187518,-0.9804625162305645,0.047155615957196535,2.9843625263147384,0.0,0.06755581498146057,3.1094608306884766,-0.07338745146989822,-3.7825205944050126,0.33608538354701134,-0.23142524390870334,-3.7821013344014194,1.2243209098238999,-0.23192001187202427,-5.437302560107493,0.8843591869407359,-0.2275789580891392,-4.453809191722273,0.9668413105763027,-0.11569376765572721,0.0,0.0,0.0,-0.00041926000359341736,-0.8882355262768886,0.0004947679633209272,0.0,0.0,0.0
4.6,-1.300082218723435,0.018134721774065984,1.0,-1.3572911024093628,-0.16203093528747559,1.0744506120681763,0.09855747603675426,0.1671858427431949,-0.02660372298280387,-0.9806261302964837,-0.027078964767511798,2.986299090320492,0.0,-0.02179669588804245,3.1232731342315674,-0.0823296308517456,-3.7109319297159375,0.0971046618213396,-0.17679861966145494,-3.710975575197361,0.993248843678371,-0.17742130737239512,-5.364916309980531,0.8293203160787906,-0.5369076206768209,-4.722784665838729,0.9262425994536772,-0.2400437958251411,0.0,0.0,0.0,4.3645481423609446e-05,-0.8961441818570314,0.000622687710940168,0.0,0.0,0.0
4.6166,-1.3011534745808673,0.0679158878309101,1.0,-1.356605052947998,-0.13184092938899994,1.0741065740585327,0.0899801603595901,0.16927625267235036,-0.02679688198952932,-0.9810867532038593,-0.1014658657490366,2.986262856580081,0.0,-0.06130567193031311,3.1229283809661865,-0.07586733251810074,-3.932522245086526,0.0817315258984535,-0.21632303711966527,-3.9328675154262673,0.9776778822253569,-0.21685180806990673,-2.369964478275793,-0.020680186493521352,0.3876439997425703,-4.0281891426797,0.6466936856127611,-0.05473888597799641,0.0,0.0,0.0,0.0003452703397413236,-0.8959463563269034,0.0005287709502414551,0.0,0.0,0.0
4.6333,-1.3034650206982614,0.11767785018688683,1.0,-1.3565821647644043,-0.07126075029373169,1.0733789205551147,0.0899801603595901,0.16927625267235036,-0.02679688198952932,-0.9810867532038593,-0.17589487494814993,2.984251241471264,0.0,-0.15272574126720428,3.1361279487609863,-0.08201830089092255,-3.842340440962377,-0.17896946133249414,-0.17822541090863864,-3.844483244930301,0.7245666285446869,-0.1788433981297363,-5.484111078533732,0.7918162445115061,-0.36898455713039374,-4.458003908830921,0.68953651748461,-0.1475099517433954,0.0,0.0,0.0,0.0021428039679240174,-0.903536089877181,0.0006179872210976482,0.0,0.0,0.0
4.65,-1.3070162534402203,0.16737916820364662,1.0,-1.3572008609771729,-0.04090908169746399,1.0730291604995728,0.0805602764971325,0.1719023174359429,-0.027030333383431155,-0.9814423461647458,-0.2502953361131019,2.9802665532798436,0.0,-0.19385874271392822,3.1315460205078125,-0.07547390460968018,-4.053288307953324,-0.19350334385196424,-0.21817649041743492,-4.05674076864069,0.7073945161115932,-0.21869979145488486,-2.4687947182393177,-0.27500643942646175,0.39279338742451564,-3.8707529978962905,0.40478580712158896,0.011997469400689159,0.0,0.0,0.0,0.0034524606873659516,-0.9008978599635574,0.0005233010374499239,0.0,0.0,0.0
4.6666,-1.3118077753838346,0.21700617036348094,1.0,-1.3597774505615234,0.0198630653321743,1.0722758769989014,0.07466953792131037,0.17325194381895873,-0.027444594757444724,-0.9816593602877284,-0.3246384990817776,2.9743105396696654,0.0,-0.28496605157852173,3.135434627532959,-0.08372800797224045,-3.957058208239377,-0.42311894071140926,-0.1672950943708008,-3.9645183006701106,0.48001769383979903,-0.16793911455090624,-5.46542735776195,0.2332732629651878,-0.495154591807546,-4.34153001567022,0.3541521692573844,-0.13772308856553284,0.0,0.0,0.0,0.007460092430733616,-0.9031366345512083,0.0006440201801054263,0.0,0.0,0.0
4.6833,-1.3178360129185072,0.2665069010686217,1.0,-1.3640341758728027,0.0806192010641098,1.0714999437332153,0.0662738698928721,0.1760342838284736,-0.027986013173415727,-0.9817518304733612,-0.39883864370148403,2.966390712704095,0.0,-0.37962210178375244,3.134864330291748,-0.08908940851688385,-3.8330860015027772,-0.6381168023167147,-0.13362970617659242,-3.8463251769390587,0.2646913230795759,-0.13435884480954083,-5.680912486048708,-0.03422716996251037,-0.3217717962109721,-4.736940201557063,0.23949548969657772,-0.19205763102206613,0.0,0.0,0.0,0.0132391754362813,-0.9028081253962906,0.0007291386329483975,0.0,0.0,0.0
4.7,-1.3251015274594127,0.31587342901367294,1.0,-1.3667913675308228,0.11100640892982483,1.0710431337356567,0.0662738698928721,0.1760342838284736,-0.027986013173415727,-0.9817518304733612,-0.4728764159134525,2.9565098729704187,0.0,-0.41567790508270264,3.1294405460357666,-0.08809353411197662,-4.070125180524903,-0.6838277567030927,-0.13968927582574564,-4.085998649220002,0.21585908494730022,-0.1404022044055271,-2.1631027133723344,-0.32539012773017895,0.059745683921445226,-3.9770963315995465,0.0727309307066428,-0.11772069010286661,0.0,0.0,0.0,0.015873468695099688,-0.8996868416503929,0.00071292857978145,0.0,0.0,0.0
4.7166,-1.3336006771962665,0.3650667107215053,1.0,-1.37367844581604,0.17171704769134521,1.0701770782470703,0.049619337237905826,0.180960086112707,-0.029217164765267457,-0.98180337606909,-0.5466862548427868,2.9446768213523633,0.0,-0.5152770280838013,3.123847246170044,-0.09249141812324524,-3.906745947334325,-0.8923430163589492,-0.11131203230617415,-3.9311375041872894,0.004130649559913713,-0.11209792062775059,-5.973133346678487,-0.3354399611084103,-0.2637487846378221,-4.566362941118747,-0.047768576921362174,-0.16083085264549835,0.0,0.0,0.0,0.024391556852964343,-0.8964736659188629,0.0007858883215764461,0.0,0.0,0.0
4.7333,-1.343323228646505,0.4140241689148881,1.0,-1.382314682006836,0.23228305578231812,1.0691999197006226,0.041086512827700976,0.18211388243247303,-0.030059722413848678,-0.9819586872058527,-0.6201676934364327,2.93091034581703,0.0,-0.6045650243759155,3.1130716800689697,-0.09369286149740219,-3.7973713271225096,-1.0812721203263587,-0.10152384515409152,-3.830948489860292,-0.19097247612162727,-0.10233028311831134,-5.358204684303149,-0.6466455868255763,-0.07209904783025482,-4.800129096634452,-0.22456801625004455,-0.13463560206397032,0.0,0.0,0.0,0.03357716273778277,-0.8902996442047314,0.0008064379642198251,0.0,0.0,0.0
4.75,-1.3542661044332258,0.46273059942319117,1.0,-1.3873261213302612,0.2625221610069275,1.0686702728271484,0.041086512827700976,0.18211388243247303,-0.030059722413848678,-0.9819586872058527,-0.6932918185535508,2.915219768392879,0.0,-0.6475832462310791,3.103947639465332,-0.09841899573802948,-3.984558289962118,-1.1401604726618952,-0.07280689540716934,-4.023083868347537,-0.2550719041891326,-0.07369674338310463,-2.5821300284786126,-0.5476623209353578,-0.2836819518582652,-4.145335232124253,-0.31995136036570904,-0.17863680872547283,0.0,0.0,0.0,0.03852557838541823,-0.8850885684727626,0.0008898479759352908,0.0,0.0,0.0
4.7666,-1.3664282874335971,0.5111755396759795,1.0,-1.3986616134643555,0.322856605052948,1.067589282989502,0.03253657679700069,0.18338200207882488,-0.03099593035982119,-0.9820141103116445,-0.7660373634169622,2.8976116063982107,0.0,-0.7412844896316528,3.0909414291381836,-0.09755706787109375,-3.8366682068777225,-1.3383838957423202,-0.0748265840588408,-3.8871491877520783,-0.4606972111087245,-0.0757009141718696,-5.621838702294444,-0.7803398752646336,0.05171350203124106,-4.581226043385644,-0.45586646473833026,-0.11063318675058927,0.0,0.0,0.0,0.05048098087435585,-0.8776866846335957,0.0008743301130287971,0.0,0.0,0.0
4.7833,-1.379814415311903,0.5593633169560118,1.0,-1.411787748336792,0.3828819990158081,1.0664441585540771,0.02405266907284878,0.1850786866859037,-0.03227795319782556,-0.9818989651215128,-0.8384058063332561,2.878084233697649,0.0,-0.8336561322212219,3.0769057273864746,-0.10234052687883377,-3.6884951896962193,-1.541008189605723,-0.04261811594649656,-3.7523409196613318,-0.67127440810584,-0.04358028914535335,-5.534544948073654,-0.8409639586874849,-0.28660602045626615,-4.862663208384233,-0.5695542835911209,-0.1625835836129087,0.0,0.0,0.0,0.06384572996511235,-0.869733781499883,0.0009621731988567864,0.0,0.0,0.0
4.8,-1.3943776181612342,0.6071271183493205,1.0,-1.4189597368240356,0.4127868413925171,1.0658930540084839,0.01482925274472474,0.1851535605622833,-0.0339365159804263,-0.9820114972070368,-0.9101421250688133,2.8567118018067506,0.0,-0.8753572702407837,3.0602633953094482,-0.09823339432477951,-3.873308208916321,-1.5890054714527078,-0.06670006204741752,-3.943701074454745,-0.7286546579148067,-0.06758655698542167,-2.5040766510615757,-0.9993414365273662,0.2466257569900786,-4.166365347477019,-0.696435306594412,-0.0417775069224051,0.0,0.0,0.0,0.07039286553842403,-0.8603508135379011,0.0008864949380041456,0.0,0.0,0.0
4.8167,-1.4101524273418822,0.6545808980700711,1.0,-1.43471360206604,0.4724770784378052,1.0647879838943481,0.006682604102357004,0.18578770204497821,-0.03483791062952872,-0.9819494148991803,-0.9814135268883929,2.833449581300383,0.0,-0.9683987498283386,3.0390937328338623,-0.09423050284385681,-3.707380483453025,-1.7708167207401377,-0.0873558283638124,-3.793532688725425,-0.9223278535429923,-0.08817154811074786,-5.571734009137636,-1.2677327241576242,0.23971079026270703,-4.581255863096309,-0.8650927461766311,0.041322983323285246,0.0,0.0,0.0,0.08615220527240032,-0.8484888671971454,0.0008157197469354677,0.0,0.0,0.0
4.8333,-1.4271156848192934,0.7016440279444385,1.0,-1.4522161483764648,0.5317911505699158,1.0637073516845703,-0.0023884829785365425,0.1852831937315907,-0.035497803836663865,-0.9820409157072975,-1.0520955538073584,2.8083375363000966,0.0,-1.0599480867385864,3.0086894035339355,-0.09735506027936935,-3.541097259014384,-1.907361554277813,-0.06533075212611605,-3.6443085354402722,-1.0757650185898315,-0.06620146510585176,-5.488176399965698,-1.8226710116342224,-0.18731017565674757,-4.848995381866317,-1.147787352325083,-0.02617370406179326,0.0,0.0,0.0,0.10321127642588857,-0.8315965356879814,0.0008707129797357003,0.0,0.0,0.0
4.85,-1.445216588248456,0.7481834637916716,1.0,-1.4615854024887085,0.5613076090812683,1.0631877183914185,-0.0023884829785365425,0.1852831937315907,-0.035497803836663865,-0.9820409157072975,-1.1219856351830075,2.78145728296986,0.0,-1.1080260276794434,2.99711012840271,-0.09527357667684555,-3.674588751816056,-2.0192602024802717,-0.07732518147510403,-3.7873754499697085,-1.1940523324932903,-0.07815906020715982,-2.888191062732741,-0.6956029790890862,0.1250411773130908,-4.270130108157576,-1.014294260522974,0.01846769275774525,0.0,0.0,0.0,0.11278669815365262,-0.8252078699869815,0.0008338787320557803,0.0,0.0,0.0
4.8667,-1.4645043962803814,0.7943273183807501,1.0,-1.481692910194397,0.6200212240219116,1.0620859861373901,-0.01164308797455866,0.18410120643852693,-0.036176663125628755,-0.9821723717278029,-1.1912740015812218,2.752742027285663,0.0,-1.1890959739685059,2.960003137588501,-0.09428297728300095,-3.5558792310509335,-2.135901206336046,-0.07983100929125497,-3.685774034134572,-1.3310005132888771,-0.0806476377960395,-4.861002701891324,-2.2249574702291604,0.059396934997355294,-4.444566497531614,-1.3717041679865307,0.03055075315318148,0.0,0.0,0.0,0.12989480308363835,-0.804900693047169,0.0008166285047845327,0.0,0.0,0.0
4.8833,-1.4849350858084156,0.8399639023617009,1.0,-1.4923968315124512,0.6491668820381165,1.061525821685791,-0.019799741225091656,0.1832857544818942,-0.03651889553553726,-0.9821816440344753,-1.259791376756372,2.722263564806094,0.0,-1.235540747642517,2.94555926322937,-0.10069439560174942,-3.6904674877991406,-2.2519887443181013,-0.04061315198153237,-3.8307075527364187,-1.45492420456713,-0.04154462130680697,-2.78585218659726,-0.8663730229099333,-0.3845699382204044,-3.9548837157087484,-1.2225211777442553,-0.0920004623298167,0.0,0.0,0.0,0.1402400649372781,-0.7970645397509714,0.0009314693252746015,0.0,0.0,0.0
4.9,-1.5064953806449235,0.885065636182991,1.0,-1.514926791191101,0.706959068775177,1.0603934526443481,-0.028598738788711015,0.18046783726388008,-0.03693737159440189,-0.9824709821495026,-1.327495429322064,2.6900481583827047,0.0,-1.3191431760787964,2.901740312576294,-0.09810467809438705,-3.5410870002020403,-2.346767286883603,-0.052502465806199994,-3.7009477438537375,-1.5732410570324933,-0.05338663909930643,-5.016796383197894,-2.6294780817214147,0.15540320619205678,-4.268379744314246,-1.6378805715245677,-0.018962377449045553,0.0,0.0,0.0,0.1598607436516974,-0.7735262298511097,0.000884173293106437,0.0,0.0,0.0
4.9167,-1.5291744100071065,0.929611063739197,1.0,-1.539117693901062,0.7641265392303467,1.059195876121521,-0.036795568522587016,0.17814136810457118,-0.036957180613202016,-0.9826219521608687,-1.3943536517199568,2.656118482533962,0.0,-1.3912041187286377,2.8541698455810547,-0.09860697388648987,-3.4505717393568918,-2.4275421519220397,-0.04547380484082508,-3.628374978300575,-1.6791700566400047,-0.046367055243631224,-4.324093679361355,-2.854516581304186,-0.030140794443331714,-4.284827516254429,-1.9970537587379582,-0.02226245045984306,0.0,0.0,0.0,0.17780323894368336,-0.7483720952820349,0.0008932504028061422,0.0,0.0,0.0
4.9333,-1.552967221347041,0.9735894773014556,1.0,-1.564935326576233,0.8205171823501587,1.0579729080200195,-0.04386470664099343,0.17856513886128003,-0.0366308375651822,-0.9822671178432554,-1.4603502968483342,2.620488302709601,0.0,-1.4814190864562988,2.811401128768921,-0.10190070420503616,-3.240850723022671,-2.5448186857739543,-0.02152920435192185,-3.442461540248674,-1.8187067290519625,-0.022483125175061222,-5.412361254148072,-2.565868520425678,-0.19760422030552696,-4.6176960842357815,-2.164978272928863,-0.07402654573639082,0.0,0.0,0.0,0.20161081722600313,-0.7261119567219919,0.0009539208231393718,0.0,0.0,0.0
4.95,-1.5778480950703575,1.0169527109690029,1.0,-1.5784056186676025,0.8484094142913818,1.057334065437317,-0.04386470664099343,0.17856513886128003,-0.0366308375651822,-0.9822671178432554,-1.5254140441679107,2.583202418003357,0.0,-1.5117230415344238,2.7818586826324463,-0.10585847496986389,-3.449958064254667,-2.609941468771175,0.0035007181706839807,-3.659901559710253,-1.899009429295874,0.0024712587677360722,-1.818447143654234,-1.7727513341058987,-0.23749365137273418,-3.7913066335614563,-2.049185711640533,-0.1222850230985632,0.0,0.0,0.0,0.20994349545558608,-0.710932039475301,0.0010294594029479083,0.0,0.0,0.0
4.9667,-1.6038057105755892,1.0596815241024158,1.0,-1.6064302921295166,0.9035845994949341,1.0559991598129272,-0.051527525267524285,0.17897653951795092,-0.03631098513183299,-0.9818319516323805,-1.5895176249382028,2.5442839730959173,0.0,-1.5827832221984863,2.7355968952178955,-0.10098716616630554,-3.3390100024774525,-2.722532185446795,-0.020919163301542754,-3.5691546264665077,-2.0350488698356393,-0.021856057025033074,-4.263797888472433,-2.775829017767732,0.29229135074819035,-3.93079468799408,-2.2637040968692075,0.0001054999017228303,0.0,0.0,0.0,0.23014462398905502,-0.6874833156111558,0.0009368937234903193,0.0,0.0,0.0
4.9833,-1.6308371727114381,1.1017692389961042,1.0,-1.6209771633148193,0.930804967880249,1.0553841590881348,-0.05993344551686284,0.17565791247127133,-0.03654983132234428,-0.9819452845080262,-1.6526532506577694,2.5037433200704093,0.0,-1.6218258142471313,2.706045389175415,-0.0991208553314209,-3.4850455461973313,-2.8064929179539213,-0.03088898024852027,-3.726684182402867,-2.133782563865493,-0.03179156510046224,-2.3415193891557995,-1.7723061084420042,0.11192912091054678,-3.461611571717045,-2.1186344291338113,0.03311787668543884,0.0,0.0,0.0,0.24163863620553563,-0.6727103540884284,0.0009025848519419697,0.0,0.0,0.0
5.0,-1.6588968203478953,1.1431449399510774,1.0,-1.6513476371765137,0.984618604183197,1.0542387962341309,-0.0666767937646361,0.1719636358321702,-0.03651919056347678,-0.9821655017914956,-1.714717409926616,2.461654769478157,0.0,-1.7106906175613403,2.655996799468994,-0.09496796131134033,-3.249572582686211,-2.911543902321081,-0.05188686753548721,-3.5184169274901502,-2.2634871302989485,-0.05271540507182196,-5.3337244744637315,-3.003949571414261,0.249259455359826,-4.014293518246509,-2.3799956405274676,0.09692682124879742,0.0,0.0,0.0,0.26884434480393915,-0.6480567720221325,0.0008285375363347478,0.0,0.0,0.0
5.0167,-1.6879729793454588,1.1837942746438859,1.0,-1.6833031177520752,1.0374963283538818,1.0530555248260498,-0.07218409084941824,0.17213988341593062,-0.035667908517253794,-0.9817765706734372,-1.7756914119658287,2.418040530981812,0.0,-1.7797505855560303,2.5953314304351807,-0.09523127973079681,-3.1213166210964807,-2.9594027494091386,-0.046158407418275815,-3.412305403647983,-2.3406122872636117,-0.04699154590952713,-4.145262389627488,-3.6413841464287247,-0.01580545100676904,-4.052957922868371,-2.752380582561986,0.06364619400912373,0.0,0.0,0.0,0.2909887825515021,-0.618790462145527,0.0008331384912513163,0.0,0.0,0.0
5.0333,-1.7180688941783682,1.2237213638872002,1.0,-1.6998037099838257,1.0635395050048828,1.0524648427963257,-0.07218409084941824,0.17213988341593062,-0.035667908517253794,-0.9817765706734372,-1.8355820458308003,2.3728966587324476,0.0,-1.8221863508224487,2.5700807571411133,-0.09917651116847992,-3.226611013218214,-3.096509017778106,-0.02128218489708955,-3.531641703073972,-2.489700737420982,-0.022185783626855294,-2.54651262608198,-1.5152586021889978,-0.23674797911152443,-3.6082277371266223,-2.387159562396065,-0.025035656365844268,0.0,0.0,0.0,0.3050306898557577,-0.606808280357124,0.0009035987297657424,0.0,0.0,0.0
5.05,-1.7491525875727083,1.262882537438686,1.0,-1.7339354753494263,1.1148821115493774,1.0511993169784546,-0.07926711108605292,0.17285658003814625,-0.03512792309413223,-0.9811235474026092,-1.8943238061580292,2.3262711186409373,0.0,-1.8832948207855225,2.508251428604126,-0.09538044035434723,-3.127485707332805,-3.1518393858626617,-0.0394376473779664,-3.4533183438923154,-2.573876308149834,-0.04027339780051418,-3.6664592452722227,-3.7097101822447285,0.22776120790776186,-3.6254187426605506,-2.7776006783615013,0.04959459847524757,0.0,0.0,0.0,0.32583263655951045,-0.5779630777128275,0.0008357504225477802,0.0,0.0,0.0
5.0667,-1.7812082727334753,1.3012577335742395,1.0,-1.7695327997207642,1.165199875831604,1.0501095056533813,-0.08520074725112504,0.17148711039201586,-0.03548284170544247,-0.980853765425291,-1.9518866003613593,2.278187590899787,0.0,-1.9689537286758423,2.4551773071289062,-0.08818668127059937,-2.8692701703323333,-3.265684740115994,-0.07882181892837592,-3.225416914775563,-2.7119220634620373,-0.07953625595893284,-5.138436784897025,-3.183767162471396,0.43153335955377575,-4.072089322992853,-2.8975084481992797,0.16234990165072882,0.0,0.0,0.0,0.35614674444322936,-0.5537626766539566,0.0007144370305569135,0.0,0.0,0.0
5.0833,-1.8142310029558657,1.3388392313576964,1.0,-1.7879542112350464,1.1899644136428833,1.0496125221252441,-0.09257791297769528,0.1666683005169054,-0.035364198326884276,-0.9810201190363637,-2.0082588470365446,2.228653495566201,0.0,-2.0334837436676025,2.383662223815918,-0.07940059155225754,-3.005430825825601,-3.379693155092869,-0.12441285376276368,-3.3738129824110956,-2.8409530382934634,-0.1250074304349703,-2.011073302546359,-2.0107802067397738,0.46396127918447877,-3.4636397234320797,-2.635730064099974,0.25139109301595997,0.0,0.0,0.0,0.36838215658549484,-0.5387401167994056,0.0005945766722066443,0.0,0.0,0.0
5.1,-1.8481637270003728,1.3755622255654423,1.0,-1.8257354497909546,1.238533616065979,1.048707127571106,-0.09722911537299005,0.165792570664368,-0.034624226107578565,-0.9807449422624359,-2.0633433383481634,2.1777544094994408,0.0,-2.067535161972046,2.3525643348693848,-0.08227051049470901,-2.8504482571881784,-3.4101708111085625,-0.1105852635744361,-3.243150848399864,-2.901729328929508,-0.11120705731071268,-3.902501823799511,-4.144673790212991,-0.10923665050279649,-3.5931998367848696,-3.0811978318441122,0.14492719173732888,0.0,0.0,0.0,0.39270259121168577,-0.5084414821790544,0.0006217937362765811,0.0,0.0,0.0
5.1167,-1.8829841659419648,1.4114057269363802,1.0,-1.8648122549057007,1.2859416007995605,1.0477045774459839,-0.10296914998942737,0.1644852676197912,-0.03430492158325998,-0.9803903186790653,-2.1171085904045706,2.1255237510870524,0.0,-2.1216623783111572,2.283289670944214,-0.0825880914926529,-2.7489513272717705,-3.4442873223260095,-0.10525617714434132,-3.1624846485458664,-2.965348565516339,-0.1058827806480825,-3.2496815104278496,-4.159101644694465,-0.019066879231617068,-3.491786948170624,-3.3994147388392095,0.09651314457733659,0.0,0.0,0.0,0.41353332127409587,-0.4789387568096706,0.0006266035037411703,0.0,0.0,0.0
5.1333,-1.9187011518594865,1.446379442651786,1.0,-1.884750485420227,1.3091670274734497,1.0472207069396973,-0.10296914998942737,0.1644852676197912,-0.03430492158325998,-0.9803903186790653,-2.169569163977679,2.07194827221077,0.0,-2.155702590942383,2.250471591949463,-0.08166506141424179,-2.8585697255407823,-3.5864949523556757,-0.10994855429858374,-3.285479055160841,-3.121224975812716,-0.11056122984181582,-2.0430284471409763,-1.9696783240799038,0.05539849965657375,-3.0640869589096047,-2.9773304171223423,0.08437534992171714,0.0,0.0,0.0,0.4269093296200585,-0.4652699765429597,0.0006126755432320811,0.0,0.0,0.0
5.15,-1.9552964113478548,1.48046352831336,1.0,-1.9257004261016846,1.3547333478927612,1.046276330947876,-0.11335438370942469,0.15836927784628063,-0.034128115553756784,-0.9802577668404986,-2.2206952924700403,2.0170553829782176,0.0,-2.2212698459625244,2.1837737560272217,-0.0753767192363739,-2.66830367597223,-3.6476693583495035,-0.14449984402365657,-3.1215774590379977,-3.2095693681806203,-0.14502179825221073,-3.9325763967339236,-4.000386094864938,0.37716061188886185,-3.3204809148151435,-3.2793551521440554,0.17081091065191095,0.0,0.0,0.0,0.45327378306576777,-0.4380999901688829,0.0005219542285541556,0.0,0.0,0.0
5.1667,-1.9927291780052752,1.513619172038078,1.0,-1.9679981470108032,1.3990709781646729,1.045333743095398,-0.11840812275231291,0.15549687002149798,-0.03308835280099308,-0.9801558557607991,-2.270428758057117,1.960906232992087,0.0,-2.2843902111053467,2.1171274185180664,-0.08153191208839417,-2.479846013027586,-3.7132870111007357,-0.10436704391237639,-2.959246575776015,-3.301519618994065,-0.10497772323271987,-3.786792155965271,-3.998326491496574,-0.36926966372491526,-3.4581445162300497,-3.491608632556082,0.011369253745749403,0.0,0.0,0.0,0.47940056274842907,-0.4117673921066706,0.0006106793203434746,0.0,0.0,0.0
5.1834,-2.0310056912823224,1.5458503952330391,1.0,-1.9896048307418823,1.420743703842163,1.0448169708251953,-0.12172109158457993,0.15459672397278265,-0.03219922288480716,-0.9799220250452607,-2.318775592849559,1.9034914630765165,0.0,-2.31020450592041,2.078596591949463,-0.08386736363172531,-2.6129589898669745,-3.8442311189949714,-0.08926595231356826,-3.103255510929848,-3.4473153252973656,-0.08991211807307058,-1.5472213092499179,-2.30940710784664,-0.13997904728561425,-2.8940050585335664,-3.142601134713457,-0.03331153099496643,0.0,0.0,0.0,0.49029652106287364,-0.3969157936976056,0.000646165759502311,0.0,0.0,0.0
5.2,-2.070030891886838,1.5770783091169929,1.0,-2.0335569381713867,1.463027834892273,1.0436525344848633,-0.12819940859511553,0.15303386746352707,-0.03175697600338236,-0.9793554449607288,-2.3656174636754894,1.8449536621697429,0.0,-2.3603010177612305,2.003434658050537,-0.0903424620628357,-2.4815975808436117,-3.8681300806729926,-0.0460477219264851,-2.993388700346598,-3.499400207921687,-0.04679751565330311,-3.006911947795475,-4.511398274159618,-0.3886508285751084,-2.9273372359050835,-3.5466950685371845,-0.13821418637267932,0.0,0.0,0.0,0.5117911195029865,-0.3687298727513056,0.0007497937268180149,0.0,0.0,0.0
5.2167,-2.1098162064757613,1.6073153199146248,1.0,-2.0787136554718018,1.5040082931518555,1.0425186157226562,-0.1366281401676661,0.1479462851598291,-0.03198718208994889,-0.9789900317841393,-2.4109729798719375,1.7852756902863578,0.0,-2.4239840507507324,1.9290522336959839,-0.07883240282535553,-2.2557765726105625,-3.89993312978626,-0.11085491785230828,-2.7955574245231647,-3.55807498358551,-0.11142582763758374,-3.8232827104475904,-4.465632738359361,0.6910193879449781,-3.191836715678937,-3.817982264598613,0.10659072112465466,0.0,0.0,0.0,0.5397808519126023,-0.3418581462007498,0.0005709097852754634,0.0,0.0,0.0
5.2333,-2.1503544870627644,1.6365558941213345,1.0,-2.101774215698242,1.5239598751068115,1.0420198440551758,-0.1366281401676661,0.1479462851598291,-0.03198718208994889,-0.9789900317841393,-2.4548338411820017,1.724468269405853,0.0,-2.455875873565674,1.889295220375061,-0.07897663861513138,-2.324577469600592,-4.043706407967134,-0.10889548340743771,-2.8786553129450443,-3.715794181289083,-0.10946848423529706,-1.9146341463414633,-2.3868229703423793,-0.008659234369632429,-2.8147831730757,-3.3954778828475005,0.07256682777582739,0.0,0.0,0.0,0.5540778433444523,-0.32791222667805103,0.000573000827859353,0.0,0.0,0.0
5.25,-2.1916292822383356,1.6647865785164455,1.0,-2.148815870285034,1.5627871751785278,1.0409533977508545,-0.14023825004419938,0.14524073094603665,-0.031689962514250124,-0.9788943584380196,-2.497179867774668,1.6625560766424967,0.0,-2.5065042972564697,1.8151322603225708,-0.08181770145893097,-2.153894230523783,-4.085003520654564,-0.08788231875725272,-2.731052424230688,-3.78232994340423,-0.08849728674277588,-3.0369697663110324,-4.44869997997769,-0.1704224886301879,-2.88037671642551,-3.706408296240693,0.0008319403232025166,0.0,0.0,0.0,0.5771581937069051,-0.3026735772503342,0.0006149679855231571,0.0,0.0,0.0
5.2667,-2.2336217790288093,1.6919921660097363,1.0,-2.1968579292297363,1.600188970565796,1.0398261547088623,-0.14556087816037105,0.1438681686925787,-0.03110951611655805,-0.978338525799858,-2.5379882490146044,1.5995673314567858,0.0,-2.5526912212371826,1.7334767580032349,-0.08589430153369904,-2.25467621178422,-4.248760046517752,-0.08115322243385548,-2.8427077617088963,-3.9588384514499757,-0.08178153663079726,-1.408577103905569,-2.316511139374366,-0.05292855152407219,-2.4458745699174704,-3.2960852516178925,-0.015039139480232572,0.0,0.0,0.0,0.5880315499246763,-0.2899215950677766,0.0006283141969417902,0.0,0.0,0.0
5.2834,-2.2762608075905915,1.7181263242046354,1.0,-2.2212610244750977,1.6182844638824463,1.0392075777053833,-0.15129653781868768,0.14066587180455492,-0.03057922446859397,-0.9779506062061637,-2.577189486306953,1.5356087886141125,0.0,-2.5778706073760986,1.6921977996826172,-0.08920729905366898,-2.078197593464132,-4.236377879029199,-0.03747050606990909,-2.688689889772055,-3.973314611302569,-0.03820157569375797,-2.871995880064088,-5.057249942778668,-0.3903987969214923,-2.571673369126636,-3.8160132582256248,-0.1258521710120914,0.0,0.0,0.0,0.6104922963079229,-0.2630632677266302,0.0007310696238488737,0.0,0.0,0.0
5.3,-2.3195025453163782,1.7431651503397316,1.0,-2.27089524269104,1.653347134590149,1.037969708442688,-0.1565227888516148,0.1358914349876646,-0.030447937035482566,-0.9778072647743781,-2.6147477255095977,1.4707461820254326,0.0,-2.6332969665527344,1.6081726551055908,-0.08324863016605377,-1.8425421491355514,-4.226363252321627,-0.06829799597626673,-2.4795688501734805,-3.988775907006209,-0.06893466269873304,-3.327774517241873,-5.044833163944517,0.35775589043645056,-2.794888247727382,-4.178783354212066,0.01691776789841802,0.0,0.0,0.0,0.6370267010379292,-0.23758734531541773,0.0006366667224663082,0.0,0.0,0.0
5.3167,-2.363375898396893,1.7671262808006034,1.0,-2.296137809753418,1.6702940464019775,1.0373777151107788,-0.1565227888516148,0.1358914349876646,-0.030447937035482566,-0.9778072647743781,-2.650689421200905,1.4049361524046602,0.0,-2.660665988922119,1.566698670387268,-0.08363111317157745,-1.8895375481605212,-4.389607333859904,-0.06428887570156461,-2.5398748647837435,-4.164116491900765,-0.06493140615079508,-1.6423778524930253,-2.4887974819371914,-0.022952285571213964,-2.4546461139869287,-3.6798686359139285,0.005147399387255841,0.0,0.0,0.0,0.6503373166232223,-0.2254908419591384,0.0006425304492304731,0.0,0.0,0.0
5.3333,-2.4078318484058205,1.789982119821599,1.0,-2.347480297088623,1.7029857635498047,1.0362335443496704,-0.16247556100299987,0.13318571926583156,-0.02993163814122411,-0.9772243738594724,-2.6849731797323986,1.3382522273912687,0.0,-2.7122981548309326,1.4803167581558228,-0.07676760107278824,-1.651994186529449,-4.370574791476221,-0.10095663626357576,-2.3278169495163565,-4.169263901024937,-0.10149803083581714,-3.0985534618191184,-5.183957877266028,0.4118936093345352,-2.6447393321162376,-4.123903271028552,0.12522631488819883,0.0,0.0,0.0,0.6758227629869075,-0.20131089045128384,0.0005413945722413803,0.0,0.0,0.0
5.35,-2.452869739304179,1.811731304971416,1.0,-2.3998653888702393,1.7340655326843262,1.0351482629776,-0.1683766769231788,0.13232414416894875,-0.02970880775314701,-0.9763488573753557,-2.717596957457124,1.2706953910437313,0.0,-2.7584750652313232,1.3968364000320435,-0.07810667902231216,-1.4334877260942762,-4.369327541271279,-0.08866762075463497,-2.1325181592024807,-4.1900817174439275,-0.08922806743852021,-2.7700228832951943,-5.00775171624714,-0.0803275171624714,-2.681725326300734,-4.384831486641917,0.06454306664623802,0.0,0.0,0.0,0.6990304331082046,-0.17924582382735146,0.0005604466838852413,0.0,0.0,0.0
5.3667,-2.498405281795901,1.8323334597576095,1.0,-2.4264369010925293,1.7489691972732544,1.0345762968063354,-0.17279456358474035,0.12726549896947606,-0.029756096517176246,-0.9762479578200205,-2.748500189636414,1.2023920773061485,0.0,-2.781236410140991,1.3511072397232056,-0.07811038196086884,-1.4759032561970336,-4.521245972841973,-0.0869376857258578,-2.1865172752244644,-4.353544220474351,-0.08749818555113516,-1.3661901286509537,-2.744773107800627,-0.00022225919088710486,-2.2933552911931434,-3.9006562769576703,0.04542315870758703,0.0,0.0,0.0,0.7106140190274307,-0.16770175236762197,0.0005604998252773568,0.0,0.0,0.0
5.3833,-2.5444712084919567,1.8518035114996396,1.0,-2.4802682399749756,1.7774323225021362,1.0335396528244019,-0.17722817233788551,0.12180523513345402,-0.029934040511589256,-0.9761442765726838,-2.7777052672494595,1.1332931872620642,0.0,-2.8253939151763916,1.25431489944458,-0.07256879657506943,-1.2447836655704214,-4.442618364293087,-0.11612230134427703,-1.9781415568512175,-4.298083998647566,-0.11660609236199007,-2.6486571518462374,-5.805801847667534,0.332395586048108,-2.3982468945057365,-4.46309007082613,0.13014266441162145,0.0,0.0,0.0,0.7333578912807962,-0.14453436564552155,0.0004837910177130366,0.0,0.0,0.0
5.4,-2.5909848126321857,1.8701062707990108,1.0,-2.5350513458251953,1.8041716814041138,1.0325192213058472,-0.18246408059674993,0.11817840925703853,-0.029780288808221488,-0.9756300007271538,-2.8051594061985163,1.0635227810517214,0.0,-2.8699700832366943,1.1646313667297363,-0.06508912891149521,-0.9969802498702025,-4.405405311648261,-0.156981719577019,-1.7536610210710206,-4.280800468203533,-0.15737092141035142,-2.6755677671403424,-5.383019218935589,0.4489474663346642,-2.4801170848538034,-4.734669969399759,0.2242596689102591,0.0,0.0,0.0,0.7566807712008182,-0.1246048434447284,0.0003892018333324053,0.0,0.0,0.0
5.4167,-2.6379790827222793,1.8872541707694717,1.0,-2.562791347503662,1.8168714046478271,1.0320965051651,-0.1865994503472979,0.11244516818574556,-0.02980996018957314,-0.9755245493121796,-2.8308812561542074,0.9930313759165804,0.0,-2.8907618522644043,1.1137381792068481,-0.060247328132390976,-1.018349029678701,-4.538162591049181,-0.18498962188302015,-1.7860332050924894,-4.424210008085709,-0.18532307404794635,-1.246580042025816,-3.0513243849793446,0.29029238496504994,-2.1159544037750444,-4.237715585444456,0.24375373360595406,0.0,0.0,0.0,0.7676841754137884,-0.11395258296347159,0.000333452164926184,0.0,0.0,0.0
5.4333,-2.6853582639552434,1.9032119000027001,1.0,-2.6189677715301514,1.8408844470977783,1.0312644243240356,-0.1865994503472979,0.11244516818574556,-0.02980996018957314,-0.9755245493121796,-2.85481785000405,0.921962604067135,0.0,-2.929136276245117,1.0252065658569336,-0.0597626157104969,-0.7822391051598869,-4.508528283313777,-0.18477956415246466,-1.5704403444662351,-4.411971960867927,-0.18510767240486337,-2.302632331902718,-5.312281831187411,0.029084853361945637,-2.1710651401736443,-4.554947181626897,0.18037955653656365,0.0,0.0,0.0,0.7882012393063483,-0.09655632244585055,0.00032810825239869415,0.0,0.0,0.0
5.45,-2.7331125926030246,1.9179777546506467,1.0,-2.675987720489502,1.8632081747055054,1.0305155515670776,-0.19248615863073118,0.09903609038008793,-0.02899370217446264,-0.9758588159677195,-2.87696663197597,0.8503311110954626,0.0,-2.970364570617676,0.9334672689437866,-0.055458132177591324,-0.5149385385008936,-4.457981393947286,-0.20787903828114962,-1.3254841725222701,-4.377932350351489,-0.20816158380762537,-2.47430173992674,-5.505701980311355,0.2583320813301282,-2.2605861268431076,-4.835627375667659,0.20339256663685412,0.0,0.0,0.0,0.8105456340213765,-0.08004904359579694,0.0002825455264757512,0.0,0.0,0.0
5.4667,-2.78129630901831,1.931565810673292,1.0,-2.704843044281006,1.8736982345581055,1.0301027297973633,-0.19248615863073118,0.09903609038008793,-0.02899370217446264,-0.9758588159677195,-2.897348716009938,0.7780555364725347,0.0,-2.989948034286499,0.8903594613075256,-0.061727676540613174,-0.5092347404770052,-4.647105426885693,-0.1692023928471974,-1.3305033793688077,-4.57427904827714,-0.16955243296309203,-1.1734813417909595,-2.5831083204754557,-0.3756839676552946,-1.9396529246828036,-4.170642580043511,0.03243858961305189,0.0,0.0,0.0,0.8212686388918025,-0.07282637860855214,0.00035004011589462243,0.0,0.0,0.0
5.4833,-2.829688933985308,1.94391550772767,1.0,-2.763080358505249,1.8934423923492432,1.029144287109375,-0.19554689964808475,0.09326075514384467,-0.028407102336888,-0.9758365624317058,-2.915873261591505,0.7054665990220372,0.0,-3.0164871215820312,0.79917973279953,-0.062312494963407516,-0.30414941385510996,-4.599479619710108,-0.16187154903219947,-1.14006208694415,-4.540805459573604,-0.16222825324589027,-1.5943081396181555,-5.477527607098354,-0.03513236010255088,-1.8377008320748744,-4.556458926687544,0.0124904102255414,0.0,0.0,0.0,0.8359126730890402,-0.058674160136503596,0.00035670421369080925,0.0,0.0,0.0
5.5002,-2.878863581360435,1.955158335505194,1.0,-2.821906089782715,1.9114093780517578,1.0283108949661255,-0.1985840700404086,0.08601939446571062,-0.028389527101058985,-0.9758888666707078,-2.932737503257791,0.6317046279593472,0.0,-3.0433857440948486,0.7050045728683472,-0.05637713149189949,-0.08600250345935534,-4.535181991786471,-0.19426887504870705,-0.9368896483248049,-4.489521369451768,-0.19456086231246314,-1.5996625453720508,-5.600601888611616,0.35297638881011795,-1.7674275790833285,-4.864709013423536,0.11300809435347121,0.0,0.0,0.0,0.8508871448654496,-0.04566062233470378,0.0002919872637560858,0.0,0.0,0.0
5.5167,-2.927464917499282,1.9649981201787912,1.0,-2.8515353202819824,1.919739842414856,1.0278944969177246,-0.1985840700404086,0.08601939446571062,-0.028389527101058985,-0.9758888666707078,-2.947497180268187,0.5588026237510767,0.0,-3.055612564086914,0.6598058938980103,-0.05783247575163841,-0.08796243132484238,-4.7152466498512,-0.18437711978550964,-0.945700197952069,-4.675253064472275,-0.18468437660261997,-0.7395875396596481,-2.7340207672339196,-0.08803225050475916,-1.4639904130469459,-4.235690899385749,0.053657310026210006,0.0,0.0,0.0,0.8577377666272267,-0.039993585378925146,0.0003072568171103319,0.0,0.0,0.0
5.5334,-2.9767342925169835,1.973701923382937,1.0,-2.9112424850463867,1.9350011348724365,1.0270236730575562,-0.20334998825481593,0.07112729550150015,-0.02855571212473744,-0.9761015818151423,-2.9605528850744056,0.48489856122452424,0.0,-3.0804014205932617,0.5631399750709534,-0.057891424745321274,0.14438946142396258,-4.630401189280407,-0.1805705328857391,-0.7273216634244597,-4.601267822731169,-0.1808784163995632,-1.4866097599336565,-5.7971410800840735,-0.0035352235519524157,-1.470668057674164,-4.696659532212859,0.03677302877449986,0.0,0.0,0.0,0.8717111248484223,-0.029133366549238367,0.0003078835138241016,0.0,0.0,0.0
5.55,-3.0261074852442174,1.9811569575277859,1.0,-2.9714670181274414,1.9484381675720215,1.0261776447296143,-0.20334998825481593,0.07112729550150015,-0.02855571212473744,-0.9761015818151423,-2.971735436291679,0.41083877213367387,0.0,-3.0995290279388428,0.4729897379875183,-0.053359050303697586,0.35649669550025925,-4.579997718148446,-0.204406089316152,-0.5260737384170027,-4.559445372501194,-0.20466765100998885,-1.149153464921076,-5.416069842724955,0.2722971932563669,-1.3757510733941576,-4.909042604934511,0.1063040669344228,0.0,0.0,0.0,0.882570433917262,-0.02055234564725258,0.00026156169383684437,0.0,0.0,0.0
5.5667,-3.0757260293262303,1.9873855152129445,1.0,-3.0017473697662354,1.9544737339019775,1.025812029838562,-0.20586598652352225,0.06401096871782976,-0.028268354911590146,-0.9760751978879745,-2.981078272819417,0.3364109560106545,0.0,-3.107764482498169,0.42513036727905273,-0.04621399566531181,0.36357001279587964,-4.751909081018165,-0.24630886594663137,-0.5236966344319244,-4.735305482843903,-0.24650506865455118,-0.4940570692984338,-2.871154258742759,0.42864236930558536,-1.1154588881781693,-4.307420717530978,0.20146422534907932,0.0,0.0,0.0,0.887266647227804,-0.01660359817426194,0.00019620270791980443,0.0,0.0,0.0
5.5833,-3.1254641259149465,1.9923697519931802,1.0,-3.06260347366333,1.9651761054992676,1.0252245664596558,-0.20744136196387458,0.056133185358825145,-0.028113591683858203,-0.9762308883463736,-2.98855462798977,0.2618038111275799,0.0,-3.1262643337249756,0.3285005986690521,-0.04280394688248634,0.5961642013470478,-4.65912537683931,-0.2646725515770788,-0.30169730045256227,-4.649211802005769,-0.26484086765061843,-1.1101350578001603,-5.79853818530388,0.20462946735149365,-1.113887196144001,-4.747625847992772,0.20239866264106343,0.0,0.0,0.0,0.8978615017996101,-0.009913574833541704,0.00016831607353962573,0.0,0.0,0.0
5.6,-3.1753312398193927,1.9961106432848432,1.0,-3.1239171028137207,1.9741652011871338,1.0245473384857178,-0.20884807625319843,0.049989860719877224,-0.027692966135719393,-0.9762769969986446,-2.994165964927265,0.18700314027091072,0.0,-3.1425364017486572,0.24317891895771027,-0.046028219163417816,0.8287051218156465,-4.630291531292637,-0.24275916231864925,-0.07852736352052803,-4.624858905321314,-0.2429537907593154,-0.9761574438262511,-5.118427027761489,-0.19342331800563525,-1.0732268558972595,-4.857093133597889,0.08554477929780761,0.0,0.0,0.0,0.9072324853361745,-0.005432625971323812,0.00019462844066613658,0.0,0.0,0.0
5.6167,-3.2252627138738297,1.998603096680903,1.0,-3.154696226119995,1.9780386686325073,1.0242096185684204,-0.20884807625319843,0.049989860719877224,-0.027692966135719393,-0.9762769969986446,-2.9979046450213547,0.11210592918925497,0.0,-3.148380756378174,0.19606204330921173,-0.0446464866399765,0.8567470912535486,-4.809143884332791,-0.2501679674769127,-0.05386299617768142,-4.805612499825388,-0.25035108610918516,-0.35065157995622753,-2.826934355643927,0.08290165863218275,-0.8599094275331699,-4.257753156015728,0.08476448176754298,0.0,0.0,0.0,0.9106100874312301,-0.003531384507402112,0.00018311863227243874,0.0,0.0,0.0
5.6334,-3.2752745013039006,1.9998471565882803,1.0,-3.2164242267608643,1.984417200088501,1.0235075950622559,-0.2104337249878753,0.04053539536821645,-0.027042176647862733,-0.9763929429788981,-2.9997707348824205,0.037088248044148925,0.0,-3.150017261505127,0.10569669306278229,-0.046089548617601395,1.025495968840902,-4.745272100914624,-0.23878335527679495,0.11393897854482216,-4.744245785721702,-0.2389785027211726,-0.09815389455320245,-5.419910340192476,-0.08655160980108964,-0.635025271172049,-4.60084319817165,0.03418884029791987,0.0,0.0,0.0,0.9115569902960798,-0.0010263151929222824,0.00019514744437766044,0.0,0.0,0.0
5.6501,-3.325418336336797,1.9998384705215242,1.0,-3.278210401535034,1.9890187978744507,1.0228962898254395,-0.21310526620101108,0.026702820760365287,-0.02633077999184733,-0.9763092814846039,-2.999757705782286,-0.038127504505195954,0.0,-3.1494860649108887,0.0590648390352726,-0.04040725156664848,1.1926330846204203,-4.939626487916736,-0.2705861567410045,0.28138350542791823,-4.93930599679142,-0.2707361516716243,0.0317745546856059,-2.7893748039047903,0.33989762047376604,-0.4381737751111933,-4.066064618978514,0.12443965981358264,0.0,0.0,0.0,0.911249579192502,-0.00032049112531612993,0.0001499949306197889,0.0,0.0,0.0
5.6667,-3.3753968114000092,1.9985783249176678,1.0,-3.3091464042663574,1.9905809164047241,1.022623896598816,-0.21310526620101108,0.026702820760365287,-0.02633077999184733,-0.9763092814846039,-2.9978674873765017,-0.11309521710001441,0.0,-3.1518421173095703,-0.0390184260904789,-0.037949226796627045,1.2342459970060415,-4.8120759062860365,-0.28472629578881536,0.32163254145195874,-4.812215767551221,-0.2848585970005706,-0.14139564166034713,-5.886348799524961,0.14751539047632675,-0.3505594457390996,-4.6034457794123655,0.13125203727306364,0.0,0.0,0.0,0.9126134555540828,0.0001398612651845807,0.00013230121175522735,0.0,0.0,0.0
5.6834,-3.425201822382421,1.996077278982986,1.0,-3.3711390495300293,1.992390751838684,1.0220009088516235,-0.21525551411833987,0.016780462169960837,-0.025674005651502112,-0.976076082971793,-2.994115918474479,-0.1878027335736318,0.0,-3.15346097946167,-0.1332399696111679,-0.03777007758617401,1.4385690335341472,-4.710857495184219,-0.28341794719928315,0.5250178566471756,-4.712488393966468,-0.28354900223478136,-0.09735325323316033,-5.666185829653314,0.01077346729561552,-0.27580834972230545,-4.917186066528726,0.09568456136254051,0.0,0.0,0.0,0.9135511768869716,0.0016308987822490175,0.00013105503549818687,0.0,0.0,0.0
5.7,-3.475077198125128,1.9923222567387673,1.0,-3.402146816253662,1.9926210641860962,1.0217334032058716,-0.2174908038392515,0.011691683290891866,-0.025091789086172555,-0.9756697873521482,-2.988483385108151,-0.26261579718769223,0.0,-3.152132272720337,-0.18226084113121033,-0.032725412398576736,1.4810578297490133,-4.877093501631257,-0.3130729805382805,0.5682763379096029,-4.880145221736669,-0.3131713653853307,0.07970879757426663,-2.940750282477795,0.3026282502824778,-0.17085318985764514,-4.333706098671488,0.15677812075548844,0.0,0.0,0.0,0.9127814918394105,0.0030517201054121312,9.838484705021571e-05,0.0,0.0,0.0
5.7167,-3.524790484789411,1.987327159263955,1.0,-3.4642059803009033,1.9916715621948242,1.0212485790252686,-0.2208238819866143,0.00439250240495694,-0.023998204807860406,-0.9750085454458607,-2.9809907388959322,-0.33718572718411705,0.0,-3.148763418197632,-0.2703920006752014,-0.03050963766872883,1.678375799907173,-4.804787490409735,-0.3246513170971218,0.7675443435146171,-4.811504030895879,-0.324736830080532,0.20226745684102035,-5.291432262589825,0.1330360561782473,-0.060701155220632685,-4.616444367148774,0.14976902934549596,0.0,0.0,0.0,0.9108314563925558,0.006716540486143489,8.55129834102045e-05,0.0,0.0,0.0
5.7334,-3.574444958390865,1.9810805043747808,1.0,-3.526165723800659,1.989019751548767,1.0208982229232788,-0.22042552051120146,-0.00359766552560196,-0.0233635575629834,-0.9751173686087158,-2.9716207565621713,-0.4116674375862982,0.0,-3.138965368270874,-0.36163821816444397,-0.021761653944849968,1.8482510117041897,-4.7082521222627385,-0.3760846037396425,0.9430792291938576,-4.720266647112978,-0.3761281089986137,0.5874129872357456,-5.470396006346393,0.5244593863009391,0.13063398557163897,-4.868546499184358,0.2603844711407681,0.0,0.0,0.0,0.9051717825103321,0.012014524850239879,4.3505258971228465e-05,0.0,0.0,0.0
5.7501,-3.6239642913110615,1.9735873778364417,1.0,-3.588017463684082,1.984567642211914,1.0204648971557617,-0.22042552051120146,-0.00359766552560196,-0.0233635575629834,-0.9751173686087158,-2.9603810667546626,-0.48594643696659223,0.0,-3.134526014328003,-0.4076462984085083,-0.028178205713629723,2.061533307694087,-4.876406540788587,-0.3361021247476549,1.1589200346981126,-4.891672530478406,-0.33617506791699064,0.26585567834604074,-2.7552453668008794,-0.3842623825637511,0.17055390079999835,-4.244661378935999,0.07007293736159151,0.0,0.0,0.0,0.9026132729959744,0.015265989689819104,7.294316933574779e-05,0.0,0.0,0.0
5.7668,-3.6732867975954084,1.9648554569588483,1.0,-3.618861436843872,1.9816118478775024,1.0202151536941528,-0.21988902273979416,-0.01379040668591594,-0.022462963704002598,-0.9751687877638991,-2.9472831854382724,-0.5599301963931131,0.0,-3.1169626712799072,-0.5055689215660095,-0.027724355459213257,2.0524147484338435,-4.742286957419173,-0.33825159025435936,1.1598881635443785,-4.765768071397627,-0.33832220263851914,1.0518605248879116,-5.864540794471257,0.027180882678413343,0.4307317243573232,-4.722879389830279,0.05741041885740987,0.0,0.0,0.0,0.8925265848894649,0.023481113978453993,7.061238415976649e-05,0.0,0.0,0.0
5.7833,-3.7220493664029344,1.954961465686442,1.0,-3.6803338527679443,1.9742976427078247,1.0198583602905273,-0.22165677747017445,-0.019410657324707273,-0.021901483388140457,-0.9746855319988732,-2.932442198529663,-0.6330740496044016,0.0,-3.100898504257202,-0.6009640097618103,-0.020702194422483444,2.217648995776903,-4.59973761194523,-0.3792591347240807,1.3342984908805784,-4.632915969754427,-0.3792985070185262,0.9688263882897651,-5.753256837201277,0.42350499130072183,0.5895871042027235,-5.027065645070312,0.165488227954813,0.0,0.0,0.0,0.8833505048963249,0.03317835780919685,3.937229444552585e-05,0.0,0.0,0.0
5.8002,-3.7713258061168737,1.943669721040146,1.0,-3.7415010929107666,1.9651989936828613,1.0195950269699097,-0.22176428354401362,-0.027405377114905354,-0.021109544104620792,-0.9744865145802047,-2.915504581560219,-0.7069887091753109,0.0,-3.0804760456085205,-0.6910241842269897,-0.01388290524482727,2.3665632913932932,-4.488786415222856,-0.4195186861974355,1.4948099303327216,-4.532654073566263,-0.4195363921247671,1.2117756903576278,-5.3437606100045265,0.40462556409857403,0.7732685469191283,-5.120559787127195,0.23608594042925557,0.0,0.0,0.0,0.8717533610605718,0.04386765834340684,1.7705927331652186e-05,0.0,0.0,0.0
5.8167,-3.819273379173469,1.9314127362326692,1.0,-3.771986484527588,1.9600300788879395,1.019476294517517,-0.22033799204355645,-0.036137930171847285,-0.020650733511731197,-0.9745352363370834,-2.8971191043490037,-0.7789100687602037,0.0,-3.0752856731414795,-0.7338701486587524,-0.01759115420281887,2.465524919922205,-4.671573045026078,-0.39731816417482035,1.5967067628135716,-4.721049252655235,-0.3973465921959621,0.3146090148416839,-2.5970634565082302,-0.22477164382126394,0.6378638698769793,-4.375577546996155,0.10003235821060458,0.0,0.0,0.0,0.8688181571086332,0.049476207629156936,2.8428021141744737e-05,0.0,0.0,0.0
5.8333,-3.8673481479206067,1.917841515624025,1.0,-3.832793712615967,1.9484137296676636,1.0191198587417603,-0.21958846302635085,-0.043555533165385685,-0.019632044183222865,-0.9744221141956801,-2.8767622734360376,-0.85102222188091,0.0,-3.0535242557525635,-0.8191832304000854,-0.020184041932225227,2.6283525727220183,-4.5721156319275895,-0.3806153760935592,1.77178681910291,-4.633763784282716,-0.38065280216463515,1.3069389157765114,-5.123700564162776,-0.15572266352129213,0.835387052479647,-4.596437135520176,0.024528801219952205,0.0,0.0,0.0,0.8565657536191081,0.061648152355126364,3.742607107591178e-05,0.0,0.0,0.0
5.85,-3.915135679660756,1.903052310265879,1.0,-3.8630294799804688,1.9419230222702026,1.0189518928527832,-0.21958846302635085,-0.043555533165385685,-0.019632044183222865,-0.9744221141956801,-2.854578465398818,-0.9227035194911344,0.0,-3.0391526222229004,-0.8640228509902954,-0.01914026401937008,2.6941198239709663,-4.742030677810007,-0.38667029572680234,1.845598073632003,-4.810612404552142,-0.38670395105319405,0.8618180258492508,-2.6888796751687063,0.062591814523047,0.8431899589118119,-4.033291307746079,0.0357656984456842,0.0,0.0,0.0,0.8485217503389633,0.06858172674213485,3.365532639170558e-05,0.0,0.0,0.0
5.8667,-3.9625134170816545,1.8870813369292776,1.0,-3.9230313301086426,1.9276843070983887,1.0185210704803467,-0.2178831857305319,-0.05039187316604218,-0.018549249498129507,-0.9744965876769989,-2.8306220053939164,-0.9937701256224818,0.0,-3.001278877258301,-0.9541791081428528,-0.026234755292534828,2.7796785151377925,-4.600896126745461,-0.34256663997901227,1.9521734477425996,-4.684536847254371,-0.3426298683501381,2.2722968430388075,-5.409071078115836,-0.4256455266846901,1.265088431679743,-4.439446641843844,-0.1004513286798992,0.0,0.0,0.0,0.827505067395193,0.08364072050890985,6.322837112581039e-05,0.0,0.0,0.0
5.8833,-4.009479804619936,1.8699300539957255,1.0,-3.982456922531128,1.9117921590805054,1.01808762550354,-0.2171964555176075,-0.05883001994942337,-0.01784375340090566,-0.9741901379414761,-2.8048950809935884,-1.0642197069299042,0.0,-2.9695510864257812,-1.0411814451217651,-0.017928441986441612,2.911193402858496,-4.469982471992665,-0.39084012033329485,2.1010916710957015,-4.5695713405723675,-0.3908696489470402,1.9039688671416717,-5.220966749649469,0.49845770917389187,1.4536976133977046,-4.670165661941519,0.07635756588489077,0.0,0.0,0.0,0.8101017317627944,0.0995888685797025,2.95286137453558e-05,0.0,0.0,0.0
5.9,-4.0559941574060545,1.8516135757678784,1.0,-4.012031078338623,1.903184175491333,1.017893671989441,-0.21699535709829385,-0.0671022609319975,-0.016950788121505342,-0.9737161123362741,-2.7774203636518178,-1.1339912361090825,0.0,-2.959315538406372,-1.081607699394226,-0.02086656726896763,3.033852125680394,-4.654243892540106,-0.3728379623757553,2.229325340869329,-4.7617164289938305,-0.37287796237452697,0.6142301198958423,-2.425959309812001,-0.1763154294360031,1.2058714659062157,-4.007634928197328,0.0017638794226606663,0.0,0.0,0.0,0.8045267848110652,0.10747253645372425,3.999999877170026e-05,0.0,0.0,0.0
5.9167,-4.102051258161268,1.832133668508367,1.0,-4.0709404945373535,1.884842038154602,1.0174436569213867,-0.21661128867288226,-0.07366168560122528,-0.015620886463592564,-0.9733496033416235,-2.7482005027625505,-1.2030768872419024,0.0,-2.9248640537261963,-1.1643991470336914,-0.01945796236395836,3.16983385786273,-4.5347467568697875,-0.37962104600178803,2.383930166411374,-4.659301914525682,-0.379655827851689,2.0668249563749748,-4.966852132620076,0.0845054951440341,1.460040672413733,-4.290813379084085,0.026190716697692917,0.0,0.0,0.0,0.7859036914513561,0.1245551576558948,3.478184990094994e-05,0.0,0.0,0.0
5.9334,-4.147607579691655,1.811508043274789,1.0,-4.129260540008545,1.8648204803466797,1.0169527530670166,-0.21490989942383842,-0.08029120047952668,-0.014398754297322175,-0.9732213504816047,-2.7172620649121835,-1.271411369537483,0.0,-2.881570339202881,-1.2491633892059326,-0.024062633514404297,3.261716661035276,-4.393669697367897,-0.350103768898706,2.4989066063653893,-4.537019286721291,-0.3501569606478401,2.5968080998755845,-5.084259298983225,-0.27619361083701577,1.7956351943248499,-4.525053116886402,-0.0630786636354541,0.0,0.0,0.0,0.7628100546698869,0.14334958935339462,5.319174913411189e-05,0.0,0.0,0.0
5.95,-4.19258917326522,1.7897722111402083,1.0,-4.15814208984375,1.8541826009750366,1.0166659355163574,-0.21490989942383842,-0.08029120047952668,-0.014398754297322175,-0.9732213504816047,-2.6846583167103124,-1.3388837598978305,0.0,-2.8562777042388916,-1.294938087463379,-0.022495439276099205,3.325718255040588,-4.531512253083334,-0.35862773352739963,2.576240377567057,-4.685560218963377,-0.3586742221752779,1.5193200045829514,-2.749670600366636,0.09414082639923235,1.7140618999481303,-4.000927748365671,-0.016664596590002242,0.0,0.0,0.0,0.7494778774735309,0.15404796588004308,4.6488647878239385e-05,0.0,0.0,0.0
5.9667,-4.237048592322923,1.7669012240715747,1.0,-4.215368270874023,1.8315706253051758,1.016221046447754,-0.21377364672976504,-0.08812538819210283,-0.01378994307058231,-0.972802452954255,-2.650351836107362,-1.4055728884843843,0.0,-2.8192801475524902,-1.3770167827606201,-0.013208720833063126,3.473077952598366,-4.390088042071423,-0.4126643153447992,2.7428904007031267,-4.564283338949162,-0.41268034335024795,2.219792009383896,-4.9245855207633,0.557187696689888,1.8633626717613234,-4.273608404979287,0.1527470890006509,0.0,0.0,0.0,0.7301875518952392,0.17419529687773838,1.6028005448740444e-05,0.0,0.0,0.0
5.9833,-4.28092927763768,1.7429221876702405,1.0,-4.272017955780029,1.8074028491973877,1.0158027410507202,-0.21381228485313739,-0.0960577727933533,-0.012674231696801916,-0.9720579710221585,-2.614383281505361,-1.4713939164565213,0.0,-2.7758212089538574,-1.454607367515564,-0.012964119203388691,3.590563653895956,-4.265648939846863,-0.41256720088235055,2.8827141403453185,-4.460028020781724,-0.41258264076481055,2.607315014804537,-4.655039979402383,0.014674852222826164,2.0829910010544066,-4.386213977383955,0.11198564108151829,0.0,0.0,0.0,0.7078495135506374,0.1943790809348607,1.5439882459980485e-05,0.0,0.0,0.0
6.0,-4.324232389611161,1.7178323585470758,1.0,-4.300025463104248,1.794663429260254,1.0155885219573975,-0.21158722101134572,-0.10229277209616848,-0.011531504193126062,-0.9719228903726812,-2.5767485378206136,-1.5363485844167428,0.0,-2.7501752376556396,-1.4993295669555664,-0.015116501599550247,3.6830463221800294,-4.393625773339339,-0.3991020671958415,2.98821611094616,-4.600141043284566,-0.3991230595211215,1.5368690260176308,-2.6800374333842925,-0.12898438504593449,1.9217658122514207,-3.882519476866835,0.04084688502680568,0.0,0.0,0.0,0.6948302112338696,0.20651526994522637,2.0992325279965647e-05,0.0,0.0,0.0
6.0167,-4.3668427389514655,1.691699314401509,1.0,-4.355391979217529,1.767944097518921,1.0151058435440063,-0.2099297066316017,-0.10892357245334945,-0.010344353911119708,-0.9715751367256178,-2.5375489716022632,-1.600264108427198,0.0,-2.6994540691375732,-1.580859661102295,-0.010404035449028015,3.773380004289333,-4.227478164963372,-0.425466942045731,3.1039428022915776,-4.457063737992868,-0.4254768860569373,3.04362132852626,-4.892370201868464,0.28278060038342134,2.2529580654269177,-4.180645868485221,0.112270139755846,0.0,0.0,0.0,0.6694372019977552,0.22958557302949587,9.944011206316155e-06,0.0,0.0,0.0
6.0334,-4.408856337083007,1.664463163819151,1.0,-4.38276481628418,1.754022240638733,1.0149363279342651,-0.2099297066316017,-0.10892357245334945,-0.010344353911119708,-0.9715751367256178,-2.4966947457287265,-1.66328450562451,0.0,-2.6720988750457764,-1.6198430061340332,-0.003504355438053608,3.8752654429086526,-4.378485606294445,-0.4665161046274454,3.2193271172771323,-4.619533759648473,-0.4665172327966918,1.6387345568806684,-2.3353281439691496,0.41333079295508107,2.0716280592026983,-3.635874348319665,0.20114874723163634,0.0,0.0,0.0,0.6559383256315203,0.24104815335402727,1.1281692463937002e-06,0.0,0.0,0.0
6.0502,-4.450533639479931,1.6359316441786504,1.0,-4.436798095703125,1.7249349355697632,1.0145901441574097,-0.20866588069544192,-0.11647480203009165,-0.009477056062462538,-0.970980191812038,-2.453897466267976,-1.7258004592198977,0.0,-2.620100975036621,-1.6976991891860962,-0.010321631096303463,3.975384258297378,-4.22096800598358,-0.42437286468266733,3.3447261031962805,-4.485744508379259,-0.4243826517961591,3.0881582487291674,-4.623883154213217,-0.404878390361497,2.3717263508330686,-3.9275526062005603,0.0222384595223631,0.0,0.0,0.0,0.6306581551010975,0.2647765023956794,9.787113491780677e-06,0.0,0.0,0.0
6.0667,-4.490746316848181,1.6068986305652542,1.0,-4.489871978759766,1.694233775138855,1.0141929388046265,-0.206570976858564,-0.12323886018555195,-0.008605669969499814,-0.9706011652033795,-2.410347945847881,-1.7861194752722727,0.0,-2.5670835971832275,-1.7784457206726074,-0.0015458756824955344,4.073347202120458,-4.026182676231162,-0.47551095546357713,3.4679533839464813,-4.316744925027153,-0.4755111750002558,3.20483959300147,-4.881035079122589,0.5304843345221839,2.6176766071907682,-4.2090380595314585,0.17228193131209826,0.0,0.0,0.0,0.6053938181739769,0.29056224879599085,2.1953667868382435e-07,0.0,0.0,0.0
6.0834,-4.530580812921633,1.576601047465443,1.0,-4.516054153442383,1.678265929222107,1.0140568017959595,-0.20516666230542724,-0.12923496851682933,-0.0074670307101294756,-0.9701284461504813,-2.3649015711981645,-1.8458712193824498,0.0,-2.539790630340576,-1.8154480457305908,-0.0020742614287883043,4.203391478145007,-4.167853212341022,-0.4721286496116056,3.610802196642284,-4.470632113280849,-0.47212904487349455,1.6371111905613156,-2.2195066142295317,-0.0316941072466035,2.32819577386756,-3.6216920131163137,0.11206447654716722,0.0,0.0,0.0,0.592589281502723,0.3027789009398264,3.952618889662241e-07,0.0,0.0,0.0
6.1,-4.569488334706605,1.5454447152984316,1.0,-4.567532539367676,1.6451764106750488,1.0136991739273071,-0.2056167247930728,-0.13517280883004043,-0.006250293340468472,-0.9692321934168971,-2.3181670729476473,-1.9042325020599076,0.0,-2.4696924686431885,-1.8956491947174072,-0.0005883402773179114,4.21357324914182,-3.9587032498552324,-0.4797112257075048,3.6532434580772044,-4.288824818393788,-0.4797112575066262,4.219293084396481,-4.827404101430765,0.08943939022856184,2.886482264562817,-3.9776402590506574,0.10538513753475087,0.0,0.0,0.0,0.5603297910646159,0.33012156853855573,3.179912136521362e-08,0.0,0.0,0.0
6.1167,-4.607758332294131,1.5131979858284481,1.0,-4.617847442626953,1.6104979515075684,1.01356840133667,-0.20313183880110158,-0.1416177284143982,-0.005758060296709746,-0.9688389211734421,-2.269796978742672,-1.9616374984411968,0.0,-2.416327476501465,-1.9663143157958984,0.010903320275247097,4.330104242997635,-3.7960523714634657,-0.548460162095879,3.7937279885474346,-4.151244915474023,-0.5484492407667064,3.197968310211313,-4.234701604492006,0.6886530814285498,2.9784386384402692,-4.053529466676737,0.27757649528166206,0.0,0.0,0.0,0.5363762544502001,0.3551925440105576,-1.0921329172527912e-05,0.0,0.0,0.0
6.1334,-4.6451460118015335,1.4800615551166878,1.0,-4.642637729644775,1.5926485061645508,1.0135270357131958,-0.20313183880110158,-0.1416177284143982,-0.005758060296709746,-0.9688389211734421,-2.2200923326750317,-2.0177190177023006,0.0,-2.383254051208496,-2.002667188644409,0.008308188058435917,4.450985143414931,-3.9181757828940507,-0.5331327512673886,3.929191675118587,-4.286623206011095,-0.5331264100798828,1.9874494971202614,-2.184518181036706,-0.15594678124731368,2.6858805310682516,-3.501763174207122,0.14959250030660817,0.0,0.0,0.0,0.5217934682963438,0.368447423117044,-6.341187505743774e-06,0.0,0.0,0.0
6.15,-4.6816023147088766,1.4460895698369012,1.0,-4.691214561462402,1.555667519569397,1.0134073495864868,-0.1999619137385025,-0.1468076254855789,-0.005266880924163802,-0.9687285807240404,-2.169134354755352,-2.072403472063315,0.0,-2.318103075027466,-2.0816900730133057,0.012147913686931133,4.508616019295464,-3.682481950439385,-0.5560177316259717,4.014961127830759,-4.080580046825598,-0.5560041746959736,3.9253465488759605,-4.76112906701142,0.23134348290598292,3.0517935539281655,-3.8735510038870045,0.1737268845776792,0.0,0.0,0.0,0.4936548914647047,0.3980980963862128,-1.355692999802583e-05,0.0,0.0,0.0
6.1667,-4.717307924009258,1.4111124152740508,1.0,-4.738624572753906,1.517257571220398,1.013426661491394,-0.1984766825045809,-0.15446454618749625,-0.00367659603615073,-0.9678503246947705,-2.1166686229110763,-2.1259618860138882,0.0,-2.2475082874298096,-2.14804744720459,0.01833830215036869,4.539056562303198,-3.5115945547014054,-0.5937041384733709,4.075011065913431,-3.9354772611840247,-0.5936732443265113,4.236054879182821,-3.9817880084121375,0.3714555443389748,3.4014091425398467,-3.90550454593017,0.23209999893483274,0.0,0.0,0.0,0.4640454963897667,0.4238827064826194,-3.089414685965486e-05,0.0,0.0,0.0
6.1833,-4.752143567704977,1.3752378189873422,1.0,-4.761763095855713,1.4974631071090698,1.0134532451629639,-0.19466912172212755,-0.15969892530601315,-0.002821478626713204,-0.9677770313252101,-2.0628567284810133,-2.1782153515574647,0.0,-2.2082509994506836,-2.1866607666015625,0.01713661476969719,4.6464391056165875,-3.5951551330200235,-0.5870753287199056,4.198463020768569,-4.034414249999495,-0.5870483508269974,2.3556754127442847,-2.317033391513348,-0.07210853225414175,3.09268943205285,-3.4365588277841397,0.14229208034097152,0.0,0.0,0.0,0.4479760848480181,0.43925911697947106,-2.697789290827836e-05,0.0,0.0,0.0
6.2,-4.7860585123878066,1.338517873530174,1.0,-4.807117938995361,1.4568978548049927,1.0135031938552856,-0.19094448881538645,-0.16475362845806105,-0.0024359614033840683,-0.9676728021688427,-2.007776810295261,-2.22908776858171,0.0,-2.147243022918701,-2.2460837364196777,0.016807399690151215,4.744729768070184,-3.443977866294194,-0.5857997653991595,4.3211644825985935,-3.907435291900219,-0.5857738141053577,3.6614772629711245,-3.566350914346221,-0.01975829386429328,3.260605995788386,-3.474875824018719,0.0944518479916342,0.0,0.0,0.0,0.4235652854715901,0.46345742560602504,-2.5951293801780955e-05,0.0,0.0,0.0
6.2167,-4.819058691307821,1.300946075885611,1.0,-4.851250648498535,1.415056586265564,1.0134962797164917,-0.1855870711922651,-0.17294331430111448,-0.0016858739404357077,-0.9672876221203015,-1.9514191138284165,-2.278588036961732,0.0,-2.0749385356903076,-2.3160648345947266,0.017172781750559807,4.779498664821013,-3.217111018817825,-0.5884074076778495,4.3839786808704755,-3.709898179235678,-0.5883803157905998,4.337838997596979,-4.198449479345463,0.021920749477915093,3.578624867103173,-3.688487992225401,0.07303934201954825,0.0,0.0,0.0,0.39551998395053706,0.49278716041785325,-2.709188724974347e-05,0.0,0.0,0.0
6.2333,-4.851096568186591,1.2625765070520587,1.0,-4.872854232788086,1.3935648202896118,1.0135247707366943,-0.1855870711922651,-0.17294331430111448,-0.0016858739404357077,-0.9672876221203015,-1.893864760578088,-2.3266448522798875,0.0,-2.0435941219329834,-2.346572160720825,0.021038221195340157,4.957034575084211,-3.322647887793585,-0.6121931828283357,4.573373933970592,-3.8285025843094296,-0.6121525220214713,1.8812586752142868,-1.8310175579182348,0.23199960111901322,3.0775313435608123,-3.1401287700077436,0.11996731590991769,0.0,0.0,0.0,0.3836606411136186,0.5058546965158442,-4.06608068644183e-05,0.0,0.0,0.0
6.25,-4.882192222310397,1.223383738513999,1.0,-4.915113925933838,1.349597692489624,1.0135557651519775,-0.18228867232796495,-0.17744879890676662,-0.0002911925763616922,-0.9671001950849736,-1.8350756077709984,-2.3732883334655948,0.0,-1.9608341455459595,-2.4121885299682617,0.016337092965841293,4.939544239526198,-3.098860493576761,-0.5845936511604611,4.586328798669193,-3.6334007954877072,-0.5845691318914038,4.961132231877429,-3.9334410016007317,-0.2818139855005145,3.6336047534027593,-3.3743290405785897,0.0013541321554198654,0.0,0.0,0.0,0.3532154408570052,0.5345403019109461,-2.4519269057314504e-05,0.0,0.0,0.0
6.2666,-4.912260146660529,1.1834767507180566,1.0,-4.955906391143799,1.3042720556259155,1.01370370388031,-0.1799806813513236,-0.180944488074445,0.000527762837053461,-0.9668846139548404,-1.775215126077085,-2.4183902199907936,0.0,-1.8897111415863037,-2.4673097133636475,0.029863914474844933,4.9939714523684655,-2.9238722696470494,-0.6669506714837473,4.665914832520492,-3.4831213717434197,-0.6668687398858584,4.271050182547069,-3.3101152552079607,0.8123072741427446,3.821790295027359,-3.355371957466457,0.24076232190730948,0.0,0.0,0.0,0.32805661984797313,0.5592491020963705,-8.193159788896368e-05,0.0,0.0,0.0
6.2833,-4.941364672802321,1.1427694478224957,1.0,-4.975829124450684,1.2811462879180908,1.0137877464294434,-0.17529448612346235,-0.18656958864658343,0.0013046978425032825,-0.9666757341736204,-1.7141541717337434,-2.4620470092034807,0.0,-1.8504295349121094,-2.4994630813598633,0.022021621465682983,5.144798781279939,-2.9915177942090847,-0.6207772103720265,4.830239095883658,-3.5654378627305205,-0.6207326594655661,2.354372677907974,-1.9271363246641897,-0.47003373731780507,3.3885817936537066,-2.933730694013926,0.030922333612990294,0.0,0.0,0.0,0.3145596853962809,0.573920068521436,-4.455090646036328e-05,0.0,0.0,0.0
6.3,-4.9694014637616455,1.1014076233577077,1.0,-5.014603137969971,1.2338649034500122,1.0138366222381592,-0.16963199841556253,-0.19370489797569643,0.0023545336920611777,-0.9662805231751337,-1.6521114350365615,-2.504102195642469,0.0,-1.781327247619629,-2.55454158782959,0.024745436385273933,5.219963170285001,-2.7929219460175703,-0.6378253561481563,4.928458591647101,-3.392414665591195,-0.6377691028238246,4.149227663808283,-3.3071736360643063,0.16355071095729604,3.613138357266853,-3.043977876129534,0.07007665472693088,0.0,0.0,0.0,0.29150457863790036,0.5994927195736247,-5.6253324331663114e-05,0.0,0.0,0.0
6.3166,-4.996408690511817,1.0593382626696641,1.0,-5.051935195922852,1.185381293296814,1.0140413045883179,-0.16627973554959322,-0.19697670250785848,0.0031245987612036914,-0.9661995590791442,-1.5890073940044962,-2.5446130357677257,0.0,-1.692125678062439,-2.6151344776153564,0.0290006622672081,5.176693948879818,-2.5478032647113604,-0.6648482130983814,4.913653104234904,-3.176072814513046,-0.6647709497029382,5.351563393981005,-3.635212838997597,0.25528823288562763,4.1263532022567535,-3.2185212434952417,0.12475449781340264,0.0,0.0,0.0,0.263040844644913,0.6282695498016857,-7.726339544324854e-05,0.0,0.0,0.0
6.3333,-5.022355264899619,1.01660825369095,1.0,-5.069940567016602,1.160611867904663,1.0141664743423462,-0.16627973554959322,-0.19697670250785848,0.0031245987612036914,-0.9661995590791442,-1.524912380536425,-2.5835328973494285,0.0,-1.650756597518921,-2.64367938041687,0.03286111727356911,5.332516114965978,-2.6061125804096603,-0.6891088316351249,5.082179692274005,-3.2481724496334037,-0.6890096291369098,2.483070736558909,-1.713333047124315,0.23171370333004193,3.64122618320404,-2.7741621767728546,0.15633081023422457,0.0,0.0,0.0,0.25033642269197287,0.6420598692237431,-9.920249821519247e-05,0.0,0.0,0.0
6.35,-5.047226112140654,0.9732424739261294,1.0,-5.104835033416748,1.1102590560913086,1.0144590139389038,-0.16126112327076078,-0.20117610649218465,0.003900985857622892,-0.9661821524307093,-1.459863710889194,-2.620839168210982,0.0,-1.5678491592407227,-2.696373224258423,0.028486644849181175,5.332400933279731,-2.3835620626643017,-0.6648065514297207,5.106578796020419,-3.0514721001228295,-0.6647320026462471,4.975589863927085,-3.162357452531872,-0.2625286838772911,4.035154730653414,-2.888764517435781,0.03267583184683262,0.0,0.0,0.0,0.2258221372593118,0.667910037458528,-7.454878347359587e-05,0.0,0.0,0.0
6.3666,-5.071013954956836,0.9292521570317412,1.0,-5.138154029846191,1.0587875843048096,1.0147569179534912,-0.15637979908259653,-0.20710520133432972,0.0044605274184535155,-0.9657292423966112,-1.3938782355476118,-2.656520932435255,0.0,-1.49345064163208,-2.7388579845428467,0.04131009802222252,5.384220638514083,-2.208520070603626,-0.7437289265829042,5.179321701142752,-2.8976434530024844,-0.7435721538931923,4.461745235133473,-2.5478488397031698,0.769033885779036,4.161092044605534,-2.7881199782655033,0.2500621881893407,0.0,0.0,0.0,0.2048989373713315,0.6891233823988584,-0.00015677268971190414,0.0,0.0,0.0
6.3833,-5.093689404901653,0.8846910866192522,1.0,-5.1542768478393555,1.032699704170227,1.0149955749511719,-0.15056420833766931,-0.21194104643877268,0.004811104904367126,-0.9656025489699874,-1.3270366299288783,-2.6905341073524798,0.0,-1.449591875076294,-2.7639882564544678,0.0430198535323143,5.541383834139204,-2.2563872749305958,-0.7556804822463766,5.348342882092019,-2.958214716980295,-0.7555104638900058,2.632130950507233,-1.5081629440970683,0.10260891377756157,3.7097147839636806,-2.4102532672992956,0.20653128649827301,0.0,0.0,0.0,0.19304095204718463,0.7018274420496994,-0.00017001835637091777,0.0,0.0,0.0
6.4,-5.115242658466984,0.8395797108563989,1.0,-5.1851091384887695,0.9796162843704224,1.0155203342437744,-0.1453750251287353,-0.21534644857818014,0.005997707277342826,-0.9656376151479485,-1.2593695662845983,-2.7228639877004768,0.0,-1.360548734664917,-2.8125689029693604,0.05035467445850372,5.509181769729829,-2.019855702782162,-0.802830526045924,5.339128039046438,-2.7465709963277267,-0.802597589546959,5.342822809075563,-2.9149666676203827,0.4401085627020686,4.191838122191563,-2.5592538879988833,0.27548756765415994,0.0,0.0,0.0,0.1700537306833911,0.7267152935455649,-0.0002329364989649707,0.0,0.0,0.0
6.4167,-5.135669242639004,0.7939259610499871,1.0,-5.199894428253174,0.9527103304862976,1.0158421993255615,-0.1453750251287353,-0.21534644857818014,0.005997707277342826,-0.9656376151479485,-1.1908889415749808,-2.753503863958506,0.0,-1.3177965879440308,-2.8336687088012695,0.04999755695462227,5.6823768121874805,-2.0707615936622337,-0.8028254232008442,5.522842275291656,-2.808421378196098,-0.8025957789770727,2.56414087971172,-1.265500772178688,-0.021418797903677858,3.7113121458925127,-2.177314321570493,0.1878353818203134,0.0,0.0,0.0,0.1595345368958246,0.7376597845338645,-0.00022964422377143344,0.0,0.0,0.0
6.4333,-5.154937945568397,0.7478002528018391,1.0,-5.228166103363037,0.8981766104698181,1.0163772106170654,-0.1408534717078161,-0.21951068101742396,0.007597517353119366,-0.9653588558918975,-1.1217003792027587,-2.7824069183525957,0.0,-1.230786919593811,-2.87423038482666,0.045895397663116455,5.665039807602374,-1.8574926580717892,-0.781433305461079,5.52587683318179,-2.6164215927633756,-0.7812397986602969,5.22178025154173,-2.4342600409220334,-0.2461861398074089,4.157229938337661,-2.2531693942615,0.059704295785409436,0.0,0.0,0.0,0.139162974420584,0.7589289346915865,-0.00019350680078209404,0.0,0.0,0.0
6.45,-5.173054609880448,0.7011892957009551,1.0,-5.25482177734375,0.8428552150726318,1.0169599056243896,-0.13535617923119925,-0.2254268710213906,0.009245374836198304,-0.9647673670198956,-1.0517839435514327,-2.8095819148206727,0.0,-1.1484456062316895,-2.909984827041626,0.04723630100488663,5.6753111616299385,-1.6599507416732395,-0.792957651503358,5.554145706041164,-2.437878749259773,-0.7927526723375742,4.939423627002288,-2.144808352402746,0.08043701730549199,4.388147811816322,-2.221179234130351,0.06582497412150816,0.0,0.0,0.0,0.12116545558877458,0.7779280075865334,-0.00020497916578374807,0.0,0.0,0.0
6.4667,-5.19000796270782,0.6541176506570029,1.0,-5.267457008361816,0.8148730397224426,1.0172206163406372,-0.12874076247372473,-0.2312626553751106,0.011003909943466847,-0.9642729844868628,-0.9811764759855044,-2.8350119440617294,0.0,-1.0943875312805176,-2.9313371181488037,0.04306802526116371,5.792453839316986,-1.6766347944958662,-0.7698260468824435,5.682426596212887,-2.4660209278109657,-0.7696556475548264,3.2407987078884553,-1.2800766119234452,-0.2498894504952618,4.0494293856053085,-1.9433485390039076,-0.02737969451178964,0.0,0.0,0.0,0.11002724310409882,0.7893861333150997,-0.00017039932761713417,0.0,0.0,0.0
6.4833,-5.205756873134419,0.606704821557338,1.0,-5.291208267211914,0.7582704424858093,1.017703652381897,-0.12388935991382519,-0.23588393614214068,0.012053240030842566,-0.9637764524645559,-0.910057232336007,-2.858635309701629,0.0,-1.002038836479187,-2.9622883796691895,0.04604097455739975,5.741946665029208,-1.482563238666672,-0.7906684446845281,5.649705014263761,-2.2887072432184885,-0.7904737083575926,5.546560414697712,-1.8589655468682877,0.17855848333190136,4.491409829281792,-1.9184371374110492,0.03341701963317063,0.0,0.0,0.0,0.09224165076544745,0.8061440045518166,-0.00019473632693552603,0.0,0.0,0.0
6.5,-5.2203255835946,0.5588825037448012,1.0,-5.313040256500244,0.7009993195533752,1.0183236598968506,-0.1194835232996707,-0.2402437905445698,0.01206432465200092,-0.9632554752701128,-0.8383237556172018,-2.8804883753919004,0.0,-0.9010459184646606,-2.990701198577881,0.05213555321097374,5.637031076166596,-1.2907288189500679,-0.8309466723622597,5.562446022592159,-2.112411263106294,-0.8306969681141216,6.060274403765541,-1.7049658783638784,0.36571692096942643,4.954567326671318,-1.8554165200085473,0.1315180241359536,0.0,0.0,0.0,0.07458505357443689,0.821682444156226,-0.00024970424813803134,0.0,0.0,0.0
6.5167,-5.233703596268855,0.5106764159200015,1.0,-5.323195457458496,0.6721135973930359,1.0186556577682495,-0.1194835232996707,-0.2402437905445698,0.01206432465200092,-0.9632554752701128,-0.7660146238800022,-2.9005553944032822,0.0,-0.8548575639724731,-3.0033137798309326,0.049572717398405075,5.809234870006806,-1.3262862332918344,-0.8178519729824109,5.742100413703449,-2.1549137975350754,-0.8176262148464415,2.7692043797707195,-0.7561822807970496,-0.15365379942251065,4.309408241664031,-1.5309024812836889,0.04733008957900937,0.0,0.0,0.0,0.06713445630335671,0.8286275642432411,-0.00022575813596941463,0.0,0.0,0.0
6.5333,-5.245859129661513,0.46220368617411384,1.0,-5.342110633850098,0.6139435768127441,1.0192029476165771,-0.11411842441340825,-0.24388917157104223,0.010955988976709949,-0.963003142088078,-0.6933055292611707,-2.9187886944922696,0.0,-0.7572233080863953,-3.028748035430908,0.04428640380501747,5.722435133278931,-1.1280576271882605,-0.7895101896298945,5.669759968172916,-1.9707794674822896,-0.7893300128629338,5.862170035501603,-1.5271272331653687,-0.31740160115093907,4.767811903887416,-1.5297879590368717,-0.06034537192646912,0.0,0.0,0.0,0.05267516510601472,0.8427218402940291,-0.00018017676696066063,0.0,0.0,0.0
6.5501,-5.256852553681384,0.41319254972790453,1.0,-5.358880519866943,0.5551871061325073,1.0197046995162964,-0.10953591874700822,-0.24641162357592677,0.009996178795571353,-0.9629036333787439,-0.6197888245918568,-2.935278830522076,0.0,-0.6521425247192383,-3.052424192428589,0.0435325913131237,5.588376350742841,-0.9283170786525392,-0.7881558753786783,5.54930638778484,-1.784265770307282,-0.787981780098287,6.276391301871208,-1.414157956196064,-0.045024618353222634,5.213172115308781,-1.4956518687650169,-0.055822405445795364,0.0,0.0,0.0,0.03906996295800115,0.8559486916547426,-0.00017409528039120364,0.0,0.0,0.0
6.5666,-5.266527330092691,0.3643765360153011,1.0,-5.366499900817871,0.5256395936012268,1.0199639797210693,-0.10482831596587176,-0.24718169918178146,0.009065534233602304,-0.9632394173208302,-0.5465648040229517,-2.949790995139037,0.0,-0.6040464043617249,-3.059840679168701,0.04525059089064598,5.7522939597857325,-0.9600736093568537,-0.8004228357556974,5.718774380000295,-1.8201867576936608,-0.8002347281013732,2.8984159482758622,-0.4469396551724138,0.10353178879310344,4.529813786727281,-1.186052855421745,-0.008778134702095531,0.0,0.0,0.0,0.03351957978543791,0.8601131483368071,-0.00018810765432418006,0.0,0.0,0.0
6.5833,-5.275021053947857,0.3151060717642488,1.0,-5.380237102508545,0.4662337303161621,1.0204694271087646,-0.09931950159454324,-0.24895598667368093,0.008664801997960738,-0.9633699039638199,-0.4726591076463732,-2.9625315809217856,0.0,-0.5034569501876831,-3.0807716846466064,0.03730643540620804,5.639272953878606,-0.7519138749467315,-0.7559673264862147,5.615987610868342,-1.6238345716323421,-0.7558394692042744,6.0364955932009385,-1.2560951181823385,-0.47673844109483204,4.974613794451529,-1.2067306115896865,-0.1469285703174936,0.0,0.0,0.0,0.023285343010264425,0.8719206966856107,-0.00012785728194032102,0.0,0.0,0.0
6.6001,-5.282323251151032,0.2653196712383028,1.0,-5.391805171966553,0.4063108563423157,1.0207301378250122,-0.09266093173254963,-0.25196008759499194,0.008412595256471507,-0.9632545901862941,-0.3979795068574542,-2.9734848767265487,0.0,-0.39816048741340637,-3.0980231761932373,0.028870921581983566,5.495167399511034,-0.5537877415552355,-0.7073531998377837,5.480603613897036,-1.4355008210964046,-0.7072766262047367,6.277830490405117,-1.0285429992892678,-0.5029297707889125,5.3593471827063635,-1.154126371605471,-0.25202663152667515,0.0,0.0,0.0,0.014563785613998246,0.8817130795411692,-7.657363304696103e-05,0.0,0.0,0.0
6.6167,-5.288304070377038,0.2159789890755629,1.0,-5.396805286407471,0.37623047828674316,1.0208399295806885,-0.09266093173254963,-0.25196008759499194,0.008412595256471507,-0.9632545901862941,-0.32396848361334435,-2.982456105565557,0.0,-0.3515017032623291,-3.0997722148895264,0.02799869328737259,5.669631873240166,-0.5850610206384159,-0.7033593682944718,5.658281429872691,-1.4677699517470257,-0.7032873515500749,2.8160866405732867,-0.1055630701931102,-0.052643258770541344,4.6085301860949786,-0.8445713198595565,-0.19316501564934457,0.0,0.0,0.0,0.011350443367475123,0.8827089311086097,-7.201674439686e-05,0.0,0.0,0.0
6.6333,-5.293081309401864,0.16621339931831466,1.0,-5.405322074890137,0.31594154238700867,1.0209373235702515,-0.08200068719184071,-0.2529266623453165,0.007353655687635325,-0.9639761020859521,-0.24932009897747198,-2.989621964102797,0.0,-0.24907465279102325,-3.112834930419922,0.017602503299713135,5.534276796600286,-0.38758564500683884,-0.6421669986157929,5.528577555552982,-1.277749879471534,-0.6421385339016136,6.146596095516067,-0.7838870289295219,-0.6238701641056457,5.062595354633843,-0.8266562080168014,-0.32031704770886593,0.0,0.0,0.0,0.005699241047304733,0.8901642344646952,-2.8464714179321033e-05,0.0,0.0,0.0
6.65,-5.296612363069347,0.11635751646815756,1.0,-5.408732891082764,0.2856740355491638,1.0209417343139648,-0.08200068719184071,-0.2529266623453165,0.007353655687635325,-0.9639761020859521,-0.17453627470223634,-2.9949185446040207,0.0,-0.19274018704891205,-3.120373487472534,0.01907179318368435,5.6541846633025665,-0.3627208998037925,-0.6517026091238028,5.650771928740458,-1.257201893565195,-0.6516691941584134,3.3812320230105466,-0.45246919763598115,0.08818775400323407,4.566226167934976,-0.7161893633303005,-0.1997189637761976,0.0,0.0,0.0,0.0034127345621086103,0.8944809937614023,-3.3414965389494225e-05,0.0,0.0,0.0
6.6666,-5.298897063775015,0.06641180942892894,1.0,-5.413907051086426,0.2249276340007782,1.0209921598434448,-0.07650028638514615,-0.2525360084748251,0.0064726179663635725,-0.964536908052238,-0.0996177141433934,-2.998345595662522,0.0,-0.09036223590373993,-3.1264398097991943,0.01702219434082508,5.510933188679241,-0.18314611345948548,-0.6403569417672236,5.510183066692066,-1.0811084113635905,-0.6403303229320206,6.142155740870535,-0.3639484487419719,-0.12296549362761225,5.0314693819983445,-0.6122014072426233,-0.17705993652288718,0.0,0.0,0.0,0.0007501219871751263,0.897962297904105,-2.6618835202910296e-05,0.0,0.0,0.0
6.6833,-5.299932339495236,0.016451062005588376,1.0,-5.416941165924072,0.16396094858646393,1.0207914113998413,-0.0701570855854914,-0.25327924180653444,0.00542501589977683,-0.9648306715863589,-0.024676593008382562,-2.999898509242854,0.0,0.012248714454472065,-3.1366302967071533,-0.0009632473229430616,5.3591871992209725,0.03366311679512287,-0.5321333381852617,5.359200982069371,-0.8701624547987985,-0.5321334234233263,6.158953613120537,-0.6116572933213126,-1.0795290418023924,5.364323334675902,-0.6120407748679826,-0.44348531132629454,0.0,0.0,0.0,-1.3782848398316787e-05,0.9038255715939214,8.52380645537541e-08,0.0,0.0,0.0
6.7,-5.299718171614,-0.03357430739063673,1.0,-5.417992115020752,0.10292180627584457,1.0204429626464844,-0.06606764009475212,-0.2539126457193804,0.004590002537078981,-0.9649572807192857,0.05036146108595509,-2.999577257421,0.0,0.10612483322620392,-3.1328744888305664,-0.0017415034817531705,5.253974312797712,0.1784061422577865,-0.5264031838632525,5.255008959314592,-0.7232562398415933,-0.5264034624796372,5.630961465409367,0.22528423310690024,-0.04668205820410261,5.443039784360394,-0.3648471282634461,-0.3263417384130156,0.0,0.0,0.0,-0.0010346465168803375,0.9016623820993798,2.786163847632464e-07,0.0,0.0,0.0
6.7167,-5.298253276881183,-0.08356938095746476,1.0,-5.41769552230835,0.07235518842935562,1.0202631950378418,-0.060194645342153075,-0.25381718310750323,0.004177595624399856,-0.9653683389328125,0.12535407143619715,-2.997379915321775,0.0,0.16506679356098175,-3.1384358406066895,-0.0020805965177714825,5.354815123966964,0.23770527270592723,-0.5241454683504833,5.357318219290411,-0.6671611397129503,-0.524145866030431,3.535256685256685,-0.33356213356213354,-0.02033832800434363,4.879827343902512,-0.3556112260145394,-0.23600393866750363,0.0,0.0,0.0,-0.0025030953234468126,0.9048664124188776,3.9767994776887766e-07,0.0,0.0,0.0
6.7333,-5.295540462151067,-0.13348507001873175,1.0,-5.41542387008667,0.011197728104889393,1.0199123620986938,-0.060194645342153075,-0.25381718310750323,0.004177595624399856,-0.9653683389328125,0.2002276050280976,-2.9933106932266007,0.0,0.2633593678474426,-3.1316449642181396,-0.0026191873475909233,5.21240054252084,0.38748357441633713,-0.5198233800117157,5.218772245176859,-0.513471215628722,-0.5198240102301274,5.89865703513993,0.40752875865621246,-0.0323214913276913,5.180604490467214,-0.13031835420991283,-0.17587315739651718,0.0,0.0,0.0,-0.00637170265601869,0.9009547900450591,6.302184116355572e-07,0.0,0.0,0.0
6.7501,-5.291553999329493,-0.1836100970935405,1.0,-5.411177635192871,-0.049783118069171906,1.019502878189087,-0.047573339550368625,-0.24913385691110904,0.0029110828266474984,-0.9672955457278216,0.2754151456403108,-2.9873309989942403,0.0,0.36321088671684265,-3.124939441680908,-0.01071590930223465,5.056153233707007,0.5479459921841653,-0.469849388136098,5.068272481724369,-0.3491546542511932,-0.46985993725085634,5.957518954750423,0.4000768147484317,-0.4830810293354102,5.409963840417189,0.026263993991223575,-0.2665665362003572,0.0,0.0,0.0,-0.012119248017362479,0.8971006464353585,1.0549114758358994e-05,0.0,0.0,0.0
6.7667,-5.28637484436482,-0.23305573941577915,1.0,-5.408252716064453,-0.08025315403938293,1.0192373991012573,-0.047573339550368625,-0.24913385691110904,0.0029110828266474984,-0.9672955457278216,0.3495836091236687,-2.9795622665472306,0.0,0.41286545991897583,-3.123732566833496,-0.011045247316360474,5.204874793577166,0.6011590834136189,-0.46718368816438327,5.220534191554225,-0.2952487629500171,-0.4671948956669732,2.9957333036061047,0.07281253146531264,-0.01986944592281469,4.69723885972933,0.040005973046832,-0.1937370461318323,0.0,0.0,0.0,-0.015659397977058672,0.896407846363636,1.120750258994967e-05,0.0,0.0,0.0
6.7833,-5.279929971935665,-0.2826257352592515,1.0,-5.4008965492248535,-0.14104707539081573,1.0188254117965698,-0.04065481846347196,-0.24735333168562995,0.0027998994402757727,-0.9680680131673293,0.42393860288887725,-2.9698949579034988,0.0,0.507977306842804,-3.1094472408294678,-0.004747345112264156,5.063291539767375,0.7387444004981677,-0.5035384266472681,5.086996901180728,-0.14948336175154853,-0.5035404970725733,5.709002962348126,0.8574638293000558,0.3780259084713139,4.995930115392159,0.2813344733402603,-0.024942171506547733,0.0,0.0,0.0,-0.02370536141335304,0.8882277622497162,2.0704253051590053e-06,0.0,0.0,0.0
6.8,-5.272233313266111,-0.33210805175933156,1.0,-5.3964715003967285,-0.17138153314590454,1.0186238288879395,-0.04065481846347196,-0.24735333168562995,0.0027998994402757727,-0.9680680131673293,0.49816207763899734,-2.958349969899166,0.0,0.5561380386352539,-3.103911876678467,-0.008407720364630222,5.220783464571165,0.7877137711557387,-0.48119033309099335,5.2491968616263325,-0.0973544019655822,-0.48119682712377093,2.8837064055161385,0.33143942097674484,-0.21917124530685664,4.372363069960646,0.2961263696782752,-0.0822821441241579,0.0,0.0,0.0,-0.028413397055167905,0.8850681731213209,6.494032777579258e-06,0.0,0.0,0.0
6.8167,-5.263325012738296,-0.3812543696223962,1.0,-5.386120796203613,-0.231893852353096,1.0181540250778198,-0.027331504226177927,-0.2425679363588545,0.002483882370141109,-0.9697462163813361,0.5718815544335943,-2.9449875191074435,0.0,0.6465635895729065,-3.0909669399261475,-0.006498949136584997,5.09533505051202,0.9551422275358057,-0.49089822666248095,5.133739402981887,0.077441055037058,-0.4909021067742379,5.433154984457146,0.7777873279184035,0.11468716313371152,4.685528231798095,0.4383214881333831,-0.02413320450511971,0.0,0.0,0.0,-0.03840435246986746,0.8777011724987477,3.8801117569685485e-06,0.0,0.0,0.0
6.8333,-5.253187149664708,-0.4301859579119858,1.0,-5.373995780944824,-0.2921071946620941,1.0177333354949951,-0.021666040555646537,-0.2405387974107218,0.002707344960945862,-0.9703939291492515,0.6452789368679787,-2.9297807244970624,0.0,0.735392153263092,-3.0784103870391846,-0.011863041669130325,4.97201424687348,1.1352486266821344,-0.4572009705682524,5.021695888946381,0.2646640077354435,-0.45721389912572125,5.3329993415590735,0.7538576049926999,-0.32204395473397557,4.8766735375856225,0.5314735170576517,-0.11208190305154261,0.0,0.0,0.0,-0.04968164207290116,0.8705846189466909,1.2928557468851594e-05,0.0,0.0,0.0
6.85,-5.241820724260944,-0.4788864947257335,1.0,-5.359942436218262,-0.3520480692386627,1.017285943031311,-0.021666040555646537,-0.2405387974107218,0.002707344960945862,-0.9703939291492515,0.7183297420886003,-2.912731086391417,0.0,0.8270658850669861,-3.055703639984131,-0.008749101310968399,4.823236805684159,1.2649693837978135,-0.4742239880742011,4.886077094618624,0.40718048477127333,-0.47423102017114954,5.499091845198936,1.3620748834415493,0.1867911744515317,5.060422798275296,0.7766822217728286,-0.023849107904784804,0.0,0.0,0.0,-0.06284028893446506,0.8577888990265402,7.032096948462239e-06,0.0,0.0,0.0
6.8666,-5.229244731264922,-0.5272710563709511,1.0,-5.35221529006958,-0.38179507851600647,1.0170831680297852,-0.015465628010390609,-0.23925116904186547,0.0025063887872459,-0.9708313291430974,0.7909065845564266,-2.893867096897383,0.0,0.869805634021759,-3.0383095741271973,-0.00835453998297453,5.0002568309323205,1.287042177005908,-0.4761468379669088,5.069759645389982,0.43899111407090374,-0.4761532501075898,2.564754274268546,1.0437942628228056,0.02367708929465627,4.32365583528033,0.8555385784446756,-0.009818505829027196,0.0,0.0,0.0,-0.06950281445766134,0.8480510629350042,6.4121406809847615e-06,0.0,0.0,0.0
6.8833,-5.215459632248901,-0.5753385066418758,1.0,-5.335455417633057,-0.44079795479774475,1.0166761875152588,-0.008579064771377336,-0.2389723676389659,0.0018535762506606953,-0.9709867245735572,0.8630077599628136,-2.8731894483733518,0.0,0.9473071694374084,-3.006953477859497,-0.012443782761693,4.923964459101879,1.3835578187765019,-0.4501324067718008,5.006404767326055,0.552920619948528,-0.4501466321165435,4.649630964641263,1.8811791967044285,-0.24533023434818058,4.419889651494657,1.158326435153435,-0.07934587266545812,0.0,0.0,0.0,-0.0824403082241757,0.8306371988279738,1.4225344742736433e-05,0.0,0.0,0.0
6.9,-5.200477127349575,-0.623046297173098,1.0,-5.326506614685059,-0.4701170027256012,1.0164096355438232,0.0015003856601393509,-0.23715686052922277,0.0010411957456132122,-0.9714696853106435,0.934569445759647,-2.850715691024362,0.0,0.9840115904808044,-2.9969890117645264,-0.01819162257015705,5.131666831476864,1.471463052379068,-0.41485970493978697,5.220619378173956,0.6463218762266535,-0.4148901068472224,2.2018263991189806,0.597748823638782,-0.3448016633533088,3.765076838629633,0.99283367824855,-0.15771327395820528,0.0,0.0,0.0,-0.08895254669709167,0.8251411761524144,3.0401907435393028e-05,0.0,0.0,0.0
6.9167,-5.184304185115321,-0.6703713433291175,1.0,-5.307320594787598,-0.5284520983695984,1.0158908367156982,0.008213567301090945,-0.2326789159256222,0.001135646833126083,-0.972518256754746,1.0055570149936763,-2.826456277672982,0.0,1.0649234056472778,-2.971025228500366,-0.006095368415117264,5.022717734995687,1.620402405139861,-0.4853730889056044,5.126900217858077,0.8094961736894988,-0.4853765020752849,4.853255584475017,1.5573606383891543,0.7255579782555844,4.0863270936454725,1.159492355052236,0.10304454373046865,0.0,0.0,0.0,-0.10418248286239044,0.8109062314503621,3.41316968052404e-06,0.0,0.0,0.0
6.9333,-5.166965288746912,-0.717245153775305,1.0,-5.2865800857543945,-0.5861343145370483,1.0157597064971924,0.012920337681969285,-0.2284795514539665,0.0014908183255273985,-0.9734618825460565,1.0758677306629574,-2.8004479331203678,0.0,1.1439390182495117,-2.940004587173462,0.011002670973539352,4.916460210558381,1.7476527984047328,-0.5878306966013872,5.036676606955628,0.9535916005217878,-0.5878195753358496,4.743655621555858,1.862305875617262,1.0264706934802834,4.280382489440165,1.3669757520328414,0.3756568211049559,0.0,0.0,0.0,-0.12021639639724661,0.7940611978829449,-1.1121265537640554e-05,0.0,0.0,0.0
6.95,-5.148458385014451,-0.7636763705063595,1.0,-5.275549411773682,-0.6147595047950745,1.0158660411834717,0.012920337681969285,-0.2284795514539665,0.0014908183255273985,-0.9734618825460565,1.1455145557595392,-2.772687577521677,0.0,1.1858772039413452,-2.9295923709869385,0.027591660618782043,5.080570207788735,1.86470054035808,-0.6884250165634432,5.209762736829844,1.0762538208861043,-0.68835507849439,2.5170496823307196,0.624921298151222,0.9956394256911453,3.7598144153765363,1.1479077143090264,0.558687017742336,0.0,0.0,0.0,-0.12919252904110864,0.7884467194719756,-6.993806905316147e-05,0.0,0.0,0.0
6.9666,-5.12878681683104,-0.8096534929122393,1.0,-5.252204895019531,-0.6715311408042908,1.016538143157959,0.019021789426921634,-0.2280183384907118,0.001690805121711572,-0.973469595419334,1.214480239368359,-2.7431802252465607,0.0,1.2696574926376343,-2.8866171836853027,0.05677945166826248,4.9311143605089365,1.9390119280037739,-0.8674637013656513,5.07920619682799,1.173527529445578,-0.8671675318556814,5.025384340364677,2.577776188773686,1.7507682338219521,4.133433788751603,1.5700310224646419,0.9106111810539972,0.0,0.0,0.0,-0.14809183631905323,0.7654843985581957,-0.0002961695099699673,0.0,0.0,0.0
6.9833,-5.107967885149564,-0.8551328120636073,1.0,-5.239846706390381,-0.6996570229530334,1.0171054601669312,0.02663328899703441,-0.22884478550644977,0.001451832490654828,-0.9730974387469827,1.2826992180954109,-2.7119518277243464,0.0,1.315216064453125,-2.876821994781494,0.0703856348991394,5.06473674815822,2.0805802012664865,-0.9525077874835836,5.223647092302053,1.3202820412565188,-0.9520526673760493,2.73246153406166,0.5874849854144025,0.816056579963393,3.7198411728256078,1.2799654737923272,0.8826969345855281,0.0,0.0,0.0,-0.15891034414383273,0.7602981600099677,-0.0004551201075342348,0.0,0.0,0.0
7.0,-5.086017839694607,-0.900077927899916,1.0,-5.213827610015869,-0.7557135820388794,1.018579125404358,0.03084854283057871,-0.22568682751464977,0.0008608072339865853,-0.9737110547144529,1.350116891849874,-2.6790267595419115,0.0,1.3938360214233398,-2.8495752811431885,0.09121384471654892,4.929921145077307,2.268927090376537,-1.0854649065043565,5.108397762521478,1.5229624735872473,-1.084700579010032,4.715448084540475,1.6341965651856831,1.2492291508772932,4.01376253041972,1.384540966448406,0.9909039441460523,0.0,0.0,0.0,-0.17847661744417095,0.7459646167892896,-0.000764327494324609,0.0,0.0,0.0
7.0167,-5.062977044052512,-0.9444108968790372,1.0,-5.186061859130859,-0.8111127018928528,1.02066969871521,0.034682388758523676,-0.22145241793845727,-0.00010587288345931141,-0.9745543288594588,1.4166163453185558,-2.6444655660787677,0.0,1.4865082502365112,-2.802410125732422,0.12839099764823914,4.699467988326831,2.346163080718946,-1.3196692265691614,4.90246638433438,1.6246879832090202,-1.3181548736274376,5.564000343549149,2.831775433372937,2.2321001052119267,4.471421067405876,1.8117910329859845,1.357327736918558,0.0,0.0,0.0,-0.20299839600754888,0.7214750975099257,-0.0015143529417238524,0.0,0.0,0.0
7.0333,-5.038823300500695,-0.9881768716357764,1.0,-5.156270980834961,-0.8657720685005188,1.023348331451416,0.042636299862651085,-0.22412248401189516,-0.001685831793587214,-0.9736264659894915,1.4822653074536647,-2.6082349507510427,0.0,1.581512689590454,-2.7585222721099854,0.15208598971366882,4.442761127782499,2.4511198293833956,-1.4760106752823536,4.672536416432399,1.7520654704999568,-1.4738857856615415,5.699864110999857,2.6330853955085107,1.4215991989701044,4.834079906804926,2.054252140052049,1.3763018472410857,0.0,0.0,0.0,-0.22977528864990004,0.6990543588834387,-0.002124889620812171,0.0,0.0,0.0
7.05,-5.013581810941927,-1.031327967820607,1.0,-5.140707015991211,-0.8927776217460632,1.0248764753341675,0.042636299862651085,-0.22412248401189516,-0.001685831793587214,-0.9736264659894915,1.5469919517309108,-2.5703727164128916,0.0,1.6138489246368408,-2.739837646484375,0.16244754195213318,4.630815333653955,2.58023995053072,-1.5466494249753997,4.870082834216485,1.8906234949647063,-1.5442251367783792,1.9413423414396749,1.1217525728926614,0.6220674749151912,3.980090905351365,1.7789612240184085,1.153638074973443,0.0,0.0,0.0,-0.23926750056253,0.6896164555660139,-0.0024242881970205146,0.0,0.0,0.0
7.0666,-4.987259327956044,-1.0738509953551836,1.0,-5.108853816986084,-0.9462059736251831,1.0279743671417236,0.052806113137375134,-0.23102928827490582,-0.0029836596997831594,-0.9715082075301824,1.6107764930327755,-2.5308889919340665,0.0,1.647932529449463,-2.6933250427246094,0.15606297552585602,4.724169228370985,2.6861417805322794,-1.5247643636474923,4.973649846676931,2.019741000213103,-1.5225268910534444,2.0441409880603416,2.7895617358976192,-0.38291002359333665,3.408563105344138,2.077308966427324,0.7000209919406349,0.0,0.0,0.0,-0.24948061830594648,0.6664007803191762,-0.0022374725940478577,0.0,0.0,0.0
7.0833,-4.959891428007145,-1.1156883288931554,1.0,-5.076135635375977,-0.9988411664962769,1.0308730602264404,0.05936966819775698,-0.22878626987564846,-0.003786852191855246,-0.9716571966396685,1.673532493339733,-2.4898371420107175,0.0,1.6919171810150146,-2.6510446071624756,0.1421523541212082,4.750405206659507,2.8249464472786503,-1.4568230250122416,5.0133812335885874,2.1793040681033364,-1.45496664847385,2.639534717353669,2.537264103701372,-0.8347813801095961,3.1815318692539405,2.2130961298039997,0.24691927928311722,0.0,0.0,0.0,-0.26297602692908056,0.6456423791753138,-0.0018563765383915664,0.0,0.0,0.0
7.1,-4.931468983484825,-1.156853039900484,1.0,-5.059381484985352,-1.0248183012008667,1.0322139263153076,0.06409781229918642,-0.220316834325604,-0.005813736283592643,-0.9733027360460793,1.735279559850726,-2.447203475227238,0.0,1.7208149433135986,-2.6228907108306885,0.13478516042232513,4.944025247761371,2.9263057947828437,-1.4203986810189382,5.216061194912241,2.2943039462251424,-1.418729735659621,1.7327519656897785,1.6881486776268764,-0.44174767691208006,2.7538255615735463,2.0581220471676,0.0436122066690339,0.0,0.0,0.0,-0.27203594715086976,0.6320018485577011,-0.0016689453593172739,0.0,0.0,0.0
7.1167,-4.902035752915243,-1.1972808552638305,1.0,-5.0250725746154785,-1.076035499572754,1.0346671342849731,0.07121260072288617,-0.21955996122004534,-0.00744970835539153,-0.9729680057752058,1.7959212828957458,-2.403053629372865,0.0,1.7629706859588623,-2.57411527633667,0.11401672661304474,4.966388984795978,3.041440603854127,-1.3092099194804665,5.251916614882663,2.4327256898415537,-1.3080156699058179,2.5288405154535964,2.9259428767573907,-1.2458577067749825,2.6874058637833325,2.3143186177017854,-0.3370628801314596,0.0,0.0,0.0,-0.285527630086684,0.6087149140125733,-0.0011942495746486077,0.0,0.0,0.0
7.1333,-4.8716195397277335,-1.2369365474210825,1.0,-4.989901065826416,-1.126413106918335,1.0364923477172852,0.0781099746285425,-0.2255101900725406,-0.007596674416149016,-0.971074811486945,1.8554048211316236,-2.3574293095916,0.0,1.8009607791900635,-2.5371482372283936,0.0762096643447876,5.00510695421263,3.2343781432853533,-1.0927093448276115,5.303072787908181,2.6430212777632973,-1.0921757912255652,2.280680159161824,2.219262588383477,-2.26969216070764,2.5673330018293443,2.286256340455618,-0.9076103674873591,0.0,0.0,0.0,-0.29796583369555024,0.5913568655220559,-0.0005335536020462181,0.0,0.0,0.0
7.15,-4.840205534370402,-1.2758396889479429,1.0,-4.9720258712768555,-1.1513657569885254,1.0371229648590088,0.0781099746285425,-0.2255101900725406,-0.007596674416149016,-0.971074811486945,1.9137595334219144,-2.310308301555603,0.0,1.8205270767211914,-2.517829179763794,0.05932361260056496,5.237047208271267,3.4168946865733405,-0.9957836749640171,5.5415226321038915,2.834509280791228,-0.9954603694297164,1.1738614257924247,1.1590284929625816,-1.0130626269453027,2.155954723335757,1.9534780769114528,-0.938741801888371,0.0,0.0,0.0,-0.30447542383262394,0.5823854057821125,-0.00032330553430073806,0.0,0.0,0.0
7.1667,-4.807834896018793,-1.3139383266911717,1.0,-4.935553550720215,-1.2007334232330322,1.0380264520645142,0.0823657263151497,-0.22938182591853165,-0.006543677552952856,-0.9698232186735655,1.9709074900367576,-2.2617523440281895,0.0,1.867066502571106,-2.4807119369506836,0.03760211914777756,5.209484444155549,3.6257075216174077,-0.871239552408739,5.5297258864143375,3.060366328146034,-0.8711096603497958,2.792687812066326,2.2272915861911096,-1.303440017096585,2.3439299690503823,2.0343128294911272,-1.0464073808079828,0.0,0.0,0.0,-0.320241442258789,0.5653411934713738,-0.00012989205894321622,0.0,0.0,0.0
7.1833,-4.774511469282348,-1.3512275629792387,1.0,-4.9168901443481445,-1.2251046895980835,1.0382976531982422,0.08660647372368703,-0.2303061326481559,-0.006681539894431985,-0.9692336264097465,2.026841344468858,-2.211767203923521,0.0,1.899393916130066,-2.4526758193969727,0.02554997242987156,5.351819101682688,3.7746099717405186,-0.8015596119655731,5.683246222257006,3.2219751361255016,-0.8014996413053312,1.9391196155826327,1.6817115725644987,-0.7229330013657685,2.224422553764912,1.9302184937590086,-0.9509118316772455,0.0,0.0,0.0,-0.33142712057431795,0.5526348356150169,-5.9970660241893144e-05,0.0,0.0,0.0
7.2,-4.740281511423626,-1.3876559976634255,1.0,-4.878681659698486,-1.2731837034225464,1.0385578870773315,0.09883083522783982,-0.23344368629692056,-0.009316392275939042,-0.9672898980501211,2.0814839964951384,-2.1604222671354383,0.0,1.9478949308395386,-2.412332773208618,0.0025910784024745226,5.294065058427332,3.978930728713322,-0.6663924030859937,5.642634261338768,3.444326496367748,-0.6663917863219215,2.910688224352554,2.42110459293175,-1.3778306060192802,2.427020722978025,2.0751370424304056,-1.0769460568925904,0.0,0.0,0.0,-0.3485692029114354,0.5346042323455743,-6.16764072169797e-07,0.0,0.0,0.0
7.2166,-4.705151838197608,-1.4232175910976796,1.0,-4.859274387359619,-1.2969307899475098,1.0384984016418457,0.09883083522783982,-0.23344368629692056,-0.009316392275939042,-0.9672898980501211,2.1348263866465196,-2.107727757296413,0.0,1.956547737121582,-2.390713691711426,-0.007116612046957016,5.5643403321618266,4.184220534924874,-0.6091315246038823,5.9160131940046154,3.659155503257883,-0.6091361772984265,0.5194066377570735,1.2977401857656032,-0.5827287347446438,1.8638581785074928,1.8456352814324335,-0.9310440703123155,0.0,0.0,0.0,-0.3516728618427889,0.5250650316669908,4.652694544203971e-06,0.0,0.0,0.0
7.2333,-4.66912614593406,-1.4579072660905932,1.0,-4.819917678833008,-1.3439120054244995,1.0379226207733154,0.10930875250189062,-0.23865900055193134,-0.012030269998404017,-0.9648568869261327,2.1868608991358895,-2.0536892189010896,0.0,1.9952826499938965,-2.354569435119629,-0.0397816002368927,5.548939560979686,4.429194772093515,-0.4115274463430444,5.91467480310897,3.9198862270419284,-0.41167283229895024,2.3228675188012926,2.1675102227559977,-1.9588643536787624,1.9993661253287474,1.940658647196734,-1.2344754039995107,0.0,0.0,0.0,-0.3657352421292844,0.5093085450515871,0.00014538595590587623,0.0,0.0,0.0
7.25,-4.632277405561267,-1.4916557627787106,1.0,-4.77979040145874,-1.3899285793304443,1.0367417335510254,0.11409317318279423,-0.24148651144633776,-0.014734875414196604,-0.9635610820686653,2.2374836441680657,-1.9984161083419019,0.0,2.0340001583099365,-2.303485155105591,-0.06250588595867157,5.523525384355531,4.589908044497429,-0.27050112567361906,5.903592174718109,4.10245948191122,-0.2708600474338938,2.3247487617029803,3.067297506227274,-1.3644538966988289,2.0954250267840795,2.273263030581504,-1.27284743073285,0.0,0.0,0.0,-0.3800667903625787,0.4874485625862093,0.0003589217602747541,0.0,0.0,0.0
7.2667,-4.594523458019796,-1.5245356724709556,1.0,-4.738797664642334,-1.4347463846206665,1.0353038311004639,0.12114137485420284,-0.24353423188630774,-0.01823361174963142,-0.9621244224434744,2.2868035087064333,-1.9417851870296947,0.0,2.075592517852783,-2.239187002182007,-0.06519322097301483,5.47115871272573,4.676074916845668,-0.24836638301555125,5.866928057101021,4.215459269008275,-0.24875683068567342,2.491338560187367,3.8513916855890207,-0.1609685389086443,2.2123059381744405,2.739155453866349,-0.94460045944344,0.0,0.0,0.0,-0.3957693443752918,0.4606156478373921,0.0003904476701221652,0.0,0.0,0.0
7.2833,-4.556034046897086,-1.5563992010520082,1.0,-4.718044757843018,-1.4565954208374023,1.0346239805221558,0.1320023595660131,-0.24582095656747088,-0.021842899268710345,-0.9600366361556388,2.3345988015780126,-1.8840510703456284,0.0,2.089543104171753,-2.1995551586151123,-0.06130792200565338,5.679006079738395,4.80464711357859,-0.26943203189155496,6.080113436366141,4.360192239551983,-0.2697773275763748,0.8377790186561287,2.38002376759303,0.23332510058273556,1.8065204685470675,2.6331332160308336,-0.5968553045294768,0.0,0.0,0.0,-0.4011073566277465,0.44445487402660705,0.0003452956848198308,0.0,0.0,0.0
7.3,-4.516736235181016,-1.5873099678378912,1.0,-4.675963878631592,-1.4990394115447998,1.0333168506622314,0.13971398951147565,-0.2466285955520609,-0.02394295028946268,-0.9586872205068655,2.380964951756837,-1.8251043527715236,0.0,2.1219136714935303,-2.11981201171875,-0.052583951503038406,5.663297650866766,4.805612876348383,-0.316350639143551,6.0769289370758095,4.392800550627894,-0.31660465708721225,1.9424581884773309,4.7851409931756725,0.5234986390689157,1.84665176807906,3.2684452452754114,-0.26610634305313774,0.0,0.0,0.0,-0.41363128620904327,0.41281232572048904,0.00025401794366124186,0.0,0.0,0.0
7.3167,-4.476680339592317,-1.6172270645821232,1.0,-4.654721736907959,-1.519610047340393,1.032725214958191,0.13971398951147565,-0.2466285955520609,-0.02394295028946268,-0.9586872205068655,2.4258405968731847,-1.765020509388475,0.0,2.1412084102630615,-2.082237482070923,-0.05280783772468567,5.823693659232342,4.959622856586705,-0.3131400607747571,6.244881514073528,4.561315361924093,-0.31339624638310815,1.1576026319553712,2.2543126877413817,-0.013432225361178659,1.6432318689647731,2.96905477843205,-0.19151232524645498,0.0,0.0,0.0,-0.42118785484118576,0.3983074946626117,0.00025618560835106535,0.0,0.0,0.0
7.3333,-4.435899171619369,-1.646126687686713,1.0,-4.611885070800781,-1.559396505355835,1.0317109823226929,0.14975848966886468,-0.24746072185563572,-0.026534602151246076,-0.9568864121105406,2.4691900315300694,-1.7038487574290548,0.0,2.164823532104492,-1.9944003820419312,-0.039443355053663254,5.8429959186215505,4.917644378815854,-0.38931225076238773,6.273525462278974,4.552232504549251,-0.3894551749250125,1.4176793049651482,5.273097456596104,0.802305854337527,1.5766446295236423,3.649250289283124,0.10188096592897808,0.0,0.0,0.0,-0.43052954365742285,0.3654118742666029,0.00014292416262476763,0.0,0.0,0.0
7.35,-4.394408551728086,-1.6739981845582848,1.0,-4.568498134613037,-1.5973354578018188,1.0309945344924927,0.15772044028434554,-0.24973826379217953,-0.027856327320547665,-0.9549759797612387,2.5109972768374273,-1.641612827592129,0.0,2.187401294708252,-1.9028074741363525,-0.026292817667126656,5.858438123281204,4.8532732560658625,-0.4656661348461887,6.297994807041062,4.520653794809796,-0.46572964339922124,1.354996565934066,5.4969164949633695,0.7892249250586653,1.5112100699682622,4.194715124012828,0.3047974656281768,0.0,0.0,0.0,-0.4395566837598575,0.33261946125606606,6.350855303254572e-05,0.0,0.0,0.0
7.3667,-4.352176000054978,-1.7008602720118737,1.0,-4.52472448348999,-1.6334911584854126,1.0304888486862183,0.16286431563113038,-0.2519445880914521,-0.028603338063554747,-0.9535098594889388,2.5512904080178105,-1.5782640000824684,0.0,2.192265272140503,-1.8155173063278198,-0.019599176943302155,5.971163321394086,4.815408906865487,-0.5043169781256017,6.412677003946823,4.512606903036455,-0.5043522666603608,0.29151365331580525,5.231577668862438,0.4011711996127631,1.1511333947092677,4.500815898560246,0.33324875337624327,0.0,0.0,0.0,-0.44151368255273676,0.3028020038290323,3.52885347590671e-05,0.0,0.0,0.0
7.3833,-4.30936352006506,-1.726610924430247,1.0,-4.502754211425781,-1.6509524583816528,1.0302904844284058,0.16779961412716887,-0.25466126067680894,-0.029389966844162077,-0.9519071834274635,2.5899163866453705,-1.5140452800975894,0.0,2.1917531490325928,-1.7655497789382935,-0.013630034402012825,6.217095161773789,4.916148430954885,-0.5401487839870504,6.658402589224024,4.629784779075506,-0.5401658507777496,-0.030755133014518484,3.0007588557028724,0.35847195723919706,0.8022182992976264,4.057971642139979,0.3406951041749766,0.0,0.0,0.0,-0.44130742745023516,0.2863636518793787,1.7066790699231546e-05,0.0,0.0,0.0
7.4,-4.265854806747594,-1.7513207850883767,1.0,-4.4585862159729,-1.6847604513168335,1.030015468597412,0.1711443195363646,-0.2585398507528043,-0.029355575015777187,-0.9502658165590553,2.6269811776325653,-1.4487822101213907,0.0,2.2124695777893066,-1.6968679428100586,-0.007352143060415983,6.217209493404339,4.995613312571156,-0.5774424978593095,6.666898814056494,4.731096032335582,-0.5774474636208059,1.2418322138059168,4.117085893954552,0.3763239211894383,0.932000361926119,4.07542324973938,0.35121338216515785,0.0,0.0,0.0,-0.44968932065215467,0.26451728023557436,4.965761496424931e-06,0.0,0.0,0.0
7.4167,-4.22179361886357,-1.774907469200128,1.0,-4.414057731628418,-1.7171308994293213,1.0298638343811035,0.17155669747308536,-0.26208261737404287,-0.028951934647588353,-0.9492327551552048,2.662361203800192,-1.382690428295355,0.0,2.226320505142212,-1.623537302017212,-0.00796007364988327,6.248113046573356,5.048206461814448,-0.5740318047124481,6.703450454736541,4.806057561461452,-0.5740376256391495,0.8313894414471142,4.401605678549451,-0.03649048618465303,0.9022981792795088,4.171718264540019,0.23675611395115304,0.0,0.0,0.0,-0.4553374081631851,0.24214890035299663,5.8209267013958615e-06,0.0,0.0,0.0
7.4333,-4.177143979474926,-1.7973921217338442,1.0,-4.391580581665039,-1.732798457145691,1.0297577381134033,0.17155669747308536,-0.26208261737404287,-0.028951934647588353,-0.9492327551552048,2.696088182600766,-1.3157159692123896,0.0,2.2455062866210938,-1.5878502130508423,-0.012138532474637032,6.349333241819734,5.251359624789251,-0.5494220258265875,6.8125523958147465,5.019739110379921,-0.5494355618260234,1.1516916647584154,2.1422386649874054,-0.25082617590021755,0.9759236944949767,3.572578792835653,0.09281291017696718,0.0,0.0,0.0,-0.46321915399501257,0.23162051440933093,1.353599943592753e-05,0.0,0.0,0.0
7.45,-4.131965824578094,-1.8187448602632783,1.0,-4.3461480140686035,-1.7628364562988281,1.0295846462249756,0.17495216876131245,-0.2668248174494507,-0.03051107301455187,-0.9472409372414284,2.7281172903949176,-1.2479487368671411,0.0,2.2640700340270996,-1.5047577619552612,-0.011676197871565819,6.330770455676108,5.249946924459374,-0.5523162482965779,6.801680194206355,5.041933605743186,-0.5523287728096647,1.1143679065706802,4.987977844885575,0.027753601279500793,1.0167949563208405,3.990430463028835,0.07360621306561313,0.0,0.0,0.0,-0.4709097385302475,0.20801331871618856,1.2524513086810022e-05,0.0,0.0,0.0
7.4667,-4.086205835401961,-1.8389889571120064,1.0,-4.300086498260498,-1.791252613067627,1.0293635129928589,0.17973320715762303,-0.27035357814609345,-0.03389778302664479,-0.9452279616096996,2.7584834356680097,-1.1793087531029416,0.0,2.294905424118042,-1.4192051887512207,-0.013792420737445354,6.227055621796275,5.234084503668804,-0.5394930078866912,6.710879772994992,5.0490518662822295,-0.5395104837625967,1.8482743837084674,5.128024294390854,-0.1268464741872097,1.262262880693123,4.326268954475921,0.014428916004409958,0.0,0.0,0.0,-0.4838241511987169,0.18503263738657458,1.7475875905508404e-05,0.0,0.0,0.0
7.4833,-4.0399975775882515,-1.8580644728220599,1.0,-4.276762008666992,-1.8048439025878906,1.0292465686798096,0.18164273334968187,-0.27292223890201417,-0.03647160677150804,-0.9440282094199884,2.78709670923309,-1.1099963663823778,0.0,2.3121731281280518,-1.376780390739441,-0.011506518349051476,6.309524354152205,5.410022035060104,-0.5535983343194323,6.80065683572386,5.2358865411481466,-0.5536104974628393,1.0363300756936198,2.546145921272912,0.13718959937112768,1.195563387158954,3.800744098785262,0.05067011349888882,0.0,0.0,0.0,-0.4911324815716547,0.17413549391195762,1.2163143406967088e-05,0.0,0.0,0.0
7.5,-3.9933108901023457,-1.8759850771436037,1.0,-4.229739665985107,-1.8306045532226562,1.029075264930725,0.18379778073938483,-0.2759184636310097,-0.03842785274514118,-0.9426615135633257,2.8139776157154057,-1.0399663351535184,0.0,2.3482723236083984,-1.2881553173065186,-0.01118501741439104,6.1514327314541655,5.377216847848743,-0.5556402314462195,6.6580207077359725,5.224778434553145,-0.5556517243901438,2.1654271902977604,5.316216641400418,0.019285384517748347,1.4818849085804393,4.248139292491606,0.04140476786767854,0.0,0.0,0.0,-0.5065879762818072,0.15243841329559796,1.149294392426654e-05,0.0,0.0,0.0
7.5167,-3.9462042834045348,-1.8927281960465512,1.0,-4.205991744995117,-1.8427691459655762,1.0289969444274902,0.18379778073938483,-0.2759184636310097,-0.03842785274514118,-0.9426615135633257,2.8390922940698267,-0.9693064251068022,0.0,2.358901023864746,-1.2373210191726685,-0.013835550285875797,6.253482383976036,5.510117172638667,-0.5403120923813424,6.764666553819877,5.369472677066508,-0.5403296777239064,0.6376587710264332,3.049755406797116,-0.15901620072376701,1.2326539223883994,3.89435446591227,-0.017763165264946614,0.0,0.0,0.0,-0.5111841698438415,0.14064449557215897,1.758534256403407e-05,0.0,0.0,0.0
7.5333,-3.8986877595894294,-1.9082905875462963,1.0,-4.157900333404541,-1.8656842708587646,1.0287566184997559,0.18818479878567923,-0.2777091620520481,-0.04113186810505461,-0.9411548058759098,2.8624358813194446,-0.8980316393841447,0.0,2.394730806350708,-1.1459441184997559,-0.015013720840215683,6.073097811722647,5.460573588708065,-0.5329997730568868,6.599928858714093,5.33993539154047,-0.5330204808888174,2.1502811601253415,5.483874429452418,-0.07070648412124941,1.5035542549467777,4.363609811681168,-0.03339300066552596,0.0,0.0,0.0,-0.5268310469914456,0.1206381971675949,2.0707831930586866e-05,0.0,0.0,0.0
7.55,-3.850840373182609,-1.9226478833296656,1.0,-4.108875751495361,-1.8867125511169434,1.0286222696304321,0.19225827588918892,-0.2783710519661314,-0.044005145208587816,-0.9400052505827752,2.8839718249944983,-0.8262605597739141,0.0,2.4500012397766113,-1.0416966676712036,-0.008735914714634418,5.761444924520182,5.330775825982047,-0.5709480667258765,6.312875149268299,5.231088371077475,-0.5709550776413254,3.3192680517174726,6.260584756804742,0.3770138936119185,2.039586154554606,4.9236314875375315,0.0877666157580255,0.0,0.0,0.0,-0.5514302247481169,0.09968745490457237,7.010915448805505e-06,0.0,0.0,0.0
7.5666,-3.802580100514384,-1.9358236599873841,1.0,-4.08396577835083,-1.8964632749557495,1.0286152362823486,0.19468476215419223,-0.27822445732447637,-0.04684002653312753,-0.9394120758368328,2.9037354899810763,-0.7538701507715768,0.0,2.4637904167175293,-0.9916715025901794,-0.008630226366221905,5.810149774711373,5.476831198039252,-0.5725013342991622,6.367804622293213,5.386488381735909,-0.5725081766026441,0.8269491985873404,3.000053618152962,0.006338224202519338,1.681593561119531,4.355756142203023,0.06372746625927864,0.0,0.0,0.0,-0.5576548475818394,0.09034281630334412,6.8423034818810235e-06,0.0,0.0,0.0
7.5833,-3.7540290654955597,-1.9477827413973121,1.0,-4.03349494934082,-1.9144513607025146,1.0285563468933105,0.19858178884223304,-0.2786871006464024,-0.04929090792088456,-0.9383332429554995,2.9216741120959684,-0.6810435982433397,0.0,2.508411169052124,-0.8895274996757507,-0.007949871942400932,5.535876821121805,5.35742382478817,-0.5772410682363477,6.113913517467743,5.28473348212469,-0.577246874252298,2.676749907033954,6.127506507623216,0.04081371436897509,1.9753819034541134,4.878809233332334,0.056962907893997335,0.0,0.0,0.0,-0.5780366963459375,0.07269034266348022,5.806015950332693e-06,0.0,0.0,0.0
7.6,-3.7051816294203284,-1.9585269585023046,1.0,-3.9820616245269775,-1.930457353591919,1.0286389589309692,0.2011850547949592,-0.2767757595056796,-0.05105740878252163,-0.9382500029296904,2.937790437753457,-0.6077724441304926,0.0,2.5579285621643066,-0.7903238534927368,-0.00018498390272725374,5.217250620062246,5.251844239472911,-0.6251984427757554,5.818334084938869,5.1944632360526,-0.6251984459193449,2.969941799774063,5.95001143984785,0.4657205097075041,2.268994162966769,5.195047703648438,0.17763562303716762,0.0,0.0,0.0,-0.6010834648766232,0.057381003420310744,3.143589533439198e-09,0.0,0.0,0.0
7.6166,-3.6561061396356886,-1.9680417722481827,1.0,-3.9560329914093018,-1.937703013420105,1.0286916494369507,0.2011850547949592,-0.2767757595056796,-0.05105740878252163,-0.9382500029296904,2.9520626583722738,-0.534159209453533,0.0,2.571056842803955,-0.7378206849098206,-0.005502322223037481,5.2339284684661935,5.388061450612157,-0.5945144443237075,5.841197753275808,5.338051133123801,-0.5945172256375534,0.7875398675610349,3.149562350720119,-0.31897672143809935,1.8316417776068867,4.591183041001594,0.03102658209072562,0.0,0.0,0.0,-0.6072692848096146,0.05001031748835586,2.781313845864672e-06,0.0,0.0,0.0
7.6333,-3.6068223140783706,-1.9763248891777874,1.0,-3.903428554534912,-1.9507830142974854,1.0286728143692017,0.20089619083197768,-0.2730536764832734,-0.0518316463896668,-0.9393593079824972,2.964487333766681,-0.46023347111755586,0.0,2.6037087440490723,-0.6409238576889038,-0.012405390851199627,4.990011578166244,5.292431109348628,-0.5539565913637295,5.612803200196124,5.2546938084628305,-0.5539707290670063,1.9612201059716454,5.8200594300443935,-0.4146293621563082,1.86989566851464,4.953969811897629,-0.1005391981501493,0.0,0.0,0.0,-0.6227916220298806,0.03773730088579671,1.4137703276778385e-05,0.0,0.0,0.0
7.6501,-3.5570887249602228,-1.983407519270391,1.0,-3.8501453399658203,-1.961984395980835,1.0286043882369995,0.2026825165174831,-0.27025759660114396,-0.05238052479782417,-0.9397536760440136,2.9751112789055867,-0.3856330874403344,0.0,2.6341710090637207,-0.5547853112220764,-0.014658697880804539,4.8715122714825565,5.497779099132794,-0.5736270948737149,5.498897179181299,5.46530849106506,-0.5736349207244216,0.5720913683910909,2.769988614530705,0.18956639596527433,1.4867601184341728,4.30921864460768,-0.014894724347548786,0.0,0.0,0.0,-0.6273849076987419,0.03247060806773401,7.825850706683532e-06,0.0,0.0,0.0
7.6667,-3.507634717763561,-1.9891927568687873,1.0,-3.8232505321502686,-1.9669522047042847,1.0285282135009766,0.2053682243400746,-0.2665166159855367,-0.05346875642637543,-0.9401776733400332,2.983789135303181,-0.31145207664534147,0.0,2.6411595344543457,-0.5054432153701782,-0.020021922886371613,4.763139629376132,5.416967026560651,-0.5094394790885565,5.403976112037004,5.393497587961848,-0.5094763063586752,1.6795079964939001,5.36855359015993,-0.6504380267232337,1.5436628149965328,4.621953682582962,-0.20251872338383184,0.0,0.0,0.0,-0.6408364826608717,0.023469438598802652,3.682727011876294e-05,0.0,0.0,0.0
7.6833,-3.4578559393023243,-1.9937606432134678,1.0,-3.769094705581665,-1.9754977226257324,1.0282878875732422,0.20530879464949622,-0.2606439188950553,-0.055202256305628486,-0.9417355051546928,2.9906409648202015,-0.23678390895348683,0.0,2.6655173301696777,-0.4096418023109436,-0.02137479931116104,4.5294018670134575,5.320029179297493,-0.5010631958584929,5.1821129386391425,5.304613364114536,-0.5011051680890813,1.4619710650963782,5.750064395186102,-0.08120054091956326,1.5195459173009,4.954992584044241,-0.16670337852113945,0.0,0.0,0.0,-0.6527110716256849,0.015415815182957947,4.197223058842278e-05,0.0,0.0,0.0
7.7,-3.407968549559862,-1.99708357168796,1.0,-3.714315176010132,-1.981957197189331,1.0281577110290527,0.2048084615082893,-0.25419596473760475,-0.0573697001371497,-0.9434758328234047,2.99562535753194,-0.1619528243397933,0.0,2.697906970977783,-0.29812151193618774,-0.010487035848200321,4.233369628033618,5.122801118572546,-0.5666776310809075,4.902039720643058,5.114636336663118,-0.5666877343859058,1.9430745465987758,6.690171062417758,0.6531636512922651,1.644579309735661,5.4672489856728514,0.0753363538410463,0.0,0.0,0.0,-0.668670092609441,0.008164781909428357,1.0103304998308162e-05,0.0,0.0,0.0
7.7166,-3.358022264504229,-1.999158177038976,1.0,-3.6866836547851562,-1.9843851327896118,1.0281692743301392,0.2048084615082893,-0.25419596473760475,-0.0573697001371497,-0.9434758328234047,2.998737265558464,-0.08703339675634364,0.0,2.717848300933838,-0.251895546913147,-0.007217631675302982,4.137063813310014,5.3011502640172985,-0.5872905654639601,4.8156552636522125,5.295321198476476,-0.5872953511851099,1.1968404785072406,2.7743939957644095,0.196223384465686,1.5123986231878082,4.672268973858063,0.11102441480028058,0.0,0.0,0.0,-0.6785914503421981,0.005829065540822666,4.785721149764287e-06,0.0,0.0,0.0
7.7333,-3.30798966347663,-1.9999840412557122,1.0,-3.6311495304107666,-1.9879846572875977,1.028262972831726,0.207683432388297,-0.25053659885996077,-0.058519887633012024,-0.943755519310123,2.9999760618835682,-0.011984495214945504,0.0,2.7269952297210693,-0.172103151679039,-0.012913390062749386,3.954925589543721,5.28821560222979,-0.554527576175318,4.63809233024144,5.285494557972522,-0.5545428954603803,0.5482515683724652,4.7826223259070835,-0.3413942036311931,1.227764790359567,4.70484730037193,-0.0225378304649618,0.0,0.0,0.0,-0.6831667406977188,0.0027210442572672498,1.5319285062248048e-05,0.0,0.0,0.0
7.75,-3.2580314369048966,-1.9995596114424126,1.0,-3.5753912925720215,-1.9899327754974365,1.0281013250350952,0.20952326086380896,-0.2468129748434059,-0.058765477319285074,-0.94431459725562,2.9993394171636187,0.06295284464265495,0.0,2.7376976013183594,-0.08147770166397095,-0.026709839701652527,3.750769606217274,5.204834423282743,-0.4718764381165249,4.439309184839421,5.204224555771629,-0.471941977223847,0.6427681601443361,5.4428266892907775,-0.8285937813229377,1.0550630928144171,4.922712304436528,-0.2605002798868081,0.0,0.0,0.0,-0.688539578622147,0.000609867511114302,6.55391073221085e-05,0.0,0.0,0.0
7.7667,-3.2080422387832557,-1.9978848240456717,1.0,-3.547372817993164,-1.9902573823928833,1.0279546976089478,0.20833601970266052,-0.23919215686850517,-0.05932965503345186,-0.9465005857004861,2.9968272360685075,0.13793664182511628,0.0,2.7448203563690186,-0.03165343403816223,-0.027431178838014603,3.695997379775874,5.361893087426951,-0.4677477416946806,4.388124409834582,5.361801042549387,-0.467816868566069,0.4270663578923292,2.987364911227378,-0.0432500732624296,0.8696669784232058,4.351362380550934,-0.1963640480896084,0.0,0.0,0.0,-0.6921270300587076,9.204487756470798e-05,6.912687138844315e-05,0.0,0.0,0.0
7.7833,-3.1581405189772913,-1.9949626281321582,1.0,-3.4911394119262695,-1.9892826080322266,1.0276755094528198,0.2092608091454091,-0.23025297559401603,-0.060779127300590034,-0.9484194052726415,2.9924439421982374,0.21278922153406293,0.0,2.758004665374756,0.07385221868753433,-0.020570024847984314,3.4522017385418553,5.181042195417506,-0.5084407922680191,4.150993782126352,5.181543250016345,-0.5084796634360761,0.7914442329435675,6.333425616493252,0.4118699549884788,0.8465741942374141,4.936503675062546,-0.016802253353080818,0.0,0.0,0.0,-0.6987920435844966,-0.0005010545988392256,3.887116805706278e-05,0.0,0.0,0.0
7.8,-3.108310328865956,-1.9907925733186072,1.0,-3.4629247188568115,-1.988043189048767,1.0275945663452148,0.21191823445701627,-0.22403696542208856,-0.06140665172806871,-0.9492773043740808,2.9861888599779105,0.2875345067010654,0.0,2.7658467292785645,0.12571538984775543,-0.01956062577664852,3.369490006199205,5.323559601762629,-0.5150124996888087,4.072261566395762,5.325011495565231,-0.5150476495364958,0.4704166130347106,3.1110811666023084,0.060550143197322694,0.735525601027085,4.397605586312494,0.006033587920954058,0.0,0.0,0.0,-0.7027715601965577,-0.0014518938026014516,3.5149847687112756e-05,0.0,0.0,0.0
7.8166,-3.0586184264509573,-1.985380300081319,1.0,-3.406229257583618,-1.9842373132705688,1.02759850025177,0.21202051646190972,-0.21566690473220704,-0.060615091766185625,-0.9512418111300222,2.9780704501219786,0.362072360323564,0.0,2.7867848873138428,0.2141924798488617,-0.008879421278834343,3.0541170461478955,5.2357595144158005,-0.5800389505398164,3.7675691975642702,5.239974211788334,-0.5800461936865134,1.256830053667263,5.310909660107335,0.6411480322003578,0.8894242036150695,4.667229641858316,0.19353098020873927,0.0,0.0,0.0,-0.7134521514163747,-0.004214697372533555,7.243146697092548e-06,0.0,0.0,0.0
7.8333,-3.0090688099241736,-1.978726621502087,1.0,-3.3492190837860107,-1.9785329103469849,1.027878761291504,0.21113616486235576,-0.2096051606692261,-0.059308792343438985,-0.95287441145394,2.9680899322531302,0.4363967851137396,0.0,2.7942700386047363,0.31421124935150146,0.006181490141898394,2.8062019624931,5.071365819561654,-0.6727348824833973,3.5234918476285393,5.080435696981909,-0.672731372182699,0.44917376064096143,6.001990485728593,0.9037848346179984,0.7594542261492863,5.061275439127922,0.4032108997312419,0.0,0.0,0.0,-0.7172898851354393,-0.00906987742025502,-3.5103006983936877e-06,0.0,0.0,0.0
7.85,-2.9596960505839,-1.9708356659071817,1.0,-3.292015790939331,-1.9710254669189453,1.0283823013305664,0.21337308275224534,-0.20481338511630315,-0.059339559542851916,-0.9534160827510021,2.9562534988607725,0.5104559241241496,0.0,2.8021252155303955,0.36114972829818726,0.00922397430986166,2.6867715632631137,5.238239168499322,-0.6930289579469365,3.408099969063015,5.250221257564142,-0.6930211417745731,0.4710886785438531,2.814982555978152,0.18246308895914953,0.6743234458802234,4.398128723289876,0.3380421112619997,0.0,0.0,0.0,-0.7213284057999015,-0.011982089064819965,-7.816172363404355e-06,0.0,0.0,0.0
7.8667,-2.910503002396818,-1.9617064226988978,1.0,-3.263462543487549,-1.966599941253662,1.0286628007888794,0.21337308275224534,-0.20481338511630315,-0.059339559542851916,-0.9534160827510021,2.942559634048347,0.5842454964047722,0.0,2.79360294342041,0.4520665407180786,0.007873734459280968,2.51119823759476,5.118618206840585,-0.6887013119125106,3.228145676578849,5.137392460752073,-0.6886956165747243,-0.5111978719752874,5.453531691550826,-0.08099245475444769,0.32433588442319095,4.709702969701852,0.21433544844838626,0.0,0.0,0.0,-0.7169474389840889,-0.018774253911488303,-5.695337786266672e-06,0.0,0.0,0.0
7.8833,-2.8616269863678467,-1.9513659577124594,1.0,-3.2064027786254883,-1.956430196762085,1.0291954278945923,0.2166187908119173,-0.1967162376182392,-0.061137923421963246,-0.9542752462578966,2.927048936568689,0.6575595204482296,0.0,2.7852091789245605,0.5463175177574158,0.014592338353395462,2.323347856324421,4.970668371749639,-0.7326483598337324,3.0359934333086764,4.998087157084805,-0.7326287980820912,-0.5040878567030828,5.660246130496414,0.4034860209261036,0.07977005448572069,4.990320684369295,0.2701761546530016,0.0,0.0,0.0,-0.7126455769842553,-0.02741878533516562,-1.9561751641221812e-05,0.0,0.0,0.0
7.9,-2.8129627504340724,-1.9397924418698143,1.0,-3.1779353618621826,-1.9506484270095825,1.029490351676941,0.21548670143622337,-0.18500403276338967,-0.06294197712562351,-0.9567535652440342,2.9096886628047214,0.7305558743488914,0.0,2.788184642791748,0.5884541273117065,0.012825400568544865,2.1989102174074655,5.158926219959164,-0.7245050659262381,2.913079259005402,5.190737649439921,-0.7244899546955816,0.17840040025730827,2.526391966264027,-0.10594059350653992,0.10888753527864645,4.262923892202361,0.15913961610334196,0.0,0.0,0.0,-0.7141690415979368,-0.031811429480756735,-1.511123065644823e-05,0.0,0.0,0.0
7.9166,-2.7646369435414386,-1.9270148929832762,1.0,-3.121187448501587,-1.9377210140228271,1.0300732851028442,0.21571963521414195,-0.17916261785412643,-0.06308561358534867,-0.9578026845971674,2.890522339474914,0.8030445846878416,0.0,2.767970085144043,0.6815503835678101,0.007324770092964172,2.0602958929591946,5.005960495012254,-0.695417947541174,2.764146910594108,5.0486335653536205,-0.6954130186871721,-1.2134127143143372,5.588258865958726,-0.3301845665948708,-0.28147966681115816,4.65418700033252,0.014682173723233327,0.0,0.0,0.0,-0.7038510176349132,-0.04267307034136595,-4.928854001904674e-06,0.0,0.0,0.0
7.9333,-2.7166298222640695,-1.913028812048671,1.0,-3.0647239685058594,-1.9232535362243652,1.030474066734314,0.21633895681122922,-0.17183351797410482,-0.0629660851229718,-0.9590130577927033,2.8695432180730065,0.8750552666038952,0.0,2.7565011978149414,0.758354127407074,-0.0017782768700271845,1.8587388995646017,4.943496888460039,-0.6438194914256462,2.5567692875778736,4.996329498724124,-0.643819781932724,-0.6880551542631557,4.607701714988629,-0.5461208400306452,-0.4015081819111048,4.64046369446184,-0.15087712604247203,0.0,0.0,0.0,-0.6980303880132718,-0.05283261026408432,2.9050707781871543e-07,0.0,0.0,0.0
7.95,-2.668910655068778,-1.897821445424801,1.0,-3.0366389751434326,-1.9154021739959717,1.0306313037872314,0.21633895681122922,-0.17183351797410482,-0.0629660851229718,-0.9590130577927033,2.8467321681372013,0.9466340173968333,0.0,2.749885320663452,0.8016033172607422,-0.0051576984114944935,1.7585098384416809,5.116331211829854,-0.6253519280583794,2.453193562670405,5.17536178091115,-0.6253543718819328,-0.39627841882783044,2.5905439563578203,-0.20242090267711785,-0.3999642602616619,4.0352899202614285,-0.16609379099901422,0.0,0.0,0.0,-0.6946837242287244,-0.05903056908129608,2.443823553441295e-06,0.0,0.0,0.0
7.9666,-2.6217561292996567,-1.8814848529439232,1.0,-2.9805455207824707,-1.8985216617584229,1.0309144258499146,0.21536916572952763,-0.15991699441729756,-0.06327240841794893,-0.9612696843556735,2.822227279415885,1.0173658060505149,0.0,2.742079496383667,0.8906855583190918,-0.005924582481384277,1.5134914807057172,4.9670349677858034,-0.6231947385176829,2.204236944109988,5.039914701953397,-0.6231979630999298,-0.46924940161385104,5.355204884550888,-0.04610145937244701,-0.42041850035151734,4.424952942532459,-0.1306698615369173,0.0,0.0,0.0,-0.6907454634042706,-0.07287973416759393,3.2245822468989148e-06,0.0,0.0,0.0
7.9833,-2.5749205604082683,-1.8639366422390382,1.0,-2.924708366394043,-1.8799090385437012,1.0312467813491821,0.21622355347165031,-0.1530423508338788,-0.06394338624624243,-0.9621521550697946,2.7959049633585575,1.0876191593875975,0.0,2.736144781112671,0.9659878015518188,-0.0007210283074527979,1.2466088772463753,4.89220235144159,-0.6571196080373772,1.9343675990266105,4.977926117596606,-0.6571196557971871,-0.35601195669274444,4.517234228178321,0.3121510331374519,-0.40140451146957545,4.452196064731002,5.896025234453095e-05,0.0,0.0,0.0,-0.6877587217802351,-0.0857237661550167,4.775980987761891e-08,0.0,0.0,0.0
8.0,-2.5285522979091524,-1.8452285611649173,1.0,-2.8969156742095947,-1.870017409324646,1.0314363241195679,0.21842834731348632,-0.1458525541907198,-0.06450520373689261,-0.9627331915233659,2.7678428417473757,1.1571715531362714,0.0,2.7185118198394775,1.0124133825302124,-0.003356922185048461,1.1787243164122558,5.033365570199589,-0.6433001348951995,1.8576471415541476,5.127527144940922,-0.6433011701339192,-1.0576760815159099,2.784740793707544,-0.15810854822130854,-0.5951478739841991,3.959932791726491,-0.046634979163745434,0.0,0.0,0.0,-0.6789228251418917,-0.09416157474133298,1.0352387196544266e-06,0.0,0.0,0.0
8.0167,-2.4826557469576414,-1.825362531668334,1.0,-2.8417305946350098,-1.8490393161773682,1.0317392349243164,0.21949953317599297,-0.13782802340773434,-0.06506057275972063,-0.9636340804102862,2.7380437975025007,1.2260163795635375,0.0,2.6883363723754883,1.094670295715332,-0.007399148307740688,1.0372595683108286,4.903028918855133,-0.6216196840324676,1.7011939734794277,5.013113026295867,-0.6216247134932174,-1.8098813098813098,4.933655083655084,-0.2424470927400615,-0.9537593866130827,4.247393409562446,-0.10444229405732279,0.0,0.0,0.0,-0.663934405168599,-0.11008410744073444,5.029460749797329e-06,0.0,0.0,0.0
8.0333,-2.4372896303450893,-1.8043643806309986,1.0,-2.7872049808502197,-1.8264399766921997,1.0320147275924683,0.21937642223149265,-0.12738531982561438,-0.06566807743415666,-0.965056873722317,2.706546570946498,1.294065554482366,0.0,2.668429374694824,1.1722410917282104,-0.006263513118028641,0.8256767781080117,4.791015204886995,-0.6308777334349008,1.479814786215861,4.917253709293236,-0.6308813375109066,-1.1948483113909558,4.655917286777332,0.06816255321622781,-1.0249332437225755,4.36799712493219,-0.053486188348310065,0.0,0.0,0.0,-0.6541380081078495,-0.12623850440624068,3.6040760057899895e-06,0.0,0.0,0.0
8.05,-2.392466317792585,-1.7822408972019048,1.0,-2.7601470947265625,-1.8145486116409302,1.032207727432251,0.21937642223149265,-0.12738531982561438,-0.06566807743415666,-0.965056873722317,2.6733613458028573,1.3613005233111222,0.0,2.6464271545410156,1.2219297885894775,-0.0035154339857399464,0.752679856260181,4.898213913609722,-0.6494045208769569,1.396075100990478,5.035381173513584,-0.6494056561905887,-1.3204744802323751,2.9820925207835507,0.16492737271416716,-1.1121824185102258,3.9588527548457355,0.010993486942286163,0.0,0.0,0.0,-0.643395244730297,-0.1371672599038616,1.1353136317970349e-06,0.0,0.0,0.0
8.0666,-2.348202971382531,-1.7590004025909025,1.0,-2.7064156532287598,-1.7894946336746216,1.032682180404663,0.21971548835940674,-0.11753014858009236,-0.06609245405181288,-0.9662006127503571,2.638500603886354,1.427695542926203,0.0,2.61568284034729,1.3107521533966064,0.0034358338452875614,0.5870178074961452,4.702799491343053,-0.6945736730271085,1.2155508662917356,4.860632966284348,-0.6945725885453148,-1.844871739845773,5.329956936635335,0.4171242037390732,-1.3284856979347546,4.36362776973633,0.13089069761549652,0.0,0.0,0.0,-0.6285330587955903,-0.15783347494129552,-1.0844817936479733e-06,0.0,0.0,0.0
8.0833,-2.3045275228949693,-1.734656896140091,1.0,-2.653273582458496,-1.7627267837524414,1.0333831310272217,0.22146427700795712,-0.1093086576714814,-0.06618483994374877,-0.9667599857237937,2.6019853442101364,1.4932087156575455,0.0,2.5785634517669678,1.3907406330108643,0.014800412580370903,0.4508523886357598,4.549520894265586,-0.7673787162783731,1.061672888386319,4.727205681095431,-0.7673585926817802,-2.2270698632488415,4.799107398294902,0.6818461127034817,-1.593764167453183,4.4921893155878445,0.2935428062650455,0.0,0.0,0.0,-0.6108204997505592,-0.17768478682984526,-2.0123596592853292e-05,0.0,0.0,0.0
8.1,-2.261452276749981,-1.709215792851272,1.0,-2.6269826889038086,-1.7487422227859497,1.033758282661438,0.22273053692461842,-0.10121536693932846,-0.06600735956466934,-0.9673622220421658,2.5638236892769077,1.5578215848750283,0.0,2.5658371448516846,1.4313857555389404,0.00989598035812378,0.29133989488608025,4.694026913976419,-0.740954073672143,0.8961459555444194,4.882249328618965,-0.7409450771302265,-0.7629570338183586,2.4367227923730024,-0.2940264670463966,-1.348494716484611,3.885378029041072,0.12008161745627915,0.0,0.0,0.0,-0.6048060606583392,-0.18822241464254544,-8.996541916550408e-06,0.0,0.0,0.0
8.1166,-2.2190749738757067,-1.6827361908208298,1.0,-2.574941396713257,-1.7195508480072021,1.0344250202178955,0.22254417936557144,-0.09209525780526069,-0.06549906857162802,-0.9683503970523522,2.524104286231245,1.6213875391864396,0.0,2.5244140625,1.5142267942428589,0.0046651773154735565,0.1638194427353079,4.505851524817271,-0.7140495235309038,0.7492550589106416,4.716491023277761,-0.7140475241558509,-2.4873799195407233,4.974452032240977,-0.314100103437415,-1.6847144444589048,4.206892580391078,-0.008096762329989932,0.0,0.0,0.0,-0.5854356161753337,-0.21063949846048943,-1.9993750528177925e-06,0.0,0.0,0.0
8.1333,-2.177338699039444,-1.6551832536989832,1.0,-2.5236470699310303,-1.6887738704681396,1.034925103187561,0.2218094965757538,-0.08265333114103189,-0.06416212839001394,-0.9694597442520075,2.482774880548475,1.6839919514408335,0.0,2.485367774963379,1.5966707468032837,-0.009740076027810574,0.014197142618404546,4.3092599596050505,-0.6312828870801047,0.581662409422858,4.543460932855381,-0.6312916023863484,-2.342176394033437,4.945368476753,-0.8640935274337486,-1.8788092287674747,4.424904162527811,-0.2608026529129596,0.0,0.0,0.0,-0.5674652668044534,-0.2342009732503304,8.715306243729108e-06,0.0,0.0,0.0
8.15,-2.136220625372594,-1.6265354491039672,1.0,-2.498262405395508,-1.672774076461792,1.0350730419158936,0.2218094965757538,-0.08265333114103189,-0.06416212839001394,-0.9694597442520075,2.439803173655951,1.7456690619411088,0.0,2.467961072921753,1.637385606765747,-0.011776651255786419,-0.14698952863096304,4.434588891513581,-0.6209757082551312,0.4125548913407616,4.68088633015263,-0.6209884491985574,-1.0413047509021152,2.435646741688417,-0.12183212278750018,-1.6315625993709995,3.837639013142502,-0.21977601237900296,0.0,0.0,0.0,-0.5595444199717247,-0.2462974386390485,1.2740943426331535e-05,0.0,0.0,0.0
8.1667,-2.0959240327520314,-1.596934896949738,1.0,-2.4481217861175537,-1.6395143270492554,1.0353463888168335,0.22091160538343377,-0.07391120548112193,-0.06269638743935055,-0.9704660845539022,2.395402345424607,1.8061139508719521,0.0,2.4282917976379395,1.7193410396575928,-0.008978448808193207,-0.3093969438347248,4.221337984538467,-0.6403097513010186,0.23230413970310904,4.492908125570258,-0.6403171569066357,-2.380397150133051,4.917823113679933,0.16790912070087843,-1.852632245617483,4.156529102740899,-0.10532427515911619,0.0,0.0,0.0,-0.5417010835378339,-0.2715701410317916,7.405605617056989e-06,0.0,0.0,0.0
8.1834,-2.056170499267326,-1.5661699055680733,1.0,-2.4233720302581787,-1.622276782989502,1.0355340242385864,0.21951022267044654,-0.06485344734106997,-0.061264869729678,-0.9715224953118277,2.34925485835211,1.8657442510990108,0.0,2.373607873916626,1.7999109029769897,-0.009999322704970837,-0.3989723760152527,4.303505594354675,-0.6430652653353525,0.12828371563587815,4.5897459784498436,-0.6430725003327503,-1.9414086907128656,2.7296151661459813,0.0061958050802328885,-1.8788406748256232,3.7352780281661473,-0.07240150915853098,0.0,0.0,0.0,-0.5272560916511309,-0.28624038409516844,7.234997397883744e-06,0.0,0.0,0.0
8.2,-2.0175676564890113,-1.534720588353761,1.0,-2.374696969985962,-1.5866450071334839,1.0358799695968628,0.21685243186663744,-0.0561307671833917,-0.05989505500622552,-0.9727471562890087,2.3020808825306416,1.9236485152664824,0.0,2.344254970550537,1.834110140800476,-0.008181129582226276,-0.5046662028608176,4.146475883552814,-0.6501437975552596,0.00018994538307159914,4.455511676341686,-0.6501499462722163,-3.1045785490229934,4.16065210509655,0.041841356945523614,-2.2407008987749233,3.860856230472293,-0.03867492700482782,0.0,0.0,0.0,-0.5048561482438892,-0.3090357927888721,6.148716956689543e-06,0.0,0.0,0.0
8.2167,-1.9797338889504719,-1.5022973726976145,1.0,-2.327298879623413,-1.5496606826782227,1.0361944437026978,0.2141891356307416,-0.04592464966703158,-0.05897713879250674,-0.9739279845437384,2.253446059046422,1.980399166574292,0.0,2.281355857849121,1.903228521347046,-0.013257415033876896,-0.5462593454451032,3.977297841880217,-0.6224599306125503,-0.0681315114386789,4.31006452138409,-0.6224760770109209,-3.7896717661423542,4.164382676147382,-0.30584621669180495,-2.697985410215471,3.9504627849556027,-0.11754877495723717,0.0,0.0,0.0,-0.47812783400642433,-0.33276667950387284,1.6146398370552062e-05,0.0,0.0,0.0
8.2333,-1.9426271078243564,-1.4688563005232094,1.0,-2.3040177822113037,-1.5306549072265625,1.036354899406433,0.2141891356307416,-0.04592464966703158,-0.05897713879250674,-0.9739279845437384,2.203284450784814,2.036059338263465,0.0,2.250204563140869,1.9373767375946045,-0.008235443383455276,-0.668667475844765,4.104332324960977,-0.6546043423459912,-0.20350790559806997,4.449147301161483,-0.6546105729755379,-1.8714353237750119,2.0514774338628126,0.30169837978214475,-2.453972717387072,3.389847600511829,0.006220647932987697,0.0,0.0,0.0,-0.4651595702466951,-0.34481497620050655,6.230629546736672e-06,0.0,0.0,0.0
8.25,-1.9063214044014685,-1.4344545904874455,1.0,-2.258415460586548,-1.4916391372680664,1.0368260145187378,0.21231903254710865,-0.03588407443491014,-0.05873471011987201,-0.974773450324867,2.1516818857311684,2.090517893397797,0.0,2.197417974472046,2.0023701190948486,-8.330086711794138e-05,-0.7838628392521153,3.941602812528745,-0.7071009729326226,-0.3402712492690328,4.30994093501654,-0.7071009735700886,-3.16547760319117,3.897487954477217,0.4888632738779256,-2.664021964243121,3.5397123114247586,0.14870557263703676,0.0,0.0,0.0,-0.4435915899830825,-0.36833812248779463,6.37465965964272e-10,0.0,0.0,0.0
8.2666,-1.8708847993319364,-1.399153223639027,1.0,-2.213900089263916,-1.4512500762939453,1.0375216007232666,0.20978550645777785,-0.028117437583784814,-0.05851010956415746,-0.9755901298084625,2.09872983545854,2.1436728010020953,0.0,2.1373605728149414,2.080512046813965,0.015527816489338875,-0.8606365727592605,3.6876829475279274,-0.8054970783764622,-0.4409611407117661,4.0853306048226345,-0.8054749281210603,-3.6012838291849545,4.685704890845926,0.9361055080654818,-2.940718797625279,3.878030266807449,0.38116042531781624,0.0,0.0,0.0,-0.4196754320474944,-0.3976476572947074,-2.2150255401922206e-05,0.0,0.0,0.0
8.2833,-1.8363567074358762,-1.362992410885714,1.0,-2.19205379486084,-1.430463433265686,1.0380655527114868,0.2075406388655421,-0.020814337040938376,-0.057980829440557644,-0.9762847941656191,2.044488616328571,2.1954649388461855,0.0,2.1096017360687256,2.1179981231689453,0.03288690373301506,-1.0278830792981446,3.770152611064963,-0.9136399400605489,-0.6190378759589632,4.182258765501737,-0.9135405818107899,-1.665889254542853,2.249649449134354,1.0417697676706252,-2.56436581574564,3.3973024866172703,0.5761843775011648,0.0,0.0,0.0,-0.40884520333918145,-0.41210615443677384,-9.935824975901725e-05,0.0,0.0,0.0
8.3,-1.802739997593751,-1.3259760500078575,1.0,-2.1494104862213135,-1.3876882791519165,1.039530873298645,0.2060090118539441,-0.012598409516330858,-0.056897402552736634,-0.9768133999396428,1.9889640750117863,2.2458900036093734,0.0,2.042011260986328,2.194310188293457,0.050395168364048004,-1.0704791573844006,3.503778558187236,-1.027334070349767,-0.6874126129701956,3.946116301185502,-1.0271007590573444,-4.054678337481049,4.577876941560113,1.0503015586115163,-3.004333311424724,3.745829643725945,0.7161524350657931,0.0,0.0,0.0,-0.38306654441420496,-0.4423377429982658,-0.00023331129242262308,0.0,0.0,0.0
8.3167,-1.7700550393235934,-1.2881259322367782,1.0,-2.1081628799438477,-1.3435946702957153,1.0411465167999268,0.20325231293339205,-0.005733825858816019,-0.05494157804758857,-0.9775669434441691,1.9321888983551672,2.2949174410146096,0.0,1.967760443687439,2.2577903270721436,0.0499974824488163,-1.0763432139820053,3.3016068324432135,-1.034398055159969,-0.7206280244063332,3.769907928968967,-1.0341684116206236,-4.453970138153943,3.8078859300363264,-0.02385537634793055,-3.4322925984859003,3.7641497936816934,0.4976886036061125,0.0,0.0,0.0,-0.355715189575672,-0.4683010965257533,-0.00022964353934538256,0.0,0.0,0.0
8.3333,-1.7383414014009926,-1.2494888640647361,1.0,-2.088060140609741,-1.3210763931274414,1.0419602394104004,0.20325231293339205,-0.005733825858816019,-0.05494157804758857,-0.9775669434441691,1.8742332960971042,2.342487897898511,0.0,1.9349486827850342,2.287078857421875,0.05118237063288689,-1.2346804819933817,3.406151726270565,-1.0469742704658676,-0.8907292562529883,3.8866814280499753,-1.0467336133246914,-1.9692709451241326,1.757816412677971,0.07111370465765186,-3.000381865960948,3.1718435087491454,0.3717558966921507,0.0,0.0,0.0,-0.3439512257403934,-0.4805297017794103,-0.00024065714117625563,0.0,0.0,0.0
8.35,-1.707599782845774,-1.2100667536988092,1.0,-2.049100160598755,-1.275100827217102,1.0435301065444946,0.20047077898235496,-0.0003665827516355755,-0.053842388238424466,-0.9782190394843295,1.8151001305482137,2.3886003257313386,0.0,1.8574097156524658,2.3502113819122314,0.043584488332271576,-1.2288154310252661,3.1836478344076347,-1.0106870654190776,-0.9118781087732235,3.691072774251967,-1.010512554798761,-4.653141230166111,3.788605439743608,-0.4559516421530053,-3.4883066386675154,3.3539229036762226,0.12740150275849,0.0,0.0,0.0,-0.3169373222520427,-0.5074249398443323,-0.00017451062031667957,0.0,0.0,0.0
8.3666,-1.6778459634891596,-1.1698787466364142,1.0,-2.011708974838257,-1.227967381477356,1.0450071096420288,0.19601645768734474,0.010399882384032938,-0.05324681112211704,-0.9790986863596004,1.7548181199546213,2.43323105476626,0.0,1.7746310234069824,2.4096128940582275,0.03969472274184227,-1.1934026148835297,2.970841291045321,-0.9962340662984991,-0.9040855188161516,3.504240681999566,-0.9960893146547208,-4.965589736988887,3.5632785572288728,-0.23333275232047596,-3.9244276104088276,3.4157285191135536,0.020906157320514637,0.0,0.0,0.0,-0.28931709606737815,-0.5333993909542452,-0.00014475164377828557,0.0,0.0,0.0
8.3833,-1.649106542449327,-1.128960048813236,1.0,-1.993614912033081,-1.2039790153503418,1.0457392930984497,0.1902796552073526,0.01647733676711439,-0.052781678501950875,-0.9801715765352937,1.693440073219854,2.4763401863260093,0.0,1.7390961647033691,2.4346835613250732,0.042384907603263855,-1.35415758778764,3.072906819124729,-1.0175605381066508,-1.0763109452690758,3.617463393280586,-1.0173955014412563,-2.132368089733318,1.5044351608103468,0.16143202937221013,-3.3953788854465308,2.851479785981039,0.06239196321893721,0.0,0.0,0.0,-0.2778466425185642,-0.544556574155857,-0.00016503666539441873,0.0,0.0,0.0
8.4,-1.6214021621235515,-1.0873404704491196,1.0,-1.9587655067443848,-1.1550780534744263,1.047239899635315,0.18682873447155335,0.02104278876493571,-0.05244867625186622,-0.9807657206587518,1.6310107056736793,2.5178967568146726,0.0,1.6476801633834839,2.4966647624969482,0.03942713513970375,-1.2726745660427388,2.82143712168702,-1.0088917329835145,-1.0232703533178968,3.3940728245012237,-1.008748926343396,-5.4844945716696945,3.7185564503440087,-0.1774512862782681,-4.012124019937645,3.107456665338749,-0.00841414777980927,0.0,0.0,0.0,-0.24940421272484203,-0.5726357028142036,-0.00014280664011847395,0.0,0.0,0.0
8.4166,-1.594745293838787,-1.0450389404778349,1.0,-1.9255764484405518,-1.1051385402679443,1.0486252307891846,0.18221391797741365,0.02817512081432813,-0.0512532230407033,-0.9815178733172772,1.5675584107167522,2.557882059241819,0.0,1.565961241722107,2.5460221767425537,0.033778708428144455,-1.250199783357532,2.632837765534996,-0.9835486911503756,-1.0249211637992979,3.2283385293958373,-0.9834438711786986,-4.903069836637771,2.9614053157096674,-0.33890107787600493,-4.275147509334928,3.0643396374672847,-0.10597993003585256,0.0,0.0,0.0,-0.2252786195582341,-0.5955007638608414,-0.00010481997167702782,0.0,0.0,0.0
8.4333,-1.56915958880722,-1.0020935440277068,1.0,-1.9096308946609497,-1.0797702074050903,1.049283742904663,0.18221391797741365,0.02817512081432813,-0.0512532230407033,-0.9815178733172772,1.5031403160415602,2.5962606167891695,0.0,1.530542016029358,2.567647695541382,0.034942738711833954,-1.4278862915329722,2.7259086170953264,-0.9954680117904934,-1.2126832173342117,3.3315685264714157,-0.9953558430508663,-2.1254292091106786,1.297699439166762,0.06985087665960855,-3.6405113755233383,2.5427951610730393,-0.05407146214285471,0.0,0.0,0.0,-0.2152030741987606,-0.6056599093760893,-0.00011216873962705746,0.0,0.0,0.0
8.45,-1.5446380589297928,-0.9584907176609668,1.0,-1.879012942314148,-1.0282803773880005,1.0506782531738281,0.17870449214752523,0.03232610597224938,-0.050610610041457615,-0.982068353305678,1.4377360764914502,2.6330429116053105,0.0,1.4443844556808472,2.622037410736084,0.03696053847670555,-1.3834455838943884,2.4838865926167335,-1.0162376743271158,-1.1917890761537506,3.1154772921225224,-1.0161121769820902,-5.166280665637331,3.2613798821982045,0.12099367565906102,-4.090946357290664,2.754934504717917,-0.002389033701783526,0.0,0.0,0.0,-0.19165650774063772,-0.6315906995057888,-0.00012549734502563384,0.0,0.0,0.0
8.4667,-1.5212196372364963,-0.9142977748233554,1.0,-1.8643239736557007,-1.0021780729293823,1.051400065422058,0.17397839743660465,0.03765620716917959,-0.049636512078673894,-0.9827765889480551,1.3714466622350332,2.668170544145255,0.0,1.4054834842681885,2.6433160305023193,0.04070530831813812,-1.5510997339705637,2.5594649966718928,-1.0440293747618772,-1.3696278066218441,3.2013483873344475,-1.0438771588493019,-2.333125992020934,1.2762072269171922,0.22459644409649235,-3.5720056568120553,2.318387184798236,0.06462122808286386,0.0,0.0,0.0,-0.18147192734871945,-0.6418833906625548,-0.00015221591257523438,0.0,0.0,0.0
8.4833,-1.4989366053957334,-0.8695807315117763,1.0,-1.836310625076294,-0.9491672515869141,1.0527957677841187,0.16774578996744247,0.04206263383921325,-0.0477984458682653,-0.9837720553630338,1.3043710972676643,2.7015950919063996,0.0,1.3221070766448975,2.6926848888397217,0.037881676107645035,-1.5264660602494846,2.323041951177039,-1.0358241127832035,-1.3658861472978976,2.989125986696186,-1.0356922821519936,-5.007818765036086,2.965230839729637,-0.16959519811834117,-3.9958839295067827,2.509347254451734,-0.004523741834354826,0.0,0.0,0.0,-0.16057991295158694,-0.6660840355191474,-0.00013183063121002635,0.0,0.0,0.0
8.5,-1.4777639429526421,-0.8242910604856144,1.0,-1.8100510835647583,-0.8951805233955383,1.0542011260986328,0.16476652407661652,0.04519320691619331,-0.046664864230716314,-0.9841910793309292,1.2364365907284216,2.7333540855710368,0.0,1.2314752340316772,2.7457222938537598,0.037114158272743225,-1.4578167366927286,2.0511659442688055,-1.0400525256717548,-1.318498065672596,2.743747909656974,-1.0399259829447123,-5.437837953823706,3.182201813864332,-0.04605045525419849,-4.421575112873038,2.7079862185237085,-0.016783186642505856,0.0,0.0,0.0,-0.13931867102013265,-0.6925819653881687,-0.000126542727042497,0.0,0.0,0.0
8.5167,-1.457713217000869,-0.778446792778231,1.0,-1.7975490093231201,-0.8678364753723145,1.0549206733703613,0.16476652407661652,0.04519320691619331,-0.046664864230716314,-0.9841910793309292,1.1676701891673464,2.763430174498696,0.0,1.1946048736572266,2.764112710952759,0.04391167312860489,-1.6508957209781272,2.112122406174753,-1.086267400319358,-1.5197945644354476,2.814013052218496,-1.0860902597939632,-2.210579355890047,1.1026058864731192,0.407548118844433,-3.7688487538244404,2.2340486020818373,0.10848717047422127,0.0,0.0,0.0,-0.13110115654267965,-0.7018906460437426,-0.00017714052539478942,0.0,0.0,0.0
8.5333,-1.438835013215439,-0.7321645252040185,1.0,-1.773903250694275,-0.8124426007270813,1.0564651489257812,0.16072064789052537,0.05105211408467758,-0.04535730040251426,-0.9846346327646579,1.0982467878060278,2.7917474801768414,0.0,1.1106348037719727,2.81221866607666,0.04538130760192871,-1.6243465749997903,1.8450349559568409,-1.1046892162786581,-1.511028153559273,2.571569271423089,-1.1045000202704067,-5.039650854976032,2.8871860914359306,0.08820338770837804,-4.144012761234323,2.4268667266927926,0.10249902706387487,0.0,0.0,0.0,-0.11331842144051733,-0.7265343154662484,-0.00018919600825151217,0.0,0.0,0.0
8.55,-1.4211249472914094,-0.6854403958837645,1.0,-1.7519009113311768,-0.7562103867530823,1.0580793619155884,0.1560316055278019,0.055594738295674184,-0.04401757852889848,-0.9852034887790094,1.0281605938256466,2.818312579062886,0.0,1.0251742601394653,2.854896306991577,0.0540652796626091,-1.5878999562498088,1.596868762733404,-1.1667988996168934,-1.4913497189622658,2.345621867321602,-1.1665303683467092,-5.130793564455641,2.5622369814777706,0.521359519481263,-4.435328490281494,2.4668305001420237,0.22615430016940696,0.0,0.0,0.0,-0.09655023728754303,-0.7487531045881982,-0.00026853127018431147,0.0,0.0,0.0
8.5666,-1.404575116336644,-0.6382511342643692,1.0,-1.7315983772277832,-0.6991446018218994,1.0599104166030884,0.14953189240620193,0.058124892637124115,-0.04257931732346425,-0.98612814848849,0.9573767013965537,2.8431373254950336,0.0,0.9434551000595093,2.893441677093506,0.06722259521484375,-1.5728371218523658,1.3600017315147703,-1.2568956211328133,-1.491065910479606,2.129109900180506,-1.256480486937505,-4.901821978147703,2.312095989931926,0.7892251766203306,-4.573045894258011,2.421150044560135,0.39238311445425567,0.0,0.0,0.0,-0.08177121137275971,-0.7691081686657357,-0.000415134195308201,0.0,0.0,0.0
8.5833,-1.3892094237343107,-0.5906601168643738,1.0,-1.7221317291259766,-0.670311689376831,1.0609087944030762,0.1432956603080678,0.06245627684338412,-0.04128342817229972,-0.9868440970041444,0.8859901752965607,2.866185864398534,0.0,0.8972036242485046,2.9166982173919678,0.07107307016849518,-1.7231750396429004,1.346792287558795,-1.2870211157624145,-1.6492247299658012,2.1283138249629983,-1.2865570622000295,-2.774456171965504,1.3950744411550178,0.23097585131791593,-4.042069334422285,2.118233772286001,0.34473274024696027,0.0,0.0,0.0,-0.07395030967709935,-0.7815215374042034,-0.00046405356238508715,0.0,0.0,0.0
8.6,-1.375045250562962,-0.5427238824851836,1.0,-1.7044103145599365,-0.6120979189872742,1.0630420446395874,0.13610686201838293,0.0678531807952041,-0.04020543822793662,-0.9875497616887624,0.8140858237277753,2.8874321241555565,0.0,0.8212640285491943,2.9475512504577637,0.08329411596059799,-1.743131486559089,1.1310633092588727,-1.373114379844154,-1.6811697528841931,1.9292062718905743,-1.3724770172014513,-4.557814489933174,1.8517665240473362,0.7334942868794986,-4.194326730887368,2.0395677702372867,0.4595022544217947,0.0,0.0,0.0,-0.06196173367489586,-0.7981429626317017,-0.0006373626427026731,0.0,0.0,0.0
8.6166,-1.3620815102167656,-0.49444102475044366,1.0,-1.6962311267852783,-0.5826784372329712,1.0641810894012451,0.13610686201838293,0.0678531807952041,-0.04020543822793662,-0.9875497616887624,0.7416615371256655,2.9068777346748513,0.0,0.7725318074226379,2.970194101333618,0.08675555884838104,-1.884961731715789,1.0990305816209596,-1.4017171083188065,-1.8301352095681216,1.909483183850606,-1.401025671372558,-2.9246472928113554,1.358902815934066,0.20773729037889194,-3.819494154136928,1.8386230348387107,0.3851766353894154,0.0,0.0,0.0,-0.05482652214766732,-0.8104526022296463,-0.0006914369462485854,0.0,0.0,0.0
8.6333,-1.3503251185602487,-0.445833889114424,1.0,-1.6811494827270508,-0.5234243273735046,1.0665202140808105,0.12860235749157112,0.0713048232957841,-0.0399336332018899,-0.9883230299183917,0.668750833671636,2.9245123221596265,0.0,0.689173698425293,2.9983890056610107,0.08402976393699646,-1.8598406821763702,0.8743611674917212,-1.3992757129540938,-1.816207654660607,1.7002734258338839,-1.3986270423080118,-5.000561371892789,1.6913813324179754,-0.16351744186046513,-4.1681667838345025,1.795154593066417,0.22319211500139208,0.0,0.0,0.0,-0.04363302751576328,-0.8259122583421626,-0.0006486706460819687,0.0,0.0,0.0
8.65,-1.339790393273231,-0.39696133022762564,1.0,-1.6678624153137207,-0.463629812002182,1.0686691999435425,0.12196571716169335,0.07333390692617815,-0.03993738427140739,-0.9890154604925772,0.5954419953414385,2.9403144100901533,0.0,0.60611492395401,3.022125482559204,0.0719180777668953,-1.8333377331639045,0.6632929976510648,-1.3396396273717674,-1.7995881888417171,1.502333535768121,-1.3391644736880643,-4.983246077043013,1.4241084838861948,-0.7266602833683788,-4.408793088842825,1.685614999822314,-0.057221673972807224,0.0,0.0,0.0,-0.03374954432218736,-0.8390405381170561,-0.00047515368370308034,0.0,0.0,0.0
8.6666,-1.3304795624424048,-0.34783508454861123,1.0,-1.6618189811706543,-0.4335949420928955,1.0696423053741455,0.1152100686196,0.0764449278167162,-0.039958794870450884,-0.9895889105134165,0.5217526268229169,2.9542806563363926,0.0,0.5675027370452881,3.032015562057495,0.06683843582868576,-2.042890732379344,0.6741021946990536,-1.3163487772768723,-2.0133042128239267,1.518643335490658,-1.3159383742887025,-2.3166671434906374,0.5933883588195745,-0.30477008740183387,-3.791159270836659,1.363169732170413,-0.13030249019575238,0.0,0.0,0.0,-0.029586519555417676,-0.8445411407916045,-0.00041040298816979494,0.0,0.0,0.0
8.6833,-1.3224043115058886,-0.29852184651965136,1.0,-1.6510981321334839,-0.3731345236301422,1.0714305639266968,0.10744039456120387,0.08048055968444118,-0.040319445453158596,-0.9901281794401133,0.44778276977947706,2.966393532741167,0.0,0.4765581786632538,3.0599305629730225,0.05473799258470535,-1.966965757774688,0.413841360513411,-1.2550666218829893,-1.9461021306171644,1.2740050417932909,-1.2547913665821375,-5.4608189457710585,1.676172478955506,-0.7265781581057092,-4.284073324166784,1.4555738639449705,-0.30633396582156963,0.0,0.0,0.0,-0.020863627157523625,-0.8601636812798797,-0.0002752553008517393,0.0,0.0,0.0
8.7,-1.3155583232716472,-0.24898038409393652,1.0,-1.6420341730117798,-0.31225377321243286,1.0729998350143433,0.09894653754662536,0.08412921499420731,-0.04043834171280786,-0.990705127649379,0.3734705761409048,2.9766625150925288,0.0,0.39495500922203064,3.0796616077423096,0.04613335058093071,-1.9442690919473948,0.18995936923304074,-1.2137197387460366,-1.9299388602854886,1.0612518306918595,-1.2135242202022123,-4.893604701038003,1.1832375396757313,-0.5160058959566498,-4.46401812735986,1.3751752033796956,-0.36823295188679506,0.0,0.0,0.0,-0.014330231661906228,-0.8712924614588188,-0.00019551854382427844,0.0,0.0,0.0
8.7166,-1.3099527907405488,-0.1992789625591999,1.0,-1.638184905052185,-0.28162506222724915,1.0736738443374634,0.09894653754662536,0.08412921499420731,-0.04043834171280786,-0.990705127649379,0.29891844383879984,2.9850708138891764,0.0,0.35264208912849426,3.0896334648132324,0.03844055160880089,-2.1360634736387887,0.16548618059156964,-1.1733894514761833,-2.124639261739567,1.042430217712882,-1.173253702306916,-2.5380877810193927,0.5981494193696013,-0.46144295949888453,-3.8954482878304537,1.1457829898116927,-0.39575024978453105,0.0,0.0,0.0,-0.011424211899221631,-0.8769440371213123,-0.00013574916926724552,0.0,0.0,0.0
8.7333,-1.3055929292717965,-0.1494671744208314,1.0,-1.6317073106765747,-0.2202463299036026,1.074828863143921,0.09105177345284629,0.08735046257058313,-0.039953821542326615,-0.9912028819302926,0.2242007616312471,2.991610606092305,0.0,0.26584258675575256,3.1016457080841064,0.02600111998617649,-2.078535359973097,-0.036080051085985096,-1.1070223915568396,-2.072042933098053,0.8476962158273947,-1.106960284339809,-5.207677123117195,0.7206940451157934,-0.7463239041110586,-4.282842224336269,1.0202889637526913,-0.4992460001694904,0.0,0.0,0.0,-0.006492426875043999,-0.8837762669133798,-6.210721703053221e-05,0.0,0.0,0.0
8.75,-1.3024796832257455,-0.09956196097949672,1.0,-1.626983642578125,-0.15863701701164246,1.0757027864456177,0.08346764151076012,0.09105978184797173,-0.03933287202321557,-0.9915615094642718,0.1493429414692451,2.9962804751613814,0.0,0.18833675980567932,3.1075046062469482,0.016923867166042328,-2.072292047924717,-0.21303617967152227,-1.059453683750022,-2.0690334697274055,0.6740820844399305,-1.059427371549246,-4.647096663521743,0.35128798925007865,-0.544254192933928,-4.390376792462829,0.8227876483802379,-0.5125332413130811,0.0,0.0,0.0,-0.003258578197311517,-0.8871182641114527,-2.6312200775906617e-05,0.0,0.0,0.0
8.7667,-1.3006151404536808,-0.04960023605736124,1.0,-1.6252737045288086,-0.1277780681848526,1.0760802030563354,0.07506881543213381,0.09356935502718593,-0.03870859290307224,-0.9920237760987394,0.07440035408604186,2.9990772893194784,0.0,0.13902176916599274,3.1183273792266846,0.012056425213813782,-2.224072880142555,-0.276789939803725,-1.0346702329911328,-2.222297368271074,0.6165183706949352,-1.0346568794923359,-2.961104927490587,0.6498504001259788,-0.29226420125119895,-3.9684296143339357,0.7717334118262442,-0.4475057947082489,0.0,0.0,0.0,-0.0017755118714809775,-0.8933083104986602,-1.3353498796946686e-05,0.0,0.0,0.0
8.7833,-1.3000000362979822,0.00038104058662070375,1.0,-1.6231321096420288,-0.06589730083942413,1.076677680015564,0.0672595108237918,0.09618798021347177,-0.03807124825989053,-0.9923581691948247,-0.0005715608799310556,2.9999999455530264,0.0,0.06052561104297638,3.1212422847747803,0.006662944331765175,-2.20655963947806,-0.4595943923106972,-1.0078520311576118,-2.2062230997621968,0.43538476672708104,-1.0078479527528226,-4.710919614239927,0.1749370421245421,-0.32368787828382556,-4.18762623320486,0.5955482155143503,-0.4109524826915045,0.0,0.0,0.0,-0.00033653971586327774,-0.8949791590377782,-4.0784047891854605e-06,0.0,0.0,0.0
8.8,-1.3006345095409741,0.050374949742305435,1.0,-1.6227684020996094,-0.003871012246236205,1.077138066291809,0.059785124171508074,0.09916810089506908,-0.037870165645644965,-0.992550906733065,-0.07556242461345815,2.9990482356885386,0.0,-0.025171956047415733,3.131129026412964,-0.003015311202034354,-2.140513788575361,-0.6963691826770277,-0.9546557325425772,-2.1405719978098667,0.20428876762317938,-0.9546565678036483,-5.141785375182388,0.5931965782622378,-0.5806875790123524,-4.469311451608794,0.5948539692153574,-0.4610613854672606,0.0,0.0,0.0,5.820923450577831e-05,-0.9006579503002071,8.352610711311268e-07,0.0,0.0,0.0
8.8167,-1.302521462208431,0.10039666858046391,1.0,-1.6231826543807983,0.027164960280060768,1.0773054361343384,0.059785124171508074,0.09916810089506908,-0.037870165645644965,-0.992550906733065,-0.15059500287069585,2.9962178066873535,0.0,-0.06678418815135956,3.1312777996063232,-0.003208739450201392,-2.3388004309830457,-0.7306419615665759,-0.9569131705461166,-2.339210168055748,0.17010157890993227,-0.9569141164061304,-2.492564502049356,0.008911484961869127,-0.01158631394418897,-3.885739622006102,0.42187303827021866,-0.32836812905020657,0.0,0.0,0.0,0.0004097370727023917,-0.9007435404765082,9.458600138724064e-07,0.0,0.0,0.0
8.8333,-1.305649597321432,0.15022140771486014,1.0,-1.6254240274429321,0.08930899947881699,1.0775582790374756,0.051858989157638355,0.10188312580206697,-0.03783615313889677,-0.992722992315535,-0.22533211157229022,2.991525604017852,0.0,-0.15382632613182068,3.133253812789917,-0.008167869411408901,-2.257047095150881,-0.943340290962506,-0.931002590275242,-2.2592208936979645,-0.04145955166319948,-0.9310087190763763,-5.233238546773315,0.1188039333734698,-0.29815800339457726,-4.283545933577404,0.33240149914374434,-0.31944954778955914,0.0,0.0,0.0,0.0021737985470834578,-0.9018807392993066,6.128801134312041e-06,0.0,0.0,0.0
8.85,-1.3100292262789963,0.20004079517996065,1.0,-1.6294689178466797,0.15148180723190308,1.077714204788208,0.044201868258190564,0.10460238515025119,-0.037757507119575436,-0.9928136923335305,-0.300061192769941,2.9849561605815054,0.0,-0.2473241686820984,3.1401472091674805,-0.014798027463257313,-2.130928541660431,-1.1971685058410957,-0.8945924828806971,-2.1365479562472904,-0.2913149888781682,-0.8946125999918941,-5.608271362173758,0.41348587772613515,-0.3976960806220951,-4.674629092835335,0.35633908972511297,-0.3425493544367008,0.0,0.0,0.0,0.005619414586859539,-0.9058535169629275,2.0117111196998116e-05,0.0,0.0,0.0
8.8666,-1.3156537855308619,0.2497400671137932,1.0,-1.6321535110473633,0.1825433224439621,1.077728033065796,0.03549936853841494,0.10655665812453842,-0.037675236471282084,-0.9929583403176199,-0.3746101006706898,2.976519321703707,0.0,-0.2889202833175659,3.133470296859741,-0.017128923907876015,-2.3254132226895567,-1.2252423463663205,-0.8832679929650601,-2.333081786269207,-0.3232369765266847,-0.8832949466482057,-2.4949840548000055,-0.4004890814706766,-0.1398099200773664,-4.031158039034445,0.13290958062278657,-0.28269696783351905,0.0,0.0,0.0,0.007668563579650196,-0.9020053698396358,2.6953683145680623e-05,0.0,0.0,0.0
8.8833,-1.3225133879503272,0.2992435448999826,1.0,-1.6389576196670532,0.24459242820739746,1.0776140689849854,0.026532631786078297,0.10874015463698625,-0.03740697178051034,-0.9930117403746831,-0.4488653173499739,2.966229918074509,0.0,-0.37785446643829346,3.1254453659057617,-0.026613932102918625,-2.2169116644982907,-1.4120298044103878,-0.8283738131946882,-2.2300278357635275,-0.514638655264337,-0.828438882481646,-5.339034723613775,-0.48176509317837,-0.5694187131437323,-4.417267141104777,-0.04855361783087728,-0.36734246762035305,0.0,0.0,0.0,0.013116171265236823,-0.8973911491460508,6.506928695778232e-05,0.0,0.0,0.0
8.9,-1.3306164834220473,0.3486094729508325,1.0,-1.6429909467697144,0.2755151093006134,1.0775052309036255,0.019635394857679643,0.11045729100230496,-0.03726346176133075,-0.9929880116989714,-0.5229142094262488,2.954075274866929,0.0,-0.42303267121315,3.1194729804992676,-0.027555756270885468,-2.3870420351733213,-1.4667611881145755,-0.8247643634981193,-2.4034821852519297,-0.5727963954734054,-0.824834119668229,-2.708408967468984,-0.35804127837173405,-0.0564618500228689,-3.9127809745054494,-0.13992003189896893,-0.27556482716930164,0.0,0.0,0.0,0.01644015007860828,-0.89396479264117,6.97561701096061e-05,0.0,0.0,0.0
8.9167,-1.339953884538718,0.3977678032032499,1.0,-1.6524931192398071,0.33722302317619324,1.0771859884262085,0.007330654045060512,0.11149133232038336,-0.03718544794473699,-0.993042423280399,-0.5966517048048748,2.940069173191923,0.0,-0.5120350122451782,3.1062498092651367,-0.03240641579031944,-2.268406275240853,-1.643802943833766,-0.7966393765459122,-2.2924918644733903,-0.757400964148615,-0.7967358526946368,-5.335337225588841,-0.7926766521838555,-0.29077779306254287,-4.33274558066938,-0.33262571699934046,-0.28005597275674304,0.0,0.0,0.0,0.0240855892325373,-0.886401979685151,9.647614872458934e-05,0.0,0.0,0.0
8.9333,-1.3504981754049588,0.44659000873351984,1.0,-1.6638729572296143,0.3986632823944092,1.07685387134552,-0.0014078996694381505,0.11307936762035715,-0.03704636334465108,-0.9928941506673378,-0.6698850131002798,2.9242527368925617,0.0,-0.6099850535392761,3.0963056087493896,-0.03209210932254791,-2.0869855849951726,-1.8511785769914182,-0.7994239678831297,-2.1211674965229013,-0.9704428832193451,-0.7995185816828965,-5.8826462670752315,-0.5972250064434835,0.01887649810991151,-4.790304591684884,-0.4107402634702002,-0.19180564360349112,0.0,0.0,0.0,0.034181911527728676,-0.8807356937720731,9.461379976677101e-05,0.0,0.0,0.0
8.95,-1.3622720010010663,0.4951870372854981,1.0,-1.6702356338500977,0.4292464852333069,1.0766867399215698,-0.0014078996694381505,0.11307936762035715,-0.03704636334465108,-0.9928941506673378,-0.7427805559282472,2.9065919984984,0.0,-0.7018480896949768,3.077902317047119,-0.029691003262996674,-2.2745061529621315,-1.8904285842964608,-0.8122134313948811,-2.3134232730353905,-1.0177233553118297,-0.8122974804978991,-2.452418582032982,-0.8487492312313172,0.11066570451392366,-4.100117910805388,-0.5400485164844315,-0.10251057320380615,0.0,0.0,0.0,0.03891712007325881,-0.8727052289846311,8.404910301799608e-05,0.0,0.0,0.0
8.9667,-1.3752665731097076,0.5435082661847491,1.0,-1.6843796968460083,0.4901690185070038,1.0763407945632935,-0.006891415394948017,0.1153481430124107,-0.036882664985034744,-0.992616234348257,-0.8152623992771237,2.8871001403354386,0.0,-0.7409208416938782,3.065704107284546,-0.03489861637353897,-2.1289271686860016,-2.079500106049731,-0.7851218398779599,-2.179358633343233,-1.2160874109847577,-0.7852337255245837,-5.401306287626374,-0.9868298751626603,-0.27897152639744893,-4.484252502179572,-0.6719465396352147,-0.15460507186060185,0.0,0.0,0.0,0.05043146465723139,-0.8634126950649733,0.00011188564662380637,0.0,0.0,0.0
8.9833,-1.3894380119048226,0.5913990950667779,1.0,-1.7002208232879639,0.5505993366241455,1.0758755207061768,-0.014588204381378655,0.1175825950647082,-0.03636215140592519,-0.9922899334470856,-0.8870986426001668,2.865842982142766,0.0,-0.8229316473007202,3.0401594638824463,-0.03656860813498497,-2.0224719867812007,-2.223547808276225,-0.7753017348532728,-2.0846856088922587,-1.3744637508282747,-0.7754245847568115,-4.926431834782235,-1.5344800423929077,-0.10031727546796901,-4.614791923119083,-0.9265821946491801,-0.13857832211754145,0.0,0.0,0.0,0.062213622111057874,-0.8490840574479505,0.0001228499035387775,0.0,0.0,0.0
9.0,-1.4048239379408591,0.6389895881765272,1.0,-1.7087681293487549,0.5806282758712769,1.0756416320800781,-0.02651320735727069,0.11613862822965679,-0.03651430152904952,-0.9922074942113983,-0.9584843822647908,2.842764093088711,0.0,-0.8707264065742493,3.028532028198242,-0.03629874810576439,-2.1585248022181878,-2.310554277550172,-0.7782738832230086,-2.228174845331232,-1.4679526371006064,-0.7783949266616189,-2.8664991277490204,-0.6973575085080218,0.016184902908456544,-4.098663935415498,-0.8589108776344696,-0.09288938939716285,0.0,0.0,0.0,0.06965004311304408,-0.8426016404495656,0.00012104343861033474,0.0,0.0,0.0
9.0166,-1.4213843011947993,0.6861508990030168,1.0,-1.727314829826355,0.6403731107711792,1.0751537084579468,-0.03322310417821646,0.11508276274658383,-0.036510929781168655,-0.9921285953109859,-1.0292263485045252,2.817923548207801,0.0,-0.9573731422424316,3.00026535987854,-0.036440081894397736,-2.0108068142937032,-2.4582654389199354,-0.7774904160325639,-2.0950084325300558,-1.6313191660860134,-0.7776124039022541,-5.200817853974069,-1.6966570308251525,-0.008483311986605227,-4.4240399168482,-1.1062288540042133,-0.06797117260920038,0.0,0.0,0.0,0.0842016182363526,-0.8269462728339221,0.00012198786969014867,0.0,0.0,0.0
9.0333,-1.4391227820226065,0.7328956130396173,1.0,-1.7476974725723267,0.6995243430137634,1.0746397972106934,-0.04147695596394968,0.11369062863266671,-0.03689050429885778,-0.9919643911891874,-1.0993434195594258,2.7913158269660903,0.0,-1.0530433654785156,2.9747297763824463,-0.04107639193534851,-1.7992125295787755,-2.6313502677462335,-0.7495910260092421,-1.9010835065227036,-1.8184205504022346,-0.7497460298775595,-5.740136755071095,-1.532114553829428,-0.2781748884215947,-4.812575758518388,-1.231958096740121,-0.1300271515261087,0.0,0.0,0.0,0.1018709769439282,-0.8129297173439989,0.000155003868317302,0.0,0.0,0.0
9.05,-1.4580239031199724,0.7791816595137621,1.0,-1.758527159690857,0.7288386225700378,1.0743532180786133,-0.04147695596394968,0.11369062863266671,-0.03689050429885778,-0.9919643911891874,-1.168772489270643,2.762964145320041,0.0,-1.090789794921875,2.9554402828216553,-0.04154109209775925,-1.982128632740052,-2.704168948381694,-0.7478488639746536,-2.091433648413416,-1.901747856940509,-0.7480073948209486,-2.264334444142508,-1.1571389750997583,-0.02787645346758392,-4.06028834690461,-1.2098701245215908,-0.09987039839466139,0.0,0.0,0.0,0.1093050156733642,-0.8024210914411851,0.0001585308462950322,0.0,0.0,0.0
9.0667,-1.4780861296873757,0.8250029388811136,1.0,-1.7815459966659546,0.7869835495948792,1.0736947059631348,-0.05141349696887806,0.11255802690934558,-0.0374575479987234,-0.991606901620118,-1.2375044083216704,2.732870805468936,0.0,-1.175040364265442,2.918928861618042,-0.048517342656850815,-1.824033983730238,-2.8297426674400263,-0.7051562718292678,-1.9508761146532994,-2.0470252825413993,-0.7053725197651364,-5.053015028670298,-2.189810246950653,-0.41840784214891397,-4.3533594079741755,-1.4991663595679972,-0.1939084738752197,0.0,0.0,0.0,0.12684213092306135,-0.7827173848986272,0.00021624793586857172,0.0,0.0,0.0
9.0833,-1.4992721277234367,0.8702753185092186,1.0,-1.8062918186187744,0.8443479537963867,1.072919249534607,-0.05854535750040277,0.11113589477600083,-0.03778974945868627,-0.9913593310319649,-1.305412977763828,2.7010918084148448,0.0,-1.266936182975769,2.8832199573516846,-0.05407889932394028,-1.609527712967941,-2.9680542334027065,-0.6703394197520117,-1.7569854068351654,-2.2043705540450325,-0.6706080863314237,-5.515726960503721,-2.1433028048082425,-0.33381309924155694,-4.6965115547128615,-1.6893272114395035,-0.23521087639725669,0.0,0.0,0.0,0.14745769386722435,-0.7636836793576739,0.0002686665794118974,0.0,0.0,0.0
9.1,-1.52160807354549,0.9150530891273015,1.0,-1.819291114807129,0.8727266788482666,1.07249915599823,-0.06780649920921111,0.10830943886989622,-0.03792550445773984,-0.9910767364126996,-1.3725796336909524,2.667587889681765,0.0,-1.3052717447280884,2.8587865829467773,-0.054165057837963104,-1.7739757974865966,-3.040526180174493,-0.6701408151429439,-1.930492191047452,-2.2897310814024454,-0.6704103384836128,-2.298064829636405,-1.4646838554767894,-0.005164861079350561,-3.988446243738485,-1.6230083868289649,-0.16729708799768453,0.0,0.0,0.0,0.15651639356085534,-0.7507950987720475,0.00026952334066885773,0.0,0.0,0.0
9.1166,-1.5450233058842044,0.9591959148736998,1.0,-1.846707820892334,0.9288522601127625,1.0716557502746582,-0.07539719667540574,0.10648839208375192,-0.03743133265894962,-0.990744408512191,-1.4387938723105498,2.632465041173693,0.0,-1.3963558673858643,2.817182779312134,-0.05622147023677826,-1.547040161886066,-3.1603701978589758,-0.6559722289616309,-1.7261626804295112,-2.4312686696583885,-0.6562626060563026,-5.468729422542872,-2.4979100460935038,-0.12346787411606401,-4.425452894072507,-1.88129534770336,-0.15435790296914786,0.0,0.0,0.0,0.1791225185434451,-0.7291015282005874,0.00029037709467173684,0.0,0.0,0.0
9.1333,-1.5695469319753108,1.0027622746014837,1.0,-1.8758448362350464,0.9840716123580933,1.0707837343215942,-0.08369146399613837,0.10411980307625696,-0.03687967255879046,-0.9903507990939479,-1.5041434119022257,2.5956796020370336,0.0,-1.485558032989502,2.7726895809173584,-0.05815407633781433,-1.320575290001199,-3.2701014614758335,-0.6423755293705687,-1.523314244561542,-2.5638482113617043,-0.6426862129377355,-5.3531305442683,-2.6700909975390603,-0.11597804469753334,-4.699320292085662,-2.1141622407874023,-0.14302746731755883,0.0,0.0,0.0,0.20273895456034277,-0.7062532501141292,0.0003106835671668384,0.0,0.0,0.0
9.15,-1.5951537170763181,1.0457050978174036,1.0,-1.8910318613052368,1.011359453201294,1.0703288316726685,-0.08369146399613837,0.10411980307625696,-0.03687967255879046,-0.9903507990939479,-1.5685576467261053,2.5572694243855225,0.0,-1.5202913284301758,2.7431790828704834,-0.05658618360757828,-1.4882128801049068,-3.341273519856956,-0.6518527988023527,-1.7005429952187323,-2.6499739611634863,-0.6521469555176542,-2.083880473186571,-1.7705302607675693,0.09406827089502066,-3.927194653712553,-2.012715799534584,-0.07303247186781091,0.0,0.0,0.0,0.2123301151138256,-0.6912995586934697,0.0002941567153015222,0.0,0.0,0.0
9.1666,-1.621822830325178,1.0879896080304279,1.0,-1.9227309226989746,1.065308690071106,1.069506287574768,-0.09251606247750555,0.10134376204496096,-0.03626247410919696,-0.9898763941671093,-1.6319844120456417,2.517265754512233,0.0,-1.605278491973877,2.6915478706359863,-0.0502585843205452,-1.2686808325563,-3.4245940860896593,-0.6880222166461897,-1.5054137947364352,-2.759072455608539,-0.6882542649835572,-5.099964232062379,-3.0983189069318264,0.3797106373846484,-4.273417668596941,-2.33320567900417,0.06062556901868388,0.0,0.0,0.0,0.2367329621801352,-0.6655216304811203,0.00023204833736757162,0.0,0.0,0.0
9.1833,-1.6495521929969776,1.1296114537126978,1.0,-1.9560402631759644,1.1182208061218262,1.0686925649642944,-0.1004819118411098,0.09801836499610316,-0.03557720849925837,-0.9894595196884879,-1.6944171805690467,2.475671710504533,0.0,-1.6892833709716797,2.6403229236602783,-0.05450338125228882,-1.0438475505194733,-3.5167192719329203,-0.6607752598436752,-1.3060054643630938,-2.8762887062941327,-0.6610481606694493,-5.038783857220491,-3.072576723965335,-0.25461157151846237,-4.499367756497989,-2.551481525368524,-0.03243819663072501,0.0,0.0,0.0,0.26215791384362047,-0.6404305656387875,0.0002729008257740517,0.0,0.0,0.0
9.2,-1.6783010618268117,1.1705095274827773,1.0,-1.9733078479766846,1.144327998161316,1.0682435035705566,-0.10673130544514432,0.09381349393990783,-0.03547251572755732,-0.9892165009599742,-1.7557642912241658,2.432548407259782,0.0,-1.7221952676773071,2.607337713241577,-0.05839966610074043,-1.2022642981007938,-3.5951777964768623,-0.6374266671158045,-1.4747368389097226,-2.9706489089882675,-0.6377399803117335,-1.975026468652531,-1.9794259879245715,-0.23381410600337654,-3.75413606954994,-2.382600274940936,-0.09188804573594078,0.0,0.0,0.0,0.2724725408089289,-0.6245288874885949,0.0003133131959289496,0.0,0.0,0.0
9.2166,-1.708069209462309,1.2106842520401604,1.0,-2.0089986324310303,1.1956894397735596,1.0672707557678223,-0.11246651029616012,0.0906150868273385,-0.035534935210201866,-0.9888769238015219,-1.8160263780602406,2.3878961858065364,0.0,-1.8017613887786865,2.554018020629883,-0.060841016471385956,-0.9848327318993613,-3.6892497538799356,-0.6201573426513539,-1.2830635434117026,-3.0900027477139616,-0.6204973989950275,-4.773630381919611,-3.1989558003146903,-0.14647068552424547,-4.055109424420529,-2.623603347010836,-0.10800183863841867,0.0,0.0,0.0,0.2982308115123414,-0.599247006165974,0.0003400563436736046,0.0,0.0,0.0
9.2333,-1.7388234325916736,1.2500910868313382,1.0,-2.046147584915161,1.2459449768066406,1.066361665725708,-0.12043328145743941,0.08545278803939836,-0.03544014694790095,-0.9884015494971675,-1.8751366302470074,2.3417648511124893,0.0,-1.8759788274765015,2.490370750427246,-0.05309585854411125,-0.7878981453179561,-3.7269939453548844,-0.6642943554760029,-1.111204189401361,-3.1572417958898074,-0.664553343244541,-4.454133756868132,-3.819768772893773,0.46482295780391486,-4.172908700546559,-2.9767332437057896,0.061106511105662134,0.0,0.0,0.0,0.32330604408340474,-0.5697521494650769,0.0002589877685380655,0.0,0.0,0.0
9.25,-1.770560726845449,1.288726312966597,1.0,-2.0653300285339355,1.2706489562988281,1.0659329891204834,-0.12043328145743941,0.08545278803939836,-0.03544014694790095,-0.9884015494971675,-1.9330894694498952,2.2941589097318262,0.0,-1.9115378856658936,2.458662986755371,-0.05391167104244232,-0.9087133554933648,-3.8393547482061243,-0.6594538616679563,-1.2443920506751687,-3.2840185725792255,-0.6597208692201152,-2.1335455260710967,-1.902467634647021,-0.048948796581074316,-3.570851416877426,-2.659590400967422,0.028616172735062888,0.0,0.0,0.0,0.33567869518180377,-0.5553361756268987,0.00026700755215886484,0.0,0.0,0.0
9.2666,-1.8032591149416728,1.326561993649304,1.0,-2.104660987854004,1.3191219568252563,1.064960241317749,-0.12841996963881813,0.08017725910875566,-0.033937485357941985,-0.987890771840064,-1.989842990473956,2.2451113275874905,0.0,-1.9756017923355103,2.3925256729125977,-0.06306499987840652,-0.7530923027695173,-3.875009209893228,-0.6018359845580369,-1.1116481270968273,-3.3491479569824136,-0.6022013561327646,-3.8429584817150784,-3.967334563292859,-0.5490745805981035,-3.6511823958681955,-3.0456603800462227,-0.14192869642096595,0.0,0.0,0.0,0.3585558243273099,-0.5258612529108146,0.0003653715747277458,0.0,0.0,0.0
9.2833,-1.8369083539865751,1.3635845538013869,1.0,-2.1453545093536377,1.3664089441299438,1.0637348890304565,-0.13320852597923188,0.0768557081244606,-0.0317261666571209,-0.9875941844670928,-2.0453768307020805,2.194637469020137,0.0,-2.035808563232422,2.3266382217407227,-0.07988423109054565,-0.6089784450103748,-3.9171976538009794,-0.49691969772602873,-0.9897213613735596,-3.41990084168873,-0.4975059439753225,-3.610085775553967,-3.9507076483202286,-1.008505629020729,-3.6390499224058708,-3.3128468756881118,-0.39775804582830476,0.0,0.0,0.0,0.3807429163631848,-0.49729681211224924,0.0005862462492937582,0.0,0.0,0.0
9.3,-1.871449573564373,1.3997298593409333,1.0,-2.1661126613616943,1.3895773887634277,1.0630004405975342,-0.1377178304723026,0.07272264854804665,-0.02986837572160929,-0.9873465717320913,-2.0995947890114,2.14282563965344,0.0,-2.0675718784332275,2.2967689037323,-0.08577252924442291,-0.7299926399209093,-4.065126139941088,-0.46001776944486095,-1.1227091789267982,-3.5805159323894213,-0.46069362578440587,-1.9057189448990102,-1.792083881673056,-0.3532830648852778,-3.127338936800889,-2.8638898440320224,-0.3846282185602007,0.0,0.0,0.0,0.39271653900588893,-0.4846102075516668,0.0006758563395449238,0.0,0.0,0.0
9.3167,-1.9068721965178776,1.434989520228311,1.0,-2.2085134983062744,1.4349455833435059,1.061247706413269,-0.1457597573670109,0.06614007735645229,-0.02887366794990364,-0.9866843183014397,-2.1524842803424664,2.089691705223183,0.0,-2.116042137145996,2.224820137023926,-0.10690221935510635,-0.6368912308857564,-4.082113319818411,-0.32651652394481856,-1.0482365709839196,-3.6273894293635003,-0.3275663839744985,-2.9096751109202805,-4.3190926005438675,-1.2684176864176326,-3.063080597039303,-3.293492295296594,-0.6455390229785906,0.0,0.0,0.0,0.4113453400981633,-0.4547238904549111,0.001049860029679943,0.0,0.0,0.0
9.3333,-1.9431690336987821,1.4693569099732386,1.0,-2.2300658226013184,1.457093358039856,1.0602155923843384,-0.1457597573670109,0.06614007735645229,-0.02887366794990364,-0.9866843183014397,-2.204035364959858,2.0352464494518268,0.0,-2.1405515670776367,2.18723726272583,-0.11541062593460083,-0.786415736017801,-4.199311832328766,-0.2723120671351046,-1.207345220924263,-3.759821070309906,-0.2735356955439935,-1.4710301503942305,-2.2556845012377833,-0.51066559463675,-2.5930782064067976,-2.987112465905779,-0.605721921776144,0.0,0.0,0.0,0.420929484906462,-0.43949076201885956,0.0012236284088888896,0.0,0.0,0.0
9.35,-1.9803187822983779,1.5028111936120132,1.0,-2.2738840579986572,1.50026535987854,1.0579073429107666,-0.15278029226655016,0.06034464597600346,-0.028149205770849825,-0.986014394144359,-2.25421679041802,1.9795218265524328,0.0,-2.1899943351745605,2.109017848968506,-0.1285204440355301,-0.6690261218498399,-4.188161390702008,-0.18404193318555484,-1.109625562462987,-3.7795424731116776,-0.1855593412688451,-2.966908451006481,-4.693706453781994,-0.7866798646579968,-2.7034397273139024,-3.4909302034851084,-0.6591440139828567,0.0,0.0,0.0,0.440599440613147,-0.40861891759033003,0.0015174080832902517,0.0,0.0,0.0
9.3666,-2.018300236373128,1.5353324447554741,1.0,-2.3187780380249023,1.5419586896896362,1.0553091764450073,-0.15777495723289428,0.058226882742164435,-0.02705465211502194,-0.9853855631645765,-2.3029986671332114,1.9225496454403075,0.0,-2.2463936805725098,2.035231590270996,-0.14287817478179932,-0.49829166170833905,-4.206420588288931,-0.08674864394392101,-0.9618770040326055,-3.825893455710331,-0.08862402595447649,-3.383431546427141,-4.426483208421534,-0.8613291306710911,-2.904185740901133,-3.7671225501598946,-0.7188327558779604,0.0,0.0,0.0,0.46358534232426635,-0.38052713257859977,0.001875382010555482,0.0,0.0,0.0
9.3833,-2.057080022313341,1.5668918051567553,1.0,-2.3416593074798584,1.5623146295547485,1.053920865058899,-0.16239975199341894,0.0570514071371956,-0.02573617225305566,-0.9847381454246007,-2.350337707735133,1.8643799665299883,0.0,-2.274028778076172,2.003221035003662,-0.14756521582603455,-0.604011147134734,-4.3782905141857205,-0.05348191837630678,-1.0790726861673101,-4.009639271400266,-0.055482360326054685,-1.6583683864137122,-1.920937419520989,-0.28126699001344896,-2.5363976873664895,-3.2220949558528185,-0.5896553441642522,0.0,0.0,0.0,0.4750615390325761,-0.3686512427854544,0.0020004419497479044,0.0,0.0,0.0
9.4,-2.0966354486986534,1.597471050339038,1.0,-2.3881289958953857,1.6018785238265991,1.0510603189468384,-0.1667091460814684,0.055663506147375794,-0.024249231437591348,-0.9841350240224097,-2.3962065755085566,1.8050468269520197,0.0,-2.3161919116973877,1.9170544147491455,-0.14881201088428497,-0.4978159638891204,-4.331089640309931,-0.033400548212185854,-0.9906572019662863,-3.9934706714491,-0.03543493688524979,-2.5296094979259047,-5.16963238449435,-0.07480242454584465,-2.5343936897721515,-3.7970436010020427,-0.4376613520425167,0.0,0.0,0.0,0.49284123807716584,-0.33761896886083087,0.002034388673063935,0.0,0.0,0.0
9.4166,-2.136951622496169,1.6270582262432118,1.0,-2.4355311393737793,1.6397703886032104,1.048229694366455,-0.17077379342021506,0.05202839841522789,-0.022935345582112656,-0.9836683741156971,-2.440587339364818,1.744572566255746,0.0,-2.371080160140991,1.8383233547210693,-0.14544576406478882,-0.303652499764109,-4.329855346067726,-0.04105288314089306,-0.8201288405222428,-4.0193981235027385,-0.04299627381101904,-3.292638624694289,-4.722922238590368,0.20193455999084656,-2.7582414534214665,-4.07037989761193,-0.2488409485635082,0.0,0.0,0.0,0.5164763407581338,-0.3104572225649876,0.001943390670125981,0.0,0.0,0.0
9.4333,-2.1779813144073756,1.6556189383976616,1.0,-2.459656238555908,1.6581218242645264,1.0468268394470215,-0.17077379342021506,0.05202839841522789,-0.022935345582112656,-0.9836683741156971,-2.4834284075964925,1.6830280283889363,0.0,-2.3983492851257324,1.7933826446533203,-0.14425788819789886,-0.38459661153380087,-4.442735239711049,-0.04272646663061208,-0.913020962626612,-4.147271708685844,-0.04463824304311098,-1.6364533852229153,-2.6969467177931667,0.07128587678131976,-2.4270691121508756,-3.6649173199347462,-0.1543336585874093,0.0,0.0,0.0,0.5284243510928112,-0.2954635310252047,0.0019117764124988999,0.0,0.0,0.0
9.45,-2.219717447001643,1.68314871763827,1.0,-2.508641481399536,1.6934534311294556,1.0440037250518799,-0.1748187265705708,0.04947778177882593,-0.021610375105475674,-0.9831192428264487,-2.524723076457405,1.6204238294975348,0.0,-2.4436275959014893,1.6983929872512817,-0.14819882810115814,-0.2257277211344293,-4.349545367750758,-0.006431981723736713,-0.774292601816288,-4.084552408914698,-0.00844963946190118,-2.716817830677234,-5.699629481273783,-0.2364667677605791,-2.512608229756772,-4.265601539516878,-0.1785808536074025,0.0,0.0,0.0,0.5485648806818587,-0.26499295883605933,0.0020176577381644683,0.0,0.0,0.0
9.4666,-2.26212992324488,1.7096273581621,1.0,-2.558537006378174,1.727007269859314,1.0411708354949951,-0.18169275639050814,0.04805439314255995,-0.01952216734915493,-0.9819865041258699,-2.56444103724315,1.5568051151326798,0.0,-2.491305351257324,1.6109211444854736,-0.14579015970230103,-0.04018531314177687,-4.301669206903588,-0.00809196310218907,-0.6103651826560607,-4.063269057923052,-0.010044568034040998,-2.860545288092922,-5.248090347313612,0.14451403988098643,-2.615325608814855,-4.555650193067547,-0.08319733566630819,0.0,0.0,0.0,0.5701798695142838,-0.23840014898053566,0.001952604931851928,0.0,0.0,0.0
9.4833,-2.3052022208020007,1.7350439125574686,1.0,-2.5838286876678467,1.7431540489196777,1.039744257926941,-0.18354440442284936,0.04596168621016065,-0.018674214903964287,-0.9817587847033655,-2.602565868836203,1.4921966687969987,0.0,-2.515247344970703,1.5724539756774902,-0.14619025588035583,-0.11262758721017008,-4.469490452200544,0.0001162964899629193,-0.6938192249698122,-4.242339875217224,-0.0018470403287033127,-1.43608958041358,-2.3073391871406916,-0.023998584217601465,-2.26719357968441,-3.8919076904993632,-0.06572078223046435,0.0,0.0,0.0,0.5811916377596421,-0.22715057698331975,0.001963336818666232,0.0,0.0,0.0
9.5,-2.3488833581833717,1.7593683905479998,1.0,-2.635075569152832,1.7742455005645752,1.036858320236206,-0.1860869341326933,0.04044809870823827,-0.018398785248945594,-0.9815279464140713,-2.6390525858219998,1.4266749627249427,0.0,-2.5563809871673584,1.4861586093902588,-0.1486455649137497,0.056134904614436154,-4.433661375616224,0.02804928236740467,-0.5442214560280269,-4.230758462676166,0.02601944206949592,-2.4681268060999684,-5.177949128780292,-0.14732500500700982,-2.3265127406895316,-4.271570628767584,-0.08981184031942607,0.0,0.0,0.0,0.600356360642463,-0.2029029129400585,0.0020298402979087517,0.0,0.0,0.0
9.5167,-2.393160789877215,1.782594358507814,1.0,-2.6609842777252197,1.7891223430633545,1.0353988409042358,-0.1860869341326933,0.04044809870823827,-0.018398785248945594,-0.9815279464140713,-2.6738915377617207,1.3602588151841768,0.0,-2.573385000228882,1.4400181770324707,-0.1487978994846344,-0.038629955431684015,-4.56593727785208,0.03508060805800939,-0.6469995337821731,-4.375437748615184,0.0330466051966859,-1.0201396040736928,-2.7681513903192583,-0.009139167810962353,-1.9408475134591963,-3.827733790756167,-0.0659957928960594,0.0,0.0,0.0,0.6083695783504891,-0.19049952923689614,0.0020340028613234826,0.0,0.0,0.0
9.5333,-2.4380043362783432,1.8047059249986024,1.0,-2.713390350341797,1.8176466226577759,1.0325212478637695,-0.18786082649788802,0.037584478501370144,-0.018673835582327703,-0.9812986675581721,-2.7070588874979036,1.2929934955824847,0.0,-2.617281675338745,1.3603929281234741,-0.143166646361351,0.16904617284266998,-4.573807960963417,0.014597060481022495,-0.4602555019034751,-4.40379317628154,0.01271409801884711,-2.633916053904037,-4.77772452862579,0.3378900103001345,-2.145454014193954,-4.10818842007923,0.053238678250733515,0.0,0.0,0.0,0.6293016747461451,-0.17001478468187733,0.0018829624621753843,0.0,0.0,0.0
9.55,-2.4833787658803623,1.825686106641807,1.0,-2.7667369842529297,1.8446217775344849,1.0298014879226685,-0.19102549637531338,0.03399777115638093,-0.018420195847989155,-0.9808232511069692,-2.7385291599627104,1.2249318511794562,0.0,-2.666532516479492,1.276168704032898,-0.13542981445789337,0.4224048272652121,-4.554328293226761,-0.019218328481671265,-0.23080352083263467,-4.404713637142171,-0.020903276570975866,-2.9556029302352202,-5.054398214387913,0.4642967006238196,-2.3846247817472865,-4.387526845756716,0.17459051958914523,0.0,0.0,0.0,0.6532083480978468,-0.14961465608458951,0.0016849480893046005,0.0,0.0,0.0
9.5667,-2.5292805413338915,1.8455328542275862,1.0,-2.7937135696411133,1.8574960231781006,1.028423547744751,-0.19398648107059774,0.03148318480709972,-0.017518927639432188,-0.9803424398591569,-2.7682992813413794,1.1560791879991625,0.0,-2.684605598449707,1.2327505350112915,-0.14015468955039978,0.3652834156053262,-4.716927342165273,0.015073050294389545,-0.2968095009343744,-4.577319968244985,0.013268482401716799,-1.084246359813485,-2.604757273221386,-0.28345628200360445,-2.000729303859791,-3.8612206832828986,0.039366731785290654,0.0,0.0,0.0,0.6620929165397006,-0.13960737392028813,0.0018045678926727467,0.0,0.0,0.0
9.5833,-2.5756435157560245,1.8642177136090374,1.0,-2.848276376724243,1.881989598274231,1.0256634950637817,-0.19805357819491412,0.02951116537541137,-0.015681957247084887,-0.9796213494279841,-2.796326570413556,1.086534726365963,0.0,-2.729649543762207,1.1473571062088013,-0.13153575360774994,0.6172419154714961,-4.693214172857811,-0.02369553070475716,-0.06725538976630185,-4.572278290351592,-0.025284976029392142,-2.7033353842631676,-5.124930244537611,0.5172698427461474,-2.208151460713179,-4.234290843280965,0.18045246503931317,0.0,0.0,0.0,0.684497305237798,-0.1209358825062184,0.0015894453246349794,0.0,0.0,0.0
9.6,-2.622473773580334,1.8817433970957698,1.0,-2.903702735900879,1.9048256874084473,1.0231291055679321,-0.2013368967192537,0.02561412551648038,-0.01355265631346597,-0.9790932915629911,-2.8226150956436546,1.0162893396294987,0.0,-2.764819383621216,1.061705470085144,-0.1218784898519516,0.8235663396157955,-4.667146263127845,-0.06973826755644608,0.1213167571666226,-4.563592456449337,-0.07110288867282476,-2.1098302272694767,-5.138221033511163,0.5793369280718567,-2.1791252355292614,-4.501147557066871,0.2982104491575477,0.0,0.0,0.0,0.7022495824491729,-0.10355380667850744,0.0013646211163786766,0.0,0.0,0.0
9.6167,-2.6698347761359384,1.89812849687063,1.0,-2.9316458702087402,1.9155669212341309,1.0219231843948364,-0.2013368967192537,0.02561412551648038,-0.01355265631346597,-0.9790932915629911,-2.847192745305945,0.9452478357960918,0.0,-2.7866604328155518,1.0132142305374146,-0.11721978336572647,0.8209954622565547,-4.811386452774283,-0.09239373212098256,0.10760703326617949,-4.7170758501039005,-0.09365602399763324,-1.306781546888819,-2.901300961456164,0.278737143733417,-1.9215934343365377,-4.028843600765202,0.2924615734720156,0.0,0.0,0.0,0.7133884289903752,-0.0943106026703825,0.0012622918766506807,0.0,0.0,0.0
9.6333,-2.71737180664078,1.9132549198428763,1.0,-2.988217830657959,1.9357463121414185,1.0196373462677002,-0.20327606268252782,0.020670247502591877,-0.013098060405427466,-0.9788156281250013,-2.8698823797643147,0.8739422900388298,0.0,-2.832188606262207,0.927415668964386,-0.1070023849606514,1.1146610394186853,-4.7841014490372,-0.14292166482859214,0.37777165332626284,-4.705086945293865,-0.14397349318283578,-2.7394129798588396,-5.1624670052217825,0.6147769983359155,-2.163028711912992,-4.363509949620123,0.3876149780283834,0.0,0.0,0.0,0.7368893860924225,-0.07901450374333525,0.0010518283542436352,0.0,0.0,0.0
9.65,-2.7653974439589932,1.9272260134904837,1.0,-3.0454893112182617,1.9542802572250366,1.0175299644470215,-0.2065484388313228,0.0151542681670165,-0.012726873110592049,-0.978236235398522,-2.8908390202357257,0.8019038340615099,0.0,-2.86051607131958,0.8360706567764282,-0.0993313416838646,1.3178456882048446,-4.722962678358941,-0.1789959237436426,0.5661418932905419,-4.658746579077415,-0.17990234600212976,-1.6979735330265526,-5.475301540572213,0.4598091791236745,-2.025735923036068,-4.691731148096438,0.40892802572488973,0.0,0.0,0.0,0.7517037949143027,-0.06421609928152659,0.0009064222584871701,0.0,0.0,0.0
9.6667,-2.8137386963931457,1.9399870990845693,1.0,-3.0743048191070557,1.9628584384918213,1.0165128707885742,-0.2076081791902807,0.009027675826927402,-0.01264949149672605,-0.9780886371350368,-2.909980648626854,0.729391955410281,0.0,-2.875805377960205,0.7919509410858154,-0.09623586386442184,1.3102110704461927,-4.901494542128373,-0.19303342803745294,0.5504501667072015,-4.843877028003474,-0.19388423660934373,-0.9178976296805221,-2.648738978586969,0.18583784209320967,-1.6986818102668502,-4.088602518764125,0.34306772597465834,0.0,0.0,0.0,0.7597609037389912,-0.05761751412489898,0.0008508085718908036,0.0,0.0,0.0
9.6833,-2.8623747553439207,1.9515337930048013,1.0,-3.1324832439422607,1.9788203239440918,1.0145918130874634,-0.20922412097232476,0.0016234123109426953,-0.012946373897636799,-0.9777807122598162,-2.9273006895072022,0.6564378669841188,0.0,-2.906808614730835,0.7108355164527893,-0.0894864872097969,1.5539543677105028,-4.901037253893692,-0.22441072318618238,0.7777236308675735,-4.854618209417755,-0.22514637596349968,-1.8604621217540596,-4.867626439659489,0.4050209242435081,-1.7464423151657325,-4.318584618861708,0.36135744245635004,0.0,0.0,0.0,0.7762307368429293,-0.046419044475937976,0.0007356527773173015,0.0,0.0,0.0
9.7,-2.9112841979503443,1.9618613674867276,1.0,-3.1910958290100098,1.9930598735809326,1.012752652168274,-0.21255865318596118,-0.005875376049539829,-0.012440021659626876,-0.9770514874868808,-2.942792051230091,0.5830737030744835,0.0,-2.9330451488494873,0.6209090948104858,-0.0841107964515686,1.7816494820348838,-4.8449804442579,-0.24789402344011136,0.991343162123474,-4.809563262435412,-0.24854394575596805,-1.5746665903497223,-5.397211808139202,0.32263867623490355,-1.6957309815605135,-4.637015079799647,0.34992695498356335,0.0,0.0,0.0,0.7903063199114099,-0.03541718182248823,0.0006499223158566873,0.0,0.0,0.0
9.7166,-2.9604498631419056,1.9709656781790112,1.0,-3.2206125259399414,1.9995640516281128,1.0118608474731445,-0.21255865318596118,-0.005875376049539829,-0.012440021659626876,-0.9770514874868808,-2.956448517268517,0.5093252052871412,0.0,-2.947054147720337,0.5840551853179932,-0.08260457962751389,1.8004785626194728,-5.074308642143661,-0.25286765645849185,1.0026047899432866,-5.042971042597885,-0.2534945101812221,-0.8405527580682078,-2.211268310826276,0.09037438844701305,-1.4432667394221808,-3.9208902968889627,0.27330229335675926,0.0,0.0,0.0,0.7978737726761862,-0.03133759954577594,0.0006268537227302635,0.0,0.0,0.0
9.7333,-3.009834836874333,1.9788390985899422,1.0,-3.279860734939575,2.011354684829712,1.0100436210632324,-0.21427615833620436,-0.012822946851772623,-0.011201410075588761,-0.9766247084988594,-2.9682586478849133,0.4352477446884998,0.0,-2.956449270248413,0.49208301305770874,-0.08191931247711182,1.950922660629029,-5.0047837207709645,-0.24822801493344626,1.1479535824792175,-4.982538603223121,-0.24884451134923052,-0.5635385979464005,-5.516678345679718,0.04110372036152504,-1.1835549127827536,-4.391996095989087,0.20475303058735758,0.0,0.0,0.0,0.8029690781498114,-0.0222451175478437,0.0006164964157842576,0.0,0.0,0.0
9.75,-3.0593728242544014,1.9854718739616275,1.0,-3.339372396469116,2.0213139057159424,1.0083692073822021,-0.21677024024368502,-0.02046705754592071,-0.009584530526165336,-0.9759610220753584,-2.9782078109424415,0.36094076361839766,0.0,-2.9769885540008545,0.40349477529525757,-0.07254528999328613,2.1804567460102593,-4.951249245949099,-0.29637892704063573,1.3662920091970197,-4.936292614587392,-0.29686240468864167,-1.232922588124168,-5.317733602392913,0.5626994690366809,-1.198129152863732,-4.665290728093777,0.31042536160180245,0.0,0.0,0.0,0.8141647368132395,-0.014956631361707067,0.00048347764800595695,0.0,0.0,0.0
9.7666,-3.109071763494158,1.9908657434655832,1.0,-3.3692448139190674,2.02565598487854,1.0075730085372925,-0.219550857500767,-0.02945335570432246,-0.008338880418425853,-0.9751207403565967,-2.9862986151983746,0.2863923547587628,0.0,-2.984727144241333,0.3592102825641632,-0.069825679063797,2.195368997298721,-5.140289742960319,-0.3089679920481819,1.37696596656293,-5.128436000737415,-0.309415899506806,-0.46438893181102814,-2.6574902709817723,0.16320249234555184,-0.9815156286348254,-4.072551335479506,0.26696247972388876,0.0,0.0,0.0,0.8184030307357913,-0.011853742222904013,0.0004479074586240454,0.0,0.0,0.0
9.7833,-3.158917100887585,1.9950176980613572,1.0,-3.42909836769104,2.0329506397247314,1.006060242652893,-0.22170464575337073,-0.03715748351075006,-0.006902010058992422,-0.9743812317526246,-2.992526547092036,0.21162434866862176,0.0,-2.9891977310180664,0.26219165325164795,-0.06242920830845833,2.351523417844715,-5.032473952435082,-0.34598510197470544,1.5306669086766975,-5.026158627764282,-0.34634314367716734,-0.26809356323811157,-5.818043879214206,0.44355390001715705,-0.770900395321689,-4.587852637718591,0.31909549465311293,0.0,0.0,0.0,0.8208565091680174,-0.006315324670799936,0.0003580417024619184,0.0,0.0,0.0
9.8,-3.208832815642958,1.9979210556216702,1.0,-3.489039897918701,2.038346767425537,1.0047789812088013,-0.22365720387775914,-0.043873857775476345,-0.0059085666927421576,-0.9736619957827861,-2.996881583432505,0.13675077653556214,0.0,-2.999227285385132,0.17303553223609924,-0.044680945575237274,2.5526801419560545,-4.966448835212404,-0.4462276726540756,1.7263060073992968,-4.963698228206833,-0.44641107406372565,-0.601765227591337,-5.349295840128172,1.0648815462907333,-0.7209686024310725,-4.8126445883866955,0.5392651682389669,0.0,0.0,0.0,0.8263741345567576,-0.0027506070055710093,0.0001834014096500867,0.0,0.0,0.0
9.8166,-3.25880336476039,1.9995756642960363,1.0,-3.5190768241882324,2.0404000282287598,1.0042698383331299,-0.22365720387775914,-0.043873857775476345,-0.0059085666927421576,-0.9736619957827861,-2.9993634964440545,0.06179495285941474,0.0,-3.0025007724761963,0.1283276230096817,-0.03777245059609413,2.574532970453336,-5.1543328380224755,-0.4852752518872455,1.746353970142911,-5.1528199797008725,-0.4854063233910535,-0.19641503225898746,-2.682553860349341,0.4145219536357524,-0.5661108009617584,-4.1838028726286245,0.5024386912876588,0.0,0.0,0.0,0.828179000310425,-0.0015128583216026704,0.00013107150380795764,0.0,0.0,0.0
9.8333,-3.3088018053946,1.9999806319616686,1.0,-3.579132080078125,2.0431606769561768,1.0032609701156616,-0.22440584254278997,-0.051617408690329825,-0.005508129485040182,-0.9731121901439616,-2.999970947942503,-0.013202708091899787,0.0,-3.000274419784546,0.036503635346889496,-0.043390728533267975,2.7248162132994027,-5.066784127040452,-0.4466299420770531,1.8978649461960297,-5.066661713292966,-0.44680290453269367,0.1335812888920678,-5.509444513983263,-0.33709699771117946,-0.3595489073792075,-4.575156514638928,0.25459241123901605,0.0,0.0,0.0,0.826951267103373,-0.0001224137474864201,0.0001729624556405738,0.0,0.0,0.0
9.85,-3.3588004644553036,1.9991354394787364,1.0,-3.6391608715057373,2.044206380844116,1.0021755695343018,-0.2259503717583884,-0.05915004623852265,-0.005440610233725695,-0.9723261514192334,-2.9987031592181044,-0.08820069668295542,0.0,-3.0057528018951416,-0.04599698260426521,-0.04070157930254936,2.9326140867701653,-5.030072417253323,-0.45741036176902183,2.1026401020630665,-5.030266781618602,-0.45756254979385785,-0.32866562727961895,-4.949475374751477,0.1613306448729135,-0.35043159862308876,-4.685662283776125,0.22705983321107215,0.0,0.0,0.0,0.8299739847070988,0.00019436436527897147,0.00015218802483603488,0.0,0.0,0.0
9.8666,-3.408738081978373,1.9970418196742061,1.0,-3.6692051887512207,2.0441243648529053,1.0016546249389648,-0.22702038541167083,-0.06537933991172067,-0.00478585894210894,-0.9716812624901682,-2.995562729511309,-0.1631071229675598,0.0,-3.009485960006714,-0.08763034641742706,-0.03811785206198692,2.9910880651198197,-5.2358425493910845,-0.470363133467132,2.1590511374856836,-5.236548000654487,-0.4704966130371279,-0.2240826607132635,-2.4990409350134524,0.15508812038468145,-0.31313108280297997,-4.0401316955386495,0.20581246811808585,0.0,0.0,0.0,0.8320369276341361,0.0007054512634028226,0.0001334795699959533,0.0,0.0,0.0
9.8833,-3.4586241875861212,1.9936996682330674,1.0,-3.729241371154785,2.0426182746887207,1.0005457401275635,-0.22792496741619198,-0.07147764644810288,-0.0029759468265056384,-0.9710469945669277,-2.990549502349601,-0.23793628137918235,0.0,-2.996904134750366,-0.18106822669506073,-0.0478564128279686,3.1131810738004573,-5.126666028156595,-0.40640553691515946,2.288086634240862,-5.129677941379667,-0.4066159332852123,0.7548778394461292,-5.606037577959604,-0.5842891282113635,0.0021646716322649417,-4.502415732953595,-0.027439964240414366,0.0,0.0,0.0,0.8250944395595955,0.003011913223072307,0.00021039637005283997,0.0,0.0,0.0
9.9,-3.5084189862426287,1.9891107375341361,1.0,-3.788969039916992,2.039295196533203,0.9993648529052734,-0.2290392984806836,-0.07891322507253119,-0.001258673483929247,-0.9702124448195636,-2.983666106301204,-0.3126284793639434,0.0,-2.9907312393188477,-0.26994413137435913,-0.04196698218584061,3.2838234243245363,-5.038404519029964,-0.4358165091696412,2.462124472953584,-5.045098827785926,-0.43597830727792375,0.3703052146800538,-5.33156787236477,0.35330047341171084,0.11084648864744126,-4.747196599378104,0.08496157195717546,0.0,0.0,0.0,0.8216989513709523,0.00669430875596294,0.00016179810828253477,0.0,0.0,0.0
9.9167,-3.55809625975398,1.9832766626724083,1.0,-3.8187975883483887,2.0369389057159424,0.9987819194793701,-0.2290392984806836,-0.07891322507253119,-0.001258673483929247,-0.9702124448195636,-2.9749149940086124,-0.3871443896309705,0.0,-2.988985776901245,-0.31908804178237915,-0.04633772745728493,3.3427347570361547,-5.195793587624558,-0.40663674743724754,2.521994652177107,-5.205147192414353,-0.4068340021646194,0.10467543608807549,-2.9471618530168717,-0.2621137314126394,0.10902468114018998,-4.21579344202579,-0.017501401284075055,0.0,0.0,0.0,0.820740104859048,0.009353604789795427,0.00019725472737186275,0.0,0.0,0.0
9.9333,-3.607576058532743,1.9762077239545095,1.0,-3.878260850906372,2.0308356285095215,0.9973649382591248,-0.22959519960747413,-0.08715745947426982,0.00019391764999869326,-0.9693758720234708,-2.9643115859317644,-0.4613640877991144,0.0,-2.972336530685425,-0.4137062728404999,-0.0622103288769722,3.4722158090208057,-5.063235607107995,-0.3042284402311429,2.660593610729495,-5.078958851701227,-0.30458397571622,0.9994418285125446,-5.679861816776631,-0.9528204208469895,0.3718920976891339,-4.6480131858363,-0.2936246711999212,0.0,0.0,0.0,0.8116221982913107,0.01572324459323218,0.0003555354850770583,0.0,0.0,0.0
9.95,-3.657072779022315,1.96786661907795,1.0,-3.9078316688537598,2.0270562171936035,0.9965672492980957,-0.23149830367349108,-0.09354573632840699,0.0014961288284397892,-0.9683262047613069,-2.951799928616925,-0.5356091685334726,0.0,-2.953313112258911,-0.5173464417457581,-0.06646216660737991,3.449079281976937,-4.891896475382844,-0.2746140890813399,2.647812855897091,-4.916484344423143,-0.2750198843210214,1.1368850006411808,-6.193784463474061,-0.2540999957254606,0.5977319848372067,-5.1043531199079855,-0.28195626458559747,0.0,0.0,0.0,0.8012664260798462,0.0245878690402988,0.000405795239681516,0.0,0.0,0.0
9.9667,-3.7059825068428904,1.9583611015687485,1.0,-3.966688394546509,2.017937421798706,0.994906485080719,-0.23165208698699521,-0.09780365330935645,0.0020144929182752966,-0.96786760490266,-2.937541652353123,-0.6089737602643357,0.0,-2.9471356868743896,-0.5624688863754272,-0.06556195765733719,3.661675756755413,-5.042884926659877,-0.2715423476490605,2.863757832292923,-5.07194889865571,-0.2719372245998729,0.3719815085996497,-2.7171052631578947,0.054207224280012636,0.5310863180860872,-4.399593919551437,-0.18271465842723186,0.0,0.0,0.0,0.7979179244624897,0.029063971995832633,0.0003948769508124327,0.0,0.0,0.0
9.9833,-3.754778181991585,1.9476079700967617,1.0,-4.025184631347656,2.00685715675354,0.9931463599205017,-0.2308183116879724,-0.10587714029106533,0.0025705362906795095,-0.967215803890439,-2.9214119551451425,-0.6821672729873778,0.0,-2.9267501831054688,-0.6695460081100464,-0.07693517953157425,3.7989383792074456,-4.814740021749134,-0.19427405706970602,3.01202076440236,-4.855923100343338,-0.19481781787695185,1.2237791263525506,-6.4280357245090745,-0.6827553386385756,0.7355818958143239,-4.998427015323022,-0.3303358067445442,0.0,0.0,0.0,0.7869176148050854,0.04118307859420423,0.0005437608072458376,0.0,0.0,0.0
10.0,-3.803332228339512,1.935628235977865,1.0,-4.083207607269287,1.993734359741211,0.9911606907844543,-0.23037854620225368,-0.11224783137266132,0.0027421161109673488,-0.9666015978670897,-2.9034423539667973,-0.7549983425092678,0.0,-2.9076364040374756,-0.7646075487136841,-0.07763950526714325,3.9533302168610844,-4.649656135153722,-0.1798250461779537,3.176657313311769,-4.703363657919844,-0.18037880859450428,1.1465654095336164,-5.702392700333233,-0.042249914188870294,0.8569117408363001,-5.2062505523065905,-0.24528758575757964,0.0,0.0,0.0,0.7766729035493153,0.05370752276612196,0.0005537624165505788,0.0,0.0,0.0
10.0166,-3.8515591896967183,1.92244179632599,1.0,-4.112100601196289,1.9864412546157837,0.9902074337005615,-0.22858404402813715,-0.11614369111983401,0.0029161825953173317,-0.9665668688639167,-2.883662694488985,-0.8273387845450775,0.0,-2.901310920715332,-0.8122374415397644,-0.0739564597606659,4.050238203943268,-4.798783209413898,-0.196830633909841,3.276940885887514,-4.859390374311433,-0.19733310396595943,0.3795510793836998,-2.8579598289008743,0.220995586615356,0.7159861485917633,-4.512992209754284,-0.107632270758729,0.0,0.0,0.0,0.7732973180557535,0.06060716489753518,0.0005024700561184072,0.0,0.0,0.0
10.0333,-3.8994537476012545,1.9080501053396923,1.0,-4.169490814208984,1.9704209566116333,0.9881840348243713,-0.22569860229045252,-0.12346430894659279,0.003355184169406835,-0.9663361570151681,-2.8620751580095387,-0.899180621401882,0.0,-2.869813919067383,-0.9109713435173035,-0.08571293950080872,4.150524473643707,-4.5979463192256995,-0.11578077200339065,3.393926047001011,-4.674183598615166,-0.11645568957812824,1.8892273370800978,-5.922175983525677,-0.7051675318546484,1.0623483914089173,-4.92900901619958,-0.2840356013153208,0.0,0.0,0.0,0.7565984266426963,0.07623727938946635,0.0006749175747375926,0.0,0.0,0.0
10.05,-3.946956575649387,1.8924711858371897,1.0,-4.226320743560791,1.9525800943374634,0.986061692237854,-0.22569860229045252,-0.12346430894659279,0.003355184169406835,-0.9663361570151681,-2.8387067787557845,-0.9704348634740804,0.0,-2.848146915435791,-1.0007867813110352,-0.08916997909545898,4.318905062577695,-4.441218547364072,-0.08396227150397861,3.573688096315893,-4.5332298288513675,-0.08469272956843575,1.3001888520086986,-5.389625300446378,-0.20744928179008812,1.1325632425190686,-5.06499136224676,-0.2614259199811281,0.0,0.0,0.0,0.7452169662618023,0.09201128148729537,0.0007304580644571313,0.0,0.0,0.0
10.0666,-3.9940551817669565,1.8757098402104835,1.0,-4.25447940826416,1.942957878112793,0.9848664402961731,-0.2228096096807808,-0.1308416880415836,0.004024897592244891,-0.9660332054680718,-2.8135647603157254,-1.0410827726504346,0.0,-2.8285515308380127,-1.0487046241760254,-0.10001495480537415,4.36779618016105,-4.576702043481539,-0.012411850351910503,3.6327981945029726,-4.677735293729709,-0.013330791808746875,1.1760606711025257,-2.8758961150461473,-0.6508853831294269,1.1454044784633648,-4.4187304339736,-0.3764014718676196,0.0,0.0,0.0,0.7349979856580773,0.10103325024817002,0.0009189414568363722,0.0,0.0,0.0
10.0833,-4.040724124847103,1.8577749516207536,1.0,-4.310424327850342,1.9224318265914917,0.9823771715164185,-0.22088245556933234,-0.13631777538504344,0.004710795404911196,-0.9657153339366026,-2.7866624274311302,-1.1110861872706548,0.0,-2.8064022064208984,-1.1307345628738403,-0.10153549909591675,4.55219404161844,-4.452311152340174,0.0097451611363647,3.8286619730642246,-4.569768257540947,0.008798065633655818,1.3290177677319677,-4.92201224571543,-0.09123665989528197,1.1996104774566745,-4.567308423558658,-0.29221560725905454,0.0,0.0,0.0,0.7235320685542156,0.11745710520077253,0.0009470955027088816,0.0,0.0,0.0
10.1,-4.0869683185527865,1.8386627927910542,1.0,-4.36568021774292,1.9001270532608032,0.9798280000686646,-0.21768313571407494,-0.14379483177676253,0.006336862967310031,-0.9653481084455272,-2.757994189186581,-1.1804524778291807,0.0,-2.7712743282318115,-1.2202212810516357,-0.09460318088531494,4.618105920914969,-4.5785901957120565,0.03813103032955156,3.9050016446486904,-4.706267304089111,0.03711640763603381,1.216609026209735,-2.8871723783119445,-0.21323277217252123,1.204628759740416,-4.071301554229947,-0.268898430728731,0.0,0.0,0.0,0.7131042762662786,0.1276771083770544,0.0010146226935177482,0.0,0.0,0.0
10.1167,-4.132691945979962,1.8184125283059682,1.0,-4.393069744110107,1.8883212804794312,0.9786852598190308,-0.21768313571407494,-0.14379483177676253,0.006336862967310031,-0.9653481084455272,-2.7276187924589523,-1.2490379189699432,0.0,-2.7544665336608887,-1.265951156616211,-0.08315140008926392,4.763688181874663,-4.408796255136957,-0.0807585047422924,4.066687891900683,-4.556024745272453,-0.0813936851459002,1.8980890808707842,-5.222308836570644,1.3163207655119147,1.4093509212943327,-4.41109994157097,0.19908724992586138,0.0,0.0,0.0,0.6970002899739796,0.14722849013549713,0.0006351804036078046,0.0,0.0,0.0
10.1333,-4.177854502161534,1.7970452061744926,1.0,-4.447207927703857,1.8631641864776611,0.9765384197235107,-0.2112462767144949,-0.16004115903301064,0.009951545282998346,-0.9641902502232359,-2.695567809261739,-1.3167817532423012,0.0,-2.715596914291382,-1.3711241483688354,-0.07729363441467285,4.873756069188481,-4.118297122570539,-0.10438943931190237,4.196288404118319,-4.291004749961935,-0.10493827888251424,2.33394892057493,-6.315173509706236,0.351732949665006,1.6823091500688463,-4.973217260685827,0.24415105047838492,0.0,0.0,0.0,0.677467665070162,0.17270762739139645,0.0005488395706118734,0.0,0.0,0.0
10.15,-4.222486998702379,1.774547192166237,1.0,-4.474019527435303,1.849902868270874,0.9755380749702454,-0.2112462767144949,-0.16004115903301064,0.009951545282998346,-0.9641902502232359,-2.6618207882493556,-1.3837304980535694,0.0,-2.703587293624878,-1.4089301824569702,-0.06909444183111191,5.019689510147027,-4.289971722149641,-0.14776782425421742,4.348200743323271,-4.472334796079953,-0.14820639956935816,0.7208872987477639,-2.2693381037567084,0.4921632379248658,1.398479847122156,-4.1749827132717625,0.3173687812679357,0.0,0.0,0.0,0.6714887668237567,0.18236307393031218,0.0004385753151407404,0.0,0.0,0.0
10.1666,-4.266560884426342,1.7509311970197365,1.0,-4.527323246002197,1.8222172260284424,0.9736697673797607,-0.20983074714838718,-0.16658671870616734,0.01099122374206505,-0.9633790919767953,-2.6263967955296046,-1.449841326639513,0.0,-2.67844820022583,-1.489422082901001,-0.06786926090717316,5.231061032256222,-4.131389352747304,-0.14489956015420147,4.572001778852107,-4.335184357970216,-0.14532271975432456,1.5081097316780137,-4.82875879626981,0.07349935994622118,1.430844592808827,-4.36798936239834,0.24537407075803414,0.0,0.0,0.0,0.6590592534041159,0.20379500522291263,0.0004231596001230953,0.0,0.0,0.0
10.1833,-4.310021355616912,1.726226190624443,1.0,-4.553738594055176,1.8077526092529297,0.9727112054824829,-0.2056235486312645,-0.17215985443667955,0.01108525336109285,-0.9633052928450527,-2.5893392859366644,-1.515032033425368,0.0,-2.663276195526123,-1.530987024307251,-0.06949286162853241,5.378995352179001,-4.270118031771564,-0.1294557679571403,4.727381402241794,-4.485446265646691,-0.12989941577529165,0.9105686403571531,-2.4945768823512577,-0.09744262083965315,1.2772496222749532,-3.814923756896709,0.1441683175489086,0.0,0.0,0.0,0.6516139499372071,0.21532823387512678,0.0004436478181513467,0.0,0.0,0.0
10.2,-4.352883008587876,1.7004227033967008,1.0,-4.606156826019287,1.7776213884353638,0.9707264304161072,-0.2019539581915896,-0.17857160313417025,0.011059290902410134,-0.9629146758530537,-2.5506340550950513,-1.5793245128818132,0.0,-2.630810260772705,-1.6114311218261719,-0.07512068003416061,5.564877290308525,-4.094799465016819,-0.08478842973936251,4.929053150199084,-4.333350580937976,-0.08530684404814913,1.9464265294453973,-4.822855917667239,-0.33740396297884506,1.4748028761865686,-4.112483753287419,0.001999378375305047,0.0,0.0,0.0,0.635824140109441,0.2385511159211572,0.0005184143087866099,0.0,0.0,0.0
10.2167,-4.395148079761275,1.6735144706261709,1.0,-4.657848834991455,1.7458726167678833,0.9686118960380554,-0.20121062015130356,-0.1859069611626512,0.011610740268326683,-0.9616746312761661,-2.5102717059392563,-1.642722119641912,0.0,-2.60067081451416,-1.691550850868225,-0.07386306673288345,5.7728352345661245,-3.9109295345790778,-0.08071251936097268,5.151496073994672,-4.173791695866986,-0.0812137211689902,1.803801261379527,-4.795047230387261,0.07526629519705488,1.5719292127802211,-4.313988967315904,0.023629111360878165,0.0,0.0,0.0,0.6213391605714531,0.2628621612879078,0.0005012018080175235,0.0,0.0,0.0
10.2333,-4.436574590503911,1.6456604146119778,1.0,-4.708922386169434,1.7125952243804932,0.9664217233657837,-0.19964022396597608,-0.19389661740412742,0.012797974844030073,-0.9604083292126564,-2.4684906219179665,-1.7048618857558666,0.0,-2.55788516998291,-1.7709800004959106,-0.08334741741418839,5.912784835713271,-3.7185187811794402,-0.011738006319362726,5.311721763979678,-4.00664665340955,-0.012376184943475354,2.571113371634884,-4.773127784861813,-0.5699421178560683,1.8669066391133178,-4.449535138188509,-0.1516039645322469,0.0,0.0,0.0,0.6010630717335931,0.2881278722301101,0.0006381786241126271,0.0,0.0,0.0
10.25,-4.477457218501556,1.6166615287680288,1.0,-4.73419189453125,1.695346474647522,0.9652819633483887,-0.19964022396597608,-0.19389661740412742,0.012797974844030073,-0.9604083292126564,-2.424992293152043,-1.7661858277523332,0.0,-2.5410048961639404,-1.8028496503829956,-0.08181291818618774,6.0907019362064245,-3.8900620623083957,-0.014086352259071178,5.49754588914979,-4.188653244686998,-0.014701248341483758,1.0105622243473544,-1.9079230955881303,0.09186503546909122,1.614098115995881,-3.69920480876971,-0.07972746571484146,0.0,0.0,0.0,0.5931560470566349,0.2985911823786021,0.0006148960824125809,0.0,0.0,0.0
10.2667,-4.517419857417385,1.586785710411407,1.0,-4.7843194007873535,1.6598854064941406,0.9628455638885498,-0.19609476817823915,-0.20292280722537248,0.013598259203554888,-0.9592623564016451,-2.3801785656171104,-1.826129786126078,0.0,-2.5030887126922607,-1.8712036609649658,-0.09755900502204895,6.277267587567032,-3.7456709876249907,0.09380836063446851,5.701681295782299,-4.0673332228272825,0.09293399579866121,2.279179087365283,-4.108826817243751,-0.9465127694336162,1.8104421747953543,-3.8201327125583067,-0.33561833008502623,0.0,0.0,0.0,0.5755862917847331,0.32166223520229176,0.0008743648358072942,0.0,0.0,0.0
10.2833,-4.556714366149958,1.5558499291102303,1.0,-4.809081554412842,1.641672134399414,0.961536705493927,-0.19000440006662841,-0.2115552625049178,0.013749482096011992,-0.9586207127799153,-2.3337748936653453,-1.8850715492249375,0.0,-2.48460054397583,-1.8987491130828857,-0.09398560971021652,6.464717652054047,-3.929486280800886,0.0801944076714699,5.897602683294964,-4.260688414929469,0.07938292231951495,1.109275312562584,-1.6527050610820244,0.21440085614968674,1.6034449014513124,-3.1802684545735502,-0.17324261330493362,0.0,0.0,0.0,0.5671149687590825,0.33120213412858246,0.0008114853519549588,0.0,0.0,0.0
10.3,-4.595171857685319,1.5239848618211267,1.0,-4.8581061363220215,1.6042793989181519,0.9588418006896973,-0.18417786365343403,-0.21983933950793388,0.01441531800878713,-0.9578839015742479,-2.28597729273169,-1.942757786527979,0.0,-2.4449374675750732,-1.9655205011367798,-0.10681486129760742,6.657266700422941,-3.7769773051590234,0.1720147705733689,6.108113561379899,-4.131883119696091,0.1709666256859976,2.382581670796156,-4.010992079973648,-0.7706598291393953,1.8334603164737748,-3.4255132523849046,-0.34961109474276486,0.0,0.0,0.0,0.5491531390430416,0.35490581453706743,0.0010481448873712908,0.0,0.0,0.0
10.3167,-4.632891551332534,1.4911070090326681,1.0,-4.906252861022949,1.565602421760559,0.956028401851654,-0.1819921070162348,-0.2283304332697569,0.016169132669022403,-0.9562858616661088,-2.236660513549002,-1.999337326998802,0.0,-2.3896780014038086,-2.0306835174560547,-0.11198657006025314,6.763174320670242,-3.62374813653119,0.21857878424451316,6.238564121360777,-4.002576463547009,0.21742668512436789,3.3132013437209635,-3.906990207990851,-0.31008103423629474,2.270306913758909,-3.567654049899285,-0.33794109836856673,0.0,0.0,0.0,0.5246101993094646,0.37882832701581887,0.0011520991201452709,0.0,0.0,0.0
10.3334,-4.66984417476168,1.4572326296345035,1.0,-4.953336715698242,1.5257036685943604,0.9531504511833191,-0.17897017007546961,-0.23708838770546073,0.017614811719794603,-0.9546981477358549,-2.185848944451755,-2.054766262142521,0.0,-2.3390777111053467,-2.0862386226654053,-0.11318688839673996,6.902978792535199,-3.5177960639782166,0.24173618589087142,6.4003501195900805,-3.9176357714439343,0.24055925706357797,3.0280932541947267,-3.324606209336834,-0.07183112658372331,2.4940192919338786,-3.4959018850460017,-0.2593805708591591,0.0,0.0,0.0,0.5026286729451188,0.39983970746571784,0.00117692882729346,0.0,0.0,0.0
10.35,-4.705702689262083,1.422673521719354,1.0,-4.976478576660156,1.5052556991577148,0.9516871571540833,-0.17897017007546961,-0.23708838770546073,0.017614811719794603,-0.9546981477358549,-2.1340102825790312,-2.1085540338931237,0.0,-2.308425188064575,-2.114784002304077,-0.1068713441491127,7.051688349908472,-3.6634188140764836,0.2127631823510251,6.562146790057022,-4.074275152521879,0.21171392866916322,1.8467615668586697,-1.7198098165677924,0.380500632029533,2.3029369812057405,-2.971567043818266,-0.07047594430523944,0.0,0.0,0.0,0.48954155985145037,0.41085633844539493,0.0010492536818618723,0.0,0.0,0.0
10.3667,-4.740840419925243,1.3870756591872155,1.0,-5.021744251251221,1.4633954763412476,0.9489657282829285,-0.17560295824916908,-0.24522923588780215,0.019163371227781865,-0.953236073561012,-2.0806134887808234,-2.161260629887865,0.0,-2.2301230430603027,-2.1888980865478516,-0.09453093260526657,7.036639256678276,-3.424839343104385,0.1540296065878829,6.579745094761888,-3.864997791122888,0.15320867712334374,4.696453596453597,-4.445259545259545,0.7401606964106964,3.0095468336483813,-3.406628005733258,0.1688388084864681,0.0,0.0,0.0,0.4568941619163877,0.4401584480185028,0.000820929464539144,0.0,0.0,0.0
10.3833,-4.77502720084363,1.3506645611592107,1.0,-5.065627574920654,1.4200626611709595,0.9464985132217407,-0.17130087663933627,-0.25334746174920536,0.020176286438044165,-0.9518739295639884,-2.025996841738816,-2.212540801265446,0.0,-2.1652181148529053,-2.2626724243164062,-0.08621471375226974,7.105151025539543,-3.1744962641755112,0.11824996416289879,6.674464522194575,-3.6448247972869696,0.11756712135468161,3.898202906851865,-4.430901410467531,0.49947375957614376,3.271894348914552,-3.709012236019981,0.2664482892452479,0.0,0.0,0.0,0.430686503344968,0.4703285331114584,0.0006828428082171764,0.0,0.0,0.0
10.4,-4.808404493525357,1.3132843880563383,1.0,-5.087048053741455,1.3978124856948853,0.9453211426734924,-0.16745156808634387,-0.260569403266888,0.020745816801971885,-0.9505962478513806,-1.9699265820845073,-2.2626067402880357,0.0,-2.1354382038116455,-2.2991740703582764,-0.07934635132551193,7.282863703704207,-3.2488389679362593,0.08475385801527524,6.863942854895735,-3.7344646704164735,0.08417547986195328,1.7823090423938015,-2.184600676360212,0.41106719367588934,2.832141540458548,-3.2589780810987286,0.30914243311254247,0.0,0.0,0.0,0.4189208488084711,0.485625702480214,0.0005783781533219616,0.0,0.0,0.0
10.4167,-4.84071756468918,1.2752213085806887,1.0,-5.128821849822998,1.352189064025879,0.9431415796279907,-0.16534003731772842,-0.2666930611326495,0.020376357527925423,-0.9492746912694731,-1.912831962871033,-2.311076347033769,0.0,-2.057279109954834,-2.3740673065185547,-0.06091633066534996,7.2812793429797384,-2.9681344012051656,-0.013036045740606128,6.89246310768897,-3.4859129014426995,-0.013376944506799748,4.696671872089858,-4.500422642158197,1.107481616856975,3.3825849734039246,-3.6254752060894866,0.544826751838868,0.0,0.0,0.0,0.38881623529076875,0.5177785002375338,0.0003408987661936195,0.0,0.0,0.0
10.4333,-4.872111529424319,1.2363111821265425,1.0,-5.1490702629089355,1.3288190364837646,0.9422798752784729,-0.16534003731772842,-0.2666930611326495,0.020376357527925423,-0.9492746912694731,-1.8544667731898137,-2.358167294136478,0.0,-2.011108875274658,-2.4085752964019775,-0.04329974576830864,7.373972653369601,-3.035326297772002,-0.11250347142235795,7.002412508335514,-3.568266415953828,-0.11267570929445135,2.770850920745754,-2.0709553720900287,1.057238084677131,3.2019899000590226,-3.166552538277645,0.6960999429168784,0.0,0.0,0.0,0.3715601450340877,0.532940118181826,0.00017223787209340153,0.0,0.0,0.0
10.45,-4.902522234037253,1.1966296375304475,1.0,-5.188328742980957,1.280909538269043,0.940849781036377,-0.16024674345751272,-0.2725503087689737,0.018196859697730026,-0.9485284391697392,-1.7949444562956711,-2.40378335105588,0.0,-1.932337999343872,-2.483494520187378,-0.0262664332985878,7.3759079035219814,-2.7304887770960637,-0.20558111833001702,7.032884187653314,-3.2970989540174913,-0.205644499487625,4.726054242719002,-4.494964810894318,1.0219558652085599,3.6519215501756603,-3.5587241212768537,0.7922985670255487,0.0,0.0,0.0,0.34302371586866715,0.5666101769214276,6.338115760798567e-05,0.0,0.0,0.0
10.4667,-4.931960531986725,1.1561595140972567,1.0,-5.225849628448486,1.2315144538879395,0.9397289156913757,-0.15433999434761253,-0.2796300889666291,0.015398140369212646,-0.9474962628497073,-1.734239271145885,-2.447940797980088,0.0,-1.8404476642608643,-2.550882577896118,-0.013584916479885578,7.3003494439136425,-2.4566797738753765,-0.2740547315671199,6.989174297278366,-3.0544563508302307,-0.27407168555638955,5.507595135683562,-4.039011703511053,0.7600871221187785,4.19975030978578,-3.700513794033062,0.7827891597427502,0.0,0.0,0.0,0.3111751466352765,0.5977765769548544,1.6953989269654213e-05,0.0,0.0,0.0
10.4833,-4.960307258151813,1.11506941870379,1.0,-5.261253356933594,1.180969476699829,0.9389633536338806,-0.149067202327945,-0.2866418178090076,0.012072711874854612,-0.9462925910030848,-1.672604128055685,-2.49046088722772,0.0,-1.7208141088485718,-2.6064319610595703,0.004342390224337578,7.056431340596443,-2.239873350320434,-0.3757596720067943,6.784395657279206,-2.863968408200304,-0.3757579397365115,7.190260224113719,-3.3386495858768233,1.0774736224851689,5.082603495692199,-3.5936848657939007,0.8697853992545435,0.0,0.0,0.0,0.27203568331723704,0.62409505787987,-1.7322702827774861e-06,0.0,0.0,0.0
10.5,-4.98769410099822,1.0731675644818053,1.0,-5.278075695037842,1.155285358428955,0.9387072324752808,-0.14122008080123205,-0.2919933401416935,0.009985262761807038,-0.9458842723347112,-1.609751346722708,-2.53154115149733,0.0,-1.6720120906829834,-2.6309313774108887,0.014548429287970066,7.154379434896465,-2.3275382579232318,-0.43366969679966927,6.897554737132763,-2.963420943231567,-0.43365025259545853,2.9245260104870625,-1.468160192024689,0.6116104994749325,4.445499577688824,-2.9661911327120745,0.7935674500347619,0.0,0.0,0.0,0.25682469776370215,0.6358826853083351,-1.9444204210763725e-05,0.0,0.0,0.0
10.5167,-5.01399198821741,1.0306461392381618,1.0,-5.309819221496582,1.1031664609909058,0.9384306073188782,-0.13422733911410772,-0.29532368928061514,0.009138954043708252,-0.9458771073704644,-1.5459692088572428,-2.5709879823261157,0.0,-1.5353007316589355,-2.6777849197387695,0.02609304152429104,6.808132646918294,-2.1406460055840055,-0.4995020800963209,6.591589286392991,-2.799378885667482,-0.49943953296882543,8.203276108726753,-2.8114163090128756,0.692726942507153,5.5548638926025795,-2.920498775851372,0.7637974890951149,0.0,0.0,0.0,0.2165433605253023,0.6587328800834765,-6.254712749546552e-05,0.0,0.0,0.0
10.5333,-5.039210304535424,0.9874955780143,1.0,-5.32472562789917,1.076761245727539,0.9383415579795837,-0.13422733911410772,-0.29532368928061514,0.009138954043708252,-0.9458771073704644,-1.48124336702145,-2.6088154568031365,0.0,-1.480791449546814,-2.6987874507904053,0.025339320302009583,6.879370277490732,-2.2297207756996014,-0.49248007925560044,6.677930258097652,-2.898827389357023,-0.49242109340031104,3.2719173965309976,-1.2606760547255138,-0.04524208508643884,4.880896360291743,-2.4304887710809506,0.5249542195348216,0.0,0.0,0.0,0.201440019393081,0.6691066136574214,-5.898585528939178e-05,0.0,0.0,0.0
10.55,-5.063350275058278,0.9437138376922823,1.0,-5.352729797363281,1.0234684944152832,0.9382026791572571,-0.1258359753325736,-0.3003194079181721,0.009747175214568984,-0.9454515506410499,-1.4155707565384235,-2.645025412587417,0.0,-1.353416919708252,-2.7317397594451904,0.029128432273864746,6.587616987244535,-2.1045317406619737,-0.5124607429174125,6.419341381905505,-2.7900777481402264,-0.5123827972140153,7.643572501609557,-1.9774232777738037,0.2273794620502182,5.696488852162219,-2.2967355565291214,0.4371047121876265,0.0,0.0,0.0,0.16827560533902972,0.6855460074782528,-7.794570339721646e-05,0.0,0.0,0.0
10.5666,-5.086387694008131,0.8993436532807205,1.0,-5.378139972686768,0.969516932964325,0.9381659626960754,-0.12263453759817855,-0.3002120651633709,0.011325701131847504,-0.9458886556069563,-1.3490154799210807,-2.6795815410121966,0.0,-1.2178194522857666,-2.766666889190674,0.02750842645764351,6.241923863345568,-1.955735369046478,-0.5004961994963969,6.105677859818381,-2.6589237784581603,-0.5004266827471255,8.13667057712667,-2.095839652064437,-0.09721017589916736,6.416875097917111,-2.2374274136460515,0.27936519125690645,0.0,0.0,0.0,0.13624600352718688,0.7031884094116823,-6.951674927133008e-05,0.0,0.0,0.0
10.5833,-5.108311928160307,0.8544050388856274,1.0,-5.389770984649658,0.9423012733459473,0.9381138682365417,-0.12124220592090904,-0.29919903404927517,0.012988689333541855,-0.9463675702465857,-1.281607558328441,-2.7124678922404617,0.0,-1.1530088186264038,-2.7741708755493164,0.02996876835823059,6.260062993218377,-2.0969976999441933,-0.5129344668666681,6.137932751566771,-2.804005775705265,-0.5128519589258693,3.8878074942791763,-0.4501430205949657,0.14758898562643022,5.670248116161646,-1.709788393636122,0.2404624468085001,0.0,0.0,0.0,0.12213024165160613,0.7070080757610716,-8.250794079873281e-05,0.0,0.0,0.0
10.6,-5.12911110634917,0.8089206145414478,1.0,-5.411082744598389,0.8874958753585815,0.9380354881286621,-0.11754357761969915,-0.29921537648978525,0.014025375366364312,-0.9468141161065585,-1.2133809218121718,-2.7436666595237558,0.0,-1.0206443071365356,-2.809678316116333,0.025450516492128372,5.929298073832607,-1.9235109107617419,-0.4833668051498853,5.833599207383998,-2.6487332245480646,-0.48330730046507003,7.9389255122906865,-2.129656375570205,-0.27099457858460485,6.340003149365246,-1.833741096061423,0.08947098473070307,0.0,0.0,0.0,0.0956988664486081,0.7252223137863228,-5.950468481525223e-05,0.0,0.0,0.0
10.6167,-5.148759338170465,0.7629475142678586,1.0,-5.429754257202148,0.831948459148407,0.9378126859664917,-0.11359898031057969,-0.2950528589004402,0.015365350121071155,-0.9485795211501343,-1.1444212714017878,-2.7731390072556974,0.0,-0.9045406579971313,-2.839794158935547,0.021141452714800835,5.6904412462368175,-1.769488652824266,-0.45432594798249737,5.615276508962517,-2.5103410349670323,-0.4542848871631943,6.967720703963371,-1.8073401058806697,-0.25859956270568035,6.5253168446220915,-1.8259470412146261,-0.01328580274962246,0.0,0.0,0.0,0.07516473727429995,0.7408523821427662,-4.106081930302639e-05,0.0,0.0,0.0
10.6333,-5.167246396432354,0.7165130110545023,1.0,-5.438216209411621,0.8039530515670776,0.9376874566078186,-0.11359898031057969,-0.2950528589004402,0.015365350121071155,-0.9485795211501343,-1.0747695165817535,-2.800869594648531,0.0,-0.838640034198761,-2.853945732116699,0.018931573256850243,5.7089324104968275,-1.8401372286812598,-0.43836442216944305,5.644321012270686,-2.5883918021007863,-0.43833149674583505,3.955908661552553,-0.8494962216624685,-0.1326555165159148,5.766780586491428,-1.5376809121533925,-0.048525924039436695,0.0,0.0,0.0,0.06461139822614126,0.7482545734195263,-3.2925423607982236e-05,0.0,0.0,0.0
10.65,-5.184581997690933,0.6695899446521365,1.0,-5.452991008758545,0.7474783062934875,0.9373791217803955,-0.11347766587549712,-0.2898274662802793,0.01704089808362173,-0.9501749901005143,-1.0043849169782049,-2.8268729965364,0.0,-0.7005822658538818,-2.8854570388793945,0.0201925877481699,5.333570722302806,-1.6550534423049423,-0.44230019038524004,5.2884811373379055,-2.4199226610646285,-0.44226273261545634,8.278381797907016,-1.8895179276033625,0.07561442964773832,6.508251170019985,-1.641549629833139,-0.011877422649364502,0.0,0.0,0.0,0.04508958496490039,0.764869218759686,-3.745776978368478e-05,0.0,0.0,0.0
10.6666,-5.20072173964338,0.6222996612943337,1.0,-5.465116500854492,0.6906557083129883,0.9372928142547607,-0.11296876375315233,-0.2832896260658451,0.01848822086148586,-0.952178229810237,-0.9334494919415005,-2.8510826094650703,0.0,-0.5768909454345703,-2.897653579711914,0.03266140818595886,5.037682132547452,-1.5742056646016043,-0.5145927432048302,5.007108615313465,-2.345554601756791,-0.5144947428227167,7.426479429700249,-0.7322854934295284,0.7486332766111254,6.779328935241241,-1.3731182376453692,0.21263923604525517,0.0,0.0,0.0,0.030573517233987515,0.7713489371551866,-9.800038211350484e-05,0.0,0.0,0.0
10.6833,-5.215694748458768,0.5745551589947635,1.0,-5.47020959854126,0.6621031165122986,0.9372713565826416,-0.10672352803450509,-0.2802807625506524,0.020558010445007338,-0.9537453760784177,-0.8618327384921453,-2.8735421226881517,0.0,-0.5090125203132629,-2.915299892425537,0.028773458674550056,5.048647185650825,-1.5930796109768781,-0.4890651000424532,5.024845106866723,-2.3738519730905985,-0.4889890425336929,4.069391240959378,-1.0579171550270146,-0.23308713569509162,5.979305796865422,-1.280065116952638,0.08105266432111216,0.0,0.0,0.0,0.02380207878410263,0.7807723621137206,-7.605750876028955e-05,0.0,0.0,0.0
10.7,-5.22945077529129,0.5265165768784873,1.0,-5.478612899780273,0.6045243144035339,0.937169075012207,-0.10471732224031835,-0.27717059381670767,0.02270964920833699,-0.9548272435328438,-0.789774865317731,-2.894176162936935,0.0,-0.39871102571487427,-2.9387896060943604,0.0274372436106205,4.827523330241676,-1.4214570817086558,-0.47844317812233383,4.812919241959499,-2.214862110559856,-0.4783740206809795,6.6216955071779235,-1.4101507149297952,-0.08021658561982052,6.168950980660222,-1.3184687631216174,0.03344303413164408,0.0,0.0,0.0,0.014604088282177644,0.7934050288512001,-6.915744135433879e-05,0.0,0.0,0.0
10.7167,-5.242012463023675,0.4781083490807483,1.0,-5.481960773468018,0.5755928754806519,0.9370922446250916,-0.10471732224031835,-0.27717059381670767,0.02270964920833699,-0.9548272435328438,-0.7171625236211224,-2.9130186945355128,0.0,-0.3424410820007324,-2.9443840980529785,0.023162664845585823,4.911772323710424,-1.4910357940825656,-0.45031424045934954,4.900999496855994,-2.2874644643387705,-0.45026495316195564,3.3755720987442435,-0.3356074258417003,-0.2564272835678938,5.344294478594269,-1.028310132058586,-0.05213198177271032,0.0,0.0,0.0,0.010772826854429665,0.7964286702562049,-4.928729739386904e-05,0.0,0.0,0.0
10.7333,-5.253363979602154,0.42938230423811535,1.0,-5.486894607543945,0.5176076889038086,0.936885416507721,-0.10069341509901349,-0.25686320960637044,0.027673873613344138,-0.9607894210168919,-0.6440734563571731,-2.930045969403232,0.0,-0.22680529952049255,-2.958160877227783,0.02421978861093521,4.653839712236183,-1.356081016215361,-0.45351739987076256,4.649114031750769,-2.1599801054635694,-0.4534635110530976,6.932798138909933,-0.8259694964193314,0.06337852795923327,5.813249793075766,-0.9685754781266356,-0.018031168050633543,0.0,0.0,0.0,0.004725680485414648,0.8038990892482083,-5.3888817664923816e-05,0.0,0.0,0.0
10.75,-5.263477763660581,0.38046691263557214,1.0,-5.489558696746826,0.45943784713745117,0.9366965889930725,-0.10069341509901349,-0.25686320960637044,0.027673873613344138,-0.9607894210168919,-0.5707003689533582,-2.9452166454908713,0.0,-0.11884724348783493,-2.963524580001831,0.023852413520216942,4.435601247927038,-1.2599056865638405,-0.4482612545279926,4.434303661825821,-2.066722659642973,-0.4482089881243153,6.4847251958411505,-0.32218196399673477,-0.02206714898964584,6.011481604897877,-0.7777482982652117,-0.019222663391676525,0.0,0.0,0.0,0.001297586101217131,0.8068169730791327,-5.226640367726212e-05,0.0,0.0,0.0
10.7667,-5.272382819892423,0.3312189786126595,1.0,-5.49013090133667,0.4302661120891571,0.9365505576133728,-0.09642706348000579,-0.2528030298335659,0.028153799777337726,-0.962288879446364,-0.4968284679189892,-2.958574229838635,0.0,-0.07293741405010223,-2.9758291244506836,0.01892836205661297,4.58537850919622,-1.257449482675177,-0.4158697218534121,4.584889790805851,-2.0709801674475807,-0.41583680759857067,2.75187614328179,-0.7375453739960557,-0.29515203861434247,5.0491864950244665,-0.7658796602099671,-0.10068205827057432,0.0,0.0,0.0,0.0004887183903693012,0.8135306847724038,-3.291425484143326e-05,0.0,0.0,0.0
10.7833,-5.280047296970835,0.2818025935978738,1.0,-5.48983097076416,0.3715321719646454,0.9362183213233948,-0.09467154187240577,-0.25012280636963685,0.029386974417917922,-0.963126379473124,-0.42270389039681067,-2.970070945456253,0.0,0.020422598347067833,-3.0004186630249023,0.022997204214334488,4.450886426706047,-1.022613865300611,-0.43649487032509227,4.4509247426871825,-1.8496446484622098,-0.436446284672325,5.599843743296581,-1.4749095485291803,0.24405395537489097,5.211750579380212,-0.9751982425715858,0.0010903138875614782,0.0,0.0,0.0,-3.83159811355011e-05,0.8270307831615987,-4.8585652767283853e-05,0.0,0.0,0.0
10.8,-5.286466411379239,0.232273968541651,1.0,-5.487588882446289,0.3124008774757385,0.9360320568084717,-0.09584437803098662,-0.24242854619411686,0.031225462096811648,-0.9649182527375646,-0.34841095281247647,-2.9796996170688583,0.0,0.1271039843559265,-3.0133774280548096,0.02764427289366722,4.231040931827428,-0.8445144701660274,-0.4613161372702882,4.2325250766722515,-1.6787045485625796,-0.46124593222860666,6.408222901002507,-0.7784174722520587,0.27914384174722523,5.564971077306726,-0.9171049625027397,0.08317679744920871,0.0,0.0,0.0,-0.0014841448448233948,0.8341900783965522,-7.020504168155547e-05,0.0,0.0,0.0
10.8167,-5.291655242066827,0.18250862102303508,1.0,-5.485669136047363,0.2827851176261902,0.9359572529792786,-0.09584437803098662,-0.24242854619411686,0.031225462096811648,-0.9649182527375646,-0.2737629315345526,-2.98748286310024,0.0,0.17948563396930695,-3.010835886001587,0.029619719833135605,4.344006511249262,-0.8969113108550536,-0.47065885258247475,4.34696600444128,-1.7296948378747454,-0.4705782554016398,3.1411495267642686,0.1524076403980327,0.11846084010065196,4.849414654065125,-0.6013652940555243,0.09359329174579598,0.0,0.0,0.0,-0.0029594931920186424,0.8327835270196918,-8.059718083499796e-05,0.0,0.0,0.0
10.8333,-5.295596495107445,0.13264474627697834,1.0,-5.480342864990234,0.22354552149772644,0.9357157945632935,-0.09212688374671205,-0.23377589829359555,0.03108995997884912,-0.9674165914767449,-0.19896711941546752,-2.9933947426611667,0.0,0.2740498185157776,-3.0148584842681885,0.018880430608987808,4.191007472785434,-0.7506906169205055,-0.40287170227010505,4.197906962890322,-1.5857008952715606,-0.40283895449880813,5.670368523760508,-0.24120775433178934,-0.6439618538056843,5.091775241425242,-0.4950402055313573,-0.12414646792262549,0.0,0.0,0.0,-0.0068994901048876804,0.8350102783510551,-3.2747771296903174e-05,0.0,0.0,0.0
10.85,-5.298289651031894,0.08269504567284229,1.0,-5.476987361907959,0.19393937289714813,0.9354938864707947,-0.08492570482027706,-0.23189811921517756,0.02998145571616409,-0.9685618477913314,-0.12404256850926343,-2.9974344765478405,0.0,0.31855523586273193,-3.0154311656951904,0.011717393063008785,4.35231930075496,-0.7626794474839655,-0.35663198154004816,4.361641694753046,-1.5980069813861781,-0.3566193684947371,2.668151996798262,-0.034332923587090135,-0.4294325066643321,4.376277361714437,-0.35903099530067006,-0.21427248644025224,0.0,0.0,0.0,-0.009322393998085517,0.8353275339022126,-1.2613045311067863e-05,0.0,0.0,0.0
10.8667,-5.299731593542903,0.032765130647703575,1.0,-5.4690680503845215,0.13472528755664825,0.934883177280426,-0.08150045678357702,-0.22994182582633985,0.030441825742448626,-0.9693078891568228,-0.04914769597155536,-2.9995973903143547,0.0,0.4014449417591095,-3.0070579051971436,0.004561936482787132,4.263606675746857,-0.6688302604054562,-0.3084782113815129,4.278411727804308,-1.4995251539986225,-0.30847629952001665,4.980440434919634,0.5031086153052746,-0.4299366838989485,4.55463734354586,-0.10451162444928452,-0.27794049934337944,0.0,0.0,0.0,-0.014805052057450486,0.8306948935931664,-1.911861496251485e-06,0.0,0.0,0.0
10.8833,-5.2999258334188895,-0.01722384462776691,1.0,-5.459513187408447,0.07579062879085541,0.9340028166770935,-0.07803883074825604,-0.2223586594751385,0.031734258852035194,-0.971318504565035,0.025835766941650365,-2.999888750128334,0.0,0.48022904992103577,-2.991258382797241,-0.015513650141656399,4.195153735925885,-0.6097219598487582,-0.18142329930451295,4.216340021116202,-1.431710600517976,-0.1814454091620802,4.7277273052435795,0.9481078760998641,-1.2047086813255599,4.605736663899591,0.2062408914191955,-0.5515394057170249,0.0,0.0,0.0,-0.021186285190316508,0.821988640669218,2.2109857567267474e-05,0.0,0.0,0.0
10.9,-5.298870603872968,-0.0672034892882498,1.0,-5.448343753814697,0.017134130001068115,0.9329221844673157,-0.07308524842249788,-0.21686812629935157,0.032722433862221616,-0.9729111496765646,0.1008052339323747,-2.998305905809452,0.0,0.5622167587280273,-2.9845938682556152,-0.016327805817127228,4.102589644905885,-0.4857788139777732,-0.16889979091384133,4.1316275667904865,-1.304108758612119,-0.16892428231388007,4.920393409549428,0.39996279815135427,-0.048860570422384064,4.698629086370069,0.2634311390485159,-0.40313942580010975,0.0,0.0,0.0,-0.029037921884601747,0.8183299446343457,2.449140003872662e-05,0.0,0.0,0.0
10.9167,-5.296565032433251,-0.11716685224419125,1.0,-5.442161560058594,-0.01217475812882185,0.9323652386665344,-0.06900209861725491,-0.21531868697590165,0.032919006763676414,-0.9735465555647148,0.17575027836628687,-2.9948475486498762,0.0,0.6024888753890991,-2.982710599899292,-0.019844239577651024,4.288484142662874,-0.4689336561019435,-0.1427610664309077,4.3218310853538995,-1.2862311998587233,-0.14279724295874796,2.4153618463386386,0.11295096735446784,-0.21090175149786225,4.024566864579871,0.21900664195545366,-0.34638735071223276,0.0,0.0,0.0,-0.033346942691025484,0.8172975437567799,3.6176527840277414e-05,0.0,0.0,0.0
10.9333,-5.293012156668811,-0.16704054409134905,1.0,-5.428696155548096,-0.07049873471260071,0.9311654567718506,-0.06900209861725491,-0.21531868697590165,0.032919006763676414,-0.9735465555647148,0.2505608161370236,-2.989518235003217,0.0,0.6756930947303772,-2.964452028274536,-0.02085428312420845,4.242827063311131,-0.39365116337466044,-0.12840718333198764,4.284769815050529,-1.2009732094348413,-0.1284471362486365,4.391817570660258,1.0954056528206888,-0.06059660269338597,4.13298598545823,0.47773564839029403,-0.26201669834216035,0.0,0.0,0.0,-0.041942751739398765,0.807322046060181,3.995291664885076e-05,0.0,0.0,0.0
10.95,-5.288214264577988,-0.21680414693591676,1.0,-5.413936138153076,-0.12870872020721436,0.9298475980758667,-0.06421993806110271,-0.21353504288363273,0.032155516602901564,-0.9742919225806299,0.32520622040387515,-2.9823213968669817,0.0,0.7346640825271606,-2.9693477153778076,-0.0323711633682251,4.278363820302688,-0.16836479409226804,-0.05037732748751067,4.327947137029771,-0.9783555692883441,-0.050473593852587026,3.5369471336031233,-0.29363229469048063,-0.6907565582502753,3.957024422260222,0.25001373287610107,-0.3885885413015959,0.0,0.0,0.0,-0.049583316727082945,0.8099907751960761,9.626636507635832e-05,0.0,0.0,0.0
10.9667,-5.282147329593633,-0.2666307630128713,1.0,-5.406062126159668,-0.15782570838928223,0.9291507005691528,-0.05920673374976985,-0.20895693102618995,0.03290720564609337,-0.9755760949079084,0.399946144519307,-2.973220994390451,0.0,0.7770816087722778,-2.9733245372772217,-0.02720370516180992,4.4516841993428296,-0.08315903156694116,-0.0755282454743883,4.5071584212882785,-0.8953208870254267,-0.07559623062703519,2.536780117776225,-0.23783383000869776,0.3090398332454052,3.5377423449891534,0.10599221565390586,-0.18263589419728113,0.0,0.0,0.0,-0.05547422194544863,0.8121618554584855,6.798515264688548e-05,0.0,0.0,0.0
10.9833,-5.27489677565105,-0.31588403809481364,1.0,-5.389164924621582,-0.21622814238071442,0.9280492663383484,-0.05683077365359703,-0.20525626387118334,0.03522435508352527,-0.976421729276431,0.4738260571422205,-2.9623451634765754,0.0,0.8467466831207275,-2.9801955223083496,-0.00667303754016757,4.414322647854236,0.17823363047949942,-0.19081687994862817,4.480189205502774,-0.6376861731161887,-0.19082097071893198,4.197682770906061,-0.4140125558476634,1.237079419732003,3.7325688208144694,-0.047522697306973366,0.23649001539338432,0.0,0.0,0.0,-0.06586655764853762,0.8159198035956882,4.090770303813682e-06,0.0,0.0,0.0
11.0,-5.266361048543949,-0.36527281142885304,1.0,-5.380219459533691,-0.24542289972305298,0.9277319312095642,-0.05683077365359703,-0.20525626387118334,0.03522435508352527,-0.976421729276431,0.5479092171432796,-2.9495415728159244,0.0,0.8795825839042664,-2.976337432861328,0.01699131354689598,4.64245533055978,0.24005794341953476,-0.32880031317746783,4.713529403172369,-0.5737506872897087,-0.3287737908357161,1.9643952360576238,0.23080872913992298,1.4157107748092284,3.2105716607117687,0.03464582699693047,0.5846175368402503,0.0,0.0,0.0,-0.0710740726125879,0.8138086307092435,-2.6522341751695117e-05,0.0,0.0,0.0
11.0167,-5.256632475093139,-0.41423345761888636,1.0,-5.361235618591309,-0.30375224351882935,0.9275904893875122,-0.05405348072919133,-0.2047639728755079,0.037215035032391826,-0.9766089455775163,0.6213501864283295,-2.934948712639708,0.0,0.9560006856918335,-2.970442295074463,0.04415062069892883,4.558167049771568,0.4474112922002802,-0.48863978750837644,4.642127424079408,-0.3631767608857238,-0.48846071389967227,4.5936331064134714,0.35436761017556434,1.6325960677176639,3.6188766784587143,0.1290335411223901,0.8939999536360752,0.0,0.0,0.0,-0.08396037430784044,0.810588053086004,-0.00017907360870418276,0.0,0.0,0.0
11.0333,-5.245670286603417,-0.4629979868515378,1.0,-5.3408355712890625,-0.3619774580001831,0.9279880523681641,-0.04066523400341021,-0.20611556435533557,0.03747288945158148,-0.9769639906293721,0.6944969802773067,-2.9185054299051254,0.0,1.023857831954956,-2.9744246006011963,0.06866829097270966,4.519636145701696,0.7253054633799332,-0.6353342238903258,4.615938581512128,-0.08745746655497788,-0.6349010418565201,4.07312238823058,-0.2390377239681722,1.47167214064915,3.752978314482395,0.02037217622641846,1.0645393416750661,0.0,0.0,0.0,-0.09630243581043223,0.8127629299349111,-0.0004331820338056884,0.0,0.0,0.0
11.05,-5.23349002789241,-0.5114844201347737,1.0,-5.3189826011657715,-0.42015132308006287,0.9287908673286438,-0.04066523400341021,-0.20611556435533557,0.03747288945158148,-0.9769639906293721,0.7672266302021605,-2.9002350418386156,0.0,1.0952811241149902,-2.9674525260925293,0.08253395557403564,4.453129742629536,0.9491050666220471,-0.7201691261808923,4.563336738688276,0.14014791638360558,-0.7195433438763806,4.286260033480706,0.4184086649210914,0.8321073171080683,3.9104128250143946,0.13787982282121958,0.9959211597347569,0.0,0.0,0.0,-0.11020699605873989,0.8089571502384415,-0.0006257823045117543,0.0,0.0,0.0
11.0667,-5.220104081444511,-0.5596430258835823,1.0,-5.307560920715332,-0.44915932416915894,0.929274320602417,-0.034223583433990054,-0.20878644175560732,0.03625450835482855,-0.9766896146455663,0.8394645388253734,-2.880156122166766,0.0,1.1351431608200073,-2.9601399898529053,0.08385690301656723,4.628545015932608,1.036466472113354,-0.7281673999224699,4.746919808857726,0.23149135007153265,-0.727521395342943,2.392580137378363,0.438909559244419,0.07940531983400115,3.462320873360217,0.22674930309964123,0.7253489321312511,0.0,0.0,0.0,-0.118374792925118,0.8049751220418214,-0.0006460045795269526,0.0,0.0,0.0
11.0833,-5.205514041870478,-0.6074670659669018,1.0,-5.283572196960449,-0.5069767832756042,0.9303304553031921,-0.02838402693732836,-0.21162265597423124,0.03408044746809111,-0.9763446426905046,0.9112005989503527,-2.8582710628057164,0.0,1.2131694555282593,-2.9483487606048584,0.08953279256820679,4.512283659550519,1.2529256818531107,-0.7651809286892194,4.647491193960201,0.4543507584722599,-0.7644445143783998,4.681247317980261,0.7074238306393935,0.3405293412959519,3.82217023880204,0.3686532091824609,0.6117431553570589,0.0,0.0,0.0,-0.13520753440968256,0.7985749233808508,-0.0007364143108196539,0.0,0.0,0.0
11.1,-5.189741483746767,-0.6548871082916249,1.0,-5.258094310760498,-0.564685583114624,0.9313964247703552,-0.020699118093821724,-0.2138289592000795,0.03126689244889786,-0.9761511886558395,0.9823306624374373,-2.834612225620151,0.0,1.2776302099227905,-2.9522931575775146,0.08108031004667282,4.469423260262977,1.5751813649854978,-0.7175102421813767,4.61938079877348,0.7744682932489325,-0.7169063091826253,3.8695863746958636,-0.23678259625017892,-0.5074034814655789,3.8361683487687284,0.18991749353506895,0.28135061290753355,0.0,0.0,0.0,-0.14995753851050223,0.8007130717365653,-0.000603932998751374,0.0,0.0,0.0
11.1167,-5.172743109088641,-0.7020208311446392,1.0,-5.2448506355285645,-0.5935450196266174,0.9318925142288208,-0.020699118093821724,-0.2138289592000795,0.03126689244889786,-0.9761511886558395,1.0530312467169587,-2.8091146636329616,0.0,1.3176683187484741,-2.943082332611084,0.08381378650665283,4.635130943438319,1.6857674583977975,-0.7341139612562847,4.794634424902696,0.8900428634928045,-0.7334686208153363,2.394547347107556,0.550869087849881,0.16348021916128389,3.4105754797772896,0.296477001487895,0.2465531182915337,0.0,0.0,0.0,-0.1595034814643778,0.795724594904993,-0.0006453404409484715,0.0,0.0,0.0
11.1334,-5.154593704053686,-0.7486535867037765,1.0,-5.217278480529785,-0.6509263515472412,0.9331563711166382,-0.009991584789083564,-0.21472812006621092,0.026842906348103383,-0.976253774085115,1.1229803800556648,-2.781890556080529,0.0,1.3892357349395752,-2.9310834407806396,0.10325433313846588,4.538517096729075,1.934154964446721,-0.8548462392486021,4.71581755191089,1.1449054518776638,-0.8538668067035518,4.28987609506524,0.719234561902448,1.1653003658554013,3.6701610928719375,0.4212827602950484,0.517784098221857,0.0,0.0,0.0,-0.17730045518181428,0.7892495125690572,-0.0009794325450503923,0.0,0.0,0.0
11.1502,-5.135109312184349,-0.7952193485663467,1.0,-5.202943325042725,-0.6794556379318237,0.9339241981506348,-0.0010458635090856616,-0.21404322324119676,0.02343916900921208,-0.9765424378505662,1.19282902284952,-2.752663968276524,0.0,1.4260942935943604,-2.9148550033569336,0.1119697242975235,4.719505432790363,2.0247863472433774,-0.9087538347295526,4.906338800747594,1.2442522663340547,-0.9076020821961216,2.190272445206353,0.9643540229233668,0.5179009109842313,3.233270915341153,0.5816073230355068,0.5178185834843612,0.0,0.0,0.0,-0.18683336795723093,0.7805340809093227,-0.001151752533431,0.0,0.0,0.0
11.1667,-5.114862507216483,-0.8404011422528552,1.0,-5.173280239105225,-0.7361558675765991,0.9357452392578125,0.008318607784292217,-0.21397640994959488,0.020678339697505956,-0.9765845425522286,1.2606017133792828,-2.7222937608247237,0.0,1.4880735874176025,-2.8959009647369385,0.11992893368005753,4.662592891861831,2.250814703163764,-0.9634941044197808,4.866019039606051,1.4803985682408545,-0.9621727908260375,3.7567016864405556,1.1488460815907744,0.4824252337461524,3.3877972460021946,0.7490665722962346,0.5073698197378949,0.0,0.0,0.0,-0.20342614774422088,0.7704161349229098,-0.0013213135937433272,0.0,0.0,0.0
11.1833,-5.0933002403249485,-0.8854796711672603,1.0,-5.142364501953125,-0.7924680709838867,0.9374060034751892,0.019817827491459016,-0.21508464025776458,0.01755744985897128,-0.9762364938772256,1.3282195067508904,-2.6899503604874235,0.0,1.5464928150177002,-2.8748748302459717,0.10398261249065399,4.6233191855676194,2.474763900703466,-0.8740345187649586,4.843031182705626,1.715494601433884,-0.8730412211156836,3.5068124570643464,1.2621651019006184,-0.9572320636306388,3.4229327116143056,0.9005426364198776,0.07499257443221075,0.0,0.0,0.0,-0.21971199713800593,0.7592692992695818,-0.0009932976492750482,0.0,0.0,0.0
11.2,-5.070582914408147,-0.930073192391842,1.0,-5.126507759094238,-0.8204811215400696,0.9381461143493652,0.019817827491459016,-0.21508464025776458,0.01755744985897128,-0.9762364938772256,1.395109788587763,-2.655874371612221,0.0,1.5696407556533813,-2.8673009872436523,0.09559422731399536,4.869895257955075,2.649381326794082,-0.8253407262922542,5.096233788374514,1.8941073399210202,-0.824501225147217,1.3873694288449723,0.4539374973207013,-0.5027569983281176,2.8219972254295356,0.7686966365096932,-0.09556965929379134,0.0,0.0,0.0,-0.2263385304194391,0.7552739868730618,-0.0008395011450371351,0.0,0.0,0.0
11.2167,-5.046790353371383,-0.9740243638475773,1.0,-5.094038486480713,-0.8761258125305176,0.9393474459648132,0.03478625966667878,-0.22210322849973824,0.012445290015690886,-0.974322942661134,1.4610365457713659,-2.620185530057075,0.0,1.6212265491485596,-2.8403632640838623,0.0771004781126976,4.859811136026458,2.8576152733501314,-0.7183645564368112,5.101271234133738,2.1164659223930027,-0.7178184565319222,3.0973216330737516,1.6173986486486487,-1.110404349662162,2.9032780228219495,1.0192489826872353,-0.395167408583119,0.0,0.0,0.0,-0.24146009810727964,0.7411493509571286,-0.0005460999048889761,0.0,0.0,0.0
11.2333,-5.0219131980691465,-1.0173568392237222,1.0,-5.060478210449219,-0.9312036633491516,0.9402683973312378,0.04571462138418977,-0.22370959241045818,0.008692323890038312,-0.9735443639285922,1.5260352588355834,-2.5828697971037204,0.0,1.6765819787979126,-2.8181138038635254,0.06281723082065582,4.8189238497449915,3.102803163011832,-0.6352804299635727,5.077154355570727,2.3732196472062963,-0.6349179236846106,3.3240869328675533,1.3360774263747905,-0.8577072923676035,3.027508504423633,1.112782530111769,-0.5317176363725116,0.0,0.0,0.0,-0.2582305058257357,0.7295835158055355,-0.00036250627896202065,0.0,0.0,0.0
11.25,-4.995942365336273,-1.060084663344211,1.0,-5.043307304382324,-0.9585606455802917,0.9406092166900635,0.04571462138418977,-0.22370959241045818,0.008692323890038312,-0.9735443639285922,1.5901269950163164,-2.543913548004409,0.0,1.6999669075012207,-2.809098958969116,0.05046467110514641,5.049519436944481,3.300042772485279,-0.5608893076572349,5.315003767380066,2.5751195103088973,-0.5606553523762351,1.4029766417301999,0.5408447883737896,-0.7410906813663086,2.547917006092921,0.943936055129601,-0.5935283860811419,0.0,0.0,0.0,-0.2654843304355857,0.724923262176382,-0.000233955280999755,0.0,0.0,0.0
11.2667,-4.9689201760156445,-1.1021367637856516,1.0,-5.008237361907959,-1.0128393173217773,0.9408693909645081,0.0570341427343743,-0.22260572956946542,0.004265092481908519,-0.9732294848233674,1.6532051456784775,-2.5033802640234675,0.0,1.746707797050476,-2.773916244506836,0.024531373754143715,5.04715950394895,3.486408195637361,-0.40461965845868575,5.327443613333323,2.7795299013133197,-0.40456437417368507,2.804857285928893,2.1112669003505258,-1.5562219445239287,2.6237704729395115,1.2885534565876164,-0.8777331202138507,0.0,0.0,0.0,-0.2802841093843737,0.7068782943240411,-5.528428500065646e-05,0.0,0.0,0.0
11.2833,-4.940851006505033,-1.1435068755593107,1.0,-4.972476482391357,-1.0662894248962402,0.9407560229301453,0.0670144005579206,-0.2256413247233262,-8.619030520473865e-05,-0.97190282847279,1.7152603133389661,-2.4612765097575506,0.0,1.7668025493621826,-2.723644733428955,0.008893785066902637,5.197834829973904,3.589597613077365,-0.3082527713083755,5.4846050126632555,2.90810857350651,-0.30824550470898476,1.2058587881822733,3.016725087631447,-0.9383904539845482,2.2051770276463576,1.7987413088164947,-0.8956402738104587,0.0,0.0,0.0,-0.28677018268935145,0.6814890395708547,-7.266599390720451e-06,0.0,0.0,0.0
11.3,-4.911719297961833,-1.1842132006431179,1.0,-4.9544477462768555,-1.0925556421279907,0.940578281879425,0.07886582040466868,-0.22970274255980572,-0.004300327247263488,-0.9700506852149787,1.7763198009646768,-2.417578946942749,0.0,1.776139259338379,-2.691679000854492,0.0010856359731405973,5.498853172643974,3.6778474768928002,-0.2585316159954948,5.788662251395969,3.0122609973903103,-0.2585315077209393,0.5594028997928719,1.915206056710235,-0.4678201696530605,1.7193144243838174,1.8331238310850704,-0.7693399595595172,0.0,0.0,0.0,-0.2898090787519954,0.66558647950249,-1.0827455549278747e-07,0.0,0.0,0.0
11.3167,-4.881620011607241,-1.224123416524457,1.0,-4.918004989624023,-1.1442605257034302,0.9401124715805054,0.09108725797120602,-0.2311965427748652,-0.007571512747587997,-0.9686042053740849,1.8361851247866854,-2.3724300174108626,0.0,1.799877643585205,-2.632164478302002,-0.0038976084906607866,5.6167803585800264,3.7390944626328837,-0.22430724846692895,5.9143878942418695,3.1026155692548554,-0.22430864404579443,1.4245897182756007,3.57159004735946,-0.29905484522327624,1.6323063042948904,2.346350833033814,-0.6305031981474014,0.0,0.0,0.0,-0.2976075356618434,0.6364788933780282,1.3955788654824741e-06,0.0,0.0,0.0
11.3346,-4.8481141882597925,-1.2662315981323176,1.0,-4.8811235427856445,-1.1947050094604492,0.939697265625,0.10064035221673834,-0.23216397626722823,-0.009765129772034486,-0.9674069398484358,1.8993473971984765,-2.3221712823896894,0.0,1.824674367904663,-2.561353921890259,0.0026864763349294662,5.755299569213264,3.750925365795776,-0.25957223270582175,6.061163806837801,3.148230983638067,-0.2595715696898401,1.3823099415204678,3.947381711855396,0.3670342014927233,1.558502808682666,2.81900441138513,-0.3360119252331616,0.0,0.0,0.0,-0.30586423762453685,0.6026943821577091,-6.630159816820992e-07,0.0,0.0,0.0
11.35,-4.818486529478676,-1.3016138673937843,1.0,-4.862483978271484,-1.2193433046340942,0.9395895004272461,0.10064035221673834,-0.23216397626722823,-0.009765129772034486,-0.9674069398484358,1.9524208010906765,-2.277729794218015,0.0,1.833667516708374,-2.514056444168091,0.013215332292020321,6.008736057394209,3.7584142719354983,-0.3203482116621933,6.3176227095411255,3.177772860565488,-0.32033216760749617,0.5846974206349206,3.0750868055555554,0.6845427619086372,1.2710176593535434,2.8946046147032023,-0.034725528348786505,0.0,0.0,0.0,-0.30888665214691635,0.5806414113700106,-1.6044054697131584e-05,0.0,0.0,0.0
11.3667,-4.785457381634583,-1.3391849638296163,1.0,-4.824764728546143,-1.2673943042755127,0.9396718740463257,0.10911381805917167,-0.23699129717155984,-0.010686206999391573,-0.9653057508627738,2.0087774457444243,-2.228186072451874,0.0,1.8536584377288818,-2.4234559535980225,0.03377928212285042,6.129819878798834,3.647810810690103,-0.44213146232733946,6.445478302397905,3.108265130027241,-0.44202663879512527,1.198633368118594,5.432304547338927,1.232991537621689,1.2496484935734276,3.6437800177566464,0.3395277202887434,0.0,0.0,0.0,-0.3156584235990716,0.5395456806628619,-0.00010482353221419984,0.0,0.0,0.0
11.3833,-4.751533826366871,-1.3758813723983432,1.0,-4.7866530418396,-1.3137681484222412,0.9400679469108582,0.11688104496617614,-0.24442226598443229,-0.011003193447041997,-0.9625359864191834,2.063822058597515,-2.1773007395503075,0.0,1.8692842721939087,-2.3443572521209717,0.04401729255914688,6.269648810372859,3.608450187823938,-0.5035435278058321,6.590651493385802,3.103549984128039,-0.5033655341140348,0.9381951701332722,4.749187626150564,0.6147032956611364,1.1577017798899596,3.9701165478982237,0.42076457967422554,0.0,0.0,0.0,-0.3210026830129428,0.5049002036958988,-0.00017799369179728752,0.0,0.0,0.0
11.4,-4.7166504763811945,-1.4117724419214785,1.0,-4.7674760818481445,-1.3363059759140015,0.9403173327445984,0.1221620134744548,-0.2505917111327448,-0.011271036669328749,-0.9602880842538548,2.117658662882218,-2.124975714571792,0.0,1.8833723068237305,-2.3032708168029785,0.04329775646328926,6.509033054258861,3.6886106876290725,-0.4984807180332359,6.83489250340155,3.2012528345804747,-0.49830849598690713,0.843966920901534,2.461350587025452,-0.04310499507241409,1.0650815152117603,3.5247012597021197,0.2838218028093107,0.0,0.0,0.0,-0.3258594491426883,0.4873578530485978,-0.00017222204632876234,0.0,0.0,0.0
11.4167,-4.680935304733882,-1.4467265408982926,1.0,-4.728775978088379,-1.3802355527877808,0.9408671855926514,0.12457712272453815,-0.2564617872160845,-0.011416274709297286,-0.9584245192000972,2.170089811347439,-2.0714029571008234,0.0,1.8950570821762085,-2.214921474456787,0.04295136034488678,6.659024189814092,3.602368012085218,-0.49718212084251034,6.9889395613477685,3.1516814323400486,-0.4970126434377206,0.7016593173748712,5.305291490092773,-0.020800747694994844,0.9577926399426357,4.050364040541792,0.19389165814630469,0.0,0.0,0.0,-0.3299153715336767,0.4506865797451695,-0.00016947740478975726,0.0,0.0,0.0
11.4334,-4.644300764801032,-1.4808293128363446,1.0,-4.7092976570129395,-1.401551365852356,0.9411395192146301,0.12457712272453815,-0.2564617872160845,-0.011416274709297286,-0.9584245192000972,2.221243969254517,-2.016451147201548,0.0,1.9091429710388184,-2.178490400314331,0.04501429572701454,6.88587136281788,3.7249664749855995,-0.5089577592119815,7.220709459215788,3.288983772010092,-0.508771610996136,0.8444534968483342,2.1840544287694925,0.12367362927547418,0.924332853339255,3.4993953315779125,0.1731620126100473,0.0,0.0,0.0,-0.3348380963979083,0.4359827029755077,-0.0001861482158455458,0.0,0.0,0.0
11.45,-4.606936403372503,-1.5139079356221592,1.0,-4.669918060302734,-1.4428528547286987,0.9418303370475769,0.12539805377147728,-0.2622916710110129,-0.0114143781011143,-0.9567382659380247,2.270861903433239,-1.9604046050587536,0.0,1.9334793090820312,-2.085468292236328,0.05428128316998482,6.9444626461618455,3.6174723140094764,-0.5660784752003712,7.287891686485672,3.2179278286002737,-0.5658077939527609,1.4629650862810297,5.591970991228573,0.557079666628447,1.0833469333816552,4.117161913464663,0.2865015211506948,0.0,0.0,0.0,-0.34342904032382654,0.39954448540920273,-0.0002706812476103564,0.0,0.0,0.0
11.4667,-4.568654982307224,-1.5461288872105894,1.0,-4.629961967468262,-1.4825025796890259,0.9425197243690491,0.1265778494284185,-0.26945973305123044,-0.011120277392205264,-0.954591979824456,2.3191933308158843,-1.902982473460837,0.0,1.9595229625701904,-2.0129973888397217,0.04785265773534775,6.984705260850424,3.6357594800490256,-0.5290362539941645,7.3374484789755785,3.2635011869996062,-0.5288258906406632,1.561481502658814,4.345088341243067,-0.38543669413631426,1.2245009973611412,4.184449960881706,0.08813307861312007,0.0,0.0,0.0,-0.3527432181251548,0.3722582930494194,-0.00021036335350129812,0.0,0.0,0.0
11.4834,-4.529612774593832,-1.5773561501942603,1.0,-4.609777450561523,-1.5017344951629639,0.9428673386573792,0.12943093292315888,-0.2782565021002348,-0.011363928323446763,-0.9516784946274434,2.3660342252913904,-1.8444191618907477,0.0,1.9764738082885742,-1.961377739906311,0.05057317763566971,7.171825059391662,3.6864457544073,-0.5451931063381187,7.530697481329284,3.333034445341248,-0.5449581438983773,1.0170953620783383,3.097314812165603,0.16323835512574747,1.1632710629586271,3.8635077948128287,0.11030552898015285,0.0,0.0,0.0,-0.3588724219376213,0.3534113090660523,-0.0002349624397413924,0.0,0.0,0.0
11.5,-4.489794183371512,-1.6076037450862442,1.0,-4.5687994956970215,-1.538957953453064,0.9435637593269348,0.13179267899467142,-0.285660391562939,-0.012232448430710748,-0.9491466069968485,2.411405617629366,-1.7846912750572672,0.0,2.0207505226135254,-1.8848583698272705,0.04599592834711075,7.084321496667029,3.6874889358653102,-0.5193301309736148,7.459452845044218,3.361115049172223,-0.5191357755179495,2.6560734564281527,4.590247286145397,-0.2745802285501795,1.6039736142823795,4.078054575672158,-0.0033197814117782998,0.0,0.0,0.0,-0.37513134837718853,0.32637388669308715,-0.00019435545566521924,0.0,0.0,0.0
11.5167,-4.449220718456476,-1.636854220836535,1.0,-4.526922225952148,-1.5744448900222778,0.9443455338478088,0.13134270343490093,-0.29068144572480703,-0.013192005730758289,-0.9476705822151484,2.4552813312548025,-1.7238310776847143,0.0,2.0634877681732178,-1.7963714599609375,0.04596831277012825,6.994638268100135,3.617684172600182,-0.5212177914799133,7.385804859982393,3.3212349938175487,-0.521023669333022,2.563723737467641,5.308156581186802,-0.0016566044279809494,1.8873093925282796,4.441203170951949,-0.0028287811673595475,0.0,0.0,0.0,-0.39116659188225805,0.29644917878263316,-0.00019412214689125062,0.0,0.0,0.0
11.5335,-4.407485994221238,-1.6653752647988367,1.0,-4.484010219573975,-1.6082260608673096,0.945182740688324,0.13019048235359798,-0.2944211882767393,-0.014574885977249236,-0.9466542109633083,2.4980628971982552,-1.6612289913318574,0.0,2.1195242404937744,-1.7013137340545654,0.059969909489154816,6.816608649402869,3.5124604093286123,-0.607566169498981,7.2293089015578085,3.246555243656696,-0.6072357811335929,3.325795953021084,5.641729163718693,0.8310025912692798,2.3119769171969087,4.7956203866914855,0.24333348037118646,0.0,0.0,0.0,-0.41270025215494005,0.2659051656719163,-0.0003303883653880911,0.0,0.0,0.0
11.55,-4.366031030434989,-1.692210933113752,1.0,-4.462157249450684,-1.6243823766708374,0.9457106590270996,0.13019048235359798,-0.2944211882767393,-0.014574885977249236,-0.9466542109633083,2.538316399670628,-1.5990465456524836,0.0,2.140950918197632,-1.658530592918396,0.06159016489982605,6.93588817562285,3.634723241300514,-0.6181400430900373,7.35697473625171,3.3820234215207456,-0.6177915608158859,1.3017091541135573,2.5991526651216685,0.09843342627462341,2.013727408314364,4.147182969233762,0.20055633598378453,0.0,0.0,0.0,-0.4210865606288605,0.2526998197797685,-0.00034848227415135597,0.0,0.0,0.0
11.5667,-4.32338295333271,-1.7183385378987515,1.0,-4.417818069458008,-1.6555256843566895,0.9467370510101318,0.13291702520404045,-0.29946584994212944,-0.016677634396306217,-0.9446561553159523,2.577507806848127,-1.535074429999066,0.0,2.168752908706665,-1.5775010585784912,0.05998481810092926,6.901385422649599,3.6151971301158397,-0.6118639081236813,7.333479295229235,3.386586049131386,-0.6115333554677623,1.6675723601418602,4.860177611257293,-0.09628921891087976,1.9115361112273708,4.357672019354882,0.1129221025691768,0.0,0.0,0.0,-0.4320938725796366,0.22861108098445382,-0.0003305526559189977,0.0,0.0,0.0
11.5833,-4.280105474736864,-1.7433855736442319,1.0,-4.395418643951416,-1.6705290079116821,0.9472169280052185,0.1336197132674823,-0.30289507031930163,-0.017924422468955495,-0.943440050149019,2.615078360466348,-1.4701582121052956,0.0,2.187607765197754,-1.5479176044464111,0.051164351403713226,7.022617730759552,3.8321165161494073,-0.5595807820023572,7.462257398622161,3.611999489603157,-0.559340294282518,1.131114480233423,1.774729675610733,-0.5291452421477201,1.6811413815619685,3.5951402296217645,-0.07662791300974721,0.0,0.0,0.0,-0.4396396678626093,0.22011702654624998,-0.0002404877198391556,0.0,0.0,0.0
11.6,-4.236188811893787,-1.767356927302716,1.0,-4.350104331970215,-1.6994515657424927,0.9480103254318237,0.1326848329472379,-0.30318451380145023,-0.01894913879680087,-0.9434589740840004,2.6510353909540743,-1.4042832178406814,0.0,2.219740629196167,-1.467544436454773,0.04173164442181587,6.941661940777345,3.822686475938816,-0.505217300214,7.394311832719077,3.6248344602486977,-0.5050573116445738,1.9265956686441283,4.818947895075405,-0.5655584393538703,1.7536039734118178,3.956430620670427,-0.22096914083905456,0.0,0.0,0.0,-0.4526498919417321,0.19785201569011826,-0.00015998856942621006,0.0,0.0,0.0
11.6167,-4.191751562114148,-1.7901896970620117,1.0,-4.303850173950195,-1.726905345916748,0.948574423789978,0.13312239626012193,-0.3041859703372736,-0.020125583779285486,-0.9430506132687783,2.6852845455930177,-1.337627343171222,0.0,2.2700717449188232,-1.3901221752166748,0.033788204193115234,6.7379689535232465,3.831512866259585,-0.45866404534520255,7.211378623650885,3.653986075974508,-0.4585591664319161,3.0217718040108217,4.6482658421723135,-0.4769070457766136,2.127990296006563,4.160673023111175,-0.29652668829467554,0.0,0.0,0.0,-0.47340967012763824,0.17752679028507698,-0.00010487891328645371,0.0,0.0,0.0
11.6334,-4.146647050839342,-1.811957165968623,1.0,-4.280376434326172,-1.740024447441101,0.9487994909286499,0.13312239626012193,-0.3041859703372736,-0.020125583779285486,-0.9430506132687783,2.7179357489529345,-1.2699705762590132,0.0,2.29828143119812,-1.3500300645828247,0.02252880297601223,6.773518996367056,4.001435059499205,-0.39052367939719146,7.258767690098544,3.834000602197045,-0.390477052749475,1.6899960006855967,2.401852539564646,-0.6745322453650803,1.9986863745648404,3.641437069437542,-0.40812083775762276,0.0,0.0,0.0,-0.4852486937314886,0.16743445730216022,-4.6626647716471005e-05,0.0,0.0,0.0
11.65,-4.101102738623788,-1.832548608405645,1.0,-4.232468605041504,-1.7650352716445923,0.9491430521011353,0.1360718169138461,-0.30555070109712457,-0.021214742638503977,-0.9421641807508973,2.7488229126084676,-1.2016541079356824,0.0,2.358004570007324,-1.2642806768417358,0.021435610949993134,6.48840163339614,3.964139283955393,-0.3839860603528257,6.9991973461226555,3.817299086761181,-0.38394384895920236,3.581188883170355,5.1418053411105396,-0.0655512621876251,2.4658700393751456,4.084373206292682,-0.3069880377165469,0.0,0.0,0.0,-0.5107957127265158,0.14684019719421187,-4.22113936233109e-05,0.0,0.0,0.0
11.6667,-4.0551262982754634,-1.8519676761900559,1.0,-4.183311939239502,-1.7884070873260498,0.9493952989578247,0.13894628993420577,-0.306336344695148,-0.02227330288570362,-0.9414647959467074,2.7779515142850837,-1.1326894474131954,0.0,2.411914825439453,-1.1808769702911377,0.018560994416475296,6.222494700363012,3.939904944449817,-0.3663169723308931,6.756913703462388,3.8117995952943264,-0.3662853232983653,3.2426897649538944,5.016714230399678,-0.1729075393297099,2.695201420727972,4.3596173175194775,-0.267405023929635,0.0,0.0,0.0,-0.5344190030993757,0.12810534915549066,-3.164903252785151e-05,0.0,0.0,0.0
11.6833,-4.00857126112242,-1.8702745167251207,1.0,-4.158273220062256,-1.7994768619537354,0.9495043158531189,0.14104012429480273,-0.30541849170170193,-0.023781822887605514,-0.9414147254906764,2.805411775087681,-1.0628568916836292,0.0,2.452608108520508,-1.1427260637283325,0.01220138929784298,6.148425102772752,4.133819586860824,-0.3270207325866329,6.701029425694431,4.013857993756441,-0.32700705603761293,2.440866058404599,2.2883691330835454,-0.3814620768741241,2.620116973142613,3.7481469961301253,-0.30107675064242495,0.0,0.0,0.0,-0.5526043229216793,0.11996159310438265,-1.3676549019931914e-05,0.0,0.0,0.0
11.7,-3.9615918216781716,-1.887404636395852,1.0,-4.107229709625244,-1.8204108476638794,0.9497174620628357,0.1422610236657542,-0.30395389925266053,-0.024994767040900565,-0.9416736335810789,2.8311069545937784,-0.9923877325172574,0.0,2.501193046569824,-1.0565612316131592,0.012791423127055168,5.8874906216871175,4.096090687229431,-0.32994998419646093,6.462205425170873,3.9935379395886423,-0.3299349529260117,2.914056914056914,5.168046618046618,0.035389407264407265,2.7068934162027105,4.167327316807313,-0.20174579105104182,0.0,0.0,0.0,-0.5747148034837554,0.10255274764078853,-1.5031270449197905e-05,0.0,0.0,0.0
11.7167,-3.914194038351214,-1.9033564257000914,1.0,-4.0550994873046875,-1.8398241996765137,0.9498133063316345,0.1455554900315249,-0.30063806443469476,-0.026970695592788262,-0.9421799858190888,2.855034638550137,-0.921291057526821,0.0,2.5608980655670166,-0.9850349426269531,0.007788631599396467,5.544868296220735,4.145653261245735,-0.29873923314862394,6.147348168705128,4.056515600643454,-0.2987336602610333,3.5815872652640914,4.290722121311804,-0.30010767481836126,2.965119027706872,4.203755718451844,-0.2307840169534797,0.0,0.0,0.0,-0.602479872484393,0.08913766060228034,-5.572887590623964e-06,0.0,0.0,0.0
11.7334,-3.866411542778772,-1.9181183394689105,1.0,-4.028663158416748,-1.8489494323730469,0.9498416781425476,0.1455554900315249,-0.30063806443469476,-0.026970695592788262,-0.9421799858190888,2.877177509203366,-0.8496173141681584,0.0,2.5798585414886475,-0.9417366981506348,0.005200016777962446,5.565887770318281,4.319784044298613,-0.2816770302948305,6.177321996295527,4.238310436571216,-0.2816745462041339,1.1373367847489382,2.597228379789197,-0.15527705476023626,2.425524302202933,3.7294794846936217,-0.20849298163169866,0.0,0.0,0.0,-0.6114342259772455,0.08147360772739755,-2.4840906965815544e-06,0.0,0.0,0.0
11.75,-3.818317026997253,-1.9316696041312884,1.0,-3.9750068187713623,-1.8661949634552002,0.9498450756072998,0.14924103173627218,-0.29563998557362126,-0.030543694675299327,-0.9430754799093998,2.8975044061969326,-0.7774755404958795,0.0,2.631574869155884,-0.8679904341697693,0.0006959309102967381,5.244138883168658,4.3580283800257655,-0.25299896464339666,5.880332663857893,4.2888153541144,-0.2529989201505481,3.1053814548109546,4.428200741578503,-0.2704543295170255,2.6262305597764497,3.9357547706392912,-0.22678510402912944,0.0,0.0,0.0,-0.6361937806892353,0.06921302591136597,-4.4492848557805565e-08,0.0,0.0,0.0
11.7667,-3.7698802168547516,-1.9440196968674293,1.0,-3.920309543609619,-1.8819177150726318,0.9497448205947876,0.15135567610332137,-0.29203022390249656,-0.032962502311339535,-0.9437813553282601,2.9160295453011438,-0.7048203252821279,0.0,2.6834449768066406,-0.7953185439109802,-0.004705899395048618,4.906290503185111,4.401544537675745,-0.21841192011608312,5.5678110650657935,4.343435969282025,-0.21841395454834994,3.112921919043054,4.361315800769792,-0.3241843273910236,2.7699107445579836,4.061388164947152,-0.25553913498481134,0.0,0.0,0.0,-0.6615205618806824,0.05810856839372024,2.034432266819168e-06,0.0,0.0,0.0
11.7833,-3.721125417570141,-1.955160705076791,1.0,-3.892592668533325,-1.8891685009002686,0.9496861100196838,0.1536973075913821,-0.28566871029716384,-0.03634689424676432,-0.9452245477149702,2.9327410576151864,-0.6316881263552118,0.0,2.704284191131592,-0.7452308535575867,-0.004235553555190563,4.879874257062069,4.54432754624951,-0.21926281039095896,5.551709244746405,4.493307645144192,-0.21926445847105097,1.2499785487515374,3.004361753854074,0.028212302112232933,2.3211989797180324,3.7493346485385723,-0.17177052447246396,0.0,0.0,0.0,-0.6718349876843369,0.05101990110531768,1.6480800920151243e-06,0.0,0.0,0.0
11.8,-3.672126268254706,-1.965075581364449,1.0,-3.836327075958252,-1.9024429321289062,0.9495863318443298,0.15574482783382163,-0.2790104091213295,-0.0391326744927889,-0.9467658158181651,2.9476133720466735,-0.558189402382059,0.0,2.759683847427368,-0.6577284336090088,-0.0004189364262856543,4.4928666594339495,4.498367710391774,-0.23998312020681623,5.192509866382056,4.458625575585337,-0.2399831363301263,3.32388745046991,5.25,0.22899069464051347,2.6172109429734256,4.192358488777148,-0.05345848765678078,0.0,0.0,0.0,-0.6996432069481066,0.039742134806436916,1.6123310062178384e-08,0.0,0.0,0.0
11.8167,-3.6228656716467924,-1.9737674022214637,1.0,-3.807859182357788,-1.9084066152572632,0.9495791792869568,0.15574482783382163,-0.2790104091213295,-0.0391326744927889,-0.9467658158181651,2.9606511033321956,-0.48429850747018865,0.0,2.781386137008667,-0.6200380921363831,-0.00433075986802578,4.4370905425787655,4.72039729782042,-0.21479526754068046,5.147781074968927,4.685079411767435,-0.2147969905442048,1.301784794920199,2.2608081631485613,-0.234645854198621,2.2288731012998975,3.622129528642432,-0.10694830992122434,0.0,0.0,0.0,-0.7106905323901618,0.035317886052984894,1.7230035243696453e-06,0.0,0.0,0.0
11.8334,-3.5734194065570035,-1.981222306587026,1.0,-3.7502760887145996,-1.9191784858703613,0.949420690536499,0.16040460447861035,-0.27202534869734624,-0.04182665890275669,-0.947904581518081,2.971833459880539,-0.41012910983550577,0.0,2.8137428760528564,-0.5334921479225159,-0.014264529570937157,4.16105399643617,4.678462188581461,-0.15271401313383193,4.88837608204668,4.652315660883375,-0.15273270586954837,1.9411562777126183,5.1920931430042625,-0.5959500243155877,2.1439338362180798,4.085611482691726,-0.2513105537641058,0.0,0.0,0.0,-0.7273220856105094,0.026146527698085457,1.8692735716455585e-05,0.0,0.0,0.0
11.85,-3.523816434827491,-1.9874370942248993,1.0,-3.6920812129974365,-1.9283514022827148,0.9491052627563477,0.16677483194487272,-0.2648701361775685,-0.04408821664700276,-0.9487287631407115,2.981155641337349,-0.33572465224123643,0.0,2.84379243850708,-0.4491865038871765,-0.020017269998788834,3.8849277940646836,4.64684426766081,-0.1149240148479157,4.6278678065381,4.6283084667242695,-0.11496082500347074,1.8030528454121484,5.0585605562072615,-0.3451795683599897,2.04329953726255,4.3728438323196075,-0.27902240256849153,0.0,0.0,0.0,-0.7429400124734161,0.018535800936540118,3.681015555504527e-05,0.0,0.0,0.0
11.8667,-3.4741049811945897,-1.992407452185228,1.0,-3.633270263671875,-1.9357529878616333,0.9488075971603394,0.1710804433532683,-0.25608064799664443,-0.046024737895532804,-0.9502820009488835,2.988611178277842,-0.26115747179188475,0.0,2.8752572536468506,-0.3586266338825226,-0.015019532293081284,3.586174047448468,4.573284252169551,-0.1417173612114061,4.345645360146207,4.561468998825137,-0.14173808507745392,1.8897289402465742,5.43888805361055,0.3001565251943812,1.9979626901290493,4.68755957112208,-0.10803819712062972,0.0,0.0,0.0,-0.7594713126977393,0.011815253344414299,2.072386604782747e-05,0.0,0.0,0.0
11.8833,-3.4242192125501805,-1.9961386693397363,1.0,-3.6036574840545654,-1.938768744468689,0.9486803412437439,0.17589495951818673,-0.24719352400696684,-0.04807159959346437,-0.9516540916021556,2.9942080040096046,-0.18632881882527083,0.0,2.8963751792907715,-0.3150980472564697,-0.014540499076247215,3.4851614604541927,4.7649459701948045,-0.14224381972199807,4.255829933051103,4.75582482472865,-0.14226324273428115,1.266478881294861,2.6104853584603505,0.028728458599044868,1.7820153000287378,4.074369299714945,-0.06766218059268711,0.0,0.0,0.0,-0.7706684725969102,0.009121145466154008,1.942301228309233e-05,0.0,0.0,0.0
11.9,-3.374314339391567,-1.998618867858701,1.0,-3.5440077781677246,-1.9435701370239258,0.9485394954681396,0.18085141836635574,-0.23918137649490948,-0.049612404081325646,-0.9526928428305551,2.9979283017880514,-0.11147150908735054,0.0,2.9216554164886475,-0.23119480907917023,-0.009358433075249195,3.197619188726765,4.726939574678813,-0.17091708002384165,3.981799520298571,4.722029205827558,-0.17092512573127777,1.5172063473893571,5.035495693047348,0.3110043378060297,1.703838857150514,4.358111378063128,0.044127096735132106,0.0,0.0,0.0,-0.784180331571806,0.004910368851254812,8.045707436117277e-06,0.0,0.0,0.0
11.9167,-3.324287270550716,-1.9998525266852045,1.0,-3.513965129852295,-1.9453396797180176,0.9485005140304565,0.18085141836635574,-0.23918137649490948,-0.049612404081325646,-0.9526928428305551,2.999778790027807,-0.03643090582607405,0.0,2.937042474746704,-0.18338871002197266,-0.0040868655778467655,3.1069241151240803,4.89489267214597,-0.20063392309303707,3.8993860545165124,4.891803065790521,-0.20063545749330416,0.9226832127641323,2.8666873373745463,0.31610895034204956,1.4732274333156985,3.9178157416732233,0.12442111108203416,0.0,0.0,0.0,-0.7924619393924323,0.003089606355448996,1.5344002670942488e-06,0.0,0.0,0.0
11.9334,-3.274249287663466,-1.99983421833265,1.0,-3.4535622596740723,-1.9474232196807861,0.9486199021339417,0.18289617272186176,-0.22965720025581168,-0.05075150695602959,-0.9545841826574815,2.9997513274989753,0.03862606850480075,0.0,2.965535879135132,-0.08692945539951324,0.0033917080145329237,2.7743802984515726,4.7760727226403095,-0.24438806887305076,3.5822927920184564,4.775378511024461,-0.24438701206801566,1.7080421329445898,5.782266968228787,0.4483044081352099,1.5425490244837432,4.4682358213543925,0.2200373801655397,0.0,0.0,0.0,-0.8079124935668839,0.0006942116158483411,-1.056805035103799e-06,0.0,0.0,0.0
11.95,-3.224328916928553,-1.9985679591114218,1.0,-3.392765760421753,-1.9476693868637085,0.9488690495491028,0.18623875234938572,-0.21975442151071856,-0.05202986301821349,-0.9561987862770853,2.9978519386671327,0.1135066246071706,0.0,2.9743154048919678,0.007852593436837196,0.0033363879192620516,2.5464087168547,4.660529683391996,-0.24359988695791002,3.359111972326542,4.660535348186811,-0.24359886434554792,0.5275040110016044,5.694830485940007,-0.003323821007262778,1.2428891839670397,4.830348985486332,0.1540970710836321,0.0,0.0,0.0,-0.812703255471842,-5.664794815793892e-06,-1.0226123620843544e-06,0.0,0.0,0.0
11.9667,-3.174364348382434,-1.996050020175504,1.0,-3.3622946739196777,-1.9471313953399658,0.9489640593528748,0.19181754826994404,-0.21131667841512075,-0.053096473313478706,-0.9569389270837851,2.994075030263256,0.1884534774263487,0.0,2.982644557952881,0.04680326581001282,0.0009288043947890401,2.4619537540484426,4.879925282720563,-0.22792709464660332,3.2792151056764705,4.880126520851328,-0.22792701539528745,0.4994138838060384,2.3354723372812787,-0.1443580913630954,1.0234016864519613,4.093815798701578,0.06598765209997152,0.0,0.0,0.0,-0.8172613516280279,-0.00020123813076567874,-7.92513158672041e-08,0.0,0.0,0.0
11.9833,-3.1245211398037718,-1.9922869195033712,1.0,-3.301342010498047,-1.944811224937439,0.9490798115730286,0.19580372607929755,-0.20229884124314268,-0.05370246070136838,-0.9580460405004693,2.988430379255057,0.26321829029434174,0.0,2.985841751098633,0.1317342221736908,-0.005918604321777821,2.2441540690597037,4.816885141376057,-0.18572472102967252,3.0631684574909017,4.818479386808855,-0.18572793910771707,0.19190589312802311,5.097831220126507,-0.4110036602297039,0.7779289305561505,4.390219502049064,-0.07482890153268049,0.0,0.0,0.0,-0.8190143884311979,-0.00159424543279818,3.218078044552204e-06,0.0,0.0,0.0
12.0,-3.0747775900994845,-1.9872782558259436,1.0,-3.2402634620666504,-1.9407626390457153,0.9491917490959167,0.1970644366060262,-0.19157043125432086,-0.05431839474550655,-0.9599562199686801,2.9809173837389156,0.33783361485077296,0.0,2.9899070262908936,0.23048987984657288,0.0028284923173487186,2.0088446779396105,4.664798745520773,-0.2370733090487681,2.8300907891156184,4.669679215902954,-0.23707257408155533,0.2439062768209647,5.925090833667105,0.5248037767047405,0.6202756825473534,4.843341572831411,0.10219362489973091,0.0,0.0,0.0,-0.8212461111760078,-0.004880470382180368,-7.349672127770932e-07,0.0,0.0,0.0
12.0167,-3.025154231031165,-1.9810249375714406,1.0,-3.2097339630126953,-1.9379812479019165,0.9493271112442017,0.1970644366060262,-0.19157043125432086,-0.05431839474550655,-0.9599562199686801,2.971537406357161,0.41226865345325237,0.0,2.996840715408325,0.27972206473350525,0.004496550653129816,1.897856495168175,4.8185879686902195,-0.24606896435769043,2.7229160144297135,4.825776023980974,-0.2460671069085174,0.41592059723692115,2.9532157260947915,0.10005926246388833,0.5599463262532652,4.285341876003621,0.10156352209775238,0.0,0.0,0.0,-0.8250595192615385,-0.007188055290754158,-1.8574491730367654e-06,0.0,0.0,0.0
12.0334,-2.975718992440754,-1.9735353627782708,1.0,-3.148609161376953,-1.931041955947876,0.9497643113136292,0.20366353446595678,-0.17253253399337012,-0.055686818622958205,-0.9621084909347374,2.9603030441674063,0.48642151133886835,0.0,2.991089344024658,0.37534093856811523,0.013719480484724045,1.6981633605464408,4.6749834198233335,-0.3019177827927001,2.5200591011668654,4.687925671169176,-0.30190049126793383,-0.34503325466638063,5.736317313881141,0.5532971677662161,0.29277981315554236,4.713696345542308,0.23492355088372974,0.0,0.0,0.0,-0.8218957406204247,-0.012942251345842455,-1.7291524766270505e-05,0.0,0.0,0.0
12.05,-2.9265349087937746,-1.9648215760344057,1.0,-3.1181674003601074,-1.9268718957901,0.9499918222427368,0.20366353446595678,-0.17253253399337012,-0.055686818622958205,-0.9621084909347374,2.9472323640516085,0.5601976368093375,0.0,2.9916093349456787,0.417794793844223,0.008693945594131947,1.602856793229325,4.86539791970305,-0.2712371934694465,2.4250383263642066,4.881433475095975,-0.27123024975592575,0.03123702038068776,2.5502982627003337,-0.30189514750218416,0.2155676003667297,4.075021689869045,0.07644485938918956,0.0,0.0,0.0,-0.8221815331348816,-0.01603555539292521,-6.943713520756989e-06,0.0,0.0,0.0
12.0667,-2.8775103670456548,-1.9548663662885253,1.0,-3.057457447052002,-1.9172850847244263,0.9504435658454895,0.20505626785537615,-0.16368410739607062,-0.055788982583748696,-0.9633519915532027,2.9322995494327877,0.6337344494315175,0.0,2.9728548526763916,0.5039016008377075,0.007901991717517376,1.4600555252588427,4.768793976609295,-0.2670912689250292,2.2719608128363364,4.792120468778918,-0.26708553263503343,-1.1245621810175985,5.16316351913537,-0.04748738813278246,-0.18006320538805248,4.396261046436003,0.03985779474275629,0.0,0.0,0.0,-0.8119052875774937,-0.02332649216962242,-5.736289995794454e-06,0.0,0.0,0.0
12.0833,-2.8287730855258317,-1.9436936988824023,1.0,-2.997093915939331,-1.9060393571853638,0.950850248336792,0.20455332292665057,-0.15342224145293173,-0.05589586699157224,-0.9651400294544289,2.9155405483236034,0.7068403717112524,0.0,2.963256359100342,0.5888324975967407,0.011090363375842571,1.252108214874937,4.671712638934483,-0.2866162831649183,2.058779148751843,4.703564990447247,-0.2866049839177039,-0.5758030836122314,5.094911181669956,0.19126691266912668,-0.29689285059554926,4.602515335970389,0.084556533742462,0.0,0.0,0.0,-0.806670933876906,-0.03185235151276331,-1.129924721438275e-05,0.0,0.0,0.0
12.1,-2.7803634917728246,-1.931315069924498,1.0,-2.937265634536743,-1.8929156064987183,0.9514107704162598,0.2054963323203015,-0.14324171761032983,-0.05598408034550559,-0.9664982959413896,2.8969726048867472,0.7794547623407625,0.0,2.9352622032165527,0.6895083785057068,0.016254868358373642,1.1452639648393814,4.47112655837297,-0.3187872339510852,1.9367655028292794,4.51480197476982,-0.3187629608719459,-1.6806366655215847,6.044103544028398,0.3100524434079068,-0.7053993162095562,5.028098523690787,0.15112704778864045,0.0,0.0,0.0,-0.7915015379898981,-0.04367541639684974,-2.4273079139308137e-05,0.0,0.0,0.0
12.1167,-2.732208289940808,-1.9177102424475025,1.0,-2.9075446128845215,-1.8856849670410156,0.9517266750335693,0.20915296392114832,-0.13543855261243576,-0.055412231904909716,-0.9668718013128931,2.876565363671254,0.8516875650887877,0.0,2.9237570762634277,0.7284053564071655,0.015657002106308937,1.0785973772795587,4.671867442238058,-0.31516927628332836,1.863906297126135,4.72060954040795,-0.3151467559311143,-0.6898050202984733,2.3321194750986334,-0.035845857574761275,-0.7007955950310691,4.232196232652425,0.09592922871859234,0.0,0.0,0.0,-0.7853089198465764,-0.04874209816989144,-2.252035221404629e-05,0.0,0.0,0.0
12.1334,-2.684249285526509,-1.902853398879006,1.0,-2.848745584487915,-1.8699278831481934,0.952278196811676,0.20915296392114832,-0.13543855261243576,-0.055412231904909716,-0.9668718013128931,2.854280098318509,0.9236260717102363,0.0,2.884284496307373,0.8162128925323486,0.0035423636436462402,1.0223663609262224,4.538173130976873,-0.24364173003856193,1.7866140771042656,4.599375024551529,-0.24364057726437705,-2.358572547902272,5.24669135978346,-0.7238760105776765,-1.1902016516210832,4.531693736667707,-0.14609226195355562,0.0,0.0,0.0,-0.7642477161780432,-0.061201893574656004,-1.152774184887543e-06,0.0,0.0,0.0
12.15,-2.637095350843112,-1.8869439382573567,1.0,-2.8195979595184326,-1.8614996671676636,0.9524922966957092,0.21016992786304572,-0.12794528285493012,-0.05475158005450148,-0.967709132752259,2.830415907386035,0.9943569737353317,0.0,2.8525986671447754,0.8985604047775269,0.003966669086366892,0.9184326848030995,4.7629532618560795,-0.2498177473666635,1.6780691294298746,4.829276712239746,-0.2498157558122986,-0.5252101444069258,2.0168762123715784,0.06711854636647747,-0.9938840042754238,3.7892736387904917,-0.08314853436610634,0.0,0.0,0.0,-0.759636444626775,-0.06632345038366703,-1.9915543649168905e-06,0.0,0.0,0.0
12.1667,-2.590085043757989,-1.8697648929488178,1.0,-2.7618935108184814,-1.843306064605713,0.9529488682746887,0.2082966347898161,-0.1214006069485031,-0.05459538383392012,-0.9689653617189747,2.8046473394232265,1.0648724343630163,0.0,2.8369905948638916,0.9479303956031799,0.006321144290268421,0.8389182510882622,4.552367101398089,-0.2605217138511057,1.5783085541220645,4.6349159190050075,-0.260518043147095,-2.313101279393896,5.8909120148667,0.09983468725430635,-1.38334105595113,4.409715700210325,-0.0291285428586358,0.0,0.0,0.0,-0.7393903030338023,-0.08254881760691847,-3.6707040107137093e-06,0.0,0.0,0.0
12.1833,-2.54360143995381,-1.8514484109367053,1.0,-2.7049121856689453,-1.8233550786972046,0.9534382224082947,0.2077903694796813,-0.11144537118208213,-0.05425138125637423,-0.9702886041748228,2.777172616405058,1.1345978400692842,0.0,2.803647518157959,1.0336668491363525,0.0036020949482917786,0.7197382448193388,4.406448323568587,-0.2451032408136632,1.4418506115906045,4.504604839541573,-0.2451020488355774,-2.002018466824136,5.1478741679192614,-0.16325988878748837,-1.565985935548634,4.627633571606879,-0.06872656776931924,0.0,0.0,0.0,-0.7221123667712658,-0.09815651597298591,-1.1919780857833073e-06,0.0,0.0,0.0
12.2,-2.4975295954270456,-1.831950122078797,1.0,-2.648815393447876,-1.801676869392395,0.9539341330528259,0.20979802934014166,-0.10478792347993013,-0.05363523647799345,-0.9706325646055202,2.7479251831181957,1.2037056068594312,0.0,2.7676331996917725,1.11234712600708,0.0028036972507834435,0.6090765425455613,4.293737567433926,-0.24125569425790216,1.312756241321146,4.407405675793826,-0.24125497211991673,-2.1591932417558857,4.717177203790792,-0.04786693143484041,-1.741111574717676,4.654068488465854,-0.06256842186031877,0.0,0.0,0.0,-0.7036796987755847,-0.11366810835989992,-7.221379854427854e-07,0.0,0.0,0.0
12.2167,-2.451978641729468,-1.8113143779910217,1.0,-2.6210062503814697,-1.7903085947036743,0.9541786313056946,0.21073958466751896,-0.10001193216872871,-0.052758160560481715,-0.9709805289868261,2.7169715669865324,1.2720320374057983,0.0,2.7519419193267822,1.151123285293579,0.005560434423387051,0.5065398250931992,4.470595926581457,-0.2574908159207189,1.2022630252988997,4.592327051856679,-0.25748797554752645,-0.9412218980607516,2.3259395915565473,0.16535944382472398,-1.50496952214437,3.9667622856040956,0.004720050053044655,0.0,0.0,0.0,-0.6957232002057006,-0.1217311252752216,-2.8403731924008953e-06,0.0,0.0,0.0
12.2333,-2.4069917744433624,-1.7895631615252325,1.0,-2.566054105758667,-1.7663769721984863,0.9548876285552979,0.21073958466751896,-0.10001193216872871,-0.052758160560481715,-0.9709805289868261,2.684344742287849,1.3395123383349565,0.0,2.7173705101013184,1.2252434492111206,0.022898297756910324,0.36980967225634753,4.370528316158791,-0.3635602919406301,1.0481625542612751,4.508440532195611,-0.3635121233038737,-2.075741525423729,4.450333543289052,1.0410024841280634,-1.6734718498267096,4.109521359370912,0.31064956529679943,0.0,0.0,0.0,-0.6783528820049277,-0.1379122160368203,-4.81686367564109e-05,0.0,0.0,0.0
12.25,-2.362566775466493,-1.7666971867133066,1.0,-2.538831949234009,-1.753880500793457,0.9553955793380737,0.20746543835108655,-0.09115029385151004,-0.051586267437636314,-0.9726194934848692,2.6500457800699597,1.40614983680026,0.0,2.701117753982544,1.2707147598266602,0.028887340798974037,0.25052642729864316,4.497711031021921,-0.4005483635336168,0.9207890374701252,4.646049607632544,-0.4004717027792351,-0.9757385778083133,2.729882342837513,0.3595538072183099,-1.4674882350715701,3.702226705268072,0.3250869913617943,0.0,0.0,0.0,-0.670262610171482,-0.14833857661062322,-7.666075438166029e-05,0.0,0.0,0.0
12.2667,-2.318657033353986,-1.7426892958339997,1.0,-2.485161066055298,-1.7274597883224487,0.956661581993103,0.20637193309811533,-0.08617890975061211,-0.05218100161697358,-0.9732733175458187,2.6140339437509996,1.4720144499690202,0.0,2.6476147174835205,1.361965537071228,0.04279976338148117,0.2106483306263689,4.2790581522801405,-0.4889071218219533,0.8546211418197224,4.449466237020532,-0.48873883864799905,-3.207569823618536,5.470591178068094,0.8340660599682684,-1.981192124440227,4.224280219010084,0.4753469153051969,0.0,0.0,0.0,-0.6439728111933535,-0.17040808474039149,-0.00016828317395425668,0.0,0.0,0.0
12.2834,-2.2753531213342812,-1.717585157725986,1.0,-2.4324193000793457,-1.699553370475769,0.958083987236023,0.20767173663783525,-0.07995418374212147,-0.052807388079542446,-0.9734943356194098,2.576377736588979,1.5369703179985779,0.0,2.6085896492004395,1.4314985275268555,0.04787799343466759,0.07685997487342222,4.180798744576043,-0.5250893105643263,0.7019887523406086,4.3690508186614645,-0.5248787243971367,-2.338128160443391,4.165964345913207,0.30425450139988003,-2.0865661661848836,4.207064307400554,0.42483730757006444,0.0,0.0,0.0,-0.6251287774671864,-0.18825207408542158,-0.00021058616718965602,0.0,0.0,0.0
12.3001,-2.2326365689362966,-1.6913708363419062,1.0,-2.4064407348632812,-1.6850303411483765,0.958832323551178,0.20767173663783525,-0.07995418374212147,-0.052807388079542446,-0.9734943356194098,2.5370562545128594,1.6010451465955549,0.0,2.5794498920440674,1.4711638689041138,0.04950415715575218,0.006251924952346055,4.326623943023046,-0.5372119901408757,0.6174924639783564,4.5254530944893645,-0.536986856030788,-1.7436479064127255,2.37347171695556,0.09730544261359583,-1.9853304281942368,3.6657542611195137,0.3281439145546217,0.0,0.0,0.0,-0.6112405390260104,-0.1988291514663182,-0.00022513411008776954,0.0,0.0,0.0
12.3167,-2.190705749835847,-1.6641713453105575,1.0,-2.355228900909424,-1.65505850315094,0.9602553844451904,0.20893221189953842,-0.06872454581474248,-0.054393626870098466,-0.9739947030049312,2.4962570179658363,1.6639413752462286,0.0,2.536383867263794,1.533068299293518,0.03729430213570595,-0.11815632122874664,4.25736235146138,-0.46974412225570517,0.47284428025631353,4.473276432087489,-0.46961634812696346,-2.585480361845872,3.7164491011107295,-0.7330219247394939,-2.162505657879086,3.6807203044624326,0.014868363282487085,0.0,0.0,0.0,-0.5910006014850602,-0.21591408062610906,-0.00012777412874171232,0.0,0.0,0.0
12.3334,-2.149454815455446,-1.635923524594392,1.0,-2.305008888244629,-1.6238311529159546,0.9615252614021301,0.20517920362703734,-0.06287740815370489,-0.054411707868109685,-0.9751858150906975,2.453885286891588,1.725817776816831,0.0,2.4968488216400146,1.5961767435073853,0.0376027412712574,-0.27024193377906625,4.1713131621421535,-0.4766606977885749,0.30247820385669566,4.4053692361952255,-0.4765308014314926,-2.3703417813799907,3.7836956987863974,0.01849260974598682,-2.223862680271854,3.711120523004866,0.015938307080860976,0.0,0.0,0.0,-0.5727201376357619,-0.23405607405307152,-0.00012989635708225906,0.0,0.0,0.0
12.35,-2.1090228306386045,-1.6067275382154618,1.0,-2.2802090644836426,-1.607706904411316,0.9622316956520081,0.20517920362703734,-0.06287740815370489,-0.054411707868109685,-0.9751858150906975,2.4100913073231927,1.786465754042093,0.0,2.4721932411193848,1.6423879861831665,0.04412880912423134,-0.3950420602456808,4.2576175454315255,-0.5180954845468057,0.16642306793694028,4.505422210330513,-0.5179165878285971,-1.485413464715092,2.7840675677616744,0.3931730202961835,-2.0058589747964635,3.437437546359612,0.12730488934865025,0.0,0.0,0.0,-0.5614651281826211,-0.2478046648989882,-0.00017889671820853854,0.0,0.0,0.0
12.3667,-2.0691949429558547,-1.5764259930471074,1.0,-2.2315220832824707,-1.5740975141525269,0.9638471007347107,0.20327072056947917,-0.05534065601942618,-0.05453646253970188,-0.9760349897944951,2.364638989570661,1.8462075855662177,0.0,2.4173672199249268,1.7243865728378296,0.05251568555831909,-0.4699981153042492,4.039320440225052,-0.5752866733426322,0.06683984284797162,4.312486805189047,-0.575033314517134,-3.284114765570329,4.911769326344953,0.5023794201025407,-2.383223447618032,3.872687234985257,0.23803374627098012,0.0,0.0,0.0,-0.5368379581522208,-0.2731663649639946,-0.00025335882549812116,0.0,0.0,0.0
12.3834,-2.030181330602435,-1.5451733064123898,1.0,-2.1838300228118896,-1.539146900177002,0.9655276536941528,0.20633959592859535,-0.046321003898784116,-0.05394914620570264,-0.975893418530347,2.3177599596185847,1.9047280040963477,0.0,2.366300344467163,1.7870157957077026,0.048911988735198975,-0.5734847866608159,3.9257590586394384,-0.5609189362207735,-0.05908865684277442,4.219128410356904,-0.5606991560020588,-3.0660330093473998,3.76023132309366,-0.21636439113070613,-2.584801310326978,3.8394881943762176,0.10388711082497248,0.0,0.0,0.0,-0.5143961298180415,-0.29336935171746487,-0.00021978021871469432,0.0,0.0,0.0
12.4,-1.9919306716122658,-1.5129291563491207,1.0,-2.160334348678589,-1.5212159156799316,0.9663424491882324,0.2070293501779004,-0.0393440145962907,-0.052903187866207735,-0.9761107698281176,2.269393734523681,1.962103992581601,0.0,2.3353171348571777,1.8204474449157715,0.04528878629207611,-0.6872630044583661,4.068579805679438,-0.5421308990375883,-0.1862492022015202,4.373028593931911,-0.541942473691073,-1.8575328759291023,2.004323899371069,-0.21722144797026874,-2.370098375806986,3.2977141521821096,0.0090899951906286,0.0,0.0,0.0,-0.5010138022568459,-0.3044487882524731,-0.0001884253465152848,0.0,0.0,0.0
12.4167,-1.9546143689683766,-1.4798437430396634,1.0,-2.1141867637634277,-1.4842766523361206,0.9677346348762512,0.2055942710595287,-0.03317517004056945,-0.05166495560380621,-0.9767093815175178,2.219765614559495,2.0180784465474346,0.0,2.2863423824310303,1.8903043270111084,0.02962484210729599,-0.8166511236906044,3.8916474285410874,-0.4540364360138517,-0.3364308481701277,4.219910036429882,-0.4539558109545252,-2.9488651861209605,4.2062188661910165,-0.9431565734506668,-2.5409609166514353,3.5659213489985815,-0.27203059660729345,0.0,0.0,0.0,-0.48022027552047675,-0.3282626078887943,-8.062505932651306e-05,0.0,0.0,0.0
12.4334,-1.9179433060827715,-1.4456553167330657,1.0,-2.06915020942688,-1.4459058046340942,0.9688897132873535,0.2035543372498211,-0.025791574285423252,-0.05071593501588637,-0.9774089770559502,2.1684829750995984,2.0730850408758426,0.0,2.225109100341797,1.9652416706085205,0.02024189941585064,-1.0300489445184575,3.88017606719811,-0.4229425902487526,-0.5648398902126011,4.222695642106319,-0.4228911930472865,-2.1555704583071744,2.430569031447977,-0.35738096427144567,-2.427186609354538,3.230744593398008,-0.2972275851374301,0.0,0.0,0.0,-0.4652090543058565,-0.3425195749082091,-5.1397201466082216e-05,0.0,0.0,0.0
12.45,-1.8823773422670718,-1.4107962291848632,1.0,-2.0470077991485596,-1.426185965538025,0.9694409370422363,0.2035543372498211,-0.025791574285423252,-0.05071593501588637,-0.9774089770559502,2.1161943437772948,2.126433986599392,0.0,2.201716661453247,1.9998433589935303,0.02536190114915371,-1.0623082046569134,3.7842333411924813,-0.4349361556171095,-0.6169793698177062,4.151642449764715,-0.4348770645858294,-2.928397012352772,4.152484918126975,0.10293905756248205,-2.575153081218208,3.5028591844135883,-0.1790910781462844,0.0,0.0,0.0,-0.4453288348392072,-0.3674091085722337,-5.9091031280095614e-05,0.0,0.0,0.0
12.4667,-1.8475408510791829,-1.3749045133085482,1.0,-2.0036098957061768,-1.3855865001678467,0.9707241654396057,0.2015760274009925,-0.017174651107370976,-0.04995569016244688,-0.9780474175171933,2.0623567699628222,2.1786887233812253,0.0,2.1429882049560547,2.0805013179779053,0.0364852249622345,-1.1515496244010865,3.5096970218681873,-0.5071158916678803,-0.7296612871085328,3.9073405779748906,-0.5069936013665023,-3.521947383471547,4.837060337432085,0.6670660789605376,-2.8546640643243295,3.896739750713971,0.07070998031205475,0.0,0.0,0.0,-0.4218883372925537,-0.3976435561067033,-0.0001222903013780544,0.0,0.0,0.0
12.4833,-1.8136333774422901,-1.3381757221480246,1.0,-1.9614379405975342,-1.3435364961624146,0.9723473787307739,0.2000412077656198,-0.0074080461956385225,-0.04880828435858634,-0.9785429801619843,2.007263583222037,2.2295499338365645,0.0,2.0742249488830566,2.153480291366577,0.050155773758888245,-1.1846807292000165,3.267833920518674,-0.5963337614563363,-0.7894327430034851,3.693863507811294,-0.596102661518884,-4.1269800386349,4.379995707233312,0.8204684481648422,-3.230274994760636,4.0394057418137645,0.2920523837706651,0.0,0.0,0.0,-0.3952479861965314,-0.42602958729261964,-0.00023109993745227563,0.0,0.0,0.0
12.5,-1.780640453675181,-1.3005946982021879,1.0,-1.9409006834030151,-1.3220000267028809,0.973182201385498,0.19966177022518836,0.0013040129562149798,-0.0478076760280892,-0.9786971111869887,1.9508920473032818,2.2790393194872283,0.0,2.0481956005096436,2.183283567428589,0.049164313822984695,-1.3760179110412911,3.381972893600456,-0.5936649591675552,-0.9906275783525547,3.81987622647629,-0.5934429055141834,-1.561360353531742,1.787737940305765,-0.059472339215994735,-2.7375808889977673,3.3746722518360253,0.18827586053402895,0.0,0.0,0.0,-0.3853903326887365,-0.4379033328758338,-0.00022205365337185504,0.0,0.0,0.0
12.5167,-1.7485884307880657,-1.2621894243398508,1.0,-1.900932788848877,-1.278066873550415,0.9748530387878418,0.19682957576224117,0.008334728953847645,-0.046993862530192304,-0.9792754080954067,1.8932841365097763,2.327117353817901,0.0,1.9696745872497559,2.2456624507904053,0.046088650822639465,-1.3596954009225601,3.1823812893801184,-0.58272652924201,-1.003287829191358,3.645664874946944,-0.5825313894002533,-4.70897496389711,3.7409170848882596,-0.18445024414132316,-3.319572452163361,3.482794420611578,0.07824030191356049,0.0,0.0,0.0,-0.356407571731202,-0.4632835855668252,-0.00019513984175662227,0.0,0.0,0.0
12.5333,-1.717546295863647,-1.223045491494546,1.0,-1.8625432252883911,-1.2329586744308472,0.9764768481254578,0.19030705592724073,0.014522602811671566,-0.04646668974901803,-0.9805168013714465,1.834568237241819,2.3736805562045293,0.0,1.8906649351119995,2.3084044456481934,0.04521357640624046,-1.3421005334657414,2.967578415484319,-0.5848117766367557,-1.01371267014068,3.457111177797688,-0.5846239765965418,-4.7451315902517255,3.768134826312323,-0.05255488595034222,-3.74042356545658,3.5670321236981923,0.0396271718404487,0.0,0.0,0.0,-0.32838786332506137,-0.4895327623133691,-0.00018780004021389183,0.0,0.0,0.0
12.55,-1.687483518000396,-1.1831274636655262,1.0,-1.8439888954162598,-1.2099671363830566,0.9772828221321106,0.19030705592724073,0.014522602811671566,-0.04646668974901803,-0.9805168013714465,1.7746911954982894,2.4187747229994057,0.0,1.8535256385803223,2.335327386856079,0.043599460273981094,-1.4860190497420263,3.071869733185146,-0.5784001337997472,-1.1704058531032804,3.5728879343342435,-0.5782255032646766,-2.2296038130134828,1.6162797354936593,-0.09690112143245641,-3.294401960450636,2.9911343637243832,-0.0006784757365258347,0.0,0.0,0.0,-0.3156131966387458,-0.5010182011490973,-0.00017463053507062827,0.0,0.0,0.0
12.5666,-1.658406604785227,-1.1424408627089784,1.0,-1.8079851865768433,-1.1631767749786377,0.9788459539413452,0.18495138739833258,0.021585007971028365,-0.04604109087275506,-0.9814313036904359,1.7136612940634675,2.462390092822159,0.0,1.7764785289764404,2.3935000896453857,0.04180975258350372,-1.4874786827410025,2.8628078423487593,-0.5747720796347414,-1.1975588775227424,3.3890975231383957,-0.5746114916109756,-4.620649718321943,3.488718579313106,-0.10733189575052189,-3.6859345391349843,3.1380303187869405,-0.03216451468795743,0.0,0.0,0.0,-0.28991980521826016,-0.5262896807896363,-0.00016058802376581674,0.0,0.0,0.0
12.5833,-1.6303316301329864,-1.1010029676007373,1.0,-1.7906591892242432,-1.1393094062805176,0.9795833230018616,0.1830808575778585,0.028720100638998252,-0.045946091876211424,-0.9816036000071484,1.651504451401106,2.50450255480052,0.0,1.7297780513763428,2.428189992904663,0.034440524876117706,-1.5869658039424521,2.9025996603297246,-0.5335623024911206,-1.3120886010439081,3.4442553238086018,-0.5334533348670768,-2.7991482915815196,2.079254612229733,-0.441699147577061,-3.4241390305765322,2.8254603783845136,-0.15306662360686882,0.0,0.0,0.0,-0.27487720289854395,-0.5416556634788771,-0.00010896762404380941,0.0,0.0,0.0
12.6,-1.603329298989149,-1.0589185673749177,1.0,-1.7572517395019531,-1.0907912254333496,0.9809876084327698,0.17953670801315316,0.03459395940199176,-0.046128419142869574,-0.9820601346702184,1.5883778510623765,2.5450060515162765,0.0,1.6440696716308594,2.483184337615967,0.03207259252667427,-1.5416904838119014,2.6893270019997435,-0.52574236257037,-1.2933780913203627,3.2557956512272743,-0.525647863814255,-5.142287005779024,3.2995222292155404,-0.1420699794730217,-3.9313677163931686,2.9654121014393833,-0.1498202132668356,0.0,0.0,0.0,-0.24831239249153877,-0.5664686492275307,-9.44987561149673e-05,0.0,0.0,0.0
12.6167,-1.5774136476667984,-1.0162166396764991,1.0,-1.7256011962890625,-1.041236400604248,0.9823334813117981,0.17488382764645205,0.03932342059243717,-0.04594516464554423,-0.9827301009741476,1.5243249595147486,2.583879528499802,0.0,1.5645798444747925,2.5315284729003906,0.032002002000808716,-1.5335862281141313,2.5025758072749733,-0.531459890099328,-1.3087048878703138,3.0913158720581215,-0.5313658068615962,-4.774174840695926,2.9035583876279802,-0.00423968103386554,-4.180179783937353,2.9471517545878623,-0.10684217929609265,0.0,0.0,0.0,-0.22488134024381756,-0.588740064783148,-9.408323773189043e-05,0.0,0.0,0.0
12.6333,-1.5525512688727345,-0.9728427067525927,1.0,-1.7104846239089966,-1.016083002090454,0.9829988479614258,0.17488382764645205,0.03932342059243717,-0.04594516464554423,-0.9827301009741476,1.459264060128889,2.6211730966908977,0.0,1.5133388042449951,2.5613462924957275,0.02875739336013794,-1.6210849350444563,2.541662169011499,-0.5147524642573137,-1.4106924153374163,3.144352960734996,-0.5146764916564327,-3.074993203897386,1.789378049303936,-0.19471012833903253,-3.8539085054057187,2.6053557955203592,-0.1327824038644689,0.0,0.0,0.0,-0.21039251970703998,-0.6026907917234972,-7.597260088096362e-05,0.0,0.0,0.0
12.65,-1.5287827922409594,-0.9288646849451581,1.0,-1.681552529335022,-0.9650530815124512,0.984322726726532,0.17046319748847022,0.04529237845073944,-0.045416811752611676,-0.9832742167884233,1.393297027417737,2.656825811638561,0.0,1.427251935005188,2.609264850616455,0.028281936421990395,-1.5771176830343423,2.334460025233424,-0.5179966981621794,-1.3899808655360089,2.959912458406287,-0.5179232169618809,-5.166769217560529,2.875980195752962,-0.028536015933547022,-4.241488983512149,2.6852490648202405,-0.10200696477861193,0.0,0.0,0.0,-0.18713681749833344,-0.6254524331728627,-7.348120029849364e-05,0.0,0.0,0.0
12.6667,-1.506109501662974,-0.8842832577721557,1.0,-1.6543400287628174,-0.9130606651306152,0.9857051968574524,0.165773349067269,0.051701122868184714,-0.04487977660888581,-0.9837845308301931,1.3264248866582335,2.6908357475055387,0.0,1.3442161083221436,2.6616649627685547,0.038001738488674164,-1.5513749546083737,2.087235639169897,-0.5827511637444195,-1.3853795178475323,2.738061398864095,-0.5826184961395791,-4.9800171587903055,3.142661042396511,0.5829385098663045,-4.459515999340486,2.820285440971402,0.10020145846226046,0.0,0.0,0.0,-0.16599543676084136,-0.6508257596941981,-0.00013266760484044376,0.0,0.0,0.0
12.6833,-1.4845641041264057,-0.8391617889141764,1.0,-1.6414090394973755,-0.8866398334503174,0.9864681363105774,0.1615909961173435,0.0547302116023066,-0.04439639440331442,-0.9843383825664748,1.2587426833712645,2.7231538438103913,0.0,1.3023698329925537,2.687580108642578,0.04304583743214607,-1.7091815830858423,2.118424511380804,-0.616379399430557,-1.5533603579763013,2.7819854224495764,-0.6162091756307114,-2.5108148317692836,1.5549324788281071,0.30265055468928814,-3.884223797188925,2.446730118993684,0.15996813194211532,0.0,0.0,0.0,-0.1558212251095409,-0.6635609110687724,-0.0001702237998455655,0.0,0.0,0.0
12.7,-1.4641412201382065,-0.7934875804978723,1.0,-1.616940975189209,-0.8331310749053955,0.988231897354126,0.15621447543513461,0.05797515542107704,-0.043160522364429445,-0.9850751516252937,1.1902313707468084,2.7537881697926903,0.0,1.2048951387405396,2.7386112213134766,0.054429952055215836,-1.5990295464778492,1.8547654386648114,-0.6931102410927542,-1.465660064944057,2.5437646505869873,-0.6928380750980841,-5.842803652837523,3.0588941448844555,0.682383740871479,-4.462432368619156,2.6274521282957073,0.314194768175883,0.0,0.0,0.0,-0.13336948153379233,-0.6889992119221758,-0.0002721659946700136,0.0,0.0,0.0
12.7167,-1.4448928873777764,-0.747380492586231,1.0,-1.5943408012390137,-0.7787486910820007,0.9901406764984131,0.1526798879366852,0.06000324596635307,-0.04244352017756217,-0.9855390198400046,1.1210707388793464,2.7826606689333353,0.0,1.1137090921401978,2.7830941677093506,0.057352516800165176,-1.524456283158659,1.6165076968149996,-0.7198611541555101,-1.4105096522279994,2.328071357858566,-0.7195589761014697,-5.47571119733131,2.6711956132690022,0.17549966355033145,-4.7615707991102285,2.6403660045835915,0.2732494382836027,0.0,0.0,0.0,-0.11394663093065964,-0.7115636610435662,-0.0003021780540403753,0.0,0.0,0.0
12.7333,-1.426793788065362,-0.70078419472009,1.0,-1.583756923675537,-0.751239538192749,0.9910608530044556,0.1526798879366852,0.06000324596635307,-0.04244352017756217,-0.9855390198400046,1.051176292080135,2.8098093179019568,0.0,1.0749671459197998,2.799699544906616,0.05452735349535942,-1.711902999724741,1.6712020150102176,-0.7072131878749565,-1.6057460720778083,2.39128211984568,-0.7069400469362399,-2.32531732516707,0.9966657603640474,-0.1695681766145304,-4.04234424485563,2.155115649675304,0.14252158474423207,0.0,0.0,0.0,-0.10615692764693276,-0.7200801048354623,-0.0002731409387165644,0.0,0.0,0.0
12.75,-1.4098651109001363,-0.6537507942690753,1.0,-1.563876748085022,-0.6956883668899536,0.9929386973381042,0.1448675744384862,0.06394260126118899,-0.04113262674832778,-0.9865257197104932,0.980626191403613,2.835202333649795,0.0,0.9814905524253845,2.838984966278076,0.05898653715848923,-1.6246247144630872,1.4401323948901519,-0.7431221821303359,-1.5361273768096608,2.1805626289035875,-0.7428025401878107,-5.609724428037945,2.3575996909473322,0.26760486865261623,-4.505063522801936,2.214892639571153,0.1794484563700602,0.0,0.0,0.0,-0.08849733765342632,-0.7404302340134358,-0.0003196419425252578,0.0,0.0,0.0
12.7666,-1.394111526032282,-0.606291287086499,1.0,-1.54573392868042,-0.6395479440689087,0.994949221611023,0.13646274473885286,0.06684062910151019,-0.0396155087893297,-0.9875934679706682,0.9094369306297485,2.8588327109515768,0.0,0.8966631889343262,2.867814302444458,0.06836502999067307,-1.5876605461149882,1.2593045049402185,-0.8092773845101681,-1.5137992983210382,2.0148489401011704,-0.8088480201665206,-5.089137058015791,1.729588625700881,0.5626537647328069,-4.677492705830764,2.0716220245078922,0.2925776674532251,0.0,0.0,0.0,-0.07386124779394987,-0.755544435160952,-0.00042936434364747436,0.0,0.0,0.0
12.7833,-1.3795491982193646,-0.5584520730914294,1.0,-1.5373845100402832,-0.6111897230148315,0.9960032105445862,0.13010187123878186,0.06870472889340837,-0.038830228707874684,-0.988354892935866,0.8376781096371442,2.8806762026709527,0.0,0.8470478653907776,2.8906333446502686,0.07044485211372375,-1.7195911096706678,1.2440970712623791,-0.8268930090467143,-1.6536776870793002,2.01171299403272,-0.8264371228089217,-2.976326177433888,1.368869692072255,0.12476445958895294,-4.1752772534904015,1.8641566913814516,0.243036141277264,0.0,0.0,0.0,-0.06591342259136763,-0.7676159227703406,-0.00045588623779260247,0.0,0.0,0.0
12.8,-1.366183450488921,-0.5102485206613193,1.0,-1.5219709873199463,-0.5540199279785156,0.9982510805130005,0.12451460314312834,0.07205184984385937,-0.038077233112379094,-0.9888654598587269,0.765372780991979,2.9007248242666184,0.0,0.7656944394111633,2.9182705879211426,0.08212326467037201,-1.7030162051169886,1.046006127588164,-0.9081444994402977,-1.6491558831887718,1.8283705171295437,-0.9075249294558334,-4.87807005003574,1.657169406719085,0.7002546461758399,-4.382754532361611,1.8030502617285151,0.3780154007577636,0.0,0.0,0.0,-0.053860321928216805,-0.7823643895413795,-0.0006195699844643548,0.0,0.0,0.0
12.8167,-1.3540267536137423,-0.46172299525682065,1.0,-1.508345127105713,-0.49629488587379456,1.0006064176559448,0.11810583896934783,0.07437163214223422,-0.037713800837669585,-0.9894935743420848,0.6925844928852309,2.9189598695793864,0.0,0.6754439473152161,2.9471993446350098,0.08339808136224747,-1.6303681444670206,0.8272403213955342,-0.9275903090403835,-1.588456318015058,1.6251927160841655,-0.9269513543280223,-5.412402236234433,1.7348832554082843,0.07645189021861908,-4.686725353983059,1.7829261155368634,0.28898834060423145,0.0,0.0,0.0,-0.041911826451962654,-0.7979523946886312,-0.0006389547123611853,0.0,0.0,0.0
12.8333,-1.343105086256874,-0.41299188438307666,1.0,-1.5021908283233643,-0.46726977825164795,1.0018060207366943,0.11810583896934783,0.07437163214223422,-0.037713800837669585,-0.9894935743420848,0.619487826574615,2.9353423706146886,0.0,0.6274047493934631,2.958554744720459,0.08270899206399918,-1.778801888513402,0.8471913969703592,-0.9295139109212732,-1.742639795209688,1.651304572477422,-0.928885471507044,-2.88611166814679,0.6822127367003753,-0.04139928954077979,-4.155151283116117,1.4579754077596583,0.1914518735087377,0.0,0.0,0.0,-0.03616209330371411,-0.8041131755070628,-0.0006284394142292274,0.0,0.0,0.0
12.85,-1.3333910489266256,-0.3639357547123987,1.0,-1.491326093673706,-0.40888258814811707,1.004017949104309,0.11343740378136818,0.07451417014972003,-0.03803613993508096,-0.990016616732105,0.545903632068598,2.9499134266100615,0.0,0.5384661555290222,2.9781694412231445,0.06741655617952347,-1.7116522603873203,0.6606473732318625,-0.848952922606984,-1.6850159061675882,1.4754581504342323,-0.8485353893375898,-5.334184147684212,1.17641170834942,-0.9171796576723436,-4.50322333456967,1.3748526573989426,-0.13583641756502285,0.0,0.0,0.0,-0.026636354219732178,-0.8148107772023699,-0.0004175332693942154,0.0,0.0,0.0
12.8667,-1.3249080310381887,-0.3146612688949113,1.0,-1.4821662902832031,-0.3502050042152405,1.0060375928878784,0.10705262248147937,0.07659974109383082,-0.03845651260212856,-0.9905520502955873,0.47199190334236696,2.9626379534427167,0.0,0.44898825883865356,2.9974007606506348,0.06692132353782654,-1.6381053768068503,0.464315844277411,-0.8562809697894954,-1.6195859335294969,1.289683764203393,-0.855869548271915,-5.369447027684384,1.1540453537449031,-0.029718238071392802,-4.75894840122467,1.3096663055435656,-0.1045083913980891,0.0,0.0,0.0,-0.018519443277353522,-0.8253679199259819,-0.00041142151758046945,0.0,0.0,0.0
12.8833,-1.317654957127237,-0.26515680454739193,1.0,-1.4782285690307617,-0.3207187354564667,1.0070476531982422,0.09888703344051757,0.08056478555137864,-0.0393688654318439,-0.9910504367792288,0.39773520682108787,2.9735175643091445,0.0,0.41202178597450256,3.0050811767578125,0.06676747649908066,-1.858911118406082,0.4731436793842262,-0.8606432887689698,-1.84331565373821,1.3027467958595513,-0.8602337567306311,-2.2163101432287946,0.4604762857714629,-0.009223837874153063,-4.008315114264416,1.0589698905931342,-0.07637864962955777,0.0,0.0,0.0,-0.015595464667871914,-0.8296031164753251,-0.00040953203833867907,0.0,0.0,0.0
12.9,-1.311649651888884,-0.21555252994665827,1.0,-1.4716646671295166,-0.2614676356315613,1.0091326236724854,0.09155585585257328,0.08303572554630428,-0.039684966795675604,-0.9915380758164998,0.3233287949199874,2.9825255221666738,0.0,0.3205030560493469,3.029876708984375,0.0739256963133812,-1.7698772761150385,0.21933914909036137,-0.9143216453669402,-1.7604405291873622,1.0626891928989062,-0.9138195932458117,-5.4953740819744885,1.4888834805514595,0.4298256288385277,-4.447322101328222,1.1858882401163025,0.07306210554862488,0.0,0.0,0.0,-0.009436746927676385,-0.8433500438085447,-0.0005020521211284244,0.0,0.0,0.0
12.9167,-1.3068825531686605,-0.16577950155710988,1.0,-1.4690228700637817,-0.23175615072250366,1.0102379322052002,0.09155585585257328,0.08303572554630428,-0.039684966795675604,-0.9915380758164998,0.24866925233566484,2.9896761702470087,0.0,0.2770926058292389,3.0333478450775146,0.07717753201723099,-1.9547687648242966,0.2308343129605509,-0.9397004907441305,-1.9477152134763753,1.0761178081370684,-0.9391532987537494,-2.6044432127020456,0.20825346874552997,0.19509637390931198,-3.90327057009331,0.8972725868384743,0.10908885205623635,0.0,0.0,0.0,-0.0070535513479211935,-0.8452834951765175,-0.0005471919903811363,0.0,0.0,0.0
12.9333,-1.3033606951256895,-0.11589428903544494,1.0,-1.4651861190795898,-0.17204101383686066,1.0123612880706787,0.08528246406348723,0.08283506637617745,-0.03923184602733498,-0.9921321356462608,0.1738414335531674,2.994958957311465,0.0,0.18079806864261627,3.050884962081909,0.06564127653837204,-1.832769394560247,-0.003147024635694301,-0.8815118740502476,-1.8297664623229728,0.8519386349282845,-0.8811160410527983,-5.776355637076128,1.051987242745384,-0.6920175984325166,-4.456239517274062,0.9429471810671735,-0.12741241439187104,0.0,0.0,0.0,-0.0030029322372741637,-0.8550856595639788,-0.00039583299744926195,0.0,0.0,0.0
12.95,-1.3010878651782707,-0.06595663167898558,1.0,-1.4630448818206787,-0.11216249316930771,1.0143009424209595,0.07989884460075451,0.08432037630616776,-0.03850009244348884,-0.9924838089502357,0.09893494751847837,2.9983682022325935,0.0,0.0922226533293724,3.065019130706787,0.05942440778017044,-1.7525112061576262,-0.22879016298586372,-0.8543858490935895,-1.7517298785235837,0.63423674703166,-0.854061443986206,-5.312098299183551,0.8476628966069463,-0.3728418076268642,-4.708904672696088,0.9148175187311668,-0.1998676571230383,0.0,0.0,0.0,-0.0007813276340424689,-0.8630269100175237,-0.0003244051073835364,0.0,0.0,0.0
12.9667,-1.300063794726487,-0.01597419281785639,1.0,-1.4625954627990723,-0.05207875370979309,1.0160764455795288,0.07305635807493278,0.0877158301429654,-0.0379673984251596,-0.9927372379503316,0.02396128922678458,2.999904307910269,0.0,0.010760643519461155,3.068512439727783,0.05620351806282997,-1.710305271144091,-0.40289910480748403,-0.8444734859690902,-1.7102946337696472,0.46209616991444946,-0.8441832942864265,-4.891573852451682,0.20976377952755906,-0.19340573550465281,-4.762831953305148,0.7066727682627422,-0.1979599797531904,0.0,0.0,0.0,-1.0637374443808376e-05,-0.8649952747219335,-0.00029019168266375617,0.0,0.0,0.0
12.9833,-1.300289464711675,0.03402609376465162,1.0,-1.4630138874053955,-0.02196764387190342,1.016940951347351,0.06465115563910794,0.0900297592977533,-0.03767102178643102,-0.9931243146070557,-0.05103914064697743,2.999565802932487,0.0,-0.031066948547959328,3.075080156326294,0.0524781160056591,-1.9051584635055097,-0.456457887182495,-0.8270083487733336,-1.9052471291050088,0.4122441501289813,-0.8267553523223472,-2.5094425300560714,0.3940295518587919,-0.2235051529802177,-4.097590209122414,0.6143747764280328,-0.20550138179300964,0.0,0.0,0.0,8.866559949922527e-05,-0.8687020373114763,-0.00025299645098638036,0.0,0.0,0.0
13.0,-1.3017652639617736,0.08401154498186532,1.0,-1.464950680732727,0.038195908069610596,1.0185389518737793,0.055856839009851326,0.0911253850640402,-0.03690268473807744,-0.9935866655352202,-0.12601731747279799,2.9973521040573394,0.0,-0.10972440242767334,3.071230411529541,0.04616400972008705,-1.8747369445343145,-0.6092356234432929,-0.7977318107660812,-1.8758429681679556,0.25729268986937337,-0.7975360322618575,-4.718439265410469,-0.2309353546910755,-0.37876546410183065,-4.280876198138799,0.36482377552282724,-0.25665210573363606,0.0,0.0,0.0,0.0011060236336410394,-0.8665283133126662,-0.00019577850422368068,0.0,0.0,0.0
13.0167,-1.3044902254570494,0.13394304649194372,1.0,-1.4665449857711792,0.06829702854156494,1.0193003416061401,0.055856839009851326,0.0911253850640402,-0.03690268473807744,-0.9935866655352202,-0.20091456973791558,2.9932646618144254,0.0,-0.15508751571178436,3.0693655014038086,0.04346395283937454,-2.048762523601602,-0.634670502282917,-0.7859818726877142,-2.0509721133026595,0.2308057852440445,-0.7858083259716695,-2.721322246377848,-0.11187550953273166,-0.16197576233247993,-3.8204673667524216,0.22409343367903772,-0.22870191870994078,0.0,0.0,0.0,0.002209589701057452,-0.8654762875269615,-0.00017354671604476063,0.0,0.0,0.0
13.0333,-1.3084598439397879,0.1837601882880682,1.0,-1.4709384441375732,0.1284598559141159,1.0208007097244263,0.0462070335520547,0.09191240370299626,-0.036218894267836706,-0.9940348551222852,-0.2756402824321023,2.9873102340903177,0.0,-0.24097594618797302,3.0639514923095703,0.048863522708415985,-1.9680289900723125,-0.8008088802279821,-0.8265740821623672,-1.9733636328957498,0.06161689801718362,-0.8263547372805449,-5.156334986545288,-0.32503148975151724,0.32416462698957976,-4.214839904503529,0.06198171962366637,-0.06548560937307978,0.0,0.0,0.0,0.005334642823437218,-0.8624257782451658,-0.0002193448818222513,0.0,0.0,0.0
13.05,-1.3136742689558767,0.23347396041535254,1.0,-1.4771134853363037,0.1887655407190323,1.022538423538208,0.03735110876698729,0.09457993833134548,-0.03588180377344661,-0.9941690506879437,-0.3502109406230288,2.979488596566185,0.0,-0.33112528920173645,3.0691609382629395,0.06457239389419556,-1.8552980999659745,-1.0430659946769336,-0.9302669542180843,-1.8653707248293898,-0.17770506561602917,-0.9298839075110611,-5.4104362819448815,0.31265203331139285,0.9427894177660762,-4.567801807697715,0.13598417786367023,0.23217560743640592,0.0,0.0,0.0,0.010072624863415367,-0.8653609290609044,-0.0003830467070231336,0.0,0.0,0.0
13.0667,-1.3201391954937423,0.28310986344497807,1.0,-1.480795979499817,0.2189607471227646,1.0235042572021484,0.03208965688374723,0.09839048495459801,-0.03553337577680705,-0.9939954478189273,-0.42466479516746714,2.9697912067593863,0.0,-0.37150001525878906,3.068824529647827,0.0694521814584732,-2.0564576603966884,-1.1126385613384093,-0.9651593983558518,-2.0691363868048733,-0.2474673251109033,-0.9647162697963938,-2.4191636548049313,-0.020156854902072828,0.29238600162854816,-3.933484553120822,0.08988849111556796,0.2499508163004635,0.0,0.0,0.0,0.012678726408184836,-0.865171236227506,-0.00044312855945809806,0.0,0.0,0.0
13.0833,-1.3278282122976717,0.33247321665211366,1.0,-1.489434838294983,0.27937614917755127,1.0253738164901733,0.026783371290403698,0.10077019875446634,-0.03532432740819295,-0.9939216908340334,-0.4987098249781705,2.9582576815534924,0.0,-0.45342549681663513,3.060979127883911,0.061794862151145935,-1.9844344768722715,-1.3002109508609188,-0.9294082976809795,-2.0033217749151504,-0.43945765359373024,-0.9290574951693896,-4.920038014919603,-0.4711559112842027,-0.4598606119614553,-4.224733166824816,-0.07574207099039798,0.04040150906312215,0.0,0.0,0.0,0.01888729804287882,-0.8607532972671885,-0.00035080251158990926,0.0,0.0,0.0
13.1,-1.3367547569376443,0.381664925809319,1.0,-1.4997345209121704,0.3397100269794464,1.0271621942520142,0.01858568808284535,0.10118210517331938,-0.035365378438642625,-0.9940654115874554,-0.5724973887139785,2.944867864593533,0.0,-0.5424664616584778,3.052255153656006,0.061029355973005295,-1.863247056099142,-1.4938988784136367,-0.9346626456965487,-1.8902806474237717,-0.6380449864988984,-0.9343204807367966,-5.3419280667124385,-0.5233865430827326,-0.04592581566826868,-4.554549520858154,-0.20789490099662436,0.014916104950354258,0.0,0.0,0.0,0.02703359132462949,-0.8558538919147383,-0.0003421649597520774,0.0,0.0,0.0
13.1167,-1.3469131702755386,0.4306411911984884,1.0,-1.5055242776870728,0.3698245584964752,1.0280174016952515,0.01858568808284535,0.10118210517331938,-0.035365378438642625,-0.9940654115874554,-0.6459617867977326,2.9296302445866917,0.0,-0.5897126197814941,3.0490448474884033,0.05551205575466156,-2.016899341126611,-1.580936891138021,-0.9067689677784619,-2.0488469825982727,-0.726882395392027,-0.9064858725301685,-2.8342451157069712,-0.1925827397808862,-0.33097677815440946,-4.046684217506406,-0.20337447113693433,-0.08719779621690672,0.0,0.0,0.0,0.03194764147166161,-0.854054495745994,-0.00028309524829344833,0.0,0.0,0.0
13.1333,-1.3582856323386399,0.47931755070876053,1.0,-1.518417239189148,0.4299188256263733,1.0295560359954834,0.009263076512572875,0.10121936562158103,-0.03560713276170109,-0.9941835913506801,-0.7189763260631408,2.91257155149204,0.0,-0.6724220514297485,3.032768726348877,0.04305826500058174,-1.9228708978505349,-1.7514204527860726,-0.8407244822681014,-1.9644085411980756,-0.9064596853672545,-0.8405541601649855,-4.963138618252572,-0.9766799719587392,-0.7473136812023405,-4.31723830714852,-0.4316683891100894,-0.28207607076621405,0.0,0.0,0.0,0.041537643347540676,-0.8449607674188181,-0.00017032210311583498,0.0,0.0,0.0
13.15,-1.3708695352164002,0.527688970743006,1.0,-1.532899022102356,0.48972466588020325,1.0309410095214844,0.0006237996997416224,0.10321114665686493,-0.03596066052701045,-0.994009019104148,-0.7915334561145091,2.8936956971753993,0.0,-0.7620264887809753,3.0231266021728516,0.04053671285510063,-1.7800840402507554,-1.97219804586751,-0.833551152210689,-1.833429577671697,-1.1326015288068163,-0.8334001945991706,-5.377579126602564,-0.5786687271062271,-0.151330074547848,-4.630270297484524,-0.47506557569269137,-0.24347746296596748,0.0,0.0,0.0,0.053345537420941454,-0.8395965170606937,-0.0001509576115183668,0.0,0.0,0.0
13.1667,-1.3846732830375426,0.5757808326870691,1.0,-1.5407577753067017,0.519545316696167,1.0316057205200195,-0.008090377331249551,0.10460985304497171,-0.03662223960808593,-0.993805913441174,-0.8636712490306038,2.8729900754436857,0.0,-0.7991123199462891,3.0089619159698486,0.037925172597169876,-1.986459605834322,-2.0273565523941053,-0.8222595312165458,-2.0451238677575447,-1.1956093659540343,-0.8221273976704544,-2.224006662758611,-0.8494445318196766,-0.15661191218312578,-3.919897291907665,-0.5855890862717583,-0.2178331646853573,0.0,0.0,0.0,0.058664261923222515,-0.8317471864400711,-0.00013213354609144145,0.0,0.0,0.0
13.1833,-1.3996659129036364,0.6234824435536503,1.0,-1.557737112045288,0.5789174437522888,1.0327285528182983,-0.016523824741021778,0.10433212638670918,-0.03718300342752338,-0.9937098607734176,-0.9352236653304755,2.8505011306445454,0.0,-0.8814042806625366,2.988617420196533,0.023250039666891098,-1.8757203803692337,-2.2051615645316063,-0.740914048726936,-1.9470891597843667,-1.3846237399870458,-0.7408643888824868,-4.936604307903544,-1.2204439486255327,-0.880345100689379,-4.22004778594376,-0.773009845230576,-0.413418797289296,0.0,0.0,0.0,0.07136877941513305,-0.8205378245445604,-4.9659844449169946e-05,0.0,0.0,0.0
13.2,-1.4158480366109676,0.6707990599704617,1.0,-1.5667916536331177,0.6084364652633667,1.0331943035125732,-0.016523824741021778,0.10433212638670918,-0.03718300342752338,-0.9937098607734176,-1.0061985899556927,2.8262279450835486,0.0,-0.9216382503509521,2.97316312789917,0.021950289607048035,-2.0568776539885665,-2.274509604093711,-0.7365511574464426,-2.134910768314882,-1.4624359239959337,-0.7365068946887985,-2.413211972143174,-0.9269401821847875,-0.07795831307469005,-3.6866368291764924,-0.8184528941690092,-0.31438473095311,0.0,0.0,0.0,0.07803311432631539,-0.8120736800977776,-4.426275764415075e-05,0.0,0.0,0.0
13.2167,-1.4332045026737128,0.7176869590303984,1.0,-1.586206316947937,0.6672307848930359,1.0339860916137695,-0.03424747806291767,0.1015055506255041,-0.037759530168303954,-0.9935280814157901,-1.0765304385455976,2.8001932459894308,0.0,-1.0059000253677368,2.9536292552948,0.010439366102218628,-1.9214026616188493,-2.4777027214022667,-0.6725784789425552,-2.0143565575192475,-1.6762647399544996,-0.6725684672797257,-5.051014720594541,-1.1709446905816778,-0.6900144704873518,-4.089426120209291,-0.9225149151567369,-0.4252774956552563,0.0,0.0,0.0,0.09295389590039821,-0.8014379814477671,-1.0011662829403771e-05,0.0,0.0,0.0
13.2333,-1.4517218474981328,0.7641124727317864,1.0,-1.6072864532470703,0.7255966663360596,1.0345474481582642,-0.0409745470904536,0.10130492108988011,-0.03784239087247637,-0.9932907103649767,-1.1461687090976795,2.7724172287528006,0.0,-1.0970898866653442,2.931636095046997,-0.0022231880575418472,-1.7350265098943107,-2.675918197677235,-0.6005596886542298,-1.8455978012520051,-1.886371031875091,-0.6005601427112139,-5.4800985758088085,-1.321689543513769,-0.7609622827535318,-4.499978047188692,-1.040358561382272,-0.5243777803024089,0.0,0.0,0.0,0.11057129135769432,-0.7895471658021437,4.540569841208695e-07,0.0,0.0,0.0
13.25,-1.471383694185422,0.8100385213735495,1.0,-1.6184477806091309,0.7545881867408752,1.0347174406051636,-0.0409745470904536,0.10130492108988011,-0.03784239087247637,-0.9932907103649767,-1.2150577820603243,2.742924458721867,0.0,-1.1330313682556152,2.9123902320861816,-0.008778569288551807,-1.9285266428958174,-2.7551372698792247,-0.5632335674815613,-2.046461402378467,-1.9759226539775927,-0.5632406470281028,-2.158436184530798,-1.155794507602875,-0.39367804070258583,-3.808712091681788,-1.0744373625929626,-0.4857928283014139,0.0,0.0,0.0,0.11793475948264948,-0.7792146159016321,7.079546541525406e-06,0.0,0.0,0.0
13.2667,-1.492217708195908,0.8555250934014418,1.0,-1.6419636011123657,0.8121199011802673,1.0348514318466187,-0.050844754224181894,0.10351624505905727,-0.03731386939214972,-0.9926263074450511,-1.2832876401021627,2.711673437706138,0.0,-1.2184770107269287,2.882192373275757,-0.021065346896648407,-1.7624488247196846,-2.9233028056206494,-0.49134540225013323,-1.8988419993179049,-2.1601633853598496,-0.49138616797688983,-5.123079122292903,-1.810578228861411,-0.7366804441247945,-4.196737262528332,-1.2917596011674717,-0.5598594381036137,0.0,0.0,0.0,0.13639317459822028,-0.7631394202607998,4.076572675662091e-05,0.0,0.0,0.0
13.2833,-1.514167844695725,0.9004462855058533,1.0,-1.6669977903366089,0.8689351081848145,1.0347504615783691,-0.06038106875565082,0.10375859997470703,-0.03694719181010495,-0.9920803371694409,-1.35066942825878,2.678748232956412,0.0,-1.2941123247146606,2.8398919105529785,-0.030236348509788513,-1.6455725814047546,-3.027068858781511,-0.4369728225633912,-1.7994241417362353,-2.2861654724032303,-0.43705681044810596,-4.538382855753136,-2.5381754195218953,-0.550292109554942,-4.297597286092973,-1.6597243321741082,-0.5570349878487125,0.0,0.0,0.0,0.1538515603314808,-0.7409033863782808,8.398788471473517e-05,0.0,0.0,0.0
13.3001,-1.5373488972992806,0.9450190951234471,1.0,-1.68008553981781,0.897048830986023,1.0346428155899048,-0.0685366551640809,0.10128854967341167,-0.03705601497296008,-0.9918015779133899,-1.4175286426851705,2.643976654051079,0.0,-1.3271851539611816,2.815600872039795,-0.03099651075899601,-1.8442093912772892,-3.107142050723482,-0.4330340610739404,-2.0060252150459066,-2.378859104261491,-0.4331223250679392,-1.9746544434796225,-1.4503266950419222,-0.0453864334367749,-3.611822101247751,-1.5979063224167414,-0.40598698290387475,0.0,0.0,0.0,0.1618158237686175,-0.7282829464619911,8.826399399883076e-05,0.0,0.0,0.0
13.3167,-1.5614141399627595,0.9885945616270451,1.0,-1.7074708938598633,0.9526557922363281,1.0344449281692505,-0.07803152353839543,0.09865088925812258,-0.03725827769896385,-0.9913581509202067,-1.4828918424405675,2.6078787900558607,0.0,-1.4184352159500122,2.7785322666168213,-0.028817035257816315,-1.6157172089872178,-3.2589235099884193,-0.4462646306454735,-1.8005491263489102,-2.549690652319269,-0.44634091870254067,-5.499001436781609,-2.2338649425287356,0.13134170707614942,-4.168951934113479,-1.785652930839774,-0.24735773256935595,0.0,0.0,0.0,0.18483191736169224,-0.7092328576691505,7.628805706714766e-05,0.0,0.0,0.0
13.3333,-1.5866700537858347,1.0317463328773047,1.0,-1.7365084886550903,1.0074068307876587,1.0342258214950562,-0.08858072101144578,0.09741384830273597,-0.037298317205049225,-0.9905921740953698,-1.547619499315957,2.569994919321248,0.0,-1.4951778650283813,2.7248971462249756,-0.029920557513833046,-1.4653957042161927,-3.319098170079176,-0.4396888396870372,-1.6707688599922994,-2.6369822485830485,-0.439771082379834,-4.604497468028495,-3.2180642577175065,-0.06621045135610677,-4.297532936430804,-2.208526935504843,-0.1938797442265741,0.0,0.0,0.0,0.2053731557761068,-0.6821159214961275,8.224269279675859e-05,0.0,0.0,0.0
13.35,-1.61298447790282,1.0742339727467103,1.0,-1.7516427040100098,1.0344183444976807,1.0341169834136963,-0.08858072101144578,0.09741384830273597,-0.037298317205049225,-0.9905921740953698,-1.6113509591200654,2.5305232831457696,0.0,-1.5425398349761963,2.7047901153564453,-0.029528634622693062,-1.5579959919611979,-3.452838976500092,-0.44263306042158546,-1.7765862158511314,-2.780752588174556,-0.44271316266705035,-2.842615514502812,-1.2068027989639827,0.02352279882088634,-3.8680147211506037,-1.9127996613342098,-0.12969853993294395,0.0,0.0,0.0,0.21859022388993352,-0.6720863883255365,8.010224546491596e-05,0.0,0.0,0.0
13.3667,-1.6404105703209286,1.1161375026839189,1.0,-1.7831014394760132,1.0876836776733398,1.0338470935821533,-0.09463725606968665,0.09752933988727894,-0.03722182067500196,-0.9900234866684123,-1.6742062540258784,2.4893841445186067,0.0,-1.6112834215164185,2.645887613296509,-0.031650058925151825,-1.4384123638528257,-3.496875771474662,-0.42968509231614915,-1.6769197516139682,-2.8537428448542657,-0.42977711756580866,-4.1180801531078615,-3.5285506170018284,-0.12708378709866316,-3.941838607248017,-2.3897988754174277,-0.12892661710498657,0.0,0.0,0.0,0.23850738776114255,-0.6431329266203963,9.202524965950486e-05,0.0,0.0,0.0
13.3833,-1.6687779359110224,1.1572011828672213,1.0,-1.815990924835205,1.1398937702178955,1.0335490703582764,-0.10349515879318379,0.09615220774652591,-0.03686437325278107,-0.9892849474419558,-1.7358017743008318,2.4468330961334663,0.0,-1.683984637260437,2.59244441986084,-0.0314258374273777,-1.2828924210016597,-3.579360368611423,-0.4306563508226736,-1.5434083055518724,-2.9619458085745456,-0.43074707680464297,-4.370893297402672,-3.213075511725245,0.013480493162662692,-4.068503393850557,-2.63284518593602,-0.08688543530078742,0.0,0.0,0.0,0.2605158845502127,-0.6174145600368774,9.07259819693666e-05,0.0,0.0,0.0
13.4,-1.698218080237447,1.1976204246428794,1.0,-1.8329473733901978,1.1655834913253784,1.0334161520004272,-0.11357013210986296,0.09108415359239543,-0.03562137839649776,-0.9887045853379609,-1.796430636964319,2.4026728796438293,0.0,-1.7223528623580933,2.567776918411255,-0.02825748175382614,-1.410388432612102,-3.7130782865536776,-0.45011600275675845,-1.6829108425486323,-3.1073574131432857,-0.45018935693736134,-2.3016018306636155,-1.479733981693364,0.19006073905892448,-3.546881757764731,-2.2924256823949998,-0.005125862732035802,0.0,0.0,0.0,0.2725224099365304,-0.6057208734103919,7.335418060289682e-05,0.0,0.0,0.0
13.4167,-1.7286665932017065,1.2373000140142525,1.0,-1.868086576461792,1.216267704963684,1.0332289934158325,-0.11811052648915553,0.08902814734542601,-0.034483118458764075,-0.9884001586511666,-1.8559500210213788,2.35700011019744,0.0,-1.8031094074249268,2.5161073207855225,-0.025219179689884186,-1.1886783334273834,-3.821048846371171,-0.46851806624026493,-1.4873555648559704,-3.2394597159377665,-0.46857649408555757,-4.843595830175459,-3.099026182951767,0.1822305200840829,-3.929695452697681,-2.5305488928409643,0.05018516589108296,0.0,0.0,0.0,0.298677231428587,-0.5815891304334047,5.8427845292657276e-05,0.0,0.0,0.0
13.4333,-1.7600790983994485,1.2761832222740375,1.0,-1.9045406579971313,1.2657488584518433,1.0329771041870117,-0.12433731637613418,0.08727250588272553,-0.03304586877769409,-0.9878420079363368,-1.9142748334110562,2.309881352400827,0.0,-1.8612432479858398,2.4495294094085693,-0.03189826384186745,-1.0915311789419715,-3.844597015960333,-0.4282830207232996,-1.4097781134767866,-3.293379163735384,-0.4283764949864583,-3.489081907160437,-3.995878885009444,-0.40086585448743633,-3.7996182807186343,-2.963141089172438,-0.08297333943258442,0.0,0.0,0.0,0.3182469345348151,-0.5512178522249486,9.3474263158719e-05,0.0,0.0,0.0
13.45,-1.792394313291385,1.3142013138799724,1.0,-1.9232594966888428,1.2900362014770508,1.0327943563461304,-0.12433731637613418,0.08727250588272553,-0.03304586877769409,-0.9878420079363368,-1.9713019708199586,2.261408530062922,0.0,-1.8994306325912476,2.4224390983581543,-0.03629191592335701,-1.197665783047503,-3.989377130810408,-0.4020982457516743,-1.5291057171288236,-3.4502841299250493,-0.40221924362876715,-2.2960077408256883,-1.62879873853211,-0.26416732368119267,-3.3557249670242433,-2.569218838753344,-0.13646511536502137,0.0,0.0,0.0,0.3314399340813206,-0.5390930008853588,0.00012099787709284557,0.0,0.0,0.0
13.4667,-1.8258039955586673,1.3515717296870375,1.0,-1.961562156677246,1.3376870155334473,1.032238483428955,-0.13119439394334703,0.08514320890037372,-0.03202443990403257,-0.9871743597090757,-2.027357594530556,2.2112940066619986,0.0,-1.9486497640609741,2.352379083633423,-0.0453694723546505,-1.1367792791440172,-4.0049575690272174,-0.345931078443798,-1.4856186840973105,-3.4965961575209588,-0.34612017578192844,-2.9451458734574505,-4.19221057136743,-0.5431775625936229,-3.2345145142230947,-3.0483556625348274,-0.25653406349431085,0.0,0.0,0.0,0.34883940495329324,-0.5083614115062586,0.00018909733813045915,0.0,0.0,0.0
13.4833,-1.8600285574806805,1.387977753686575,1.0,-2.0010855197906494,1.384170413017273,1.0316429138183594,-0.13856058305005822,0.08242908356517373,-0.031788417552371495,-0.9864056011922371,-2.0819666305298625,2.159957163778979,0.0,-2.020115613937378,2.2933120727539062,-0.04448749125003815,-0.9297899945225874,-4.090813575869331,-0.34929906502661423,-1.3046856515280678,-3.6076610290381645,-0.34948088173444763,-4.291269988976536,-3.5467638258578975,0.05295982698887632,-3.5464880452721603,-3.195494862028311,-0.16516581023337518,0.0,0.0,0.0,0.3748956570054804,-0.4831525468311661,0.0001818167078334147,0.0,0.0,0.0
13.5,-1.8951885754077271,1.4235536032531508,1.0,-2.021357297897339,1.4069762229919434,1.0313016176223755,-0.14437938222382832,0.07971815085374845,-0.03195447613550447,-0.9857883184489465,-2.1353304048797264,2.107217136888409,0.0,-2.0492653846740723,2.2562029361724854,-0.05176272243261337,-1.0683012218546728,-4.200517941692458,-0.304985150389698,-1.4540942427868466,-3.7328751131785625,-0.30523129604700133,-1.74803768783152,-2.225340634516678,-0.4362771292338047,-3.0155526284879537,-2.909087602023721,-0.24520282685320152,0.0,0.0,0.0,0.3857930209321739,-0.4676428285138952,0.0002461456573033399,0.0,0.0,0.0
13.5167,-1.9312084823625313,1.4582214445151038,1.0,-2.0627167224884033,1.4515680074691772,1.0303150415420532,-0.1493502921726805,0.07767811167691958,-0.03222261438573074,-0.985201718611372,-2.1873321667726557,2.0531872764562027,0.0,-2.0972959995269775,2.187511682510376,-0.07252560555934906,-0.9821943936634927,-4.240061074511704,-0.17648525481864452,-1.3862837538150066,-3.800460024936871,-0.17696847012866398,-2.8824581485191016,-4.122363714408356,-1.2460415474316784,-2.9762607053600325,-3.267268886115417,-0.5406687100485039,0.0,0.0,0.0,0.40408936015151387,-0.4396010495748333,0.00048321531001945943,0.0,0.0,0.0
13.5333,-1.9680820413346656,1.4919767261538528,1.0,-2.1052777767181396,1.4949778318405151,1.0289238691329956,-0.155405969805972,0.07417729170666149,-0.03189568128183175,-0.9845452814458148,-2.237965089230779,1.9978769379980013,0.0,-2.1606733798980713,2.124674081802368,-0.09030552208423615,-0.7920384940314609,-4.319169607441655,-0.06381384237998644,-1.220918895927395,-3.904461430344961,-0.06456302306834998,-3.8033537457792024,-3.7709609111200137,-1.0669944342700166,-3.220433688126816,-3.4159679781533376,-0.6960496837838448,0.0,0.0,0.0,0.42888040189593424,-0.41470817709669405,0.0007491806883635402,0.0,0.0,0.0
13.55,-2.0057686563726334,1.5247836663515586,1.0,-2.126929998397827,1.516196370124817,1.0281004905700684,-0.155405969805972,0.07417729170666149,-0.03189568128183175,-0.9845452814458148,-2.287175499527338,1.9413470154410502,0.0,-2.180638313293457,2.0871782302856445,-0.09642654657363892,-0.9608704712013827,-4.4491046163673555,-0.023906841585458083,-1.3977133244540356,-4.048904665318014,-0.024761025098945736,-1.1987202427816825,-2.2512990824112116,-0.3675141718081223,-2.6235869270907766,-3.0721364328353804,-0.599059995824109,0.0,0.0,0.0,0.4368428532526529,-0.40019995104934125,0.0008541835134876545,0.0,0.0,0.0
13.5667,-2.0443092646707077,1.5566761953624724,1.0,-2.1709749698638916,1.5574253797531128,1.0263694524765015,-0.1621889703356599,0.0696899667950892,-0.030393314719812378,-0.983826424797613,-2.3350142930437086,1.8835361029939377,0.0,-2.2349185943603516,2.003786325454712,-0.09911861270666122,-0.8058711509344378,-4.414071748429425,2.1299533968899276e-05,-1.2647323928057392,-4.04521241634454,-0.0008812444761899472,-3.255097080438077,-5.000872151211003,-0.16143867418718366,-2.8100202668177943,-3.6415344694648946,-0.4698661830309608,0.0,0.0,0.0,0.4588612418713014,-0.36885933208488475,0.0009025440101588464,0.0,0.0,0.0
13.5833,-2.0836133253794236,1.5875778588168505,1.0,-2.216144561767578,1.596985936164856,1.024491310119629,-0.16798887191622894,0.06704541010171253,-0.027385167701044363,-0.9831249747978461,-2.381366788225276,1.8245800119308648,0.0,-2.2913036346435547,1.9226447343826294,-0.11453384160995483,-0.6257052359218855,-4.393938757074138,0.1010870085126635,-1.108011882119765,-4.054347856843027,0.09988190149904475,-3.3831056433731495,-4.868500107288463,-0.924914616264931,-2.9792055445740053,-4.00375715167716,-0.6042047976924737,0.0,0.0,0.0,0.48230664619787955,-0.33959090023111127,0.0012051070136187573,0.0,0.0,0.0
13.6,-2.123690847805512,1.6174970721653517,1.0,-2.23909068107605,1.6161530017852783,1.023384928703308,-0.17321513381514042,0.06466553561698425,-0.02450367196205154,-0.9824533226199765,-2.4262456082480277,1.7644637282917324,0.0,-2.3115298748016357,1.882259726524353,-0.1261821687221527,-0.7671793161958731,-4.525861494310538,0.17572911376812728,-1.2580385667941691,-4.2003869268161615,0.17426641824070588,-1.2131590613336385,-2.4222711607487595,-0.6986604270045331,-2.457836343717175,-3.536873581464592,-0.6320898258829546,0.0,0.0,0.0,0.4908592505982961,-0.32547456749437625,0.001462695527421385,0.0,0.0,0.0
13.6167,-2.1644945447087327,1.6463982996236883,1.0,-2.285505771636963,1.6531661748886108,1.020863652229309,-0.17884818129081087,0.0622851922485663,-0.02299026292572243,-0.9816340721786218,-2.4695974494355326,1.7032581829369011,0.0,-2.3466241359710693,1.7892653942108154,-0.14426985383033752,-0.6948422542063306,-4.440829082968269,0.2961660130962537,-1.2007193597629486,-4.146720645837049,0.29425391952172136,-2.105236058868119,-5.5785480341538065,-1.0850448375977917,-2.353742294960123,-4.13961319670693,-0.7658104242494013,0.0,0.0,0.0,0.5058771055566181,-0.29410843713121937,0.0019120935745323166,0.0,0.0,0.0
13.6334,-2.206096015800358,1.6743279467751082,1.0,-2.3326268196105957,1.6883529424667358,1.018059492111206,-0.1828771776640734,0.05911025961352852,-0.023485614836270943,-0.9810761743448831,-2.5114919201626624,1.6408559762994628,0.0,-2.3872933387756348,1.7025084495544434,-0.1521272212266922,-0.578879719904458,-4.394062167543616,0.35672786441320115,-1.1024434232930946,-4.12778341696573,0.35460182249308264,-2.4354163989663196,-5.195314173127168,-0.47052708413643435,-2.3778539832653354,-4.451275420574387,-0.6786373851918106,0.0,0.0,0.0,0.5235637033886367,-0.266278750577886,0.0021260419201185017,0.0,0.0,0.0
13.65,-2.248163884498875,1.7010704824102685,1.0,-2.3564953804016113,1.7052714824676514,1.0165919065475464,-0.1828771776640734,0.05911025961352852,-0.023485614836270943,-0.9810761743448831,-2.5516057236154026,1.5777541732516878,0.0,-2.4090473651885986,1.6552294492721558,-0.15702849626541138,-0.6835822469710153,-4.500119512402039,0.39292208044174914,-1.2167312928537548,-4.248424640270126,0.3906568368934118,-1.3092696226144354,-2.8454943320418997,-0.29498403644712295,-2.0623883488962775,-3.9772194934942124,-0.5653759043988159,0.0,0.0,0.0,0.5331490458827396,-0.25169487213191294,0.002265243548337371,0.0,0.0,0.0
13.6666,-2.2910043587653917,1.7268259309987102,1.0,-2.4049110412597656,1.7377665042877197,1.0136122703552246,-0.18599325222516572,0.05795515147310258,-0.024633568549162207,-0.9805309205656976,-2.5902388964980654,1.5134934618519122,0.0,-2.4552299976348877,1.5699949264526367,-0.15159986913204193,-0.512120100948604,-4.466106606863086,0.37479476967236225,-1.065906546434764,-4.2396659237162915,0.3726834421388866,-2.7710398695334963,-5.114222565555126,0.3257272577714833,-2.271595230202537,-4.312883581997978,-0.30230596374284846,0.0,0.0,0.0,0.5537864454861599,-0.22644068314679425,0.0021113275334756257,0.0,0.0,0.0
13.6833,-2.3345220939225975,1.7515285932226157,1.0,-2.4294748306274414,1.7533578872680664,1.0121850967407227,-0.18890928203815713,0.057861127122430835,-0.025446834138028368,-0.9799580606007376,-2.6272928898339236,1.448216859116103,0.0,-2.476672410964966,1.521567702293396,-0.14982929825782776,-0.6010608656308576,-4.577257979503563,0.37090078734207965,-1.1645623847403144,-4.364571187521643,0.3688384892051833,-1.2857367510614877,-2.9038084890420164,0.1061675291998456,-1.9805517880816867,-3.896898860115816,-0.1817171227311564,0.0,0.0,0.0,0.5635015191094569,-0.21268679198191956,0.0020622981368963217,0.0,0.0,0.0
13.7,-2.378612480083555,1.77511831666011,1.0,-2.4791183471679688,1.7830173969268799,1.0093810558319092,-0.19198009615230482,0.055857365845457724,-0.025901177164975822,-0.9794655325290393,-2.662677474990165,1.3820812798746673,0.0,-2.518068313598633,1.4221692085266113,-0.14143326878547668,-0.43634834060727234,-4.461237991953692,0.3342320195512366,-1.0188443771423632,-4.275431663614712,0.33239437667139277,-2.4830106112175727,-5.962124245631096,0.5036109601578812,-2.128886816388054,-4.5065911411817785,0.020604253456522198,0.0,0.0,0.0,0.5824960365350907,-0.18580632833898034,0.0018376428798438178,0.0,0.0,0.0
13.7167,-2.423265976749721,1.7975921262832064,1.0,-2.5298311710357666,1.810851812362671,1.006867527961731,-0.19408097957331522,0.0538783289634923,-0.02558381139568876,-0.979170673176857,-2.69638818942481,1.3151010348754189,0.0,-2.5747156143188477,1.3331938982009888,-0.12720730900764465,-0.16618603939466015,-4.406857657331855,0.2612150221510342,-0.7751849168335011,-4.243573295536116,0.25972846336018596,-3.3994248351050893,-5.339440287296296,0.8537049489934614,-2.5039728618364756,-4.752463431557342,0.2665508058192926,0.0,0.0,0.0,0.608998877438841,-0.1632843617957387,0.001486558790848246,0.0,0.0,0.0
13.7333,-2.468465262992134,1.8189419949930399,1.0,-2.5555336475372314,1.8240382671356201,1.0056928396224976,-0.19408097957331522,0.0538783289634923,-0.02558381139568876,-0.979170673176857,-2.72841299248956,1.2473021055117983,0.0,-2.5961248874664307,1.2781614065170288,-0.1209665834903717,-0.224213859750793,-4.490761348820287,0.2294543658911289,-0.8433827388416281,-4.3406790895690195,0.2281100888288091,-1.284667877938168,-3.3022360834918953,0.3744760296999957,-2.144011744680938,-4.324329811804429,0.2984123045176359,0.0,0.0,0.0,0.6191688790908351,-0.1500822592512676,0.0013442770623197976,0.0,0.0,0.0
13.75,-2.514181376466412,1.8391544499872154,1.0,-2.6077396869659424,1.8489927053451538,1.003572702407837,-0.19575906161513254,0.05214526635779254,-0.025137560563655476,-0.9789419843768369,-2.7587316749808233,1.178727935300382,0.0,-2.6523630619049072,1.191915512084961,-0.10562966018915176,0.06817229924396218,-4.454082810868915,0.14791449714870397,-0.5781124394995804,-4.323571274456023,0.14688948332177804,-3.3764188889366027,-5.1780177781594885,0.9207958481842515,-2.507840859049369,-4.5763541027975965,0.48215130225484365,0.0,0.0,0.0,0.6462847387435425,-0.1305115364128923,0.0010250138269259385,0.0,0.0,0.0
13.7666,-2.560395643211621,1.858221029753901,1.0,-2.660888671875,1.872138261795044,1.001631259918213,-0.19721220065809114,0.050502845818171514,-0.02460035683253552,-0.9787500476287183,-2.7873315446308515,1.109406535182568,0.0,-2.69882869720459,1.09825599193573,-0.10094299912452698,0.31569744239221054,-4.371580728899495,0.12944736870816997,-0.3534296237535376,-4.26077425847098,0.12851129431206554,-2.787980659189746,-5.619656958113985,0.28120395470931564,-2.5905432483202304,-4.884356174707909,0.42282797243405523,0.0,0.0,0.0,0.6691270661457481,-0.11080647042851517,0.0009360743961044242,0.0,0.0,0.0
13.7833,-2.607096857339817,1.8761357186759284,1.0,-2.687852621078491,1.8830716609954834,1.0006742477416992,-0.19819904804254945,0.04497292641245115,-0.02363696416927352,-0.9788442036882916,-2.8142035780138928,1.0393547139902741,0.0,-2.7227466106414795,1.0607366561889648,-0.1037936881184578,0.3057107126172145,-4.57229289819206,0.15131407771981686,-0.37532895856524007,-4.468927992477867,0.15032438620533198,-1.4343785298617366,-2.250067916327085,-0.17095835299332277,-2.2492222915719338,-4.106666132496483,0.24753139620817888,0.0,0.0,0.0,0.6810396711824546,-0.10336490571419332,0.0009896915144848844,0.0,0.0,0.0
13.8,-2.6542280871735127,1.8928757583646159,1.0,-2.742307424545288,1.9036939144134521,0.998690128326416,-0.19907792046947895,0.039259051818048916,-0.02246709409515667,-0.9789392448316837,-2.839313637546924,0.9686578692397305,0.0,-2.7561793327331543,0.9739879965782166,-0.10410488396883011,0.49977848280862647,-4.533238551941632,0.1631455322330021,-0.19808890256120337,-4.446088998149278,0.1621498972048972,-2.0050473998026797,-5.202543002988404,-0.01866322547435549,-2.1771374006026667,-4.4301890146108445,0.16894587850178008,0.0,0.0,0.0,0.6978673853698298,-0.08714955379235344,0.0009956350281048942,0.0,0.0,0.0
13.8166,-2.701714721907397,1.9084168113956805,1.0,-2.7975780963897705,1.9226964712142944,0.9968729615211487,-0.2005121566508804,0.03447412010660712,-0.02169306722225406,-0.9788441193945946,-2.862625217093521,0.8974279171389044,0.0,-2.8000025749206543,0.889950156211853,-0.0932483896613121,0.7702100595396921,-4.508903920775577,0.10719655441202691,0.049974068195902666,-4.436144484469831,0.10639774966026946,-2.631429757626949,-5.046173283131236,0.6518938526291678,-2.3112528077478585,-4.61203882936181,0.31152094757030524,0.0,0.0,0.0,0.7202359913437895,-0.07275943630574595,0.0007988047517574429,0.0,0.0,0.0
13.8333,-2.749633899028369,1.922783699457972,1.0,-2.82546067237854,1.9315216541290283,0.9959977865219116,-0.2005121566508804,0.03447412010660712,-0.02169306722225406,-0.9788441193945946,-2.884175549186958,0.8255491514574465,0.0,-2.812798500061035,0.8401092886924744,-0.09601448476314545,0.726583207938059,-4.645893991671143,0.12830247761887337,-0.0002507376540109574,-4.581056003394243,0.1274555789115527,-0.7673500900746333,-2.9888729232792888,-0.16587806682679934,-1.8554645067304036,-4.13285058638898,0.1705840328355529,0.0,0.0,0.0,0.7268339455920699,-0.06483798827689888,0.0008468987073206596,0.0,0.0,0.0
13.85,-2.7978247239987417,1.9359287156744849,1.0,-2.8816752433776855,1.9478271007537842,0.9942054748535156,-0.2029943426103689,0.02682692215580562,-0.020209118833034022,-0.978603755917537,-2.9038930735117274,0.7532629140018872,0.0,-2.847027063369751,0.7550961971282959,-0.09404300898313522,0.9635938959757513,-4.615109450079288,0.12562817444124563,0.21896283256285864,-4.562729808225123,0.12481569759936606,-2.0553917077081665,-5.104952897720765,0.11838518998396518,-1.914486670638607,-4.41983295634348,0.15517398035876342,0.0,0.0,0.0,0.7446310634128926,-0.052379641854164834,0.0008124768418795752,0.0,0.0,0.0
13.8667,-2.8464729990239497,1.9478997046525957,1.0,-2.9100725650787354,1.955344796180725,0.9933339357376099,-0.20568594572339585,0.02087589251318866,-0.019361124240994856,-0.9782038666188656,-2.9218495569788936,0.6802905014640754,0.0,-2.8654985427856445,0.7095138430595398,-0.09492462873458862,0.975950005271778,-4.784242411111259,0.13549827043236407,0.22162528151059357,-4.737995822229024,0.1346704888241327,-1.1059009934909216,-2.7290489037341557,-0.05278321985268928,-1.6757773997788379,-3.920682600621831,0.09378121390805605,0.0,0.0,0.0,0.7543247237611844,-0.046246588882234374,0.0008277816082313663,0.0,0.0,0.0
13.8833,-2.8952496547097843,1.958616133393027,1.0,-2.9672398567199707,1.969063639640808,0.9914730191230774,-0.20698223526962117,0.01590621009129936,-0.019056233938867045,-0.9780298001345157,-2.9379242000895402,0.6071255179353233,0.0,-2.887125015258789,0.6203398108482361,-0.10454493016004562,1.1621597556926457,-4.727486033130288,0.20280848788446748,0.3964059959297016,-4.69213376641614,0.20180441806728425,-1.2994484635771077,-5.3581118831029295,-0.5780455375689421,-1.5646782194408466,-4.345037997496952,-0.104554322475518,0.0,0.0,0.0,0.7657537597629441,-0.035352266714146964,0.001004069817183242,0.0,0.0,0.0
13.9,-2.9443216076635594,1.9681191227222414,1.0,-3.024897336959839,1.980991244316101,0.9894677996635437,-0.20822177408432654,0.008916850688768007,-0.01913298335000538,-0.9778538370419827,-2.9521786840833624,0.5335175885046604,0.0,-2.9198546409606934,0.5267258882522583,-0.10658479481935501,1.4276925645789633,-4.641169332222049,0.22542471557197474,0.644478601289623,-4.61568182939889,0.22438108098033138,-1.9645100817126748,-5.6189305800025755,-0.12243753488172412,-1.6827158931306556,-4.721114371488975,-0.10983377363915288,0.0,0.0,0.0,0.7832139632893403,-0.025487502823157985,0.001043634591643371,0.0,0.0,0.0
13.9166,-2.993609352767467,1.9763918567147634,1.0,-3.08319354057312,1.991213083267212,0.987333357334137,-0.21128312096262747,0.0017616539740584322,-0.019350376794624587,-0.9772317495579619,-2.964587785072145,0.45958597084879904,0.0,-2.9455039501190186,0.4398106336593628,-0.11613549292087555,1.664566152470508,-4.591873632876156,0.2938232100092216,0.8675315477511899,-4.57410355179514,0.29258416268638077,-1.5394224715242402,-5.216487321847633,-0.5732146306736878,-1.6404130560196521,-4.867357520639104,-0.24663227210289165,0.0,0.0,0.0,0.7970346047193181,-0.017770081081015576,0.001239047322840879,0.0,0.0,0.0
13.9333,-3.043151547880257,1.9834386485706312,1.0,-3.1124672889709473,1.9956746101379395,0.9862171411514282,-0.21128312096262747,0.0017616539740584322,-0.019350376794624587,-0.9772317495579619,-2.9751579728559467,0.3852726781796139,0.0,-2.9528465270996094,0.3922378718852997,-0.1127082109451294,1.656484313690318,-4.7554498591937815,0.2793003690117496,0.85547104701241,-4.741316122171218,0.2781333738089286,-0.44022756836342325,-2.852246737281473,0.20548426176079593,-1.2860963636123395,-4.272459986102265,-0.11315920772342575,0.0,0.0,0.0,0.8010132666779081,-0.014133737022563193,0.0011669952028209708,0.0,0.0,0.0
13.95,-3.0928033142903137,1.989238430513276,1.0,-3.1714346408843994,2.0032296180725098,0.9841276407241821,-0.21360769878210945,-0.0016943559936985016,-0.019288547367859094,-0.976727631102923,-2.983857645769914,0.31079502856452945,0.0,-2.97881817817688,0.3059682250022888,-0.10430368036031723,1.9197209179981405,-4.706756667796148,0.23984969009175872,1.1045551204086856,-4.698156426970026,0.23885024894767987,-1.5585234995350168,-5.176924315043995,0.5043444631232563,-1.366521833437524,-4.539474387398563,0.06913916236521436,0.0,0.0,0.0,0.8151657975894547,-0.008600240826121907,0.0009994411440788372,0.0,0.0,0.0
13.9666,-3.1425617063143623,1.9937936662757645,1.0,-3.230746030807495,2.009042978286743,0.9821287989616394,-0.2138081175834909,-0.009493556553654548,-0.01934801657110796,-0.9766379847561404,-2.9906904994136467,0.23615744052845625,0.0,-3.0009047985076904,0.21332281827926636,-0.10176743566989899,2.1724338490929433,-4.615503678834963,0.23522182159398086,1.345135048947908,-4.611323136903464,0.2342703942668625,-1.3259002690788344,-5.56167344134654,0.15225541378027138,-1.3545296051761335,-4.84124623141912,0.09367659894444491,0.0,0.0,0.0,0.8272988001450355,-0.004180541931498871,0.0009514273271183765,0.0,0.0,0.0
13.9833,-3.1925047860747635,1.9971091054279353,1.0,-3.2605972290039062,2.011284828186035,0.9811311364173889,-0.21252140590858967,-0.020450715105410605,-0.019071322510633926,-0.9767562909599105,-2.995663658141903,0.16124282088785477,0.0,-3.0102367401123047,0.16812273859977722,-0.10350070148706436,2.211635077373805,-4.796119208833176,0.25123932055409115,1.3791829594379879,-4.793522574052319,0.25025520851428734,-0.5593569131832797,-2.7092943908538762,-0.10389201500535905,-1.1197800926905879,-4.211855081226238,0.03535073303608915,0.0,0.0,0.0,0.832452117935817,-0.002596634780856685,0.0009841120398038168,0.0,0.0,0.0
14.0,-3.2424358323248366,1.999171420013768,1.0,-3.3204572200775146,2.0143651962280273,0.9791237115859985,-0.21479000217653704,-0.028767489501792566,-0.017426752481738857,-0.9760810141530689,-2.998757130020652,0.08634625151274479,0.0,-3.0236613750457764,0.0726563036441803,-0.09826091676950455,2.43691131944197,-4.6826835894020205,0.23053325365727007,1.597017736983274,-4.682198630922232,0.22964626190398205,-0.805893887131632,-5.730942907441069,0.3145493709656643,-1.0271151477385234,-4.660317572729737,0.11777527402018168,0.0,0.0,0.0,0.8398935824586959,-0.00048495847978841875,0.000886991753288031,0.0,0.0,0.0
14.0167,-3.2924364350018265,1.9999856980699933,1.0,-3.3505008220672607,2.0152926445007324,0.9782077074050903,-0.21479000217653704,-0.028767489501792566,-0.017426752481738857,-0.9760810141530689,-2.99997854710499,0.011345347497260213,0.0,-3.0325193405151367,0.03281291201710701,-0.08962918817996979,2.4964149088550576,-4.896281810713849,0.18404946795563093,1.6515930986734215,-4.896182899050197,0.18331146706809112,-0.5313644164759725,-2.3900929186927917,0.5177931028318078,-0.8807604707606544,-3.9901057607116384,0.23586784843155195,0.0,0.0,0.0,0.844821810181636,-9.891166365122901e-05,0.0007380008875398002,0.0,0.0,0.0
14.0333,-3.3424517775995026,1.9995494108870233,1.0,-3.4106805324554443,2.015761137008667,0.9764211177825928,-0.21722935640122631,-0.03574066451449573,-0.015597242081577993,-0.9753414212553998,-2.999324116330535,-0.06367766639925407,0.0,-3.035388946533203,-0.06504415720701218,-0.09172334522008896,2.6820531222473756,-4.763090042174043,0.20633365759847722,1.8356316831685664,-4.763478706374641,0.20556076752538222,-0.1721026667619933,-5.8689110870808605,-0.12559564238221205,-0.6715517344912527,-4.5447634330155875,0.12915721927602103,0.0,0.0,0.0,0.8464214390788092,0.00038866420059798456,0.0007728900730950042,0.0,0.0,0.0
14.05,-3.392386982648049,1.9978650218263467,1.0,-3.4710137844085693,2.0144729614257812,0.9746705889701843,-0.21744679199269404,-0.04464182603890547,-0.014132723389521398,-0.9749483597461872,-2.99679753273952,-0.13858047397207324,0.0,-3.043194055557251,-0.1536141186952591,-0.08920454233884811,2.9096970070085435,-4.6795548639154925,0.20081704843259673,2.058917045516847,-4.681722668975716,0.20008602399158265,-0.46872270664204,-5.3189202031699665,0.151262474406884,-0.6116728982523094,-4.773308661254837,0.1356830946205749,0.0,0.0,0.0,0.8507799614916965,0.0021678050602236096,0.0007310244410140835,0.0,0.0,0.0
14.0667,-3.4423358741621537,1.9949286951985266,1.0,-3.501176118850708,2.013097047805786,0.9737842679023743,-0.2173963685568068,-0.05427897163708065,-0.012714692671372407,-0.9744900970623283,-2.99239304279779,-0.21350381124323056,0.0,-3.040316343307495,-0.2055004984140396,-0.08863513916730881,2.933291419261921,-4.819275009176334,0.20270685418436984,2.0841197300583674,-4.823154580295075,0.20198513238973004,0.17251236314781465,-3.1104715147357287,0.03413443672640997,-0.3801670761010581,-4.282408743012015,0.1057040747494663,0.0,0.0,0.0,0.8491716892035536,0.0038795711187413974,0.0007217217946397933,0.0,0.0,0.0
14.0833,-3.4921394369529466,1.990749214935775,1.0,-3.5614407062530518,2.009042978286743,0.9721659421920776,-0.21823907371935786,-0.06330908144450949,-0.011663761003753275,-0.9737698495681255,-2.9861238224036626,-0.28820915542941994,0.0,-3.0411925315856934,-0.2892121374607086,-0.07063576579093933,3.1416817498003287,-4.756765284759143,0.10372981789042457,2.292020544765006,-4.764449349032905,0.10327145729566282,-0.052584134615384616,-5.023924886961996,1.0802261296646063,-0.28345860436064024,-4.501317861805023,0.39340079723675875,0.0,0.0,0.0,0.8496612050353227,0.007684064273761834,0.00045836059476174777,0.0,0.0,0.0
14.1,-3.541854965583674,1.9853226880339931,1.0,-3.621638536453247,2.003321647644043,0.9707827568054199,-0.21778630066251745,-0.07205268751247339,-0.010104369755698681,-0.9732807353911566,-2.9779840320509896,-0.3627824483755116,0.0,-3.0301835536956787,-0.3803494870662689,-0.07001309841871262,3.290067777733903,-4.643997218651527,0.10788363383618049,2.4465469080937066,-4.657287177259883,0.1074333186906232,0.6605487525749599,-5.468324416342412,0.037360612411306934,-0.004770378450849766,-4.786795871215864,0.2882912271337282,0.0,0.0,0.0,0.8435208696401967,0.013289958608356587,0.00045031514555730207,0.0,0.0,0.0
14.1167,-3.591403701805562,1.9786570906991476,1.0,-3.6516151428222656,1.9998124837875366,0.9701010584831238,-0.21778630066251745,-0.07205268751247339,-0.010104369755698681,-0.9732807353911566,-2.9679856360487213,-0.4371055527083431,0.0,-3.026660919189453,-0.4230203926563263,-0.06457950174808502,3.343549848293919,-4.835047563957337,0.07968714734347715,2.5019890503863342,-4.851486759696477,0.0793040163035151,0.21136431912793444,-2.5603300287541306,0.3260254388223681,0.05903653468731724,-4.129502460178669,0.2994310561131849,0.0,0.0,0.0,0.8415607979075848,0.016439195739139267,0.0003831310399620401,0.0,0.0,0.0
14.1333,-3.640770346596616,1.9707550763299893,1.0,-3.711552381515503,1.9915239810943604,0.9689716696739197,-0.2158881119727081,-0.0805526321124837,-0.008336773076000314,-0.9730540274930165,-2.956132614494984,-0.5111555198949245,0.0,-3.0194976329803467,-0.5152132511138916,-0.05010334029793739,3.5367958801094224,-4.706824390463365,-0.0004886006202161619,2.6992138609906986,-4.73120990969683,-0.0007192176208172981,0.42979758243330235,-5.531576782776625,0.8685705153422502,0.16849197258580878,-4.543420426694212,0.4674514269529708,0.0,0.0,0.0,0.8375820191187238,0.024385519233464714,0.00023061700060113627,0.0,0.0,0.0
14.15,-3.6899128273876247,1.9616238138436708,1.0,-3.771118640899658,1.981380581855774,0.9680808186531067,-0.21608701875589917,-0.08899922407063526,-0.0058612779287129544,-0.972291801737697,-2.942435720765506,-0.5848692410814375,0.0,-3.0014538764953613,-0.604566752910614,-0.03230610862374306,3.674757220036856,-4.587708867391783,-0.10175406826947209,2.8471556491288155,-4.6212862221333095,-0.1018499480997238,1.0829362524146813,-5.362749517063747,1.0681405165629247,0.43845263779305027,-4.785301349500352,0.6447858253311665,0.0,0.0,0.0,0.8276015709080404,0.03357735474152596,9.587983025171466e-05,0.0,0.0,0.0
14.1667,-3.7388354983022607,1.9512620032762915,1.0,-3.800812244415283,1.9756808280944824,0.9677955508232117,-0.21596999276265264,-0.09678139203543684,-0.0038006763581668003,-0.9715841982980477,-2.9268930049144375,-0.6582532474533912,0.0,-2.9989326000213623,-0.6447629928588867,-0.022117430344223976,3.7678495327512365,-4.78723867950082,-0.16038625675652496,2.941637778951844,-4.825429427418911,-0.1604311961591312,0.15126807707162168,-2.4116387017408347,0.611286301656439,0.35367050643769327,-4.0845527511421675,0.6348961536531419,0.0,0.0,0.0,0.8262117537993924,0.03819074791809071,4.493940260623628e-05,0.0,0.0,0.0
14.1833,-3.7874629992889752,1.9396854962400982,1.0,-3.859987497329712,1.9631747007369995,0.9673019647598267,-0.2153017123326639,-0.10388642346370634,-0.0013552319138677162,-0.971005184893205,-2.909528244360147,-0.7311944989334632,0.0,-2.981226682662964,-0.7218185663223267,-0.023653943091630936,3.9291616234427775,-4.73224887952574,-0.14760962831935898,3.112677098705778,-4.780113437847309,-0.14766102854834376,1.0626600844244116,-4.62466194462331,-0.09221723635257924,0.5629771884523853,-4.244002856931011,0.4202389910715457,0.0,0.0,0.0,0.8164845247369996,0.04786455832156928,5.140022898478362e-05,0.0,0.0,0.0
14.2,-3.835784622272477,1.9268977239429026,1.0,-3.918855667114258,1.9491201639175415,0.9667245745658875,-0.21559259934437397,-0.11180597434958524,0.000851956395799284,-0.9700611376334094,-2.890346585914354,-0.8036769334087159,0.0,-2.970734119415283,-0.8000850677490234,-0.02850254252552986,4.144136660718233,-4.662808424622098,-0.11452225002936756,3.333389331052922,-4.72161559577843,-0.1145968820436421,0.6297525864659502,-4.697472919021793,-0.2910078273686018,0.5826905064367176,-4.377875507582296,0.21026593041817437,0.0,0.0,0.0,0.8107473296653106,0.058807171156331606,7.463201427455075e-05,0.0,0.0,0.0
14.2167,-3.883821519663954,1.9128911190073707,1.0,-3.9481966495513916,1.9415252208709717,0.9664219617843628,-0.21559259934437397,-0.11180597434958524,0.000851956395799284,-0.9700611376334094,-2.869336678511056,-0.875732279495931,0.0,-2.96794056892395,-0.8427106738090515,-0.027773132547736168,4.269112131295673,-4.840407977795834,-0.11626537040625406,3.459888868490616,-4.905648127362358,-0.11633623147402117,0.16746226846558426,-2.555235965012577,0.04372523421421221,0.460107541232435,-3.839799001228925,0.16110007294273326,0.0,0.0,0.0,0.8092232628050566,0.06524014956652337,7.086106776709735e-05,0.0,0.0,0.0
14.2333,-3.9314454776068217,1.8977029822419242,1.0,-4.006714820861816,1.9251644611358643,0.9657353162765503,-0.21566439650081226,-0.11986698059577884,0.002707260667248815,-0.9690786945946205,-2.8465544733628865,-0.9471682164102325,0.0,-2.9513368606567383,-0.918339192867279,-0.03301898390054703,4.469062321409993,-4.775673661577557,-0.08021510845689817,3.668867894258788,-4.853149127658166,-0.08031526639319166,0.9964230015309553,-4.538624429468745,-0.31481442979067403,0.6184376676456169,-4.046105040462569,0.02060141318434168,0.0,0.0,0.0,0.8001944271512049,0.07747546608060941,0.00010015793629348511,0.0,0.0,0.0
14.25,-3.9786527810823293,1.8813373973663574,1.0,-4.064783096313477,1.907252311706543,0.9648798704147339,-0.21585885679148548,-0.12725478049906397,0.004189059567194863,-0.9680876535987354,-2.8220060960495363,-1.0179791716234943,0.0,-2.9211266040802,-1.0021666288375854,-0.04218428209424019,4.597046815663,-4.653450994193734,-0.01977625744505984,3.8131503278046175,-4.74571617404673,-0.019939735432906593,1.8139145372557441,-5.033251019969938,-0.5503120302770024,0.9713642899437149,-4.33752857622391,-0.14794267022489987,0.0,0.0,0.0,0.7838964878583826,0.09226517985299611,0.00016347798784675102,0.0,0.0,0.0
14.2667,-4.0255045310352555,1.8637712240098874,1.0,-4.093575477600098,1.897637963294983,0.9644116759300232,-0.21503785462173947,-0.1345029452590545,0.005308606304189717,-0.9672846296940573,-2.795656836014831,-1.088256796552883,0.0,-2.907788038253784,-1.0505836009979248,-0.042703885585069656,4.691365901138335,-4.78541499431997,-0.013130539247086959,3.914611987970505,-4.886810613913369,-0.013298069307161521,0.7997426917303981,-2.902944750196555,-0.03115395611464513,0.9206984573286678,-3.914013210101909,-0.11346450720790022,0.0,0.0,0.0,0.7767539131678299,0.10139561959339911,0.00016753006007456188,0.0,0.0,0.0
14.2833,-4.071863246812665,1.845054776482208,1.0,-4.150731086730957,1.8771488666534424,0.9636013507843018,-0.21425210038823875,-0.14256088532201894,0.006357346335686324,-0.9662980984109628,-2.7675821647233123,-1.1577948702189982,0.0,-2.8821420669555664,-1.1353726387023926,-0.025965338572859764,4.865543990681163,-4.643468797361382,-0.10829704729145873,4.102431210141806,-4.761891455865911,-0.10835898368854713,1.5389358627695038,-5.087929381804655,1.0044287263759533,1.1032134392803736,-4.260574720300998,0.21655800769639466,0.0,0.0,0.0,0.7631127805393559,0.11842265850452925,6.193639708840423e-05,0.0,0.0,0.0
14.3,-4.117731171313657,1.8251892316858531,1.0,-4.207282543182373,1.8548868894577026,0.9629756212234497,-0.21414737600640132,-0.15191777018266486,0.007777526543109371,-0.9648841559371193,-2.73778384752878,-1.2265967569704848,0.0,-2.8467907905578613,-1.229662537574768,-0.02045583911240101,4.990338777066938,-4.434355891567745,-0.1369916398688963,4.2458313013621005,-4.5732647182212,-0.13703008068126468,2.1217463474664795,-5.659180344289742,0.3306743503427157,1.4039029700638606,-4.673468663587785,0.250247237812836,0.0,0.0,0.0,0.7445074757048374,0.1389088266534546,3.844081236839835e-05,0.0,0.0,0.0
14.3167,-4.163175423730496,1.804141953358349,1.0,-4.235289096832275,1.8430787324905396,0.9627317786216736,-0.2133227255000811,-0.15883727645214546,0.008488417436942626,-0.9639460935298123,-2.7062129300375233,-1.294763135595744,0.0,-2.83160662651062,-1.2786530256271362,-0.014152327552437782,5.104924620713523,-4.548900683075362,-0.17234878874900572,4.368338046827001,-4.699098416782349,-0.17236718857440297,0.909268724479598,-2.9336826475543245,0.3774712850860912,1.257877900064846,-4.159852032627457,0.28780610191188516,0.0,0.0,0.0,0.7365865738865215,0.15019773370698683,1.8399825397250176e-05,0.0,0.0,0.0
14.3333,-4.207951607928217,1.7820280238145991,1.0,-4.290830135345459,1.8182083368301392,0.9624959826469421,-0.21034919421483064,-0.1685579702749594,0.009201963582232063,-0.9629417341297977,-2.673042035721899,-1.3619274118923252,0.0,-2.7967417240142822,-1.3547214269638062,0.005087469704449177,5.2507107077050055,-4.432539454570467,-0.2853601407281735,4.5321512966902855,-4.6011396051945965,-0.2853577630031378,2.094712867599662,-4.570253971437166,1.1559433125689362,1.5049268777747358,-4.281010186106359,0.5440960739197968,0.0,0.0,0.0,0.71855941101472,0.16860015062412967,-2.3777250356868226e-06,0.0,0.0,0.0
14.35,-4.2521799404696425,1.7587931546851174,1.0,-4.3183207511901855,1.8051660060882568,0.9624689817428589,-0.21034919421483064,-0.1685579702749594,0.009201963582232063,-0.9629417341297977,-2.6381897320276764,-1.428269910704464,0.0,-2.7758538722991943,-1.402136206626892,0.0031053677666932344,5.351423889341513,-4.545562156275231,-0.2720826729805458,4.643557717031252,-4.726170731474239,-0.2720817870818954,1.2544566789329745,-2.8475780008304814,-0.1190386186219376,1.43098349709487,-3.8578348053833666,0.34832659220346107,0.0,0.0,0.0,0.7078661723102613,0.1806085751990081,-8.858986503815385e-07,0.0,0.0,0.0
14.3667,-4.295875519882936,1.7344255385855831,1.0,-4.372757434844971,1.777838110923767,0.9624312520027161,-0.20853118595304618,-0.17449153400013562,0.009499098864233883,-0.962277162622478,-2.6016383078783747,-1.4938132798244053,0.0,-2.7472071647644043,-1.4825526475906372,0.014297803863883018,5.55215515442762,-4.387419315466332,-0.33779534726353744,4.858823897757547,-4.589338790284058,-0.33777656721852645,1.7174282814711053,-4.8211289146810365,0.6710092693384528,1.5155472329518263,-4.142216833105036,0.44358841634272717,0.0,0.0,0.0,0.6933312566700737,0.20191947481772635,-1.878004501098893e-05,0.0,0.0,0.0
14.3833,-4.338916739023106,1.7089915182286877,1.0,-4.426628589630127,1.7488787174224854,0.9625105261802673,-0.20868070058104957,-0.1841364833507304,0.010472564624290002,-0.9604355560767944,-2.5634872773430315,-1.5583751085346589,0.0,-2.712372064590454,-1.5671671628952026,0.00964648462831974,5.724504727899046,-4.192914437256864,-0.3090344050715862,5.048645132251713,-4.418540157182046,-0.309025856449632,2.0905266772545823,-5.077892718661916,-0.27913532321758167,1.6852916741259893,-4.418445456384937,0.23022715880467565,0.0,0.0,0.0,0.6758595956473333,0.22562571992518296,-8.548621954207712e-06,0.0,0.0,0.0
14.4,-4.381348493945553,1.6824640960928954,1.0,-4.453264236450195,1.7337934970855713,0.9625135064125061,-0.20758752196615432,-0.18833259724669468,0.01111083649813897,-0.9598514850501304,-2.5236961441393433,-1.62202274091833,0.0,-2.693135976791382,-1.61184823513031,0.011754710227251053,5.865525771763333,-4.305094502141121,-0.32044778848525424,5.199218548115696,-4.543769130287903,-0.32043509497279676,1.1529458837651296,-2.6780319810228783,0.12635989457551552,1.5281334668342488,-3.9046435879623864,0.19956364396503143,0.0,0.0,0.0,0.6663072236476374,0.2386746281467823,-1.2693512457447374e-05,0.0,0.0,0.0
14.4168,-4.423500369222511,1.6546138281656175,1.0,-4.506021499633789,1.7024282217025757,0.962552547454834,-0.20470466995474734,-0.19518197346515895,0.01153854271682752,-0.9590969721680884,-2.4819207422484264,-1.6852505538337674,0.0,-2.6560027599334717,-1.687140703201294,0.01274491474032402,6.042638926504678,-4.153274627761248,-0.32532142063304603,5.394579245801553,-4.4147679271482625,-0.3253064984683997,2.202319004524887,-4.465490667420815,0.058727640695701355,1.727165360020924,-4.070215896729488,0.15798628166272405,0.0,0.0,0.0,0.648059680703125,0.2614932993870141,-1.4922164646342738e-05,0.0,0.0,0.0
14.4333,-4.464122974942251,1.6262895496225764,1.0,-4.5579681396484375,1.6694896221160889,0.9624654650688171,-0.20054212470653293,-0.206436695352847,0.01180975768699515,-0.957615468296082,-2.4394343244338645,-1.7461844624133773,0.0,-2.6199681758880615,-1.7635754346847534,0.00768521660938859,6.230919095081175,-3.9741811152346296,-0.29328943112103956,5.600324867854905,-4.259904666997883,-0.29328400524104814,2.184356573014221,-4.633346340617412,-0.30671048834222164,1.862136562432156,-4.236462296410487,0.020799301638453893,0.0,0.0,0.0,0.6305942272262698,0.28572355176325376,-5.425879991412018e-06,0.0,0.0,0.0
14.45,-4.504436153745028,1.596663255527565,1.0,-4.609138011932373,1.635114312171936,0.9623180031776428,-0.1983439778836883,-0.21276190372872691,0.012431803024167413,-0.9566804404618677,-2.3949948832913477,-1.8066542306175424,0.0,-2.573394775390625,-1.8465229272842407,0.0037981269415467978,6.381051847462565,-4.111349084018823,-0.2871945645003541,5.761284292242287,-4.409245496904046,-0.2871901634510008,1.3549812648379622,-2.22999199107577,-0.04581293485955779,1.7124150490256458,-3.644115588912788,0.0011341519157058062,0.0,0.0,0.0,0.6197675552202782,0.2978964128852234,-4.401049353268054e-06,0.0,0.0,0.0
14.4667,-4.544034899588999,1.5660067587991402,1.0,-4.634398937225342,1.6173152923583984,0.9622365236282349,-0.1983439778836883,-0.21276190372872691,0.012431803024167413,-0.9566804404618677,-2.34901013819871,-1.8660523493834988,0.0,-2.554171323776245,-1.8779301643371582,0.008805673569440842,6.5439094971912315,-3.913953627107244,-0.29635294414687563,5.9445905501009095,-4.237932607476013,-0.29634582081592215,2.5872485616800147,-4.621368509714905,0.1128223784119948,1.9706818917751654,-3.9326185129234563,0.03410655776464142,0.0,0.0,0.0,0.5993189470903223,0.3239789803687692,-7.12333095346097e-06,0.0,0.0,0.0
14.4834,-4.582803188294694,1.5344106295581272,1.0,-4.684255123138428,1.5807225704193115,0.9621132612228394,-0.19550999613094644,-0.22057486128345472,0.013087144371663275,-0.9554848608101593,-2.3016159443371906,-1.9242047824420405,0.0,-2.505628824234009,-1.9570467472076416,0.0008884429698809981,6.681378880392126,-3.6928664382725005,-0.24697019584211033,6.104623796454865,-4.04471870865262,-0.24697012332891066,2.9121778184626828,-4.7463884200589295,-0.4749731380361051,2.248628697572928,-4.172858263230648,-0.11618307316572904,0.0,0.0,0.0,0.5767550839372607,0.35185227038011885,-7.251319966581827e-08,0.0,0.0,0.0
14.5,-4.620621599192673,1.5019848839937724,1.0,-4.708826065063477,1.5618553161621094,0.9619515538215637,-0.19550999613094644,-0.22057486128345472,0.013087144371663275,-0.9554848608101593,-2.2529773259906585,-1.98093239878901,0.0,-2.486950397491455,-1.9894263744354248,-0.001493370160460472,6.881458126180979,-3.8347826306117767,-0.2306077248828592,6.313269932763296,-4.19837411317407,-0.2306079297597134,1.1253429478431993,-1.9508166108852723,-0.14350012697823447,1.917014213340383,-3.516870953979161,-0.12424756674001881,0.0,0.0,0.0,0.568188193417683,0.36359148256229373,2.0487685420132326e-07,0.0,0.0,0.0
14.5167,-4.657771407827823,1.4684879312017685,1.0,-4.757434844970703,1.5231035947799683,0.9615344405174255,-0.18956680975341955,-0.2384796182963129,0.014466357842333782,-0.9523563845388926,-2.2027318968026526,-2.0366571117417354,0.0,-2.4447455406188965,-2.0637457370758057,-0.0107272332534194,7.072245492029342,-3.62248352680025,-0.1718360620387932,6.523178566359869,-4.013747928929411,-0.17184663346071657,2.5308456644506396,-4.456615912502681,-0.55371547510544,2.0982284770436475,-3.794300841971502,-0.25103434291099386,0.0,0.0,0.0,0.5490669256694735,0.3912644021291611,1.0571421923370791e-05,0.0,0.0,0.0
14.5333,-4.694021103695276,1.4341217390626935,1.0,-4.805059432983398,1.4829670190811157,0.961085855960846,-0.18585765264261606,-0.24503596361142135,0.014492994650592679,-0.9514222417884972,-2.1511826085940404,-2.0910316555429143,0.0,-2.397838830947876,-2.1286070346832275,-0.0005199445877224207,7.240385785324983,-3.454200321070759,-0.22954120025356473,6.712186345353007,-3.870445239561814,-0.2295412250890175,2.8175894365995475,-3.8960845530318218,0.6131308062854453,2.3105969804610154,-3.824349253833456,0.00408300395419009,0.0,0.0,0.0,0.5281994399719757,0.4162449184910552,2.4835452785862185e-08,0.0,0.0,0.0
14.55,-4.729428767213409,1.3988328704540636,1.0,-4.828587055206299,1.462456226348877,0.9608179330825806,-0.18585765264261606,-0.24503596361142135,0.014492994650592679,-0.9514222417884972,-2.0982493056810956,-2.144143150820113,0.0,-2.367276430130005,-2.1592016220092773,-0.014263175427913666,7.396530303503923,-3.5848522179880757,-0.144436581572578,6.881709715105096,-4.01314854906166,-0.14445527075943065,1.83437558134543,-1.8363074369284926,-0.8248778364067129,2.1700077192812905,-3.2374429729478535,-0.24064138749420122,0.0,0.0,0.0,0.5148205883988269,0.4282963310735845,1.868918685267284e-05,0.0,0.0,0.0
14.5667,-4.763957525105708,1.3626548956674138,1.0,-4.87489128112793,1.4204163551330566,0.9599817991256714,-0.17989027002277685,-0.2524899498719368,0.014338104982315133,-0.9506223367506089,-2.0439823435011206,-2.195936287658562,0.0,-2.316650152206421,-2.221658945083618,-0.031551580876111984,7.556791115628446,-3.4111202646006586,-0.035190986959051984,7.063754848668749,-3.864552861219068,-0.035282440432949806,3.0363199588183143,-3.7458889810392657,-1.036875169802957,2.4257589264585677,-3.3875455276841695,-0.4757041532351334,0.0,0.0,0.0,0.49303626695969666,0.453432596618409,9.145347389782461e-05,0.0,0.0,0.0
14.5833,-4.797565699021112,1.3256307846136521,1.0,-4.920141220092773,1.377233624458313,0.9587252736091614,-0.1753664907214207,-0.2622720121403606,0.014121554474666191,-0.9488206432704652,-1.9884461769204782,-2.2463485485316683,0.0,-2.2554731369018555,-2.27418851852417,-0.04413048177957535,7.6588163385903645,-3.2851791615491064,0.04794098703315741,7.191475991908233,-3.7603074448631535,0.04776207675291406,3.6703093933715722,-3.151506915935976,-0.7546700000715195,2.7931729716256415,-3.317862615288391,-0.5580599700336655,0.0,0.0,0.0,0.46734034668213104,0.47512828331404705,0.00017891028024335075,0.0,0.0,0.0
14.6,-4.830240086970337,1.287775320554411,1.0,-4.942320346832275,1.3551968336105347,0.957975447177887,-0.1713968871602441,-0.27058834662901127,0.014681348916587875,-0.9472009398821916,-1.9316629808316164,-2.2953601304555056,0.0,-2.2159337997436523,-2.3059372901916504,-0.05847248062491417,7.785188802059169,-3.3837984304947737,0.1391431097028567,7.334090157427285,-3.8722853552625374,0.13882901472253578,2.372057098721286,-1.9046828961295306,-0.8604099769001916,2.668851868977525,-2.9006661327286203,-0.6473192182782672,0.0,0.0,0.0,0.45109864463188387,0.48848692476776373,0.0003140949803209245,0.0,0.0,0.0
14.6167,-4.861945317327995,1.2491304278085409,1.0,-4.985706329345703,1.3102734088897705,0.9562991261482239,-0.1657230415352151,-0.2794539730917702,0.015470253627014798,-0.9456226246991556,-1.8736956417128114,-2.342917975991993,0.0,-2.147137403488159,-2.3639280796051025,-0.06388282030820847,7.852017227285246,-3.203875928728812,0.18144313478377627,7.428493609779049,-3.7172411900969227,0.18106822556386484,4.128673629989985,-3.4801974531406494,-0.32469036163971954,3.099817934794767,-3.071754370927388,-0.5520732829332583,0.0,0.0,0.0,0.4235236175061967,0.5133652613681103,0.00037490921991143426,0.0,0.0,0.0
14.6333,-4.892689135757228,1.2096864539379175,1.0,-5.027587413787842,1.264146089553833,0.9544550776481628,-0.15820230520337053,-0.28826971349096053,0.015272079145316532,-0.944266591995166,-1.8145296809068763,-2.3890337036358424,0.0,-2.0667238235473633,-2.41818904876709,-0.06965075433254242,7.851640411903448,-3.033746743480466,0.2267896001283839,7.45924596750588,-3.5709497797301473,0.22634393402145128,4.8233704201584535,-3.254683522581014,-0.3459724387209336,3.608642130792197,-3.125758399992397,-0.49122854670313454,0.0,0.0,0.0,0.3923944443975684,0.5372030362496814,0.00044566610693260134,0.0,0.0,0.0
14.65,-4.922407007665543,1.169527896836043,1.0,-5.047890663146973,1.2406655550003052,0.9534186720848083,-0.15820230520337053,-0.28826971349096053,0.015272079145316532,-0.944266591995166,-1.7542918452540643,-2.4336105114983146,0.0,-2.0105910301208496,-2.4461092948913574,-0.07967555522918701,7.898152032420471,-3.1279038954792813,0.29367156574347975,7.526783210542169,-3.677583564849899,0.2930883783120606,3.371395022481886,-1.6769195520806484,-0.6021001589483632,3.538602448122924,-2.6980346908632367,-0.5239598730994487,0.0,0.0,0.0,0.3713688218783022,0.5496796693706177,0.0005831874314191453,0.0,0.0,0.0
14.6667,-4.951152108745811,1.1285817266747944,1.0,-5.086938381195068,1.1930842399597168,0.9511319398880005,-0.15395298091116125,-0.29734586346203146,0.016101613417707952,-0.94213834473276,-1.6928725900121915,-2.4767281631187172,0.0,-1.8919881582260132,-2.4847753047943115,-0.08965456485748291,7.673504486357612,-3.030384886802794,0.3666092901778052,7.344656803356588,-3.597579637369793,0.36587087133129165,7.111499478206173,-2.31843719174851,-0.5983474146188046,4.593386955210391,-2.585970571012004,-0.5459204349780299,0.0,0.0,0.0,0.3288476830010242,0.567194750566999,0.0007384188465135461,0.0,0.0,0.0
14.6833,-4.978846562737534,1.0869564015103668,1.0,-5.123587131500244,1.1446181535720825,0.9488194584846497,-0.15212725319065418,-0.3065393239175764,0.019600265459445817,-0.9394183978641094,-1.63043460226555,-2.5182698441063014,0.0,-1.761667251586914,-2.5229082107543945,-0.07867435365915298,7.375703247545949,-2.9239377500210595,0.3139963976185379,7.090597665257788,-3.508675131845799,0.3134277747447487,7.819485572865256,-2.28804200105861,0.6588321495500908,5.545790232323407,-2.4980166117571967,-0.19025545209878986,0.0,0.0,0.0,0.28510558228816035,0.5847373818247396,0.0005686228737892393,0.0,0.0,0.0
14.7,-5.005497861844203,1.0446420646541328,1.0,-5.14097261428833,1.1200298070907593,0.9477285742759705,-0.14530642323024973,-0.31125205280916296,0.02210665424669163,-0.9388927423694816,-1.5669630969811992,-2.5582467927663055,0.0,-1.6949424743652344,-2.5544955730438232,-0.07834051549434662,7.372078352201957,-2.968954692975804,0.31919054274327097,7.108161036991335,-3.568425815499889,0.3186267352956047,4.002631578947368,-1.8948369565217391,0.020026011870709383,5.090221592686155,-2.3199469528849126,-0.12817652050485828,0.0,0.0,0.0,0.2639173152106213,0.5994711225240851,0.0005638074476662472,0.0,0.0,0.0
14.7167,-5.031077154227992,1.0016845242439945,1.0,-5.173680782318115,1.0699007511138916,0.9455273151397705,-0.14094565740222156,-0.3136495341398567,0.024565248507726144,-0.9386985296915434,-1.5025267863659917,-2.5966157313419878,0.0,-1.5545796155929565,-2.6046814918518066,-0.07146819680929184,7.012093812216733,-2.7666778177038807,0.2907788625665114,6.790078005382251,-3.389934877621587,0.29030963490332296,8.420936319945074,-3.010856505320975,0.4122982284872411,6.073509457480543,-2.523916080898466,0.031381503952278456,0.0,0.0,0.0,0.22201580683448166,0.6232570599177065,0.0004692276631884376,0.0,0.0,0.0
14.7334,-5.0556147624205465,0.958027560131255,1.0,-5.189029693603516,1.0444185733795166,0.9444796442985535,-0.14094565740222156,-0.3136495341398567,0.024565248507726144,-0.9386985296915434,-1.4370413401968825,-2.6334221436308205,0.0,-1.4014933109283447,-2.660191297531128,-0.06573230028152466,6.497982255856001,-2.6485455817079244,0.263455744213004,6.317539264936337,-3.298650864706348,0.2630588126634164,9.169184743027689,-3.3247890099533035,0.34355453967755295,6.987409383136285,-2.7603484075510814,0.12354068985689151,0.0,0.0,0.0,0.180442990919664,0.6501052829984239,0.0003969315495876084,0.0,0.0,0.0
14.7501,-5.079100605180205,0.9136744697360373,1.0,-5.217536449432373,0.9925662279129028,0.942491888999939,-0.13906444335564994,-0.3136226760606431,0.026521620921904833,-0.9389348049242955,-1.370511704604056,-2.6686509077703073,0.0,-1.3306199312210083,-2.6874892711639404,-0.05491040274500847,6.552182916996944,-2.5601591032715203,0.21038684392722418,6.3895284453251,-3.2236751597283293,0.21010985193320983,4.237434428098985,-1.6321131257840118,0.6470282832278481,6.175566513602394,-2.4272727309957904,0.27808379549106743,0.0,0.0,0.0,0.16265447167184427,0.663516056456809,0.00027699199401433523,0.0,0.0,0.0
14.7667,-5.101261052419719,0.8691712265346827,1.0,-5.243235111236572,0.9395541548728943,0.9409728050231934,-0.13625562985691417,-0.3121137556636803,0.0264205949260242,-0.939851793907347,-1.303756839802024,-2.701891578629579,0.0,-1.1873973608016968,-2.746838331222534,-0.03859928622841835,6.163281725555274,-2.261998791371876,0.12207210262779655,6.0337577645832265,-2.9551438905071787,0.12193523003122728,8.641822392933696,-3.581028009149368,0.9841868607310863,6.903650326298061,-2.7678823769274086,0.4865383261845505,0.0,0.0,0.0,0.12952396097204763,0.6931450991353026,0.00013687259656927725,0.0,0.0,0.0
14.7833,-5.122429604854387,0.8238630561873023,1.0,-5.255062103271484,0.9125312566757202,0.9402234554290771,-0.1337005087760776,-0.3077892888089322,0.026040641086698495,-0.9416537824154302,-1.2357945842809535,-2.733644407281581,0.0,-1.1178351640701294,-2.7785122394561768,-0.03953146934509277,6.156814375024183,-2.253433304685051,0.1334047839206528,6.042021880647138,-2.9626559383453923,0.13326122047528574,4.1731388114138595,-1.9001644854466138,-0.05592304047772295,6.097553420041381,-2.511716195604455,0.32639381588067307,0.0,0.0,0.0,0.11479249437704486,0.7092226336603412,0.0001435634453670673,0.0,0.0,0.0
14.8,-5.142458989714776,0.7780391193373276,1.0,-5.2766828536987305,0.8574633002281189,0.938876748085022,-0.13304975616671333,-0.30224192587628435,0.026372210343933708,-0.9435318038382272,-1.1670586790059914,-2.763688484572165,0.0,-0.9822590947151184,-2.84051775932312,-0.02575845643877983,5.81103400460815,-1.9136647881998938,0.05953823676141157,5.722398019516851,-2.6548947676891865,0.059477283404636,8.132361563983753,-3.7193238373090782,0.8261570151164122,6.698265975442344,-2.868224043545651,0.4739330467423143,0.0,0.0,0.0,0.08863598509129848,0.7412299794892929,6.0953356775569195e-05,0.0,0.0,0.0
14.8167,-5.161365156824216,0.7316554878908264,1.0,-5.295533180236816,0.8011245727539062,0.9378142952919006,-0.13031908292511676,-0.29782145903734053,0.027236810794286154,-0.9452922777005273,-1.0974832318362395,-2.7920477352363235,0.0,-0.8395765423774719,-2.9059395790100098,-0.010574833489954472,5.416891592695883,-1.538310825802621,-0.024174290080410388,5.352135810978318,-2.3140774994818725,-0.024184563263637247,8.544094342047028,-3.9175792013477437,0.9092233409298573,7.2431882464857456,-3.17801286577101,0.6024386976269323,0.0,0.0,0.0,0.06475578171756562,0.7757666736792515,1.0273183226858798e-05,0.0,0.0,0.0
14.8334,-5.179114857048164,0.6847827056963806,1.0,-5.311722755432129,0.7432954907417297,0.9369327425956726,-0.12677412730193366,-0.29289751121444163,0.029385330690826043,-0.9472465006254318,-1.0271740585445708,-2.818672285572247,0.0,-0.7140005230903625,-2.970590829849243,-0.0042389510199427605,5.119641683892499,-1.1508827103425239,-0.05567498037051222,5.07280835607055,-1.9615518311701057,-0.055676631095613736,7.51811356304776,-3.8706072111678895,0.37932309211653203,7.324351224896286,-3.3824793754604854,0.5365708928734529,0.0,0.0,0.0,0.046833327821948205,0.8106691208275817,1.6507251015183236e-06,0.0,0.0,0.0
14.85,-5.195569260568747,0.6378222153444119,1.0,-5.318946361541748,0.7138825058937073,0.9365853667259216,-0.12677412730193366,-0.29289751121444163,0.029385330690826043,-0.9472465006254318,-0.9567333230166177,-2.8433538908531206,0.0,-0.6546663641929626,-3.003506660461426,0.0045289997942745686,5.179195964025417,-1.0848153597960504,-0.10444214693420462,5.1398230086452195,-1.913549360696251,-0.10444026257991594,3.577247049691673,-1.9844902183443776,0.528618366971999,6.2181375844890505,-2.969767424462004,0.5342231618746478,0.0,0.0,0.0,0.039372955380197465,0.8287340009002007,-1.884354288676724e-06,0.0,0.0,0.0
14.8667,-5.210923339406234,0.5902304557649714,1.0,-5.331578731536865,0.6541460752487183,0.9361366629600525,-0.12330015223999896,-0.2830175102067906,0.03254124456047328,-0.9505994931587161,-0.885345683647457,-2.8663850091093517,0.0,-0.5339264273643494,-3.0546998977661133,0.022471806034445763,4.906031895354814,-0.7491034409220829,-0.2077259892692359,4.879842782133691,-1.6063288968779599,-0.20767959825006474,7.2420203638027685,-3.0705868893719255,1.0762153069496483,6.52040649501195,-2.999531173236302,0.6942291493897409,0.0,0.0,0.0,0.02618911322112291,0.8572254559558768,-4.639101917118397e-05,0.0,0.0,0.0
14.8833,-5.225089145186711,0.5422469760951144,1.0,-5.33699893951416,0.6238980889320374,0.9360051155090332,-0.11446862784604134,-0.27150896550939074,0.033722831458476175,-0.9550092757715624,-0.8133704641426716,-2.8876337177800675,0.0,-0.4671075940132141,-3.077638626098633,0.02617626078426838,4.926981835158365,-0.7210398233341686,-0.22716023294383147,4.90693749268888,-1.5911879839150487,-0.22709728621354652,4.006153780179253,-1.3753019712108867,0.22210228247351946,5.778153139211674,-2.520029025866684,0.5548486689532885,0.0,0.0,0.0,0.02004434246948488,0.87014816058088,-6.294673028494831e-05,0.0,0.0,0.0
14.9,-5.238039333605929,0.4939671460697432,1.0,-5.345929145812988,0.5626267790794373,0.9360605478286743,-0.10471395576079354,-0.26547606034518534,0.03270173975960276,-0.9578560003605336,-0.7409507191046147,-2.9070590004088936,0.0,-0.3467558026313782,-3.1254732608795166,0.04833465442061424,4.650225192077253,-0.37814067608973084,-0.3582570835831552,4.639179182049555,-1.275547843953969,-0.35804246111041194,7.22328429969664,-2.870943277431172,1.3299043996122146,6.204782271245003,-2.6236253267815726,0.7836592867642764,0.0,0.0,0.0,0.011046010027697076,0.897407167864238,-0.0002146224727432774,0.0,0.0,0.0
14.9167,-5.2497776275896175,0.4453843317304757,1.0,-5.352511882781982,0.5005340576171875,0.9364436268806458,-0.09349043966316074,-0.260647527718959,0.030487175751446348,-0.9604128810722956,-0.6680764975957135,-2.9246664413844266,0.0,-0.23060043156147003,-3.1578609943389893,0.05748852714896202,4.392883025279477,-0.11351674117546565,-0.412978262480309,4.3879978720560056,-1.0296190471810787,-0.4126746495083972,6.9729198571612585,-1.9442671284833044,0.5495158797177575,6.431550526281213,-2.423066369639958,0.7145358734361323,0.0,0.0,0.0,0.004885153223471421,0.9161023060056129,-0.00030361297191180454,0.0,0.0,0.0
14.9333,-5.260300374808118,0.39651285039346884,1.0,-5.35499906539917,0.46921199560165405,0.9366781115531921,-0.09349043966316074,-0.260647527718959,0.030487175751446348,-0.9604128810722956,-0.5947692755902032,-2.9404505622121766,0.0,-0.1782337874174118,-3.1718087196350098,0.05846214294433594,4.503602912330705,-0.10353283856846307,-0.4178819851498622,4.500684557934537,-1.0277455467915826,-0.41756800122098,3.1424961370074684,-0.8369960225484305,0.058426197170000284,5.460561554708992,-1.9548294136972324,0.5208403049244462,0.0,0.0,0.0,0.0029183543961679857,0.9242127082231196,-0.0003139839288822259,0.0,0.0,0.0
14.95,-5.269596735795957,0.34740278977277717,1.0,-5.358320236206055,0.4062124490737915,0.9370965361595154,-0.08710879566930799,-0.25354180086768907,0.028156707909884972,-0.9629828273070958,-0.5211041846591657,-2.9543951036939364,0.0,-0.0667257010936737,-3.1892285346984863,0.051907118409872055,4.26906403836237,0.09628403129090637,-0.3785478707246318,4.268655018639776,-0.8381082470374474,-0.3783003498685286,6.692693576314358,-1.045533900002862,-0.3934312931083827,5.824309447842486,-1.6863887583597303,0.2509306185395971,0.0,0.0,0.0,0.00040901972259449823,0.9343922783283537,-0.00024752085610316713,0.0,0.0,0.0
14.9666,-5.277666599367004,0.2980517098561063,1.0,-5.359197616577148,0.3746200501918793,0.9372072815895081,-0.0799379097902402,-0.24655366372376455,0.02521342489097516,-0.9654975611703468,-0.44707756478415944,-2.9664998990505067,0.0,-0.015760572627186775,-3.193519353866577,0.041670218110084534,4.390986787786096,0.07037039671233661,-0.31558683798120113,4.390963968505758,-0.8665378539497375,-0.3154273200510293,3.057516980683411,-0.25741625425522785,-0.6141355361587093,5.007501741347316,-1.264529957030577,-0.004452721617911881,0.0,0.0,0.0,2.281928033745003e-05,0.9369082506620741,-0.00015951793017181996,0.0,0.0,0.0
14.9833,-5.2844998324310435,0.24851642819169745,1.0,-5.35943078994751,0.31119468808174133,0.9370912909507751,-0.06781433720594517,-0.23898011739073582,0.02077574106441464,-0.9684307710924625,-0.3727746422875462,-2.976749748646566,0.0,0.08751270920038223,-3.2108919620513916,0.015659846365451813,4.200788241665923,0.29296685845125653,-0.15684721939588597,4.2014918001690065,-0.6541625995840417,-0.15682469086081097,6.194984898135038,-1.042118962829479,-1.5602666759628723,5.358068473514749,-1.1988701664141728,-0.46375743740909603,0.0,0.0,0.0,-0.0007035585030834624,0.9471294580352981,-2.2528535075013728e-05,0.0,0.0,0.0
15.0,-5.290095095830473,0.19880017492824,1.0,-5.357589244842529,0.24734045565128326,0.9364472031593323,-0.05798033421508771,-0.23303908181957203,0.01679526625050026,-0.9705921036309496,-0.29820026239236,-2.9851426437457103,0.0,0.1923428177833557,-3.226492166519165,-0.005834383890032768,3.9957847791184093,0.517952667225814,-0.022541640973955723,3.9991834562293302,-0.438402455670182,-0.022544768118538956,6.285856034396489,-0.9354243806201661,-1.2888438138858311,5.6319683191712935,-1.1210961553040548,-0.7073380163031706,0.0,0.0,0.0,-0.00339867711092101,0.956355122895996,3.1271445832336953e-06,0.0,0.0,0.0
15.0166,-5.294438496454904,0.14904725377778633,1.0,-5.353770732879639,0.1833449751138687,0.9354612827301025,-0.05374533458301606,-0.23070751815994936,0.015560237148585529,-0.9714130820930934,-0.2235708806666795,-2.9916577446823567,0.0,0.2901177406311035,-3.2268002033233643,-0.02055673860013485,3.826862429575323,0.663296137101718,0.07287106987244785,3.834594691050324,-0.2932416030907552,0.07283224890220899,5.872801804382071,-0.018502076471430616,-0.8842908671058285,5.70306676585177,-0.7955902305134006,-0.7595777321248312,0.0,0.0,0.0,-0.007732261475001269,0.9565377401924732,3.882097023884999e-05,0.0,0.0,0.0
15.0333,-5.2975423340209815,0.09911924028163979,1.0,-5.351158618927002,0.15135732293128967,0.9348672032356262,-0.05374533458301606,-0.23070751815994936,0.015560237148585529,-0.9714130820930934,-0.1486788604224597,-2.996313501031472,0.0,0.3321550786495209,-3.223156452178955,-0.027195530012249947,4.003288284985073,0.6352644080588893,0.11784599024271303,4.013423658375989,-0.3191142783395813,0.11777804594518318,2.5214491541178656,0.21855649463011426,-0.39820254515423226,4.763795094690466,-0.49619558113276974,-0.6528931718777805,0.0,0.0,0.0,-0.010135373390915895,0.9543786863984706,6.794429752985497e-05,0.0,0.0,0.0
15.05,-5.299396418676071,0.04913207694874213,1.0,-5.3446245193481445,0.08752503246068954,0.9334909915924072,-0.045515372157854436,-0.22867758895840704,0.014739385126987348,-0.9723259828318394,-0.07369811542311319,-2.9990946280141078,0.0,0.42951467633247375,-3.2155234813690186,-0.03570389002561569,3.8320001596921993,0.7538363355191999,0.1779954102163538,3.848947984838927,-0.19602744816257112,0.1778783015511964,5.838324230813222,0.45772332151435435,-0.5102174373427313,5.081015735434752,-0.2145812857701574,-0.6107726872800512,0.0,0.0,0.0,-0.01694782514672772,0.949863783681771,0.00011710866515737439,0.0,0.0,0.0
15.0667,-5.2999998238817945,-0.0008393287728440465,1.0,-5.340636730194092,0.05567929893732071,0.932748019695282,-0.03545829116618488,-0.2220437382230651,0.013221550671564566,-0.9743021221179696,0.0012589931592660699,-2.9999997358226924,0.0,0.4734800457954407,-3.2100064754486084,-0.04008832201361656,3.997029216659272,0.7361694639008228,0.2102574377121721,4.01762419409195,-0.21043767521901136,0.2101098012209552,2.639283874107258,0.3311912293005482,-0.26320171499520534,4.360171861092794,-0.053459263936427595,-0.5081633835154697,0.0,0.0,0.0,-0.020594977432678113,0.9466071391198342,0.00014763649121688646,0.0,0.0,0.0
15.0833,-5.299353967561302,-0.0508302311314711,1.0,-5.33134651184082,-0.007826787419617176,0.9311578869819641,-0.029754452790084325,-0.21261824882975558,0.011735242058827854,-0.9766117272695181,0.07624534669720665,-2.9990309513419535,0.0,0.5643556714057922,-3.197361707687378,-0.04753855615854263,3.8575518287854695,0.8454522603795352,0.26520433953991984,3.8868111162696284,-0.09371187056209684,0.26499672874423863,5.452308748641071,0.7586542312753906,-0.4469952920266636,4.682590631884464,0.18629148329574746,-0.49010544490507596,0.0,0.0,0.0,-0.02925928748415881,0.9391641309416321,0.00020761079568122802,0.0,0.0,0.0
15.1,-5.29745894142927,-0.10078579912000248,1.0,-5.320084571838379,-0.07114659249782562,0.9294174313545227,-0.02444657351903148,-0.2077403306337866,0.009686863074349891,-0.9778305719816046,0.15117869868000372,-2.996188412143906,0.0,0.6697121858596802,-3.19108247756958,-0.05338582396507263,3.624291488374772,1.0035594479757426,0.31134246971485824,3.6654950123469705,0.06808050345694805,0.3110806454705788,6.322753612820146,0.3768350264701674,-0.35091170052940335,5.166796722018846,0.24254341991012204,-0.44901290744464656,0.0,0.0,0.0,-0.041203523972198286,0.9354789445187945,0.00026182424427947725,0.0,0.0,0.0
15.1167,-5.294314149567166,-0.1507019337506715,1.0,-5.3136677742004395,-0.10277621448040009,0.9285121560096741,-0.02444657351903148,-0.2077403306337866,0.009686863074349891,-0.9778305719816046,0.22605290062600725,-2.991471224350749,0.0,0.7202897071838379,-3.1885087490081787,-0.05626010522246361,3.746958441610731,1.0364998847328026,0.3354983461334905,3.794620454105059,0.10252932989497976,0.33520756981163535,3.0335259041054754,0.15436644692625587,-0.17239292123664754,4.537016185605122,0.2165119658261836,-0.36734963158020106,0.0,0.0,0.0,-0.04766201249432806,0.9339705548378229,0.00029077632185517394,0.0,0.0,0.0
15.1333,-5.289923234067109,-0.2005131479975774,1.0,-5.2994585037231445,-0.16579341888427734,0.9266592264175415,-0.018354573204857717,-0.20713717762145933,0.007381008992318889,-0.9781119443422633,0.3007697219963661,-2.9848848511006634,0.0,0.8066637516021729,-3.170513391494751,-0.0598965622484684,3.6182027100314,1.1455724258926545,0.3690267411159448,3.6779809387266784,0.22211443800849973,0.36869716043080236,5.18178047315273,1.0795834882856081,-0.2181595424378522,4.727362388001182,0.4713064540897826,-0.32330599043594976,0.0,0.0,0.0,-0.05977822869527821,0.9234579878841548,0.0003295806851424298,0.0,0.0,0.0
15.15,-5.284290456975462,-0.2501826979551378,1.0,-5.2834649085998535,-0.2283409833908081,0.9247657060623169,-0.013850255210801448,-0.20634481686945452,0.005671785697808072,-0.9783649097270257,0.3752740469327067,-2.9764356854631933,0.0,0.9076281785964966,-3.1459007263183594,-0.05675221234560013,3.3949505038791226,1.224374064728992,0.3621353333910088,3.470629245131292,0.31519801663340363,0.3618394479810599,6.059605065464692,1.4771839450525863,0.1887151659869786,5.120664776521596,0.76825987439892,-0.1721479865672153,0.0,0.0,0.0,-0.07567874125216925,0.9091760480955884,0.00029588540994889874,0.0,0.0,0.0
15.1666,-5.2774184189577475,-0.2996938377188309,1.0,-5.265484809875488,-0.2903481423854828,0.9228805303573608,-0.007608654657838252,-0.2017623059346984,0.0030196952552600693,-0.9794003313543929,0.4495407565782463,-2.9661276284366216,0.0,1.001777172088623,-3.121959924697876,-0.06443917751312256,3.204455563954573,1.316302031999394,0.42025306108258975,3.2966490465192155,0.4209112761983165,0.419871593237868,5.650238234915366,1.4367783199072814,-0.46132393867418336,5.277004540745214,0.9656187383928221,-0.2575180130573407,0.0,0.0,0.0,-0.09219348256464245,0.8953907558010776,0.00038146784472175454,0.0,0.0,0.0
15.1833,-5.26930670383747,-0.34904312945651655,1.0,-5.25581693649292,-0.3211725354194641,0.9218397736549377,-0.0023928451773574558,-0.19822187582937417,0.0003118023852836443,-0.9801542120337072,0.5235646941847748,-2.9539600557562053,0.0,1.0420671701431274,-3.1112916469573975,-0.07132168114185333,3.3806021798825645,1.343244618689389,0.46935768926671473,3.4803605594965754,0.45396281790777326,0.4688903835418587,2.4169527160387885,0.6399782602477188,-0.41287383077319145,4.432664967349423,0.8694837173340129,-0.3033818899709068,0.0,0.0,0.0,-0.09975837961401106,0.8892818007816157,0.0004673057248560314,0.0,0.0,0.0
15.2,-5.259967022096439,-0.3981573461515153,1.0,-5.2353010177612305,-0.3824045658111572,0.9198551177978516,0.0011175026148421432,-0.194984955716889,-0.0022186522524619136,-0.9808031470602295,0.597236019227273,-2.9399505331446583,0.0,1.1197868585586548,-3.0800185203552246,-0.05087820813059807,3.2790054369744137,1.4104965084599863,0.35929158579422393,3.3941991272845278,0.5390020811174813,0.35905378047007486,4.663252460517281,1.8764162279697871,1.2266270975194553,4.50073860990719,1.1667485987337867,0.1483047279532079,0.0,0.0,0.0,-0.11519369031011405,0.871494427342505,0.00023780532414905783,0.0,0.0,0.0
15.2167,-5.249397201703686,-0.44704647408277226,1.0,-5.2244954109191895,-0.41277915239334106,0.919051468372345,0.0011175026148421432,-0.194984955716889,-0.0022186522524619136,-0.9808031470602295,0.6705697111241584,-2.924095802555529,0.0,1.1487239599227905,-3.0640830993652344,-0.04257289320230484,3.5200087741639345,1.4268688714221363,0.31617719014799606,3.6412329716537184,0.5643690033910709,0.31601068629448426,1.7356070356070357,0.9557843557843558,0.4981412215787216,3.6844212293410266,1.1044680983054518,0.25158285502573585,0.0,0.0,0.0,-0.12122419748978402,0.8624998680310654,0.0001665038535118179,0.0,0.0,0.0
15.2333,-5.237611111114926,-0.49564420917022767,1.0,-5.201847553253174,-0.47319141030311584,0.9175565838813782,0.007452015895347593,-0.1857014274460763,-0.004185519231919813,-0.9825690578659875,0.7434663137553414,-2.9064166666723894,0.0,1.2179844379425049,-3.0465612411499023,-0.03625861927866936,3.460401795992058,1.595855762232313,0.2885146699920961,3.596684718225033,0.7431920438460545,0.2883938940363354,4.154741132723112,1.0510869565217391,0.3787755202374142,3.8232682611153344,1.0887090095743703,0.2891324545666203,0.0,0.0,0.0,-0.13628292223297497,0.8526637183862585,0.00012077595576065264,0.0,0.0,0.0
15.25,-5.224623034783802,-0.5438990475994511,1.0,-5.177896022796631,-0.5331578254699707,0.9162549376487732,0.012901603407806203,-0.17835179678247381,-0.003903219640593826,-0.9838745143517639,0.8158485713991765,-2.8869345521757026,0.0,1.28313410282135,-3.0282742977142334,-0.023986874148249626,3.418978561902385,1.7699791384296026,0.22418237241124872,3.5702308850613385,0.9275209040171385,0.2241295150751771,3.9111656599776716,1.0978301319669082,0.7367164241190278,3.8492171798086674,1.091401731616425,0.421267423117222,0.0,0.0,0.0,-0.15125232315895348,0.8424582344124641,5.285733607164437e-05,0.0,0.0,0.0
15.2666,-5.210425152372938,-0.5918409728810885,1.0,-5.165492534637451,-0.5629413723945618,0.9157491326332092,0.016282044076183097,-0.17716316082405748,-0.0017794399441298907,-0.984045209088233,0.8877614593216328,-2.865637728559408,0.0,1.307310938835144,-3.014235019683838,-0.013670754618942738,3.6816727650785754,1.8301202131652932,0.16762291935869145,3.8386785841132207,0.9954552548414097,0.16760575044036538,1.450673800463506,0.8423936368058138,0.6189943264320048,3.141123334727566,1.0178899907702355,0.4796400189392614,0.0,0.0,0.0,-0.1570058190346453,0.8346649583238834,1.7168918326076822e-05,0.0,0.0,0.0
15.2833,-5.195032564373298,-0.639415029511165,1.0,-5.13981819152832,-0.6220991611480713,0.9150454998016357,0.020681453295939674,-0.17764930891656244,0.00030868351849386023,-0.9838765374004924,0.9591225442667475,-2.8425488465599464,0.0,1.3629523515701294,-2.9882776737213135,0.007000521756708622,3.689028329481577,1.9775810786066816,0.04994564432992321,3.8596834426304074,1.1572298011833468,0.04995014646766358,3.3380104412500895,1.557219480798112,1.240100367410427,3.199248007187102,1.1771099138486047,0.7041418131605834,0.0,0.0,0.0,-0.1706551131488301,0.8203512774233349,-4.502137740370384e-06,0.0,0.0,0.0
15.3,-5.178458176512422,-0.6865820264860024,1.0,-5.113038539886475,-0.6808738112449646,0.9146974086761475,0.027710520298124357,-0.17524158063332454,0.0010352951868216882,-0.9841348975818642,1.0298730397290037,-2.817687264768633,0.0,1.4162009954452515,-2.977297067642212,0.01635434664785862,3.7046304835643094,2.224935810297441,-0.0015935950922175701,3.888880590737054,1.4106023164074757,-0.001569024005977868,3.1951045049427047,0.6588746942103832,0.5612621444078053,3.198024769591483,1.02411740494086,0.6619611234543625,0.0,0.0,0.0,-0.18425010717274448,0.8143334938899653,-2.457108623970207e-05,0.0,0.0,0.0
15.3167,-5.160700838089362,-0.7333432969173063,1.0,-5.099245548248291,-0.7101991772651672,0.9145774245262146,0.027710520298124357,-0.17524158063332454,0.0010352951868216882,-0.9841348975818642,1.1000149453759593,-2.7910512571340433,0.0,1.441352367401123,-2.9734160900115967,0.0177813358604908,3.953416729419028,2.3791134317548894,-0.006707011904311444,4.1442694213912725,1.5669015603748684,-0.006677965877840286,1.508457974661824,0.23276231875768583,0.08558393002688248,2.6992337705853604,0.7904949194668157,0.4918040411911502,0.0,0.0,0.0,-0.1908526919722446,0.812211871380021,-2.904602647115786e-05,0.0,0.0,0.0
15.3333,-5.141782168842663,-0.7796399441621864,1.0,-5.070932388305664,-0.7684138417243958,0.9145201444625854,0.03242242732616497,-0.17283687638646728,0.0003757391544746595,-0.9844166492641595,1.1694599162432797,-2.762673253263994,0.0,1.490435242652893,-2.944408893585205,0.030779249966144562,3.984868626764335,2.5389086557009333,-0.08155783294016372,4.188940984023174,1.7424665714639072,-0.0814708019301075,2.944006692598101,1.7398609998855965,0.7796190814123098,2.7714952110130326,1.0707651384931816,0.5767723016184488,0.0,0.0,0.0,-0.20407235725883896,0.7964420842370262,-8.70310100562166e-05,0.0,0.0,0.0
15.35,-5.121742193924584,-0.8253819593829538,1.0,-5.041556358337402,-0.8259246945381165,0.9147146940231323,0.035217116362293514,-0.17496234722522772,-0.0008785089103610123,-0.983944731001383,1.2380729390744307,-2.732613290886876,0.0,1.5395698547363281,-2.9039323329925537,0.03663923963904381,4.008634182834599,2.6381818224212883,-0.11485137867434558,4.226383477183298,1.863486483317407,-0.11472805374844765,2.9519222505514655,2.4317615378004414,0.3520580130776062,2.824760570849155,1.4725561512494818,0.5104325364143727,0.0,0.0,0.0,-0.2177492943486994,0.7746953391038812,-0.00012332492589793272,0.0,0.0,0.0
15.3667,-5.100510968776581,-0.8707239811301957,1.0,-5.026538848876953,-0.854304313659668,0.914851725101471,0.044058545265651214,-0.18047527091428608,-0.0035916279895528043,-0.9825857058711492,1.3060859716952935,-2.7007664531648716,0.0,1.5583363771438599,-2.8775973320007324,0.03968636691570282,4.2861767761203895,2.6881862910335417,-0.13097659899993686,4.509266916136825,1.927478257281555,-0.130831908290821,1.1242394378267204,1.577641614534236,0.18254317886422716,2.322735651019574,1.5035793007160325,0.4136336050511875,0.0,0.0,0.0,-0.22309014001643557,0.7607080337519866,-0.0001446907091158411,0.0,0.0,0.0
15.3833,-5.078201189228698,-0.9154236891328762,1.0,-4.995944499969482,-0.9102793335914612,0.9151830077171326,0.05325667348466872,-0.18347458816829107,-0.005561993157437071,-0.9815650777876095,1.3731355336993143,-2.667301783843047,0.0,1.5949780941009521,-2.825946092605591,0.04783301800489426,4.375634287633682,2.7359321113381037,-0.17868823619885232,4.609338964718489,2.0022875462291005,-0.17847804548494653,2.2004882448956216,3.1018727986025603,0.48924044629306146,2.2866459823486105,1.9754247541827015,0.43595412649366866,0.0,0.0,0.0,-0.2337046770848071,0.7336445651090032,-0.00021019071390580735,0.0,0.0,0.0
15.4,-5.05475067669634,-0.9596093281298059,1.0,-4.980355739593506,-0.9378771185874939,0.9154563546180725,0.05325667348466872,-0.18347458816829107,-0.005561993157437071,-0.9815650777876095,1.439413992194709,-2.63212601504451,0.0,1.6067911386489868,-2.797098159790039,0.05292130261659622,4.687731414614843,2.7900151812054363,-0.20776530982850316,4.924910731797908,2.071272602328094,-0.20750802213750727,0.7084691718142302,1.730110386639213,0.30516204100892247,1.82073934267207,1.9030034691380542,0.39734191229958776,0.0,0.0,0.0,-0.23717931718306473,0.7187425788773423,-0.00025728769099588495,0.0,0.0,0.0
15.4167,-5.030211047648976,-1.003179809701846,1.0,-4.9485087394714355,-0.992297887802124,0.9159963130950928,0.06428720443132618,-0.18364793288786033,-0.00603403786075909,-0.9808691490249976,1.504769714552769,-2.5953165714734645,0.0,1.6669790744781494,-2.750636100769043,0.050937261432409286,4.625625058592194,2.884203098363599,-0.19576001387262976,4.880905918957713,2.1891399940102185,-0.19552165619650455,3.61034995638059,2.78700856656608,-0.11901193991962587,2.34906510553769,2.1639779313468637,0.24490481744072248,0.0,0.0,0.0,-0.25528086036551884,0.6950631043533805,-0.00023835767612519435,0.0,0.0,0.0
15.4333,-5.004604750441953,-1.0460987739074783,1.0,-4.915538311004639,-1.0454920530319214,0.9166507124900818,0.07269771868715243,-0.19803821040027583,-0.0015646174572698298,-0.977493523634063,1.5691481608612174,-2.5569071256629288,0.0,1.715154767036438,-2.686764717102051,0.055328696966171265,4.6269230600651525,2.8793650388662826,-0.22260370815739405,4.89717236643818,2.2162067054730272,-0.22232247997288815,2.891992271361099,3.8342063832832403,0.2636183716187205,2.5093471282676028,2.6570598980438236,0.25042940067200425,0.0,0.0,0.0,-0.2702493063730275,0.6631583333932553,-0.00028122818450591577,0.0,0.0,0.0
15.45,-4.977942220685844,-1.0883519210438581,1.0,-4.881557941436768,-1.097547173500061,0.917264461517334,0.07269771868715243,-0.19803821040027583,-0.0015646174572698298,-0.977493523634063,1.632527881565787,-2.516913331028767,0.0,1.7615625858306885,-2.643542528152466,0.05017754063010216,4.630569510223415,3.0042272475963436,-0.19200995480456184,4.91564121562037,2.362233850179563,-0.19177865423560728,2.786783970678769,2.595487279339127,-0.3093263221756124,2.591251555013354,2.638882535605532,0.08517928032374013,0.0,0.0,0.0,-0.28507170539695575,0.6419933974167805,-0.00023130056895457945,0.0,0.0,0.0
15.4667,-4.950167905564726,-1.130020302226525,1.0,-4.864178657531738,-1.1233367919921875,0.9175193905830383,0.0872110702655758,-0.20638016753864305,0.0008650640656861743,-0.9745772145982002,1.6950304533397875,-2.4752518583470886,0.0,1.786734700202942,-2.6402244567871094,0.04395127668976784,4.842599527248281,3.248536111974385,-0.1531728278980472,5.1358765929094155,2.608153313234736,-0.15299536770552546,1.5076755012280803,0.1987347917975667,-0.37292002841720456,2.2713600988195966,1.9185063217091272,-0.05006000854996368,0.0,0.0,0.0,-0.29327706566113404,0.6403827987396488,-0.00017746019252174732,0.0,0.0,0.0
15.4833,-4.9214214679191715,-1.1708938565774603,1.0,-4.828597545623779,-1.1747629642486572,0.9178904891014099,0.08766797898192634,-0.20714564386965398,0.0033475134429778422,-0.9743684191106773,1.7563407848661905,-2.432132201878758,0.0,1.848259687423706,-2.6185905933380127,0.04208243265748024,4.740912624802151,3.5222439023073333,-0.14107995878298196,5.05473502585751,2.892312635212383,-0.14091726924240358,3.693774870458905,1.2988319830523032,-0.1121997652514958,2.6912829376657363,1.7355671308084422,-0.06840480049081442,0.0,0.0,0.0,-0.3138224010553589,0.6299312670949502,-0.0001626895405783822,0.0,0.0,0.0
15.5,-4.891655926213426,-1.211045586487015,1.0,-4.810268402099609,-1.2002357244491577,0.9181306958198547,0.08527664582275918,-0.20969032833712803,0.0027108431493722334,-0.9740383249931399,1.8165683797305228,-2.3874838893201398,0.0,1.8842425346374512,-2.5946879386901855,0.050615131855010986,4.875234815675844,3.663484314377801,-0.19074950162171034,5.2013954665176,3.045000662519401,-0.19051414918256496,2.1599925578200136,1.434837989466453,0.5122042359600412,2.5344363068483835,1.6467863916921355,0.10300159918062413,0.0,0.0,0.0,-0.326160650841756,0.6184836518583999,-0.00023535243914538694,0.0,0.0,0.0
15.5167,-4.8608672682003995,-1.250477257314431,1.0,-4.772915363311768,-1.2503381967544556,0.9186674356460571,0.09236413889369208,-0.2213806471237993,-0.0032579935367405702,-0.9707980752796224,1.8757158859716463,-2.3413009023005995,0.0,1.9114934206008911,-2.5439581871032715,0.040984973311424255,4.96305124078663,3.7782766743931333,-0.13293922747878695,5.298714319431076,3.183741031116359,-0.13278491278842347,1.6338860696161819,3.041612465156172,-0.5773970766921592,2.268577416964748,2.0585645425831034,-0.09786452595836916,0.0,0.0,0.0,-0.3356630786444455,0.5945356432767742,-0.0001543146903634655,0.0,0.0,0.0
15.5333,-4.829137013798828,-1.2890849440709493,1.0,-4.735349178314209,-1.2993087768554688,0.9188030362129211,0.10763903660950273,-0.2262175300943868,-0.013169878635290067,-0.9680217359276643,1.933627416106424,-2.293705520698242,0.0,1.9079055786132812,-2.4831013679504395,0.01778113655745983,5.229912580549576,3.8375601032507767,0.00831068822669978,5.564316773505127,3.2711293077809835,0.00833973360204678,-0.2154032234977527,3.6536600727147808,-1.393088450266239,1.53526093081793,2.5294658975175226,-0.4802383019350979,0.0,0.0,0.0,-0.3344041929555513,0.5664307954697932,-2.9045375346999833e-05,0.0,0.0,0.0
15.55,-4.796437820982462,-1.3269038578334384,1.0,-4.716538906097412,-1.3233150243759155,0.918748140335083,0.10763903660950273,-0.2262175300943868,-0.013169878635290067,-0.9680217359276643,1.9903557867501576,-2.2446567314736923,0.0,1.9071710109710693,-2.4538755416870117,0.01471022330224514,5.569229982114814,3.9724672919389805,0.029719039886415444,5.903376725000936,3.4192916832792712,0.029738918975929538,-0.04407410056505257,1.753551248122452,-0.18425497103211502,1.0690123631774415,2.300401711196694,-0.3928586128021773,0.0,0.0,0.0,-0.334146742886122,0.5531756086597094,-1.9879089514096013e-05,0.0,0.0,0.0
15.5666,-4.7628098797429415,-1.363886819250938,1.0,-4.678717613220215,-1.3703185319900513,0.9185798168182373,0.11331866688948986,-0.2224437803040623,-0.017100240846324975,-0.9681866143990389,2.0458302288764068,-2.1942148196144124,0.0,1.9312269687652588,-2.3772730827331543,0.014211440458893776,5.6597102068709075,3.9489255618516044,0.03626642626848253,6.002339581506458,3.429747772983264,0.03628498012348288,1.4438545527396573,4.597730427440935,-0.029937277299981396,1.179672628733361,2.978615137774259,-0.285717601248791,0.0,0.0,0.0,-0.3426293746355502,0.5191777888683403,-1.855385500034594e-05,0.0,0.0,0.0
15.5833,-4.72825418314339,-1.40003213832162,1.0,-4.640329360961914,-1.4155644178390503,0.918573260307312,0.1207628698127947,-0.22544308175299912,-0.0183643091268637,-0.9665684282973117,2.10004820748243,-2.1423812747150848,0.0,1.9503988027572632,-2.287130832672119,0.02322971075773239,5.77160829408894,3.8461620519017816,-0.015095686147149068,6.121074191751622,3.3656105092180124,-0.015046113105916966,1.1500972567865213,5.4075345404616835,0.5409961267127206,1.1709414383692913,3.6956765401453056,-0.04165659845241099,0.0,0.0,0.0,-0.34946589766268127,0.48055154268376915,-4.957304123210249e-05,0.0,0.0,0.0
15.6,-4.692806133794312,-1.4353017361046214,1.0,-4.620952606201172,-1.4375261068344116,0.9186366200447083,0.1266192376336562,-0.23314748351394204,-0.017212393610212474,-0.9640091452151847,2.152952604156932,-2.089209200691468,0.0,1.9632848501205444,-2.2482330799102783,0.028274448588490486,6.011119022899223,3.9446621086594438,-0.04296841376914584,6.36521793229511,3.480317266616195,-0.04289497147298379,0.7730529929199742,2.3335335764857326,0.3026412652864192,1.0534774968463871,3.293547040635814,0.05998642384497897,0.0,0.0,0.0,-0.354098909395887,0.46434484204324905,-7.344229616205588e-05,0.0,0.0,0.0
15.6167,-4.656479519505206,-1.469681364501478,1.0,-4.582035064697266,-1.4802072048187256,0.9188210368156433,0.13360414527531358,-0.24222077803602637,-0.015577559503323386,-0.9608519669400821,2.204522046752217,-2.034719279257809,0.0,1.9703373908996582,-2.174151659011841,0.02309918776154518,6.182289714369086,3.946150119454094,-0.010131963365481611,6.5389371917037975,3.511902317364956,-0.010082945840755943,0.4229955241595287,4.443236904949164,-0.31040049745463383,0.867347694842956,3.6329565020959893,-0.049358565088428334,0.0,0.0,0.0,-0.35664747733471214,0.434247802089138,-4.901752472566784e-05,0.0,0.0,0.0
15.6333,-4.619272852458579,-1.503169697926952,1.0,-4.54286003112793,-1.521260380744934,0.9188525080680847,0.13615840761411174,-0.2462047141598747,-0.014985311988048311,-0.9594892750340278,2.254754546890428,-1.9789092786878686,0.0,1.978242039680481,-2.089740037918091,0.020788835361599922,6.341424821814304,3.888015253985765,0.006281152368515008,6.7009396538207415,3.4868322872434083,0.00632085490725522,0.47367631511272396,5.058262136754579,-0.13844501403691745,0.7511287081979586,4.053732776543317,-0.07565851310011662,0.0,0.0,0.0,-0.3595148320064376,0.40118296674235676,-3.9702538740211514e-05,0.0,0.0,0.0
15.65,-4.5813484667856175,-1.535625640143504,1.0,-4.523149013519287,-1.541174292564392,0.9188810586929321,0.13615840761411174,-0.2462047141598747,-0.014985311988048311,-0.9594892750340278,2.303438460215256,-1.9220227001784265,0.0,1.9985085725784302,-2.0530054569244385,0.02324291504919529,6.5166978492008205,4.019335266525898,-0.00588702917649242,6.883616670348456,3.6321327546798594,-0.005837399762373879,1.218206311444868,2.2080885092722635,0.14751291596205107,0.8890185537110569,3.5088648549880883,-0.009774228213837804,0.0,0.0,0.0,-0.36691882114763574,0.3872025118460385,-4.962941411854014e-05,0.0,0.0,0.0
15.6667,-4.542555296371479,-1.567181015536874,1.0,-4.483096122741699,-1.5796345472335815,0.9192473888397217,0.1382963539200314,-0.2497832292111846,-0.016079359881694094,-0.9582400424441649,2.350771523305311,-1.8638329445572177,0.0,2.039738178253174,-1.9556993246078491,0.05051130801439285,6.458744132166626,3.8903686065070695,-0.16863663196396372,6.840958323484285,3.539000668445852,-0.16840224406376147,2.4731772546551873,5.836954034495581,1.6357073551600354,1.3566911567708613,4.196159332546895,0.47600201057132413,0.0,0.0,0.0,-0.38221419131765927,0.35136793806121736,-0.00023438790020224452,0.0,0.0,0.0
15.6833,-4.502994468843937,-1.5977497638650715,1.0,-4.442196846008301,-1.6163703203201294,0.920026957988739,0.14302011474921572,-0.25795758413809217,-0.018259363474071564,-0.9553375575746137,2.3966246457976075,-1.8044917032659067,0.0,2.066795825958252,-1.8693954944610596,0.062201082706451416,6.474799754119505,3.8285181699421735,-0.2400078179460513,6.867221540184936,3.507477286524028,-0.23965238813787665,1.6237391441202982,5.179123803528251,0.7015075722890705,1.435528603619564,4.486348410563623,0.5425753740797579,0.0,0.0,0.0,-0.39242178606543127,0.32104088341814563,-0.0003554298081746618,0.0,0.0,0.0
15.7,-4.462659802749103,-1.6273359158672236,1.0,-4.421421527862549,-1.63412606716156,0.9205065369606018,0.1449978714206576,-0.26695849144785905,-0.019826846917040224,-0.9525312096665158,2.4410038738008355,-1.7439897041236554,0.0,2.079477071762085,-1.823310136795044,0.07004252821207047,6.671343691143094,3.922548068837064,-0.28680309004731497,7.0685958178867105,3.6171410234966164,-0.28635239624498227,0.760440345986132,2.763542783615698,0.47021811780684825,1.2362302110062662,3.977744700821268,0.5212141895145692,0.0,0.0,0.0,-0.39725212674361665,0.30540704534044777,-0.00045069380233271405,0.0,0.0,0.0
15.7167,-4.421636912069586,-1.6558776034124632,1.0,-4.379286289215088,-1.6683330535888672,0.921630859375,0.1433350096595088,-0.27234085473694275,-0.02095676177876879,-0.9512341404035931,2.4838164051186946,-1.68245536810438,0.0,2.1257457733154297,-1.730432152748108,0.08172252774238586,6.552037885735707,3.827238973608205,-0.3598935181845354,6.967164528258032,3.5521538462885776,-0.35927998007900513,2.7773166368515207,5.5750769230769235,0.7011015205724508,1.6911870912011873,4.449306368151939,0.5743202175426836,0.0,0.0,0.0,-0.415126642522325,0.2750851273196276,-0.0006135381055302486,0.0,0.0,0.0
15.7333,-4.3798823922898755,-1.683405482592443,1.0,-4.336049556732178,-1.700553059577942,0.9230911135673523,0.1438511873815778,-0.27532265470703543,-0.02246738912309627,-0.950262908426508,2.5251082238886644,-1.6198235884348129,0.0,2.1740503311157227,-1.6259241104125977,0.09380241483449936,6.407871962959584,3.6616656342561984,-0.43710975113579364,6.842079289131931,3.4188042305717095,-0.43630142616288276,2.8974472649267073,6.268695030389703,0.7245866106542724,2.0472971419665376,4.986423155213187,0.6186816032908549,0.0,0.0,0.0,-0.4342073261723467,0.24286140368448894,-0.0008083249729109115,0.0,0.0,0.0
15.75,-4.337324197421349,-1.7099586279919623,1.0,-4.314084053039551,-1.7159714698791504,0.9239169359207153,0.1438511873815778,-0.27532265470703543,-0.02246738912309627,-0.950262908426508,2.5649379419879432,-1.5559862961320234,0.0,2.1843457221984863,-1.5814948081970215,0.1003718227148056,6.591896882578717,3.7822850071924057,-0.4781111927567997,7.03022639395016,3.552514914427606,-0.4771856817666905,0.615777315118501,2.6573596098451358,0.3929226499443858,1.624686324404672,4.298841027043322,0.5520334339422438,0.0,0.0,0.0,-0.43832951137144316,0.22977009276479976,-0.0009255109901091522,0.0,0.0,0.0
15.7667,-4.294407004390809,-1.7352679071597266,1.0,-4.269469261169434,-1.7456066608428955,0.925589919090271,0.14589345507302165,-0.28022037138509237,-0.022565928454914737,-0.9485159215557314,2.60290186073959,-1.4916105065862137,0.0,2.2201809883117676,-1.500600814819336,0.09886763244867325,6.499202965749079,3.761922922397742,-0.47497943275279,6.952032471718844,3.5550573046716463,-0.47408145365599025,2.157773088131846,4.87092467375856,-0.09057282469816386,1.782063280577327,4.467730575841562,0.36232432112307283,0.0,0.0,0.0,-0.4528295059697654,0.20686561772609569,-0.0008979790967997463,0.0,0.0,0.0
15.7834,-4.2505234207292375,-1.759688957357291,1.0,-4.246880531311035,-1.759879469871521,0.9263992309570312,0.1460458949557295,-0.285132086085211,-0.022006892656266267,-0.9470406975641531,2.6395334360359364,-1.4257851310938559,0.0,2.2502119541168213,-1.429916262626648,0.09027734398841858,6.546481834040959,3.736977209126923,-0.42501960391940996,7.011644459999921,3.5491410628619167,-0.42427089069286217,1.79359790394008,4.22163128141598,-0.5130545409885087,1.7854685122186762,4.3950775660347805,0.10389648124613166,0.0,0.0,0.0,-0.46516262595896235,0.18783614626500625,-0.0007487132265478193,0.0,0.0,0.0
15.8001,-4.206129127157255,-1.7829554130480185,1.0,-4.201181411743164,-1.787306547164917,0.9279433488845825,0.14402667105370895,-0.28575709223849116,-0.022697848090753835,-0.9471452217484602,2.674433119572028,-1.3591936907358835,0.0,2.271542549133301,-1.3815160989761353,0.09397337585687637,6.521402414619919,3.919350195803673,-0.4525087263275088,6.995425738045033,3.7440146947153883,-0.4516974522195239,1.2767685128366133,2.897050219057269,0.2212304489603699,1.6352909746110216,3.9528325129361175,0.13853561309292767,0.0,0.0,0.0,-0.4740233234251143,0.17533550108828458,-0.0008112741079849485,0.0,0.0,0.0
15.8167,-4.161588558204242,-1.804900317572008,1.0,-4.154346466064453,-1.8131184577941895,0.9295297861099243,0.14441731965584428,-0.2857458074198024,-0.024665684447727494,-0.9470399389208799,2.707350476358012,-1.2923828373063633,0.0,2.323363780975342,-1.3013463020324707,0.09469881653785706,6.296171143421772,3.9080436111715504,-0.4624609834279033,6.792069179325425,3.7524672092657423,-0.4616371354848128,3.131180131381814,4.844077734239945,0.043833104039414546,2.0769047948797805,4.215944392044795,0.11057770149041256,0.0,0.0,0.0,-0.4958980359036529,0.15557640190580815,-0.0008238479430905492,0.0,0.0,0.0
15.8333,-4.116185889879739,-1.8258807718909846,1.0,-4.1305365562438965,-1.8254480361938477,0.9303222894668579,0.14441731965584428,-0.2857458074198024,-0.024665684447727494,-0.9470399389208799,2.738821157836477,-1.224278834819609,0.0,2.354849100112915,-1.2690740823745728,0.09094872325658798,6.302130379602392,4.126978735622232,-0.4415994220910454,6.811559918520325,3.9790229650493916,-0.4408395313163094,1.8883645775242017,1.935559750046473,-0.22491572290621023,2.021244276663017,3.5427331658808026,0.011533910610429368,0.0,0.0,0.0,-0.5094295389179327,0.14795577057284018,-0.0007598907747360483,0.0,0.0,0.0
15.85,-4.070310407060781,-1.8457036264725313,1.0,-4.082010746002197,-1.8488714694976807,0.931865930557251,0.14525047855720766,-0.2885858306598605,-0.025796779421214354,-0.946020701683341,2.768555439708797,-1.1554656105911718,0.0,2.4054229259490967,-1.182132363319397,0.08665554970502853,6.060816552980258,4.080864854735843,-0.42128855737259185,6.592362548033266,3.9524869826136437,-0.42059871364205387,3.0359090323596343,5.219046528602711,-0.25771600520960053,2.3207918581312534,4.037611509458917,-0.06795358576865186,0.0,0.0,0.0,-0.5315459950530085,0.12837787212219917,-0.0006898437305379977,0.0,0.0,0.0
15.8666,-4.023935291528849,-1.8643813165978251,1.0,-4.0323333740234375,-1.870654821395874,0.9332688450813293,0.14540357698442347,-0.2908047990136863,-0.025906698402130748,-0.9453144047959955,2.7965719748967377,-1.0859029372932743,0.0,2.44891357421875,-1.0860130786895752,0.08081873506307602,5.847256534199017,3.979182844738532,-0.39105812699112674,6.398197258353828,3.8708330558743405,-0.39045808442996305,2.6097400460677855,5.767822653332761,-0.3502492953917908,2.406094644475295,4.548401463152515,-0.15129243892356956,0.0,0.0,0.0,-0.5509407241548102,0.10834978886419117,-0.0006000425611637092,0.0,0.0,0.0
15.8835,-3.976689844872306,-1.882044328342639,1.0,-3.9815826416015625,-1.8906930685043335,0.9346064925193787,0.1479000138470647,-0.2892583942633291,-0.027210595454512286,-0.94536493886736,2.8230664925139584,-1.0150347673084588,0.0,2.5095291137695312,-1.005469799041748,0.07417173683643341,5.518783990912083,3.972895568113066,-0.35566519807987673,6.09733603903187,3.880021168504413,-0.3551597985239121,3.604860549860337,4.789981141973996,-0.39530295135196447,2.759992250249666,4.619720199825462,-0.22332880210696304,0.0,0.0,0.0,-0.5785520481197862,0.09287439960865357,-0.0005053995559646038,0.0,0.0,0.0
15.9,-3.929828698437296,-1.8982401878120643,1.0,-3.9557363986968994,-1.9000763893127441,0.9352578520774841,0.15254081387331134,-0.2864886192830266,-0.02906956650178227,-0.9454155572324217,2.8473602817180965,-0.9447430476559444,0.0,2.5311524868011475,-0.9606785178184509,0.07480514794588089,5.534871619593371,4.128306537290268,-0.3605823910500169,6.123436816390959,4.043522495309212,-0.3600683226233912,1.3083148206918438,2.710081215198638,0.03832432344710193,2.3314305399362647,4.055959868040114,-0.14608401706511448,0.0,0.0,0.0,-0.5885651967975877,0.08478404198105637,-0.0005140684266256444,0.0,0.0,0.0
15.9167,-3.882189766982159,-1.9133883754275447,1.0,-3.9032788276672363,-1.9177865982055664,0.9364442825317383,0.15522363990513594,-0.2840324590024936,-0.030398540929027783,-0.9456781320986445,2.870082563141317,-0.8732846504732391,0.0,2.5705435276031494,-0.8839607834815979,0.06282290071249008,5.3039296682071395,4.143717328703474,-0.2925030532230869,5.9109564928486575,4.071933940252899,-0.29214048150143906,2.3640396062271063,4.604188129578755,-0.7191103980654762,2.341057332319186,4.217806871116209,-0.3152518782551972,0.0,0.0,0.0,-0.6070268246415178,0.07178338845057505,-0.0003625717216478301,0.0,0.0,0.0
15.9333,-3.834171957898704,-1.9273454073919043,1.0,-3.87674617767334,-1.9260388612747192,0.9369441270828247,0.15522363990513594,-0.2840324590024936,-0.030398540929027783,-0.9456781320986445,2.8910181110878566,-0.8012579368480559,0.0,2.5991971492767334,-0.8470092415809631,0.05620299652218819,5.2577165408087385,4.357026060123678,-0.25318093027586086,5.878351739546994,4.291118648454621,-0.25289074397884054,1.7191697541018782,2.217031198592416,-0.3971832666971834,2.1574647526476474,3.627141323308235,-0.3394395216283841,0.0,0.0,0.0,-0.6206351987382556,0.06590741166905757,-0.0002901862970203152,0.0,0.0,0.0
15.95,-3.7858403445342064,-1.940092564704809,1.0,-3.8228564262390137,-1.9413981437683105,0.9378520250320435,0.15564825886717107,-0.2812917864210878,-0.031042629067971294,-0.9464063453472157,2.9101388470572136,-0.7287605168013096,0.0,2.6385066509246826,-0.7545681595802307,0.05416422709822655,5.0006639280448235,4.279127573218421,-0.24341665080517372,5.640213694986815,4.226821163747137,-0.24314713573190236,2.3590785520103017,5.54766060952926,-0.12235253612820146,2.2169848312259584,4.194113718989456,-0.2753514756903295,0.0,0.0,0.0,-0.6395497669419917,0.052306409471284315,-0.0002695150732713534,0.0,0.0,0.0
15.9667,-3.7371801445837227,-1.9516335519717207,1.0,-3.7680938243865967,-1.9549835920333862,0.9387118220329285,0.15742410579246544,-0.27475785532685304,-0.03345545185152295,-0.9479486671216233,2.927450327957581,-0.6557702168755841,0.0,2.6873767375946045,-0.671730637550354,0.04954003915190697,4.671830216312904,4.256289617655613,-0.21792695710031806,5.3352907069539475,4.214837352048546,-0.21770149650496476,2.9313274032548695,4.9687634070302895,-0.2773682178302777,2.427871814921526,4.4228044655981185,-0.27594685483114906,0.0,0.0,0.0,-0.6634604906410432,0.04145226560706689,-0.0002254605953533114,0.0,0.0,0.0
15.9833,-3.688240983517605,-1.9619553865257187,1.0,-3.740354061126709,-1.961133599281311,0.939167857170105,0.16144713311830763,-0.26931245615746524,-0.035838898281662514,-0.9487472234603592,2.942933079788578,-0.5823614752764081,0.0,2.6996257305145264,-0.6256171464920044,0.05657285824418068,4.687985569618688,4.4224124097978095,-0.2603754409685314,5.3575079148808005,4.386456089153072,-0.2600814227776311,0.73462500893687,2.7656252234217487,0.4217885357832273,1.9279944093903794,3.933574864129907,-0.06996261462775352,0.0,0.0,0.0,-0.6695223452621129,0.035956320644736785,-0.00029401819090029807,0.0,0.0,0.0
16.0,-3.6390872143762363,-1.9710453726504025,1.0,-3.684201955795288,-1.972337007522583,0.9400418400764465,0.16444376351072007,-0.26575434544919063,-0.037184436420372786,-0.9491839912514777,2.956568058975604,-0.5086308215643548,0.0,2.7422282695770264,-0.5510304570198059,0.05195178464055061,4.369344191582593,4.448317294129014,-0.23502102521065693,5.060164610651933,4.420423398797785,-0.2347730781863988,2.5570692615912995,4.476806668574699,-0.2773638737836291,2.1137088037076452,4.093946821748899,-0.13119125711761365,0.0,0.0,0.0,-0.6908204190693397,0.027893895331229508,-0.00024794702425813146,0.0,0.0,0.0
16.0167,-3.5897209164488935,-1.9789041893361117,1.0,-3.6274337768554688,-1.9821155071258545,0.9408189058303833,0.16666637756694205,-0.2585736182809956,-0.03913743708667062,-0.9506999290987175,2.9683562840041677,-0.43458137467334024,0.0,2.7718265056610107,-0.48714181780815125,0.04162100329995155,4.115028953062034,4.536616401997746,-0.1749494161949917,4.820842590433649,4.514815785090684,-0.17479027484113657,1.7763024224126829,3.8341995879179844,-0.619989376010531,2.0141002729871054,4.017264690778757,-0.27549339584724114,0.0,0.0,0.0,-0.7058136373716155,0.021800616907062573,-0.00015914135385514192,0.0,0.0,0.0
16.0333,-3.5401267650896453,-1.985532456719754,1.0,-3.5987977981567383,-1.9864803552627563,0.941190242767334,0.16666637756694205,-0.2585736182809956,-0.03913743708667062,-0.9506999290987175,2.978298685079631,-0.3601901476344681,0.0,2.7855005264282227,-0.43934449553489685,0.04886528477072716,4.086821834664136,4.699792146016752,-0.21831000811359103,4.79961651238444,4.682059712605226,-0.21809064741193848,0.8198321826264705,2.865710364938462,0.4343342160184113,1.6615305044169817,3.6773048061980376,-0.06593931091428093,0.0,0.0,0.0,-0.7127946777203044,0.017732433411525885,-0.0002193607016525353,0.0,0.0,0.0
16.05,-3.4904670523162764,-1.9909099180982421,1.0,-3.5409934520721436,-1.9938844442367554,0.9421486258506775,0.16735463823730298,-0.2513176563540306,-0.041777473530544514,-0.9524109647077142,2.986364877147363,-0.28570057847441477,0.0,2.8279433250427246,-0.3516194820404053,0.05717100575566292,3.728946034067999,4.642661437508337,-0.27100958245311857,4.463627969642853,4.63130338640919,-0.27070931405758664,2.548830949415117,5.268178271265553,0.49878611671892675,1.9234778134593702,4.146959730356508,0.10077795712072124,0.0,0.0,0.0,-0.7346819355748534,0.011358051099146671,-0.00030026839553194337,0.0,0.0,0.0
16.0666,-3.4406407320599586,-1.9950489178177158,1.0,-3.4823544025421143,-1.999563455581665,0.9432699680328369,0.17018116394912547,-0.24580106588915177,-0.04451314117368963,-0.9532254947020358,2.9925733767265736,-0.21096109808993835,0.0,2.856558322906494,-0.2599521279335022,0.0585833415389061,3.4390292951952666,4.558182233054236,-0.2831996063620613,4.188654446734283,4.551974333057567,-0.28288431923577595,1.7171717171717171,5.500912095458838,0.08475356432597934,1.8625724830651043,4.5466712154678195,0.09604726348106044,0.0,0.0,0.0,-0.7496251515390165,0.006207899996669389,-0.00031528712628538393,0.0,0.0,0.0
16.0833,-3.3906950797405395,-1.9979425423447135,1.0,-3.45279598236084,-2.0017523765563965,0.9438149929046631,0.17551129939037008,-0.23866485369551832,-0.04741444593148257,-0.9539322973515635,2.9969138135170703,-0.13604261961080924,0.0,2.87654972076416,-0.22279956936836243,0.056561343371868134,3.3357177557333504,4.787828434372324,-0.271918516798039,4.095872007195156,4.783268205365885,-0.2716246182842234,1.1985934216733136,2.2274986777591947,-0.12122982689366325,1.6665537282312375,3.8620090935424125,0.03190309510938975,0.0,0.0,0.0,-0.7601542514618062,0.004560229006438855,-0.00029389851381559013,0.0,0.0,0.0
16.1,-3.340767762584103,-1.9995844542138965,1.0,-3.3933210372924805,-2.004899024963379,0.9448652267456055,0.18163434612682822,-0.2292881545477162,-0.049014466741501575,-0.9550044710308321,2.999376681320845,-0.06115164387615453,0.0,2.8996965885162354,-0.13682687282562256,0.05024558678269386,3.052414175410726,4.73264458258378,-0.23743913647653925,3.8248511848049804,4.730924692228491,-0.23720720814522012,1.39018557763904,5.163463328369322,-0.37932016617503866,1.584964798843515,4.246222171059179,-0.08949752777581278,0.0,0.0,0.0,-0.7724370093942542,0.001719890355289031,-0.0002319283313191393,0.0,0.0,0.0
16.1166,-3.2907835412045174,-1.999978764109077,1.0,-3.3334081172943115,-2.00638484954834,0.9457751512527466,0.18434436214429836,-0.22254948986848372,-0.04972480972630419,-0.9560420421474733,2.9999681461636154,0.013824688193223862,0.0,2.9144768714904785,-0.04916950687766075,0.04398803040385246,2.8058835115865586,4.663009892049565,-0.20263636706390342,3.5862150948316343,4.662787791484212,-0.20245860994948206,0.8870335393772893,5.260726313887935,-0.3755450685382326,1.3789227345750505,4.545722336673213,-0.17394399005733036,0.0,0.0,0.0,-0.7803315832450757,0.00022210056535228187,-0.00017775711442136817,0.0,0.0,0.0
16.1333,-3.240694975797745,-1.999120535161492,1.0,-3.303318738937378,-2.0065343379974365,0.9461777806282043,0.18434436214429836,-0.22254948986848372,-0.04972480972630419,-0.9560420421474733,2.9986808027422382,0.08895753630338257,0.0,2.92730712890625,-0.01600196212530136,0.0403381809592247,2.7095203883315144,4.918033094772829,-0.1809527519845494,3.4967375245402277,4.9180095711376834,-0.18080326940683003,0.768277535869798,1.9860770308373188,-0.21855347455207366,1.1986491108186332,3.790068258343406,-0.18711352523229663,0.0,0.0,0.0,-0.7872171362087131,2.352363514550001e-05,-0.00014948257771937602,0.0,0.0,0.0
16.15,-3.190806453088116,-1.9970169677077865,1.0,-3.2429113388061523,-2.005502223968506,0.9470101594924927,0.18675779605715345,-0.2125209212198318,-0.05056445924233823,-0.9578098495614142,2.99552545156168,0.16379032036782537,0.0,2.9381542205810547,0.08612903207540512,0.04295649752020836,2.4615294763016884,4.75500931506029,-0.1990604681491993,3.2545914635389797,4.755690801300896,-0.1988909502014698,0.6516557809098201,6.13567717285436,0.1572994102354761,1.037166682131189,4.482534881893081,-0.08543653165729345,0.0,0.0,0.0,-0.7930619872372913,-0.0006814862406058143,-0.0001695179477295102,0.0,0.0,0.0
16.1667,-3.1409218240159866,-1.9936634956595858,1.0,-3.2126009464263916,-2.004321813583374,0.9474554061889648,0.19111205612398724,-0.20262923960824272,-0.0522689620898158,-0.9590023524931814,2.9904952434893786,0.2386172639760199,0.0,2.951744794845581,0.12169075757265091,0.04211481288075447,2.3366302525000426,4.994098266018951,-0.19448503383917226,3.1370459009074705,4.995458686457585,-0.19432209384014787,0.8154002403158437,2.133613999828346,-0.050498959346569776,0.9716971751598978,3.7890905049868753,-0.07512232173791585,0.0,0.0,0.0,-0.800415648407428,-0.0013604204386345766,-0.00016293999902438445,0.0,0.0,0.0
16.1833,-3.0911366077476132,-1.9890641224899779,1.0,-3.1519153118133545,-2.000657320022583,0.9482634663581848,0.19542878174688502,-0.194569831690729,-0.05364686900818247,-0.9597251287982949,2.9835961837349667,0.31329508837858017,0.0,2.9522876739501953,0.20987603068351746,0.032253529876470566,2.126472536601415,4.9075725577316485,-0.1376334819012618,2.927182633831207,4.911619095911385,-0.1375379139091871,0.03258023437164647,5.292332752650632,-0.5918129998998412,0.6944526894816342,4.23287509208373,-0.2276588537714229,0.0,0.0,0.0,-0.8007100972297917,-0.00404653817973573,-9.556799207469993e-05,0.0,0.0,0.0
16.2,-3.041484753604692,-1.983222092298584,1.0,-3.091230630874634,-1.9953563213348389,0.9489208459854126,0.19843415896861152,-0.18714008904657142,-0.0542540365078304,-0.9605514599101994,2.9748331384478757,0.38777286959296153,0.0,2.9472765922546387,0.29875296354293823,0.027712427079677582,1.9379089159516933,4.81094044258348,-0.11197139433407755,2.735903140678721,4.819139848795813,-0.11190084269867868,-0.30071250751137435,5.333460311328583,-0.2725093087389476,0.4006617341468774,4.557787964807041,-0.24089952783430427,0.0,0.0,0.0,-0.7979942247270277,-0.008199406212333222,-7.055163539885363e-05,0.0,0.0,0.0
16.2166,-2.9919923148671,-1.9761404975100005,1.0,-3.030571460723877,-1.9881829023361206,0.9496482014656067,0.20055023896268814,-0.17611627261971735,-0.05536388946966783,-0.9621317559951154,2.964210746265001,0.46201152769934967,0.0,2.958038091659546,0.39228856563568115,0.04050254449248314,1.6430569901325416,4.678966801736254,-0.19067026844156543,2.446889345242861,4.693104192350113,-0.19051956520689317,0.6456074605944446,5.611419029092885,0.7673089885430672,0.4729741896021523,4.868839112779501,0.056742053782648794,0.0,0.0,0.0,-0.8038323551103196,-0.014137390613858212,-0.00015070323467225095,0.0,0.0,0.0
16.2333,-2.942681797793432,-1.9678220708112475,1.0,-3.0002317428588867,-1.9838910102844238,0.9501459002494812,0.20055023896268814,-0.17611627261971735,-0.05536388946966783,-0.9621317559951154,2.9517331062168712,0.5359773033098518,0.0,2.952359199523926,0.44260990619659424,0.04548250138759613,1.5871290138424556,4.8225174444304875,-0.22137667821913054,2.3878779094206344,4.840514448633774,-0.2211866375104007,-0.3407289789145424,3.0192401224501473,0.29879342438417306,0.23275414175504314,4.322803684694811,0.12820004249043584,0.0,0.0,0.0,-0.8007488955781786,-0.01799700420328715,-0.00019004070872982392,0.0,0.0,0.0
16.25,-2.8936170798968686,-1.9582780502902166,1.0,-2.939523935317993,-1.9739630222320557,0.9512748718261719,0.20431489820462445,-0.1639015917198319,-0.05665518461434451,-0.9634219553217308,2.937417075435325,0.6095743801546972,0.0,2.95534610748291,0.5300257205963135,0.051818013191223145,1.315465300097136,4.716472506346898,-0.2634107163415683,2.1178352539297913,4.742280357711714,-0.2631640445585872,0.1792454179960797,5.245854377405463,0.38019633582762224,0.21695738849298157,4.595305120288902,0.20259395415862064,0.0,0.0,0.0,-0.8023699538326552,-0.02580785136481585,-0.00024667178298107994,0.0,0.0,0.0
16.2667,-2.844674557848053,-1.94748010047064,1.0,-2.8789167404174805,-1.962365984916687,0.9524948000907898,0.2065203505909684,-0.15630041549342624,-0.05621196835540404,-0.9642405314135094,2.9212201507059596,0.6829881632279203,0.0,2.9560365676879883,0.61288982629776,0.05321107804775238,1.046268968520288,4.631728415242544,-0.27628159463897417,1.8490138829964762,4.666236653121816,-0.27602148162940005,0.04133245796820141,4.960426597779237,0.08339190905717467,0.16510969900848088,4.703095653970394,0.16740333172324157,0.0,0.0,0.0,-0.8027449144761883,-0.03450823787927155,-0.0002601130095741004,0.0,0.0,0.0
16.2833,-2.7962304768228856,-1.9355144710174355,1.0,-2.8486948013305664,-1.9559029340744019,0.9531611204147339,0.20684917503469435,-0.1487449238166284,-0.0556592124371836,-0.9653964930276178,2.9032717065261533,0.7556542847656715,0.0,2.945356845855713,0.662246584892273,0.05732760950922966,0.9856408152085472,4.772513946542036,-0.30275421736290353,1.7825958109627684,4.812803960076678,-0.30245230171417053,-0.6420698057765355,2.967351107288755,0.24748777144700065,-0.07318444406844171,4.190672138630884,0.19104572207710885,0.0,0.0,0.0,-0.7969549957542212,-0.040290013534642496,-0.00030191564873299114,0.0,0.0,0.0
16.3,-2.748007183323035,-1.9223173334122101,1.0,-2.7885842323303223,-1.9416632652282715,0.9545536637306213,0.20848002099604307,-0.13760201883512876,-0.05642030022759334,-0.9666533120502127,2.883476000118315,0.8279892250154477,0.0,2.9330718517303467,0.7421424388885498,0.05792338028550148,0.7733141242111516,4.692564721648055,-0.31177648713450934,1.563634834321482,4.7431626216912575,-0.31146826362907354,-0.7370054638555941,4.793138713276311,0.03574167906284864,-0.2691565421320058,4.368531283079625,0.145197130001767,0.0,0.0,0.0,-0.7903207101103304,-0.05059790004320234,-0.00030822350543579846,0.0,0.0,0.0
16.3167,-2.7000797099007015,-1.9079034686081928,1.0,-2.758610963821411,-1.9339654445648193,0.9552331566810608,0.20848002099604307,-0.13760201883512876,-0.05642030022759334,-0.9666533120502127,2.861855202912289,0.8998804351489479,0.0,2.9255318641662598,0.7854801416397095,0.05552250146865845,0.6717399306755993,4.865469573002756,-0.2992750220829953,1.4580025411030269,4.922149381996786,-0.2989918202845055,-0.4519665008860687,2.5977748242154006,-0.14391493204424627,-0.323125383274509,3.8457716113318132,0.059845965025389275,0.0,0.0,0.0,-0.7862626104274274,-0.056679808994029725,-0.00028320179848977556,0.0,0.0,0.0
16.3333,-2.6525982880306715,-1.8923189539132093,1.0,-2.6990206241607666,-1.9172013998031616,0.9566419720649719,0.20998800625980452,-0.1264144829752341,-0.05707850756078794,-0.9678153428105064,2.838478430869814,0.9711025679539926,0.0,2.9123547077178955,0.8705888986587524,0.05652109161019325,0.44393808740691454,4.741601690763062,-0.31086549768055305,1.223133694222565,4.811229736895376,-0.3105720173224196,-0.7906980071245654,5.1069686261606035,0.059920608663929384,-0.4611613679174205,4.218100021701752,0.05986800119178921,0.0,0.0,0.0,-0.7791956068156506,-0.06962804613231403,-0.0002934803581334153,0.0,0.0,0.0
16.35,-2.605541187894025,-1.8755604384525597,1.0,-2.639824151992798,-1.8987408876419067,0.9580367803573608,0.2112023412591004,-0.11640226730380444,-0.05710645092135073,-0.9688049086666937,2.8133406576788396,1.0416882181589624,0.0,2.8826115131378174,0.9685028791427612,0.05360465124249458,0.3055658614453711,4.531800864639043,-0.298944085225188,1.0689272553760198,4.617971598337641,-0.2986801101586017,-1.7870987150285789,5.883091953529016,-0.17523224748234417,-0.8526023076718249,4.709636071951739,-0.00953788927354806,0.0,0.0,0.0,-0.7633613939306488,-0.08617073369859822,-0.00026397506658633454,0.0,0.0,0.0
16.3666,-2.5588687977417295,-1.8576125917529767,1.0,-2.610506772994995,-1.8888150453567505,0.9587386846542358,0.21200657688567315,-0.10747298329472581,-0.056759371623863436,-0.9696809309129927,2.786418887629465,1.1116968033874053,0.0,2.8698995113372803,1.0069847106933594,0.055223651230335236,0.20293007429372167,4.721208801540874,-0.3107922110951483,0.9595736327423695,4.814363274209656,-0.3105120497630897,-0.762709924756101,2.3088790661745775,0.09713870232884159,-0.8260644332225099,4.0008887238882425,0.021954990354297214,0.0,0.0,0.0,-0.7566435584486478,-0.09315447266878135,-0.00028016133205859835,0.0,0.0,0.0
16.3834,-2.5124861190800725,-1.8384291901942904,1.0,-2.5522844791412354,-1.8677922487258911,0.9602028727531433,0.21358084070289599,-0.09801544649147978,-0.05627110038386473,-0.9703657750544462,2.7576437852914357,1.181270821379891,0.0,2.838559865951538,1.0882271528244019,0.055503908544778824,0.055424229781040335,4.5993299998822,-0.3184627364365019,0.7956327411910498,4.708122028362657,-0.3181797242788857,-1.872772086794227,4.854827679550927,0.01674741590562624,-1.135071663809169,4.25298711151249,0.020417619195343125,0.0,0.0,0.0,-0.7402085114100094,-0.10879202848045673,-0.0002830121576162402,0.0,0.0,0.0
16.4,-2.4669642256781534,-1.818255042258924,1.0,-2.4948437213897705,-1.845162034034729,0.9615426659584045,0.21417844086793197,-0.08770512616053255,-0.05562418840607109,-0.9712576445157851,2.727382563388386,1.2495536614827694,0.0,2.811511278152466,1.1661297082901,0.042367953807115555,-0.1254074664351097,4.4843860916294656,-0.24506949213885376,0.6007613888563563,4.609311758846479,-0.24490458747508662,-1.6298179833067563,4.694033817466132,-0.7915095389963941,-1.2811298200758336,4.383192160363569,-0.21927811794271967,0.0,0.0,0.0,-0.726168855291466,-0.12492566721701381,-0.0001649046637671325,0.0,0.0,0.0
16.4167,-2.42172988296779,-1.796842119254841,1.0,-2.4663448333740234,-1.8332898616790771,0.9621577262878418,0.21417844086793197,-0.08770512616053255,-0.05562418840607109,-0.9712576445157851,2.6952631788822616,1.317405175548315,0.0,2.7914342880249023,1.2034698724746704,0.04095323756337166,-0.21501747203066213,4.667586963549486,-0.2383937711468468,0.5008172759459771,4.800641107108746,-0.23823969534384556,-1.2033639143730888,2.238074823515962,-0.08479450684500843,-1.258171903342093,3.749914315035106,-0.17957609791564466,0.0,0.0,0.0,-0.7158347479766393,-0.13305414355925912,-0.0001540758030012303,0.0,0.0,0.0
16.4333,-2.3770886310854413,-1.7743265215648036,1.0,-2.4100401401519775,-1.8083065748214722,0.9633083939552307,0.21433475299234672,-0.07882077069196651,-0.055535089968319046,-0.9719895666870254,2.6614897823472052,1.3843670533718382,0.0,2.7557334899902344,1.2865020036697388,0.03410321846604347,-0.3616638951727378,4.508733236360639,-0.20182394253139135,0.33597773279409404,4.660780599340968,-0.20171709888709632,-2.142049924898076,4.98193262284529,-0.4110015378013018,-1.5191088504308399,4.113628637777853,-0.2478971176601195,0.0,0.0,0.0,-0.6976416279668318,-0.1520473629803291,-0.00010684364429502832,0.0,0.0,0.0
16.45,-2.3330485691535134,-1.7507155481070968,1.0,-2.3545920848846436,-1.7816907167434692,0.9644595980644226,0.21610836613467005,-0.06965055422337534,-0.05587041029507173,-0.9722780197182339,2.626073322160645,1.4504271462697298,0.0,2.7071778774261475,1.375937819480896,0.0344119518995285,-0.4386000132692276,4.300846059973161,-0.20824763390258794,0.23467352131178554,4.474768481898579,-0.20813884700969382,-2.9132145104995137,5.365923785546719,0.018523228743491445,-1.9306743221201046,4.483329054287375,-0.16924496189036384,0.0,0.0,0.0,-0.6732735345810131,-0.17392242192541785,-0.00010878689289412458,0.0,0.0,0.0
16.4667,-2.2895306493921295,-1.7259639890455734,1.0,-2.3272504806518555,-1.7677453756332397,0.9650692343711853,0.21565521375619304,-0.06090380821519738,-0.05575699312572893,-0.9729721361663598,2.58894598356836,1.515704025911806,0.0,2.690009117126465,1.4130579233169556,0.03957073763012886,-0.5747560309967841,4.468823740182404,-0.2410831893551949,0.09000486175041511,4.652256917064142,-0.24093934055285193,-1.0292579040649477,2.2253301698016124,0.3092664173717912,-1.6645597198258688,3.81672651289791,-0.02797965671614329,0.0,0.0,0.0,-0.6647608927471992,-0.1834331768817389,-0.00014384880234296398,0.0,0.0,0.0
16.4835,-2.2462501134169255,-1.6998856363079717,1.0,-2.2733073234558105,-1.738590955734253,0.9664065837860107,0.2142969683426567,-0.05471047634049129,-0.05505297216820285,-0.9736800346339488,2.5498284544619576,1.5806248298746115,0.0,2.635110378265381,1.505112648010254,0.045237526297569275,-0.6303072480837519,4.232615660021734,-0.280638762889439,0.0075971279412189174,4.440727107131748,-0.2804507638390089,-3.2586397214910416,5.464117913447114,0.33636515206192863,-2.1351612721956026,4.303066564620011,0.07958159016588673,0.0,0.0,0.0,-0.6379043760249709,-0.20811144711001361,-0.00018799905043007122,0.0,0.0,0.0
16.5005,-2.2034113090436693,-1.6725708483848096,1.0,-2.2467403411865234,-1.7233647108078003,0.9671415686607361,0.2142969683426567,-0.05471047634049129,-0.05505297216820285,-0.9736800346339488,2.5088562725772143,1.6448830364344957,0.0,2.591559410095215,1.5804349184036255,0.06261122971773148,-0.7843350892396863,4.395896242955429,-0.3312984676881149,-0.1549634753330139,4.61437076573206,-0.331037936581359,-1.0440896997339415,2.1857412334417274,0.4733138628461224,-1.8130570018888519,3.677993427334927,0.1958185535226992,0.0,0.0,0.0,-0.6293716139066724,-0.21847452277663146,-0.00026053110675586987,0.0,0.0,0.0
16.5167,-2.1629489015262866,-1.6453312126923632,1.0,-2.194376230239868,-1.6917668581008911,0.9688814282417297,0.2130792721321921,-0.042839742700413096,-0.053264681385885686,-0.9746408984863002,2.467996819038545,1.7055766477105698,0.0,2.561924695968628,1.622442364692688,0.061651814728975296,-0.8465153257457345,4.195867644674791,-0.38937387755844155,-0.24355230389989324,4.437690037638854,-0.38902469729541356,-3.413952397014181,4.939916995409817,0.5165601306662365,-2.285670582976724,4.050536329502728,0.2905073294659343,0.0,0.0,0.0,-0.6029630218458413,-0.24182239296406338,-0.0003491802630279989,0.0,0.0,0.0
16.5335,-2.1218324867742364,-1.616143963506785,1.0,-2.143106460571289,-1.6586315631866455,0.9706670045852661,0.21165522495141814,-0.028504619607630146,-0.05153750353390921,-0.9755682977409339,2.4242159452601775,1.7672512698386456,0.0,2.510835647583008,1.7004719972610474,0.06190190464258194,-0.9455873513582507,4.013040297257263,-0.3988160710037937,-0.3664327243875042,4.27868241116128,-0.3984640521031159,-3.0390441072188343,4.641611118990214,0.014876657566302652,-2.508080217155839,4.225032410758913,0.2091361172675614,0.0,0.0,0.0,-0.5791546269707465,-0.26564211390401654,-0.00035201890067777905,0.0,0.0,0.0
16.55,-2.08218877057248,-1.586485363777502,1.0,-2.0931293964385986,-1.624046802520752,0.9724080562591553,0.21165522495141814,-0.028504619607630146,-0.05153750353390921,-0.9755682977409339,2.379728045666253,1.8267168441412793,0.0,2.4544639587402344,1.7633718252182007,0.05561758950352669,-1.0149691262606129,3.9016921266464952,-0.36890454937064077,-0.4615281928264735,4.1873497071328485,-0.36862037671668824,-3.4151344012248495,3.810624990972513,-0.3807191386333107,-2.775859191021919,4.102691766085309,0.03500006461623249,0.0,0.0,0.0,-0.5534409334341394,-0.2856575804863534,-0.0002841726539525268,0.0,0.0,0.0
16.5667,-2.042887986338394,-1.5555286513297215,1.0,-2.06856632232666,-1.606330156326294,0.9732977747917175,0.21097397382880018,-0.020534092108477314,-0.05027280305064284,-0.9759820533527653,2.3332929769945823,1.8856680204924088,0.0,2.4252257347106934,1.795278549194336,0.060843463987112045,-1.1324602831162136,4.061353562898607,-0.403817997294866,-0.592126284915576,4.357442132588868,-0.40347791359103186,-1.7536679536679536,1.9137208637208638,0.31344067281567284,-2.4740896546027824,3.4564675466805053,0.11720082136906235,0.0,0.0,0.0,-0.5403339982006377,-0.2960885696902605,-0.0003400837038341653,0.0,0.0,0.0
16.5833,-2.0044544432434224,-1.5236671914720383,1.0,-2.0205674171447754,-1.5697996616363525,0.9752247929573059,0.20848464397848912,-0.011961096483285506,-0.050539676895413825,-0.9766457819231149,2.2855007872080577,1.9433183351348666,0.0,2.352712392807007,1.87262761592865,0.0698818564414978,-1.1181675337654027,3.8488952334060205,-0.46685892654075245,-0.6096620523452125,4.171047214137982,-0.4664102980755071,-4.3577865975097785,4.648395970942644,0.5431743244308168,-3.030191421515452,3.8083466030549875,0.2429559852252246,0.0,0.0,0.0,-0.5085054814201901,-0.3221519807319612,-0.0004486284652453686,0.0,0.0,0.0
16.6,-1.9668067921765975,-1.4908373052125932,1.0,-1.9970489740371704,-1.5509724617004395,0.976305365562439,0.20559247455011093,-0.00457356526615962,-0.05125452959300705,-0.9772839273564183,2.23625595781889,1.9997898117351034,0.0,2.3257088661193848,1.9074063301086426,0.08254256844520569,-1.2651730515985231,3.976199128801294,-0.5474371224755862,-0.7682734420074551,4.310428335162286,-0.5468112095566247,-1.6220229996992568,2.089055809357412,0.7604920016612485,-2.6144743655254774,3.300780536330679,0.3957420765679588,0.0,0.0,0.0,-0.49689960959106805,-0.334229206360992,-0.0006259129189614907,0.0,0.0,0.0
16.6167,-1.9299506458624904,-1.4570397274018967,1.0,-1.9512078762054443,-1.5122148990631104,0.9787290692329407,0.20428119126252786,0.002927003798672482,-0.05213034110506342,-0.977518853890018,2.185559591102845,2.055074031206264,0.0,2.2504775524139404,1.984974980354309,0.09106671065092087,-1.245460098668794,3.7425678394314015,-0.6099913217142193,-0.7801876575500981,4.104534051223915,-0.6092294580544235,-4.512979304623922,4.653191550222401,0.5113466117936469,-3.1749477235677652,3.7000369863924947,0.4298706483343447,0.0,0.0,0.0,-0.46527244111869587,-0.361966211792514,-0.000761863659795789,0.0,0.0,0.0
16.6334,-1.8938721626788917,-1.4222533195991012,1.0,-1.9068973064422607,-1.472149133682251,0.9812958240509033,0.2034510669342573,0.007917064221816813,-0.05230836939317351,-0.9776548196233141,2.1333799793986516,2.109191755981662,0.0,2.1688480377197266,2.0454814434051514,0.09295488893985748,-1.1908801215029645,3.6004026919186063,-0.6335292755040746,-0.7587483418247554,3.9847723048561945,-0.632735491338832,-4.88666076729847,3.6221526033340945,0.11303370846654487,-3.6802766999991436,3.677044092977889,0.33633459268211335,0.0,0.0,0.0,-0.4321317796782091,-0.38436961293758826,-0.0007937841652425113,0.0,0.0,0.0
16.65,-1.8588546721668961,-1.3867588629840502,1.0,-1.885356068611145,-1.4516758918762207,0.9825834631919861,0.2034510669342573,0.007917064221816813,-0.05230836939317351,-0.9776548196233141,2.0801382944760753,2.1617179917496556,0.0,2.1368422508239746,2.071775436401367,0.09470683336257935,-1.3292631172112217,3.7541186884718933,-0.6499001732992588,-0.9097912078004806,4.1484337062273084,-0.6490761858628913,-1.9256103508620936,1.5819634506698799,0.10540476088016754,-3.1622671227305914,3.0585379944257407,0.268159885502452,0.0,0.0,0.0,-0.4194719094107411,-0.3943150177554155,-0.000823987436367456,0.0,0.0,0.0
16.6667,-1.8246382297690074,-1.350299095364013,1.0,-1.843507170677185,-1.4097943305969238,0.9851728677749634,0.20192357031381333,0.01237052150643255,-0.05265367852302329,-0.9779066470431668,2.0254486430460195,2.213042655346489,0.0,2.05552077293396,2.1391825675964355,0.0938885435461998,-1.2843069494785184,3.5494720237493302,-0.6574432200463752,-0.8961550652856487,3.969863266099109,-0.6566334099954743,-4.879293326657606,4.044431728774765,-0.049097435805736354,-3.6691646411634755,3.349591844528364,0.17449972556547486,0.0,0.0,0.0,-0.3881518841928698,-0.42039124234977887,-0.0008098100509009554,0.0,0.0,0.0
16.6833,-1.7913373439584208,-1.3129878104025063,1.0,-1.8231714963912964,-1.3883919715881348,0.9864999055862427,0.19873304334482655,0.019827468583055882,-0.0525864121527998,-0.9784409847885879,1.9694817156037594,2.2629939840623683,0.0,2.013841390609741,2.1692874431610107,0.0973944365978241,-1.3796024654982184,3.665402003722645,-0.6846636616970022,-1.0070319489700557,4.09770889967166,-0.6837922442360604,-2.500193075041833,1.8058809227556814,0.21030564851761274,-3.324062868907209,2.8938601651663087,0.18507028846552087,0.0,0.0,0.0,-0.37257051652816275,-0.43230689594901445,-0.0008714174609417363,0.0,0.0,0.0
16.7,-1.7589679260627553,-1.2748412242693892,1.0,-1.7838114500045776,-1.344597339630127,0.9891834855079651,0.19435422286056753,0.024575938002179692,-0.05125629976064457,-0.9792830366749872,1.9122618364040838,2.311548110905867,0.0,1.9300458431243896,2.2393202781677246,0.09872163832187653,-1.3275184103166757,3.4236232057156335,-0.705683942994043,-0.9853080072405376,3.884293686696817,-0.7047886139633142,-5.023856830429251,4.198730685115568,0.07957071284609557,-3.82587311441896,3.2790817924925175,0.15392488546881605,0.0,0.0,0.0,-0.3422104030761382,-0.4606704809811837,-0.0008953290307288361,0.0,0.0,0.0
16.7167,-1.7276056604437595,-1.235951471916068,1.0,-1.746191143989563,-1.2995356321334839,0.9919102191925049,0.1937125318236331,0.02840266638108238,-0.04884158036890986,-0.9794300870294416,1.853927207874102,2.3585915093343606,0.0,1.8489044904708862,2.296140193939209,0.0998426005244255,-1.292223913182287,3.2476610721235732,-0.7257739916970115,-0.978182507254998,3.7320060048520767,-0.7248582147074166,-4.873296007789679,3.412566584569563,0.06732424895469385,-4.1350914968671155,3.3184889428887265,0.12835879472231587,0.0,0.0,0.0,-0.314041405927289,-0.4843449327285036,-0.0009157769895948971,0.0,0.0,0.0
16.7333,-1.697200612698157,-1.1962583851596764,1.0,-1.7104012966156006,-1.2533133029937744,0.9946089386940002,0.19365320486599796,0.032352885026122,-0.046722563266327635,-0.9794226270372551,1.7943875777395146,2.4041990809527642,0.0,1.7595915794372559,2.3543460369110107,0.09531769156455994,-1.2086995627267645,3.0510667420839437,-0.7119384258611637,-0.924265431965717,3.560278646775451,-0.7111037747222223,-5.358549808319506,3.4922040395948963,-0.27148314570578475,-4.496278752229274,3.369772814522889,0.01031814577657117,0.0,0.0,0.0,-0.2844341307610475,-0.5092119046915071,-0.0008346511389413926,0.0,0.0,0.0
16.75,-1.6678072383235807,-1.1558316437661256,1.0,-1.6931838989257812,-1.2298702001571655,0.9959518909454346,0.19365320486599796,0.032352885026122,-0.046722563266327635,-0.9794226270372551,1.7337474656491882,2.4482891425146285,0.0,1.714698314666748,2.381430149078369,0.0893574059009552,-1.308013056831086,3.14829401421122,-0.682756582623839,-1.0379075736562646,3.669289131991655,-0.6820230506256175,-2.6945235471730515,1.6256063880024614,-0.35774030136947094,-3.964367684024427,2.854863006323632,-0.09833943502789749,0.0,0.0,0.0,-0.27010548317482125,-0.520995117780435,-0.0007335319982214421,0.0,0.0,0.0
16.7667,-1.639417341930151,-1.1146592464595066,1.0,-1.660033106803894,-1.1822608709335327,0.9984675049781799,0.1912865802967703,0.03564258879801099,-0.045328977720315015,-0.9798389957536943,1.67198886968926,2.490873987104773,0.0,1.6353437900543213,2.4247171878814697,0.0834277868270874,-1.289775536386422,3.0203853104249228,-0.6597058406106703,-1.0440919796210753,3.560492726557215,-0.6590664306401846,-4.759914193779049,2.5964819449410084,-0.35567572398998926,-4.19922755434572,2.778584194430512,-0.17430981100659554,0.0,0.0,0.0,-0.2456835567653468,-0.540107416132292,-0.0006394099704856843,0.0,0.0,0.0
16.7833,-1.612038932520722,-1.072747609959685,1.0,-1.6286211013793945,-1.1335684061050415,1.000899076461792,0.18583463256079508,0.03808592589988455,-0.04524173374389741,-0.9807997753123486,1.6091214149395277,2.5319416012189166,0.0,1.5449811220169067,2.482720375061035,0.08028586953878403,-1.364500597482885,3.0672796822483224,-0.6494622196794785,-1.133918299478449,3.6219776867389677,-0.6488639967786174,-3.058697080500486,1.9489801748271725,-0.16365096340627322,-3.8625221123629574,2.533669924714012,-0.17116312437735215,0.0,0.0,0.0,-0.23058229800443605,-0.5546980044906452,-0.0005982229008610881,0.0,0.0,0.0
16.8,-1.585766732055654,-1.0302447782312945,1.0,-1.6135276556015015,-1.108812928199768,1.0021190643310547,0.18059639042019437,0.040015956533743915,-0.04552888022280216,-0.9816877672636247,1.5453671673469418,2.5713499019165185,0.0,1.4995535612106323,2.5092484951019287,0.0820990800857544,-1.3187550438835647,2.86368550541723,-0.6700519199755922,-1.1121780641041903,3.442108171951633,-0.6694327148533004,-5.0881915015462145,3.1224659260107663,0.0842476699404421,-4.224362118284352,2.7074932660456255,-0.09576118961097686,0.0,0.0,0.0,-0.20657697977937442,-0.5784226665344029,-0.0006192051222918376,0.0,0.0,0.0
16.8167,-1.5605556960961735,-0.9870833367130321,1.0,-1.584713339805603,-1.0584067106246948,1.0046515464782715,0.17728368500573055,0.04250842105591297,-0.045487196989624806,-0.9821886825581766,1.4806250050695482,2.6091664558557395,0.0,1.409675121307373,2.563725233078003,0.08918106555938721,-1.2422760964007313,2.6315756591644903,-0.725361250594276,-1.0597201310781836,3.2353865113947133,-0.7246306108834736,-5.394254847249052,3.269542820347714,0.42504113901409457,-4.56973583464849,2.873420567364871,0.057989176790151045,0.0,0.0,0.0,-0.18255596532254767,-0.603810852230223,-0.0007306397108024026,0.0,0.0,0.0
16.8333,-1.5364207054920425,-0.9432857848938544,1.0,-1.5576231479644775,-1.0070246458053589,1.0073210000991821,0.1751729550272368,0.0451476514413091,-0.04490932154969196,-0.9824761662118694,1.4149286773407816,2.645368941761936,0.0,1.3209747076034546,2.6165037155151367,0.09303589910268784,-1.1729778508988717,2.3967152102578644,-0.762081615899192,-1.0126728897348432,3.025642833816106,-0.7612864475656518,-5.320659868712727,3.165896772163666,0.23123069304806715,-4.791422334556416,2.95976488877016,0.10913323882009816,0.0,0.0,0.0,-0.16030496116402856,-0.6289276235582416,-0.0007951683335402077,0.0,0.0,0.0
16.85,-1.5134181686594579,-0.8989579300077816,1.0,-1.5447314977645874,-0.9809882640838623,1.0086559057235718,0.1751729550272368,0.0451476514413091,-0.04490932154969196,-0.9824761662118694,1.3484368950116723,2.679872747010813,0.0,1.287911057472229,2.6328327655792236,0.09160199761390686,-1.374226732249177,2.49884876621635,-0.7604408770230725,-1.221846124174522,3.135650895278843,-0.7596700306242504,-1.9864921000988383,0.9810631562361233,-0.08615001575682915,-3.9633556620897497,2.375615971504721,0.05148205276938758,0.0,0.0,0.0,-0.15238060807465506,-0.636802129062493,-0.0007708463988220397,0.0,0.0,0.0
16.8667,-1.491496002385552,-0.853998413706115,1.0,-1.5200728178024292,-0.9282585978507996,1.011207103729248,0.17194644518633379,0.04734605213306158,-0.04352024571646991,-0.9830050248669842,1.2809976205591724,2.712755996421672,0.0,1.2100437879562378,2.6762442588806152,0.08267077058553696,-1.3741897065992479,2.296907876653078,-0.7199832456561103,-1.2396779849347745,2.9548829721955996,-0.7193553869365045,-4.669902912621359,2.603500293120952,-0.5356289410469423,-4.1719413243999295,2.442891588413092,-0.12184384355619485,0.0,0.0,0.0,-0.13451172166447337,-0.6579750955425215,-0.000627858719605769,0.0,0.0,0.0
16.8833,-1.4707061845767593,-0.8085073511442448,1.0,-1.4969373941421509,-0.8746605515480042,1.0136317014694214,0.16582820845896198,0.048117750392583925,-0.042155488614838664,-0.9840775357210408,1.212761026716367,2.7439407231348607,0.0,1.1240991353988647,2.7232959270477295,0.0740492045879364,-1.3260089995455417,2.0599196962682718,-0.6808315269916966,-1.2099263837035572,2.7412341958180457,-0.6803277959039135,-5.153293019399293,2.821246300982116,-0.5169542787093823,-4.461654281469178,2.554588814960939,-0.23848766566445723,0.0,0.0,0.0,-0.11608261584198447,-0.681314499549774,-0.0005037310877830768,0.0,0.0,0.0
16.9,-1.4510727030112058,-0.7625403926676357,1.0,-1.4859846830368042,-0.8475147485733032,1.0147969722747803,0.15979026147800346,0.04875854054063143,-0.040948276432941154,-0.9850954242594275,1.1438105890014536,2.773390945483191,0.0,1.0887047052383423,2.7434494495391846,0.07552492618560791,-1.5275350265557455,2.1077953628446866,-0.6960051320904631,-1.4186474935746274,2.799231196687334,-0.695481123293995,-2.1250053678017777,1.2099740914100858,0.08859914687737078,-3.7718328139353914,2.1576339723048408,-0.14192566025628453,0.0,0.0,0.0,-0.10888753298111799,-0.6914358338426472,-0.0005240087964680413,0.0,0.0,0.0
16.9167,-1.4325812730371283,-0.7160637528798455,1.0,-1.4653304815292358,-0.7926364541053772,1.0171449184417725,0.1563281296805003,0.05208561276208141,-0.04023338158849935,-0.9855099806613806,1.074095629319768,2.8011280904443074,0.0,1.0002474784851074,2.790266275405884,0.0706426203250885,-1.4669549375659656,1.8480133409049793,-0.6790227779340375,-1.3750427952258728,2.5632491644520266,-0.6785643283758234,-5.305086078700526,2.8077671013498056,-0.29280878231525964,-4.224477201808462,2.3495651548401932,-0.18646911566201896,0.0,0.0,0.0,-0.09191214234009291,-0.7152358235470473,-0.0004584495582141179,0.0,0.0,0.0
16.9333,-1.4152732345002896,-0.6691823513878714,1.0,-1.4556314945220947,-0.7649052739143372,1.0182580947875977,0.1563281296805003,0.05208561276208141,-0.04023338158849935,-0.9855099806613806,1.0037735270818071,2.827090148249565,0.0,0.9688955545425415,2.803807020187378,0.06779474765062332,-1.7010012859716128,1.9144043473168137,-0.6681099478403075,-1.6147606629880296,2.6365988796695397,-0.6676877168989197,-1.881359448323223,0.8125500743962458,-0.1708945254377933,-3.532746014525901,1.8958102102219605,-0.18187121196246386,0.0,0.0,0.0,-0.0862406229835832,-0.7221945323527259,-0.0004222309413878745,0.0,0.0,0.0
16.95,-1.3991361587523612,-0.6218654653840107,1.0,-1.4374626874923706,-0.7088752388954163,1.0203320980072021,0.15117938110435641,0.05557948640486931,-0.03982695952830879,-0.9861387694943147,0.932798198076016,2.851295761871458,0.0,0.8843492269515991,2.843919277191162,0.05854707583785057,-1.6654038979786718,1.6703852253737144,-0.623671349077299,-1.5935574073733898,2.413391512469538,-0.6233564521837746,-5.075180329745821,2.407874398900847,-0.5551228943639799,-3.9881008163003395,2.046980917999178,-0.29206193073396947,0.0,0.0,0.0,-0.07184649060528199,-0.7430062870958237,-0.00031489689352444335,0.0,0.0,0.0
16.9666,-1.3841890455937427,-0.574167560017967,1.0,-1.420949935913086,-0.6521317362785339,1.0223342180252075,0.14398745604534763,0.05822210170903646,-0.03964935270868385,-0.9870692876157381,0.8612513400269505,2.8737164316093855,0.0,0.7941028475761414,2.8859355449676514,0.05789608508348465,-1.594053513685978,1.4015622822222107,-0.6305202009709069,-1.5361224550043564,2.166685204239361,-0.6302122678850072,-5.416802615950429,2.5219164555875158,-0.039074015440976544,-4.409879700726736,2.18719056935366,-0.21737527414000993,0.0,0.0,0.0,-0.057931058681621544,-0.7651229220171506,-0.0003079330858997241,0.0,0.0,0.0
16.9833,-1.3704094383131558,-0.5260040534530604,1.0,-1.4133871793746948,-0.6234465837478638,1.0233168601989746,0.1383558652701288,0.061943955557953886,-0.0393682753759648,-0.9876592170543451,0.7890060801795906,2.894385842530266,0.0,0.7522814273834229,2.9028501510620117,0.05771087482571602,-1.7757985207989764,1.4147426564133478,-0.6351011126870821,-1.7238086619477255,2.188860705835987,-0.6347951466130288,-2.5037003468406103,1.0126175761122451,-0.011087882345384737,-3.847140715169619,1.8404351534312677,-0.15647546565395815,0.0,0.0,0.0,-0.05198985885125088,-0.7741180494226391,-0.00030596607405333065,0.0,0.0,0.0
17.0,-1.3578823029731704,-0.4776806997306931,1.0,-1.3995027542114258,-0.5656738877296448,1.0252848863601685,0.1341091698875954,0.06680919808923319,-0.03901559054762564,-0.9879418538204592,0.7165210495960397,2.913176545540244,0.0,0.6649904847145081,2.9343953132629395,0.05457543581724167,-1.7212428508551199,1.183706139685102,-0.6269702566199703,-1.680618276783091,1.9747402281851234,-0.6266966337564892,-5.24481427364018,1.8953686593035082,-0.18839062522383143,-4.259759495679565,1.856652528414696,-0.16589740408993436,0.0,0.0,0.0,-0.04062457407202884,-0.7910340885000212,-0.00027362286348109934,0.0,0.0,0.0
17.0167,-1.3465445844658082,-0.42896612863970845,1.0,-1.3873711824417114,-0.5073527097702026,1.027122139930725,0.12711115721022914,0.07042766571875339,-0.038910349866893866,-0.9886196172913629,0.6434491929595627,2.9301831233012874,0.0,0.5779019594192505,2.963472843170166,0.0490131713449955,-1.6659414805359876,0.9549461427280068,-0.6036870727723317,-1.6352607078868249,1.761734945438763,-0.6034663823089866,-5.2249427835788875,1.7445286797310828,-0.3337123176226577,-4.544699243454,1.8235515189339555,-0.2154394338103977,0.0,0.0,0.0,-0.030680772649162618,-0.806788802710756,-0.00022069046334499852,0.0,0.0,0.0
17.0333,-1.3364357856649203,-0.3800204944245269,1.0,-1.3819857835769653,-0.47796764969825745,1.027994155883789,0.12711115721022914,0.07042766571875339,-0.038910349866893866,-0.9886196172913629,0.5700307416367904,2.9453463215026194,0.0,0.5379080772399902,2.9780948162078857,0.04576748237013817,-1.864857918069247,0.9475002977855944,-0.5895056757765224,-1.838276748256333,1.7622702415121851,-0.5893132461201379,-2.400871631195523,0.8777712576392964,-0.19484186477550844,-3.911802148397255,1.5443398992530215,-0.20935865495818445,0.0,0.0,0.0,-0.026581169812914144,-0.8147699437265907,-0.00019242965638441677,0.0,0.0,0.0
17.05,-1.3275523372145674,-0.33083261261895786,1.0,-1.3724329471588135,-0.41882389783859253,1.0296735763549805,0.11950314265765262,0.07272551453374537,-0.03865485567122083,-0.9894118937496706,0.4962489189284368,2.9586714941781485,0.0,0.4495343565940857,3.0080487728118896,0.04235003516077995,-1.7998933696490487,0.6887417362008776,-0.5783870150523717,-1.7813288491269716,1.5199841711495197,-0.578222249845115,-5.303490435106093,1.7975991186275773,-0.20508810147229256,-4.322653967287032,1.6191066497706326,-0.20809790951389096,0.0,0.0,0.0,-0.018564520522077063,-0.831242434948642,-0.00016476520725655953,0.0,0.0,0.0
17.0666,-1.319897439555888,-0.2814140190585261,1.0,-1.3645886182785034,-0.3591544032096863,1.0311850309371948,0.11494931660457523,0.07484076607883094,-0.03828564927826545,-0.989807989831976,0.4221210285877891,2.9701538406661676,0.0,0.3684885501861572,3.026601552963257,0.03341291844844818,-1.7758116115755236,0.4851686134789972,-0.5333612066907994,-1.7633376054148562,1.3266963982410402,-0.533258644620245,-4.862196587186932,1.1130404931843862,-0.5361661547208674,-4.481936810199114,1.4697066706964985,-0.3049496517830009,0.0,0.0,0.0,-0.01247400616066747,-0.8415277847620432,-0.00010256207055442467,0.0,0.0,0.0
17.0833,-1.3134800849450885,-0.23181593364181874,1.0,-1.3613373041152954,-0.32914799451828003,1.0318613052368164,0.10605789363634952,0.07858336144557179,-0.037358039289389154,-0.9905456861214623,0.3477239004627281,2.979779872582367,0.0,0.32248085737228394,3.042025327682495,0.026012159883975983,-1.9439593011895053,0.4383673492422654,-0.49340026680162963,-1.9344057279331044,1.2884939581684487,-0.4933381068328029,-2.759950942532681,0.9252552990646186,-0.44396337495351695,-3.9735751083798476,1.3089746745531763,-0.3459890436933213,0.0,0.0,0.0,-0.009553573256400954,-0.8501266089261833,-6.215996882673944e-05,0.0,0.0,0.0
17.1,-1.3083063753530335,-0.18208927903813982,1.0,-1.3560469150543213,-0.2689445912837982,1.033081293106079,0.09958277583503368,0.08126144859111692,-0.03707304229975848,-0.9910123360281748,0.2731339185572097,2.9875404369704492,0.0,0.23856912553310394,3.058994770050049,0.01936309225857258,-1.899457325082456,0.22029303534172473,-0.4607085722116585,-1.894228712834975,1.079930683768439,-0.4606741287027905,-5.034420639688738,1.018109256318929,-0.39892161148779126,-4.286756098880298,1.2231058867829752,-0.3616157051839445,0.0,0.0,0.0,-0.005228612247480935,-0.8596376484267143,-3.444350886797885e-05,0.0,0.0,0.0
17.1167,-1.3043756683989471,-0.1322252892674149,1.0,-1.3540825843811035,-0.23870976269245148,1.033635139465332,0.09958277583503368,0.08126144859111692,-0.03707304229975848,-0.9910123360281748,0.19833793390112234,2.993436497401579,0.0,0.19719763100147247,3.066645383834839,0.0161833968013525,-2.0981878257940214,0.19749271525765474,-0.4455210741651149,-2.0946154153928993,1.0614356864742838,-0.44549701407087905,-2.4816885243557105,0.4589256600211664,-0.19073552494207832,-3.7538671586663885,0.997505916499991,-0.31116875270537425,0.0,0.0,0.0,-0.003572410401122201,-0.863942971216629,-2.4060094235825086e-05,0.0,0.0,0.0
17.1333,-1.3016953367338542,-0.08233148103111258,1.0,-1.3513864278793335,-0.17804162204265594,1.0347429513931274,0.09095566135144811,0.08401557885881558,-0.0368643311059325,-0.9916196721152168,0.12349722154666887,2.9974569948992187,0.0,0.10600882768630981,3.0846309661865234,0.017084533348679543,-2.005381452135458,-0.05083629255228217,-0.4576243711274378,-2.0043490663359678,0.8232702818632697,-0.4575975569672055,-5.474544293198214,1.079769266002519,0.054099974593495935,-4.261842498543883,1.021791560845685,-0.20333474818903693,0.0,0.0,0.0,-0.0010323857994901768,-0.8741065744155518,-2.6814160232311578e-05,0.0,0.0,0.0
17.15,-1.3002622466558373,-0.032387001251140995,1.0,-1.3504958152770996,-0.1170952245593071,1.0357732772827148,0.08364488958826431,0.08545190180312673,-0.03651329000468532,-0.9921534619516074,0.04858050187671149,2.9996066300162436,0.0,0.022878294810652733,3.094390869140625,0.01435223501175642,-1.9557737601745013,-0.26247135090557555,-0.44757415730991623,-1.9557256756569943,0.6171753947415419,-0.4475552340030183,-4.989906785770508,0.5858377697635812,-0.16400609427772053,-4.4767803833651625,0.8930900335506945,-0.19172421072294743,0.0,0.0,0.0,-4.808451750697644e-05,-0.8796467456471175,-1.8923306897962828e-05,0.0,0.0,0.0
17.1667,-1.3000779825512565,0.017661373778632004,1.0,-1.350718379020691,-0.08653122186660767,1.0362658500671387,0.0748882543818461,0.08920514764555905,-0.03585697927967369,-0.9925465234608198,-0.026492060667948007,2.999883026173115,0.0,-0.028622625395655632,3.1029045581817627,0.012933814898133278,-2.094739435568347,-0.32534425698270697,-0.4427362602973949,-2.0948146977653668,0.5591495435987032,-0.4427208925136312,-3.0877612765698927,0.5104421287362236,-0.08504202804937319,-4.066716555171943,0.7801253781829524,-0.16022968050869738,0.0,0.0,0.0,7.526219701974416e-05,-0.8844938005814101,-1.5367783763654818e-05,0.0,0.0,0.0
17.1833,-1.3011444607580416,0.06765007939197282,1.0,-1.3525574207305908,-0.025287115946412086,1.0372439622879028,0.06961365992586022,0.09350947950197563,-0.035570212122405485,-0.9925445847057884,-0.10147511908795923,2.9982833088629373,0.0,-0.1123974472284317,3.1085457801818848,0.01452378649264574,-2.034869457183846,-0.5359923086508123,-0.4584082927869849,-2.0360300258842257,0.35172051557562367,-0.45838891439795243,-5.025775160015733,0.3384252306372023,0.09538474173996997,-4.349848184564179,0.6497274214305715,-0.0847676310553085,0.0,0.0,0.0,0.001160568700379935,-0.8877128242264359,-1.937838903251302e-05,0.0,0.0,0.0
17.2,-1.3034593866422086,0.11758222320102303,1.0,-1.3560798168182373,0.035992302000522614,1.0382814407348633,0.06091124449978162,0.0973139569790426,-0.03561522495661522,-0.9927494183895513,-0.17637333480153455,2.994810920036687,0.0,-0.2005573958158493,3.1103339195251465,0.02225605584681034,-1.943176395355938,-0.7352797691606657,-0.5112649463660409,-1.9468715730029145,0.1534546329278179,-0.5112194418642997,-5.2912671894452155,0.10732223859880086,0.46408265645793684,-4.627772281638726,0.48959949762036126,0.07726300545760112,0.0,0.0,0.0,0.0036951776469765184,-0.8887344020884836,-4.550450174120251e-05,0.0,0.0,0.0
17.2167,-1.307022937691398,0.1674587385351256,1.0,-1.3585375547409058,0.06664380431175232,1.038878321647644,0.06091124449978162,0.0973139569790426,-0.03561522495661522,-0.9927494183895513,-0.2511881078026884,2.989465593462903,0.0,-0.2548236548900604,3.1181724071502686,0.026745585724711418,-2.063119953993418,-0.8287994533678502,-0.5424825100936209,-2.06908532472916,0.06442006952967838,-0.5424167954457386,-3.255885497875749,0.47029625073311687,0.2693643429842505,-4.222766228341543,0.48390082632317155,0.1339748314374192,0.0,0.0,0.0,0.005965370735741763,-0.8932195228975286,-6.571464788229123e-05,0.0,0.0,0.0
17.2333,-1.3118310386306902,0.21721920045815687,1.0,-1.364872932434082,0.12799504399299622,1.0402109622955322,0.0488536132941599,0.09838048034643275,-0.03554184729335769,-0.9933133853694757,-0.3258288006872353,2.9822534420539646,0.0,-0.34218019247055054,3.116093635559082,0.03656260296702385,-1.9674862315684463,-1.0280275712633078,-0.6093882000925964,-1.9782426500695285,-0.13599860501011007,-0.6092653905337012,-5.241322275627271,-0.12472463021772094,0.5890131703644894,-4.523462590210165,0.3042234673696133,0.26831046607503606,0.0,0.0,0.0,0.010756418501082278,-0.8920289662531977,-0.00012280955889519847,0.0,0.0,0.0
17.25,-1.3178804993092448,0.26683756291315414,1.0,-1.3730545043945312,0.18932223320007324,1.0415910482406616,0.04318528627210779,0.09969848342217526,-0.03543972547941581,-0.993448213137862,-0.40025634436973123,2.9731792510361323,0.0,-0.4324575662612915,3.1100149154663086,0.03640681132674217,-1.847196052580426,-1.2148942208655078,-0.6167399296145822,-1.864376914929608,-0.3263421113218564,-0.6166181643982268,-5.41788765041709,-0.3648070511811587,-0.009349647297858033,-4.787513215882704,0.10671343005415049,0.18634012566053648,0.0,0.0,0.0,0.017180862349181935,-0.8885521095436514,-0.00012176521635545473,0.0,0.0,0.0
17.2666,-1.325170794771573,0.31630619686762385,1.0,-1.3777766227722168,0.21992993354797363,1.04229736328125,0.03466278783978811,0.10098880392098021,-0.03531497080782356,-0.9936562499821118,-0.47445929530143577,2.9622438078426403,0.0,-0.48278260231018066,3.1128242015838623,0.03520463779568672,-1.9860246751373256,-1.3127564072635094,-0.6144680920306064,-2.0074368697124383,-0.4225983089479469,-0.614354235559422,-3.020109885392969,0.16859109184301269,-0.07214492924697029,-4.265743448918016,0.12498084678632798,0.11003061297812401,0.0,0.0,0.0,0.02141219457511277,-0.8901580983155625,-0.00011385647118430204,0.0,0.0,0.0
17.2833,-1.3336945885349831,0.3655721937502789,1.0,-1.3886051177978516,0.2810957729816437,1.043599247932434,0.024790763123217773,0.10152091842014238,-0.03579215742666389,-0.9938802183350987,-0.5483582906254183,2.949458117197525,0.0,-0.5644401907920837,3.1064486503601074,0.027679309248924255,-1.9078558207459282,-1.5201568896848043,-0.5772789756228326,-1.9371238727816864,-0.633641423453294,-0.5772085925126216,-4.89903949306976,-0.3825006079157786,-0.45148139241321106,-4.452704016252215,-0.02483695415979116,-0.055737994077589156,0.0,0.0,0.0,0.029268052035758305,-0.8865154662315103,-7.03831102110447e-05,0.0,0.0,0.0
17.3,-1.3434544874985135,0.4146440129922249,1.0,-1.4011067152023315,0.3420817255973816,1.0447133779525757,0.014333379266925874,0.10146687825781732,-0.036322617662021967,-0.9940723236706113,-0.6219660194883374,2.9348182687522293,0.0,-0.6489422917366028,3.0983691215515137,0.017002932727336884,-1.805859546644358,-1.7282905555520873,-0.5202832182903739,-1.844546997514358,-0.8463805494158865,-0.520256659662641,-5.065348501522059,-0.4843149304711952,-0.6399789734318503,-4.633567865944562,-0.1604832508989611,-0.22821660967713386,0.0,0.0,0.0,0.038687450869999994,-0.8819100061362009,-2.6558627732880906e-05,0.0,0.0,0.0
17.3167,-1.3544308856345848,0.4634229399019586,1.0,-1.4079383611679077,0.37245869636535645,1.045193076133728,0.014333379266925874,0.10146687825781732,-0.036322617662021967,-0.9940723236706113,-0.695134409852938,2.9183536715481226,0.0,-0.6901534795761108,3.0921218395233154,0.013155411928892136,-1.9927380405476383,-1.8058215291669233,-0.5011026740441343,-2.036495220238389,-0.9274643508809354,-0.5010867751520517,-2.473239708680908,-0.3749230923321267,-0.23090431791841348,-3.9957995084127393,-0.22378981152512223,-0.22901007027468345,0.0,0.0,0.0,0.043757179690750415,-0.8783571782859879,-1.5898892082663872e-05,0.0,0.0,0.0
17.3333,-1.3666178897725996,0.5118921916308595,1.0,-1.4229894876480103,0.43306195735931396,1.046032428741455,0.004442720374957666,0.10050973913320312,-0.036486484609032366,-0.994256926867089,-0.7678382874462892,2.9000731653411003,0.0,-0.7782154679298401,3.0756428241729736,0.007419599685817957,-1.857908761469906,-1.9850428957238717,-0.4724185155029522,-1.913544989164293,-1.116022924961213,-0.4724134582007397,-5.285312088603972,-0.9890389788792857,-0.3442524788846517,-4.376487191216855,-0.4497053526085855,-0.26303173564532123,0.0,0.0,0.0,0.05563622769438722,-0.8690199707626588,-5.057302212530302e-06,0.0,0.0,0.0
17.35,-1.3800131916643683,0.560045226581885,1.0,-1.4397542476654053,0.49318578839302063,1.0467909574508667,-0.004410235691467747,0.10003373262612107,-0.03622487912032527,-0.9943146259027005,-0.8400678398728276,2.8799802125034475,0.0,-0.8732665181159973,3.0537633895874023,0.004118199925869703,-1.6729977990117875,-2.1414084695984297,-0.45796178823455647,-1.7430548056298434,-1.2847085484686147,-0.45796023021533466,-5.705516994633274,-1.3133309481216457,-0.198169219588551,-4.7688410805951,-0.7046634133647162,-0.24388313537743184,0.0,0.0,0.0,0.07005700661805593,-0.8566999211298149,-1.5580192218239328e-06,0.0,0.0,0.0
17.3666,-1.3946160749277814,0.6078750678193557,1.0,-1.448791742324829,0.5230962038040161,1.0471477508544922,-0.014230235391907438,0.09957304123011669,-0.03612423244608119,-0.9942725633478865,-0.9118126017290336,2.8580758876083276,0.0,-0.9087446928024292,3.040600299835205,0.003916595131158829,-1.8846647086975037,-2.2104626920470793,-0.46010796398057663,-1.960529756111363,-1.3611323752025966,-0.4601065547718695,-2.1283576005492306,-0.7896618799702501,-0.012094396087805366,-3.989322095714674,-0.7297565142704592,-0.17545486300868193,0.0,0.0,0.0,0.07586504741385929,-0.8493303168444827,-1.4092087071141793e-06,0.0,0.0,0.0
17.3833,-1.4104151915794356,0.6553390357564699,1.0,-1.4681180715560913,0.5825080275535583,1.0479058027267456,-0.02446199136305234,0.10106088030028991,-0.03596563385513472,-0.9939289400919772,-0.9830085536347049,2.834377212630846,0.0,-1.0002779960632324,3.0172462463378906,0.009019773453474045,-1.7084941235814033,-2.377848910656357,-0.49611529400708376,-1.8004118744910436,-1.5415154554954742,-0.4961078200737822,-5.488078050175113,-1.400243013365735,0.30597214280608964,-4.4317822470594574,-0.9276963836544179,-0.033328811585616624,0.0,0.0,0.0,0.09191775090964029,-0.8363334551608831,-7.473933301563282e-06,0.0,0.0,0.0
17.4,-1.427387157480561,0.702368238199356,1.0,-1.4891035556793213,0.641352117061615,1.0488061904907227,-0.0348244262721833,0.1016416111892094,-0.035698464982424134,-0.993570312557998,-1.053552357299034,2.808919263779158,0.0,-1.0866152048110962,2.990333318710327,0.021514179185032845,-1.5544507348941452,-2.532992404462127,-0.5772102826825153,-1.662920703386421,-1.711512094733393,-0.5771677612858169,-5.181052737001745,-1.6150313331616448,0.7497830419993132,-4.652980590519848,-1.1306102235483926,0.1978601209593235,0.0,0.0,0.0,0.1084699684922759,-0.8214803097287339,-4.252139669839035e-05,0.0,0.0,0.0
17.4167,-1.4455441417612562,0.7489949731767263,1.0,-1.5002310276031494,0.6705746650695801,1.0493539571762085,-0.0348244262721833,0.1016416111892094,-0.035698464982424134,-0.993570312557998,-1.1234924597650893,2.7816837873581153,0.0,-1.123324990272522,2.974675178527832,0.02494596689939499,-1.7472139070503516,-2.6190362997495047,-0.6021879144581567,-1.8631366902860922,-1.8061364229722425,-0.6021307457153204,-2.1986577181208053,-0.9378123661288019,0.20553992485363415,-3.928419619576724,-1.0736927721655005,0.20012733943692967,0.0,0.0,0.0,0.11592278323574062,-0.8128998767772623,-5.7168742836265934e-05,0.0,0.0,0.0
17.4333,-1.4648556334771703,0.7951384495919707,1.0,-1.5237361192703247,0.7286287546157837,1.0505980253219604,-0.043520870016663514,0.10090311410960151,-0.03506714733857955,-0.9933251443402101,-1.192707674387956,2.7527165497842443,0.0,-1.2090789079666138,2.9472055435180664,0.0365142785012722,-1.582580944522015,-2.790288690435374,-0.6795056649875028,-1.7168782344047122,-1.9923329390557267,-0.6793831798466696,-5.142371039688894,-1.6472606656753974,0.6937123359401807,-4.28680026685256,-1.2430204977459205,0.3458426519295263,0.0,0.0,0.0,0.13429728988269737,-0.7979557513796474,-0.00012248514083317005,0.0,0.0,0.0
17.45,-1.4852901224030874,0.8407306704005743,1.0,-1.548740029335022,0.7859118580818176,1.0519121885299683,-0.050783232996246146,0.10130142553563176,-0.033906212396346974,-0.9929801723851485,-1.2610960056008613,2.7220648163953687,0.0,-1.2807255983352661,2.907040596008301,0.03430875018239021,-1.4931495242834343,-2.893333480144933,-0.6745721810213899,-1.6438345645662762,-2.116978842345871,-0.6744640456555734,-4.302621594146872,-2.4120384290480077,-0.13244929699468808,-4.291471011844954,-1.5881359578508965,0.204642126601715,0.0,0.0,0.0,0.1506850402828419,-0.7763546377990619,-0.00010813536581660107,0.0,0.0,0.0
17.4667,-1.5068998578366801,0.8858848007353344,1.0,-1.5617536306381226,0.8142775893211365,1.0525453090667725,-0.05941257895789702,0.09983144882669305,-0.03387991276287616,-0.9926510054982783,-1.3288272011030016,2.6896502132449793,0.0,-1.3146345615386963,2.8877921104431152,0.033956825733184814,-1.689526291371645,-2.9887900115951815,-0.6773799755865048,-1.8482961469636603,-2.22268234290295,-0.6772740472553636,-2.0319527388061833,-1.1534417235763066,-0.02108863795468183,-3.6244199191839392,-1.4598062747470975,0.1380022790991553,0.0,0.0,0.0,0.15876985559201542,-0.7661076686922318,-0.000105928331141214,0.0,0.0,0.0
17.4833,-1.5295936500625607,0.9304092411950742,1.0,-1.5890069007873535,0.8704613447189331,1.0536764860153198,-0.06850543488604645,0.09712007884171446,-0.03515068239232811,-0.9922898491533886,-1.3956138617926113,2.6556095249061586,0.0,-1.3981846570968628,2.852402687072754,0.0189373642206192,-1.514097649238837,-3.1381756510613155,-0.5947072051654777,-1.6936896640455035,-2.3907299776649835,-0.5946742595957261,-5.016096017863789,-2.124674358020097,-0.9017232186310155,-4.035268139944791,-1.6560874850894396,-0.1689436914663712,0.0,0.0,0.0,0.17959201480666645,-0.7474456733963318,-3.294556975162714e-05,0.0,0.0,0.0
17.5,-1.5533990827820665,0.9743640161528307,1.0,-1.6176785230636597,0.9257893562316895,1.0543737411499023,-0.07701028630118573,0.09549860857852588,-0.03642086196590086,-0.9917777227971327,-1.4615460242292462,2.6199013758269,0.0,-1.4708051681518555,2.806849479675293,-0.0027443054132163525,-1.3950031550952784,-3.234060220175383,-0.4699157637806911,-1.5937353609078466,-2.5102975058993384,-0.46991645564805196,-4.357608835605659,-2.733429662799182,-1.3010130856217543,-4.130429004902313,-1.974138587125714,-0.5031512680768764,0.0,0.0,0.0,0.19873220581256815,-0.7237627142760448,6.918673608659878e-07,0.0,0.0,0.0
17.5167,-1.5783199684567328,1.0177513787684964,1.0,-1.6325794458389282,0.9531591534614563,1.0545804500579834,-0.07701028630118573,0.09549860857852588,-0.03642086196590086,-0.9917777227971327,-1.5266270681527447,2.5825200473149006,0.0,-1.5092568397521973,2.787727117538452,-0.01144771184772253,-1.547902162560424,-3.360070358921054,-0.4205496737695148,-1.7571612195664807,-2.6461356802542513,-0.4205617129059697,-2.3052557853661324,-1.1464244364717486,-0.521786887292563,-3.591604510799033,-1.729782241265245,-0.5086528434828236,0.0,0.0,0.0,0.20925905700605685,-0.7139346786668028,1.2039136454920987e-05,0.0,0.0,0.0
17.5333,-1.6042907307854875,1.0604574834947342,1.0,-1.663412094116211,1.0071474313735962,1.054795265197754,-0.08476080659256718,0.09425104144772367,-0.03728141631879637,-0.9912328483395838,-1.5906862252421012,2.5435639038217683,0.0,-1.58375084400177,2.7383129596710205,-0.018463291227817535,-1.4015644600830335,-3.448933717390344,-0.3813560748185273,-1.6319905642188712,-2.760084574849616,-0.3813873915334235,-4.471371533243653,-2.9659978820229544,-0.421097808412519,-3.8513278158111106,-2.0947356934110677,-0.48280499683847033,0.0,0.0,0.0,0.23042610413583783,-0.688849142540728,3.131671489621967e-05,0.0,0.0,0.0
17.55,-1.6313213758582008,1.1025024486740302,1.0,-1.6957165002822876,1.0601370334625244,1.0548412799835205,-0.09286942809680936,0.09230241366101549,-0.037716076767489226,-0.9906730117508136,-1.6537536730110454,2.5030179362126983,0.0,-1.6545178890228271,2.68167781829834,-0.027067992836236954,-1.2671061449936256,-3.5010171232427503,-0.331785509313122,-1.518584663349829,-2.8403675512861297,-0.33185281783668596,-4.247120351424442,-3.3989869360539156,-0.5164155619070786,-3.968173006442333,-2.479774498757551,-0.4927274499655332,0.0,0.0,0.0,0.2514785183562033,-0.6606495719566206,6.730852356397257e-05,0.0,0.0,0.0
17.5667,-1.659405746350285,1.1438752094925104,1.0,-1.7124639749526978,1.0862770080566406,1.0547963380813599,-0.10142810908408775,0.08935107584017198,-0.03783164342610607,-0.9900997303173685,-1.7158128142348419,2.460891380468945,0.0,-1.700001835823059,2.6620218753814697,-0.03198527172207832,-1.3591671601555246,-3.6518051726449405,-0.3038846099895386,-1.624662400235714,-3.0008048579260698,-0.3039785948817141,-2.7276347206931555,-1.1787506612716432,-0.29488515320055475,-3.601943430487666,-2.095688482402458,-0.4343207878878864,0.0,0.0,0.0,0.2654952400801894,-0.6510003147188707,9.398489217548552e-05,0.0,0.0,0.0
17.5833,-1.6885105811842744,1.1845260035326182,1.0,-1.7469990253448486,1.1378083229064941,1.0545058250427246,-0.10890138543033102,0.0877787165336662,-0.03717714501558039,-0.9894711943655256,-1.77678831399389,2.4172331877370565,0.0,-1.7684862613677979,2.608497142791748,-0.04292690008878708,-1.2203771373106167,-3.7378580879311216,-0.23859900374616017,-1.5076941479012225,-3.112773646599999,-0.23876828817544007,-4.109363376251788,-3.211716738197425,-0.6565452879113018,-3.751743072871059,-2.4251604217762472,-0.499925522014382,0.0,0.0,0.0,0.2873170105906057,-0.6250844413311226,0.00016928442927991144,0.0,0.0,0.0
17.6,-1.7186079362010274,1.2244178782399522,1.0,-1.7829804420471191,1.1883331537246704,1.0540242195129395,-0.11381462466098563,0.08673862516719297,-0.03639363510176285,-0.9890390205808948,-1.8366212854873838,2.3720809510303718,0.0,-1.8386132717132568,2.5522968769073486,-0.051205139607191086,-1.0600126781505375,-3.8143449709901196,-0.18832159752462074,-1.3705678311707996,-3.215905353565703,-0.18856246883075278,-4.209370885568721,-3.3734186272826148,-0.4969009835279638,-3.886843167494993,-2.705103575879229,-0.49903262297203554,0.0,0.0,0.0,0.31055515302026226,-0.5984396174244164,0.0002408713061320319,0.0,0.0,0.0
17.6167,-1.7497412163628945,1.2636050426284324,1.0,-1.8014724254608154,1.2131493091583252,1.0537314414978027,-0.11381462466098563,0.08673862516719297,-0.03639363510176285,-0.9890390205808948,-1.8953885421487446,2.3253648384934857,0.0,-1.8804067373275757,2.525667667388916,-0.05292416363954544,-1.1534637703606148,-3.951049488722257,-0.17833637745586428,-1.4782978268906415,-3.3650322823971095,-0.17859369296650365,-2.505137622545517,-1.5961785806156572,-0.10303983443850573,-3.4789384364326494,-2.3777286488445126,-0.38212831401863734,0.0,0.0,0.0,0.3248340565300267,-0.5860172063251475,0.0002573155106393826,0.0,0.0,0.0
17.6333,-1.781796094703505,1.301943509505106,1.0,-1.8395109176635742,1.2618820667266846,1.0530288219451904,-0.12278439466932604,0.08353749431453862,-0.03444459623922506,-0.9883112288008087,-1.9528692730257518,2.2772522273014917,0.0,-1.9427812099456787,2.4571127891540527,-0.05849052593111992,-1.020089722098124,-3.9668823618009457,-0.14319174549739044,-1.3668311612548838,-3.41224624910865,-0.14350603437455425,-3.7445610168035954,-4.115592706037272,-0.3341684886067615,-3.5573550770883533,-2.8907778824263657,-0.3679696969689073,0.0,0.0,0.0,0.34674143915675987,-0.5546361126922957,0.0003142888771638159,0.0,0.0,0.0
17.65,-1.814811668335598,1.3394833405040583,1.0,-1.859035611152649,1.2857519388198853,1.0526466369628906,-0.13116452763282102,0.08048267888066789,-0.0330319603176854,-0.9875360218161477,-2.0091333154597324,2.227680827860186,0.0,-1.9837018251419067,2.4273910522460938,-0.05929486081004143,-1.1032235663448677,-4.10229242525679,-0.13820954691429732,-1.4647255996126207,-3.560993142077949,-0.13853253913792854,-2.4554500064378604,-1.7834589908296257,-0.04826428132019056,-3.232052560106446,-2.5638771065497394,-0.2735868148374376,0.0,0.0,0.0,0.361502033267753,-0.5412992831788414,0.00032299222363123026,0.0,0.0,0.0
17.6667,-1.8488054580845503,1.3762392239413934,1.0,-1.8991460800170898,1.3326376676559448,1.0517572164535522,-0.13667886324130446,0.07821641122610073,-0.03238593342371044,-0.986991568827084,-2.0641970427681495,2.1766212078480294,0.0,-2.04856538772583,2.3637521266937256,-0.0708279088139534,-0.9347804844590097,-4.160662055965987,-0.06629208534154485,-1.3203099887024932,-3.6473732138015285,-0.0667529429878827,-3.8857585625731996,-3.812394663924358,-0.6909062383951781,-3.4250385201792857,-2.932462309329779,-0.3967871362486374,0.0,0.0,0.0,0.3855295042434834,-0.5132888421644582,0.0004608576463378472,0.0,0.0,0.0
17.6833,-1.8836138408741572,1.4120376228120635,1.0,-1.9404646158218384,1.3781394958496094,1.0506445169448853,-0.14330912886034497,0.07592054858134482,-0.03198052288788415,-0.9862433358254702,-2.117794668203451,2.12431666653482,0.0,-2.1180789470672607,2.293787956237793,-0.07567327469587326,-0.7253482316840341,-4.184508276157399,-0.03334224728875823,-1.1374858390867786,-3.7011551912697875,-0.033868316657118605,-4.176493339063171,-4.203566824237216,-0.29111785560807907,-3.6468817174674184,-3.3077155948077697,-0.365591633227902,0.0,0.0,0.0,0.4121376074027446,-0.4833530848876118,0.0005260693683603729,0.0,0.0,0.0
17.7,-1.919358510013059,1.4470069371383953,1.0,-1.961652398109436,1.4004048109054565,1.0500556230545044,-0.14330912886034497,0.07592054858134482,-0.03198052288788415,-0.9862433358254702,-2.1701123691167425,2.070582453918029,0.0,-2.1517157554626465,2.25939679145813,-0.07835979014635086,-0.8265562216997653,-4.316296851679239,-0.01594765781048635,-1.2518879279662938,-3.8473291062922863,-0.01651174272707522,-2.01766203306447,-2.062911160688748,-0.1611472813340198,-3.1659062884861577,-2.940226573879581,-0.305235923806805,0.0,0.0,0.0,0.42533170626652844,-0.4689677453869521,0.0005640849165888694,0.0,0.0,0.0
17.7167,-1.9559547494529494,1.4810612291468293,1.0,-2.0048742294311523,1.4438000917434692,1.0487680435180664,-0.15632568516328657,0.07202482317725178,-0.03211973392851568,-0.9845521935289706,-2.2210151609689817,2.0155445431604178,0.0,-2.2059950828552246,2.1775271892547607,-0.08260707557201385,-0.6870617766643092,-4.279352361083015,0.014348096726805593,-1.1341230375370566,-3.843755108989517,0.01372120512201731,-3.2562503575719433,-4.911407975284627,-0.25479727458664686,-3.1925775089485917,-3.5221553519425077,-0.290345512662042,0.0,0.0,0.0,0.44706126087274733,-0.43559725209349814,0.0006268916047882829,0.0,0.0,0.0
17.7333,-1.9933690448351238,1.5141715711916282,1.0,-2.0493366718292236,1.485813021659851,1.0474144220352173,-0.1602427605803284,0.06788036551249364,-0.03221667168009073,-0.9842137543354281,-2.2704533418814568,1.9592526205106016,0.0,-2.2712230682373047,2.1123125553131104,-0.08900194615125656,-0.46859067345454886,-4.345641337192384,0.05790596579238583,-0.9424806683215712,-3.9357447339538885,0.057178258101386895,-3.916203836243916,-3.915402233037504,-0.383939754509018,-3.406205226883113,-3.6382490188315884,-0.3179762435287772,0.0,0.0,0.0,0.4738899948670223,-0.4098966032384952,0.0007277076909989332,0.0,0.0,0.0
17.75,-2.031624537295973,1.5463582009386911,1.0,-2.071983814239502,1.5062648057937622,1.0466443300247192,-0.1602427605803284,0.06788036551249364,-0.03221667168009073,-0.9842137543354281,-2.318450441377589,1.9016717145830588,0.0,-2.296729803085327,2.0690271854400635,-0.09463243186473846,-0.5910126507864781,-4.445679545523281,0.09398386335523357,-1.0756063582790212,-4.0524099671995435,0.09316117005607662,-1.5297490526917852,-2.5960105812540215,-0.3376845463644813,-2.8522410672388263,-3.330561182492725,-0.3237944947453829,0.0,0.0,0.0,0.484593707492543,-0.3932695783237375,0.0008226932991569439,0.0,0.0,0.0
17.7667,-2.070647913666634,1.577559332585561,1.0,-2.1182498931884766,1.54604172706604,1.0449988842010498,-0.16676804630226236,0.06305005745027381,-0.03112460468832494,-0.9834858361147965,-2.3649075286273624,1.842912620939948,0.0,-2.3646903038024902,1.9946529865264893,-0.09744659066200256,-0.33293416670354414,-4.465585903053607,0.11759644865232077,-0.8466305400990625,-4.100081459085863,0.11672409766514671,-4.078625801282051,-4.463541666666667,-0.16889076093177655,-3.2142922560376364,-3.665037729529203,-0.27806408126274584,0.0,0.0,0.0,0.5136963733955183,-0.3655044439677441,0.0008723509871740525,0.0,0.0,0.0
17.7833,-2.110442327832234,1.6077787610821352,1.0,-2.1655778884887695,1.5842132568359375,1.0433247089385986,-0.17157977814100103,0.0607800966781059,-0.03011645207194435,-0.9828322227880895,-2.409823440065011,1.7829716569770055,0.0,-2.4142658710479736,1.9043625593185425,-0.09601475298404694,-0.1721665025058159,-4.3916977396661405,0.11593168881519433,-0.7076278772548484,-4.058534384225699,0.11508478537616569,-2.9736010410857037,-5.415726400388977,0.08588331402748581,-3.1432358101379227,-4.181873023468087,-0.17062015810607148,0.0,0.0,0.0,0.5354613747490325,-0.33316335544044157,0.000846903439028643,0.0,0.0,0.0
17.8,-2.150968113558217,1.6369867818464625,1.0,-2.1896541118621826,1.6026794910430908,1.0424994230270386,-0.17628633251928075,0.05705088556994528,-0.02926997476645158,-0.9822482360551226,-2.4531471317207623,1.7219102241625395,0.0,-2.447019577026367,1.8661221265792847,-0.09543593972921371,-0.22089094347942106,-4.540667924333711,0.11516899806686298,-0.7709797987236021,-4.220750361105477,0.11433227475887808,-1.9657866494956,-2.2950847821420908,0.03473876726049939,-2.795631297029487,-3.624858648760765,-0.10999444987967363,0.0,0.0,0.0,0.550088855244181,-0.31991756322823434,0.0008367233079848933,0.0,0.0,0.0
17.8167,-2.192221505486212,1.6651807130437124,1.0,-2.238617420196533,1.638593077659607,1.0407265424728394,-0.17962974191288478,0.05347335043286325,-0.028234258111144862,-0.9818740563340428,-2.494867696584823,1.659736243210538,0.0,-2.4890871047973633,1.7856837511062622,-0.10346054285764694,-0.08112412294765514,-4.532992541147153,0.1708225373307778,-0.6502890736036566,-4.240060382450241,0.16983918882055554,-2.522322130573385,-4.822995439795291,-0.48114626963818563,-2.7149454356694775,-3.978570528480194,-0.21956525081861838,0.0,0.0,0.0,0.5691649506560015,-0.2929321586969117,0.0009833485102222548,0.0,0.0,0.0
17.8333,-2.23411023732394,1.6922999184016918,1.0,-2.2886126041412354,1.6731301546096802,1.0389121770858765,-0.18285511378887795,0.049104365969375466,-0.027279379111282046,-0.9815338469728629,-2.534888675207374,1.5965916319247155,0.0,-2.5408918857574463,1.710478663444519,-0.0996665358543396,-0.12103935888490369,-4.713516899896957,0.14753425850575697,-0.7043679446061412,-4.43197645832602,0.14663326173155836,-1.8474670864338867,-2.1046937607326845,0.2657108614768174,-2.458849971595554,-3.425367856763355,-0.07630287281022187,0.0,0.0,0.0,0.5833285857212375,-0.281540441570937,0.0009009967741985993,0.0,0.0,0.0
17.85,-2.2767122892756273,1.7183952575238541,1.0,-2.3139379024505615,1.689829707145691,1.0380175113677979,-0.18285511378887795,0.049104365969375466,-0.027279379111282046,-0.9815338469728629,-2.57327830005421,1.5323622718288517,0.0,-2.5601773262023926,1.6625890731811523,-0.09614699333906174,0.032617696516861194,-4.667026263940406,0.13789224609799022,-0.569523099718202,-4.413088201047862,0.1370430081857116,-2.4176771721100496,-5.27970743007493,0.17313068409311902,-2.4466950086495,-3.972802791590643,-0.002665527777853574,0.0,0.0,0.0,0.6021407962350632,-0.2539380628925439,0.0008492379122786068,0.0,0.0,0.0
17.8667,-2.3198656726031124,1.7433693527931053,1.0,-2.3654255867004395,1.722034215927124,1.0362904071807861,-0.1854430830697727,0.04412650179051898,-0.026133954209301487,-0.9813158213255161,-2.6098867271419968,1.4672963980874572,0.0,-2.6156556606292725,1.583736777305603,-0.09456474334001541,0.2920856527655098,-4.675483547881745,0.1358260242360666,-0.33643434384816595,-4.445061536965007,0.13500450742532508,-3.3326601930623587,-4.736766348715305,0.09504794334164017,-2.7082481243618215,-4.198338797036551,0.02618127485955107,0.0,0.0,0.0,0.6285199966136757,-0.23042201091673897,0.0008215168107415334,0.0,0.0,0.0
17.8834,-2.363703672038687,1.7672999706462291,1.0,-2.3915281295776367,1.7375531196594238,1.0354139804840088,-0.18969338727620988,0.04027402168717614,-0.024555681173113974,-0.9807097074970809,-2.64482136620004,1.4011976316511934,0.0,-2.6344807147979736,1.5368854999542236,-0.09536757320165634,0.21294837638505593,-4.800977062426702,0.14384335483670385,-0.4246511797011632,-4.583986430354833,0.14300782989021596,-1.128245431033251,-2.8079462155094808,-0.048116149636340255,-2.2418024507117704,-3.787869493998749,0.004247317173415045,0.0,0.0,0.0,0.6375995560862191,-0.21699063207186878,0.0008355249464878921,0.0,0.0,0.0
17.9,-2.408040783805548,1.7900862427955195,1.0,-2.444474220275879,1.7674214839935303,1.033759355545044,-0.19497601004829257,0.03807781263154622,-0.023150168068972746,-0.9797951208843945,-2.6779285265562494,1.3343508108534874,0.0,-2.687666177749634,1.4535776376724243,-0.08019480854272842,0.4842520555083478,-4.786727235268134,0.05995511202424042,-0.17935135699836102,-4.592623262377096,0.05936429844536653,-3.1926379665674376,-5.000837245248454,0.9107967068353561,-2.522506473936786,-4.145959744247328,0.2718772665041225,0.0,0.0,0.0,0.6636034125067088,-0.19410397289103828,0.0005908135788738872,0.0,0.0,0.0
17.9167,-2.4529396609559324,1.811763997329274,1.0,-2.49836802482605,1.7956485748291016,1.0323008298873901,-0.1991563715596259,0.0331135408113345,-0.022494826721476888,-0.9791497261931471,-2.7092543879778663,1.2666671508099727,0.0,-2.722245216369629,1.3615556955337524,-0.07724551856517792,0.6582635312819691,-4.7196164174880195,0.04847518392655503,-0.022525335842645378,-4.549310875435241,0.04792702745650705,-2.0745068871311485,-5.520690000429105,0.17693731852445183,-2.3902488075765653,-4.551805242574252,0.2438492585908036,0.0,0.0,0.0,0.6807888671246145,-0.17030554205277815,0.0005481564700479782,0.0,0.0,0.0
17.9333,-2.4983448449212395,1.832307019125247,1.0,-2.5531411170959473,1.8222261667251587,1.0308789014816284,-0.2036504531378501,0.0259897487671216,-0.02244134237071656,-0.9784413641102245,-2.7387550485565293,1.1982364747047047,0.0,-2.773837089538574,1.274721622467041,-0.07563123106956482,0.9487445258916885,-4.6825021494071315,0.04486986414407512,0.2419065731826776,-4.533226605008882,0.04434437917541853,-3.0956924793636715,-5.210347491452197,0.09686288465114948,-2.5985086732706515,-4.746218950982415,0.20045619445290436,0.0,0.0,0.0,0.7068379527090108,-0.14927554439824917,0.0005254849686565944,0.0,0.0,0.0
17.95,-2.54419866566579,1.8516922916669032,1.0,-2.580893039703369,1.8348945379257202,1.030153751373291,-0.2036504531378501,0.0259897487671216,-0.02244134237071656,-0.9784413641102245,-2.7663920488656366,1.1291524035788956,0.0,-2.7929625511169434,1.2261135578155518,-0.07942914962768555,0.9192118926341852,-4.811569126217642,0.07027850519229106,0.20259311524381096,-4.6734609634658915,0.06969891932835937,-1.148103621010448,-2.9179476170030054,-0.22798948046371834,-2.170322591991448,-4.20647983686955,0.07397120027993839,0.0,0.0,0.0,0.7166187773903743,-0.13810816275175028,0.0005795858639316975,0.0,0.0,0.0
17.9667,-2.5905392740904833,1.8699372926362912,1.0,-2.636847734451294,1.8589187860488892,1.0286386013031006,-0.20840949614759408,0.02240533842537624,-0.02200086565692918,-0.9775374406502114,-2.7921849309951505,1.059364694109415,0.0,-2.8165204524993896,1.1328710317611694,-0.07689283043146133,1.0673971219256133,-4.736400716659174,0.06168139349007562,0.3386383806602352,-4.618499332965589,0.0611382311461898,-1.4129903187518769,-5.592636817343306,0.15212706816914298,-1.9467442627520466,-4.61569871306,0.09704424097867553,0.0,0.0,0.0,0.7287587412653781,-0.11790138369358559,0.00054316234388582,0.0,0.0,0.0
17.9833,-2.6372881505798076,1.8870116599104703,1.0,-2.693406105041504,1.881130576133728,1.027221441268921,-0.20973342348973043,0.017976579193987877,-0.022293575519837322,-0.9773391397279676,-2.8160855703247005,0.9889993348127717,0.0,-2.851775884628296,1.0438679456710815,-0.07297300547361374,1.0557155990297566,-4.87690691104924,0.04474899312687286,0.31741777197456755,-4.768718573285125,0.044251035911758045,-1.1020478206154902,-2.8591050795103534,0.1960896386283034,-1.6973744340512218,-4.09712016620681,0.12628425267213056,0.0,0.0,0.0,0.7382978270551891,-0.10818833776411463,0.0004979572151148133,0.0,0.0,0.0
18.0,-2.684438541034108,1.9029146303068307,1.0,-2.7219014167785645,1.8915871381759644,1.0264902114868164,-0.2092766991658421,0.008032241022084986,-0.02340085752391554,-0.9775434676495485,-2.8380882407589687,0.9180746788802814,0.0,-2.862018585205078,0.9929589033126831,-0.07763922214508057,1.250567935151251,-4.806339558029448,0.07508729774032419,0.49807425338607214,-4.715762021049821,0.07453353936249259,-1.6264564182475805,-5.531208451872078,-0.24078614419076755,-1.676438139578352,-4.5204892397566585,0.01791836237038523,0.0,0.0,0.0,0.752493681765179,-0.09057753697962684,0.0005537583778315991,0.0,0.0,0.0
18.0167,-2.7319207727918147,1.917625091516731,1.0,-2.7794854640960693,1.9111967086791992,1.0248961448669434,-0.21154205012645413,-0.0009811997067577952,-0.02327686149559644,-0.9770912319650266,-2.8581595974867455,0.8467041355271928,0.0,-2.9057118892669678,0.9035985469818115,-0.08716047555208206,1.5593365643777555,-4.749519816333643,0.13935490069253775,0.783691453580224,-4.674511570973621,0.13865699435714543,-2.6204012182392726,-5.3591732559303376,-0.5710143593519882,-1.9551132937321585,-4.768084090420821,-0.15594534132978558,0.0,0.0,0.0,0.7756451107975315,-0.07500824536002196,0.0006979063353923267,0.0,0.0,0.0
18.0334,-2.7796851394526136,1.9311324257786036,1.0,-2.8085505962371826,1.9203847646713257,1.0240155458450317,-0.21154205012645413,-0.0009811997067577952,-0.02327686149559644,-0.9770912319650266,-2.876282006576608,0.7749713334876395,0.0,-2.917741060256958,0.8567829132080078,-0.09022307395935059,1.5461784573096469,-4.900500199552829,0.16133343832599623,0.7640979660490101,-4.833062996127278,0.16058562500353613,-0.7221745104774991,-2.8105891446238407,-0.18386391775449445,-1.5911272298141657,-4.190195804208282,-0.16418741537355788,0.0,0.0,0.0,0.7820804912606367,-0.06743720342554978,0.0007478133224600924,0.0,0.0,0.0
18.05,-2.827735202769659,1.9434417823276788,1.0,-2.8669815063476562,1.9373102188110352,1.0222759246826172,-0.21466093798968455,-0.004342537316047126,-0.02120896852025796,-0.9764487454063265,-2.8924595761024183,0.7028802445365188,0.0,-2.937232732772827,0.7608427405357361,-0.08228719234466553,1.7356889891677834,-4.800142614417076,0.12167423419079115,0.9431243770158769,-4.746962684464534,0.12105218826885596,-1.170305051748572,-5.760371186853143,0.47648052450005013,-1.4668928312504743,-4.653740276125332,0.024949470317934153,0.0,0.0,0.0,0.7925646121519064,-0.05317992995254205,0.0006220459219351918,0.0,0.0,0.0
18.0667,-2.8760516482452925,1.9545505353007546,1.0,-2.925750494003296,1.9524763822555542,1.0206595659255981,-0.21579042084621589,-0.008932761124080726,-0.019596893711564773,-0.9762022284893863,-2.9066860551607325,0.6304696347818753,0.0,-2.9503748416900635,0.6641064882278442,-0.07957601547241211,1.8999047504170892,-4.690676556246701,0.11280057133406218,1.1002319016486743,-4.650159917888081,0.11221884016042181,-0.7888206757394925,-5.806340245281129,0.16273129266303182,-1.2667135374453788,-4.994008853724587,0.0656251825884612,0.0,0.0,0.0,0.7996728487684149,-0.040516638358620585,0.0005817311736403705,0.0,0.0,0.0
18.0834,-2.924627763063088,1.9644581145285278,1.0,-2.9552979469299316,1.959365725517273,1.0198606252670288,-0.2156995417041143,-0.019457429789842235,-0.01908244927864084,-0.9760794968665225,-2.9189579758394855,0.5577598101034985,0.0,-2.9640307426452637,0.6191189289093018,-0.07891086488962173,1.9317121282652976,-4.854520977658044,0.11214194369706776,1.124619526976557,-4.819307726596152,0.11156989689069899,-0.8188511465660204,-2.697596786184022,0.03988453922914165,-1.1344963738302014,-4.31606603859844,0.058026074192874005,0.0,0.0,0.0,0.8070926012887406,-0.03521325106189186,0.0005720468063687714,0.0,0.0,0.0
18.1,-2.9733501773830158,1.9731446711744918,1.0,-3.0146443843841553,1.9717587232589722,1.0181877613067627,-0.21756272743623536,-0.02828177868284088,-0.01815032957697387,-0.9754676932135384,-2.9292493602482743,0.4849308810977683,0.0,-2.977585554122925,0.517028272151947,-0.08335760980844498,2.1234204018584304,-4.706554636432406,0.14658062231349278,1.3089290899341997,-4.681997001316826,0.14594228759658062,-0.8134872939560439,-6.126935239239927,-0.2668698489010989,-1.0397286261915926,-4.850667724881575,-0.03788914060619874,0.0,0.0,0.0,0.8144913119242307,-0.0245576351155801,0.0006383347169121504,0.0,0.0,0.0
18.1167,-3.022245138149007,1.9806191548902419,1.0,-3.0743284225463867,1.9823325872421265,1.016467571258545,-0.218827448992926,-0.03294471634126791,-0.016622464171605452,-0.975065654425593,-2.9375704885879097,0.41195425340643194,0.0,-2.994750499725342,0.43146368861198425,-0.0812070220708847,2.34981893828726,-4.652051265018581,0.14172906479195946,1.5259099312456637,-4.634949282331519,0.14112324266945747,-1.0297798692660878,-5.133292449186847,0.12902062205884457,-1.0367915713082736,-4.934103709184241,0.01138567203418452,0.0,0.0,0.0,0.8239090070415963,-0.017101982687061902,0.0006058221225019969,0.0,0.0,0.0
18.1333,-3.0712524980135814,1.9868755825000652,1.0,-3.1042609214782715,1.987004041671753,1.015618920326233,-0.218827448992926,-0.03294471634126791,-0.016622464171605452,-0.975065654425593,-2.943914635178588,0.3389306933909832,0.0,-2.994182586669922,0.3812548816204071,-0.08296720683574677,2.332054235526694,-4.782903549656262,0.15601307342588144,1.508457684775137,-4.769550244163033,0.15538070395180456,0.03409286082326673,-3.014126638804603,-0.10566711513139063,-0.7206469137984571,-4.367291385529775,-0.023170450175354403,0.0,0.0,0.0,0.823596550751557,-0.013353305493229354,0.0006323694740768705,0.0,0.0,0.0
18.15,-3.120428552869791,1.9919222111758186,1.0,-3.1641030311584473,1.9948452711105347,1.0138437747955322,-0.21860868577573023,-0.03720361323644524,-0.015498534162365442,-0.9749799698825704,-2.948289628695731,0.2657878064783265,0.0,-2.999068260192871,0.2872495949268341,-0.08184544742107391,2.5078078037114846,-4.670013625150621,0.15769584849745344,1.6815212989401318,-4.662433492454315,0.1570804633461748,-0.2925464331091981,-5.6288884606050225,0.06716918640341485,-0.5942638272707139,-4.739737900996589,0.0034994617299931273,0.0,0.0,0.0,0.8262865047713529,-0.007580132696306569,0.0006153851512786572,0.0,0.0,0.0
18.1667,-3.1695246363927736,1.9957395069225747,1.0,-3.224057912826538,2.001046657562256,1.012054204940796,-0.21814634011592177,-0.04870944473047218,-0.01500954642594206,-0.974584210975053,-2.9506823417796193,0.1929066143641026,0.0,-2.9987411499023438,0.1973116248846054,-0.08757379651069641,2.6647697458545565,-4.574332647836708,0.20061267560784246,1.83866347844695,-4.57075610604074,0.1999081345389732,0.019660385469656802,-5.405562620907071,-0.34429229060686395,-0.4130221786387842,-4.936301527959291,-0.09917502034126063,0.0,0.0,0.0,0.8261062674076064,-0.0035765417959682175,0.0007045410688692718,0.0,0.0,0.0
18.1833,-3.2187215998175436,1.9983477729523909,1.0,-3.254019021987915,2.0034406185150146,1.0111279487609863,-0.2177044514827093,-0.05764249034578042,-0.013907659218473261,-0.9742118857153078,-2.951111515608571,0.12002996975562104,0.0,-2.995917320251465,0.14888238906860352,-0.08523567020893097,2.6675763274020836,-4.711056550590599,0.1908441666065096,1.8430251692207111,-4.709020237201423,0.19017674429731757,0.16938390252273897,-2.904967357416624,0.1402495924146216,-0.2410852585231807,-4.336614553001646,-0.028492498560207025,0.0,0.0,0.0,0.8245511581813725,-0.0020363133891759997,0.0006674223091920438,0.0,0.0,0.0
18.2,-3.2678580169981224,1.9997417065533005,1.0,-3.3139615058898926,2.006884813308716,1.0094077587127686,-0.21764993980251654,-0.06202255416207052,-0.012662641313461426,-0.9739719858535838,-2.9495813632890613,0.04740881971446988,0.0,-3.0014283657073975,0.0576850064098835,-0.07361478358507156,2.881935583155263,-4.597400265954317,0.12940647909051906,2.0543480805483454,-4.597094574112244,0.12890864109670455,-0.33095183551915697,-5.476627153012427,0.6978628264417845,-0.2676155145933172,-4.673167109163013,0.18594086937671656,0.0,0.0,0.0,0.8275875026069177,-0.00030569184207282924,0.0004978379938145066,0.0,0.0,0.0
18.2167,-3.3170046882888142,1.9999277088375471,1.0,-3.373852252960205,2.008615732192993,1.0078258514404297,-0.21664272495351533,-0.0676536576143534,-0.010724729218930536,-0.973844955252172,-2.9460976728219945,-0.025049641731229737,0.0,-2.990463972091675,-0.03582828491926193,-0.07114293426275253,3.0085505696077712,-4.4627643216683905,0.1222239647609763,2.1869984742194166,-4.462882247784948,0.12175899843046839,0.6576290576290577,-5.608796966609467,0.1482580795080795,0.005533594331378816,-4.949382144103435,0.17481622105838962,0.0,0.0,0.0,0.8215520953883547,0.00011792611655683394,0.00046496633050791637,0.0,0.0,0.0
18.2333,-3.3660630573993444,1.9989086203343691,1.0,-3.4037251472473145,2.008793830871582,1.00704824924469,-0.21664272495351533,-0.0676536576143534,-0.010724729218930536,-0.973844955252172,-2.9406740543209713,-0.09718799392183995,0.0,-2.99082088470459,-0.08238917589187622,-0.06735598295927048,3.0639962089179322,-4.602633598470372,0.10315536347088938,2.242247996936417,-4.603257187226846,0.10273858016483042,-0.021418147480470426,-2.7940957914842475,0.22725305462557588,-0.0024230524633086048,-4.3131022194545,0.1902965327443112,0.0,0.0,0.0,0.8217482119815154,0.0006235887564738926,0.00041678330605895595,0.0,0.0,0.0
18.25,-3.415014254095426,1.9966901916308581,1.0,-3.463442087173462,2.007888078689575,1.0055620670318604,-0.2156633270245313,-0.07715207159229891,-0.009118344234786342,-0.9733724047866679,-2.9333232264172784,-0.16896661501182175,0.0,-2.9820809364318848,-0.16617761552333832,-0.06552858650684357,3.2254953755495968,-4.514030410029911,0.09943645928429079,2.408542865659518,-4.516567308020819,0.09904198421728226,0.5242998941617323,-5.0263764338224775,0.10962350539203067,0.1530751885858064,-4.523673804441598,0.1664803805645641,0.0,0.0,0.0,0.8169525098900788,0.0025368979909072627,0.0003944750670085311,0.0,0.0,0.0
18.2667,-3.463838140587727,1.9932779694986738,1.0,-3.5229134559631348,2.0052497386932373,1.0040791034698486,-0.21523134816907497,-0.08292768078305746,-0.007894189019787416,-0.973003746302743,-2.9240582203506222,-0.24034393051210834,0.0,-2.970289945602417,-0.26107218861579895,-0.06375522911548615,3.3787964582799477,-4.350177274477863,0.09607513358419284,2.5682915507209674,-4.356438785918356,0.09570172045805118,0.707308352402746,-5.692458345251716,0.10637871853546911,0.31669494856936153,-4.868720363407538,0.14873727142239568,0.0,0.0,0.0,0.8105049075589803,0.006261511440492698,0.00037341312614165914,0.0,0.0,0.0
18.2833,-3.5124952299058227,1.9886794053510162,1.0,-3.5525617599487305,2.003234386444092,1.0033372640609741,-0.21307722274168314,-0.08968862534008401,-0.0062734319603009745,-0.9728899076649151,-2.9128971762577307,-0.3112501459488161,0.0,-2.9643945693969727,-0.30407050251960754,-0.0635543093085289,3.4291423851775917,-4.500479292534322,0.09846753793091467,2.621851634863537,-4.508973180771155,0.09809647466296395,0.35362173757597426,-2.5791633893457275,0.012051751877011083,0.3275964116153748,-4.192801297170639,0.10838520777607402,0.0,0.0,0.0,0.8072907503140548,0.008493888236832116,0.0003710632679507185,0.0,0.0,0.0
18.3,-3.5609291538701107,1.9829059424643993,1.0,-3.611682415008545,1.9980597496032715,1.0018810033798218,-0.21144961681931368,-0.09775390949140146,-0.004253207070628308,-0.9724788494513883,-2.8998665062276907,-0.3815913289693776,0.0,-2.9487078189849854,-0.3897702097892761,-0.06241108104586601,3.5793247673098763,-4.377844030643752,0.09882678605875073,2.7805553265897354,-4.391800489647298,0.09846895225172285,0.9414213967863326,-5.143164518021434,0.06860946465108958,0.5088087664551769,-4.473365890277821,0.09664268140241392,0.0,0.0,0.0,0.798769440720141,0.013956459003545666,0.0003578338070278812,0.0,0.0,0.0
18.3167,-3.609152481773708,1.9759617261002695,1.0,-3.641071319580078,1.9948091506958008,1.001127004623413,-0.21144961681931368,-0.09775390949140146,-0.004253207070628308,-0.9724788494513883,-2.8849760945968224,-0.4513738842819919,0.0,-2.936389207839966,-0.4395803213119507,-0.06451314687728882,3.61164534450707,-4.479319696454216,0.11517159514683273,2.8195358900318426,-4.497071171357092,0.11478925102994109,0.7388637046146806,-2.987583835032676,-0.12608078372349096,0.5767251890406764,-4.034735871112494,0.030890643657803474,0.0,0.0,0.0,0.7921094544752275,0.017751474902876076,0.00038234411689164416,0.0,0.0,0.0
18.3333,-3.6570767124878336,1.9678659053398126,1.0,-3.6994946002960205,1.9869579076766968,0.9996386170387268,-0.21099373016403955,-0.10300798304197409,-0.003250407104008582,-0.9720393842619652,-2.8682682884328536,-0.5204581309059528,0.0,-2.9159483909606934,-0.5256704688072205,-0.058225117623806,3.7514166724096336,-4.338370999311367,0.084897396054472,2.970296911354144,-4.36375646402919,0.08458595295872948,1.2272226277894676,-5.168667067462533,0.3775197356178698,0.7687639224592873,-4.369493085760045,0.13322188713524452,0.0,0.0,0.0,0.7811197610554895,0.025385464717822135,0.0003114430957425152,0.0,0.0,0.0
18.35,-3.7047557992614113,1.9586150063154975,1.0,-3.757556915283203,1.9773813486099243,0.9981990456581116,-0.20899364093124295,-0.1098514616650971,-0.0023516677063622673,-0.971724715890983,-2.849738614687978,-0.588910136476479,0.0,-2.9073636531829834,-0.5712804794311523,-0.05843328684568405,3.9713619369892457,-4.430324844118054,0.09340435843877459,3.1948347382206714,-4.460306576795039,0.09309068438957653,0.514584196761608,-2.733943806896946,-0.01247802723907793,0.6937254216504891,-3.8866490448046633,0.09020860937436119,0.0,0.0,0.0,0.7765271987685743,0.029981732676985482,0.00031367404919806734,0.0,0.0,0.0
18.3667,-3.752081338156079,1.9482357310374452,1.0,-3.7863831520080566,1.9719165563583374,0.9974105954170227,-0.20738284633307327,-0.11616656105350723,-0.0016450336442286318,-0.9713367120035916,-2.8294441117886797,-0.6565626838258007,0.0,-2.878093957901001,-0.6606674194335938,-0.06728499382734299,3.931282113458954,-4.277905465386273,0.15054312666150282,3.170311485696447,-4.318003560258355,0.1501272214212756,1.7569625325586056,-5.365600938832756,-0.531338552251195,1.007612450160849,-4.323262675540098,-0.09328347309731058,0.0,0.0,0.0,0.7609706277625073,0.04009809487208259,0.00041590524022721426,0.0,0.0,0.0
18.3833,-3.7990353237349566,1.9367404951786253,1.0,-3.8436343669891357,1.959730625152588,0.9958445429801941,-0.20724100111440988,-0.12200982120448184,-0.001428820311367741,-0.9706507298972283,-2.807412373542589,-0.7233792788326736,0.0,-2.8564696311950684,-0.7466456294059753,-0.06138795614242554,4.089783911163762,-4.109748874227311,0.12312962235669944,3.3402053083018357,-4.160962675625005,0.12278342455419435,1.2979807375817507,-5.160764629277159,0.3539643766904704,1.0933344758286168,-4.570508559767765,0.03875226675532725,0.0,0.0,0.0,0.7495786028619262,0.05121380139769468,0.000346197802505102,0.0,0.0,0.0
18.4,-3.845627878993485,1.9241336278089083,1.0,-3.9003663063049316,1.9459655284881592,0.9943246245384216,-0.20595256141871973,-0.12797835232594296,-0.001617511752151028,-0.9701558837488619,-2.783656396391966,-0.7893633339486741,0.0,-2.8245551586151123,-0.8273230791091919,-0.06264978647232056,4.194378118788656,-3.9629374947245526,0.1384893566029598,3.46145557738108,-4.025816872832447,0.1381287803271833,1.9150619474090818,-4.8411363701393455,-0.0757174740335918,1.3359234446047576,-4.650402835803002,0.004958707047938521,0.0,0.0,0.0,0.7329225414075758,0.06287937810789415,0.0003605762757765134,0.0,0.0,0.0
18.4167,-3.891836759878602,1.9104264575367453,1.0,-3.9284889698028564,1.9384751319885254,0.9935491681098938,-0.20595256141871973,-0.12797835232594296,-0.001617511752151028,-0.9701558837488619,-2.7582034149710752,-0.8544721340947923,0.0,-2.812943458557129,-0.870235025882721,-0.05962206423282623,4.28755452911321,-4.0714026176289355,0.12441546202508336,3.5606456663377295,-4.140974071120691,0.12408889526716455,0.6962843295638126,-2.5731732597538137,0.1815544269232419,1.147090286808266,-4.037166698284227,0.057092991292365294,0.0,0.0,0.0,0.7269088627754808,0.06957145349175546,0.0003265667579188086,0.0,0.0,0.0
18.4333,-3.9375787518383265,1.8956511639023361,1.0,-3.984494686126709,1.9223790168762207,0.9920760989189148,-0.20403341257431026,-0.13567716172692407,-0.001475561166366305,-0.9695153359451933,-2.7311190899291002,-0.9185780240781338,0.0,-2.796720266342163,-0.9369662404060364,-0.058460526168346405,4.502559320115112,-3.990328108142644,0.12507566403631587,3.7840109351833218,-4.070978381725333,0.1247616974737029,0.9735595839354442,-4.004564119439715,0.0697043158828495,1.0958608516039756,-4.027541821114037,0.060816084815601815,0.0,0.0,0.0,0.7185483849317903,0.08065027358268917,0.0003139665626129682,0.0,0.0,0.0
18.45,-3.9828288539542838,1.8798257249563,1.0,-4.039977550506592,1.9048784971237183,0.9905507564544678,-0.20021252416810437,-0.14189397203042875,0.000493497449214121,-0.969422992200106,-2.702442279047014,-0.9816365101196675,0.0,-2.767697334289551,-1.0129228830337524,-0.0559840090572834,4.648031648205272,-3.8430086547212894,0.11815806344087265,3.9443193361936895,-3.93726502758058,0.11787013408259041,1.7423995190656132,-4.560077436161685,0.14867836976125043,1.2867308833819755,-4.184756068122848,0.08675463723893187,0.0,0.0,0.0,0.7037123120115828,0.0942563728592905,0.000287929358282241,0.0,0.0,0.0
18.4674,-4.029665238928404,1.86214624535764,1.0,-4.067550182342529,1.895573377609253,0.9898267388343811,-0.19499244205085575,-0.14757651044296313,0.0029480456127915864,-0.9696342322048426,-2.6707457153628735,-1.0465076603814154,0.0,-2.754446268081665,-1.0482531785964966,-0.05752978473901749,4.760425757737353,-3.994893325472915,0.13140764577097686,4.0634357238782775,-4.095839609008321,0.13110359685697298,0.7598157160824629,-2.0258380270137257,-0.08863472856400721,1.1311758952764333,-3.547404002653313,0.03497649076586484,0.0,0.0,0.0,0.696990033859076,0.10094628353540623,0.0003040489140038784,0.0,0.0,0.0
18.4834,-4.071941182002388,1.8450221710127919,1.0,-4.1221184730529785,1.8758933544158936,0.9882801175117493,-0.19230601246348353,-0.15509320067735066,0.004905345257637496,-0.9689894697163229,-2.6403367054702414,-1.1046938455954516,0.0,-2.7202136516571045,-1.1215649843215942,-0.053401459008455276,4.8863400975174285,-3.8273748567325034,0.11474378961840104,4.206566973244643,-3.942934672957142,0.11448181199134828,2.151266799514556,-4.6071048649296555,0.2594347440930135,1.4323253749708276,-3.860247065933609,0.10124066969516188,0.0,0.0,0.0,0.6797731242727862,0.11555981622463857,0.00026197762705275487,0.0,0.0,0.0
18.5,-4.115648969058041,1.8261206858459695,1.0,-4.176056385040283,1.8548389673233032,0.9868500828742981,-0.19084766565055578,-0.16355013705263363,0.006196808989708287,-0.967879237432849,-2.6070604685803107,-1.164460925256102,0.0,-2.6837494373321533,-1.1925832033157349,-0.05338963121175766,5.007515742692112,-3.6796022365941883,0.1222610690931697,4.345845061598743,-3.810260034743046,0.12199920750320715,2.1891388984312377,-4.2635978472460785,0.0007100849507614795,1.6557505597939453,-3.979323588841437,0.07156220362574746,0.0,0.0,0.0,0.661670681093369,0.13065779814885795,0.00026186158996253857,0.0,0.0,0.0
18.5167,-4.1588700550416,1.8061955122723672,1.0,-4.202723026275635,1.843798041343689,0.9860960841178894,-0.19084766565055578,-0.16355013705263363,0.006196808989708287,-0.967879237432849,-2.572271551637358,-1.2231494287998066,0.0,-2.6635634899139404,-1.2317334413528442,-0.05589253082871437,5.098789652878567,-3.7692936506149786,0.14151269306653036,4.4470351128453744,-3.908670750535889,0.14122570389630631,1.20915154025221,-2.345125033918396,-0.14992533489953014,1.5239063664889678,-3.496878306281086,0.006175034003353397,0.0,0.0,0.0,0.6517545400331924,0.13937709992091044,0.0002869891702240432,0.0,0.0,0.0
18.5333,-4.201386270081333,1.7853578890824275,1.0,-4.255512714385986,1.8205251693725586,0.9845268726348877,-0.18750452626020003,-0.1705757730379317,0.006996166118565898,-0.967314385369106,-2.5361728495014515,-1.28045553167414,0.0,-2.6280717849731445,-1.3044296503067017,-0.057069115340709686,5.237481887833465,-3.5905998617848374,0.15693322375413687,4.602980749099644,-3.74691436778229,0.15663402468415602,2.132829961602384,-4.368588457791278,-0.07070538605364204,1.703671741398378,-3.7542230757334525,-0.016521471183253093,0.0,0.0,0.0,0.6345011387338213,0.15631450599745242,0.00029919906998084994,0.0,0.0,0.0
18.55,-4.243345099338053,1.7635475677040522,1.0,-4.30756139755249,1.7959295511245728,0.9829286336898804,-0.1846048046434043,-0.17711727739400826,0.0076293382237450705,-0.9666914970949634,-2.4986688828418853,-1.3365712888402994,0.0,-2.587256669998169,-1.3764837980270386,-0.06597109884023666,5.349262362568156,-3.4044577537420353,0.2189053807578455,4.734316351144948,-3.578518229509118,0.21850555994813514,2.448839172042857,-4.323129300356188,-0.5341042384882773,1.92365878676018,-3.9221745914544925,-0.16932136423700753,0.0,0.0,0.0,0.614946011423208,0.17406047576708247,0.0003998208097103629,0.0,0.0,0.0
18.5667,-4.284680767158239,1.740805499413608,1.0,-4.333255767822266,1.7830705642700195,0.9820469617843628,-0.1814269800924778,-0.18394990806040545,0.008556821772075826,-0.966009055323875,-2.4598405761473723,-1.3914005363744923,0.0,-2.564069986343384,-1.408174753189087,-0.06822039932012558,5.443030929842985,-3.514099170669729,0.2374081312934061,4.839057673501207,-3.6962667409860877,0.236980581724518,1.3908442143500708,-1.9009696380304049,-0.13492341575733308,1.766362186439313,-3.325477946527533,-0.15916646113555763,0.0,0.0,0.0,0.6039732563417781,0.18216757031635886,0.0004275495688881069,0.0,0.0,0.0
18.5833,-4.325334828736466,1.717174565668838,1.0,-4.384120464324951,1.7565245628356934,0.9803143739700317,-0.17847854355120274,-0.19123622469096727,0.009562445577545734,-0.9651335809866067,-2.4197712618624583,-1.4448593648932764,0.0,-2.5307044982910156,-1.4682339429855347,-0.06706514954566956,5.609655138074464,-3.379268268523006,0.2397955521164329,5.021298263069811,-3.5773062442443013,0.23938236026024773,2.002561424094558,-3.604689266345177,0.06933687377473778,1.8360925185387014,-3.4079062314367774,-0.09170810018873163,0.0,0.0,0.0,0.5883568750046524,0.19803797572129492,0.0004131918561851603,0.0,0.0,0.0
18.6001,-4.365482880934522,1.692556123274933,1.0,-4.434088230133057,1.7287989854812622,0.9784631133079529,-0.17444451523935472,-0.19890609303645607,0.010322648284136747,-0.9643127711118571,-2.378305839728968,-1.4971699449201645,0.0,-2.4797239303588867,-1.5314172506332397,-0.06983967870473862,5.67452216069142,-3.215495605876503,0.2664208386326402,5.109631200547763,-3.430944876559842,0.26597275155035094,3.0422559257889197,-3.770452152633526,-0.16556951242068121,2.1921740020718885,-3.5149364138255415,-0.11351333908531576,0.0,0.0,0.0,0.564890960143657,0.21544927068333894,0.0004480870822892523,0.0,0.0,0.0
18.6167,-4.404721085976975,1.6672106412201946,1.0,-4.45871639251709,1.7144967317581177,0.977516770362854,-0.17444451523935472,-0.19890609303645607,0.010322648284136747,-0.9643127711118571,-2.335893569220595,-1.5478013495807526,0.0,-2.4599246978759766,-1.5565001964569092,-0.0692705363035202,5.806359541010792,-3.339801698800941,0.2684858956066444,5.250453255845095,-3.5623664163505415,0.2680450819318915,1.1899296450730057,-1.5074796887761681,0.034205336800928514,1.8962931493136912,-2.9222984971987396,-0.06990408602809706,0.0,0.0,0.0,0.5559062851656971,0.22256471754960047,0.00044081367475287567,0.0,0.0,0.0
18.6335,-4.443539624815534,1.6408281831065519,1.0,-4.507375717163086,1.685137391090393,0.9755691885948181,-0.16904416578266895,-0.20626618665520138,0.010529631457173769,-0.9637258762463429,-2.2920281631731108,-1.5973793312224045,0.0,-2.415398120880127,-1.6125017404556274,-0.07876131683588028,5.9184071967786664,-3.199754042661207,0.3359877982899627,5.382443459613332,-3.438622245806274,0.3354179176598989,2.655452865064695,-3.3397909853547563,-0.5660062384473198,2.120410972983641,-3.0455499104425474,-0.21636250895453357,0.0,0.0,0.0,0.5359637371653347,0.23886820314506704,0.0005698806300637869,0.0,0.0,0.0
18.65,-4.481068814913928,1.6140249237350113,1.0,-4.531360626220703,1.6699742078781128,0.974525511264801,-0.16497850955373602,-0.2128848460858332,0.011311160469111238,-0.9629820265169741,-2.247742757127762,-1.6447942255122843,0.0,-2.392688274383545,-1.6420905590057373,-0.08099854737520218,6.042670814034022,-3.2781612790336796,0.3554717566549209,5.516738081247534,-3.525876200012254,0.3548690410732704,1.3738533433335256,-1.7900031731379449,-0.13534334794899902,1.900013515465942,-2.674889565270983,-0.1924441717938705,0.0,0.0,0.0,0.5259327327864877,0.24771492097857453,0.0006027155816505585,0.0,0.0,0.0
18.6667,-4.518201459658954,1.5861857406006372,1.0,-4.57859992980957,1.6389960050582886,0.9723690152168274,-0.16271994686991229,-0.2174041657237813,0.011957440244177282,-0.9623485593838554,-2.2020306374970415,-1.691174537855101,0.0,-2.339848041534424,-1.6919187307357788,-0.08775071799755096,6.110573548270996,-3.1526951885977015,0.40768957059820765,5.607613758564525,-3.4156716972756533,0.40698217994717295,3.1660238278906316,-2.985550412845347,-0.40456924445015857,2.2737628992614813,-2.7666023255943517,-0.25506737036879357,0.0,0.0,0.0,0.5029597897064718,0.26297650867795175,0.0007073906510346744,0.0,0.0,0.0
18.6834,-4.554495292518841,1.5576397404560742,1.0,-4.624650955200195,1.6069328784942627,0.9700486660003662,-0.15797657721945832,-0.22463567457607592,0.01307761918389985,-0.9614630540966416,-2.1554472636246427,-1.735958819783326,0.0,-2.2822020053863525,-1.741815447807312,-0.08478377014398575,6.149975806436979,-3.0141154430534547,0.40248752082207717,5.6714932345109315,-3.2928316572344825,0.4018271567938903,3.460448540882483,-2.9952626984013397,0.17810366604170544,2.6240941903750734,-2.8341070469985494,-0.12718736311480067,0.0,0.0,0.0,0.47848257192604776,0.2787162141810278,0.0006603640281868848,0.0,0.0,0.0
18.7,-4.589944749465474,1.528411771521816,1.0,-4.669551372528076,1.5736960172653198,0.967763364315033,-0.1545387272750535,-0.23132852563097706,0.014208208395204557,-0.9604181915752079,-2.1080437972381576,-1.7791409871065678,0.0,-2.2189266681671143,-1.809008240699768,-0.08078914880752563,6.1558350790566,-2.7585578484395565,0.3910181185786564,5.703517092397065,-3.0591925086368437,0.39041851526621435,3.806215669683193,-4.041863266740287,0.24028936064938977,2.973078057352194,-3.1906587578919443,-0.01870151768513327,0.0,0.0,0.0,0.45231798665953504,0.300634660197287,0.00059960331244209,0.0,0.0,0.0
18.7167,-4.62468379173192,1.4984034343002364,1.0,-4.691503047943115,1.5566109418869019,0.9667733311653137,-0.1541924145233736,-0.23511600212302594,0.015874905519567897,-0.9595275865193242,-2.059673315694361,-1.8208820102159267,0.0,-2.1837408542633057,-1.845070242881775,-0.06224716082215309,6.221512593789467,-2.764686271149335,0.2858236574872274,5.78342580476271,-3.077426513096618,0.28546770088429957,2.1116341627437794,-2.1642175449641576,1.112775034340168,2.718764074579264,-2.887634551004272,0.3153310410928695,0.0,0.0,0.0,0.438086789026757,0.31274024194728295,0.0003559566029278246,0.0,0.0,0.0
18.7333,-4.658570959924295,1.4677482573147138,1.0,-4.734200477600098,1.5211868286132812,0.9651700854301453,-0.1541924145233736,-0.23511600212302594,0.015874905519567897,-0.9595275865193242,-2.010564119002179,-1.861009891532407,0.0,-2.104947566986084,-1.929430365562439,-0.04171770438551903,6.134785239511924,-2.3819357048086576,0.1718225990260146,5.7277420215152475,-2.7239278858749225,0.171662717323883,4.733899616111843,-5.0683550105998965,1.2334094604079529,3.3136689181818664,-3.5314230889058336,0.5863645706996095,0.0,0.0,0.0,0.407043217996677,0.3419921810662648,0.00015988170213161526,0.0,0.0,0.0
18.75,-4.691654293432105,1.4364185767289381,1.0,-4.75502347946167,1.5028626918792725,0.9645233154296875,-0.15210646952598228,-0.23973526774386159,0.01784042379987342,-0.9586826686472263,-1.9606842736215269,-1.8995818709500794,0.0,-2.072296619415283,-1.9611098766326904,-0.028841011226177216,6.220722859614355,-2.3941089614183726,0.09897845601498945,5.826209426398253,-2.7474237470620944,0.09890204096075346,1.959703500186028,-1.9013980710340288,0.7728566100712629,2.9139535796178158,-3.050209910765043,0.6414204293398409,0.0,0.0,0.0,0.3945134332161024,0.35331478564372154,7.641505423598705e-05,0.0,0.0,0.0
18.7667,-4.723918098440717,1.4044419706534588,1.0,-4.795729637145996,1.4652074575424194,0.9633277654647827,-0.14861388136207393,-0.243477744572591,0.01772957758828977,-0.9582892699632256,-1.9100909521956786,-1.9365791775888153,0.0,-2.0086474418640137,-2.034909963607788,-0.030098015442490578,6.2253304244540875,-2.0498090955038797,0.11372086511634849,5.8546792415218185,-2.430215968548317,0.11363764397266393,3.8182442289539176,-4.427186132326439,-0.0754063018464487,3.1809167075200944,-3.456718459122777,0.42980007645666984,0.0,0.0,0.0,0.37065118293226895,0.3804068730444376,8.322114368455207e-05,0.0,0.0,0.0
18.7833,-4.7553238664344955,1.3718718758638324,1.0,-4.8350982666015625,1.426068902015686,0.9621949791908264,-0.14365872379785272,-0.2485324951398435,0.016669626495089292,-0.9577661011326599,-1.8588816262167065,-1.971958783546239,0.0,-1.9451841115951538,-2.1042282581329346,-0.019049810245633125,6.229167698235298,-1.7175510079804623,0.05435549711459886,5.881568004089494,-2.1243160815060675,0.05432215913575861,3.8085117037715333,-4.159875236078521,0.6630162429176444,3.3661942213129312,-3.6643031916638082,0.49864975141627427,0.0,0.0,0.0,0.34759969414580466,0.40676507352560515,3.333797884025323e-05,0.0,0.0,0.0
18.8,-4.785872648224841,1.3387241961125886,1.0,-4.854350566864014,1.4060245752334595,0.961686909198761,-0.14365872379785272,-0.2485324951398435,0.016669626495089292,-0.9577661011326599,-1.8070940343869084,-2.0057242606526895,0.0,-1.919946312904358,-2.135136842727661,-0.022504117339849472,6.366040065179607,-1.704148691495611,0.07889868183435966,6.027401724004175,-2.122951309270575,0.07885215731171935,1.514399347630152,-1.854676032561267,-0.2072764140044922,2.81951052832694,-3.130068178744448,0.2902474447827299,0.0,0.0,0.0,0.3386383411754322,0.41880261777496375,4.6524522640306234e-05,0.0,0.0,0.0
18.8167,-4.815565649946484,1.3050137013465772,1.0,-4.891855716705322,1.36488938331604,0.9605491161346436,-0.1293276468025268,-0.2538977994919924,0.014434705559102088,-0.9584372896951959,-1.7547643512986804,-2.037879427499299,0.0,-1.848116159439087,-2.197108268737793,-0.029513053596019745,6.31899621696995,-1.3915344806940182,0.12795691368439976,6.005222554247371,-1.8350010392272278,0.12787689594984844,4.307779747776602,-3.71653464497126,-0.4203381477165489,3.2588748038247104,-3.303203798745219,0.0804695901126937,0.0,0.0,0.0,0.3137736627225784,0.44346655853320954,8.00177345513196e-05,0.0,0.0,0.0
18.8333,-4.844378574784519,1.2707851186359307,1.0,-4.927995204925537,1.3224889039993286,0.9595189094543457,-0.11925105181999673,-0.2575598970122555,0.012257020043392746,-0.9587970973409334,-1.701975020810765,-2.068401430274872,0.0,-1.786820650100708,-2.2396063804626465,-0.0179634727537632,6.332316587332976,-1.1818508702205348,0.0651608920891954,6.039011305126771,-1.6426390720142412,0.065131247969532,3.6748427672955977,-2.5478845054316754,0.6924307193396226,3.381676149516891,-3.0802197379723237,0.2611317006110968,0.0,0.0,0.0,0.2933052822062043,0.46078820179370644,2.9644119663401044e-05,0.0,0.0,0.0
18.85,-4.872300121007404,1.2360713286376726,1.0,-4.945585250854492,1.3008241653442383,0.9590323567390442,-0.11925105181999673,-0.2575598970122555,0.012257020043392746,-0.9587970973409334,-1.6487893805576397,-2.0972832898111853,0.0,-1.7513223886489868,-2.2723276615142822,-0.021829545497894287,6.41105035623619,-1.1272043265080531,0.09215530777386449,6.129283336890934,-1.6015553795592483,0.09211153063786073,2.130476776464528,-1.9638124946341184,-0.23202765038777437,3.012299225731759,-2.7506359145488064,0.11554204645115046,0.0,0.0,0.0,0.281767019345256,0.4743510530511952,4.3777136003753965e-05,0.0,0.0,0.0
18.8667,-4.899344425467171,1.200873602310869,1.0,-4.97983455657959,1.2566617727279663,0.9581028819084167,-0.10980095393551291,-0.2608508230427513,0.010426413825170544,-0.9590578177458218,-1.5952222538698821,-2.1245448431861838,0.0,-1.6935960054397583,-2.313225507736206,-0.016879772767424583,6.443259072028987,-0.9034990752288476,0.06850115422413638,6.179760904159254,-1.395078733895907,0.06847497895532832,3.4622490419264427,-2.4529256992507005,0.2968719836770005,3.145132635453043,-2.6627464175792284,0.16907395818735665,0.0,0.0,0.0,0.263498167869733,0.49157965866705927,2.61752688080591e-05,0.0,0.0,0.0
18.8833,-4.925477564400427,1.1652564900616755,1.0,-5.012853622436523,1.2114956378936768,0.9571916460990906,-0.1014600293949342,-0.2629612632616616,0.008845106215890323,-0.9594160238113159,-1.5413844957732823,-2.1501583019387627,0.0,-1.63153874874115,-2.3471791744232178,-0.008861707523465157,6.446379610977198,-0.7086477674381622,0.026375599799606575,6.201838014113784,-1.2147642078310867,0.026368385523113314,3.724184802048905,-2.0376300238943497,0.48118074036714314,3.3160794186875195,-2.4782006325668244,0.2612135848343891,0.0,0.0,0.0,0.24454159686341384,0.5061164403929246,7.214276493261526e-06,0.0,0.0,0.0
18.9,-4.950721734811508,1.1292111203051818,1.0,-5.028900623321533,1.1886833906173706,0.9568281173706055,-0.09193669609280664,-0.26440310694921926,0.006278995344304554,-0.9599996312226463,-1.4872751839063645,-2.174152758127734,0.0,-1.5916337966918945,-2.3678669929504395,-0.004908446222543716,6.500275630200084,-0.6979821322671043,0.005913025221829016,6.267549974150777,-1.2130596165809129,0.005910811892530855,2.393819991704687,-1.2410217537436177,0.23714841012457272,3.04381157919868,-2.1129628149384345,0.25410910540759857,0.0,0.0,0.0,0.23272565604930776,0.5150774843138085,2.2133292981609246e-06,0.0,0.0,0.0
18.9167,-4.9750669788192035,1.092771987410689,1.0,-5.060038089752197,1.142498254776001,0.9562234878540039,-0.081827221300082,-0.26706772027413106,0.0036250925872705745,-0.9601906407400976,-1.4329589041145048,-2.196526054785362,0.0,-1.5224742889404297,-2.403151750564575,0.0038718897849321365,6.4567739114851115,-0.4752556520271801,-0.04228598045780585,6.24383359618192,-1.0057983605165735,-0.04228460323586997,4.147735072065889,-2.1161490505605123,0.526587143066518,3.369709971310776,-2.113903449930655,0.3345496023556808,0.0,0.0,0.0,0.21294031530319144,0.5305427084893933,-1.3772219358786666e-06,0.0,0.0,0.0
18.9333,-4.998486258084123,1.0560039919902746,1.0,-5.075125217437744,1.1191948652267456,0.9559626579284668,-0.081827221300082,-0.26706772027413106,0.0036250925872705745,-0.9601906407400976,-1.3785443288005264,-2.217263018309743,0.0,-1.4924488067626953,-2.408311367034912,0.012684543617069721,6.56976041253847,-0.5402531246059257,-0.09239083075660004,6.3651362831096305,-1.073076451054754,-0.09237604962611647,1.8027427066334565,-0.3097855650032924,0.5291154802420625,2.9071125944542837,-1.581294875443846,0.3919890056954535,0.0,0.0,0.0,0.20462412942883915,0.5328233264488282,-1.4781130483577888e-05,0.0,0.0,0.0
18.95,-5.02100323575546,1.018895412944447,1.0,-5.104226112365723,1.0722445249557495,0.955672562122345,-0.07286643252174145,-0.27045066867999434,0.001317299750208041,-0.9599714771278409,-1.3240258684392339,-2.236395193126749,0.0,-1.4162933826446533,-2.4321553707122803,0.026840709149837494,6.478189133305006,-0.3673388907138255,-0.17439978620610985,6.2939149858912495,-0.9107651101643698,-0.17433360328517358,4.56939517051957,-1.430662050812543,0.8493828925204566,3.397848793362948,-1.5368253124135844,0.5270200411261865,0.0,0.0,0.0,0.1842741474137561,0.5434262194505443,-6.61829209362655e-05,0.0,0.0,0.0
18.9667,-5.04261377069421,0.9814770736939851,1.0,-5.131959915161133,1.02480149269104,0.9555076360702515,-0.06404170430710619,-0.2739346536184504,-0.0001548053745804748,-0.9596137346776805,-1.2694609167914699,-2.25392944394812,0.0,-1.349238634109497,-2.4574873447418213,0.03125518932938576,6.436249848975768,-0.17546145961998463,-0.19857921422699631,6.2690116449181605,-0.7302666796401335,-0.1984894708874562,4.023979511539067,-1.5201808478674546,0.264914539009629,3.5826940255045336,-1.531911562259521,0.4496417062547546,0.0,0.0,0.0,0.16723820405760703,0.5548052200201489,-8.974333954011351e-05,0.0,0.0,0.0
18.9833,-5.063327439071198,0.9437565060006778,1.0,-5.145342826843262,1.0008858442306519,0.9554454684257507,-0.05750247324667121,-0.27553536985146987,-0.0003069554977047837,-0.9595694804867441,-1.214872594904333,-2.2698844118685217,0.0,-1.307673454284668,-2.473060131072998,0.027463741600513458,6.476993283349549,-0.152730770267078,-0.17403356271334813,6.319900377264868,-0.7145897299738815,-0.17396427162751343,2.4922731626424213,-0.9337536275392775,-0.2273374844534031,3.2607818565649476,-1.3553244070680797,0.24978507563617253,0.0,0.0,0.0,0.1570929060846811,0.5618589597068034,-6.929108583468586e-05,0.0,0.0,0.0
19.0,-5.083117972868543,0.9058091933918421,1.0,-5.171021461486816,0.9527642130851746,0.9553642868995667,-0.05332110547932969,-0.2772353419127325,0.00019998679618422912,-0.959321404136409,-1.160381534769249,-2.2842527820721346,0.0,-1.228611946105957,-2.4894320964813232,0.037274543195962906,6.355418054035756,0.0034704959871035,-0.2310048856622734,6.216746486112458,-0.5658522400530395,-0.23087724688999978,4.744577347908201,-0.9825015738568077,0.5887581464974532,3.6988254057569137,-1.245260292415847,0.34985612175193764,0.0,0.0,0.0,0.13867156792329735,0.5693227360401429,-0.00012763877227363313,0.0,0.0,0.0
19.0167,-5.10199945707623,0.8676393010329646,1.0,-5.195061206817627,0.9042524099349976,0.95561283826828,-0.04752277386886768,-0.27953571690445717,-0.00016369835961627864,-0.9589584776238816,-1.1060043822979693,-2.297059727529736,0.0,-1.1468042135238647,-2.5087943077087402,0.06513233482837677,6.210226392046054,0.1870421670273587,-0.39791541428617505,6.089407035517581,-0.3911711232675659,-0.39752569557994905,4.910435479485382,-1.1621992930434908,1.6721388564906907,4.056514844786204,-1.2207391672494936,0.7402181531366447,0.0,0.0,0.0,0.12081935652847281,0.5782132902949246,-0.0003897187062259858,0.0,0.0,0.0
19.0333,-5.119992173584471,0.8292336752033604,1.0,-5.2174835205078125,0.8551891446113586,0.9562428593635559,-0.04138644560677258,-0.27958393289915356,-0.0011047953400160323,-0.9592282596011998,-1.051733815281894,-2.3083328255304627,0.0,-1.06453537940979,-2.537182331085205,0.0814662054181099,6.055216702968753,0.43477825068555853,-0.4976088797055104,5.951110128235895,-0.15659450809134667,-0.4969991842830063,4.931760687181099,-1.7017736933125616,0.9791647312304372,4.314903414811504,-1.3627493514762874,0.8107595503481466,0.0,0.0,0.0,0.10410657473285806,0.5913727587769052,-0.0006096954225040656,0.0,0.0,0.0
19.05,-5.137061435849565,0.7906992354330007,1.0,-5.228133678436279,0.8305253982543945,0.9566737413406372,-0.04138644560677258,-0.27958393289915356,-0.0011047953400160323,-0.9592282596011998,-0.9977312966240364,-2.318066853023421,0.0,-1.0231261253356934,-2.54364013671875,0.08648097515106201,6.08664508290026,0.43606241350805763,-0.5284086924033181,5.990480244221685,-0.15832457915757103,-0.5277216253640566,2.4862647980875217,-0.3877349442432398,0.3010932154257984,3.7750558721194127,-1.0749072775857542,0.6602967328267529,0.0,0.0,0.0,0.09616483867857488,0.5943869926656287,-0.0006870670392614878,0.0,0.0,0.0
19.0667,-5.1532399040943,0.7519985757117815,1.0,-5.248105525970459,0.7808666825294495,0.9577530026435852,-0.037442838748593124,-0.2782463078312512,-0.00265234332363903,-0.9597760000444474,-0.943954124075153,-2.326298887886376,0.0,-0.9383160471916199,-2.560434103012085,0.10616236180067062,5.904731045025757,0.6315323022202074,-0.6504853487976879,5.823848232219954,0.02927071470653142,-0.6494499703941581,5.0895560293023525,-1.0078263606707492,1.1811039711268814,4.163120344363188,-1.0551037648375794,0.8140485486536945,0.0,0.0,0.0,0.0808828128058032,0.602261587513676,-0.0010353784035297975,0.0,0.0,0.0
19.0833,-5.168529666150099,0.7131597904516198,1.0,-5.257527828216553,0.7559551000595093,0.9584229588508606,-0.03034873389080006,-0.27838921725783955,-0.005977055321572393,-0.9599702127223856,-0.8904517640973301,-2.3330473195045123,0.0,-0.9026199579238892,-2.5630929470062256,0.10843072086572647,5.964805753292956,0.625173383063433,-0.6660586308062909,5.889959886461369,0.021660327264737322,-0.6649785340828614,2.140603777361566,-0.15944411878243714,0.13602772972277427,3.5660364871350563,-0.7906886668574407,0.6138844103453402,0.0,0.0,0.0,0.07484586683158649,0.6035130557986956,-0.0010800967234294255,0.0,0.0,0.0
19.1,-5.18293266183875,0.6742140542741886,1.0,-5.2752766609191895,0.7058713436126709,0.9596665501594543,-0.022057426727630818,-0.2775301485813541,-0.008886663008521952,-0.9604225748474531,-0.8372770627455423,-2.338332045227361,0.0,-0.8310961723327637,-2.5857629776000977,0.10564085096120834,5.8514967676419625,0.8718198083148148,-0.6541925362265465,5.788042545769697,0.2575836414495447,-0.6531673052010857,4.2902037897747585,-1.359814086521273,-0.16734447622452628,3.7798239108789424,-0.958704892960961,0.38325136407927207,0.0,0.0,0.0,0.06345422187226556,0.61423616686527,-0.0010252310254607832,0.0,0.0,0.0
19.1167,-5.196446737004191,0.6352084490198128,1.0,-5.29163932800293,0.6554738879203796,0.960831880569458,-0.018092820202180806,-0.27419504738526285,-0.009579894372829119,-0.9614561841603343,-0.7845032880576805,-2.3421739794264647,0.0,-0.751985490322113,-2.5956830978393555,0.09337728470563889,5.6853348001700414,1.050600766153871,-0.5851322813913248,5.633385837449469,0.43164260043417213,-0.5843312667754569,4.746984978540772,-0.5952503576537911,-0.7358673104434907,4.06534753538824,-0.8514064710795598,0.05286707661175216,0.0,0.0,0.0,0.05194896272057164,0.6189581657196989,-0.0008010146158679443,0.0,0.0,0.0
19.1333,-5.2090768493476105,0.5961757989762738,1.0,-5.299221515655518,0.6302213072776794,0.9612835645675659,-0.018092820202180806,-0.27419504738526285,-0.009579894372829119,-0.9614561841603343,-0.732182834864156,-2.3445991969635345,0.0,-0.7137420773506165,-2.5933079719543457,0.08667117357254028,5.719687119712579,1.0364507553922262,-0.545864189500819,5.6728876901387455,0.418624801049566,-0.5451740969922463,2.295854981607912,0.14258519758970617,-0.40258589534401074,3.5429609915222837,-0.5579619627551953,-0.08159096527441101,0.0,0.0,0.0,0.04679942957383371,0.6178259543426602,-0.0006900925085728172,0.0,0.0,0.0
19.15,-5.220846432463843,0.5570897440187945,1.0,-5.313223361968994,0.5797349214553833,0.9619839787483215,-0.012339648939898239,-0.27106496953375275,-0.009144433134014552,-0.9624385429054262,-0.6802887017894453,-2.3456366589179756,0.0,-0.6311529874801636,-2.599947929382324,0.07187777757644653,5.519487838102339,1.2092781430526123,-0.45933906560462445,5.482892375369814,0.5882843506180642,-0.45886444428828743,4.956839190658806,-0.39851754335756395,-0.8878713296319616,3.960363678137964,-0.5108910558955426,-0.3196196656630609,0.0,0.0,0.0,0.03659546273252512,0.6209937924345481,-0.00047462131633703523,0.0,0.0,0.0
19.1667,-5.231754784842407,0.5179994703071297,1.0,-5.325614929199219,0.529102623462677,0.9623684287071228,-0.0034070247930751106,-0.26888146775294886,-0.008310220561438424,-0.9631314792417938,-0.6288945512201193,-2.345311391458506,0.0,-0.5564510822296143,-2.6008594036102295,0.0575149841606617,5.357630059646567,1.3551593085612081,-0.3738302421669607,5.329184666451354,0.733730031210194,-0.373526349677005,4.482375073317979,-0.05469163531279953,-0.8618177404472039,4.114470983084887,-0.3762126487314422,-0.4796864473921836,0.0,0.0,0.0,0.028445393195212887,0.6214292773510142,-0.0003038924899557071,0.0,0.0,0.0
19.1833,-5.241814618941179,0.4789112503025213,1.0,-5.331216812133789,0.5037364959716797,0.9624485969543457,0.0026740489506222103,-0.26588271948139874,-0.0066779152654600216,-0.9639785887500142,-0.5780163691692344,-2.343650592737415,0.0,-0.5103757977485657,-2.6070616245269775,0.05000374838709831,5.332462142066996,1.4125687680327346,-0.3279115625906718,5.308532395340991,0.7881721351791376,-0.32768186148753153,2.7636499492327715,-0.372016531525734,-0.4505327877643829,3.7156839241917043,-0.3749738782375719,-0.4710797542125626,0.0,0.0,0.0,0.02392974672600494,0.6243966328535969,-0.00022970110314024048,0.0,0.0,0.0
19.2,-5.251026284330976,0.43988229999587725,1.0,-5.34102201461792,0.452918142080307,0.9624773263931274,0.007890343119860895,-0.2614771620901157,-0.006148340113920645,-0.9651578997181975,-0.5277355431269962,-2.340685032851068,0.0,-0.41323763132095337,-2.6077773571014404,0.04795374348759651,5.020517812328504,1.570834675816541,-0.31450465839215325,5.004830169766039,0.9460951570483596,-0.31429340534102357,5.829379614262004,-0.042951983059577634,-0.12302328950380587,4.339685525080762,-0.27695494623397937,-0.36832712421083025,0.0,0.0,0.0,0.015687642562465232,0.6247395187681815,-0.00021125305112969694,0.0,0.0,0.0
19.2167,-5.259410589558478,0.40088669412453,1.0,-5.3488383293151855,0.4023391604423523,0.9625118374824524,0.017354691907497475,-0.2594210070120874,-0.008234271940421796,-0.965573299057121,-0.4780253764307248,-2.336440691057417,0.0,-0.3112577795982361,-2.587716579437256,0.04918384552001953,4.668243566190281,1.609510955973188,-0.32080650573588854,4.659343394417837,0.9943463001337643,-0.32058427561524394,6.110405565634776,1.2019971143269381,0.07370497385751631,4.862434445477763,0.15965873366498876,-0.23783116959693634,0.0,0.0,0.0,0.008900171772444296,0.6151646558394236,-0.00022223012064459907,0.0,0.0,0.0
19.2333,-5.266966790514574,0.3619967472406304,1.0,-5.351966381072998,0.37714701890945435,0.9624730944633484,0.017354691907497475,-0.2594210070120874,-0.008234271940421796,-0.965573299057121,-0.428984201237039,-2.330953755581064,0.0,-0.2579686939716339,-2.584700107574463,0.040994711220264435,4.58281471580382,1.6293602818303916,-0.2702283238849509,4.576701186919708,1.0156289710090904,-0.2700739358564449,3.200507259865972,0.18116730626038147,-0.4918339932126697,4.3718031643266375,0.16600845741917647,-0.3128174456778072,0.0,0.0,0.0,0.006113528884111683,0.6137313108213011,-0.00015438802850595342,0.0,0.0,0.0
19.25,-5.273716301484832,0.32317790959939324,1.0,-5.356757164001465,0.326847642660141,0.9620944857597351,0.02458777599825519,-0.25960513605651936,-0.010147148806937283,-0.9653484877671639,-0.3805742035692068,-2.324247688959496,0.0,-0.16980022192001343,-2.5717461109161377,0.024040089920163155,4.294762152801566,1.7211268540753963,-0.16534309674251857,4.292113442470118,1.113531923054135,-0.16529000461435836,5.286181154137542,0.7766628071529654,-1.0165220912489101,4.641744259508956,0.3462847827264761,-0.5205639190477891,0.0,0.0,0.0,0.0026487103314473495,0.6075949310212614,-5.3092128160214164e-05,0.0,0.0,0.0
19.2667,-5.279658169347346,0.2845233426914446,1.0,-5.359804153442383,0.2770273685455322,0.9614230990409851,0.030386644981035688,-0.2543656400471755,-0.01244929396629933,-0.9665505158866945,-0.33291643535219423,-2.3163679110493822,0.0,-0.07956729084253311,-2.5412635803222656,0.006989199202507734,3.983366416312025,1.71134560981727,-0.0583957327461212,3.9827848126921688,1.1180687854387044,-0.058391245160003304,5.417390872589857,1.8301054951976066,-1.0236987609771546,4.870729316610794,0.7843357776563716,-0.6690985204579594,0.0,0.0,0.0,0.0005816036198562606,0.5932768243785657,-4.487586117895819e-06,0.0,0.0,0.0
19.2833,-5.2848143275749075,0.24599204266269797,1.0,-5.360665798187256,0.2523183524608612,0.9609570503234863,0.033648220999899746,-0.2468508991045316,-0.0140467016717107,-0.9683672557917565,-0.28596444333606696,-2.3073361161063155,0.0,-0.03740258514881134,-2.526463508605957,0.0001771845854818821,3.9473863158994305,1.6754441384552878,-0.013892101361634546,3.9472577987159725,1.089057564354118,-0.013892098477537747,2.5301381119631463,0.8880940799450628,-0.40876219857864315,4.179744012724215,0.814967124939632,-0.5922424799288427,0.0,0.0,0.0,0.0001285171834581204,0.5863865741011698,-2.884096797601896e-09,0.0,0.0,0.0
19.3,-5.289193943755575,0.20762334677521252,1.0,-5.361181259155273,0.2035989761352539,0.9597781300544739,0.03833262194093093,-0.2361503516399341,-0.01559163655072603,-0.9708350380657664,-0.2397706092687535,-2.2971898452459123,0.0,0.04207582399249077,-2.4753739833831787,-0.01768631674349308,3.68348272076965,1.5475030565410863,0.10052419731827855,3.6836453592164022,0.9845922284886196,0.10049546089212304,4.7688455341687765,3.065462140394547,-1.0718417675654122,4.353657549187622,1.4793543870388437,-0.733828955539491,0.0,0.0,0.0,-0.0001626384467522434,0.5629108280524667,2.8736426155513575e-05,0.0,0.0,0.0
19.3167,-5.29281210852203,0.16941044869777086,1.0,-5.360764026641846,0.17958992719650269,0.9590230584144592,0.03833262194093093,-0.2361503516399341,-0.01559163655072603,-0.9708350380657664,-0.19433079163326486,-2.2859555452587474,0.0,0.09531019628047943,-2.4572482109069824,-0.025493646040558815,3.5700736867044243,1.49884850128855,0.15251093257926074,3.5709082065833377,0.9441512502840387,0.1524512260451226,3.190551007759138,1.0863507759138065,-0.4679247878025778,4.010287239419062,1.3633325378912744,-0.6553291851466263,0.0,0.0,0.0,-0.0008345198789134937,0.5546972510045113,5.9706534138140775e-05,0.0,0.0,0.0
19.3333,-5.295677224395009,0.13142456403211794,1.0,-5.3584699630737305,0.13234388828277588,0.9574211239814758,0.043319363299755026,-0.22594129964924642,-0.016542427306283285,-0.9730366629914301,-0.1497325771011476,-2.273683736913169,0.0,0.1863899677991867,-2.396791458129883,-0.03226637840270996,3.2174674201279467,1.3177787142155755,0.2025751158457888,3.220658980214116,0.7900406070950886,0.20247947169755795,5.469329391384025,3.630420776840809,-0.4067017686872736,4.4410231503961395,2.0326184228495827,-0.5819298275075961,0.0,0.0,0.0,-0.00319156008616924,0.5277381071204869,9.564414823084159e-05,0.0,0.0,0.0
19.35,-5.297806367787539,0.09364676624187201,1.0,-5.3544087409973145,0.08625000715255737,0.9556706547737122,0.04718701100020572,-0.219269874998457,-0.015763005636771327,-0.9743950137720876,-0.10595572838537419,-2.2603987021307312,0.0,0.2732113301753998,-2.340287208557129,-0.03687676414847374,2.8788998401073673,1.1598312110062916,0.24046712386056812,2.8857571751627074,0.6566826021301068,0.2403421947724656,5.210330192728677,3.3909373166788286,-0.2766788195189652,4.668136650341235,2.433618987050531,-0.4918141507085537,0.0,0.0,0.0,-0.006857335055339946,0.5031486088761848,0.00012492908810251028,0.0,0.0,0.0
19.3667,-5.299214105507846,0.056062111434215404,1.0,-5.351690292358398,0.0636301264166832,0.9547797441482544,0.04959906987212813,-0.2156908331115407,-0.014911091387820607,-0.9750872757588791,-0.06298594174908474,-2.2461227373005035,0.0,0.3195028305053711,-2.3098344802856445,-0.03723492845892906,2.787640253018549,1.045423026240265,0.24857957735177594,2.797018191477876,0.5552835542626602,0.2484522097398735,2.7745952299294063,1.8252593672297008,-0.021467461202092086,4.1091286137362015,2.2540201079555793,-0.35295921118074547,0.0,0.0,0.0,-0.009377938459326713,0.4901394719776049,0.00012736761190244514,0.0,0.0,0.0
19.3833,-5.29991175726295,0.01878731384254454,1.0,-5.345148086547852,0.019290970638394356,0.9529235363006592,0.0509145783812744,-0.20647748988021078,-0.014489960077499767,-0.9770183600639512,-0.020957522014705514,-2.230930671174117,0.0,0.38663727045059204,-2.251244306564331,-0.04153415188193321,2.548928986706151,0.8757217693765604,0.2852231058896416,2.5626619857812343,0.41013223080581374,0.2850646280100032,4.033378453869624,3.5200464096944697,-0.258293584289459,4.086765782016195,2.627774212088916,-0.3250121878666352,0.0,0.0,0.0,-0.01373299907508302,0.4655895385707467,0.00015847787963839743,0.0,0.0,0.0
19.4,-5.299916335404835,-0.01829347919050806,1.0,-5.337129592895508,-0.023749304935336113,0.9509996175765991,0.04674455338453837,-0.18885936436445205,-0.014287444470404937,-0.9807869205235528,0.020259087832671257,-2.214804536360879,0.0,0.4628848731517792,-2.1843574047088623,-0.052725013345479965,2.245466164553351,0.654374794625063,0.3636231053957738,2.2651497375655105,0.216040594616005,0.3633677227657416,4.569565698854056,4.008573143200069,-0.6706752064698654,4.229297141866727,3.035411294175506,-0.42705822883168343,0.0,0.0,0.0,-0.019683573012159596,0.438334200009058,0.00025538263003221825,0.0,0.0,0.0
19.4167,-5.299242035826252,-0.0550570811549385,1.0,-5.332550525665283,-0.04477880522608757,0.9498872756958008,0.04674455338453837,-0.18885936436445205,-0.014287444470404937,-0.9807869205235528,0.060525885972238916,-2.1978262006080316,0.0,0.5044436454772949,-2.1526105403900146,-0.06408312171697617,2.1640510382282474,0.538041010374078,0.439003170710904,2.187427741790595,0.11235548457485756,0.43862590678678187,2.494599284436494,1.9056314847942755,-0.681779740608229,3.717182628325148,2.701879644838333,-0.5022566747934855,0.0,0.0,0.0,-0.023376703562347913,0.4256855257992205,0.0003772639241221369,0.0,0.0,0.0
19.4333,-5.297904502321712,-0.09152922813305216,1.0,-5.322277545928955,-0.08602984249591827,0.9472746253013611,0.042169080973483576,-0.17983215215285833,-0.013741727075885874,-0.9826970156980666,0.09987217784887474,-2.1800148198659115,0.0,0.5663379430770874,-2.095628023147583,-0.09284461289644241,1.9289137253645587,0.375780530617725,0.6263921514726428,1.9583789174598512,-0.027666341789687965,0.6256002495850241,3.7152026446848705,3.4203732325834335,-1.7264073143854828,3.7165981009652866,2.9139920842437204,-0.8636483180765183,0.0,0.0,0.0,-0.0294651920952925,0.40344687240741295,0.0007919018876187169,0.0,0.0,0.0
19.45,-5.295919345326061,-0.12769481960201365,1.0,-5.31088399887085,-0.1261303573846817,0.9440757632255554,0.036979955716466235,-0.1717008291582804,-0.012329723357073908,-0.9843776634292869,0.13828239292729266,-2.161407205255261,0.0,0.6209399700164795,-2.0443379878997803,-0.1219787523150444,1.7285950886084693,0.24613989211861012,0.8190547444757067,1.7640157928144482,-0.13780010391373845,0.8176878772443394,3.277343694099801,3.0785500651125517,-1.7487004321756179,3.5869221715638693,2.9625726079130503,-1.1249318787435292,0.0,0.0,0.0,-0.035420704205978905,0.3839399960323486,0.001366867231367304,0.0,0.0,0.0
19.4667,-5.293299651563926,-0.16357413938373935,1.0,-5.304824352264404,-0.14584988355636597,0.9422563910484314,0.03295705483116959,-0.1608128072431504,-0.01101027411759186,-0.9863731481188837,0.17577851483693346,-2.1420210657804906,0.0,0.6401141285896301,-2.023803234100342,-0.13622242212295532,1.7643769559287967,0.20284427467731816,0.9155393730386686,1.8020189640968265,-0.1734213381779615,0.9138346448025151,1.1498748927652274,1.2314698312839576,-0.854193326422648,2.867461271607123,2.45151942793324,-1.0450049096607674,0.0,0.0,0.0,-0.03764200816802966,0.37626561285527965,0.0017047282361535665,0.0,0.0,0.0
19.4833,-5.290064027229635,-0.19911094275947472,1.0,-5.292119979858398,-0.1845942884683609,0.9383262395858765,0.026689939629789116,-0.1462021017130229,-0.009636666177773322,-0.9888477160355038,0.21230299463166535,-2.1219152831794776,0.0,0.6845688819885254,-1.9742504358291626,-0.15060415863990784,1.6117272731838166,0.08448367822136246,1.0235365747731318,1.6547791675617975,-0.2735817932110455,1.0214528906289786,2.6669825354369,2.9728305179294265,-0.8628062735113641,2.808276284429393,2.605419989990033,-0.9912165421246397,0.0,0.0,0.0,-0.04305189437798087,0.3580654714324079,0.002083684144153092,0.0,0.0,0.0
19.5,-5.286229846398065,-0.23428827814792186,1.0,-5.278382301330566,-0.2224368453025818,0.9341837763786316,0.017367609916566065,-0.13235445433847304,-0.007931236099628454,-0.991018615908603,0.2478414384636935,-2.101129711406281,0.0,0.7390543818473816,-1.9331172704696655,-0.15905176103115082,1.390112465972932,0.01589181696774375,1.0971272473749276,1.440290166020514,-0.32740862313577546,1.0948032538027384,3.2708175299489044,2.4692639081710057,-0.5071177847113885,2.9448269142278547,2.565224226037357,-0.8483017407966277,0.0,0.0,0.0,-0.050177700047581965,0.3433004401035192,0.0023239935721892,0.0,0.0,0.0
19.5167,-5.281803921082211,-0.2691713550569029,1.0,-5.271181106567383,-0.24106232821941376,0.9320836663246155,0.017367609916566065,-0.13235445433847304,-0.007931236099628454,-0.991018615908603,0.2824613928264475,-2.0796532964641,0.0,0.7557421922683716,-1.9119929075241089,-0.15962840616703033,1.4247925589968466,-0.025452271084415362,1.1133548473636803,1.477261862190087,-0.361290794982162,1.1110139718796552,0.999810733212393,1.265616295513306,-0.034548330881197596,2.370622587460078,2.1815562112967153,-0.6080668607703221,0.0,0.0,0.0,-0.052469303193240314,0.3358385238977466,0.002340875484025173,0.0,0.0,0.0
19.5333,-5.276820867751784,-0.3036103700815977,1.0,-5.256302833557129,-0.2777186930179596,0.9279289841651917,0.01031624196316307,-0.1234558848452467,-0.006866480265697762,-0.9922726953860446,0.31601806614085054,-2.0576079386415578,0.0,0.7829857468605042,-1.8729326725006104,-0.1524794101715088,1.3537333222941785,-0.0807860767569249,1.0936331417449732,1.4100537146105836,-0.40304302505709455,1.0914972444526283,1.637003423921608,2.347040958125009,0.4295669598727848,2.154044801622008,2.230410333216291,-0.30173839151163107,0.0,0.0,0.0,-0.05632039231640498,0.32225694830016965,0.0021358972923449454,0.0,0.0,0.0
19.55,-5.271281060825636,-0.3377143456090571,1.0,-5.240951061248779,-0.31392422318458557,0.9239868521690369,0.004243297292872282,-0.11511711506229812,-0.0062084836667456785,-0.9933235006131182,0.348622633128388,-2.0349541054341413,0.0,0.8078175783157349,-1.8605921268463135,-0.14011777937412262,1.2912963654271274,0.025248338597556208,1.0417078948570828,1.351245726260052,-0.2927759694091684,1.0399042773164628,1.489847370830234,0.7404016707672941,0.7416667262688105,1.9579615801500083,1.7905325423523593,0.006293870147177638,0.0,0.0,0.0,-0.05994936083292454,0.3180243080067246,0.0018036175406200832,0.0,0.0,0.0
19.5667,-5.26520650756645,-0.3714342238115309,1.0,-5.233069896697998,-0.33200669288635254,0.9221267700195312,-0.00490559813872844,-0.10534474130067573,-0.004522188257824787,-0.9944134181156099,0.3802314852232783,-2.011751586793995,0.0,0.8232738971710205,-1.8631170988082886,-0.1372571885585785,1.3188893399793375,0.1327338001601521,1.0364399755757598,1.3811547210229131,-0.18615426225953854,1.0347092502192554,0.9275790527972528,-0.15153097724996423,0.17167244956359995,1.6537738252065104,1.2171998952011596,0.0551166495062884,0.0,0.0,0.0,-0.062265381043575645,0.31888806241969064,0.0017307253565043417,0.0,0.0,0.0
19.5833,-5.258609973440931,-0.40478015259855843,1.0,-5.216919422149658,-0.3682861924171448,0.9184017777442932,-0.01695845357957827,-0.09691795836132429,-0.003182929999542656,-0.9951428114759394,0.41085848243737816,-1.9880211917720412,0.0,0.8544028997421265,-1.8678582906723022,-0.1361549347639084,1.2074514958209381,0.34754720131455297,1.0511724417856523,1.274514558900333,0.027034084609364628,1.0494694022451818,1.8669941229462486,-0.28435788540460155,0.06610881129080691,1.7167203542440999,0.7739125935677575,0.05836173657487344,0.0,0.0,0.0,-0.06706306307939502,0.32051311670518834,0.0017030395404704932,0.0,0.0,0.0
19.6,-5.2515155293502485,-0.43770668112883326,1.0,-5.208614349365234,-0.38647687435150146,0.9165619015693665,-0.01695845357957827,-0.09691795836132429,-0.003182929999542656,-0.9951428114759394,0.4404672458639181,-1.9638235090603164,0.0,0.8626477122306824,-1.872118353843689,-0.1404421478509903,1.268836590113351,0.47163647700465244,1.0888757716822535,1.337200187574977,0.14965969125530576,1.08706379383435,0.4947953927600515,-0.2556588925454285,-0.2572882386607526,1.3559857718184782,0.4699642728220279,-0.03482390542313385,0.0,0.0,0.0,-0.06836359746162614,0.3219767857493467,0.0018119778479035464,0.0,0.0,0.0
19.6167,-5.243929772081952,-0.47025210389046695,1.0,-5.1916117668151855,-0.42296165227890015,0.9126502871513367,-0.022351474752979186,-0.08970533129716254,-0.004210933781571883,-0.9957086329171982,0.4690978065139233,-1.9391581335979655,0.0,0.8960393667221069,-1.8753693103790283,-0.15950310230255127,1.1321977849112925,0.6839343825508033,1.2257135572889264,1.2059562956695797,0.36083839259551903,1.2233763554069517,2.0018974857420564,-0.19490144509083632,-1.142742921056017,1.5466707154528678,0.2736837607772306,-0.3619018488840272,0.0,0.0,0.0,-0.07375851075828731,0.32309598995528427,0.002337201881974823,0.0,0.0,0.0
19.6333,-5.235882247130048,-0.5023543821314937,1.0,-5.174017429351807,-0.45996540784835815,0.9083762168884277,-0.017706299357021484,-0.08389513798302277,-0.00577782716866141,-0.9963005854045337,0.4967019429035753,-1.9140999015518532,0.0,0.925910234451294,-1.9085330963134766,-0.17632997035980225,1.0098001232895621,1.080960777746356,1.3510997207239224,1.0885583134493324,0.7463365748890531,1.3482433785812498,1.7919717947250986,-1.989515990617312,-1.0094542021854798,1.6190880775569627,-0.39445417158281554,-0.553071139249635,0.0,0.0,0.0,-0.07875819015977026,0.3346242028573028,0.002856342142672552,0.0,0.0,0.0
19.65,-5.227382359692201,-0.5340386124123643,1.0,-5.156031608581543,-0.49740609526634216,0.9039326906204224,-0.012022246292118748,-0.08157733790361694,-0.006749354173685932,-0.9965717160810043,0.5233087637892423,-1.8886575924605682,0.0,0.9407785534858704,-1.9158153533935547,-0.17902648448944092,0.9716708984532616,1.327431648594159,1.3926968450953576,1.0529788042580066,0.9902489693064729,1.3897524741353018,0.8926107493022257,-0.437186001574465,-0.1618836327202462,1.404618692029908,-0.40706938882954297,-0.4375854373726451,0.0,0.0,0.0,-0.08130790580474508,0.3371826792876862,0.002944370960055799,0.0,0.0,0.0
19.6667,-5.21844637673455,-0.5652994777939178,1.0,-5.146895885467529,-0.5162544250488281,0.901752233505249,-0.007266356393478983,-0.07937933497274728,-0.006240304537371406,-0.996798466125993,0.5489208404752435,-1.862862498358291,0.0,0.9499684572219849,-1.9258991479873657,-0.17415617406368256,1.0082217743619357,1.4998668825887576,1.3776518626059864,1.091125935433245,1.1591253749964217,1.374865512342981,0.551449969956222,-0.6050888437437408,0.29224816876019344,1.152747691439116,-0.46552835123085645,-0.2221252172714355,0.0,0.0,0.0,-0.08290416107130917,0.34074150759233596,0.002786350263005372,0.0,0.0,0.0
19.6833,-5.209090346288665,-0.5961325772908455,1.0,-5.128300666809082,-0.5541306138038635,0.8975530862808228,0.001174034709585418,-0.07269220008417543,-0.004451676580266123,-0.9973438463457238,0.5735420057006759,-1.836744959066362,0.0,0.9775201678276062,-1.92709481716156,-0.15646827220916748,0.8835139930998974,1.7164283706160017,1.2959355699732522,0.9712967894323229,1.3752636419154654,1.2936864608234662,1.652867768004005,-0.07172995780590717,1.0611233283272545,1.3003922790111657,-0.34927186782167924,0.15671320802975092,0.0,0.0,0.0,-0.08778279633242549,0.3411647287005363,0.0022491091497861535,0.0,0.0,0.0
19.7,-5.1993320503807166,-0.6265283412556707,1.0,-5.109304904937744,-0.591922402381897,0.8939411640167236,0.014571585352175334,-0.06572467274917272,-0.001865840983577226,-0.9977297007438412,0.5971726163292493,-1.8103396368800488,0.0,0.9950985908508301,-1.9172691106796265,-0.130470409989357,0.8128334780258535,1.8686342141947425,1.1615440071552565,0.9038017994390094,1.5309396194392835,1.1599802042604241,1.0544952015904117,0.5894249059626139,1.559560884738054,1.2277989673602403,-0.0721514231226078,0.570859482813687,0.0,0.0,0.0,-0.09096832141315588,0.3376945947554591,0.0015638028948323915,0.0,0.0,0.0
19.7167,-5.189181002278548,-0.6565022015422505,1.0,-5.099672317504883,-0.6108062267303467,0.8923381567001343,0.014571585352175334,-0.06572467274917272,-0.001865840983577226,-0.9977297007438412,0.6198326160787258,-1.783658912548492,0.0,0.9995043873786926,-1.9121837615966797,-0.11669646948575974,0.8644456227753401,1.9565236525067504,1.0905070002855122,0.9562212514484331,1.6206180788320084,1.0892559539565236,0.26413644744929315,0.3048770029016166,0.8257757000328755,0.943308178091888,0.039154259395944704,0.6461154093808958,0.0,0.0,0.0,-0.09177562867309295,0.335905573674742,0.0012510463289884997,0.0,0.0,0.0
19.7333,-5.1786768533259275,-0.6859834405999838,1.0,-5.080501079559326,-0.6482539176940918,0.8896176815032959,0.02953592533182249,-0.06270624585063507,0.0019031409445094964,-0.9975931028078173,0.6414784510072737,-1.7567927248516204,0.0,0.9898540377616882,-1.881156325340271,-0.08500263094902039,0.9487189466237957,1.9835029649463811,0.9176234888780493,1.0387309186337128,1.6584098790886006,0.916959711122339,-0.5793779164638859,1.862793793478572,1.9028025786550629,0.49378341200661124,0.5775259815213214,1.0171124309141786,0.0,0.0,0.0,-0.0900119720099171,0.32509308585778046,0.0006637777557103922,0.0,0.0,0.0
19.75,-5.167815580688906,-0.7150279410874547,1.0,-5.070891857147217,-0.6668206453323364,0.8885447978973389,0.04189687621092049,-0.05814237765235546,0.0059317053125747966,-0.9974111970096443,0.6621617450352605,-1.7297170547377847,0.0,1.000124216079712,-1.8762462139129639,-0.06028652936220169,0.9577243844973871,2.0743294855421452,0.7784042882620236,1.0496138752159019,1.7509312721756836,0.7780704020201663,0.6165729130882858,0.2947798580098477,1.4838377955742585,0.5300331170172626,0.49405415795410457,1.154898289158386,0.0,0.0,0.0,-0.09188949071851482,0.32339821336646163,0.00033388624185730527,0.0,0.0,0.0
19.7667,-5.156603280383181,-0.743656008696501,1.0,-5.05150842666626,-0.703557014465332,0.8873158693313599,0.04905194286308975,-0.05183366186513347,0.007371146629767327,-0.9974231245677729,0.6819052294397905,-1.7024369750033836,0.0,1.0036871433258057,-1.8362423181533813,0.0036158892326056957,0.9544957974571766,2.0472127367496196,0.40489367008477417,1.0470411641872845,1.7374580099065047,0.40489487120974155,0.2135986164115318,2.398246215856953,3.8309702260033873,0.4366158687907981,1.056206457414055,1.944923636955742,0.0,0.0,0.0,-0.09254536673010784,0.30975472684311495,-1.2011249673819272e-06,0.0,0.0,0.0
19.7833,-5.145087830096242,-0.7717842310067888,1.0,-5.031959533691406,-0.7394307851791382,0.8873835802078247,0.057490291490362645,-0.0472705368343311,0.008173074716384126,-0.9971928763343578,0.70066199663446,-1.675057446191596,0.0,1.021860957145691,-1.7866523265838623,0.058698657900094986,0.8588650249096892,1.9598376274166796,0.07781012539014343,0.9547921813155518,1.6665876029681053,0.07812665497023125,1.091085410016747,2.977191073959034,3.3069561420655424,0.6298272394609707,1.6233162271120056,2.347020527082429,0.0,0.0,0.0,-0.0959271564058626,0.29325002444857423,-0.00031652958008782296,0.0,0.0,0.0
19.8,-5.13326031795086,-0.799472705366925,1.0,-5.012160778045654,-0.7745474576950073,0.8884080052375793,0.06519497576689948,-0.05257194853977105,0.009557261515178892,-0.9964409765569235,0.7184837813810848,-1.6475456843679213,0.0,1.0274527072906494,-1.7556637525558472,0.09425992518663406,0.8338396523766649,1.9818091940331202,-0.13696019313378882,0.9308195318807064,1.6986434952205185,-0.13614396390993885,0.3355341278129873,1.859475815104651,2.1338612229788696,0.5429465339451942,1.6930348539062958,2.2840920044810535,0.0,0.0,0.0,-0.09697987950404158,0.2831656988126016,-0.0008162292238499744,0.0,0.0,0.0
19.8167,-5.121139040962154,-0.8267119168630908,1.0,-5.002225399017334,-0.7918945550918579,0.8891759514808655,0.0711815911790943,-0.05352666619622941,0.010400535660184873,-0.9959718821329973,0.7353746356646073,-1.6199348665781002,0.0,1.0239399671554565,-1.742447018623352,0.10799213498830795,0.909280618879091,2.022687817795821,-0.21949699077667673,1.005598506321371,1.7437694456415835,-0.21842561403799401,-0.2106470890998513,0.792562621525792,0.8234739577376187,0.32047192257658547,1.4271989924806197,1.8528908605618748,0.0,0.0,0.0,-0.09631788744228009,0.27891837215423765,-0.0010713767386827183,0.0,0.0,0.0
19.8333,-5.108753740557483,-0.8534693351370708,1.0,-4.982357978820801,-0.8261038661003113,0.8911764621734619,0.0751589339553287,-0.04525014467435339,0.01050409046697614,-0.996089008225009,0.7513263288302015,-1.5922825246353964,0.0,1.0246232748031616,-1.7043768167495728,0.1379973441362381,0.9061569849716313,2.000028883571027,-0.40590532318781014,1.0026034672756177,1.7331653729359366,-0.404155881727119,0.0410207966565045,2.2854566533556615,1.8012934396782458,0.23797284252283354,1.6805723408189095,1.8376583588425472,0.0,0.0,0.0,-0.09644648230398624,0.26686351063509034,-0.0017494414606911363,0.0,0.0,0.0
19.85,-5.0961059346338775,-0.8797746709089576,1.0,-4.962523937225342,-0.8593975901603699,0.8938709497451782,0.0751589339553287,-0.04525014467435339,0.01050409046697614,-0.996089008225009,0.7663689228089359,-1.5645821775636743,0.0,1.0202994346618652,-1.6556909084320068,0.16831277310848236,0.9296650561351159,1.9103019997704695,-0.5977329056702138,1.0252992608230946,1.6584667687360464,-0.5951303974530776,-0.2594455014949715,2.9213244445716082,1.8190315589190427,0.09112585577973675,2.0468650397562858,1.8321593870528472,0.0,0.0,0.0,-0.09563420468797877,0.25183523103442323,-0.0026025082171361445,0.0,0.0,0.0
19.8667,-5.083211068222025,-0.905625908513258,1.0,-4.952668190002441,-0.8757287859916687,0.8954100012779236,0.07605362462133992,-0.04305851118596493,0.011872851519215948,-0.9961029166850176,0.780512929374439,-1.5368589629196985,0.0,1.0103960037231445,-1.634552240371704,0.17737184464931488,1.0331598313893278,1.901879184766236,-0.6562951654202754,1.126946519137335,1.6564334051313874,-0.653404969232543,-0.5940194774550602,1.2679222617872925,0.5433738041100005,-0.11114156936979391,1.8169068945336613,1.4516863271241844,0.0,0.0,0.0,-0.09378668774800718,0.24544577963484857,-0.002890196187732423,0.0,0.0,0.0
19.8833,-5.070093533465896,-0.9310042334931765,1.0,-4.933053016662598,-0.9078351259231567,0.8987285494804382,0.07791608200323519,-0.04577627827229406,0.013753823221408648,-0.9958134942762934,0.7937608277880122,-1.5091563043858007,0.0,1.006225347518921,-1.6034541130065918,0.1884363740682602,1.0498878012803243,1.9135603097951706,-0.735900336948348,1.1429018320860331,1.6773651299625394,-0.7326383108133342,-0.25031122558488944,1.8664234098876726,0.6640623882092008,-0.15222699556494834,1.8315250749067893,1.2191653445199437,0.0,0.0,0.0,-0.09301403080570879,0.2361951798326312,-0.0032620261350137826,0.0,0.0,0.0
19.9,-5.056755264175419,-0.9559345907497822,1.0,-4.923309326171875,-0.9236761331558228,0.9004358649253845,0.0804692761828414,-0.04851866702068764,0.015195751202663331,-0.9954595450424989,0.8061385355186048,-1.4814696838370423,0.0,0.9977903366088867,-1.5900774002075195,0.18661129474639893,1.1382780441109557,1.9509121934053597,-0.7301664974833818,1.2297391705065452,1.7186414614679817,-0.726967353323348,-0.5059274406898425,0.802328075619557,-0.10946728109940082,-0.2566458317436631,1.527687309516783,0.8269287092868329,0.0,0.0,0.0,-0.0914611263955896,0.23227073193737802,-0.003199144160033728,0.0,0.0,0.0
19.9167,-5.043212781866628,-0.9804127687544724,1.0,-4.90413236618042,-0.954913854598999,0.9037284851074219,0.0804692761828414,-0.04851866702068764,0.015195751202663331,-0.9954595450424989,0.8176564323846408,-1.453825561573573,0.0,0.9740888476371765,-1.5540052652359009,0.17938655614852905,1.2676851601933994,1.929916632382637,-0.7000689518676643,1.3548527626267037,1.7080648458415115,-0.6971127251120662,-1.420688398548032,2.162195958498871,-0.433057278417698,-0.6002924733114354,1.7150058599603464,0.45495781625858545,0.0,0.0,0.0,-0.08716760243330446,0.22185178654112558,-0.002956226755598058,0.0,0.0,0.0
19.9333,-5.029507624990835,-1.004392042530485,1.0,-4.885326862335205,-0.9854225516319275,0.9068815112113953,0.07912042161398891,-0.04760788152690132,0.015007228349274135,-0.9956145190044734,0.8283073968791919,-1.4262995902771618,0.0,0.9541198015213013,-1.517162799835205,0.16395403444766998,1.3730325564555654,1.901329811841351,-0.6201386021070482,1.4566628799764092,1.6898726838054288,-0.617669141092563,-1.1995338279101742,2.2131144019248397,-0.9270263448098075,-0.7771994738532702,1.8620566057524335,0.04697083262551738,0.0,0.0,0.0,-0.0836303235208437,0.21145712803592231,-0.0024694610144852113,0.0,0.0,0.0
19.95,-5.0156212780573775,-1.027931724521026,1.0,-4.876095294952393,-1.0003917217254639,0.9083440899848938,0.07912042161398891,-0.04760788152690132,0.015007228349274135,-0.9956145190044734,0.8381325701430529,-1.3988458930386158,0.0,0.9397467374801636,-1.502853274345398,0.15596440434455872,1.4895494315239988,1.9306818801439822,-0.5764586523838636,1.570679083282209,1.7231947698318275,-0.5742240053243785,-0.8624216760607708,0.8586091957311665,-0.479398836943149,-0.8023586255980526,1.5658205897531656,-0.10842311457951653,0.0,0.0,0.0,-0.08112965175821031,0.20748711031215483,-0.002234647059485203,0.0,0.0,0.0
19.9667,-5.001572998189347,-1.0510229930086765,1.0,-4.857965469360352,-1.0299588441848755,0.9109180569648743,0.08099724843704835,-0.053210771615373215,0.015005879650121774,-0.9951799007026291,0.8471414801916061,-1.371495274536104,0.0,0.9109300374984741,-1.4751603603363037,0.12873175740242004,1.6449754639475471,1.9533207476315777,-0.42296253072031276,1.7212058298657462,1.7534098698823124,-0.42144012868888103,-1.7286080004576594,1.661196207148067,-1.6335864761659586,-1.0758043706265907,1.5939772152408305,-0.5586792151706206,0.0,0.0,0.0,-0.07623036591819911,0.19991087774926541,-0.0015224020314317068,0.0,0.0,0.0
19.9833,-4.987382486696687,-1.073657461013198,1.0,-4.84911584854126,-1.0445082187652588,0.9119728207588196,0.08219316526354498,-0.05862491362823414,0.014510401299027696,-0.994784900438385,0.8553451991433235,-1.3442783769718452,0.0,0.8911614418029785,-1.45367431640625,0.11303351074457169,1.789422011430636,1.9383753290383061,-0.3311123813854385,1.862379644081374,1.7442455352349122,-0.3299386400699976,-1.1860150763113102,1.2890532248144069,-0.9418148610376049,-1.1083405853264894,1.5039580800032317,-0.6717878606117766,0.0,0.0,0.0,-0.07295763265073793,0.19412979380339387,-0.0011737413154408755,0.0,0.0,0.0
20.0,-4.973070461447514,-1.0958262777611254,1.0,-4.83190393447876,-1.073045015335083,0.9138048887252808,0.08379580971488385,-0.05978024303961477,0.013288437720151366,-0.9945994121580886,0.8627560575905924,-1.317226739934395,0.0,0.8584243059158325,-1.4151257276535034,0.09892140328884125,1.96665353332433,1.8914038107366884,-0.25272810077753205,2.034349371605943,1.707433385607213,-0.25182914465276823,-1.9650452229663977,2.313877440036636,-0.8470786643482741,-1.3612554528203065,1.743061078427322,-0.7235369097613569,0.0,0.0,0.0,-0.06769583828161298,0.18397042512947534,-0.0008989561247638041,0.0,0.0,0.0
20.0167,-4.958630028177528,-1.1175627184314136,1.0,-4.8151679039001465,-1.100743055343628,0.9153851866722107,0.08659209769707778,-0.062092500808441406,0.012385989399836057,-0.994229868590345,0.8694001749458472,-1.2903197403470623,0.0,0.833368718624115,-1.3599870204925537,0.09340047091245651,2.0971117675756203,1.74109371319497,-0.2246826982163702,2.1609134818681333,1.5711803697975353,-0.22388128575649893,-1.5029066857347158,3.3073793350017877,-0.33116151233464425,-1.4030734858142424,2.204876419674472,-0.6077005207797408,0.0,0.0,0.0,-0.06380171429251284,0.16991334339743458,-0.000801412459871292,0.0,0.0,0.0
20.0333,-4.944092665392037,-1.1388412126385783,1.0,-4.798801898956299,-1.127619981765747,0.9169043898582458,0.08850200057659516,-0.06843453993558408,0.012611222158278314,-0.9936423415221032,0.8752849123801032,-1.2636085598257454,0.0,0.8096937537193298,-1.3216441869735718,0.09143414348363876,2.218046048224519,1.687724214292034,-0.2177112155283828,2.278274200043924,1.5272567245658804,-0.2169431915833601,-1.4206618309798704,2.300835515115098,-0.11799326151336967,-1.4082658867790077,2.2332052985457844,-0.46312998719501036,0.0,0.0,0.0,-0.06022815181940481,0.16046748972615363,-0.0007680239450226929,0.0,0.0,0.0
20.05,-4.929460695124655,-1.1596800606390856,1.0,-4.790783882141113,-1.1407572031021118,0.917646586894989,0.08850200057659516,-0.06843453993558408,0.012611222158278314,-0.9936423415221032,0.8804313419739084,-1.2370897070625946,0.0,0.79380202293396,-1.3000969886779785,0.08926261216402054,2.3311664952808173,1.6664474085210068,-0.20564746968132452,2.3890536710090946,1.5111695749211376,-0.20491549317492355,-0.9533547399736827,1.2926297271010927,-0.13027150437668059,-1.2739678015804905,1.9555301984375435,-0.3648640792292178,0.0,0.0,0.0,-0.057887175728277125,0.15527783359986913,-0.0007319765064009673,0.0,0.0,0.0
20.0667,-4.914743089850079,-1.180086756887569,1.0,-4.775172710418701,-1.1661449670791626,0.9191009998321533,0.08737359444033439,-0.07540184402399859,0.012662093404430927,-0.993237268161065,0.8848567210568675,-1.2107722313590066,0.0,0.7625740766525269,-1.2319616079330444,0.0952644869685173,2.495421482921942,1.427073823691849,-0.2462331494600255,2.54884371548481,1.2876450824975756,-0.24539942983510402,-1.8729819393402067,4.086606798129585,0.35997894353005105,-1.4508077235584784,2.584662961527397,-0.150877170555527,0.0,0.0,0.0,-0.0534222325628681,0.13942874119427334,-0.0008337196249214987,0.0,0.0,0.0
20.0834,-4.899964389643216,-1.2000474790080635,1.0,-4.767556667327881,-1.1784005165100098,0.9199342131614685,0.0854567585688731,-0.08120922387136413,0.011442953664404808,-0.9929608691285305,0.8885743003810528,-1.1846924917812078,0.0,0.7488383054733276,-1.206854224205017,0.10247249901294708,2.591921538489302,1.3800831531790216,-0.29097820228706495,2.6434365809607328,1.2462796178945217,-0.2900135459678413,-0.8240763256139949,1.5063151721474446,0.4324440181087382,-1.265785159770317,2.266314984545958,0.021329906020809863,0.0,0.0,0.0,-0.05151504247143061,0.13380353528449987,-0.0009646563192236488,0.0,0.0,0.0
20.1,-4.885123542113472,-1.2195832715471457,1.0,-4.752499580383301,-1.202077031135559,0.9217453598976135,0.08486114737288736,-0.08704375155752676,0.010070863011132651,-0.9925324464134172,0.8916044866441233,-1.1588411345136775,0.0,0.7339688539505005,-1.1511744260787964,0.11292348802089691,2.6552175524386894,1.2068200743488846,-0.3601308247789211,2.7047070700299325,1.0850781325717305,-0.3589593673059679,-0.8919765446224256,3.3400743707093823,0.6269254147597254,-1.1554300242727147,2.5833083810331052,0.20011276900319971,0.0,0.0,0.0,-0.04948951759124324,0.12174194177715414,-0.0011714574729532123,0.0,0.0,0.0
20.1167,-4.870250159903283,-1.2386744670508525,1.0,-4.737949371337891,-1.2248115539550781,0.9236825704574585,0.08065787608593807,-0.09601056503029858,0.010913968568744596,-0.9920469990122688,0.8939612624604766,-1.1332620899727281,0.0,0.6982842087745667,-1.105836272239685,0.11589538305997849,2.8431418760448244,1.0908436405693036,-0.38510586434203786,2.8879361395325955,0.9785022952053485,-0.3838719351777348,-2.1423679200721413,2.7219272003778823,0.17842107052373932,-1.4467921299202107,2.624231190116193,0.1937089831409426,0.0,0.0,0.0,-0.04479426348777102,0.11234134536395513,-0.0012339291643030123,0.0,0.0,0.0
20.1333,-4.855339138761366,-1.2573464770845992,1.0,-4.730837345123291,-1.2359020709991455,0.9246233105659485,0.08065787608593807,-0.09601056503029858,0.010913968568744596,-0.9920469990122688,0.8956651394475168,-1.107938879215668,0.0,0.686369001865387,-1.0887728929519653,0.11222651600837708,2.923075704058418,1.0860544970403947,-0.36528481504395016,2.9663543118225837,0.9771533239521017,-0.3641277735870281,-0.7151995649498404,1.024213975986376,-0.22022044091761236,-1.2308126330207023,2.151876864109194,0.07150945154279037,0.0,0.0,0.0,-0.0432786077641657,0.10890117308829299,-0.0011570414569221064,0.0,0.0,0.0
20.15,-4.840402271032023,-1.2756021493394352,1.0,-4.717026233673096,-1.2574516534805298,0.9263429045677185,0.07484852768440202,-0.10456124982610443,0.012299546213540217,-0.9916216108702484,0.8967330198931435,-1.0828843311906595,0.0,0.6514163613319397,-1.0433412790298462,0.09642402082681656,3.1051122674835363,0.9632433470072156,-0.2766123339334433,3.1440952697547018,0.8632408742206101,-0.2757581951674472,-2.096950451996796,2.725626501888088,-0.9480556807128963,-1.4865123480604123,2.321258243919662,-0.2294848106525647,0.0,0.0,0.0,-0.038983002271165405,0.10000247278660544,-0.0008541387659960978,0.0,0.0,0.0
20.1667,-4.825454284645975,-1.2934408472965573,1.0,-4.703699588775635,-1.2781957387924194,0.9277686476707458,0.07017995947043176,-0.11063444606039727,0.013299775222400782,-0.9912910952842259,0.8971820340884791,-1.0581157854015646,0.0,0.6273499727249146,-0.998888373374939,0.08482761681079865,3.2216802707675667,0.8421087762017347,-0.21175581141174915,3.2578360499573678,0.7504462388794091,-0.21109476418090276,-1.4445219593869403,2.668169264013509,-0.6960437864022095,-1.4741160178425423,2.423672717735151,-0.3672215478492301,0.0,0.0,0.0,-0.036155779189801104,0.0916625373223256,-0.0006610472308463981,0.0,0.0,0.0
20.1833,-4.810498502524728,-1.3108753845696217,1.0,-4.690772533416748,-1.298201322555542,0.9289401173591614,0.06536062934515999,-0.11690093037613909,0.01404063252552528,-0.9908910373981605,0.8970297116714137,-1.033631458908439,0.0,0.6099038124084473,-0.9664763808250427,0.06722686439752579,3.2980294402367436,0.7893329027872236,-0.10963917166260784,3.3322022473046045,0.7035223996214567,-0.10922398473681552,-1.0464113600938094,1.9440539690257261,-1.0556837113357835,-1.3478497854815163,2.282080496860095,-0.5704681619126126,0.0,0.0,0.0,-0.03417280706786093,0.0858105031657669,-0.0004151869257923157,0.0,0.0,0.0
20.2,-4.795553571080953,-1.3279004164571262,1.0,-4.684373378753662,-1.3079220056533813,0.9293986558914185,0.06085753097553251,-0.12379394471715258,0.014277582107853536,-0.9903371435150303,0.8962935978938137,-1.0094545302150433,0.0,0.605515718460083,-0.9445491433143616,0.0630594789981842,3.3263182896125056,0.7476209133645451,-0.08457431069662447,3.360001137288937,0.6656599460352609,-0.08420900309032327,-0.2633009542066637,1.3157107909758086,-0.25005767084877184,-1.0276711475928448,1.9967904968116839,-0.4758771286315466,0.0,0.0,0.0,-0.03368284767643157,0.08196096732928417,-0.00036530760630119435,0.0,0.0,0.0
20.2167,-4.780618395630267,-1.3445330663547304,1.0,-4.671656131744385,-1.3269881010055542,0.9301855564117432,0.05631077637338183,-0.1317566592442627,0.014458771409601865,-0.9895758449903781,0.8949905172376944,-0.9855759273585349,0.0,0.5903668403625488,-0.9202782511711121,0.054704662412405014,3.3852032989957923,0.7383109962230495,-0.03605120324762423,3.417221864498668,0.6605080083497658,-0.03577628305272124,-0.9083228499542544,1.4552764752973468,-0.5009526621826396,-0.9924373487353625,1.8369256601106263,-0.483279884455167,0.0,0.0,0.0,-0.03201856550287536,0.07780298787328375,-0.00027492019490299083,0.0,0.0,0.0
20.2333,-4.765725096259611,-1.3607534465121716,1.0,-4.665359973907471,-1.3362631797790527,0.9305528998374939,0.05631077637338183,-0.1317566592442627,0.014458771409601865,-0.9895758449903781,0.8931404552325484,-0.9620393636147004,0.0,0.5797387957572937,-0.8975643515586853,0.05439719557762146,3.4468075425165745,0.6888741808500801,-0.03372934414515838,3.4776836601338963,0.614864394688054,-0.03345750563623262,-0.6379935881839389,1.3634984471382978,-0.01845700469436533,-0.8877990722567508,1.6971612937512701,-0.34605567452599073,0.0,0.0,0.0,-0.030876117617321962,0.0740097861620261,-0.0002718385089257586,0.0,0.0,0.0
20.25,-4.750860260937474,-1.3765916254403285,1.0,-4.653031349182129,-1.3542611598968506,0.9312595725059509,0.051101799950715864,-0.1396348798768206,0.014482879406950065,-0.9887774993858847,0.890758584207545,-0.9388159916360568,0.0,0.5655543804168701,-0.8606277108192444,0.05240786075592041,3.4973281052744256,0.5973848545742845,-0.023036172609054106,3.526711820036666,0.529341046705211,-0.022783853104287544,-0.8513702060675443,2.216993417286777,-0.11940290497996565,-0.8770446051272455,1.8506252378769859,-0.27914363429849975,0.0,0.0,0.0,-0.029383714762240148,0.06804380786907352,-0.0002523195047665638,0.0,0.0,0.0
20.2667,-4.736034977843005,-1.392050122090236,1.0,-4.640872955322266,-1.3715676069259644,0.9319535493850708,0.046868127944372305,-0.14567934908258623,0.014529451674554624,-0.9881143187245658,0.8878620862214279,-0.9159160227651514,0.0,0.550240159034729,-0.8275417685508728,0.04931773245334625,3.5532698171953108,0.525171729670362,-0.005696814755240198,3.581083758031502,0.46225910488079464,-0.0054733730901788446,-0.9187490166349606,1.9849312717234278,-0.18538665913349447,-0.8893565096588218,1.890274833853809,-0.25146486158191583,0.0,0.0,0.0,-0.027813940836191268,0.06291262478956734,-0.0002234416650613535,0.0,0.0,0.0
20.2833,-4.721261931358812,-1.4071298882726568,1.0,-4.634831428527832,-1.379992127418518,0.9322404265403748,0.04434943754571734,-0.14974484989501524,0.014453039438204342,-0.9876238558484445,0.8844688790030062,-0.8933517493127099,0.0,0.5525330305099487,-0.8146609663963318,0.04405532777309418,3.532093591029507,0.5292306914273496,0.026702524050036813,3.560139818311548,0.4682613119970835,0.02688082548239404,0.1375330711476582,0.772627815516625,-0.3156542724347515,-0.5861999363782922,1.5603250061905425,-0.2704147488908892,0.0,0.0,0.0,-0.028046227282040797,0.06096937943026611,-0.00017830143235722558,0.0,0.0,0.0
20.3,-4.7065542984639865,-1.4218315671951032,1.0,-4.622737884521484,-1.3964812755584717,0.9328028559684753,0.041070670881016916,-0.15407094467178714,0.014830633054013465,-0.9870944492842991,0.880597581115611,-0.8711357530052575,0.0,0.538354754447937,-0.7837219834327698,0.044778309762477875,3.577371803245674,0.46481871460177293,0.02179238763814284,3.6039971372306985,0.4083923570683619,0.021976589218189783,-0.8506973750089407,1.8563407481582148,0.043378960732422575,-0.6642844146274249,1.6477142636621545,-0.17777711042962605,0.0,0.0,0.0,-0.026625333985024705,0.056426357533411,-0.0001842015800469422,0.0,0.0,0.0
20.3167,-4.691911082822208,-1.436169745370201,1.0,-4.610835552215576,-1.4123992919921875,0.9332502484321594,0.03614907801327854,-0.1587388345849142,0.015470843682893946,-0.9865373522406822,0.876263011025521,-0.8492590798862604,0.0,0.5276737213134766,-0.7561929821968079,0.028656136244535446,3.6005811437027617,0.4175646034558696,0.11851345602438756,3.6261604575957693,0.3650326871442655,0.11858889455579245,-0.6408625992418282,1.6517416493813033,-0.967331333595594,-0.6573698666321768,1.6489032215371942,-0.4108679482256258,0.0,0.0,0.0,-0.02557931389300744,0.05253191631160407,-7.543853140488606e-05,0.0,0.0,0.0
20.3333,-4.677346971885836,-1.4501432063892576,1.0,-4.604865550994873,-1.4201695919036865,0.9333980083465576,0.03614907801327854,-0.1587388345849142,0.015470843682893946,-0.9865373522406822,0.8714842009773051,-0.827736267682956,0.0,0.5270245671272278,-0.7432112097740173,0.0286468006670475,3.5913625220313476,0.41624090876647435,0.12005070243024762,3.6168789383261526,0.3654971701387464,0.12012609181702726,-0.038949845502403296,0.7789182307164111,-0.0005601431963836118,-0.47480097319132925,1.3920677510520532,-0.28973758475925243,0.0,0.0,0.0,-0.025516416294804962,0.050743738627727936,-7.538938677963388e-05,0.0,0.0,0.0
20.35,-4.662867746523354,-1.4637593741753994,1.0,-4.593008041381836,-1.4353078603744507,0.9336971640586853,0.03314861225765161,-0.1622047279886469,0.015363874981373288,-0.9860805646965211,0.8662777020821781,-0.8065683202645679,0.0,0.5184265375137329,-0.7111260294914246,0.027421224862337112,3.5984599583697356,0.3366376458501622,0.12811783880842087,3.623150601774556,0.2901806514040096,0.12818691552065595,-0.516029906274594,1.9256635901838735,-0.07355566287472276,-0.4869725078014269,1.5495949955888113,-0.22591673014288471,0.0,0.0,0.0,-0.024690643404820172,0.04645699444615257,-6.907671223508521e-05,0.0,0.0,0.0
20.3667,-4.648473807267088,-1.4770302607308365,1.0,-4.581259250640869,-1.449838399887085,0.9339579343795776,0.032696150033818976,-0.1638925986360309,0.014320066131152514,-0.9858322354650949,0.8606576388987472,-0.7857484805389452,0.0,0.5072292685508728,-0.6850516200065613,0.021353580057621002,3.6198175613006853,0.28955794323977835,0.16542201191164396,3.643453157937037,0.24644530957194902,0.16546390085000395,-0.6716062005748688,1.5639291281156602,-0.3639340885040541,-0.5414797485598419,1.553826693503572,-0.26666197695037763,0.0,0.0,0.0,-0.023635596636351494,0.04311263366782934,-4.188893836000147e-05,0.0,0.0,0.0
20.3833,-4.634180943613299,-1.4899534253456133,1.0,-4.575407028198242,-1.4569506645202637,0.9340099692344666,0.032662680167745255,-0.16696934491910648,0.013305422900101225,-0.9853311094363003,0.8546439890462795,-0.7652921926030704,0.0,0.5089133977890015,-0.6786313056945801,0.014061551541090012,3.5916342117018423,0.3226543933483965,0.21111285620183595,3.615427021195637,0.28034607742728246,0.21113102074352538,0.1010854477024571,0.38536255527411667,-0.4376849178580117,-0.3517827581052083,1.208874723235618,-0.3171510749867979,0.0,0.0,0.0,-0.02379280949379492,0.04230831592111405,-1.8164541689432212e-05,0.0,0.0,0.0
20.4,-4.619987226601919,-1.5025424192373986,1.0,-4.563804626464844,-1.471101999282837,0.9339607954025269,0.028180468195732947,-0.16976186866089277,0.01296045094503957,-0.9849969270744575,0.8482495132685876,-0.745189292595222,0.0,0.49137288331985474,-0.6676915287971497,0.0017130909254774451,3.648274648386195,0.36330367596012086,0.28765142357472884,3.670455607973977,0.32234841561541017,0.2876516931740458,-1.0521308544869503,0.6561994994637111,-0.7406964283719163,-0.5585383168049926,1.0457148956286848,-0.44218940467778817,0.0,0.0,0.0,-0.022180959587781938,0.0409552603447107,-2.695993170078312e-07,0.0,0.0,0.0
20.4167,-4.6059077643433675,-1.514795336349999,1.0,-4.552237033843994,-1.4849895238876343,0.9337122440338135,0.02218194432320027,-0.1702977605713527,0.012765774651767732,-0.9850602737877694,0.8414943443616766,-0.7254537768784344,0.0,0.49670103192329407,-0.6552766561508179,-0.005463121924549341,3.5661507153975482,0.39322594949332595,0.3341608576259739,3.58881531666599,0.35377955151862195,0.3341581158008938,0.31971666261319903,0.7449570093992761,-0.43061014122832586,-0.29926139453075995,0.9569256704962259,-0.43877099446693124,0.0,0.0,0.0,-0.022664601268442042,0.039446397974703985,2.7418250801275704e-06,0.0,0.0,0.0
20.4333,-4.591940002557224,-1.526725590861842,1.0,-4.546310901641846,-1.4918819665908813,0.933562159538269,0.02218194432320027,-0.1702977605713527,0.012765774651767732,-0.9850602737877694,0.8343903447292174,-0.7060746676124444,0.0,0.5073467493057251,-0.6504715085029602,-0.0067406813614070415,3.4787520990604794,0.4331743212202215,0.34479192625558086,3.502398645574802,0.3943043234409193,0.344787752129579,0.6385426945242896,0.28821842778897994,-0.0766295230204356,-0.022404486679851704,0.7595110701184626,-0.33186021303679253,0.0,0.0,0.0,-0.02364654651432246,0.03886999777930218,4.174126001845064e-06,0.0,0.0,0.0
20.45,-4.578096789265179,-1.538333057978681,1.0,-4.5342302322387695,-1.5053861141204834,0.9333157539367676,0.019088286617159687,-0.17034993310145313,0.011140760760581713,-0.9851358009403008,0.8269568265961476,-0.6870624403809082,0.0,0.5133482217788696,-0.625758171081543,-0.0007075640023685992,3.3868147891015674,0.38616569803551903,0.31204722945544405,3.4110240807545846,0.3501931652492132,0.3120471834626898,0.3602226706163511,1.4833533679646245,0.3621220720314311,0.09055404364128393,0.9732025465070039,-0.12698395818819846,0.0,0.0,0.0,-0.024209291653017394,0.03597253278630584,4.599275429621109e-08,0.0,0.0,0.0
20.4667,-4.5643769791482525,-1.5496292635982125,1.0,-4.522031784057617,-1.5184850692749023,0.9331774711608887,0.019951427732882488,-0.17256743158393714,0.007947799811093384,-0.9847635599742527,0.8192057367090662,-0.6684081793060963,0.0,0.5192065238952637,-0.6132714748382568,-0.005144787952303886,3.293565781771121,0.4099322566269117,0.3415895618555135,3.3183307765124237,0.3753810285769316,0.34158713025112974,0.3514733228436561,0.7491489057359462,-0.2662146497226345,0.1675821838271988,0.9070578165995915,-0.16808740312519838,0.0,0.0,0.0,-0.024764994741303028,0.034551228049980044,2.4316043837471958e-06,0.0,0.0,0.0
20.4833,-4.550790827574621,-1.560616001986137,1.0,-4.515885829925537,-1.5249583721160889,0.9330496191978455,0.020513171466547804,-0.17319359677555135,0.0068153139916056924,-0.9846506064202435,0.8111551315450625,-0.6501185410026713,0.0,0.5164941549301147,-0.6032790541648865,-0.008253319188952446,3.280570409892518,0.41485493695255027,0.3631115267002508,3.3050773325753227,0.3814204662529874,0.3631052689930121,-0.16275393419170242,0.5995886981402003,-0.18652539341917024,0.07006092405284822,0.8162873130479539,-0.1735306348612827,0.0,0.0,0.0,-0.024506922682804622,0.03343447069956282,6.25770723871059e-06,0.0,0.0,0.0
20.5,-4.53734182184334,-1.571300485558827,1.0,-4.503632545471191,-1.5375813245773315,0.9327648878097534,0.019675982272795597,-0.17109513152997424,0.005926689837601959,-0.9850402118878782,0.8028192622129718,-0.6321908875145792,0.0,0.5148342251777649,-0.5847931504249573,-0.012333856895565987,3.229238235749295,0.3989908983295728,0.3912593857881882,3.25358788888483,0.36757405741862087,0.391245410661007,-0.09960442924791485,1.1092504899927038,-0.2448535118528162,0.01997261069135272,0.9027753975313868,-0.19458645175668926,0.0,0.0,0.0,-0.02434965313553525,0.031416840910951906,1.397512718121162e-05,0.0,0.0,0.0
20.5167,-4.5240345806656865,-1.581688763737853,1.0,-4.491239547729492,-1.5498987436294556,0.9324626326560974,0.01880217800439956,-0.16651452247175721,0.0048610910667010775,-0.9858477876521954,0.7942128910134824,-0.6146241063972635,0.0,0.5170129537582397,-0.5618907809257507,-0.008314015343785286,3.1527355337198144,0.35452345430977406,0.3709037251937696,3.1772917136811185,0.3255191955049791,0.37089737510784515,0.13067336841503174,1.3736129382829034,0.24109760195618601,0.05265349771010324,1.0417752453182938,-0.06596455586323352,0.0,0.0,0.0,-0.024556179961304242,0.029004258804794954,6.35008592442458e-06,0.0,0.0,0.0
20.5333,-4.510868609991203,-1.591790567046423,1.0,-4.484963417053223,-1.5559383630752563,0.9323670268058777,0.01880217800439956,-0.16651452247175721,0.0048610910667010775,-0.9858477876521954,0.7853471827098504,-0.5974104076096401,0.0,0.5282161235809326,-0.5629305839538574,-0.005192847456783056,3.0513794046857763,0.4216540573997312,0.3549085969141993,3.077011332184748,0.3925423520157866,0.35490611966846797,0.6723639589623249,-0.0624043098144147,0.18731848488452787,0.23560335266118235,0.7158012589452312,0.008809227159144145,0.0,0.0,0.0,-0.025631927498971654,0.029111705383944628,2.477245731305224e-06,0.0,0.0,0.0
20.55,-4.497860612980369,-1.6016023076501524,1.0,-4.4722747802734375,-1.567789077758789,0.932388961315155,0.018562889271978956,-0.1634326816883679,0.003936979266251166,-0.9863720101539739,0.7762449619708995,-0.5805643895041729,0.0,0.5310738682746887,-0.5382861495018005,0.008698362857103348,2.9666843380907464,0.36314013709571424,0.2737042332437477,2.9925943625581812,0.3365215886482966,0.27371118401505373,0.17155073708315444,1.4794081866323172,0.8338909257818091,0.2166938498176148,0.9412319808628543,0.25238842506519754,0.0,0.0,0.0,-0.02591002446743498,0.02661854844741762,-6.950771306046986e-06,0.0,0.0,0.0
20.5667,-4.484995933960159,-1.6111438906869522,1.0,-4.465882301330566,-1.5735893249511719,0.9324895739555359,0.019050054157204257,-0.16190539580216648,0.0029928477127586554,-0.986617852721338,0.7669071079196292,-0.5640599885975569,0.0,0.5344235897064209,-0.5342636704444885,0.011439462192356586,2.909314175086291,0.39745844420957155,0.2590058207804725,2.9355520826807853,0.37123623696628527,0.2590178425714629,0.20090300716399984,0.24125234152689,0.16440026748816725,0.21203210444833925,0.734585197417476,0.22641271274044023,0.0,0.0,0.0,-0.026237907594494153,0.02622220724328626,-1.2021790990332682e-05,0.0,0.0,0.0
20.5834,-4.4722802658124,-1.6204193834889806,1.0,-4.453146457672119,-1.5849772691726685,0.9328104257583618,0.019746709952952943,-0.15951702872746326,0.002127193591193386,-0.9869953620434501,0.7573480443296505,-0.5478977700252261,0.0,0.5252637267112732,-0.5214665532112122,0.01565311662852764,2.8940181180360294,0.4065141785325518,0.23436242525973172,2.9193643135040888,0.3815331178318465,0.2343849344359275,-0.5488229075896748,0.7667528534491379,0.2524655751360656,-0.012586201671399788,0.744081677423989,0.2341039939021442,0.0,0.0,0.0,-0.02534619546805944,0.024981060700705274,-2.2509176195780375e-05,0.0,0.0,0.0
20.6,-4.459758399625846,-1.629404938772832,1.0,-4.440544128417969,-1.5961973667144775,0.9332199692726135,0.01884738049942749,-0.15516871729317008,0.001655528209507969,-0.9877068429931625,0.7476132208548314,-0.5321272152340062,0.0,0.5103639960289001,-0.5043317675590515,0.01987101323902607,2.91263392859029,0.38806331425475415,0.20922902809483845,2.9365625686458823,0.36469697873622026,0.20926530230659357,-0.8957144904686828,1.030077397162104,0.25356371828866275,-0.27330181394649977,0.8285128411919704,0.23984886021714508,0.0,0.0,0.0,-0.023928640055592348,0.023366335518533923,-3.6274211755104464e-05,0.0,0.0,0.0
20.6167,-4.447367565020484,-1.6381537384320697,1.0,-4.434330463409424,-1.6017009019851685,0.9334496259689331,0.01884738049942749,-0.15516871729317008,0.001655528209507969,-0.9877068429931625,0.7376644749370023,-0.5166623086430657,0.0,0.5118497014045715,-0.5045580267906189,0.016168897971510887,2.8637950598887674,0.4446147491967448,0.2325145090012336,2.8878632186213617,0.4212274432163711,0.2325385260035338,0.08903287565544142,-0.013558886142504036,-0.2218541937534826,-0.16633399098531884,0.5799178762740783,0.10354567988400243,0.0,0.0,0.0,-0.024068158732594252,0.0233873059803737,-2.4017002300192775e-05,0.0,0.0,0.0
20.6333,-4.435162068495691,-1.6466350774377987,1.0,-4.42193603515625,-1.6126588582992554,0.9338833689689636,0.017604933552174837,-0.1475028693619025,0.00021448531207202124,-0.9889049514557816,0.7275553032022084,-0.5015641864092539,0.0,0.49900659918785095,-0.49391841888427734,0.015340222977101803,2.8689142937779155,0.46264680648990064,0.23752065765331964,2.8917897906814827,0.44023543666195974,0.237542275941565,-0.7709618439696011,0.6386877245209028,-0.04974474164889582,-0.34483118430256376,0.5972678096454265,0.0582915456740275,0.0,0.0,0.0,-0.02287549690356719,0.022411369827940873,-2.161828824535763e-05,0.0,0.0,0.0
20.65,-4.423124649929031,-1.654868883241748,1.0,-4.4096808433532715,-1.623534083366394,0.9341663718223572,0.017604933552174837,-0.1475028693619025,0.00021448531207202124,-0.9889049514557816,0.7172823160626556,-0.4868043977901488,0.0,0.4982205927371979,-0.4975226819515228,0.004461791832000017,2.801306921304989,0.565184522237226,0.30356999181451216,2.8241104106343067,0.5424448747265932,0.3035718206581117,-0.04717527868007956,-0.21632407023167294,-0.6529119709460813,-0.256957720541877,0.3570806162388096,-0.15166873149061721,0.0,0.0,0.0,-0.022803489329317583,0.022739647510632895,-1.8288435995464434e-06,0.0,0.0,0.0
20.6667,-4.411255625925305,-1.6628622714612775,1.0,-4.403632164001465,-1.6289362907409668,0.9342744946479797,0.017132251377769105,-0.14675309273196188,-0.0005852932852707213,-0.9890246485055526,0.7068556740630446,-0.47237667123778593,0.0,0.49029630422592163,-0.4910300076007843,0.003597184782847762,2.8066236921439085,0.5791547856070315,0.31040818147398797,2.8287075629480425,0.5570047705799529,0.31040937020461884,-0.475389758993063,0.38950511335192733,-0.05186905248784238,-0.32144285069534145,0.3666529204269944,-0.12220604215529747,0.0,0.0,0.0,-0.02208387080413396,0.022150015027078626,-1.188730630851278e-06,0.0,0.0,0.0
20.6834,-4.3995238783935,-1.670642762783988,1.0,-4.391580104827881,-1.6396450996398926,0.9346041083335876,0.016472621588437233,-0.14518695798814557,-0.001390340238677327,-0.9892661920943685,0.6962564289939146,-0.45823714453954884,0.0,0.4933844804763794,-0.48378416895866394,0.014082623645663261,2.714812074752052,0.6146888611256245,0.24803451297968537,2.737175016245537,0.5931877321721535,0.24805273200354477,0.18468311114279604,0.43332501604049334,0.6270637793407358,-0.17202521601775564,0.3863357416547123,0.09899210396754045,0.0,0.0,0.0,-0.02236294149348511,0.021501128953470974,-1.82190238594102e-05,0.0,0.0,0.0
20.7,-4.388046294063099,-1.6781404178362294,1.0,-4.3795623779296875,-1.650058627128601,0.9352574348449707,0.01907474167371951,-0.14304178349770627,-0.0029869893008155272,-0.9895283033452578,0.6856014555499758,-0.4445194901373368,0.0,0.48858940601348877,-0.4626109004020691,0.029121583327651024,2.6696075473032255,0.5644899226137701,0.15668566098581438,2.6915379219277153,0.5448296433707447,0.1567635700388925,-0.2885799147690586,1.2742617623003745,0.90508327593876,-0.20643429342356512,0.6484677320622413,0.336964951305772,0.0,0.0,0.0,-0.021930374624489987,0.019660279243025363,-7.790905307812306e-05,0.0,0.0,0.0
20.7167,-4.376681027047388,-1.6854548246678642,1.0,-4.373530387878418,-1.6551789045333862,0.9356786012649536,0.01907474167371951,-0.14304178349770627,-0.0029869893008155272,-0.9895283033452578,0.6747690993699292,-0.4310474990468065,0.0,0.49398618936538696,-0.4636255204677582,0.03287287428975105,2.592284634043461,0.620492762003376,0.134222047163845,2.614702154415527,0.6007461484827386,0.13432132065989089,0.32291577505777624,-0.06070964934805558,0.22445796866529716,-0.050160477985117094,0.4391056070443222,0.3037508336782157,0.0,0.0,0.0,-0.022417520372065874,0.019746613520637436,-9.927349604587673e-05,0.0,0.0,0.0
20.7334,-4.365509986082165,-1.6925390599803551,1.0,-4.361499786376953,-1.665175199508667,0.9366449117660522,0.023057845397309738,-0.14158648969711754,-0.004584144125135849,-0.9896467781364219,0.6638449426693447,-0.4179126097288053,0.0,0.49166446924209595,-0.44481053948402405,0.03658061474561691,2.530418892728775,0.5813591441287506,0.10925836340855655,2.55262618496439,0.5631827347089038,0.10938129399622191,-0.13914012602340434,1.1275772643490933,0.22220398966951005,-0.07642889641605471,0.6423550238563663,0.27967671485026363,0.0,0.0,0.0,-0.022207292235614948,0.01817640941984683,-0.0001229305876653643,0.0,0.0,0.0
20.75,-4.35456642224881,-1.699379198726801,1.0,-4.355520725250244,-1.670067310333252,0.9371466040611267,0.024798478630673276,-0.14099704494726845,-0.005759830464347242,-0.9896826451045047,0.652873023233269,-0.4051467552443301,0.0,0.47246307134628296,-0.4240562617778778,0.037694934755563736,2.5994189787303004,0.5043892997596671,0.10215933284008771,2.6199255804314374,0.48786949464467555,0.10228986693144636,-1.151953141761904,1.2451153576588045,0.06685161379142648,-0.39394331159115686,0.8203008913774542,0.21684685509610344,0.0,0.0,0.0,-0.020506601701137123,0.01651980511499151,-0.00013053409135864753,0.0,0.0,0.0
20.7667,-4.343761706610506,-1.706036781494914,1.0,-4.343869686126709,-1.6795454025268555,0.9381544589996338,0.024731149040177126,-0.13893744436437444,-0.006285317371581063,-0.9899723625411685,0.6417736969802889,-0.3926403090975074,0.0,0.4686395525932312,-0.42208704352378845,0.030643999576568604,2.546931018532459,0.562662400799867,0.1414846786174303,2.5671070542451986,0.5462956676769284,0.1415709464434601,-0.2296906330564308,0.11829704955600115,-0.4235715500572902,-0.34545291875103334,0.6130565263608959,0.027783636614902185,0.0,0.0,0.0,-0.02017603571273948,0.01636673312293861,-8.626782602981063e-05,0.0,0.0,0.0
20.7833,-4.333183008574278,-1.7124639764950977,1.0,-4.332488059997559,-1.68881356716156,0.939078688621521,0.024242893605246615,-0.13419644547414922,-0.00650376448741301,-0.9906368076079427,0.6306454481029271,-0.3804880980610347,0.0,0.4495929777622223,-0.406355619430542,0.03313069045543671,2.5864440120371626,0.536740125730583,0.12396976529522818,2.6050133746578275,0.521570652553773,0.1240706020666798,-1.1452366104707838,0.9459025030104937,0.14952029216124776,-0.5815636826337407,0.7113187422770967,0.06372252238008672,0.0,0.0,0.0,-0.01856936262066498,0.015169473176810009,-0.00010083677145162424,0.0,0.0,0.0
20.8,-4.322770372509892,-1.71870322194263,1.0,-4.32139253616333,-1.6977900266647339,0.9400428533554077,0.02400624958757007,-0.13005369475675577,-0.0064897717337073745,-0.9911950847633181,0.6194349367200926,-0.3686149492748189,0.0,0.4437136948108673,-0.39409899711608887,0.03264055401086807,2.547640371730817,0.5297726078867488,0.12408615711758786,2.5657272503709914,0.5155044266261185,0.12418403239397026,-0.35314124504145844,0.7361984275873921,-0.02944022182760744,-0.514129204053797,0.7186636801204075,0.03621917750318752,0.0,0.0,0.0,-0.01808687864017443,0.014268181260630392,-9.787527638239689e-05,0.0,0.0,0.0
20.8167,-4.312523329726198,-1.7247598403140574,1.0,-4.315938949584961,-1.7021476030349731,0.9405409693717957,0.02400624958757007,-0.13005369475675577,-0.0064897717337073745,-0.9911950847633181,0.6081489588255957,-0.35701492716080946,0.0,0.4390064477920532,-0.38721609115600586,0.033534642308950424,2.529391979029022,0.5314544485789319,0.11821681224948521,2.547097134971537,0.5176803003707526,0.11832012295212119,-0.281894730078956,0.41218463998629334,0.053542713702365824,-0.4455693426590334,0.6281854657865985,0.04133340202099749,0.0,0.0,0.0,-0.017705155942515302,0.013774148208179182,-0.00010331070263597224,0.0,0.0,0.0
20.8333,-4.302501350798947,-1.730604241774036,1.0,-4.305171012878418,-1.7107751369476318,0.9415566921234131,0.025373788381203046,-0.13060705126756741,-0.006666156294725458,-0.9910870623905846,0.5968623320220507,-0.3457493513824651,0.0,0.4268585741519928,-0.3743637502193451,0.031489431858062744,2.5286512264930567,0.5181345731604472,0.12735269271176664,2.545390090354837,0.5052596235814414,0.12744378625784855,-0.7307023519288685,0.7730765093933745,-0.12302071382475262,-0.5297458185285442,0.6709599501127256,-0.007186936967365911,0.0,0.0,0.0,-0.01673886386178038,0.012874949579005777,-9.109354608190993e-05,0.0,0.0,0.0
20.85,-4.292657201710218,-1.7362694721421672,1.0,-4.294707775115967,-1.71897292137146,0.9424336552619934,0.025373788381203046,-0.13060705126756741,-0.006666156294725458,-0.9910870623905846,0.5855314744638441,-0.33475911676165526,0.0,0.4238623380661011,-0.35970863699913025,0.022844508290290833,2.473908455895307,0.49141847597212857,0.17675462031733902,2.4904131552344624,0.4795318200876764,0.17680256291789478,-0.17993134700188992,0.8800755970448428,-0.519148924746578,-0.42647419278210963,0.7326947112089419,-0.15832747317101745,0.0,0.0,0.0,-0.016504699339155167,0.011886655884452127,-4.794260055577864e-05,0.0,0.0,0.0
20.8667,-4.2829708574929555,-1.7417715961972635,1.0,-4.289494514465332,-1.7229790687561035,0.9428440928459167,0.026047969369983312,-0.1295363738014209,-0.006883465445647632,-0.9912086139016901,0.5741402990954791,-0.3240167559026083,0.0,0.41872867941856384,-0.34751570224761963,0.02477394975721836,2.4576973149153347,0.45807074576730944,0.16503593892333812,2.4738046381287595,0.44697626903135423,0.16509232196015797,-0.30721995519853895,0.7296770442450098,0.11546597889052178,-0.3912681621720566,0.731803840765628,-0.07749864184872829,0.0,0.0,0.0,-0.016107323213424844,0.01109447673595522,-5.638303681985611e-05,0.0,0.0,0.0
20.8833,-4.273509288426183,-1.7470774640375701,1.0,-4.279294013977051,-1.7305606603622437,0.9437042474746704,0.024636155311989635,-0.12750278836077028,-0.007199524662630858,-0.9915061285053285,0.5627761595311015,-0.31359102838073183,0.0,0.41458413004875183,-0.3260215222835541,0.0215469840914011,2.4101662366640904,0.38628326947361985,0.181970020205099,2.4259562794123606,0.3765187584427469,0.1820126713742519,-0.24913293969273104,1.2920363018803027,-0.19397608060077964,-0.34930724661241347,0.8971947029639356,-0.11188491069063514,0.0,0.0,0.0,-0.015790042748270023,0.009764511030872962,-4.265116915290379e-05,0.0,0.0,0.0
20.9,-4.264233247513744,-1.7522140977600593,1.0,-4.269197463989258,-1.7377551794052124,0.9445734024047852,0.023907199225213407,-0.12614166115646702,-0.007335743277018081,-0.9916969694353858,0.5514014449995567,-0.30343301465007366,0.0,0.4038148522377014,-0.3054134249687195,0.027110641822218895,2.402403690358684,0.31745399343987196,0.14608868776453166,2.417384060177039,0.3088849132873221,0.14615620856107947,-0.646564249008746,1.2372657849157613,0.3340300292724124,-0.4370629468497663,0.9975899020225831,0.019757329819414374,0.0,0.0,0.0,-0.014980369818355243,0.008569080152549893,-6.752079654782826e-05,0.0,0.0,0.0
20.9167,-4.255119046192685,-1.7571987956972814,1.0,-4.264218807220459,-1.7412205934524536,0.9450270533561707,0.023907199225213407,-0.12614166115646702,-0.007335743277018081,-0.9916969694353858,0.5399941653366449,-0.2935118743586953,0.0,0.40717440843582153,-0.30191120505332947,0.026484811678528786,2.3350146496222086,0.3321899340099915,0.1494127717480035,2.3502453160531163,0.32381625282564175,0.14947721118493773,0.20103291341503432,0.20956978585593425,-0.03744913008431655,-0.24868538607010987,0.7649519606525009,0.0028689372618572774,0.0,0.0,0.0,-0.015230666430907626,0.00837368118434976,-6.443943693425012e-05,0.0,0.0,0.0
20.9333,-4.246220120968643,-1.7620066636293081,1.0,-4.254332542419434,-1.7479801177978516,0.9459807276725769,0.02343982755372004,-0.125308528596884,-0.007050282672053749,-0.9918158656950351,0.5286293121185379,-0.2838807037370013,0.0,0.39645543694496155,-0.2841736972332001,0.03203528746962547,2.3271951817451795,0.27752014907521816,0.11314027999175325,2.341634500863838,0.27010148486891955,0.1132345590443142,-0.6438204379143934,1.0653792728157983,0.33338177618106574,-0.3653364754755167,0.8536435942785595,0.1004423682760038,0.0,0.0,0.0,-0.014439319118658513,0.007418664206298597,-9.427905256096041e-05,0.0,0.0,0.0
20.95,-4.237505156792777,-1.766659016614964,1.0,-4.249507904052734,-1.7512067556381226,0.9464911818504333,0.022760241231618256,-0.12441084287045046,-0.0068501694353240265,-0.9919460994569337,0.5172757838438475,-0.27450046119642635,0.0,0.39277827739715576,-0.27731460332870483,0.03324703872203827,2.302107983693577,0.2700082167484186,0.10510082097873352,2.3162806930414983,0.262943358725467,0.10520236723036387,-0.2206676634283834,0.4116166855049862,0.07271762730173265,-0.32262759796764473,0.7231491716393302,0.09225751800003798,0.0,0.0,0.0,-0.014172709347921078,0.007064858022951588,-0.00010154625163035554,0.0,0.0,0.0
20.9667,-4.228978109246096,-1.7711577209671496,1.0,-4.239934921264648,-1.7574621438980103,0.9474526643753052,0.02150368562682659,-0.12333172549788966,-0.006416984126329057,-0.9921118208652786,0.5059465313120541,-0.265370636659755,0.0,0.38897496461868286,-0.26322558522224426,0.02831955999135971,2.253671966119609,0.2338666544943383,0.13160995714825618,2.267571532708405,0.22750142365366582,0.1316836339832447,-0.22818592741993163,0.8452935244389135,-0.2956320895735885,-0.29474669065953085,0.7592084170853777,-0.022254583827695282,0.0,0.0,0.0,-0.013899566588796366,0.006365230840672476,-7.367683498850782e-05,0.0,0.0,0.0
20.9833,-4.220641509153153,-1.7755053397903946,1.0,-4.23060941696167,-1.763300895690918,0.9483449459075928,0.019231733416066526,-0.12151056544208999,-0.0059242031735397115,-0.9923861968490845,0.49465293222812945,-0.2564892438382072,0.0,0.3804072439670563,-0.2417849749326706,0.01940481923520565,2.234737260180433,0.15113802914000904,0.18235853194549578,2.2480312553137582,0.14576750618572912,0.18239312406410654,-0.5141519894696178,1.2866587140343095,-0.5349767904153492,-0.3595191450597585,0.9149213852442878,-0.1736195505185367,0.0,0.0,0.0,-0.013293995133325241,0.005370522954279919,-3.459211861075253e-05,0.0,0.0,0.0
21.0,-4.212487010488406,-1.7797099358294124,1.0,-4.225980281829834,-1.7660952806472778,0.9486835598945618,0.019231733416066526,-0.12151056544208999,-0.0059242031735397115,-0.9923861968490845,0.48339144770105447,-0.24784286929478433,0.0,0.3841313421726227,-0.23779696226119995,0.0132419029250741,2.1652951789130954,0.157485830538277,0.21935443608789684,2.178850738360976,0.1522910098269982,0.21937054472352752,0.22332470726162731,0.23915098723246073,-0.36957443248430866,-0.18745298689637888,0.7154216123234325,-0.23146901325013794,0.0,0.0,0.0,-0.01355555944788075,0.005194820711278799,-1.6108635630681636e-05,0.0,0.0,0.0
21.0167,-4.204521942933412,-1.7837713011347516,1.0,-4.216868877410889,-1.7713804244995117,0.9492610096931458,0.018267060542280996,-0.11833300389737636,-0.004662410822820533,-0.9927950212796401,0.47217992323757507,-0.23943489914278906,0.0,0.3704328238964081,-0.21503253281116486,0.009926176629960537,2.17771536288767,0.06324912695487822,0.23805344778550308,2.1903213507098953,0.05900130505818619,0.23806249931469442,-0.8216180466180466,1.3653787716287715,-0.19887264496639498,-0.37467010351029595,0.9073008453753513,-0.22184596955100053,0.0,0.0,0.0,-0.012605987822225141,0.004247821896692034,-9.051529191338851e-06,0.0,0.0,0.0
21.0333,-4.196750488181259,-1.7876908463005214,1.0,-4.207913875579834,-1.7763198614120483,0.9497742056846619,0.014842945202134689,-0.11565305438796264,-0.003612448532717152,-0.9931722355738126,0.4610324393228701,-0.2312654147587888,0.0,0.3735855221748352,-0.20594412088394165,0.007517960853874683,2.0895945522702615,0.04895645334566506,0.25160958890872054,2.102416028550113,0.04506011416453594,0.25161478118841263,0.18931644427900585,0.5457502362272363,-0.14461099906224945,-0.20817096631012869,0.8005644972952102,-0.19904479459662625,0.0,0.0,0.0,-0.012821476279851455,0.003896339181129126,-5.1922796921160256e-06,0.0,0.0,0.0
21.05,-4.189157557879863,-1.7914795107020112,1.0,-4.203482151031494,-1.7787219285964966,0.9500404596328735,0.014842945202134689,-0.11565305438796264,-0.003612448532717152,-0.9931722355738126,0.44993513416899833,-0.22331442961649398,0.0,0.3681359589099884,-0.20292437076568604,0.010298576205968857,2.075545864162124,0.05800289070199258,0.23526046757559926,2.087996010034542,0.054219977518966234,0.2352702110159884,-0.32687123714731076,0.18112817652694954,0.1667845909841692,-0.24321345581149245,0.617695573625613,-0.09104527350800434,0.0,0.0,0.0,-0.012450145872418043,0.0037829131830263447,-9.743440389137587e-06,0.0,0.0,0.0
21.0667,-4.181750543116014,-1.7951367579420279,1.0,-4.19477653503418,-1.7833164930343628,0.9506345391273499,0.009972919003549394,-0.11377854169030424,-0.0026588339383096737,-0.9934525964101071,0.43890631765483995,-0.215585738666994,0.0,0.36204904317855835,-0.1854025423526764,0.015594390220940113,2.0437753102465877,-0.00935544112275763,0.20216065272795392,2.055817147867951,-0.012513275358459761,0.2021829933238718,-0.36522574138448993,1.0513407865184612,0.31775823507217144,-0.2792337125983864,0.7457155664439801,0.029640994151749894,0.0,0.0,0.0,-0.01204183762136335,0.003157834235702131,-2.2340595917876585e-05,0.0,0.0,0.0
21.0833,-4.174528689244229,-1.7986660534097956,1.0,-4.18618106842041,-1.7876451015472412,0.9514206051826477,0.008380621603519942,-0.11245614217142644,-0.0024402182350836796,-0.9936183599653005,0.4279526966973675,-0.20807470635907643,0.0,0.3576847016811371,-0.1784847378730774,0.0294317789375782,2.002072764383822,-0.014768226248044525,0.11682474582086344,2.013826033752852,-0.017694804426623856,0.11690432344783352,-0.2619506732874458,0.41521121621041485,0.8305292546436084,-0.27413144350216817,0.6481446414449878,0.26607784692479525,0.0,0.0,0.0,-0.011753269369029715,0.0029265781785793293,-7.957762697007934e-05,0.0,0.0,0.0
21.1,-4.167481746436176,-1.802075309081183,1.0,-4.18198299407959,-1.7897545099258423,0.9519141912460327,0.007954427403021722,-0.11093267584337134,-0.002366081928553026,-0.9937933115334692,0.4170661600624781,-0.20076701516702794,0.0,0.3494323790073395,-0.17339502274990082,0.034588783979415894,2.0056043857250256,-0.020665428175844935,0.08501901976212822,2.0168215801765754,-0.023427476118118032,0.08512892757016467,-0.4947152147502323,0.30512131065532766,0.3091552472664904,-0.3392518045056765,0.5468778845695336,0.2787950828550358,0.0,0.0,0.0,-0.0112171944515499,0.0027620479422730947,-0.00010990780803644887,0.0,0.0,0.0
21.1167,-4.160620727511296,-1.8053620034159152,1.0,-4.1738409996032715,-1.7937963008880615,0.9529872536659241,0.004947091711087516,-0.10821202301500824,-0.0017970994736559208,-0.99411396475694,0.40627126714456735,-0.19367056182379574,0.0,0.3433137536048889,-0.1668795794248581,0.035779356956481934,1.9765356484174714,-0.02579380049623939,0.07407760644191741,1.9873634518471297,-0.028352176374371797,0.0741952106929477,-0.367060114995137,0.39086546713198694,0.0714232078494193,-0.34746132602997226,0.500820167417088,0.21757511510340244,0.0,0.0,0.0,-0.010827803429658375,0.0025583758781324096,-0.0001176042510302845,0.0,0.0,0.0
21.1333,-4.153944454462375,-1.8085294768659301,1.0,-4.169762134552002,-1.7957894802093506,0.9535382986068726,0.004947091711087516,-0.10821202301500824,-0.0017970994736559208,-0.99411396475694,0.39557422627839706,-0.18678070840408198,0.0,0.3478054702281952,-0.16363969445228577,0.04283876344561577,1.9041358950920144,-0.02187477001452065,0.030512803713249936,1.915248881290432,-0.024334770984480836,0.030681393713422676,0.2698274874321479,0.19462715372165967,0.4240743741138053,-0.16522638576832158,0.41042639331584185,0.27853747066396556,0.0,0.0,0.0,-0.011112986198417595,0.0024600009699601868,-0.00016859000017274058,0.0,0.0,0.0
21.15,-4.147429662428623,-1.8115912804040841,1.0,-4.161613941192627,-1.7996127605438232,0.9549845457077026,0.001663947042498018,-0.10580426838999,-0.0013748301984252865,-0.9943846739649256,0.3849448643288392,-0.18007025092274506,0.0,0.3424726724624634,-0.149693563580513,0.06404819339513779,1.8702248283945884,-0.07332180312319503,-0.10247063406852475,1.88099964294436,-0.07538036636205521,-0.10209378128556772,-0.31914639366483555,0.8346195690946707,1.2692986641221373,-0.2106663853801326,0.5356559720180621,0.5710282836608402,0.0,0.0,0.0,-0.010774814549771708,0.0020585632388601866,-0.00037685278295702533,0.0,0.0,0.0
21.1676,-4.140758595959898,-1.8146969398000152,1.0,-4.153786659240723,-1.8030964136123657,0.9565786123275757,0.0015119022864949665,-0.10556277748473472,-0.001456089322354268,-0.9944104678362142,0.37385636548382106,-0.17320961205207483,0.0,0.3261553943157196,-0.13741658627986908,0.05613439157605171,1.9024669267862173,-0.11608902510807556,-0.06143145745356604,1.9122394585349127,-0.11782377260532036,-0.06114197916380128,-0.9281711104480851,0.6983478219594228,-0.45015854704621894,-0.42248689444923815,0.5836855797293004,0.26955526644196415,0.0,0.0,0.0,-0.009772531748695483,0.0017347474972447938,-0.0002894782897647607,0.0,0.0,0.0
21.1833,-4.134956196788365,-1.8173739707183847,1.0,-4.150019645690918,-1.804809808731079,0.9572315216064453,0.0018191633488515134,-0.10494044765633498,-0.0014057238383837537,-0.9944759218919517,0.3640363130489223,-0.16724921801099513,0.0,0.31978175044059753,-0.14087046682834625,0.04211578145623207,1.8982077008883413,-0.07505093644990946,0.020760268079882294,1.9076020200207857,-0.07687398345316766,0.02092321557372816,-0.40545705488905404,-0.21971736459739433,-0.8917888235026467,-0.4174593745473145,0.3465063463259499,-0.0732947354352598,0.0,0.0,0.0,-0.009394319132444458,0.0018230470032582057,-0.00016294749384586813,0.0,0.0,0.0
21.2,-4.128974338393775,-1.8201103115703188,1.0,-4.142721176147461,-1.8082587718963623,0.9582703709602356,-0.0008825286660377546,-0.10126280321732746,-0.0010660623862344622,-0.9948587417169761,0.3537339075391865,-0.16110909877585897,0.0,0.3081216812133789,-0.13600343465805054,0.03738170489668846,1.906623405928824,-0.07483823657647987,0.04536152667101534,1.9153451326793387,-0.07653748826854972,0.04548990040331099,-0.6995747983063455,0.2920096770040625,-0.28403267508725755,-0.5007450040199635,0.33041793347648796,-0.1355084269939224,0.0,0.0,0.0,-0.008721726750514669,0.0016992516920698645,-0.00012837373229564764,0.0,0.0,0.0
21.2167,-4.123163681242243,-1.822745608658465,1.0,-4.135788440704346,-1.8114770650863647,0.9594770669937134,-0.003910537387166549,-0.09768659043761746,-0.0005293222704482698,-0.9952094456434352,0.34354477447209136,-0.15514703745966948,0.0,0.2916117310523987,-0.125069722533226,0.04831746593117714,1.9460266959351094,-0.11246406588900729,-0.02493577588079232,1.953838798570123,-0.11390108429643886,-0.024721306026505227,-0.9906121252002746,0.6560327377546349,0.6561556742103456,-0.6453627317635733,0.4265453751405162,0.09820528536238649,0.0,0.0,0.0,-0.007812102635013655,0.0014370184074315709,-0.0002144698542870946,0.0,0.0,0.0
21.2333,-4.117525458667506,-1.8252813822615086,1.0,-4.1324462890625,-1.8130154609680176,0.9600996375083923,-0.003910537387166549,-0.09768659043761746,-0.0005293222704482698,-0.9952094456434352,0.3334787785351708,-0.14936184307104597,0.0,0.286967933177948,-0.12156706303358078,0.043499674648046494,1.932340059918266,-0.1142140787157096,0.0021868553188960638,1.9399053345488393,-0.11557173491721183,0.002360687418562835,-0.2788954437412297,0.21036138993098313,-0.2893450735989003,-0.5371748902149122,0.36272391139289495,-0.01620666407435037,0.0,0.0,0.0,-0.0075652746305732805,0.0013576562015022275,-0.00017383209966677124,0.0,0.0,0.0
21.25,-4.112050352848939,-1.8277237823144703,1.0,-4.12581729888916,-1.816100835800171,0.9612818956375122,-0.003929856448852727,-0.0971544179865386,-0.00031597492328609906,-0.9952615391481946,0.3235267847571479,-0.1437416541056543,0.0,0.28687581419944763,-0.125343918800354,0.04747665673494339,1.8749963757076777,-0.0648143213259599,-0.026295430204456793,1.8825567940917203,-0.06625764752707701,-0.026088359712186482,-0.0055258792065330875,-0.22655970666895497,0.23856454963458762,-0.38022238492344385,0.188756616679785,0.059006454806323494,0.0,0.0,0.0,-0.007560418384042487,0.0014433262011171056,-0.00020707049227031304,0.0,0.0,0.0
21.2667,-4.106742182634804,-1.830072963233333,1.0,-4.119476318359375,-1.8191314935684204,0.9626493453979492,-0.003963637147934209,-0.09821173490170713,-0.0003681948685911148,-0.9951575628729183,0.31370316628593087,-0.13828824432323664,0.0,0.2686011493206024,-0.11895281821489334,0.056915950030088425,1.9283255297165776,-0.076963127676345,-0.08852391682982896,1.934953395295226,-0.07826302015238659,-0.0882263216193712,-1.0969203028178085,0.38362005738655064,0.5665850798546016,-0.5918047097684471,0.24628386600285454,0.2088529422146684,0.0,0.0,0.0,-0.006627865578648554,0.001299892476041587,-0.00029759521045775506,0.0,0.0,0.0
21.2833,-4.101592560588811,-1.8323344036525302,1.0,-4.116454601287842,-1.820612907409668,0.9633404016494751,-0.0052866425277593694,-0.09905265409155255,-0.0003575317159178527,-0.9950681694072266,0.30399980878114863,-0.13299100025281202,0.0,0.2601248621940613,-0.1164177805185318,0.050539396703243256,1.9396431319810976,-0.07399430386151201,-0.05249757802822386,1.9458592848302696,-0.07523938194668178,-0.05226292937534665,-0.5084467914706177,0.15206325171974885,-0.3824950749395764,-0.5671959287083435,0.21846821854441983,0.03427619915732426,0.0,0.0,0.0,-0.0062161528491719055,0.0012450780851697677,-0.00023464865287720679,0.0,0.0,0.0
21.3,-4.096596901213836,-1.834511754384941,1.0,-4.110715866088867,-1.8234821557998657,0.9644782543182373,-0.00478782403892081,-0.09805551233934544,-0.0006976989302492416,-0.9951691954031073,0.29441503557553556,-0.12784333730740477,0.0,0.24742452800273895,-0.11275488883256912,0.03512519970536232,1.9628623003641041,-0.071090498450493,0.03548465044117621,1.9684862763737754,-0.07225846047108493,0.035597993665421726,-0.760573724263971,0.21935636725777435,-0.9230964351494902,-0.6242845884288424,0.2187304162777853,-0.24835770091698453,0.0,0.0,0.0,-0.005623976009671139,0.0011679620205919227,-0.00011334322424551363,0.0,0.0,0.0
21.3167,-4.091777411251876,-1.8365969974469842,1.0,-4.105313301086426,-1.8263944387435913,0.9653907418251038,-0.0031429326403058276,-0.09619470263580915,-0.0008382586700330923,-0.9953572967880114,0.28499956843145685,-0.12286648666759271,0.0,0.22834783792495728,-0.11251848191022873,0.031099097803235054,2.026306712721465,-0.04769379867706047,0.0562306168247767,2.0310968919846073,-0.04885686822952481,0.056319466028269594,-1.146439291906065,0.014207191265599701,-0.2419539969982663,-0.7784342006044254,0.15835142207055763,-0.24646721047615539,0.0,0.0,0.0,-0.004790179263142235,0.0011630695524643363,-8.884920349289315e-05,0.0,0.0,0.0
21.3333,-4.087105730817036,-1.8386039727235932,1.0,-4.102818012237549,-1.827817440032959,0.9658429026603699,-0.0031429326403058276,-0.09619470263580915,-0.0008382586700330923,-0.9953572967880114,0.2757060491626383,-0.11802966518960109,0.0,0.21622662246227264,-0.11450202018022537,0.030461490154266357,2.0627784951650168,-0.018668113998699554,0.058933750482409564,2.067073624912768,-0.019872551465215292,0.059018993781274405,-0.7274505279876373,-0.11904135903159341,-0.03826580117473672,-0.7633828885912844,0.07646000302856057,-0.185002349038546,0.0,0.0,0.0,-0.004295129747751155,0.0012044374665157382,-8.524329886484311e-05,0.0,0.0,0.0
21.35,-4.082585463169504,-1.8405325296869308,1.0,-4.098052501678467,-1.8307875394821167,0.9665307402610779,-0.004339697672128728,-0.09726094941450593,-0.0011078299131087955,-0.9952488950936415,0.26654863658026395,-0.11333518144927732,0.0,0.2074628472328186,-0.12064898759126663,0.017774337902665138,2.067985855003684,0.04284874280325271,0.13273364357557627,2.0719398728602925,0.04151151523198823,0.13276266674404932,-0.5255789056021047,-0.3686443707283594,-0.7608706774214304,-0.6931788063385043,-0.05494294352227513,-0.355009205039787,0.0,0.0,0.0,-0.0039540178566082745,0.0013372275712644737,-2.9023168473069825e-05,0.0,0.0,0.0
21.3667,-4.078219076107054,-1.8423829866732604,1.0,-4.093674182891846,-1.833762288093567,0.9671247005462646,-0.005821786331658253,-0.09895351943549886,-0.00232659033149832,-0.9950723419452293,0.2575399157755246,-0.10878437152603901,0.0,0.18523083627223969,-0.11490272730588913,0.017747510224580765,2.1562177398903537,0.03280007046378433,0.13102046237422316,2.1593697277309554,0.03158718823505548,0.13104939799663773,-1.3341509521697452,0.3448351408581689,-0.001609938584693746,-0.8824054991888294,0.0630788539510692,-0.2506792823092059,0.0,0.0,0.0,-0.0031519878406016054,0.0012128822287288557,-2.8935622414564208e-05,0.0,0.0,0.0
21.3833,-4.0739997541465005,-1.8441595323022235,1.0,-4.091676235198975,-1.8351783752441406,0.9674326181411743,-0.005473758730079542,-0.09878179210124123,-0.003477536470633807,-0.9950880205728753,0.2486734531112668,-0.1043690571230576,0.0,0.17549856007099152,-0.11075513809919357,0.019114626571536064,2.181664336758985,0.024309804358665144,0.12236409632337997,2.1844938066283768,0.02318290346213302,0.12239766155082528,-0.5837534142748867,0.24877729632330858,0.08200125219872152,-0.7942379450935866,0.11790042825206414,-0.15246590793710335,0.0,0.0,0.0,-0.002829469869391612,0.001126900896532123,-3.356522744531051e-05,0.0,0.0,0.0
21.4,-4.069928323776282,-1.8458630437405275,1.0,-4.0878424644470215,-1.8379586935043335,0.9680269360542297,-0.003994673033506425,-0.09890727907432635,-0.005041901046812675,-0.9950759244273526,0.23995857548537827,-0.10008917206815926,0.0,0.16828440129756927,-0.10775846987962723,0.023199059069156647,2.183136682024672,0.02932661939599332,0.09595163381634053,2.185738312926957,0.02825987396727063,0.09600107612026418,-0.4328685159222912,0.1798079811736431,0.24507670113158422,-0.6875550846541288,0.1361766693929563,-0.03510406363480306,0.0,0.0,0.0,-0.002601630902284805,0.0010667454287226915,-4.9442303923642274e-05,0.0,0.0,0.0
21.4167,-4.065997841920872,-1.8474975794767816,1.0,-4.0843610763549805,-1.8405920267105103,0.9688019156455994,-0.0032109998006509227,-0.10169995559843852,-0.005439135094027811,-0.9947950999757246,0.231387962013775,-0.0959366234185899,0.0,0.15639807283878326,-0.10364891588687897,0.029252465814352036,2.2147131679562886,0.02672395709147421,0.056797450406988914,2.2169602594365974,0.02573702451017315,0.056876061334326974,-0.7123447926043408,0.2462845778501722,0.36277920363781846,-0.6948734595361772,0.16868253647241432,0.08235834919569615,0.0,0.0,0.0,-0.002247091480308695,0.0009869325813010585,-7.861092733806213e-05,0.0,0.0,0.0
21.4334,-4.062212591682471,-1.8490624557003723,1.0,-4.082677364349365,-1.8419166803359985,0.9691625237464905,-0.0032109998006509227,-0.10169995559843852,-0.005439135094027811,-0.9947950999757246,0.22297866643192088,-0.0919153091378953,0.0,0.1517925262451172,-0.10421325266361237,0.024358930066227913,2.211984939421746,0.045381529041450874,0.08538280406337095,2.2141016366264723,0.04438382010822782,0.08543731383664646,-0.2765308496170639,-0.03388447498389521,-0.29382258338701595,-0.5713710748097596,0.10888105226167388,-0.0286971377688175,0.0,0.0,0.0,-0.0021166972047266127,0.0009977089332230543,-5.4509773275504314e-05,0.0,0.0,0.0
21.45,-4.05856632680212,-1.8505613007522712,1.0,-4.079662799835205,-1.844382405281067,0.969834566116333,-0.002830666639688618,-0.10381435762110879,-0.005693786352730608,-0.9945764421256501,0.21472475133966537,-0.08801814121532492,0.0,0.13295724987983704,-0.0916728675365448,0.01957600563764572,2.2883435718216925,-0.009092171768051799,0.11172536460951166,2.289967556791516,-0.009864211393197788,0.1117605697532108,-1.1304410817772055,0.7526391571868069,-0.2870578673892824,-0.7364187592969904,0.29893021115702473,-0.10496994735413345,0.0,0.0,0.0,-0.0016239849698233193,0.0007720396251459895,-3.5205143699149265e-05,0.0,0.0,0.0
21.4668,-4.055033772611455,-1.8520054001584645,1.0,-4.078266620635986,-1.8455567359924316,0.9701007008552551,-0.0012934551706629055,-0.10483895804512075,-0.005774708301871597,-0.994471665060252,0.20657526735175744,-0.08421752086871441,0.0,0.11947060376405716,-0.08241495490074158,0.01498490385711193,2.340967047525792,-0.05050053865780513,0.13894428836054773,2.3422782811441687,-0.05112451770863175,0.13896491677651374,-0.8040809346126511,0.5519616204690831,-0.2737239028073916,-0.7563938701490185,0.37362970798037654,-0.15478919941292507,0.0,0.0,0.0,-0.0013112336183763484,0.0006239790508266245,-2.0628415966019448e-05,0.0,0.0,0.0
21.4833,-4.051677464866023,-1.8533701704766345,1.0,-4.075723648071289,-1.8477338552474976,0.9705787897109985,-9.038918498762402e-05,-0.10575091574813128,-0.005238642535661499,-0.9943788998466795,0.19868357689449395,-0.08058075487001018,0.0,0.11876450479030609,-0.08233910799026489,0.013431963510811329,2.311827365056928,-0.032107740529405016,0.1468461737388077,2.313123145088272,-0.03273057160640392,0.1468627481063474,-0.04262758002763544,0.004578919339052335,-0.0937518554069031,-0.5456770154055748,0.26467916982892853,-0.13676985984919296,0.0,0.0,0.0,-0.0012957800313442259,0.000622831076998906,-1.6574367539696463e-05,0.0,0.0,0.0
21.5,-4.048431590968529,-1.8546833027879224,1.0,-4.073382377624512,-1.8498870134353638,0.9710099101066589,0.0002945959343790732,-0.10764937312409993,-0.004420909380853119,-0.9941791237847379,0.1909042043514046,-0.07703673029812182,0.0,0.10602355003356934,-0.07921438664197922,0.012931736186146736,2.356190181604865,-0.032281400307431485,0.14865792552789914,2.3572228541766553,-0.032857856204255985,0.14867328837226487,-0.764731504006869,0.18755053305666858,-0.030024405677590155,-0.6103459042202154,0.24190938653118235,-0.10525665073227686,0.0,0.0,0.0,-0.0010326725717900824,0.0005764558968245024,-1.5362844365733172e-05,0.0,0.0,0.0
21.5167,-4.04531116988333,-1.8559394548441341,1.0,-4.0712714195251465,-1.851867914199829,0.9713909029960632,-0.0009619860121929182,-0.11013354525382447,-0.003698259516285358,-0.9939094682479652,0.1832793920614231,-0.07360163487891193,0.0,0.10817380994558334,-0.07428587228059769,0.010136262513697147,2.3127642693218107,-0.04433364768783668,0.16448031185326728,2.3138392538426054,-0.04484060385787896,0.16448975058532428,0.12889770827080566,0.2954406594348926,-0.1675751605175149,-0.39210767825020126,0.25771279671291636,-0.12365421385060614,0.0,0.0,0.0,-0.001074984520794754,0.0005069561700422811,-9.438732056986e-06,0.0,0.0,0.0
21.5333,-4.042320594205803,-1.857137618868872,1.0,-4.070221900939941,-1.8528151512145996,0.9715948104858398,-0.0009619860121929182,-0.11013354525382447,-0.003698259516285358,-0.9939094682479652,0.17582785001577853,-0.07028053967327298,0.0,0.10615728050470352,-0.06985341012477875,0.015039239078760147,2.300127015390834,-0.058803958717371596,0.13498915779690834,2.301162294683189,-0.05925222201687502,0.135009936081257,-0.12106808519774982,0.2661154828874479,0.2943641548038247,-0.3120918364411927,0.2601934232521613,-0.00024755107185889247,0.0,0.0,0.0,-0.0010352792923549756,0.0004482632995034285,-2.0778284348656705e-05,0.0,0.0,0.0
21.55,-4.039450926597331,-1.858282090306622,1.0,-4.068348407745361,-1.8545114994049072,0.9720425605773926,-0.0017072950761913763,-0.11186766153073702,-0.003544971428251199,-0.9937153820105725,0.1685353899973641,-0.0670639032405625,0.0,0.09328349679708481,-0.05580226331949234,0.01199572253972292,2.348950516042092,-0.12743636993145496,0.15194346032548312,2.349749922391927,-0.12772243286420126,0.15195667969621954,-0.772394611489386,0.8430334332265262,-0.1826033300015735,-0.44798162884276366,0.4322584470844717,-0.054082310028919715,0.0,0.0,0.0,-0.0007994063498350138,0.0002860629327462953,-1.3219370736434848e-05,0.0,0.0,0.0
21.5667,-4.0367041282926,-1.8593727510525262,1.0,-4.066646575927734,-1.8561363220214844,0.9722909331321716,-0.0014593557031139094,-0.11298542756338231,-0.0034999585940416115,-0.993589447227222,0.16141502087704795,-0.06395442343728218,0.0,0.09308933466672897,-0.06334040313959122,0.0013698454713448882,2.323035400004248,-0.06709665024286704,0.21537967545508196,2.323831482016724,-0.06746521992227389,0.2153798478407337,-0.01166008046618845,-0.45269031971707974,-0.6381191914924366,-0.31917153287274264,0.1710053964286325,-0.22650067220070713,0.0,0.0,0.0,-0.0007960820124760468,0.00036856967940685474,-1.7238565173144858e-07,0.0,0.0,0.0
21.5833,-4.034070942999333,-1.8604138922949567,1.0,-4.065836429595947,-1.856945276260376,0.9723563194274902,-0.002061349677107142,-0.11434688667411759,-0.0035615351397159847,-0.9934324502165189,0.1544506716822362,-0.060942218652646006,0.0,0.08793193101882935,-0.05830996111035347,0.00041506392881274223,2.3318185822416195,-0.08644835028732958,0.22170327063848505,2.332528897558349,-0.08676070169107253,0.22170328646509663,-0.30931619455486603,0.3017016490548231,-0.05726319162308391,-0.3162620568698589,0.20958931901127784,-0.17653867468754791,0.0,0.0,0.0,-0.0007103153167293883,0.0003123514037429405,-1.58266115714683e-08,0.0,0.0,0.0
21.6,-4.031552212284069,-1.8614057485412159,1.0,-4.06440544128418,-1.858482837677002,0.9725553393363953,-0.004218109282530864,-0.11422038290831214,-0.0034675476675367404,-0.993440458117736,0.14765230513341818,-0.058028922793349126,0.0,0.08220161497592926,-0.058714788407087326,0.007806014269590378,2.3414176990655022,-0.06974073046758605,0.1772779707039399,2.3420384518245294,-0.07005743403748309,0.17728356849443289,-0.3435637248595566,-0.024271606129479536,0.44312781534549794,-0.3243220082680407,0.14054929950479197,0.0063981991559442924,0.0,0.0,0.0,-0.0006207527590272643,0.0003167035698970328,-5.597790492984864e-06,0.0,0.0,0.0
21.6168,-4.029130128124773,-1.8623558350274396,1.0,-4.063705921173096,-1.8592745065689087,0.9727051258087158,-0.004218109282530864,-0.11422038290831214,-0.0034675476675367404,-0.993440458117736,0.140978641695554,-0.055194487084054625,0.0,0.08344075083732605,-0.05672231689095497,0.018749065697193146,2.3132522554950663,-0.0713119967073032,0.11178722183639367,2.3138918641993738,-0.07160757047128538,0.1118195154928007,0.07380763878040814,0.11867917193291393,0.651809710368235,-0.2067868596244984,0.13409283811320635,0.19693547380748147,0.0,0.0,0.0,-0.0006396087043072594,0.00029557376398217124,-3.2293656407022796e-05,0.0,0.0,0.0
21.6334,-4.026849743992271,-1.8632470178852747,1.0,-4.062355995178223,-1.8607608079910278,0.9731714129447937,-0.006275239006430898,-0.11384322656605633,-0.0032915845750037492,-0.99347345910012,0.13456347349679276,-0.05249300029625857,0.0,0.0796104222536087,-0.053597938269376755,0.024558639153838158,2.3129854228233127,-0.07648141652101956,0.07548636229351702,2.313567657159224,-0.07674532547593363,0.0755417695382682,-0.2314422315061586,0.18878619534682706,0.35103532647842683,-0.21406557604377602,0.15023931682918526,0.24242856688382663,0.0,0.0,0.0,-0.0005822343359110849,0.0002639089549140717,-5.540724475119068e-05,0.0,0.0,0.0
21.65,-4.024660204469684,-1.8640996722434013,1.0,-4.061168193817139,-1.8622431755065918,0.9737621545791626,-0.005455593438371352,-0.11478667850161664,-0.003525710318481722,-0.9933689770626615,0.1282734365733148,-0.049865710594422505,0.0,0.07686584442853928,-0.06448005884885788,0.02245686762034893,2.3074138830366464,0.002218652787338099,0.08601775222409402,2.307956664195228,0.001836700769401319,0.0860640815857455,-0.16469838686601332,-0.6530212729809,-0.1261244545389513,-0.1994914794871935,-0.08689789091897022,0.1336249787132591,0.0,0.0,0.0,-0.0005427811585815794,0.0003819520179367799,-4.63293616514689e-05,0.0,0.0,0.0
21.6667,-4.022571422806228,-1.864910330000824,1.0,-4.060629367828369,-1.863077163696289,0.9739812016487122,-0.0040211359860151995,-0.11598289035605283,-0.004057182078204108,-0.9932347814970028,0.12214364694351168,-0.0473253364190845,0.0,0.07194000482559204,-0.07040368765592575,0.013954541645944118,2.3186808027317367,0.04773319436017173,0.13680488177972394,2.3191562461982405,0.04727784076106558,0.13682277090522071,-0.2951706371883706,-0.35496106864776056,-0.5094841037752696,-0.22773771562124429,-0.1660350405228518,-0.05623257689626565,0.0,0.0,0.0,-0.00047544346650359686,0.0004553535991061496,-1.788912549677865e-05,0.0,0.0,0.0
21.6833,-4.020587993355326,-1.8656776098329917,1.0,-4.0597615242004395,-1.8647289276123047,0.9741853475570679,-0.005124961948515515,-0.11607773130191447,-0.0044954250090203755,-0.9932168269395372,0.1161960871397903,-0.0448788712618453,0.0,0.06045231223106384,-0.06455081701278687,0.002778716152533889,2.368234610471271,0.026479481324184873,0.2036982756882958,2.368570335555973,0.026096690564696125,0.20369898501503197,-0.6903188486776125,0.35171091936731713,-0.6715781192915627,-0.3643001209496326,-0.01318697003520189,-0.23789382802075457,0.0,0.0,0.0,-0.0003357250847016693,0.0003827907594887473,-7.093267361902716e-07,0.0,0.0,0.0
21.7,-4.018699825450443,-1.8664057867724004,1.0,-4.058971405029297,-1.8662824630737305,0.9742401838302612,-0.006250562026627772,-0.11531001065122035,-0.004353895891720842,-0.9933003619932858,0.11040906313586263,-0.042515392400874444,0.0,0.06709951162338257,-0.0624535046517849,0.003369262907654047,2.309880045125497,0.02709009425207093,0.2007393998122916,2.310293660503231,0.026731773808387305,0.20074044267649435,0.3988665789210146,0.12584966344296772,0.03543588058752629,-0.1389993623297085,0.027859185416682194,-0.15720190224196182,0.0,0.0,0.0,-0.0004136153777341941,0.00035832044368362226,-1.0428642027567407e-06,0.0,0.0,0.0
21.7167,-4.016905933965488,-1.8670955738378985,1.0,-4.058548927307129,-1.8670401573181152,0.9743133783340454,-0.004097442855244176,-0.11543044000248416,-0.004406368718116878,-0.9932973695670414,0.10478763634095208,-0.04023515418904223,0.0,0.06859003752470016,-0.059417545795440674,0.007744955364614725,2.2848397022925053,0.017894889116721963,0.1749760926256977,2.2852718975921884,0.017570558925839908,0.17498160318647774,0.08936899605455013,0.1820301108585642,0.2623578976899105,-0.07158084892040886,0.07337326047404404,-0.0333401807765254,0.0,0.0,0.0,-0.0004321952996831742,0.0003243301908820556,-5.510560780041797e-06,0.0,0.0,0.0
21.7334,-4.015204943788993,-1.8677478117721842,1.0,-4.057833671569824,-1.868382215499878,0.9745829105377197,-0.004097442855244176,-0.11543044000248416,-0.004406368718116878,-0.9932973695670414,0.09933595617028,-0.03803809406237802,0.0,0.0652819350361824,-0.05266261473298073,0.01183045469224453,2.2876721835907334,-0.01088010353930774,0.14996263478953098,2.288063694615798,-0.011134882050302991,0.14997549241679994,-0.19849485708563416,0.405313644459386,0.24514071374030785,-0.10904818380801207,0.1713681288837406,0.04887246923353404,0.0,0.0,0.0,-0.00039151102506467813,0.00025477851099525245,-1.285762726895969e-05,0.0,0.0,0.0
21.75,-4.013594012709869,-1.868363879180024,1.0,-4.057143688201904,-1.8697071075439453,0.9748252630233765,-0.0006866827977197584,-0.11662076710319702,-0.004591435529928203,-0.993165744959142,0.0940535797064547,-0.03592237684551685,0.0,0.05790245160460472,-0.048215676099061966,0.012082347646355629,2.315607445570152,-0.026079643264136115,0.14807838363351722,2.315915446383266,-0.02629321042807534,0.14809179461656816,-0.4429214933243657,0.26690820823972183,0.01511878228703081,-0.2076136871636078,0.19957330654827804,0.038907763912199175,0.0,0.0,0.0,-0.000308000813114194,0.00021356716393922302,-1.3410983050940727e-05,0.0,0.0,0.0
21.7667,-4.012064344625363,-1.868947396026237,1.0,-4.056918621063232,-1.8702880144119263,0.9749336838722229,-0.0006374394735908392,-0.1169436804514193,-0.004453868216388677,-0.9931284028513613,0.08891969094982882,-0.0338781827648566,0.0,0.05330091342329979,-0.04405064880847931,0.008829183876514435,2.3297088595664524,-0.0434869966616451,0.16789370955230198,2.329969851606338,-0.04366526022245159,0.16790087097125939,-0.2751361407310258,0.24903618955636653,-0.19451385374493926,-0.22754754960178336,0.2141756536726216,-0.030002563995657528,0.0,0.0,0.0,-0.0002609920398855108,0.0001782635608064877,-7.161418957404453e-06,0.0,0.0,0.0
21.7835,-4.010618689150515,-1.8694975471045696,1.0,-4.056517124176025,-1.8713700771331787,0.9750245809555054,-0.002772277449432836,-0.11527013973252904,-0.0037911933172518767,-0.9933231634383302,0.08395151667519048,-0.03191098957274246,0.0,0.054357677698135376,-0.03790746629238129,0.0009922821773216128,2.309529691990284,-0.07044372975325286,0.21529620817166462,2.309801135678143,-0.0705757399485179,0.215296298625782,0.0631736641629372,0.3672411704341381,-0.4684921773115255,-0.14172133362669098,0.25936339188337626,-0.1594527123626748,0.0,0.0,0.0,-0.00027144368785893025,0.00013201019526504378,-9.045411739831376e-08,0.0,0.0,0.0
21.8,-4.009269149717544,-1.8700099660854623,1.0,-4.056333541870117,-1.8718364238739014,0.9750458002090454,-0.002772277449432836,-0.11527013973252904,-0.0037911933172518767,-0.9933231634383302,0.0792012274768805,-0.03003994004732783,0.0,0.05152152478694916,-0.03301597014069557,0.0044763111509382725,2.3144767400878354,-0.0932111774353579,0.19511173488838496,2.3147205971703393,-0.09331131708894513,0.1951135756539966,-0.1714076008645533,0.29562567543227664,0.2105630642673811,-0.1504852623075648,0.27006868077274054,-0.05021729211933623,0.0,0.0,0.0,-0.00024385708250406098,0.00010013965358723557,-1.8407656116386492e-06,0.0,0.0,0.0
21.8167,-4.0079860357510935,-1.8704961302235967,1.0,-4.056119441986084,-1.8726667165756226,0.9750983715057373,-0.002460559357846265,-0.11412857126718721,-0.0035094416349565213,-0.9934568110949582,0.07457346724192832,-0.028226186941384162,0.0,0.049178868532180786,-0.03647041693329811,0.0026601189747452736,2.31676666460785,-0.06423347214072728,0.206577307977866,2.316988849755165,-0.06435566319585766,0.20657795804780058,-0.1403527096903211,-0.20696206147868815,-0.10881130884148954,-0.14749394757670947,0.12924048670650456,-0.06751531681083182,0.0,0.0,0.0,-0.00022218514731502724,0.00012219105513037917,-6.500699345736124e-07,0.0,0.0,0.0
21.8333,-4.006782523156456,-1.8709512192894269,1.0,-4.055966377258301,-1.8735785484313965,0.9750943779945374,-0.0012447650239206978,-0.11621222189551274,-0.0031006593512493633,-0.9932188078414171,0.07012357894302033,-0.02649033258971454,0.0,0.0410350039601326,-0.02933291345834732,0.003078552195802331,2.354757165788064,-0.09859751277410386,0.20491530706966843,2.354911857454458,-0.09867655667416211,0.2049161777344972,-0.489549742740849,0.4290546532375957,0.025153153507216156,-0.24847507025132853,0.21775110853513543,-0.040157890620272294,0.0,0.0,0.0,-0.00015469166639407728,7.90439000582562e-05,-8.7066482876673e-07,0.0,0.0,0.0
21.85,-4.005649989996693,-1.87137866067177,1.0,-4.056073188781738,-1.8742047548294067,0.9751192331314087,-0.0012447650239206978,-0.11621222189551274,-0.0031006593512493633,-0.9932188078414171,0.06582885882597776,-0.02482241277421104,0.0,0.03310283273458481,-0.021644026041030884,0.002366068074479699,2.3933187795714055,-0.13787998017336595,0.20989518744126145,2.3934194468382923,-0.13792301638693788,0.20989570173641262,-0.4759920095570562,0.46139308758727254,-0.04275459253748426,-0.31564222918679036,0.2896786739299701,-0.040924484487584414,0.0,0.0,0.0,-0.00010066726688695158,4.303621357192841e-05,-5.14295151158221e-07,0.0,0.0,0.0
21.8667,-4.004587033752971,-1.8717791300971354,1.0,-4.056179046630859,-1.874480962753296,0.975081741809845,-0.002851866504489594,-0.11595909846006844,-0.0034355582095169594,-0.9932440116568266,0.0616925813412958,-0.0232227147919807,0.0,0.03394892066717148,-0.016764139756560326,-0.0008269670652225614,2.379756291589544,-0.16224879251617247,0.23007185480589898,2.379862170606713,-0.16227461039177843,0.23007179198062577,0.05074137092853671,0.29265530273242013,-0.19149189365714991,-0.20747909383789045,0.2905574291579374,-0.08537473567790677,0.0,0.0,0.0,-0.00010587901716893426,2.5817875605958426e-05,6.282527321031736e-08,0.0,0.0,0.0
21.8833,-4.003592594144384,-1.8721531618607428,1.0,-4.05653190612793,-1.8748807907104492,0.9750444889068604,-0.0027713818289019786,-0.11621924461414586,-0.004238413526800961,-0.9932107577933516,0.05771969742732644,-0.021692216466818282,0.0,0.020727917551994324,-0.007223891094326973,0.0038308529183268547,2.452396537526738,-0.21415366762601462,0.2031427396033928,2.452436007724605,-0.21415846165150154,0.20314408778660378,-0.7935560933900028,0.5726284452410595,0.27957344822165814,-0.3804997361577932,0.37382994867299457,0.022364638568207397,0.0,0.0,0.0,-3.9470197867083605e-05,4.79402548692239e-06,-1.348183210986264e-06,0.0,0.0,0.0
21.9,-4.002662802696332,-1.8725023326305725,1.0,-4.057013511657715,-1.8752520084381104,0.9750016927719116,-0.001987218638932542,-0.11697052272556469,-0.004815993938794237,-0.9931217436492966,0.05390395802668146,-0.020227641676816052,0.0,0.020147768780589104,-0.01536229345947504,0.0030206157825887203,2.450388399479917,-0.1603163236996215,0.20905107352196184,2.450425691153561,-0.16033800423849762,0.2090519117244255,-0.03482340592621215,-0.4885072642073101,-0.04863445044614746,-0.27844976535675187,0.11925224201853235,0.001404409801715181,0.0,0.0,0.0,-3.7291673644007966e-05,2.1680538876111386e-05,-8.382024636600777e-07,0.0,0.0,0.0
21.9167,-4.001794221522555,-1.8728280408616136,1.0,-4.057340145111084,-1.875432014465332,0.9749929904937744,-0.001987218638932542,-0.11697052272556469,-0.004815993938794237,-0.9931217436492966,0.050240191127360376,-0.0188262216562869,0.0,0.01054479368031025,-0.008754194714128971,0.00538070872426033,2.5022822333668975,-0.19609909583876833,0.19576872625698571,2.5022924482671938,-0.19610613612575353,0.19577138598314206,-0.5753970982142858,0.3959482142857143,0.14141353236607143,-0.3661140454862506,0.20093795035648768,0.04273766180656022,0.0,0.0,0.0,-1.0214900296113904e-05,7.040286985199575e-06,-2.6597261563470956e-06,0.0,0.0,0.0
21.9334,-4.000986262372233,-1.8731306040864866,1.0,-4.058125972747803,-1.8757765293121338,0.9749360680580139,-0.0046493031529336905,-0.1180364428661855,-0.005020321860375098,-0.9929856936223034,0.04673511957234583,-0.017489798479116345,0.0,0.011714518070220947,-0.011953609064221382,0.002883956069126725,2.4923943098464933,-0.17240136746007256,0.2118691865023402,2.492406916703062,-0.17241449417504534,0.21186995057601987,0.07019457589349587,-0.1919952557622972,-0.14982887870829398,-0.23730776580196722,0.08493688605359515,-0.014111500598147166,0.0,0.0,0.0,-1.2606856568330709e-05,1.3126714972786976e-05,-7.640736796482439e-07,0.0,0.0,0.0
21.95,-4.0002364804710595,-1.8734110257542265,1.0,-4.058547019958496,-1.8759475946426392,0.9749360680580139,-0.008918072947374695,-0.11853408124326577,-0.005067694918101291,-0.9928970166530365,0.043387806244580156,-0.016217329951836678,0.0,0.007430937606841326,-0.00869620032608509,0.009687362238764763,2.5139501380691334,-0.18850003969651663,0.17188292233309654,2.513955210839324,-0.1885069870121402,0.17189154355924893,-0.2574127637559637,0.19574713096551427,0.40883639283833834,-0.243243128668108,0.11765009569147178,0.11075044799590214,0.0,0.0,0.0,-5.072770190780484e-06,6.947315623567504e-06,-8.621226152391508e-06,0.0,0.0,0.0
21.9667,-3.999539620539838,-1.873671347727498,1.0,-4.059537410736084,-1.8761568069458008,0.9750717878341675,-0.009787341161199767,-0.11880953197170871,-0.005208760420067256,-0.9928551648324652,0.040184039962275125,-0.01500280617572636,0.0,0.0054390691220760345,-0.006038261577486992,0.012551016174256802,2.5251311468437185,-0.20098687696626813,0.1548545400089404,2.5251338645787635,-0.2009902264803192,0.1548690115818507,-0.11933979877617633,0.15924639495186127,0.17157151038839527,-0.20666460103460607,0.12993008351161067,0.12870593727422236,0.0,0.0,0.0,-2.7177350450990328e-06,3.3495140510732363e-06,-1.4471572910326409e-05,0.0,0.0,0.0
21.9833,-3.9988972058479195,-1.8739110693034424,1.0,-4.0605340003967285,-1.8764370679855347,0.9752172231674194,-0.00846884549416527,-0.1203407849300262,-0.005202016924305529,-0.9926829528094497,0.03714042894453673,-0.013851960447076393,0.0,-0.003733875695616007,-0.007143660914152861,0.01756422221660614,2.5799819430148663,-0.19072434788832565,0.12487148905425671,2.579980662225627,-0.19072903601806906,0.12489983009566061,-0.5522019568364813,-0.06654391680361398,0.3017899095250739,-0.30867354404388603,0.07192736755503902,0.17980348943376542,0.0,0.0,0.0,1.2807892389873217e-06,4.6881297434208475e-06,-2.834104140389426e-05,0.0,0.0,0.0
22.0,-3.9983016813526375,-1.8741330694003773,1.0,-4.061774730682373,-1.8767125606536865,0.9753584265708923,-0.009872551552176657,-0.12190691440548644,-0.004648375922266446,-0.9924815751672647,0.03423060376157086,-0.012754317476543243,0.0,-0.00848399382084608,-0.012314269319176674,0.01205387618392706,2.61002566609812,-0.15625984045885571,0.15805031973270844,2.610019053705301,-0.1562737712330808,0.1580636675855749,-0.28452707614819417,-0.3097140013370607,-0.3300639276559131,-0.3015450653827847,-0.04074014001140776,0.029281308781286375,0.0,0.0,0.0,6.612392819177925e-06,1.3930774225084504e-05,-1.3347852866477187e-05,0.0,0.0,0.0
22.0167,-3.997753736219565,-1.8743371424564037,1.0,-4.062458038330078,-1.8768634796142578,0.9753932952880859,-0.0105756294739672,-0.12249197061473435,-0.004397812907869162,-0.992403477056974,0.03146698535705322,-0.011714118075724433,0.0,-0.016999104991555214,-0.009194515645503998,0.012627319432795048,2.6603877191312115,-0.1723356756757855,0.15525666576725372,2.6603611724600005,-0.172343442002755,0.15527131383339823,-0.5102064948179311,0.1869286911972686,0.03435944218654019,-0.3631457331719119,0.02647186019001651,0.03078046657835847,0.0,0.0,0.0,2.654667121121188e-05,7.76632696950438e-06,-1.4648066144513885e-05,0.0,0.0,0.0
22.0334,-3.997250900092239,-1.8745242549299175,1.0,-4.06411075592041,-1.8771756887435913,0.9754415154457092,-0.010782428254541966,-0.12295766694899941,-0.0037959559111336045,-0.9923460730493021,0.028846922676615285,-0.010729945343872449,0.0,-0.0247629564255476,-0.019474932923913002,0.010365523397922516,2.711610144344159,-0.10737306179619899,0.16940572944575594,2.711553811335688,-0.10740790434360396,0.169415599974808,-0.46539213567049204,-0.6162438054694087,-0.13557988532749282,-0.39333074000330626,-0.1632695515808608,-0.018332149964028252,0.0,0.0,0.0,5.633300847109722e-05,3.484254740497832e-05,-9.870529052076498e-06,0.0,0.0,0.0
22.05,-3.9967919551011595,-1.8746949008588847,1.0,-4.064979076385498,-1.8774091005325317,0.9754678010940552,-0.010782428254541966,-0.12295766694899941,-0.0037959559111336045,-0.9923460730493021,0.02637425698058769,-0.009802859162536039,0.0,-0.03595345839858055,-0.021219095215201378,0.01906486228108406,2.7799745808075214,-0.0941925047617832,0.11789406524330504,2.7798558292532953,-0.0942338677286108,0.11792745592636449,-0.6730289678300521,-0.10489893567444328,0.5232032560690575,-0.4759027690563233,-0.14603747889339017,0.14153899983782056,0.0,0.0,0.0,0.00011875155422585607,4.136296682759704e-05,-3.3390683059457e-05,0.0,0.0,0.0
22.0667,-3.996370399797141,-1.8748515317982835,1.0,-4.0668840408325195,-1.8779048919677734,0.9756036996841431,-0.011354724505403216,-0.12566131879234443,-0.0040357714791605616,-0.9920000474230276,0.024023384006654804,-0.008922932425027008,0.0,-0.0380101203918457,-0.02098977379500866,0.01458450872451067,2.7992022216773957,-0.09168924003697626,0.14491342768523852,2.7990694955420934,-0.0917297137897939,0.14493296845050155,-0.12286727474077028,0.013699916676162261,-0.26766130417829875,-0.3716802385101982,-0.0988800801128996,0.020735590912927065,0.0,0.0,0.0,0.00013272613530234594,4.047375281764275e-05,-1.9540765263018786e-05,0.0,0.0,0.0
22.0833,-3.995989845702969,-1.874992835900542,1.0,-4.068885326385498,-1.8784724473953247,0.975638747215271,-0.0109298263204967,-0.12743419963317487,-0.004486995639318204,-0.9917766691259199,0.021824457800759162,-0.008101151495870061,0.0,-0.0389447920024395,-0.026814429089426994,0.010032214224338531,2.812687469172293,-0.05266572145056683,0.1728610823117117,2.812548135290718,-0.052731774833965905,0.17287032826198176,-0.056282437117753464,-0.350739009963534,-0.2741221901290665,-0.27856904283981826,-0.17323343956918613,-0.06631181532873476,0.0,0.0,0.0,0.00013933388157520626,6.605338339907e-05,-9.245950270058804e-06,0.0,0.0,0.0
22.1,-3.9956431795670433,-1.875121480523823,1.0,-4.069911003112793,-1.8787297010421753,0.9756455421447754,-0.00927007288942556,-0.12935267149383012,-0.00537705278617129,-0.991540815361653,0.019746731252255897,-0.007325754121561125,0.0,-0.04268158599734306,-0.02087068185210228,0.01346164382994175,2.8385578948534134,-0.08595122354407789,0.15306344776369885,2.838390539713059,-0.08599123931923915,0.15308009546020848,-0.22390357142857142,0.3561411830357143,0.20548671875,-0.26243079652828866,-0.016952375304674208,0.013928079742815784,0.0,0.0,0.0,0.00016735514035443727,4.001577516126422e-05,-1.664769650963998e-05,0.0,0.0,0.0
22.1167,-3.995330537413327,-1.8752374366304907,1.0,-4.072012424468994,-1.8792705535888672,0.9757152795791626,-0.00927007288942556,-0.12935267149383012,-0.00537705278617129,-0.991540815361653,0.01780065930823683,-0.006600413239055217,0.0,-0.038543518632650375,-0.028943628072738647,0.015881771221756935,2.8230242955670803,-0.03386367357222625,0.13900334719129093,2.8228878181872274,-0.03394063336616531,0.13902651878099354,0.24832690684331765,-0.484460398394689,0.14523271286108766,-0.11164578709313178,-0.15496928862247777,0.05269160736642887,0.0,0.0,0.0,0.0001364773798527182,7.69597939390632e-05,-2.31715897026155e-05,0.0,0.0,0.0
22.1334,-3.9950491883784442,-1.8753417357203102,1.0,-4.074174404144287,-1.8797773122787476,0.9758440852165222,-0.006701517500626146,-0.13397658117053607,-0.005241002759178137,-0.9909479777904987,0.015979506776765205,-0.005922410302254876,0.0,-0.04158514738082886,-0.0218216460198164,0.01922861859202385,2.8513210296162765,-0.07325486259465405,0.11908339661913148,2.8511621623404673,-0.07329860805304401,0.11911736337960717,-0.18250573123801894,0.4273376700595119,0.2008196519770536,-0.1325649377509297,0.016938368725451333,0.09642171355334232,0.0,0.0,0.0,0.0001588672758093523,4.374545838996832e-05,-3.3966760475697984e-05,0.0,0.0,0.0
22.15,-3.9947974079916766,-1.8754350326918945,1.0,-4.0752105712890625,-1.8800345659255981,0.9758960604667664,-0.006701517500626146,-0.13397658117053607,-0.005241002759178137,-0.9909479777904987,0.01428237459040546,-0.005291229326742644,0.0,-0.03360547870397568,-0.02626282349228859,0.016947899013757706,2.8082766890238093,-0.044652990797731024,0.13331058911582205,2.8081729414066015,-0.04471635453554106,0.13333697609616812,0.479205593259167,-0.26670745010237246,-0.13696478172472545,0.048040904670195936,-0.06679906134337887,0.027521754413738338,0.0,0.0,0.0,0.00010374761720775959,6.336373781004209e-05,-2.6386980346077972e-05,0.0,0.0,0.0
22.1667,-3.9945726139753486,-1.875518297408866,1.0,-4.077220916748047,-1.880568027496338,0.9759881496429443,-0.0066991151302610245,-0.13553095694361783,-0.004596451004901003,-0.9907398145057035,0.012702100698060695,-0.0047040497002982795,0.0,-0.03577577322721481,-0.022133341059088707,0.021107492968440056,2.8314172218298403,-0.06622062224340441,0.10869319130053101,2.8312996411365665,-0.06626562632578518,0.10873412031289573,-0.13018241233339053,0.24770185755248555,0.24950805964332703,-0.0045738759949891725,0.026047358221195194,0.0930561690834788,0.0,0.0,0.0,0.00011758069327380187,4.5004082380765605e-05,-4.0929012364717635e-05,0.0,0.0,0.0
22.1833,-3.994373380241392,-1.8755920688710919,1.0,-4.079206466674805,-1.88101065158844,0.9760867953300476,-0.005959437938894836,-0.13595241489201465,-0.003845689192376455,-0.990690039077612,0.011238970792126778,-0.004160841938332868,0.0,-0.022820230573415756,-0.019944237545132637,0.02072620950639248,2.7640751609536713,-0.07672348579147278,0.11128423377233732,2.764027320199773,-0.07676002783536023,0.11132369746553551,0.7778562852500788,0.13143470504451887,-0.022892421054138395,0.22641380851155737,0.05715962922602327,0.05882602601861032,0.0,0.0,0.0,4.7840753898538536e-05,3.654204388744685e-05,-3.9463693198197355e-05,0.0,0.0,0.0
22.2,-3.9941972872539457,-1.8756572518371426,1.0,-4.080138683319092,-1.881223201751709,0.9761702418327332,-0.005140535209040287,-0.13610300558174407,-0.003445041250431924,-0.9906754562680272,0.009885590168954619,-0.0036587440863574306,0.0,-0.023785630241036415,-0.018556803464889526,0.02518545277416706,2.7753542998194325,-0.0836863927425466,0.08490693428090823,2.775302325682645,-0.08371802748439741,0.08496520595352984,-0.057846250482149746,0.08313433495478507,0.26719555815083074,0.1424950435189526,0.06482783711115665,0.12034052038874596,0.0,0.0,0.0,5.197413678782905e-05,3.163474185079937e-05,-5.82716726216029e-05,0.0,0.0,0.0
22.2167,-3.99404303949113,-1.8757143330832426,1.0,-4.081951141357422,-1.8816189765930176,0.9764195084571838,-0.0048771384792714615,-0.1368926689354442,-0.0029957558453057686,-0.9905693305034768,0.008642473299778618,-0.0031978475250224,0.0,-0.015097219496965408,-0.023449892178177834,0.024591749534010887,2.733466552962925,-0.052160878775658115,0.08800893743123994,2.7334456141577017,-0.0522113960207705,0.08806449417870713,0.5212380344065566,-0.29354780963040306,-0.035617642746803214,0.2543068969232211,-0.040971204036032736,0.07429882009788588,0.0,0.0,0.0,2.0938805223433553e-05,5.0517245112382185e-05,-5.555674746718513e-05,0.0,0.0,0.0
22.2334,-3.993908638132465,-1.8757640581707358,1.0,-4.08357572555542,-1.882114291191101,0.9766276478767395,-0.0057738337547649865,-0.1379471936218989,-0.002864847733830932,-0.9904186976668988,0.0075042412804956675,-0.0027760729418412813,0.0,-0.005971312057226896,-0.020503325387835503,0.02826450578868389,2.6883456331954663,-0.06727720385473765,0.06571051299120201,2.6883423575454484,-0.06731582334760433,0.06578390364401171,0.5477430213953006,0.17685489439189478,0.22044126801276456,0.34093460416104415,0.02333504154746628,0.11744274184837067,0.0,0.0,0.0,3.2756500179754263e-06,3.861949286667571e-05,-7.339065280969569e-05,0.0,0.0,0.0
22.25,-3.993792357369908,-1.8758070702647183,1.0,-4.084336757659912,-1.8822953701019287,0.9767898917198181,-0.0057738337547649865,-0.1379471936218989,-0.002864847733830932,-0.9904186976668988,0.006466964249826675,-0.002391893304507584,0.0,-0.0005993756931275129,-0.015544482506811619,0.037183646112680435,2.6617271555112243,-0.096137551062633,0.012158077100237974,2.661727122508012,-0.09615974889132403,0.012285094115950317,0.32233493340134617,0.2975478824516101,0.5351795530464514,0.3354436413963545,0.10428768412149317,0.24076628371982267,0.0,0.0,0.0,3.300321221624369e-08,2.2197828691033388e-05,-0.0001270170157123433,0.0,0.0,0.0
22.2667,-3.9936925242764545,-1.8758439918508576,1.0,-4.085646152496338,-1.88258957862854,0.977310061454773,-0.006271941015534918,-0.13817957553951976,-0.0026845013690528,-0.9903836736357864,0.005526462313486521,-0.002043701719980753,0.0,0.01290708314627409,-0.016029179096221924,0.047688160091638565,2.589327569983733,-0.09186034626667378,-0.05271285408157722,2.589342874308532,-0.09188394999031933,-0.05250393452660311,0.8096701921754184,-0.029056052764160248,0.6297129360984464,0.4754439868861964,0.0649221757959264,0.3555904444941812,0.0,0.0,0.0,-1.530432479901196e-05,2.360372364555256e-05,-0.00020891955497411214,0.0,0.0,0.0
22.2834,-3.9936075851030797,-1.8758754004164226,1.0,-4.086666584014893,-1.882946252822876,0.9779505729675293,-0.005353835140997857,-0.1371107419979956,-0.0022589024927897796,-0.9905386897446095,0.00467892625071392,-0.0017300396054624207,0.0,0.02104375883936882,-0.01851072907447815,0.04766099527478218,2.5455000857240364,-0.07623221565824015,-0.05338653331354293,2.545540767939052,-0.07626369350432129,-0.053177851706312056,0.4883616869329727,-0.14894214533070033,-0.0016304270055235968,0.4792575280439233,0.0017855192833571773,0.2501323141048505,0.0,0.0,0.0,-4.0682215015423294e-05,3.1477846081140726e-05,-0.00020868160723087412,0.0,0.0,0.0
22.3001,-3.993535903458715,-1.8759019032491289,1.0,-4.087133407592773,-1.883081316947937,0.9783031344413757,-0.00639186987297267,-0.13526784997343252,-0.001624339541609791,-0.9907871032697326,0.003918842888777602,-0.0014488274886195853,0.0,0.024219315499067307,-0.010226130485534668,0.05174865201115608,2.5337984752912286,-0.12466257846983933,-0.08057080159689234,2.5338523620035747,-0.12467218531118643,-0.08032478973867294,0.190112046817014,0.49597666286040537,0.24471702826149014,0.3938964971145243,0.14767977747102265,0.24853362274572854,0.0,0.0,0.0,-5.388671234595684e-05,9.606841347099741e-06,-0.0002460118582194028,0.0,0.0,0.0
22.3167,-3.9934764292602023,-1.8759238902632802,1.0,-4.088018894195557,-1.883223533630371,0.9790247678756714,-0.00815744877229859,-0.13403974875974176,-0.000776808564904212,-0.9909420772317072,0.0032462553072876,-0.0012000495066187553,0.0,0.02951909601688385,-0.007931132800877094,0.05276772379875183,2.5091894696256616,-0.13804343548298123,-0.08959557599554613,2.509269520128786,-0.1380492141597427,-0.08933977944714519,0.3186024168697148,0.13796643211623907,0.06126267557689551,0.3716683084348815,0.1448122203861276,0.19324781628724289,0.0,0.0,0.0,-8.005050312421488e-05,5.77867676147298e-06,-0.0002557965484009383,0.0,0.0,0.0
22.3334,-3.993427417006833,-1.8759420079904472,1.0,-4.088835716247559,-1.8834182024002075,0.979645848274231,-0.007482983292290889,-0.1327397502908475,-0.0006424444118514966,-0.9911224657433338,0.002652720537738095,-0.00098055757730762,0.0,0.03221818432211876,-0.012695218436419964,0.043587829917669296,2.500018118514956,-0.1088629445786295,-0.03694378419534472,2.500113477162329,-0.10887775059803233,-0.036769246814842595,0.16209849618408054,-0.28611554342845685,-0.551314675539455,0.30979946943556014,0.017594468203977448,-0.026560640078750197,0.0,0.0,0.0,-9.535864737315456e-05,1.480601940283461e-05,-0.00017453738050212243,0.0,0.0,0.0
22.35,-3.993387644132184,-1.8759567092459302,1.0,-4.0892415046691895,-1.8835475444793701,0.9798759818077087,-0.007482983292290889,-0.1327397502908475,-0.0006424444118514966,-0.9911224657433338,0.002134481688953984,-0.0007889431682791902,0.0,0.03242427110671997,-0.01324867270886898,0.039032015949487686,2.503890028094766,-0.10531909730247896,-0.010089171113904727,2.5039866105858106,-0.10533522241306145,-0.009949212406251814,0.012372652548559323,-0.03322725146000029,-0.2735134298555745,0.22199363685676907,0.0025909676626094304,-0.09946561731302367,0.0,0.0,0.0,-9.658249104488401e-05,1.6125110582492906e-05,-0.00013995870765291349,0.0,0.0,0.0
22.3667,-3.993355900962378,-1.8759684417923053,1.0,-4.090111255645752,-1.8839079141616821,0.9802178740501404,-0.006132297969706201,-0.13071799230956022,-0.0008358984465164711,-0.9914002977687176,0.0016869969139388522,-0.000623512229271458,0.0,0.02390238456428051,-0.023773062974214554,0.03263694420456886,2.562569141222875,-0.04082641685735075,0.02723107908583644,2.5626216268532263,-0.04087833608701318,0.027328932714837956,-0.5114087851613919,-0.6315814712341898,-0.383776040176272,0.0054798370769987,-0.18462832741867974,-0.1833992506404452,0.0,0.0,0.0,-5.248563035129098e-05,5.191922966243253e-05,-9.785362900151537e-05,0.0,0.0,0.0
22.3834,-3.9933310150596086,-1.8759776394073604,1.0,-4.0905961990356445,-1.8841445446014404,0.9803385138511658,-0.006641700585877054,-0.12833859724523378,-0.0013004410108035898,-0.991707379706968,0.0013049852952602779,-0.00048230147331953426,0.0,0.01980263739824295,-0.026356961578130722,0.029387738555669785,2.592880301880142,-0.02461930366324458,0.04677976188987942,2.5929163268834245,-0.024683122464962154,0.04685910154231141,-0.24551093571530555,-0.15473524057681326,-0.19457675970873786,-0.06861722654788406,-0.17580334181054807,-0.18669905561489475,0.0,0.0,0.0,-3.602500328282854e-05,6.38188017175733e-05,-7.933965243198664e-05,0.0,0.0,0.0
22.4001,-3.9933119993588138,-1.8759846671934939,1.0,-4.091594219207764,-1.8847289085388184,0.9804487824440002,-0.006417157982079213,-0.12684142001393733,-0.0027843894000236565,-0.9918983470775709,0.0009846991953181038,-0.00036391756276683585,0.0,0.023440048098564148,-0.03071604296565056,0.021480614319443703,2.579391519345757,0.003972061337870869,0.09432371934339245,2.5794419941862903,0.003885387407393904,0.09436610816597532,0.21796111563517914,-0.2612051045774044,-0.47381111509943424,0.015985938014757353,-0.2010155031143796,-0.27145978327997705,0.0,0.0,0.0,-5.047484053341433e-05,8.667393047696523e-05,-4.2388822582871374e-05,0.0,0.0,0.0
22.4167,-3.9932978780943214,-1.8759898859615185,1.0,-4.092618465423584,-1.88532292842865,0.9804943203926086,-0.005368576001264552,-0.12687261921854753,-0.004025403354426932,-0.9918963661756909,0.0007213867765424335,-0.0002665984103671392,0.0,0.01660936325788498,-0.03074166364967823,0.02398894727230072,2.628861391890448,0.006618059044088909,0.07969507655634744,2.6288867352348557,0.006531240461416707,0.07974794302946207,-0.41056388108681324,-0.0015399521008282939,0.15076539705798056,-0.10993936487000432,-0.1421266745306666,-0.14681119280203855,0.0,0.0,0.0,-2.53433444075346e-05,8.681858267220189e-05,-5.286647311462553e-05,0.0,0.0,0.0
22.4334,-3.9932876970687494,-1.8759936484682216,1.0,-4.093153476715088,-1.885676383972168,0.9805244207382202,-0.005368576001264552,-0.12687261921854753,-0.004025403354426932,-0.9918963661756909,0.0005089059089311382,-0.00018807004272942466,0.0,0.023719068616628647,-0.041303426027297974,0.022557873278856277,2.592232852395484,0.07129173000175854,0.08877960979772526,2.592284536050798,0.07113500794867891,0.08882635685355059,0.42697363475608885,-0.634287054702825,-0.08594320492260993,0.04856716607423249,-0.28742141424382733,-0.128841850262292,0.0,0.0,0.0,-5.168365531357239e-05,0.00015672205307962875,-4.674705582532564e-05,0.0,0.0,0.0
22.45,-3.9932806656931965,-1.8759962469514693,1.0,-4.094048976898193,-1.8865877389907837,0.9807233214378357,-0.0057314972454357875,-0.12682951879758908,-0.00432519388788489,-0.9918985999586619,0.0003423675761558104,-0.0001265230788679753,0.0,0.028349533677101135,-0.04580331966280937,0.040260858833789825,2.572241434548327,0.10241992983861595,-0.017790527445769144,2.5723152674263456,0.10222719870801862,-0.017641617389298522,0.27794745080500893,-0.270109794275492,1.0626361806797853,0.11628441863655936,-0.28231070761516175,0.22290424177202076,0.0,0.0,0.0,-7.383287801860854e-05,0.00019273113059733085,-0.0001489100564706225,0.0,0.0,0.0
22.4667,-3.993276057060352,-1.8759979500806636,1.0,-4.094478130340576,-1.887041449546814,0.9809756875038147,-0.005371752819971058,-0.12689692214507012,-0.004809292589881006,-0.9918897491204747,0.0002162655528702114,-7.992105202747717e-05,0.0,0.028238914906978607,-0.046007733792066574,0.049391649663448334,2.5782858158365722,0.10552816514453428,-0.07320190731461251,2.5783590736527215,0.10533370990842472,-0.0729777953607575,-0.006626137158852344,-0.012244540923437254,0.546940382171063,0.07999897606182911,-0.20258223905968953,0.3185656330048281,0.0,0.0,0.0,-7.325781614935275e-05,0.00019445523610955558,-0.00022411195385500348,0.0,0.0,0.0
22.4834,-3.993273255667642,-1.8759989853344774,1.0,-4.09522819519043,-1.8880285024642944,0.9815353751182556,-0.003001587915468483,-0.1284589528395127,-0.005095680425512569,-0.9916972644633254,0.00012560682233030355,-4.6417855943280744e-05,0.0,0.0376163087785244,-0.05190965160727501,0.050533272325992584,2.5288817692695016,0.14555301877062976,-0.0822353692594936,2.5290117593797334,0.14530547375466146,-0.08200077747274034,0.5633533469642065,-0.35456174713894895,0.06858376183451022,0.22269402088626888,-0.24744936765786307,0.24476641557900633,0.0,0.0,0.0,-0.000129990110231676,0.00024754501596829245,-0.00023459178675324632,0.0,0.0,0.0
22.5,-3.9932717102078845,-1.87599955645662,1.0,-4.096035003662109,-1.8890379667282104,0.982231616973877,-0.0017686766926914225,-0.12929105806966326,-0.005202817714427267,-0.991591475873563,6.450361175461711e-05,-2.3837174738022312e-05,0.0,0.027614183723926544,-0.05186636000871658,0.059079498052597046,2.595885320229918,0.15009723043967413,-0.136402297947385,2.595955372526631,0.14985009814659658,-0.13608164772003686,-0.6007812388119549,0.0026003254378553324,0.5133321220409859,-0.020410926887520442,-0.1736301279600444,0.32405192084991985,0.0,0.0,0.0,-7.005229671293497e-05,0.00024713229307754195,-0.00032065022734815437,0.0,0.0,0.0
22.5168,-3.993270972657526,-1.8759998290166466,1.0,-4.09687614440918,-1.8901636600494385,0.982937216758728,-0.0010621532660351238,-0.12783903064983412,-0.005204882910004278,-0.9917807573702254,2.708699761080696e-05,-1.0009931178863447e-05,0.0,0.03459334000945091,-0.05861947312951088,0.054894864559173584,2.560997620662909,0.19609520816629852,-0.11425076731042394,2.561107557426936,0.19577953201002424,-0.11397393205698736,0.41657468514301976,-0.4030825298847303,-0.24977408566956028,0.10859521281060823,-0.24136867083613903,0.15464799559139736,0.0,0.0,0.0,-0.00010993676402713732,0.00031567615627429573,-0.00027683525343657843,0.0,0.0,0.0
22.5334,-3.993270701900564,-1.875999929074172,1.0,-4.097298622131348,-1.890741229057312,0.9832636117935181,-0.0010621532660351238,-0.12783903064983412,-0.005204882910004278,-0.9917807573702254,8.011554329408342e-06,-2.960648242670499e-06,0.0,0.02928454615175724,-0.05630972236394882,0.05583756044507027,2.597482023151952,0.18507729824945363,-0.12098272261711485,2.597560806594518,0.18478600881615578,-0.12069629767780835,-0.3194922850245358,0.13900474753924297,0.05673304911470141,-0.01778404094130545,-0.12907548543725728,0.12574171374607054,0.0,0.0,0.0,-7.87834425658162e-05,0.0002912894332978325,-0.000286424939306505,0.0,0.0,0.0
22.55,-3.993270639680251,-1.8759999520675195,1.0,-4.0982184410095215,-1.891867995262146,0.983758807182312,0.0009638931570881276,-0.12712145421215584,-0.005794728054914252,-0.991869813661129,9.798727134489952e-07,-3.621092751678061e-07,0.0,0.03154918551445007,-0.05793317034840584,0.03466767445206642,2.590745496279024,0.20052961426015803,0.004101539799122533,2.590836935867353,0.20022128655560611,0.004211949536745075,0.1359913229988403,-0.09748785738829155,-1.2712491230833107,0.027613257130848418,-0.11975024029272698,-0.2866755148569195,0.0,0.0,0.0,-9.143958832863378e-05,0.00030832770455191936,-0.00011040973762254163,0.0,0.0,0.0
