timestamp,pos_des_x,pos_des_y,pos_des_z,pos_cur_x,pos_cur_y,pos_cur_z,quat_x,quat_y,quat_z,quat_w,vel_des_x,vel_des_y,vel_des_z,vel_cur_x,vel_cur_y,vel_cur_z,fb_acc_x,fb_acc_y,fb_acc_z,cmd_acc_x,cmd_acc_y,cmd_acc_z,a_meas_x,a_meas_y,a_meas_z,a_meas_filt_x,a_meas_filt_y,a_meas_filt_z,indi_dist_x,indi_dist_y,indi_dist_z,mbff_drag_x,mbff_drag_y,mbff_drag_z,nn_pred_x,nn_pred_y,nn_pred_z
0.0222,-5.3,-1.451862516808871e-08,1.0,-5.283290863037109,-0.003315436188131571,0.9950345158576965,-0.010601604444995558,-0.023931824180000293,0.00991154792376148,-0.9996082279288202,1.895734712984577e-14,-2.6114521051914986e-06,0.0,0.00963183306157589,-0.0041018035262823105,-0.0163438580930233,-0.031952607975144265,0.004763087826621368,0.052602000262011187,0.4258278739052113,-0.24113993608429823,0.10333108102203106,0.1168594555334859,0.1757807487542372,0.2720973359121871,0.05543103939172972,0.0721234502806559,0.11071396466896255,-0.4577804818803556,0.2459030239109196,-0.05072908076001988,0.0,0.0,0.0,0.0,0.0,0.0
0.0333,-5.299999999999999,-7.340491834305322e-08,1.0,-5.28322172164917,-0.003329377854242921,0.9949078559875488,-0.010601604444995558,-0.023931824180000293,0.00991154792376148,-0.9996082279288202,3.2273391303729694e-13,-8.793250379464229e-06,0.0,0.008869258686900139,-0.006522447802126408,-0.01614939421415329,-0.02790891238304817,0.018919215667007383,0.0521814435063402,0.4292604635057646,-0.22621363764172567,0.10279776416573624,-0.06877244237550528,-0.21830476409972477,0.017537641373527136,0.018763901438597123,-0.013616266920868203,0.08320661099716967,-0.45716937588881273,0.24513285330873305,-0.050616320659396044,0.0,0.0,0.0,0.0,0.0,0.0
0.05,-5.299999999999965,-3.695563053123078e-07,1.0,-5.283093452453613,-0.0034493885468691587,0.9946712255477905,-0.009576162401102394,-0.02324196851484103,0.00973958878183702,-0.9996366349047165,5.44994833160614e-12,-2.9494549292023893e-05,0.0,0.009059255942702293,-0.011356192640960217,-0.013831811025738716,-0.029971613612014766,0.04748049106449985,0.03963646812455408,0.4265434901658741,-0.1952938435964322,0.08966079680549147,0.011416177207936395,-0.290440445705895,0.1392543290237089,0.016594718947303348,-0.09533982416619247,0.09975292177361628,-0.4565151037778889,0.24277433466093204,-0.050024328680937376,0.0,0.0,0.0,0.0,0.0,0.0
0.0666,-5.2999999999996605,-1.1643922996677247e-06,1.0,-5.283023357391357,-0.0035218808334320784,0.9945993423461914,-0.009576162401102394,-0.02324196851484103,0.00973958878183702,-0.9996366349047165,4.0527196143447e-11,-6.961089686870159e-05,0.0,0.009449121542274952,-0.010132810100913048,-0.009664046578109264,-0.03294429951125702,0.038965889447553886,0.015169368126335028,0.4228038671152903,-0.20233238753156346,0.0635427638775603,0.023385602135890395,0.07338307707296493,0.24999815648060753,0.01859951178528655,-0.04552973987899837,0.14410806117402664,-0.45574816662654727,0.24129827697911735,-0.04837339575122528,0.0,0.0,0.0,0.0,0.0,0.0
0.0833,-5.29999999999799,-2.8357974330745287e-06,1.0,-5.28290319442749,-0.0035840857308357954,0.9945329427719116,-0.010767280413769342,-0.022665949511876164,0.009585963519014862,-0.9996392058624757,1.9203122295527103e-10,-0.00013543366723968054,0.0,0.006881408393383026,-0.005597296170890331,-0.005368477664887905,-0.01842449885568813,0.009998502208788396,-0.010089345780061196,0.43750676035267955,-0.23165287107964716,0.03571546774949925,-0.1536694471098967,0.27143605129202103,0.2570761068860225,-0.03225743353521525,0.04804435503302961,0.17745829304739963,-0.4559312592083677,0.24165137328843556,-0.045804813529560444,0.0,0.0,0.0,0.0,0.0,0.0
0.1,-5.2999999999914404,-5.851277059955994e-06,1.0,-5.282838821411133,-0.003629474900662899,0.9945374727249146,-0.010914598137294094,-0.021760441593776814,0.009398494336838361,-0.999659520643458,6.807633774602368e-10,-0.0002326888200581783,0.0,0.004497986752539873,-0.007556673139333725,-0.005762967746704817,-0.0047311727668618575,0.01936636302201674,-0.00756338253360582,0.4520640300734171,-0.22177414838722284,0.03654784534275891,-0.1433293893913,-0.11782904865083803,-0.02372304655576584,-0.06504790502724464,-0.0009245054940066888,0.11806588449439497,-0.45679520284027897,0.2411405114092396,-0.04411122787636473,0.0,0.0,0.0,0.0,0.0,0.0
0.1167,-5.299999999970781,-1.0810827458720381e-05,1.0,-5.282812595367432,-0.0036895715165883303,0.9945293664932251,-0.009969991773211302,-0.0214274031237443,0.009411096244543157,-0.9996764215297108,1.989170525028607e-09,-0.00036799598043626427,0.0,0.005849762354046106,-0.012522328644990921,-0.004127157852053642,-0.013260075855540676,0.04624751954808369,-0.017154884309904903,0.44362625989970295,-0.19267119924894788,0.025163941411183804,0.08089715224866592,-0.29717017307308163,0.09789521422787718,-0.02196225660120067,-0.08838164120858158,0.1121111339612689,-0.4568863357552436,0.23891871879703158,-0.04231882572108871,0.0,0.0,0.0,0.0,0.0,0.0
0.1334,-5.299999999915618,-1.8371896054632702e-05,1.0,-5.282713413238525,-0.0038614626973867416,0.9946028590202332,-0.009969991773211302,-0.0214274031237443,0.009411096244543157,-0.9996764215297108,5.0210928602655395e-09,-0.0005466058424369938,0.0,0.008179867640137672,-0.01288657821714878,0.003372425911948085,-0.028024690332510024,0.045466962808932955,-0.06233986779447946,0.4280211830350342,-0.19151514795278027,-0.024015997893971623,0.1397464777561307,-0.021845620040037178,0.4497824291082791,0.02577711742068703,-0.06873899164412178,0.21179787209290968,-0.45604587336754426,0.23698211076171322,-0.03832386990050784,0.0,0.0,0.0,0.0,0.0,0.0
0.15,-5.299999999785149,-2.9315582247539783e-05,1.0,-5.282628536224365,-0.003992980346083641,0.9948134422302246,-0.01162080052350276,-0.021638834435660472,0.009653061301844196,-0.9996517656233319,1.1351626750150311e-08,-0.0007744432058744804,0.0,0.0051543437875807285,-0.010824169963598251,0.006420216988772154,-0.010585287725294712,0.02927576896214657,-0.0815065660706739,0.44578596047777835,-0.20683059912946575,-0.047389257303899264,-0.1814485436446373,0.12368799330111387,0.18278396706589503,-0.03539968530333937,-0.011931028594299807,0.20323243702581253,-0.45637124820307307,0.2361063680916123,-0.034117308766774636,0.0,0.0,0.0,0.0,0.0,0.0
0.1667,-5.299999999505943,-4.445477993062749e-05,1.0,-5.282611846923828,-0.004055046010762453,0.994939386844635,-0.01162080052350276,-0.021638834435660472,0.009653061301844196,-0.9996517656233319,2.3474682283128645e-08,-0.0010561151045607427,0.0,0.003883978119120002,-0.009650923311710358,0.006814230233430862,-0.0033350890554877527,0.017409244178674857,-0.08433210636992954,0.4536495701717068,-0.2183360919072419,-0.05374139176235723,-0.07641440153576703,0.0705725469316927,0.023700488005349282,-0.04750797918371061,0.012425534864264233,0.15023132427065725,-0.45698465922719456,0.23574533608591677,-0.0305907146075723,0.0,0.0,0.0,0.0,0.0,0.0
0.1834,-5.299999998948072,-6.486687484301247e-05,1.0,-5.282623767852783,-0.004128495696932077,0.9951962232589722,-0.011220891797768412,-0.022238669371484276,0.009636961205713005,-0.9996432519599328,4.538189384365326e-08,-0.0013992317012223876,0.0,0.0020588876213878393,-0.008345697075128555,0.0074707865715026855,0.007385664953882903,0.004076048538613174,-0.0893951365229259,0.46541940048613295,-0.23177848030073064,-0.06197018432603045,-0.10925702750342543,0.0781359275091345,0.039304020252911624,-0.06573742686905659,0.031824443798068154,0.11748355664518688,-0.4580337355322501,0.23585452883934382,-0.02742495219689545,0.0,0.0,0.0,0.0,0.0,0.0
0.2,-5.299999997908255,-9.147118762504322e-05,1.0,-5.282617568969727,-0.004230588674545288,0.995526909828186,-0.010475154679839765,-0.022028052349852226,0.009382689268646775,-0.9996584669722451,8.263982424745399e-08,-0.0018069039291318428,0.0,0.003830788191407919,-0.010875570587813854,0.013706060126423836,-0.003564873075351277,0.013174056135181918,-0.1283112102158998,0.4546089036960236,-0.22183496958182503,-0.10581106759792559,0.10638718594324835,-0.15189685491432497,0.37437383243626265,-0.014923095150513328,-0.022413441557196535,0.19332226138377262,-0.45817377677137483,0.23500902571700694,-0.022500142617974218,0.0,0.0,0.0,0.0,0.0,0.0
0.2166,-5.299999996069919,-0.0001253807211087996,1.0,-5.28259801864624,-0.004287989344447851,0.9957452416419983,-0.011101082795431115,-0.021806718174897266,0.009059717968507791,-0.999659604937155,1.4320022304834756e-07,-0.002284246278065202,0.0,0.004358542151749134,-0.009476282633841038,0.017549512907862663,-0.007116265184708329,-0.002280341266360779,-0.15232217268210663,0.4509456799803415,-0.2371247639438427,-0.13534667961981922,0.03175748969721098,0.08420187458752977,0.23127900741729074,-0.0011421332967052056,0.009061348435581231,0.20452778656922016,-0.45806194516504983,0.2348444226774819,-0.01697549306228742,0.0,0.0,0.0,0.0,0.0,0.0
0.2333,-5.299999992945386,-0.00016798349483013552,1.0,-5.282600402832031,-0.0043745096772909164,0.9962538480758667,-0.011950567344419613,-0.02290321157357345,0.008207803719557113,-0.9996325888072595,2.3842340434733105e-07,-0.00283865273487055,0.0,0.0011180129367858171,-0.00846884585916996,0.01827108860015869,0.012051753046004102,-0.016056041862734242,-0.15906972487285204,0.47114186339296665,-0.2511569577172795,-0.14706489530901165,-0.1943346389539248,0.06041601506648556,0.04327291696454103,-0.058176092052548534,0.02422218466255123,0.15692240171785146,-0.45909011034696257,0.23510091585454526,-0.012004829563840384,0.0,0.0,0.0,0.0,0.0,0.0
0.25,-5.299999987852643,-0.00022043009936668814,1.0,-5.282645225524902,-0.004474880639463663,0.9967503547668457,-0.011950567344419613,-0.02290321157357345,0.008207803719557113,-0.9996325888072595,3.827779589774677e-07,-0.0034730098816118725,0.0,0.00037511601112782955,-0.01071079634130001,0.01750345714390278,0.016448569316304854,-0.011081953774183455,-0.15683821946511672,0.4765833306541883,-0.2456600651876111,-0.14893364190261657,-0.04460320856117322,-0.13460573261856024,-0.046088259028901075,-0.05416912876682732,-0.022666719504155965,0.0969899441277498,-0.46013476133788345,0.23457811141342766,-0.007904577562500164,0.0,0.0,0.0,0.0,0.0,0.0
0.2666,-5.29999997980951,-0.00028418648736751176,1.0,-5.282660484313965,-0.004532814025878906,0.9969990849494934,-0.011443877602349392,-0.023727077424112404,0.007608770561671779,-0.9996240329970117,5.95821105829769e-07,-0.004193169811373117,0.0,0.0013973232125863433,-0.010414217598736286,0.01797252893447876,0.010108825314351921,-0.022411393360372813,-0.1607962964725846,0.47070000821041996,-0.2567989366453476,-0.15681595334220838,0.061348287291001904,0.017799324713466024,0.028151583091275918,-0.02006627617111838,-0.010720403630935977,0.0766676017531434,-0.46059118289606804,0.23438754328497477,-0.003980343130376207,0.0,0.0,0.0,0.0,0.0,0.0
0.2833,-5.299999967496041,-0.00036057708384212373,1.0,-5.282649993896484,-0.004685167223215103,0.9975467920303345,-0.011403340895160517,-0.02365232669555579,0.007145028787506394,-0.9996297228215607,9.01865713664987e-07,-0.005002346180173557,0.0,0.003947000950574875,-0.0132587356492877,0.02306673862040043,-0.005522104965026767,-0.015289376673584588,-0.1940184252609231,0.4545395502560096,-0.24866857442411466,-0.19550498677572656,0.1531846034371777,-0.17089860536154242,0.3060600478785882,0.03108055009100002,-0.058007936447026676,0.1443884445814569,-0.46006165522103637,0.23337919775053007,0.0014865615148034468,0.0,0.0,0.0,0.0,0.0,0.0
0.3,-5.299999949020299,-0.0004515736909034878,1.0,-5.282597064971924,-0.00483552785590291,0.9982157945632935,-0.012460381221635704,-0.023168615217730358,0.0065313706731877875,-0.9996325888072595,1.3342867530916144e-06,-0.005909497147237546,0.0,0.006197283044457436,-0.010962452739477158,0.028536509722471237,-0.019567823583012373,-0.039974436040016784,-0.2301224626132114,0.4393000179467613,-0.2735591906215716,-0.23846405172247814,0.13472603613537742,0.1374801386569316,0.3274791996759735,0.06167859195693433,-0.0002962836331189683,0.19844018193593144,-0.45886784152977367,0.23358475458155478,0.008341589109266755,0.0,0.0,0.0,0.0,0.0,0.0
0.3166,-5.299999922092709,-0.0005582375434111606,1.0,-5.282567501068115,-0.004895508289337158,0.9985836744308472,-0.012460381221635704,-0.023168615217730358,0.0065313706731877875,-0.9996325888072595,1.929682007749216e-06,-0.006913479594330303,0.0,0.004220281727612019,-0.009924400597810745,0.029592638835310936,-0.008129122074803735,-0.05847132328908146,-0.2382514514842899,0.45049939126778804,-0.29280201951800466,-0.25306079011941673,-0.11868470853550317,0.06231706313424077,0.06340227235318534,0.008432049052183518,0.018188320751230558,0.1585745228648554,-0.45862851334259175,0.2343306962289232,0.014809338635126863,0.0,0.0,0.0,0.0,0.0,0.0
0.3333,-5.299999883529085,-0.0006825566965983797,1.0,-5.282553195953369,-0.005030292551964521,0.9992949962615967,-0.01228837993286275,-0.024288857377725667,0.005117301758798766,-0.9996163622705828,2.7376000489982622e-06,-0.00802160436844616,0.0,0.0025126261170953512,-0.01319938525557518,0.02526862360537052,0.001773875522709703,-0.05168986838745199,-0.21584046512212923,0.4607939450319361,-0.28572100782770005,-0.23499213949534767,-0.10244184901830027,-0.19646554128466612,-0.25939663279316905,-0.024299952161525248,-0.04518142266862922,0.03518179822558526,-0.4590200695092264,0.23403113944024806,0.019151674373218443,0.0,0.0,0.0,0.0,0.0,0.0
0.35,-5.299999829323336,-0.0008262606283621593,1.0,-5.282557010650635,-0.005230411887168884,0.99991375207901,-0.01274488232725186,-0.0239404537472329,0.004606060486361639,-0.9996215884797981,3.816398055876661e-06,-0.009237757674008031,0.0,0.002094706753268838,-0.015482676215469837,0.01994333602488041,0.004034680598138718,-0.05152772673353293,-0.18697964338703515,0.4634836980005942,-0.28484839420023744,-0.20851863101382012,-0.02507159921869413,-0.13697799336694558,-0.31947185868554673,-0.024527756476619773,-0.0722814481552544,-0.06951844349480375,-0.4594490174024555,0.2333206674667045,0.021538987626784963,0.0,0.0,0.0,0.0,0.0,0.0
0.3667,-5.299999754350181,-0.0009912614264700821,1.0,-5.282548904418945,-0.005354089662432671,1.0001952648162842,-0.01274488232725186,-0.0239404537472329,0.004606060486361639,-0.9996215884797981,5.237164031756757e-06,-0.010566664350397024,0.0,0.004174601752310991,-0.01770276203751564,0.02028658241033554,-0.00874457423257069,-0.053158315657728786,-0.19045319979371017,0.45028833729880724,-0.285506690379893,-0.21486656260151782,0.12468679931483599,-0.1330910432895019,0.020577141249196025,0.01952310766963828,-0.09023355208934712,-0.042920580151749974,-0.45903291153137793,0.23234837472216424,0.024413362807807662,0.0,0.0,0.0,0.0,0.0,0.0
0.3833,-5.299999652291775,-0.0011793357361221247,1.0,-5.28249979019165,-0.0056121028028428555,1.0007988214492798,-0.013736675710237393,-0.023257112075074346,0.004153656214445731,-0.9996265618079224,7.082678360561751e-06,-0.012011299093671409,0.0,0.005129700526595116,-0.01636233925819397,0.02315916121006012,-0.014972690874426944,-0.07652417654089441,-0.21073309873050222,0.4433830338297089,-0.30898945118872057,-0.23927330757830728,0.05727239026356046,0.08037830076058673,0.17225386369485032,0.030667385855793556,-0.03986581476124283,0.02060284853358999,-0.4583557247041358,0.23246527464782618,0.028540208847805074,0.0,0.0,0.0,0.0,0.0,0.0
0.4002,-5.299999513425568,-0.0013950976630881982,1.0,-5.282435417175293,-0.005844961851835251,1.0014469623565674,-0.013686202883512074,-0.023349065303268482,0.003800170595984857,-0.999626519661074,9.482902136066325e-06,-0.013594603560593818,0.0,0.005129995755851269,-0.01467535924166441,0.023084666579961777,-0.015542935593723009,-0.10337998286919879,-0.21357574782480698,0.4422565582157568,-0.3369671464634426,-0.2461845334903665,1.746739713080645e-05,0.09981107659999154,-0.0044075147056749095,0.02161896972135534,0.0013693565200679388,0.013219332177174909,-0.4577994938094798,0.2335871635942438,0.03260878566555951,0.0,0.0,0.0,0.0,0.0,0.0
0.4166,-5.299999333960464,-0.0016322247694104753,1.0,-5.282413005828857,-0.005937294103205204,1.0017454624176025,-0.013203399209290893,-0.02369659866719395,0.003684898965307556,-0.9996252974024671,1.2454314879002072e-05,-0.015260533922625443,0.0,0.003942235838621855,-0.013016629964113235,0.018849054351449013,-0.008756612884289083,-0.13141266506884755,-0.1897118578985601,0.44899431018163755,-0.366981941159301,-0.22486771857045565,-0.0723839618143843,0.10108557709771158,-0.25812488648746823,-0.0061324138113494405,0.03080740740287335,-0.06688644068036274,-0.45775092306592663,0.23556927609045344,0.03515586067189554,0.0,0.0,0.0,0.0,0.0,0.0
0.4333,-5.299999096127304,-0.001901444178839188,1.0,-5.282364368438721,-0.006143140606582165,1.0022063255310059,-0.014036608818581361,-0.023349015583158127,0.0036514343675898976,-0.9996221785356774,1.6233328688574854e-05,-0.017074728285795746,0.0,0.004877174738794565,-0.015259013511240482,0.010649483650922775,-0.014828537633453404,-0.13683363832206602,-0.14289226497108304,0.4425057944973667,-0.37375314152018424,-0.17802156215803538,0.05611806246243453,-0.1345951269534045,-0.4921648041944532,0.012245064570912643,-0.018022443892320397,-0.1924363866366062,-0.4573343321308201,0.23691950319811825,0.03512929718695233,0.0,0.0,0.0,0.0,0.0,0.0
0.45,-5.299998787618086,-0.002202163977790678,1.0,-5.282281398773193,-0.006387794390320778,1.002568244934082,-0.014782560951291865,-0.022840252742976776,0.003692738279130567,-0.9996230214726475,2.0943579138352054e-05,-0.019020896403505266,0.0,0.007363892160356045,-0.01785583421587944,0.010154754854738712,-0.03036846833213304,-0.1410988216421714,-0.14181913648049432,0.42571003005061697,-0.3788392890695158,-0.17759859125067126,0.1491349189717174,-0.15573809955745885,-0.029670174138867838,0.05265745160129503,-0.05867862254955863,-0.14438482573955996,-0.45607849838275,0.23774046742734437,0.03577945477017694,0.0,0.0,0.0,0.0,0.0,0.0
0.4666,-5.299998391793361,-0.002536301237545771,1.0,-5.282231330871582,-0.006530017126351595,1.0027559995651245,-0.014782560951291865,-0.022840252742976776,0.003692738279130567,-0.9996230214726475,2.675872182216545e-05,-0.021100569529573097,0.0,0.006650132592767477,-0.018274560570716858,0.010429095476865768,-0.0265232535360828,-0.1601162182747875,-0.144495817304703,0.42876141672961726,-0.399108470102305,-0.18165887020899774,-0.04282684018389769,-0.02512432406334492,0.016460923976796417,0.024468743447314523,-0.04877278034603394,-0.09690022055693367,-0.4552846702657001,0.23899225182751746,0.03716305290429472,0.0,0.0,0.0,0.0,0.0,0.0
0.4833,-5.299997888101962,-0.0029064734114096617,1.0,-5.2821526527404785,-0.0068370322696864605,1.0031298398971558,-0.014856123007011566,-0.02305677690884543,0.0036602430589286737,-0.9996170787670074,3.388840672508562e-05,-0.023319236850833376,0.0,0.004258176777511835,-0.019509823992848396,0.007229140494018793,-0.012731951654312595,-0.1746275128280692,-0.12726968710878056,0.44269463994388236,-0.4149924262078141,-0.1651086664719877,-0.14342105792186072,-0.07406607834658051,-0.19186848102091433,-0.025095394531235656,-0.056239824215333835,-0.12493658683310371,-0.455426591598195,0.24036491337974492,0.03783897936320711,0.0,0.0,0.0,0.0,0.0,0.0
0.5,-5.299997253810483,-0.0033143250483751714,1.0,-5.2821245193481445,-0.007005924358963966,1.0032731294631958,-0.015756556181132402,-0.023241830549766605,0.0037506901958330374,-0.9995987027410567,4.254959732948502e-05,-0.025676141165282274,0.0,0.005245189182460308,-0.021889442577958107,0.0035322275944054127,-0.01893733010593497,-0.18416588777018883,-0.10591368059370325,0.4361621889344836,-0.4256663074215457,-0.14366030800553534,0.05926488594799078,-0.14288353757175784,-0.22198010912201338,-0.00019069783445789523,-0.08181863203302067,-0.15358560833069618,-0.45509951904041857,0.24150041965135688,0.03774662741183209,0.0,0.0,0.0,0.0,0.0,0.0
0.5166,-5.299996460489774,-0.003762715558712348,1.0,-5.2820258140563965,-0.007393926847726107,1.0034924745559692,-0.01681520203911805,-0.022796381824943982,0.0038217076355739252,-0.9995914113362644,5.301173932108549e-05,-0.02817733345830163,0.0,0.008579735644161701,-0.024468960240483284,0.00025896725128404796,-0.03955430401269272,-0.1926640954040467,-0.0874872014193943,0.41402560188984716,-0.43512189261545847,-0.12463522219276188,0.2001732011235151,-0.15484873694003148,-0.1964941884957108,0.05896038729927304,-0.10337845381302103,-0.16625300545916127,-0.4535799059025399,0.24245779721141178,0.037148020773367575,0.0,0.0,0.0,0.0,0.0,0.0
0.5333,-5.299995475580373,-0.0042541342286220255,1.0,-5.281834602355957,-0.00786470714956522,1.003675103187561,-0.017148772942385267,-0.022902136499664168,0.004010061901569111,-0.9995826026449256,6.556941132882152e-05,-0.03082613733995628,0.0,0.012615459971129894,-0.028368312865495682,-0.00024005048908293247,-0.06481201550955337,-0.19411039236677333,-0.08552872218122502,0.3860548417960241,-0.43698538526633945,-0.12260303911516685,0.24218179940338228,-0.2339982017412081,-0.029945805140529767,0.11305069699106945,-0.14193979081049724,-0.126012628563326,-0.45086685730557746,0.24287499289956616,0.037074316933941816,0.0,0.0,0.0,0.0,0.0,0.0
0.55,-5.299994257782208,-0.004792581579519215,1.0,-5.281632900238037,-0.008396238088607788,1.003835916519165,-0.01772511825415384,-0.0234904324186191,0.004188638098709736,-0.9995581996196378,8.059522853292716e-05,-0.0336332291054437,0.0,0.00938331987708807,-0.030969660729169846,-0.003265674691647291,-0.05879081079792238,-0.21014301924960677,-0.08057058703180246,0.3900589869064534,-0.4538402488415113,-0.11792324679947402,-0.040559675783311225,-0.10365436793165904,-0.02976505927646216,0.06770210732668384,-0.13063723421290346,-0.09759858694000889,-0.4488497977043758,0.24369722959190457,0.03735265976767157,0.0,0.0,0.0,0.0,0.0,0.0
0.5666,-5.299992775450085,-0.005375699718552068,1.0,-5.28156042098999,-0.008683640509843826,1.0038796663284302,-0.01772511825415384,-0.0234904324186191,0.004188638098709736,-0.9995581996196378,9.83121565595319e-05,-0.036576373895925426,0.0,0.008704740554094315,-0.03362499549984932,-0.005878765601664782,-0.042785586425500524,-0.21679540438258812,-0.052973897761107766,0.40456511897986375,-0.4613575260030178,-0.0900657612225941,-0.040848613134364775,-0.1598438666111717,-0.15730090212196451,0.03565595060527706,-0.13925956592257896,-0.11522380159381951,-0.44735070540536426,0.2445621216204297,0.037091863461486345,0.0,0.0,0.0,0.0,0.0,0.0
0.5833,-5.299990966922653,-0.006011008882743145,1.0,-5.281397342681885,-0.009329445660114288,1.0039453506469727,-0.018865906673525955,-0.02264918691996997,0.004400130984537413,-0.9995557551024241,0.00011926991829799536,-0.03968364776608609,0.0,0.010327612981200218,-0.03735455498099327,-0.006663559935986996,-0.05330890726260376,-0.22235690369167296,-0.048725093130046845,0.3921789750718385,-0.4674754747570625,-0.0856716420895445,0.09735154909181923,-0.22372577588672768,-0.047077603198298054,0.053869618922938435,-0.1641955349394373,-0.09510579828186007,-0.44548788233444225,0.24511857106538953,0.03694654895949765,0.0,0.0,0.0,0.0,0.0,0.0
0.6,-5.2999887757362885,-0.006700517059324165,1.0,-5.281288146972656,-0.009696125984191895,1.0039749145507812,-0.01942974334395571,-0.021100834112640146,0.004536096717833562,-0.9995782615195289,0.00014390796197448854,-0.0429540446117589,0.0,0.013748793862760067,-0.042003240436315536,-0.006634690798819065,-0.07430224116251441,-0.2252215477967786,-0.049178825408448576,0.36837409962735224,-0.47039296674396863,-0.08632291018593803,0.20496025847723928,-0.27849909299967146,0.0017295273242776135,0.0984743372862046,-0.19794003446790498,-0.06651824025034735,-0.4426763407898667,0.24517141894719002,0.037144084777489456,0.0,0.0,0.0,0.0,0.0,0.0
0.6166,-5.299986147571321,-0.00744375730558267,1.0,-5.281003952026367,-0.010520626790821552,1.0040477514266968,-0.01984020923785656,-0.020879004341783896,0.0047939089901746805,-0.9995736675130412,0.00017260498019353734,-0.04637544659469193,0.0,0.015085671097040176,-0.04702312499284744,-0.00523720309138298,-0.0836116249647157,-0.22486232710306853,-0.05806267952040571,0.3562098727305639,-0.4696192874495204,-0.0961293130884329,0.08032071638065634,-0.3015989152855567,0.08396224493632809,0.09311505659115885,-0.22854203071573354,-0.02209365060853164,-0.4398214976952796,0.2447569603464519,0.03806663356802718,0.0,0.0,0.0,0.0,0.0,0.0
0.6333,-5.299982997950505,-0.008246690785254458,1.0,-5.280866622924805,-0.010973665863275528,1.004084587097168,-0.01984020923785656,-0.020879004341783896,0.0047939089901746805,-0.9995736675130412,0.0002060265399313777,-0.049965445257883795,0.0,0.0147431381046772,-0.04940960556268692,-0.006728991866111755,-0.08204755948615905,-0.24363306042952257,-0.049432350062049865,0.35542974652440623,-0.48858643658412065,-0.08795079362434938,-0.020541126933745102,-0.14311322238426125,-0.0894600615509994,0.059561673857941574,-0.20332188506690074,-0.041981446411744866,-0.4374773060105653,0.24495337615459808,0.03851844356229952,0.0,0.0,0.0,0.0,0.0,0.0
0.65,-5.299979246916373,-0.009111086862546131,1.0,-5.280579090118408,-0.011954962275922298,1.0041311979293823,-0.02092738112423789,-0.021549719554875255,0.0051635789984637295,-0.9995354403214419,0.00024473416300292917,-0.05372171886862295,0.0,0.01570120081305504,-0.052632611244916916,-0.007357797585427761,-0.08897072600733774,-0.2561831942666651,-0.04603036698934375,0.3460638583585854,-0.5015696922686352,-0.08493012044092443,0.0574460157824763,-0.19325335770753813,-0.037703568837471946,0.058937092925016324,-0.2003494717623968,-0.04071853876269491,-0.4350345843659231,0.2453864980019701,0.038899753451580685,0.0,0.0,0.0,0.0,0.0,0.0
0.6666,-5.299974810182866,-0.010037860031302108,1.0,-5.280263423919678,-0.01301585417240858,1.004235029220581,-0.021724894431370732,-0.02112254270307354,0.005425943130444063,-0.999526125867921,0.00028928784781153153,-0.05763862085253903,0.0,0.017654547467827797,-0.05928714573383331,-0.0020518170204013586,-0.10193231014392788,-0.24913036752111004,-0.07852640874917143,0.3301969949736975,-0.49396839689910466,-0.1198432240004218,0.11733855158758576,-0.39974135492602725,0.3187330178854031,0.07617827095783304,-0.25921360006756977,0.06539813065390253,-0.4321293051176254,0.2448380293779946,0.04131681525125038,0.0,0.0,0.0,0.0,0.0,0.0
0.6834,-5.2999695490695915,-0.01103643032752163,1.0,-5.279912948608398,-0.014204153791069984,1.004441499710083,-0.022321278264700456,-0.019638290724835295,0.005538685950210695,-0.9995426052856887,0.00034073076065751834,-0.06174561207957033,0.0,0.017243675887584686,-0.06495433300733566,0.0024142747279256582,-0.10079827983816055,-0.24903433170053885,-0.1065039545399759,0.32886751930891633,-0.49296483707128935,-0.1515297051880883,-0.024553968974852177,-0.3386750195910807,0.2668967227238726,0.046440272591074,-0.28267206347104046,0.12488419793370598,-0.42966579914707687,0.24393050537075048,0.04502575064811242,0.0,0.0,0.0,0.0,0.0,0.0
0.7,-5.299963409909287,-0.01209789337111625,1.0,-5.27975606918335,-0.014838642440736294,1.0045713186264038,-0.02337614761688702,-0.01917217069949741,0.005465687608589819,-0.9995279381824069,0.0003992174600221995,-0.0659966399230756,0.0,0.015453945845365524,-0.06706993281841278,0.0016546807019039989,-0.09033167600674374,-0.2742513547339007,-0.1027474806471264,0.3376730889989111,-0.5182740774859527,-0.15069400880708783,-0.1076534042019217,-0.12725467876093505,-0.04569006541974401,0.0009490027467794968,-0.2367900108554765,0.07452755771200766,-0.4280047650056548,0.24402272275205195,0.04794652815996145,0.0,0.0,0.0,0.0,0.0,0.0
0.7166,-5.299956220931449,-0.013233078160300808,1.0,-5.279461860656738,-0.01622442901134491,1.0048214197158813,-0.024229890314664132,-0.019381861478278983,0.005377642842050585,-0.9995041252129984,0.0004659887421100173,-0.0704263265415312,0.0,0.014545283280313015,-0.07571900635957718,0.002506671706214547,-0.08573599672809423,-0.2580716267885528,-0.10927046893216812,0.34091042369975144,-0.5007099038736356,-0.16014315726778056,-0.05457992540599759,-0.5195171528613164,0.051175878978973334,-0.015444151776724264,-0.32025623073529474,0.06763371533852212,-0.4266464204278457,0.24263827708508284,0.05087268833561245,0.0,0.0,0.0,0.0,0.0,0.0
0.7333,-5.299947829733631,-0.014445703296895634,1.0,-5.27913236618042,-0.01778428629040718,1.005137324333191,-0.025077275094488927,-0.01912734061138874,0.005234975759841206,-0.9994888259069888,0.0005420106219743755,-0.0750391271945324,0.0,0.01920511946082115,-0.08375914394855499,0.00799644086509943,-0.11461501218462941,-0.2462784398423179,-0.14395988769816087,0.308936551876153,-0.4866365424398975,-0.19944320781630984,0.2795304566826373,-0.4823052238272311,0.329315800088494,0.07163774405386365,-0.3680960553547341,0.14488704966430554,-0.42355156406078237,0.2403581025975796,0.05548332011814896,0.0,0.0,0.0,0.0,0.0,0.0
0.75,-5.299938088524689,-0.015736647299026508,1.0,-5.2789435386657715,-0.018617555499076843,1.0053461790084839,-0.025077275094488927,-0.01912734061138874,0.005234975759841206,-0.9994888259069888,0.0006281368565646317,-0.07982861917020208,0.0,0.019733073189854622,-0.08630204945802689,0.011432485654950142,-0.11787467476459712,-0.2726589817791207,-0.16579871973620358,0.3026756402939177,-0.5119958871011309,-0.2265332175549547,0.03166230715061912,-0.15250248434327549,0.20606560676956734,0.05983626442694799,-0.3044488926697099,0.16294807791596286,-0.4205503150585148,0.23933690532201016,0.06073449781875111,0.0,0.0,0.0,0.0,0.0,0.0
0.7666,-5.299926842519151,-0.01710627286639824,1.0,-5.278527736663818,-0.020409712567925453,1.005867600440979,-0.025827960845122813,-0.018512378249672064,0.004957396615548442,-0.9994826724671062,0.0007252222627164801,-0.0847871117996814,0.0,0.022486569359898567,-0.09565482288599014,0.015651047229766846,-0.13549163860024535,-0.2548587842252759,-0.1939124918618677,0.28131286716427595,-0.4917819696381057,-0.2607495452130408,0.16545608229108466,-0.562003051532213,0.25349106298620366,0.09101716513202532,-0.3804835878251376,0.18967802201270517,-0.4168045057645213,0.2369231854128298,0.06683705335117307,0.0,0.0,0.0,0.0,0.0,0.0
0.7833,-5.2999138461104325,-0.018563623993656044,1.0,-5.278310775756836,-0.021371372044086456,1.0061423778533936,-0.026484545524649773,-0.01851133511517142,0.004695327511507732,-0.9994668252520662,0.0008348228746067387,-0.08993792518886896,0.0,0.02110600285232067,-0.09969369322061539,0.014305654913187027,-0.12715913485511096,-0.27480877974880435,-0.1874190314309931,0.2867466611175352,-0.5101406217899045,-0.259139949531622,-0.08272874282081322,-0.24202431636997457,-0.08062097286910307,0.03972419745469229,-0.3396078801952087,0.10988081831999116,-0.41390579597264615,0.2353318420411002,0.07172091810062892,0.0,0.0,0.0,0.0,0.0,0.0
0.8,-5.299898892643137,-0.020110176646502973,1.0,-5.277919292449951,-0.023392757400870323,1.0066145658493042,-0.026487486584422425,-0.018291395737484367,0.004257758930267602,-0.9994727258108577,0.0009580607068102744,-0.09527636580795291,0.0,0.018768224865198135,-0.10582529008388519,0.007236149162054062,-0.11379535375617895,-0.2785609857322495,-0.147583933181254,0.29818382138582744,-0.5122491093776252,-0.2212859905229045,-0.13994250592290236,-0.36704555996403443,-0.4231900359655758,-0.013316697249667775,-0.3477079847565513,-0.047491441094715744,-0.4119791751420064,0.23368812364537575,0.0737020573416505,0.0,0.0,0.0,0.0,0.0,0.0
0.8166,-5.299881848736119,-0.021739160420873826,1.0,-5.277565956115723,-0.025585239753127098,1.0069066286087036,-0.02631736313531398,-0.01765486801876478,0.004075094488821379,-0.999489415962868,0.001095398997224275,-0.10077061529796272,0.0,0.017180422320961952,-0.11438741534948349,-0.004152512177824974,-0.1045740271682723,-0.2682339437406078,-0.0809418080722412,0.3059667618180981,-0.4993891223689736,-0.15283687050059402,-0.09555529898127556,-0.5152759344285817,-0.6853792641150728,-0.03759503560105747,-0.39717710623144353,-0.23580758547740113,-0.4105407889863704,0.23115517862836577,0.07189506242835281,0.0,0.0,0.0,0.0,0.0,0.0
0.8333,-5.2998623369630575,-0.023465574714024873,1.0,-5.277223110198975,-0.027956856414675713,1.0069812536239624,-0.026825478626243984,-0.016892385760359403,0.0037891281216749974,-0.9994902167529897,0.0012491892509587403,-0.10646261875863422,0.0,0.017665421590209007,-0.12453687191009521,-0.012740313075482845,-0.10754523402510216,-0.24924802732340534,-0.030020789389895983,0.30121278701136034,-0.4766411975587899,-0.09810275232990621,0.029105812980212045,-0.609089957934498,-0.5153717596865118,-0.017903725971719818,-0.4597376533020927,-0.3183400394523205,-0.4087580210364625,0.22739317023538458,0.06808196294001023,0.0,0.0,0.0,0.0,0.0,0.0
0.85,-5.29984007743049,-0.025291593520547183,1.0,-5.277052879333496,-0.029204057529568672,1.006974220275879,-0.026825478626243984,-0.016892385760359403,0.0037891281216749974,-0.9994902167529897,0.0014208652238674171,-0.11234971086376337,0.0,0.016958938911557198,-0.1265261173248291,-0.014241094700992107,-0.10229420550852411,-0.2866066477324129,-0.021213782473028006,0.30484737237013093,-0.5121695252942426,-0.08630853209931191,-0.04232059077665743,-0.11916221543031792,-0.08990165921620155,-0.025112030742623713,-0.3591935591574853,-0.25090085431252374,-0.40714157787865507,0.22556287756182977,0.06509474962628391,0.0,0.0,0.0,0.0,0.0,0.0
0.8666,-5.299814887540184,-0.027210578322429933,1.0,-5.2767462730407715,-0.03178858011960983,1.006929874420166,-0.027600170629099616,-0.016817808229008392,0.0034359796780022295,-0.9994716299927964,0.0016110411643889622,-0.11840189748298635,0.0,0.014093312434852123,-0.13524585962295532,-0.016754692420363426,-0.08455574020452558,-0.2783597247145977,-0.006140986635232368,0.3218826793650459,-0.5012552228580782,-0.06840545256840139,-0.17229266486647268,-0.5242649904674531,-0.15112731997462767,-0.06856244403749767,-0.40792566278165554,-0.22144588336013665,-0.4064384195695715,0.22289549814348047,0.062264465933169026,0.0,0.0,0.0,0.0,0.0,0.0
0.8833,-5.299786300395279,-0.029236154866220207,1.0,-5.276503562927246,-0.0345819853246212,1.0068296194076538,-0.0273548832147558,-0.016819102268966577,0.003293270448944306,-0.9994788792507402,0.0018223899493716347,-0.12465354871075104,0.0,0.009931488893926144,-0.145127534866333,-0.020191412419080734,-0.05847662802979947,-0.26388961434816627,0.014752892780775254,0.3484508583141436,-0.4830865747172748,-0.04437582480269855,-0.2496417985956181,-0.5927399748298152,-0.2061473662476403,-0.12202037919015263,-0.4624862256512453,-0.21692948148910435,-0.40692748634394305,0.2191969603691085,0.0591287175834738,0.0,0.0,0.0,0.0,0.0,0.0
0.9,-5.2997539552030695,-0.03137066543252048,1.0,-5.276419162750244,-0.03604670614004135,1.006758689880371,-0.026908477624763078,-0.016573764805240154,0.003306504559376715,-0.9994950636405684,0.0020566374081845812,-0.13110237652696377,0.0,0.007006684318184853,-0.14960741996765137,-0.022457707673311234,-0.03876314832947679,-0.29027567703742735,0.02847963253661419,0.3691912197638519,-0.5068918976167355,-0.02759468520161891,-0.17518521022548766,-0.268328906406192,-0.13574288478565105,-0.13771560903468238,-0.40516743628984414,-0.1929617142501012,-0.4079543680933287,0.2166162205793081,0.0560743177382331,0.0,0.0,0.0,0.0,0.0,0.0
0.9166,-5.299717629290582,-0.033606593169412016,1.0,-5.276333332061768,-0.03912653401494026,1.0065325498580933,-0.026977135499531832,-0.016029935457825484,0.0034163392465961233,-0.9995017228426332,0.0023144320620287185,-0.13771733935966704,0.0,0.0027997782453894615,-0.16009092330932617,-0.02829591929912567,-0.011093169070413758,-0.27405731605376094,0.06442226212366904,0.39883474777643424,-0.4868840134129664,0.0126979009682322,-0.25289213547862355,-0.6302007940034111,-0.35095573323491897,-0.17171782478574435,-0.4716013965455115,-0.23960443639812407,-0.409927916846848,0.21282669735920545,0.05172436115543684,0.0,0.0,0.0,0.0,0.0,0.0
0.9333,-5.299676704645915,-0.03595937842144087,1.0,-5.276311874389648,-0.04074288532137871,1.0063722133636475,-0.026977135499531832,-0.016029935457825484,0.0034163392465961233,-0.9995017228426332,0.002599127081229402,-0.14453569847163414,0.0,0.001838715048506856,-0.16450664401054382,-0.03154078871011734,-0.0022686108062583005,-0.3034398368275465,0.0844806569200341,0.40929722323102635,-0.5137036903144433,0.037290131676287946,-0.05763746244387806,-0.2648222686131804,-0.19460326794114705,-0.13803921671280991,-0.4105564185638767,-0.22631926895848292,-0.41156583403728464,0.21026385348689683,0.04719052524374616,0.0,0.0,0.0,0.0,0.0,0.0
0.95,-5.299630765064734,-0.03842919992174494,1.0,-5.276282787322998,-0.044133126735687256,1.006009578704834,-0.026739839193520135,-0.016045776416692754,0.0035455193372820005,-0.9995074126671821,0.002912486706392206,-0.1515487710595946,0.0,0.0019326860783621669,-0.17680516839027405,-0.03229924291372299,0.0005133183184565931,-0.27843188275446845,0.09064399276142694,0.41316379430436384,-0.4843656234579705,0.04735209498103944,0.005631419722906844,-0.7370160022860409,-0.0454520288612659,-0.09562501888963354,-0.506933254560278,-0.17292395387161946,-0.41265047598590726,0.20593374070350204,0.0432918977803875,0.0,0.0,0.0,0.0,0.0,0.0
0.9666,-5.2995794926876,-0.041010394087348676,1.0,-5.2762370109558105,-0.047742702066898346,1.005720853805542,-0.026365936390406023,-0.01691191489774363,0.003810538720718514,-0.9995020178705727,0.003255523120938258,-0.1587323754249572,0.0,0.0020654865074902773,-0.18583613634109497,-0.025625141337513924,0.003313774388241278,-0.27348865651246085,0.05185265111718536,0.4166692985154185,-0.4748705957858571,0.009420092496488328,0.007982192446278357,-0.5428214700276579,0.4011580650535246,-0.06503827641720618,-0.5175281117149292,-0.0034444490716652315,-0.41335552412717724,0.20138193927339623,0.04243255862069703,0.0,0.0,0.0,0.0,0.0,0.0
0.9834,-5.299521862740002,-0.04373008603642241,1.0,-5.276216506958008,-0.051537737250328064,1.0055816173553467,-0.0262583842184513,-0.017971999016934716,0.004122130371759572,-0.9994852012780169,0.003633805202289361,-0.16615272471369597,0.0,-0.0005239577149040997,-0.1954115778207779,-0.018810423091053963,0.022969271116705686,-0.2665355295852744,0.011473605160160785,0.43774442517104584,-0.46301186029685215,-0.03246228834651804,-0.15464781802314717,-0.5718683255019222,0.40699131425316815,-0.09149265094222686,-0.5335703360308663,0.1177236900223309,-0.4147751540543402,0.19647633071157775,0.04393589350667883,0.0,0.0,0.0,0.0,0.0,0.0
1.0,-5.299458085362794,-0.04655496619427458,1.0,-5.27623987197876,-0.053496409207582474,1.0055547952651978,-0.02619445864451691,-0.019049940887548772,0.0045694770218542135,-0.9994648864970347,0.004044644316328045,-0.17371072179391567,0.0,-0.003936323802918196,-0.1993008702993393,-0.017788026481866837,0.04814517637823386,-0.3041790473142779,0.00528860008743777,0.46524811384580517,-0.49745987521308943,-0.03998090900076678,-0.20521185364430247,-0.23389311061724855,0.06148458222811671,-0.12506463808838142,-0.4451001417230618,0.10112087748833046,-0.4171029374675713,0.19328082789881149,0.04526950908820455,0.0,0.0,0.0,0.0,0.0,0.0
1.0166,-5.2993870795149745,-0.04951066823000439,1.0,-5.276376724243164,-0.05752246826887131,1.0055453777313232,-0.02611863284205102,-0.01983526673784705,0.005193376820360948,-0.9994485756666609,0.00449367573312064,-0.181467904222035,0.0,-0.009423322044312954,-0.20672620832920074,-0.014278708025813103,0.08676221000316041,-0.31212081374929634,-0.015904806947633007,0.5077037750488212,-0.50235628884474,-0.06330918221566556,-0.3296871138852677,-0.4461525513566169,0.21085792678996074,-0.18547293294131398,-0.4454108322823578,0.13351726016666257,-0.4209415650456609,0.19023547509544367,0.04740437526803255,0.0,0.0,0.0,0.0,0.0,0.0
1.0333,-5.29930811528227,-0.052602853215940194,1.0,-5.276473045349121,-0.05960072949528694,1.0055748224258423,-0.02611863284205102,-0.01983526673784705,0.005193376820360948,-0.9994485756666609,0.00498400857052422,-0.1894301957496462,0.0,-0.00968772079795599,-0.212490051984787,-0.01072076614946127,0.09429782850738545,-0.34172191931646845,-0.03758562853802687,0.5184965622677901,-0.5296562882316389,-0.0878180676743509,-0.015853734810578984,-0.34560847033595427,0.2133393830414582,-0.13539824542961423,-0.41594735089304125,0.1570822097922063,-0.42419873376040457,0.18793436891517049,0.050232439136324025,0.0,0.0,0.0,0.0,0.0,0.0
1.05,-5.299220633283019,-0.055828840713791586,1.0,-5.2766523361206055,-0.06392518430948257,1.0057405233383179,-0.0259190545080979,-0.020408671813023607,0.005882267059271492,-0.9994384182761697,0.005517539779395352,-0.19758209611545904,0.0,-0.008809119462966919,-0.22484463453292847,-0.0063608624041080475,0.09586673387799681,-0.322328843648064,-0.06476494722740427,0.5225607290758378,-0.5063156981470347,-0.11871682807211047,0.05270482113486842,-0.7411166332951945,0.26153835410111553,-0.07986678211642831,-0.5119432663562274,0.187919572794678,-0.426693995197841,0.1839868544989707,0.0539518808447062,0.0,0.0,0.0,0.0,0.0,0.0
1.0666,-5.299124029119639,-0.0591871286383929,1.0,-5.276819229125977,-0.06853415817022324,1.0059713125228882,-0.02613815226590375,-0.021542772383644902,0.006618024593726206,-0.9994043214757246,0.006096340952219529,-0.2059120279638402,0.0,-0.010496428236365318,-0.23708154261112213,-0.003946240060031414,0.11326498675588771,-0.3038997541239501,-0.08060542020941057,0.5428469598198921,-0.4827227237162095,-0.1383651514063149,-0.1013662279602389,-0.7351406176146211,0.14506008789048513,-0.08621381148673431,-0.5778352039486264,0.1752666694845486,-0.4295819730640043,0.17882296959225938,0.05775973119690431,0.0,0.0,0.0,0.0,0.0,0.0
1.0833,-5.299017133593881,-0.06269369663773637,1.0,-5.276930332183838,-0.07091526687145233,1.0061144828796387,-0.02696591439502419,-0.02323656137052211,0.007392515081962376,-0.9993389938605326,0.006725678798383665,-0.2144513383969998,0.0,-0.01200486533343792,-0.2438628375530243,-0.0026185130700469017,0.12986097219934722,-0.33136815870710923,-0.08949168891492036,0.5626401455284056,-0.5060192978399369,-0.150827185720525,-0.09040027076457056,-0.40640136739680227,0.07957035770928887,-0.0874497307837736,-0.5272248020078752,0.1470153691542942,-0.4327791733290584,0.1746511391328277,0.061335496805604635,0.0,0.0,0.0,0.0,0.0,0.0
1.1,-5.2988990237148395,-0.06635279189197664,1.0,-5.277238368988037,-0.0757787823677063,1.0064804553985596,-0.02815849273013759,-0.024241877964979067,0.00830866112804366,-0.9992749727976445,0.007409090784021876,-0.2232012235281206,0.0,-0.019066227599978447,-0.24757331609725952,0.005239884369075298,0.181347847978728,-0.36685752034716146,-0.13868869892771046,0.6195949737582416,-0.5392738052367196,-0.20579664837325656,-0.422220479849459,-0.22186087787075712,0.4698776542475088,-0.18628017469732902,-0.4370757902979687,0.24233021684562128,-0.4382471257795136,0.17241628488955815,0.0671079494455461,0.0,0.0,0.0,0.0,0.0,0.0
1.1166,-5.298770122707954,-0.07012842911421958,1.0,-5.277670860290527,-0.0807773619890213,1.0070041418075562,-0.028092942526902004,-0.024373193056959837,0.009084458168583723,-0.999266922749579,0.008142324689407615,-0.23206901286878165,0.0,-0.024141335859894753,-0.257339209318161,0.010339676402509212,0.22207924077108795,-0.3664883955609801,-0.17213822547997099,0.6669804040185444,-0.5360506617854043,-0.24586743824409493,-0.30598627042994525,-0.5888010838472264,0.3074744940129659,-0.22161960209184053,-0.4818678701204668,0.26156199814325526,-0.4449011632474565,0.16956226622442416,0.07372921276412395,0.0,0.0,0.0,0.0,0.0,0.0
1.1333,-5.298627867047927,-0.0740719181569591,1.0,-5.277887344360352,-0.08335883170366287,1.007294774055481,-0.028092942526902004,-0.024373193056959837,0.009084458168583723,-0.999266922749579,0.008938022353988117,-0.2411680566328044,0.0,-0.020008200779557228,-0.26394373178482056,0.011784733273088932,0.20715306672437261,-0.3994402024127285,-0.18250487988952274,0.6564970623864967,-0.5668553190382415,-0.26233561789672266,0.2479954365334821,-0.39628306367394817,0.0867059756019055,-0.08298065927693066,-0.4566016709768088,0.20994130434921796,-0.44934399566212413,0.16741511662551295,0.07983073800719993,0.0,0.0,0.0,0.0,0.0,0.0
1.15,-5.29847160577529,-0.07817442618871037,1.0,-5.278237342834473,-0.0887402892112732,1.0079649686813354,-0.02745319897071381,-0.024867572132633957,0.009756700402332473,-0.9992660798126087,0.009797606955952332,-0.25046860284911054,0.0,-0.01837969571352005,-0.27938970923423767,0.01799880340695381,0.20860749222661912,-0.36729927042482663,-0.2234061561221256,0.6616671122957134,-0.5301257891490021,-0.31072694280446844,0.0975694270848213,-0.9254224637888181,0.37230664826943405,-0.029678973769570006,-0.5950061379107605,0.25787452151528384,-0.4530596200690942,0.16282651872417545,0.08732078668234283,0.0,0.0,0.0,0.0,0.0,0.0
1.1666,-5.298300966673668,-0.08242115378399038,1.0,-5.278629779815674,-0.09433396905660629,1.0087107419967651,-0.02845043049076917,-0.027125194209105155,0.010275654548047132,-0.9991743261234005,0.010720956769038668,-0.25992960898586626,0.0,-0.023124370723962784,-0.2850419878959656,0.017630277201533318,0.24919322881611264,-0.39443993045992437,-0.22521382451027877,0.7077340446916419,-0.5542606948877878,-0.31889622075601665,-0.28507225966565913,-0.3396034178974058,-0.022142000852325632,-0.10507573972984686,-0.5196065868266343,0.17520852609615922,-0.4585408158755293,0.15982076442786344,0.0936823962457379,0.0,0.0,0.0,0.0,0.0,0.0
1.1833,-5.298113649619735,-0.0868437862100983,1.0,-5.278870105743408,-0.09715667366981506,1.009101390838623,-0.03006812556910633,-0.03002679506111382,0.010558881370040317,-0.999040973494712,0.011718185648417345,-0.269613609846943,0.0,-0.027174007147550583,-0.288460910320282,0.020657086744904518,0.2856317677419219,-0.45106571118957584,-0.2456323339369692,0.7508594831926824,-0.6099322577153934,-0.346107011475964,-0.24215742707650195,-0.20444241681161074,0.18099511526617434,-0.14554475935208067,-0.4265643634090785,0.17691683298382507,-0.46522771545076047,0.15886654652581753,0.10047467753899478,0.0,0.0,0.0,0.0,0.0,0.0
1.2,-5.297909225060263,-0.09142608172233127,1.0,-5.279378414154053,-0.10299277305603027,1.0099835395812988,-0.030143227009913814,-0.031094352635353376,0.010549482622822376,-0.9990062023446906,0.012789090450618813,-0.2794765050636571,0.0,-0.025593167170882225,-0.3030869960784912,0.026711000129580498,0.2904087032629894,-0.42716153843883903,-0.2866998659512365,0.7613822894935465,-0.5828589469920825,-0.3954574844009793,0.094701470220667,-0.8761872455902306,0.3626644736842105,-0.0746196812695453,-0.5593012562340147,0.23175293153051368,-0.470973586230557,0.15569740855324352,0.1087576184497428,0.0,0.0,0.0,0.0,0.0,0.0
1.2167,-5.297686936820144,-0.09616081560672358,1.0,-5.2796101570129395,-0.10601041465997696,1.0104408264160156,-0.030143227009913814,-0.031094352635353376,0.010549482622822376,-0.9990062023446906,0.013935197586233013,-0.289495903340475,0.0,-0.023248158395290375,-0.3089585602283478,0.025409353896975517,0.29000596443839466,-0.47150668108287774,-0.28152392221564243,0.7658308130764537,-0.6254540954538985,-0.3972334090973535,0.14091433526984629,-0.3528291952606771,-0.07821745297210561,-0.01099010015318519,-0.49834693003110675,0.14024400852589802,-0.4758248486380591,0.1539474143710208,0.11570948688171105,0.0,0.0,0.0,0.0,0.0,0.0
1.2333,-5.297444383235439,-0.10107391296074057,1.0,-5.280047416687012,-0.11217998713254929,1.011381983757019,-0.031461928225152855,-0.03333123331747825,0.010582441458357917,-0.9988929959095904,0.015166274008737143,-0.29971916537087506,0.0,-0.02511027455329895,-0.3149787485599518,0.029285522177815437,0.3167663392320369,-0.5012404621924927,-0.3098663782153767,0.7983134133948431,-0.6546318655659482,-0.4334118819924668,-0.11165041170500194,-0.3609637899732678,0.23241073470758938,-0.04070686394723722,-0.4577889160587142,0.16745331067675115,-0.4815470741628061,0.15339140337345544,0.12354550377709007,0.0,0.0,0.0,0.0,0.0,0.0
1.25,-5.297180546167885,-0.10615962513379307,1.0,-5.280559062957764,-0.11848502606153488,1.0123971700668335,-0.031461928225152855,-0.03333123331747825,0.010582441458357917,-0.9988929959095904,0.016484674877871797,-0.3101261137131493,0.0,-0.030036361888051033,-0.3292967677116394,0.030547594651579857,0.36319660996524034,-0.48237285668963503,-0.3229282669638724,0.8523101793749445,-0.6332708844491912,-0.4541623608334575,-0.2953627122853916,-0.858492487813246,0.07567246043772247,-0.11588592486185935,-0.5760839343205317,0.14035792615703918,-0.48911356940970413,0.1508980277595562,0.1312340938695851,0.0,0.0,0.0,0.0,0.0,0.0
1.2666,-5.296895005067412,-0.11140169988298046,1.0,-5.28082799911499,-0.12176815420389175,1.0129032135009766,-0.032725252268079506,-0.035831891532733695,0.010684057510117645,-0.9987647430495716,0.017889741161313095,-0.3206767473431776,0.0,-0.02748231776058674,-0.33680054545402527,0.02823268435895443,0.36443001817931686,-0.5210492579859789,-0.3119979108444841,0.8600067346173914,-0.6704073954191194,-0.449626678664625,0.153678073938055,-0.4515059463181603,-0.13928927510866915,-0.036305705446448615,-0.5393062352817302,0.05780096107748099,-0.4955767164380746,0.14935813743314058,0.13762876782014094,0.0,0.0,0.0,0.0,0.0,0.0
1.2833,-5.296583942671271,-0.11684416916235721,1.0,-5.281344413757324,-0.12850558757781982,1.0138460397720337,-0.03277881696126981,-0.03662606855049152,0.010730671924570723,-0.9987337229690676,0.019397240877338545,-0.33145188112902185,0.0,-0.02755345217883587,-0.3478027880191803,0.025811392813920975,0.3837183597754592,-0.5237380558871445,-0.30264657981139637,0.8859359692071169,-0.6712177442746662,-0.4456778340062767,-0.0042611201959468145,-0.6590603978920008,-0.14504110045130608,-0.026845558183966403,-0.57465985289707,-0.0020817229418964786,-0.5022176094316577,0.14747968838752165,0.1430312541948803,0.0,0.0,0.0,0.0,0.0,0.0
1.3,-5.296247086870011,-0.12246455880373816,1.0,-5.281829833984375,-0.13550099730491638,1.0148729085922241,-0.033438089654842226,-0.03770419958801549,0.010591840205575862,-0.998673200094606,0.02100525450920158,-0.3423984745672956,0.0,-0.025811994448304176,-0.3613619804382324,0.03405950963497162,0.3930152999328278,-0.5115786781559674,-0.35776587023856793,0.901468961998857,-0.6560544466251828,-0.5092346396425781,0.10438602210852757,-0.8127617080874051,0.4944065478827548,0.01189640291025031,-0.6449518724680056,0.1444906891951213,-0.5084536620660292,0.1444757684692154,0.15146876940401016,0.0,0.0,0.0,0.0,0.0,0.0
1.3167,-5.2958834191378115,-0.12825512547558687,1.0,-5.282060146331787,-0.1391085982322693,1.0154272317886353,-0.033438089654842226,-0.03770419958801549,0.010591840205575862,-0.998673200094606,0.02271550706812015,-0.35349467513638416,0.0,-0.025304649025201797,-0.3713526427745819,0.034142717719078064,0.409489016860544,-0.5394167637922744,-0.3615502028853416,0.9243903360088859,-0.6812936751771541,-0.520988548968909,0.03048654638252149,-0.6003420487106017,0.005,0.01738455304555605,-0.631782237136501,0.10331048819656667,-0.5149013191483418,0.14187691138487965,0.15943834608356736,0.0,0.0,0.0,0.0,0.0,0.0
1.3333,-5.295489446810839,-0.13424554989485982,1.0,-5.28246545791626,-0.14652487635612488,1.0164347887039185,-0.03488503837942579,-0.041931496883521775,0.009114087403086866,-0.9984697151099954,0.024541053447267442,-0.36478984373036577,0.0,-0.02236548624932766,-0.38364627957344055,0.02570447511970997,0.4134313980755215,-0.536464750096977,-0.31650687485661594,0.9341635447781769,-0.6753805171232773,-0.48059788995621744,0.1761835930242529,-0.7369231538780352,-0.5058174770619257,0.0642649321047841,-0.6628217574770465,-0.07651522051505567,-0.5207321467026554,0.1389157670263003,0.1640910150996015,0.0,0.0,0.0,0.0,0.0,0.0
1.35,-5.295064170018018,-0.1404242055712471,1.0,-5.282864093780518,-0.15416015684604645,1.017343282699585,-0.03488503837942579,-0.041931496883521775,0.009114087403086866,-0.9984697151099954,0.026482941755256992,-0.3762539940863707,0.0,-0.022130971774458885,-0.395547091960907,0.025632189586758614,0.43475765658952104,-0.536573075678843,-0.3211940051467241,0.9618750832530176,-0.6723970257143079,-0.4903417299763523,0.014064443713627979,-0.7137227075796788,-0.004335151636472826,0.04944483038973915,-0.6778486482920437,-0.05520634490722392,-0.5271174266634966,0.1358239500354649,0.1691477248296282,0.0,0.0,0.0,0.0,0.0,0.0
1.3667,-5.29460681853373,-0.14677751687077498,1.0,-5.28304386138916,-0.1580866426229477,1.0178278684616089,-0.035414522981095334,-0.04239184155584271,0.008079888034326526,-0.9984405494908258,0.028541181002548623,-0.38785527545618215,0.0,-0.020254142582416534,-0.4043629765510559,0.028005078434944153,0.4463153867725652,-0.5753059134794878,-0.3384471771038466,0.9797436000822924,-0.7090322570078851,-0.5138264891795422,0.11286657568175952,-0.5301594356665615,0.14269803555042584,0.06816808879411357,-0.6342480933279182,0.003218645411237321,-0.5334282133097272,0.1337263435283973,0.17537931207569565,0.0,0.0,0.0,0.0,0.0,0.0
1.3833,-5.294112387054156,-0.15334858263829615,1.0,-5.283333778381348,-0.16614800691604614,1.0187475681304932,-0.03551558453837938,-0.042892573775021474,0.007296209533115001,-0.998421583408996,0.030734482789792024,-0.39966468412288697,0.0,-0.017896078526973724,-0.41561609506607056,0.02116401121020317,0.456910788489199,-0.5809415260607377,-0.30262512015339554,0.9964988513733632,-0.7126352651742542,-0.4818868869021886,0.14127380051136282,-0.6741847476752989,-0.40985467047093943,0.08975023108640362,-0.6460381236354927,-0.11872814740568738,-0.5395880628841642,0.13169373911351656,0.1792617667487931,0.0,0.0,0.0,0.0,0.0,0.0
1.4,-5.293580520200421,-0.16011467602133925,1.0,-5.283600807189941,-0.17441537976264954,1.0194627046585083,-0.03574439483986121,-0.04421219654098137,0.006321521514452063,-0.9983624935273837,0.03306036080732329,-0.41163304285419305,0.0,-0.015785273164510727,-0.4279356598854065,0.009155192412436008,0.4702161635024659,-0.580891383592992,-0.2347971195176956,1.0160092835630161,-0.7102501469846031,-0.4142760831026422,0.12655611205614958,-0.7386357138772943,-0.7200045273993653,0.10061599987003098,-0.6733746247320301,-0.2962359246393881,-0.5457931200605501,0.12935876339161112,0.1794789635849466,0.0,0.0,0.0,0.0,0.0,0.0
1.4167,-5.293009929818297,-0.16706711120285442,1.0,-5.28371000289917,-0.17864079773426056,1.0197430849075317,-0.03574439483986121,-0.04421219654098137,0.006321521514452063,-0.9983624935273837,0.03552050640823667,-0.4237382299489991,0.0,-0.01580793783068657,-0.43267419934272766,0.00446567265316844,0.4968830087064928,-0.6481507311447973,-0.20871918537126705,1.0497462427926494,-0.7776457768094153,-0.38807110172809745,-0.0013615758113953423,-0.28466691970552005,-0.2817220700159701,0.07051035562855619,-0.5586210055833879,-0.29195116947684024,-0.5528632340861566,0.12949504566461797,0.1793519163568304,0.0,0.0,0.0,0.0,0.0,0.0
1.4333,-5.292396036308389,-0.1742355718635452,1.0,-5.2839202880859375,-0.18727454543113708,1.020206093788147,-0.03560497800407098,-0.04656144640118267,0.004771950482100508,-0.9982693489921746,0.038130461766100826,-0.4360245159632818,0.0,-0.014622507616877556,-0.4463665783405304,0.00028329616179689765,0.5183158828721383,-0.6416304162550063,-0.18661394021911976,1.0785764422391841,-0.7701989362922947,-0.3656297561726648,0.07108012419585417,-0.8210150107219443,-0.25078139309886527,0.07067856172359648,-0.6360845118200426,-0.27979709900738375,-0.5602605593670459,0.12856852003728841,0.17901581595354504,0.0,0.0,0.0,0.0,0.0,0.0
1.4501,-5.291734409239975,-0.18164262453919264,1.0,-5.2841057777404785,-0.19613991677761078,1.0205576419830322,-0.036217031903968154,-0.047470208846240466,0.004043273618195695,-0.9982076881528031,0.040904339839111965,-0.4485212727546013,0.0,-0.013109455816447735,-0.4566929340362549,-0.006537863984704018,0.5471132664455003,-0.7102272043213683,-0.16360058676697692,1.1155908937845718,-0.8405210869323351,-0.3422298142847373,-0.008046905009176139,-0.24102836778534947,-0.21277230757115953,0.04743736503536626,-0.5194567174422684,-0.2600101555263815,-0.5684776273390715,0.13029388261096672,0.1786292275177604,0.0,0.0,0.0,0.0,0.0,0.0
1.4667,-5.291032929510874,-0.18917683157127677,1.0,-5.284183979034424,-0.20065423846244812,1.0206745862960815,-0.036217031903968154,-0.047470208846240466,0.004043273618195695,-0.9982076881528031,0.043804963506126324,-0.46103491686749465,0.0,-0.012798972427845001,-0.4603484570980072,-0.0108302291482687,0.5682318015189728,-0.7335889167726173,-0.1236433938149321,1.145504459842462,-0.867964107046058,-0.30144060764235714,0.01875565968271571,-0.2208225915630896,-0.2592929064709864,0.03897000138393783,-0.43129446518233494,-0.25979841049567287,-0.5772726583234892,0.1343751902734407,0.17779721382742503,0.0,0.0,0.0,0.0,0.0,0.0
1.4833,-5.29027659431156,-0.19697481599325534,1.0,-5.284297943115234,-0.2098628580570221,1.0207630395889282,-0.03669023696271323,-0.048580329177148086,0.0033599046164400196,-0.9981395788456096,0.04688991913480687,-0.4737859918415327,0.0,-0.00933857075870037,-0.47553637623786926,-0.020313134416937828,0.5802849146315303,-0.7205812276312534,-0.06788115107561225,1.1657627908240071,-0.8567325715694469,-0.24247828887553224,0.20737807284820256,-0.9101953191975767,-0.5683001014459622,0.0886871421672664,-0.5726747504223113,-0.3508737483195198,-0.5854778761924767,0.13615134393819353,0.17459713779992,0.0,0.0,0.0,0.0,0.0,0.0
1.5,-5.289467181370847,-0.20498861980201527,1.0,-5.284335613250732,-0.21934062242507935,1.0206960439682007,-0.03788484921253953,-0.05007107703841307,0.0027108431493722603,-0.9980232535437195,0.05014668272544577,-0.4866864298771671,0.0,-0.005763459485024214,-0.487429141998291,-0.024991989135742188,0.5929783805921122,-0.7277362051499421,-0.04016368188765,1.186284585452666,-0.8651604262883666,-0.21129567255054837,0.2142678009748796,-0.7127713158910021,-0.28041865971021535,0.12576084795414194,-0.614033817170758,-0.3300741184155935,-0.5933062048605539,0.13742422113842453,0.1711319906628984,0.0,0.0,0.0,0.0,0.0,0.0
1.5167,-5.288604846047452,-0.2131918532134591,1.0,-5.284332275390625,-0.22418086230754852,1.0206516981124878,-0.03992083373083275,-0.05156941660076609,0.0021866627944422566,-0.9978688696376241,0.05356982961790274,-0.4996871183132639,0.0,-0.005338700488209724,-0.4948756694793701,-0.024288387969136238,0.6260154626198277,-0.7861082240959948,-0.044850481612245405,1.2280789488003037,-0.9260647657889356,-0.21407607618376268,0.025540001711322324,-0.447746430414588,0.04230628458483858,0.09617382235165536,-0.5649427412741814,-0.22014061724814132,-0.602063486180476,0.13995654169294083,0.16922559457151728,0.0,0.0,0.0,0.0,0.0,0.0
1.5333,-5.287682010846647,-0.22163082763150696,1.0,-5.284289836883545,-0.23404206335544586,1.0205469131469727,-0.041302489743083357,-0.05288412629542418,0.0016037718795366143,-0.9977448736093051,0.05718435099920401,-0.5128542224822693,0.0,-0.002493089996278286,-0.503984272480011,-0.026213286444544792,0.6462313052048443,-0.811337314924025,-0.0334622975247089,1.2570318014412059,-0.9544586385947138,-0.2009542996092452,0.17067819457950206,-0.5463291338357477,-0.11545438051452188,0.1181688747907623,-0.5594476641472006,-0.18923532675636917,-0.6108004962363615,0.14312132367068872,0.16749200208453632,0.0,0.0,0.0,0.0,0.0,0.0
1.55,-5.286696133993372,-0.23030082756210163,1.0,-5.284189224243164,-0.24403969943523407,1.0203931331634521,-0.04104596624234434,-0.05449832622724463,0.0008275955173600018,-0.9976695150441676,0.060994628549696,-0.5261717641955355,0.0,0.000949174864217639,-0.511724591255188,-0.02988898940384388,0.6645132178245883,-0.8458900056687327,-0.011319990798272103,1.283946230366348,-0.9932497201903594,-0.17651202553680195,0.2062204375455279,-0.46370979260698164,-0.22020533087185054,0.14416330548287845,-0.5311840946147195,-0.1983782380270821,-0.6194330125417598,0.14735971452162672,0.16519203473852984,0.0,0.0,0.0,0.0,0.0,0.0
1.5667,-5.285647886491532,-0.23917038042306324,1.0,-5.284096717834473,-0.24911989271640778,1.0202709436416626,-0.04104596624234434,-0.05449832622724463,0.0008275955173600018,-0.9976695150441676,0.06499267349301362,-0.539584226652809,0.0,0.00466230558231473,-0.5179008841514587,-0.033732060343027115,0.68305843413437,-0.9157640882467895,0.011674699892394072,1.311059933636979,-1.0688543251813856,-0.15063211368882806,0.22312319517818768,-0.3711353868194842,-0.23093134401862464,0.16747370811432707,-0.48393479077518237,-0.2079885099068332,-0.628001499502609,0.1530902369345961,0.16230681358122215,0.0,0.0,0.0,0.0,0.0,0.0
1.5834,-5.284528081826808,-0.24829074175411242,1.0,-5.283833026885986,-0.25945326685905457,1.019915223121643,-0.041712847923798126,-0.056224574214375794,-4.636153336132609e-06,-0.9975464462465158,0.06920781123647798,-0.5531613619994539,0.0,0.00953682977706194,-0.5298975110054016,-0.039283640682697296,0.695920824784356,-0.926420676783499,0.04609778584203468,1.3321496342129024,-1.0846333636924173,-0.1121840248533671,0.29196219069965873,-0.7185442757793422,-0.3325148246390678,0.20422498351807872,-0.5531957988351855,-0.2447509540518296,-0.6362288094285464,0.15821268690891818,0.1582818106954018,0.0,0.0,0.0,0.0,0.0,0.0
1.6001,-5.283333652428039,-0.2576579576618021,1.0,-5.283465385437012,-0.2699947655200958,1.0195599794387817,-0.044106736894200776,-0.05740678211984974,-0.0006582494800430948,-0.9973759200974407,0.07364529809774682,-0.566887975771648,0.0,0.01335987076163292,-0.5389581918716431,-0.03589566424489021,0.7276493558277659,-1.0037613423951204,0.032904477105303157,1.373020999794215,-1.1693170516309868,-0.1230355211470338,0.10985514160587581,-0.2819793121135269,0.12031423645741315,0.17636528133601895,-0.473127734781844,-0.13697703731594427,-0.6453716439664492,0.16555570923586643,0.15593999825233695,0.0,0.0,0.0,0.0,0.0,0.0
1.6168,-5.282067954304729,-0.2672201798485049,1.0,-5.283254146575928,-0.275325745344162,1.0194052457809448,-0.04555272282671367,-0.05799936549282389,-0.001008152616380525,-0.997276369241258,0.07828673828824549,-0.5806808276835332,0.0,0.014601899310946465,-0.5418422222137451,-0.03489745780825615,0.7558627778791477,-1.048882847741206,0.021023384473933218,1.4114055606953868,-1.2244151657106637,-0.13345849826265344,0.07452071799988556,-0.17303951019941063,0.05989158655909364,0.14629890477001453,-0.38453620600734695,-0.07885782127176358,-0.6555427828162392,0.17553231796945762,0.15448188273658667,0.0,0.0,0.0,0.0,0.0,0.0
1.6333,-5.280729721390663,-0.2769652880771669,1.0,-5.282756805419922,-0.2861008644104004,1.0190863609313965,-0.04695359911897425,-0.05915912098184267,-0.0006630120739248164,-0.9971434802279031,0.0831313254452095,-0.5945174149117533,0.0,0.020400695502758026,-0.5508419275283813,-0.03595319762825966,0.7681681924940059,-1.0790893819681073,0.028319585640970216,1.4331331096429887,-1.264499249433565,-0.12465496015954176,0.34988008433431633,-0.5430122995037042,-0.06369983097173272,0.20639978994274338,-0.43132124536231764,-0.07438290548425706,-0.6649649171489826,0.18540986746545757,0.15297454580051198,0.0,0.0,0.0,0.0,0.0,0.0
1.65,-5.279300684319137,-0.28699965340361794,1.0,-5.282456874847412,-0.2915695011615753,1.018918752670288,-0.04695359911897425,-0.05915912098184267,-0.0006630120739248164,-0.9971434802279031,0.08823871161099979,-0.6085406034601475,0.0,0.025239698588848114,-0.5585544109344482,-0.03609743341803551,0.7898032576916981,-1.1459062391303512,0.029391830821891743,1.4640987740449214,-1.3417800270733244,-0.12232335931046899,0.2900707446048306,-0.46231956552808345,-0.008646116192653994,0.23110098505911403,-0.4404725160486226,-0.054976203777871574,-0.6742955163532232,0.19587378794297317,0.15171519013236073,0.0,0.0,0.0,0.0,0.0,0.0
1.6667,-5.277787065708434,-0.29725127874648716,1.0,-5.281739711761475,-0.30272018909454346,1.0186294317245483,-0.05032168384602013,-0.0611250465719264,4.454921887609116e-05,-0.996860843461789,0.09357968373391254,-0.6226405110265835,0.0,0.031892530620098114,-0.5692883729934692,-0.033319972455501556,0.8007409684189932,-1.1673669007405663,0.013553142353584915,1.4837857188781043,-1.3734284082476351,-0.1381033562294225,0.39946173447476163,-0.6445085463967704,0.16676948528359148,0.2808041555087597,-0.5007076814863011,0.010487176601163967,-0.6830447504591112,0.2060615075070688,0.1516564985830074,0.0,0.0,0.0,0.0,0.0,0.0
1.6833,-5.276181037787372,-0.30774747097194266,1.0,-5.280898094177246,-0.31403815746307373,1.018373966217041,-0.05396327363176011,-0.06323119110501108,0.0008527150390725006,-0.9965385465112263,0.09917514808587,-0.6368469786220243,0.0,0.03816733881831169,-0.5787496566772461,-0.032308053225278854,0.8158016474273981,-1.197127770224648,0.008146428223581095,1.5073945343240742,-1.4137669145731395,-0.1437479591268584,0.37645115466586565,-0.5676207231948736,0.060709132552351525,0.30904089785282124,-0.5204616344051892,0.02531361593230461,-0.6915928868966761,0.21663914434849157,0.1518943873504395,0.0,0.0,0.0,0.0,0.0,0.0
1.7,-5.274477004599584,-0.31849734427064574,1.0,-5.280425071716309,-0.319766640663147,1.0182623863220215,-0.05562902014712614,-0.06510814008807676,0.0013599102140526083,-0.9963255363388522,0.10503735062490135,-0.6511634623135094,0.0,0.04127601534128189,-0.583676815032959,-0.03143812716007233,0.8543038061851734,-1.2836926996130555,0.00287507648515202,1.5555179908545558,-1.5129631616894665,-0.14944322003324595,0.18623038785100124,-0.2951695375210672,0.0521143539149313,0.2727849906249513,-0.4539512896172557,0.033225683636625376,-0.7012141846693825,0.22927046207641094,0.15231829651839798,0.0,0.0,0.0,0.0,0.0,0.0
1.7167,-5.272679026170213,-0.32945023859171596,1.0,-5.279343128204346,-0.3314291834831238,1.0180068016052246,-0.058632968944655785,-0.06670027351052372,0.0014771627466098629,-0.9960477886071654,0.11114533367152013,-0.6655149789167915,0.0,0.0517764650285244,-0.5990079641342163,-0.032704275101423264,0.8477841973074456,-1.278978033660061,0.01115057171857188,1.5569622380757755,-1.5191126662768881,-0.1409943078306613,0.6309843711944297,-0.9212667803263657,-0.07608431890141693,0.3785319947764284,-0.5919113638571958,0.0009553729682733464,-0.7091780407683299,0.2401346326168271,0.1521448795492332,0.0,0.0,0.0,0.0,0.0,0.0
1.7333,-5.2707755179313285,-0.34065210688105474,1.0,-5.278072834014893,-0.343382865190506,1.0178228616714478,-0.06265374470682518,-0.06826268023388034,0.0012208256139666432,-0.9956973797086458,0.1175313420282132,-0.6799543780297047,0.0,0.059975795447826385,-0.6123536825180054,-0.02835886739194393,0.8568216201938305,-1.286086742768365,-0.014595504817650637,1.5735973554437344,-1.536542681359604,-0.16809616912182945,0.49259449079710665,-0.8017761226097544,0.2610608169805916,0.4122053283847955,-0.6538672764547357,0.0777432541311703,-0.7167757352499038,0.25045593859123877,0.15350066430417883,0.0,0.0,0.0,0.0,0.0,0.0
1.75,-5.268756298275299,-0.35213440331972434,1.0,-5.277370452880859,-0.34947240352630615,1.0177501440048218,-0.06265374470682518,-0.06826268023388034,0.0012208256139666432,-0.9956973797086458,0.12422141686299547,-0.6945123638136868,0.0,0.0647798478603363,-0.622012734413147,-0.027174580842256546,0.8920294252597578,-1.3464393803341972,-0.02193079633657817,1.6174141500326875,-1.608204383505945,-0.1768725539032357,0.2875195309713046,-0.5780882122115837,0.070878808985317,0.37539580203733947,-0.6314959116344626,0.07571674445886968,-0.7253847247729297,0.2617650031717478,0.1549417575666575,0.0,0.0,0.0,0.0,0.0,0.0
1.7667,-5.266632484079086,-0.3638085658212633,1.0,-5.275801181793213,-0.3619007170200348,1.0176162719726562,-0.06540453763559351,-0.07011812691557974,0.0007379491705772962,-0.9953920257911844,0.13117104071806532,-0.709068597833247,0.0,0.07439431548118591,-0.6372588276863098,-0.026564430445432663,0.8965305090203561,-1.3420653480138995,-0.025508371049413656,1.6297153327321594,-1.6141792808099538,-0.18179154615028248,0.5780262309180821,-0.9166021644090877,0.03668252347165484,0.4352160082308878,-0.7156644884975443,0.06419312897348768,-0.7331848237118033,0.2721139327960542,0.1562831751008688,0.0,0.0,0.0,0.0,0.0,0.0
1.7834,-5.264379290148731,-0.37578451862040185,1.0,-5.274035453796387,-0.3746853470802307,1.0175052881240845,-0.06791895226939428,-0.07185468556943628,0.00042897062414397655,-0.9950999059841554,0.1384531853414312,-0.7237513959817116,0.0,0.08631151914596558,-0.6584279537200928,-0.026085997000336647,0.8894505299724726,-1.3021956070964091,-0.02840947302714085,1.6291081867059685,-1.581906510306291,-0.18593869480508157,0.7126981920323952,-1.2660015113924772,0.0286123037685003,0.5171338205837972,-0.8781340364690096,0.053689019042635996,-0.7396576567334958,0.27971090320988184,0.15752922177794074,0.0,0.0,0.0,0.0,0.0,0.0
1.8001,-5.262006402689581,-0.3879830870090724,1.0,-5.273072242736816,-0.38123002648353577,1.0174705982208252,-0.07021373276088742,-0.07300104774488782,0.00044806314651938913,-0.9948571822835811,0.14602787875986162,-0.7384539241302722,0.0,0.08933143317699432,-0.6673313975334167,-0.023500777781009674,0.9425905179768364,-1.3679747861219382,-0.04433048295534718,1.6909021218221645,-1.6574715764044563,-0.20380267445009093,0.18094910714285714,-0.5334821428571429,0.15490279017857142,0.417885948542861,-0.7763864980823002,0.08356917422180551,-0.7483116038453281,0.2894967902825181,0.15947219149474373,0.0,0.0,0.0,0.0,0.0,0.0
1.8167,-5.259518317206251,-0.4003597938519549,1.0,-5.271016597747803,-0.3945857882499695,1.01742684841156,-0.07228811799725787,-0.07463798754784116,0.000725262969175533,-0.9945868945440808,0.15387332600842246,-0.7531165853143789,0.0,0.09980759024620056,-0.685725748538971,-0.023735925555229187,0.9481141663790476,-1.3428958009430123,-0.043279016052581484,1.70423952704004,-1.6406814461893615,-0.20427123638028205,0.6315332293717751,-1.1088649984908807,-0.014175392011728013,0.48095853079258044,-0.874540228295587,0.0547131917383938,-0.7561253606609925,0.29778564524634915,0.16099222032770058,0.0,0.0,0.0,0.0,0.0,0.0
1.8333,-5.256884108437012,-0.4130430802551716,1.0,-5.269914627075195,-0.4014018774032593,1.0174012184143066,-0.07228811799725787,-0.07463798754784116,0.000725262969175533,-0.9945868945440808,0.16207843275238662,-0.7678828784096332,0.0,0.10355404019355774,-0.6935916543006897,-0.023070968687534332,1.0022714608709355,-1.4154516418776402,-0.04772108710314342,1.768065466918601,-1.7241067491168645,-0.2102540959940331,0.22461691300494582,-0.4715972440607221,0.039867223905772034,0.40528179992473506,-0.7555840945385999,0.050330390686272944,-0.7657940060476653,0.30865510723922435,0.1625330088908897,0.0,0.0,0.0,0.0,0.0,0.0
1.85,-5.254108245642715,-0.42598235211232877,1.0,-5.267549514770508,-0.4152665138244629,1.0173481702804565,-0.07350317188020228,-0.07581045780262975,0.0010098384903210814,-0.9944089505496678,0.17061953404703528,-0.7826827489348942,0.0,0.11810176074504852,-0.7114976048469543,-0.0243217870593071,0.9885294811006603,-1.3934742533801165,-0.04052996904165866,1.7617723283096651,-1.7116590254128146,-0.20396640655185738,0.8717168235781534,-1.0729459833992885,-0.0749505335942969,0.5429819441970537,-0.8492751247283139,0.013345172010193657,-0.7732428472090048,0.318184772032698,0.1634364375101987,0.0,0.0,0.0,0.0,0.0,0.0
1.8667,-5.251196822819203,-0.4391252197497286,1.0,-5.264862537384033,-0.4295450448989868,1.0173094272613525,-0.07475134874090082,-0.07726792949222444,0.001562805142784006,-0.9942029367541465,0.17946913450803803,-0.7974481749095952,0.0,0.13397502899169922,-0.7343575954437256,-0.022676022723317146,0.9681656585596712,-1.3399580027639353,-0.050786697806715894,1.7467556946476241,-1.6648381446976006,-0.21567059335856087,0.9542535008384813,-1.374274391205263,0.09893843881236652,0.6643968247543632,-1.0042645038930607,0.03861386880547533,-0.7785900360879529,0.32488014193366543,0.164883895551845,0.0,0.0,0.0,0.0,0.0,0.0
1.8833,-5.248127644787224,-0.45254688112480096,1.0,-5.261882781982422,-0.44424867630004883,1.0173158645629883,-0.0759245699833827,-0.07934732806329804,0.0018190158348817406,-0.9939498449288386,0.18868545058629876,-0.8122547249528654,0.0,0.14639151096343994,-0.7522000670433044,-0.01905202493071556,0.9705926070908814,-1.3154894473376049,-0.0731404540773201,1.7541965404429298,-1.6465889224344612,-0.2406069350760856,0.7444890782250686,-1.0698300263037512,0.2172939792643527,0.6880415218691452,-1.0236206444858618,0.09136350324772788,-0.7836039333520484,0.3310994750968562,0.1674664809987655,0.0,0.0,0.0,0.0,0.0,0.0
1.9,-5.244899430259592,-0.4662254885523889,1.0,-5.260297775268555,-0.45174434781074524,1.0173544883728027,-0.07744684944959829,-0.08142752940012687,0.001859181781512631,-0.9936640471490862,0.19826218287948064,-0.8270676228397491,0.0,0.15283900499343872,-0.7627680897712708,-0.016648130491375923,1.0192780550925664,-1.3715601274035252,-0.0883360924529643,1.809794290771407,-1.71098282127566,-0.2588688007410252,0.3864022804560912,-0.6333480981910667,0.14406687140999627,0.5989921045774601,-0.908405055593356,0.10692250081771726,-0.7905162356788406,0.33942269387213464,0.17053270828806089,0.0,0.0,0.0,0.0,0.0,0.0
1.9167,-5.2415186163350755,-0.4801098441235431,1.0,-5.2569451332092285,-0.4669848382472992,1.0174612998962402,-0.07907484325468295,-0.08312850442467519,0.0018886002817732465,-0.9933948973744957,0.2081707682662828,-0.8418228180752771,0.0,0.1654447466135025,-0.7778499126434326,-0.014757429249584675,1.025330838141936,-1.3618946449137401,-0.10079550939265573,1.8221669105005023,-1.7098131510764987,-0.27463841771530684,0.7575046921115218,-0.9062974583798963,0.11361608901759362,0.6457879176393827,-0.9077828543742277,0.10889857039671898,-0.7968360723585665,0.3479185061627585,0.1738429083226511,0.0,0.0,0.0,0.0,0.0,0.0
1.9333,-5.2379664518149465,-0.49425300367300457,1.0,-5.253332614898682,-0.4825362265110016,1.017564058303833,-0.07915827277667413,-0.08328106564420862,0.0022206331543420704,-0.9933747511809075,0.21845643427136824,-0.8565678663657093,0.0,0.1813114583492279,-0.7932880520820618,-0.018702307716012,1.0141165975164483,-1.3491358716766109,-0.07822501292248944,1.8157459763126331,-1.7054897491759784,-0.25355068180394147,0.9527941429123656,-0.9270584277062722,-0.2368894803105359,0.7364217666618389,-0.9134733559321175,0.00681561766928207,-0.8016293787961847,0.35635387749936753,0.175325668881452,0.0,0.0,0.0,0.0,0.0,0.0
1.95,-5.234229049347397,-0.5086825971670975,1.0,-5.251389503479004,-0.49043914675712585,1.0175656080245972,-0.07915827277667413,-0.08328106564420862,0.0022206331543420704,-0.9933747511809075,0.2291483430268335,-0.8713201201705905,0.0,0.19060568511486053,-0.8036523461341858,-0.02218565344810486,1.05459734587435,-1.4060101753494327,-0.05791955536831665,1.8622400817976725,-1.7724927964005783,-0.23350003300946753,0.5563727414152371,-0.620429309508178,-0.20852069388148317,0.6832680035538405,-0.8269613973003318,-0.05675559732087257,-0.8076427359233226,0.3664826210511456,0.17558047764115087,0.0,0.0,0.0,0.0,0.0,0.0
1.9667,-5.230326702107117,-0.5232961141956439,1.0,-5.24721622467041,-0.5065839290618896,1.0175198316574097,-0.07935036625838564,-0.08388934081571899,0.002565436522009654,-0.9933074426638356,0.24017812367788657,-0.8859653890418081,0.0,0.20926742255687714,-0.8251798748970032,-0.024166936054825783,1.030918872545228,-1.354307307714028,-0.046385635066615125,1.8423153628842197,-1.7284434223574578,-0.22178057993095407,1.1222739981360672,-1.2946161015126532,-0.11914978224245465,0.8128705971088717,-0.9650216135664118,-0.07517550112260676,-0.8113964903389916,0.37413611464343,0.17539494486433896,0.0,0.0,0.0,0.0,0.0,0.0
1.9834,-5.226218304670438,-0.538222112842408,1.0,-5.2450056076049805,-0.514803409576416,1.0174959897994995,-0.08053856971769639,-0.08585167750287034,0.0030443090147904777,-0.9930426761614901,0.25165098976710465,-0.9006221247913699,0.0,0.21611066162586212,-0.8356198072433472,-0.022801944985985756,1.092234861886399,-1.409814401364714,-0.05504128155520675,1.9098937272426626,-1.7935453430807828,-0.231064110161036,0.40939416631008413,-0.6245649693339038,0.08166006989017259,0.693756980176118,-0.8645125894753727,-0.028874773989521294,-0.8176588653562635,0.3837309417160689,0.17602282860582927,0.0,0.0,0.0,0.0,0.0,0.0
2.0,-5.221927691553763,-0.5533479451835203,1.0,-5.24041748046875,-0.5315057039260864,1.0174031257629395,-0.08165884595736998,-0.08758941067085685,0.00351610083702142,-0.9927978872653389,0.2634889283833763,-0.9151686064540914,0.0,0.2275170534849167,-0.8490415215492249,-0.02871827594935894,1.1177420890621768,-1.4046455573368934,-0.01965873899429653,1.942132017936594,-1.7985699748443278,-0.19434305916186612,0.6847857981220657,-0.8057762223748998,-0.35518851804935303,0.6911085232625263,-0.8471725403503809,-0.1252085554520103,-0.8243899288744172,0.3939244175074343,0.1746843201675696,0.0,0.0,0.0,0.0,0.0,0.0
2.0167,-5.217442079677549,-0.5686966424042209,1.0,-5.235579490661621,-0.5484972596168518,1.0171754360198975,-0.08228872435219246,-0.08811524100905159,0.0040053414545358716,-0.9926974934721859,0.2757167181650977,-0.9296183554827152,0.0,0.24296890199184418,-0.8644108772277832,-0.03607998415827751,1.121426230804625,-1.3861456610061056,0.02507846053229741,1.9515810353075302,-1.7899496531121861,-0.14618483305058377,0.928759261116923,-0.9238008913601123,-0.44248781455553804,0.7612673647505728,-0.8697946301470303,-0.2188751918271408,-0.8301548045029052,0.4038039921060804,0.17126329358288117,0.0,0.0,0.0,0.0,0.0,0.0
2.0333,-5.212745119885661,-0.5842996717041583,1.0,-5.23032808303833,-0.5658483505249023,1.0168040990829468,-0.08250299036894325,-0.0885658942111208,0.004469336109792316,-0.992637602800452,0.2883673855984706,-0.9439904491627596,0.0,0.269911527633667,-0.8877665996551514,-0.03991469368338585,1.0581167332085282,-1.3179702565792295,0.04938373902210287,1.8893217491647691,-1.7285012036200926,-0.11800898624892751,1.6179246127194113,-1.4025284196661225,-0.23027714543424105,1.0141682419473232,-1.0270673818819556,-0.22224125693174285,-0.831205015956241,0.41053094704086307,0.16739272527103038,0.0,0.0,0.0,0.0,0.0,0.0
2.05,-5.207821117218927,-0.6001821262696213,1.0,-5.227497100830078,-0.5747098922729492,1.016619324684143,-0.08250299036894325,-0.0885658942111208,0.004469336109792316,-0.992637602800452,0.30147050444495777,-0.9582954397085063,0.0,0.2811737656593323,-0.8988926410675049,-0.03593158349394798,1.10534177768608,-1.3659623482832386,0.025853792136315404,1.9395383680507707,-1.7849881343705942,-0.13998207022379616,0.6742976846432752,-0.66614326091301,0.23847853084763182,0.9138322414297992,-0.9205159845629748,-0.08622835474995583,-0.8341965903646906,0.4190257860873556,0.16583586236011158,0.0,0.0,0.0,0.0,0.0,0.0
2.0666,-5.202695335917738,-0.6162389623164743,1.0,-5.221563816070557,-0.5926910638809204,1.0162909030914307,-0.0835696668479315,-0.09087996396516115,0.004794541192902341,-0.9923376858264484,0.3149470091643119,-0.9724282981809074,0.0,0.2983399033546448,-0.9156067371368408,-0.03744884580373764,1.105153092257463,-1.3338854155490223,0.036057625125847606,1.9418476965375748,-1.7609095332544968,-0.1280116033547361,1.0322136682293235,-1.005032041632618,-0.09123420318839333,0.9487806023435583,-0.9454666693564582,-0.0877061727036316,-0.8366946042801118,0.42702411770547455,0.16406922848058372,0.0,0.0,0.0,0.0,0.0,0.0
2.0833,-5.19732042785742,-0.6325940199171455,1.0,-5.21847677230835,-0.6018083095550537,1.0161089897155762,-0.08475888594750967,-0.09324053157127664,0.005321671827228112,-0.9920150517010975,0.32890890985910864,-0.9864867101679791,0.0,0.3056558668613434,-0.9250018000602722,-0.03864976763725281,1.1829686393285122,-1.3903823951199512,0.04363472021019106,2.025327040627038,-1.827484695201156,-0.11857680015698173,0.43811215019988575,-0.5626177898343804,-0.07191649414620217,0.7980219415021814,-0.8324426825817051,-0.08304477099682683,-0.8423584012985259,0.4371023000812049,0.1622115203671728,0.0,0.0,0.0,0.0,0.0,0.0
2.1,-5.191714207453634,-0.6491666637451956,1.0,-5.212067127227783,-0.6203084588050842,1.0156896114349365,-0.08488325471202024,-0.09300261919687772,0.0060804415409697575,-0.9920224273995869,0.343296453179417,-1.000388365756945,0.0,0.3219697177410126,-0.9430335760116577,-0.04074971750378609,1.1942150323987781,-1.3474473809513599,0.05780779308484625,2.041696500880172,-1.7933383708681236,-0.10211982060489043,0.9778388304561564,-1.0808098490911169,-0.1258692712501429,0.8511071737337135,-0.9057652096787809,-0.09568734619858366,-0.847481468481394,0.4458909899167638,0.15992761368973668,0.0,0.0,0.0,0.0,0.0,0.0
2.1167,-5.185884765280983,-0.6659118951341009,1.0,-5.205276966094971,-0.6392074227333069,1.0152182579040527,-0.0849722556851851,-0.09244922317339559,0.007033592520043627,-0.9920602331227012,0.35807700930371705,-1.0140860699105956,0.0,0.3459240794181824,-0.9653192162513733,-0.04379124566912651,1.161423723212256,-1.275791235120057,0.07790773937527547,2.0109870369753367,-1.7277932703687064,-0.0790208595686837,1.4409114702845343,-1.3405339318494722,-0.18295510770422213,1.0252281822534952,-1.0341168829709653,-0.12145038443599035,-0.8495633137630808,0.45200203524864935,0.15692859894395916,0.0,0.0,0.0,0.0,0.0,0.0
2.1333,-5.179782838123643,-0.6829469097197993,1.0,-5.201705455780029,-0.6488297581672668,1.0149730443954468,-0.0849722556851851,-0.09244922317339559,0.007033592520043627,-0.9920602331227012,0.373362110972502,-1.0276636128270589,0.0,0.3566155433654785,-0.9749677181243896,-0.04263940453529358,1.2291617171022275,-1.3262970152736928,0.07172299511897336,2.083237852580266,-1.7866390434707107,-0.08308174200146211,0.6406361610331723,-0.5781415183290951,0.06901871303465813,0.9116895881890592,-0.8995046212158043,-0.06522042555405425,-0.8540761354780383,0.4603420281970178,0.15480473712043546,0.0,0.0,0.0,0.0,0.0,0.0
2.15,-5.1734347704632775,-0.7001729506480571,1.0,-5.194206714630127,-0.6683512330055237,1.014530062675476,-0.08530776896547859,-0.09431107798706605,0.0077373605964785284,-0.9918508475792991,0.38907172743946855,-1.0410292224437765,0.0,0.3793781101703644,-0.9950600862503052,-0.03924310952425003,1.2088498123748472,-1.2634281580701698,0.053075694764841044,2.065238122479694,-1.7302450048417795,-0.10104156282385025,1.3654623140732265,-1.2052846109839817,0.20373417834668192,1.0456515907241046,-0.9897764631046602,0.014179889348872876,-0.8563883101048464,0.4668168467716097,0.1541172575886913,0.0,0.0,0.0,0.0,0.0,0.0
2.1667,-5.166814210173274,-0.7176382826293025,1.0,-5.186352729797363,-0.6882838606834412,1.0141392946243286,-0.08586837111223933,-0.09720038505174028,0.008299768143007872,-0.9915189832941242,0.4052574399210171,-1.0542084584049274,0.0,0.39582324028015137,-1.0186995267868042,-0.038715608417987823,1.2291819026579034,-1.1763425354851471,0.05139363028227535,2.088473713475284,-1.646709315041133,-0.10212245340494565,0.9875705142889869,-1.4196065517438863,0.03167773896111334,1.028504995380634,-1.1166701615122308,0.019345574372241055,-0.8592918108173809,0.4703667795559858,0.153516083687221,0.0,0.0,0.0,0.0,0.0,0.0
2.1834,-5.159910492961193,-0.7353454685879637,1.0,-5.182292461395264,-0.6984475255012512,1.0139517784118652,-0.08602036977012682,-0.09752277024726716,0.008744881010131428,-0.9914703036840942,0.4219304162005866,-1.0671892898148465,0.0,0.4060855507850647,-1.0327130556106567,-0.03724218159914017,1.3102736009315727,-1.1950600563763334,0.04302476665655604,2.1751992466044925,-1.669868607470447,-0.11029370306459331,0.6146489311570921,-0.8393237087492325,0.08824915392194663,0.9063271209466157,-1.0347924194427203,0.03968717044398815,-0.86492564567292,0.4748085510941136,0.15331846972114935,0.0,0.0,0.0,0.0,0.0,0.0
2.2001,-5.152725467684326,-0.7532651202557402,1.0,-5.1738128662109375,-0.7191633582115173,1.013658881187439,-0.08554304024712825,-0.09734547491919453,0.008957048245535271,-0.9915272019295839,0.4390712908975809,-1.0799365866015382,0.0,0.43089109659194946,-1.0576913356781006,-0.027940046042203903,1.2864456129045811,-1.093896594280219,-0.011779728918627372,2.1542279479994133,-1.5699971542081017,-0.1679967663230939,1.4854866574337156,-1.4958308942160796,0.5570608428875341,1.0773056017354443,-1.1708994038499494,0.1924253348728923,-0.8677823350948322,0.47610055992788275,0.15621703740446652,0.0,0.0,0.0,0.0,0.0,0.0
2.2167,-5.145263233847044,-0.7713647631389119,1.0,-5.169410705566406,-0.7297121286392212,1.0135722160339355,-0.08463137823060181,-0.09926649073728412,0.008791411130887461,-0.9914164400116973,0.4566560297201128,-1.0924151872430523,0.0,0.43997490406036377,-1.0682194232940674,-0.027262719348073006,1.381611168175015,-1.1287400721578336,-0.01586267300952386,2.255743483141569,-1.608461265272993,-0.17439126540548527,0.5451459436256976,-0.6318214336814995,0.040648362605522965,0.9202023440862739,-1.01175373403125,0.1476179985482473,-0.8741323149665537,0.4797211931151596,0.15852859239596143,0.0,0.0,0.0,0.0,0.0,0.0
2.2334,-5.137500850564676,-0.7896775444281615,1.0,-5.160343647003174,-0.7510755658149719,1.0133836269378662,-0.08463137823060181,-0.09926649073728412,0.008791411130887461,-0.9914164400116973,0.4747239915772757,-1.1046353596623737,0.0,0.4575619101524353,-1.0850414037704468,-0.02966756746172905,1.4070229126442741,-1.0702188109502773,-0.0009367465560944782,2.2874680167780546,-1.5531456555263028,-0.16030358551733326,1.0552515628799908,-1.0093486688697195,-0.1442951527473785,0.960071341843133,-1.0110437148368656,0.06143990082833296,-0.8804451041337804,0.4829268445760254,0.1593668389612388,0.0,0.0,0.0,0.0,0.0,0.0
2.2501,-5.129389646933394,-0.8082904921455597,1.0,-5.150911808013916,-0.7728142738342285,1.0131213665008545,-0.08235631900685308,-0.1020688702561769,0.00825332231594888,-0.9913280580703699,0.4933710517392684,-1.116638019275278,0.0,0.4772597849369049,-1.1088088750839233,-0.03268921747803688,1.4234724965633994,-0.9671939843947714,0.018064674666602512,2.3096452432065955,-1.4502799719106931,-0.1408220519078553,1.1754168504317888,-1.4182589025309793,-0.18030870762139167,1.0236452719669722,-1.1312610811404387,-0.009928706958492232,-0.8861727466431962,0.4830859875159217,0.1588867265744578,0.0,0.0,0.0,0.0,0.0,0.0
2.2667,-5.1210649740870045,-0.8268750571600867,1.0,-5.146053791046143,-0.7838379144668579,1.0129696130752563,-0.08235631900685308,-0.1020688702561769,0.00825332231594888,-0.9913280580703699,0.5122726965402983,-1.128201723794443,0.0,0.48756733536720276,-1.1168345212936401,-0.034629400819540024,1.5215799823954472,-1.0087279823146484,0.030035116116193875,2.41643724644467,-1.494772207998459,-0.12772137673643558,0.6226219450725118,-0.484784768927229,-0.11719571338047438,0.9052558561435069,-0.9404094577714759,-0.04159588783241806,-0.8948572640492231,0.4860442256838105,0.15775649285262944,0.0,0.0,0.0,0.0,0.0,0.0
2.2834,-5.112365835728483,-0.8457718826516966,1.0,-5.1359992027282715,-0.8061850070953369,1.0126394033432007,-0.08067615398875702,-0.10324902613696398,0.008077569957658468,-0.9913455068656535,0.5317804133701675,-1.1395278952522987,0.0,0.5125665068626404,-1.136195421218872,-0.03443092107772827,1.511352172519739,-0.9245558366324167,0.030073919040189592,2.4123365531516536,-1.4117412215736351,-0.12679490363225432,1.4997586320336413,-1.1615055639786023,0.011907262851503276,1.0807639416409487,-1.0056810694191276,-0.02580077984397107,-0.9009843806319145,0.4871853849412185,0.15686882267244392,0.0,0.0,0.0,0.0,0.0,0.0
2.3,-5.103332810118914,-0.8648645997776864,1.0,-5.125479221343994,-0.8289440870285034,1.012326955795288,-0.07934677653227264,-0.10619094201747517,0.007707141306096217,-0.9911449300135902,0.5517843911896663,-1.1505279520049654,0.0,0.5339359641075134,-1.1588780879974365,-0.034961998462677,1.5253045147879256,-0.8162801962841775,0.03441153486038047,2.431877456722535,-1.3016807433693387,-0.1214785643605343,1.2815819952242733,-1.3603385904456868,-0.03185009365571872,1.1400491015209175,-1.1103824518970171,-0.02758664784783934,-0.9065729419346092,0.4854005470851611,0.15589009922091476,0.0,0.0,0.0,0.0,0.0,0.0
2.3167,-5.093986731794534,-0.8840880081446444,1.0,-5.12005615234375,-0.8404955863952637,1.0121476650238037,-0.07717913908866604,-0.10927230206337368,0.00720428725651272,-0.9909848984297942,0.5722226153264137,-1.161151118521223,0.0,0.5470972061157227,-1.1700108051300049,-0.036504264920949936,1.618211356769485,-0.830833390759935,0.04415767936630573,2.532975962734958,-1.3158669922548265,-0.11030551287781025,0.7916571059802093,-0.6696400401548831,-0.09276831170228023,1.0371974166849114,-0.9802672362589284,-0.046829466378841195,-0.9147646059654732,0.4850336014948915,0.15446319224411598,0.0,0.0,0.0,0.0,0.0,0.0
2.3333,-5.084275348439807,-0.903527244165888,1.0,-5.108848571777344,-0.8639031052589417,1.0118390321731567,-0.07498457376012804,-0.11114191518989268,0.0066905593200134355,-0.9909491157554084,0.5931925208616048,-1.1714298585753562,0.0,0.5722364783287048,-1.19036066532135,-0.030657095834612846,1.6154129282390586,-0.7286062377744876,0.010223217653260688,2.5364835086850683,-1.2110823388850132,-0.14506525664632863,1.5084440852062202,-1.221062645741835,0.3508505556072159,1.1763180464673146,-1.0513544422886065,0.07057294472823815,-0.9210705804460099,0.48247610111052563,0.1552884742995893,0.0,0.0,0.0,0.0,0.0,0.0
2.35,-5.074214784876205,-0.9231261545025577,1.0,-5.097154140472412,-0.8877096772193909,1.0116816759109497,-0.07498457376012804,-0.11114191518989268,0.0066905593200134355,-0.9909491157554084,0.6146412994740442,-1.181318149857871,0.0,0.5958749651908875,-1.2102501392364502,-0.020417045801877975,1.6237613883950757,-0.6244252831375363,-0.05082006326502324,2.550359200629657,-1.10239756850032,-0.2102423765821947,1.4169524952838277,-1.1922268907563025,0.6138152805765164,1.2473577339663064,-1.0929425638796006,0.23094801141002816,-0.9265978122345816,0.4779722853627837,0.15942231331717147,0.0,0.0,0.0,0.0,0.0,0.0
2.3667,-5.063789181497996,-0.9428932724495532,1.0,-5.091143608093262,-0.8997042775154114,1.0116738080978394,-0.07192015674733092,-0.11248846880423428,0.006092790567583421,-0.9910281410963664,0.6365851259033692,-1.1908049309270843,0.0,0.6078228950500488,-1.211492657661438,-0.018320193514227867,1.735513368128811,-0.6886042589917079,-0.06375043010634045,2.6712775217759823,-1.1667118738831346,-0.22707184594038576,0.717862310017333,-0.07465369794725608,0.12598427047372115,1.0910410069370715,-0.7923250788299186,0.19996079660552551,-0.935764153647171,0.4781076148914266,0.16332141583404533,0.0,0.0,0.0,0.0,0.0,0.0
2.3833,-5.052983911630472,-0.9628330102176229,1.0,-5.078744411468506,-0.9238205552101135,1.0117058753967285,-0.06901655498629415,-0.11456369533121369,0.005715154804925824,-0.990999144064591,0.6590362348448838,-1.1998756841578195,0.0,0.6330333948135376,-1.2226241827011108,-0.016002722084522247,1.7406164453518473,-0.629966395818142,-0.07820614230662841,2.6840356816298367,-1.1082933236127128,-0.24541727330825153,1.5112694374571232,-0.6672907614909673,0.13892321757803566,1.215100120373068,-0.755412663030376,0.18194138765916046,-0.9434192362779892,0.478326927794571,0.1672111310016231,0.0,0.0,0.0,0.0,0.0,0.0
2.4,-5.041827886132378,-0.9828711080765435,1.0,-5.065853118896484,-0.9482535123825073,1.0117758512496948,-0.06432085868986204,-0.11864895774723826,0.004728581374982831,-0.9908394918024317,0.6819168931053029,-1.2084818148333105,0.0,0.6591657400131226,-1.2429969310760498,-0.011626611463725567,1.741848471010897,-0.5108289268280704,-0.105204713547339,2.6915626966568165,-0.9858003863149656,-0.27711644151920634,1.5699409877392,-1.2239243153431878,0.26290160251589895,1.3198556300415216,-0.8937258660386334,0.2058423228393077,-0.9497142256459195,0.4749714594868952,0.17191172797186732,0.0,0.0,0.0,0.0,0.0,0.0
2.4166,-5.0302773636395015,-1.0030654240261374,1.0,-5.059219837188721,-0.9605913758277893,1.011836051940918,-0.06432085868986204,-0.11864895774723826,0.004728581374982831,-0.9908394918024317,0.705298862893135,-1.2166331605433471,0.0,0.6710842847824097,-1.2491779327392578,-0.010388806462287903,1.8645919071525898,-0.5343013119377888,-0.11332617303755115,2.824706466835891,-1.0077765663920029,-0.2895452249088098,0.7167641660931406,-0.3717165634319798,0.07443981516331154,1.1418120068491033,-0.7396191788576142,0.16704990085734722,-0.9601145596833015,0.473475254454214,0.17621905187125866,0.0,0.0,0.0,0.0,0.0,0.0
2.4333,-5.0183120605586184,-1.0234274095111942,1.0,-5.045650959014893,-0.9854040741920471,1.0120611190795898,-0.05945352462122537,-0.12257808189459816,0.003534434716123625,-0.9906702722056604,0.7292029921804637,-1.22431574962173,0.0,0.6913734674453735,-1.2542569637298584,-0.005288820713758469,1.907479192064049,-0.49872281271228175,-0.14545389723174823,2.878606463974243,-0.9725220144388658,-0.32712184735393146,1.2160300653034395,-0.3044111973249882,0.3056671185750418,1.1637225342291555,-0.6111378281732015,0.20797223711084623,-0.971127271910194,0.473799201726584,0.18166795012218323,0.0,0.0,0.0,0.0,0.0,0.0
2.45,-5.0059673265290785,-1.0438752228189097,1.0,-5.0316548347473145,-1.0103012323379517,1.012335181236267,-0.0570539991683789,-0.12520290332615963,0.0031894206142134853,-0.9904842360163334,0.7535393359637323,-1.231481941813993,0.0,0.7157543897628784,-1.262441635131836,-0.002986699342727661,1.9278624647748175,-0.44019764434788855,-0.16104876144494712,2.9092349704015072,-0.9142703102261348,-0.34815326456758455,1.4605375914076781,-0.49030221663619744,0.13790843342950182,1.2513477641605348,-0.5754649470684522,0.18728812166938386,-0.98137250562669,0.47407266587824626,0.1871045031226374,0.0,0.0,0.0,0.0,0.0,0.0
2.4666,-4.993196331478838,-1.0644652098902077,1.0,-5.024473190307617,-1.0227999687194824,1.012473464012146,-0.0570539991683789,-0.12520290332615963,0.0031894206142134853,-0.9904842360163334,0.7783807245862027,-1.2381347695704739,0.0,0.7300506234169006,-1.2682963609695435,-0.005111721344292164,2.0478478419997885,-0.4541525787914984,-0.1494049864108024,3.042604540452806,-0.9289349099109345,-0.3404609951822081,0.8595084857519638,-0.35199386503067487,-0.1277591348152342,1.1356696473120167,-0.509492199146851,0.09428041326289671,-0.9947566984530176,0.4747823311194361,0.19105600877140572,0.0,0.0,0.0,0.0,0.0,0.0
2.4833,-4.9799905464859755,-1.0851874325284796,1.0,-5.009642601013184,-1.0480506420135498,1.0127692222595215,-0.05313244564868276,-0.12858769565664527,0.002955674192372048,-0.9902693713826248,0.803722346626421,-1.2442513651174962,0.0,0.759797990322113,-1.278781771659851,-0.0011872918112203479,2.041754432716058,-0.3726674609266624,-0.17485676237596864,3.047327240120561,-0.8469135286878364,-0.37091193870755196,1.7816324199283176,-0.62799331724522,0.23504234536535606,1.3263696644057261,-0.5444758951196929,0.13583590840290433,-1.0055728074045025,0.47424606776117395,0.19605517633158331,0.0,0.0,0.0,0.0,0.0,0.0
2.5,-4.9664060612427186,-1.1059343737553002,1.0,-4.994210720062256,-1.0734479427337646,1.0131412744522095,-0.05109580192733705,-0.1317329911546458,0.0029494786056409638,-0.9899630902344961,0.8294372834369561,-1.2497842090274522,0.0,0.7873834371566772,-1.278095006942749,0.0031357172410935163,2.0492747523575754,-0.3529098944143202,-0.2030926936124206,3.064591361811008,-0.8292294691761555,-0.405166113872395,1.656739980239701,0.041246044360439306,0.25963334851377134,1.4239010200001387,-0.37156007302266714,0.1723831754376301,-1.0153166094534325,0.4763195747618353,0.2020734202599744,0.0,0.0,0.0,0.0,0.0,0.0
2.5166,-4.9523667207026865,-1.126802653668445,1.0,-4.9862823486328125,-1.0861753225326538,1.0133423805236816,-0.04870784841858485,-0.1356081383599534,0.0028674608384387516,-0.9895604192438231,0.8556498784916725,-1.2547426820392928,0.0,0.8030688166618347,-1.280130386352539,0.0031666255090385675,2.1707193602131674,-0.3761705688600482,-0.20472790383719713,3.1993023611274687,-0.8552841004815321,-0.4121681372919503,0.94221542736022,-0.12226455087076077,0.0018566491732785288,1.2816986290199561,-0.2979634783718595,0.1220406280771507,-1.0285830009143015,0.4791135316214839,0.20744023345475315,0.0,0.0,0.0,0.0,0.0,0.0
2.5333,-4.937881568944817,-1.1477560568826746,1.0,-4.969938278198242,-1.1117396354675293,1.0136809349060059,-0.04870784841858485,-0.1356081383599534,0.0028674608384387516,-0.9895604192438231,0.882321049354016,-1.259098025197106,0.0,0.8345398306846619,-1.2873594760894775,4.099641228094697e-05,2.159884434504018,-0.2995567226471199,-0.1881230688920414,3.1993014233914834,-0.7802608253144709,-0.39937191401750716,1.887695563881818,-0.4336155364242199,-0.1874816037389079,1.460600000330926,-0.3380104452962955,0.03066400793674122,-1.0394169888874654,0.480704102667351,0.21124884512546577,0.0,0.0,0.0,0.0,0.0,0.0
2.55,-4.92295311168007,-1.168769950541156,1.0,-4.952946186065674,-1.137528896331787,1.0139859914779663,-0.0444237793181344,-0.14053705424262056,0.0025567542712164075,-0.9890750561363716,0.9094246598228672,-1.2628264277454482,0.0,0.8656291961669922,-1.2943860292434692,0.00010974555334541947,2.152373562459105,-0.21825768428900702,-0.19052792618289688,3.2010331520371205,-0.6993445134871447,-0.40554238309533713,1.8618480231877437,-0.42079900623955907,0.004117178025376319,1.579055750509371,-0.3624511416588734,0.0228268985358746,-1.0486595895780157,0.48108682919813767,0.21501445691244025,0.0,0.0,0.0,0.0,0.0,0.0
2.5666,-4.907582556201769,-1.1898228124371237,1.0,-4.944223403930664,-1.150456190109253,1.014151930809021,-0.0444237793181344,-0.14053705424262056,0.0025567542712164075,-0.9890750561363716,0.9369373457895658,-1.2659062488977837,0.0,0.8784595131874084,-1.2891197204589844,0.0014538896502926946,2.299972106208997,-0.27024251469814137,-0.19989266591865545,3.363163530361353,-0.7547541740494556,-0.4191106764572158,0.7723609616074633,0.31702188733405096,0.08091494743311581,1.3409047044205613,-0.16185828439737235,0.03997555227760353,-1.0631914241523561,0.4845116593513142,0.2192180105385603,0.0,0.0,0.0,0.0,0.0,0.0
2.5833,-4.891712880967775,-1.2109707282016622,1.0,-4.92635440826416,-1.176306128501892,1.0144158601760864,-0.04282659288367768,-0.14367848013309215,0.002687283061054666,-0.9886937535978936,0.9649380582016074,-1.2683249072885587,0.0,0.9064157605171204,-1.2912653684616089,-0.004917512182146311,2.315944004367402,-0.20822723824018907,-0.16346515861950367,3.392863391793017,-0.6959410194535215,-0.3845130146851473,1.674836811358215,-0.12854408592935396,-0.3817056775564733,1.4394875658495976,-0.15202332410765917,-0.08451245406950642,-1.0769193874256149,0.4877137812133324,0.22104785606564364,0.0,0.0,0.0,0.0,0.0,0.0
2.6,-4.8754034550556185,-1.232113612374614,1.0,-4.907896041870117,-1.2022913694381714,1.0145690441131592,-0.041395227956331014,-0.14722776634495977,0.0028766909982626382,-0.9882318241382142,0.9932991951163307,-1.2700508850594967,0.0,0.9367959499359131,-1.296168327331543,-0.007960081100463867,2.3180608958819353,-0.12355150947408118,-0.14646169511810742,3.4073823902149774,-0.6129708832266103,-0.3686615688781576,1.8213280066321718,-0.2939381378462594,-0.18240557709006316,1.552213843076659,-0.19391917097850825,-0.1134122932317016,-1.089321494333042,0.48941937375252914,0.22219987376005018,0.0,0.0,0.0,0.0,0.0,0.0
2.6166,-4.858612143628475,-1.2532869526703967,1.0,-4.898406505584717,-1.2153452634811401,1.0146360397338867,-0.039120931327122535,-0.14942579825178778,0.002826789129625756,-0.9879947059684918,1.0220720091699442,-1.2710687219401526,0.0,0.9575682878494263,-1.3006619215011597,-0.005418210290372372,2.4269840105660387,-0.10075968064233082,-0.16253499093831353,3.5311875874152108,-0.5904921340682675,-0.38729723173848185,1.2483236381350833,-0.27004470298306443,0.15275494893902056,1.462499900209254,-0.21639281941452998,-0.03483485845762017,-1.104203576849172,0.4897324534259367,0.2247622408001683,0.0,0.0,0.0,0.0,0.0,0.0
2.6333,-4.841328079184533,-1.2744833275948804,1.0,-4.878870964050293,-1.24149751663208,1.014894962310791,-0.0372900880328775,-0.15222178330350805,0.0028652692023162043,-0.9876385229517263,1.0512512341793268,-1.2713568003873037,0.0,0.9899048805236816,-1.2964495420455933,0.0020107747986912727,2.4204249468677173,-0.059093558301162516,-0.2089002399064998,3.537786778680796,-0.5511287777982277,-0.43902254290665893,1.9393096644122567,0.2526273646281654,0.4455355802364986,1.6032628575166572,-0.0779294885448965,0.10697927503996923,-1.117361831813079,0.4920352194970652,0.23012230300015912,0.0,0.0,0.0,0.0,0.0,0.0
2.65,-4.823544802719866,-1.295689482131149,1.0,-4.868873596191406,-1.254555344581604,1.0150306224822998,-0.0372900880328775,-0.15222178330350805,0.0028652692023162043,-0.9876385229517263,1.080823366372506,-1.2708930999320593,0.0,1.0057767629623413,-1.2966481447219849,-0.002102895174175501,2.5645408742660636,-0.05083992400026168,-0.18539800706379767,3.699664417702315,-0.5447442498812624,-0.41899988957416046,0.9514291839359725,-0.011905102186651422,-0.2465911450889667,1.4108296431525713,-0.058437882927868286,0.0025988246165997986,-1.1351235434362514,0.4939043258810007,0.2336018825103628,0.0,0.0,0.0,0.0,0.0,0.0
2.6666,-4.805309634752014,-1.3168306282596707,1.0,-4.848336696624756,-1.2807213068008423,1.0152184963226318,-0.035624412969590576,-0.15603739018275992,0.0029322826914485096,-0.9871041852063052,1.1106869726766273,-1.2696604751465277,0.0,1.0429823398590088,-1.2964558601379395,-0.002554633654654026,2.5310210342883357,0.026756143269878345,-0.18413350243510423,3.680354917540651,-0.46880754264173635,-0.42107307655293147,2.235534703817778,0.011553613637991548,-0.027143163321037174,1.6542976506495637,-0.03777511386849394,-0.006181553833285408,-1.1493338832523152,0.4955636859116147,0.23693957411782723,0.0,0.0,0.0,0.0,0.0,0.0
2.6833,-4.786536207303868,-1.3379873334133734,1.0,-4.827002048492432,-1.3069146871566772,1.0154480934143066,-0.032787466449473786,-0.15946007253005687,0.0025814101775953097,-0.9866563749408769,1.1409593867794177,-1.2676334051563234,0.0,1.0830022096633911,-1.2992182970046997,0.0013725326862186193,2.4808660637742,0.12830968235682771,-0.2093596870788747,3.6407886719403115,-0.36726399895317574,-0.4510822806287843,2.399958536480748,-0.16566105717676327,0.2355089216938205,1.8744303730016334,-0.07552938177491766,0.06516989205225529,-1.1599226081661116,0.49557368131000346,0.24172259354990958,0.0,0.0,0.0,0.0,0.0,0.0
2.7,-4.767265499767946,-1.3590923269560162,1.0,-4.816046237945557,-1.3200352191925049,1.015580415725708,-0.03023672864088236,-0.16248293933566732,0.001718200573243678,-0.9862464968391085,1.1715487816656225,-1.2647949477304117,0.0,1.0999897718429565,-1.2983611822128296,0.00022879778407514095,2.624354258378564,0.14896401981442037,-0.20367883769360334,3.800227204440265,-0.3461622699133098,-0.4495364191716823,1.0180750435801447,0.05136741634041094,-0.06854473573286086,1.6216186276783922,-0.03806712760860152,0.025694889954189882,-1.175872946061701,0.49512628972773015,0.24585758147807896,0.0,0.0,0.0,0.0,0.0,0.0
2.7166,-4.747490615647161,-1.3801343838965112,1.0,-4.793642044067383,-1.3463020324707031,1.0158265829086304,-0.02918940579716696,-0.1660145449445846,0.000888076244973137,-0.9856908327883409,1.2024417150506332,-1.2611258140562216,0.0,1.134008526802063,-1.2967242002487183,0.0006233853055164218,2.6116855087364574,0.23723738230186875,-0.2078039057666547,3.801999377084534,-0.25728121383072095,-0.45786007198824774,2.0444027337985187,0.09837662802859885,0.023713266653263936,1.7464322232630214,0.0022135629131720437,0.025109878536536036,-1.1903138683480767,0.4945185961325897,0.25005616622159305,0.0,0.0,0.0,0.0,0.0,0.0
2.7333,-4.727196189475576,-1.4011106440058174,1.0,-4.770522117614746,-1.3725321292877197,1.0161021947860718,-0.026868626462407036,-0.16860167128850911,-8.383008168811038e-05,-0.9853180017664135,1.233637011775482,-1.2566045729038753,0.0,1.1690630912780762,-1.297104001045227,0.00630275160074234,2.592519630648697,0.3441460923947388,-0.24379473332079898,3.7958055699540347,-0.14841745054812344,-0.49999037243457256,2.103938010674985,-0.0227952434783853,0.34086957871773177,1.8519744660372162,-0.005169493833344406,0.11832791334397877,-1.2032859393053374,0.49256354294286225,0.2561956391137736,0.0,0.0,0.0,0.0,0.0,0.0
2.75,-4.706366356160905,-1.4220174655251945,1.0,-4.758701324462891,-1.38564932346344,1.0162686109542847,-0.026868626462407036,-0.16860167128850911,-8.383008168811038e-05,-0.9853180017664135,1.2651327337526008,-1.2512083402368073,0.0,1.1887426376342773,-1.2951226234436035,0.005172097124159336,2.725612093327916,0.3779899319299144,-0.23838536775396507,3.9461956167835304,-0.1118929950304644,-0.4998605035806026,1.1803517803517805,0.11884026884026884,-0.0678150807057057,1.6536991736051343,0.03144045470264047,0.06337509926248618,-1.2205835234556142,0.48988292696037883,0.2614751358266375,0.0,0.0,0.0,0.0,0.0,0.0
2.7666,-4.685009824761673,-1.442826318485229,1.0,-4.734452247619629,-1.4119021892547607,1.0166044235229492,-0.022768554697486936,-0.17028546422829968,-0.0011061861860168305,-0.9851310804932677,1.2968891278924908,-1.2449205845118403,0.0,1.2262747287750244,-1.2933940887451172,0.006028180010616779,2.6924114399572403,0.4861046462824148,-0.24575464570047417,3.9277446741204907,-0.0003071177248932244,-0.5125869185819742,2.250961607206692,0.10366769142775434,0.05134298813183671,1.8300219604987722,0.0527632551208809,0.059823000139196295,-1.2353332341632506,0.486411764007308,0.2668322728815001,0.0,0.0,0.0,0.0,0.0,0.0
2.7833,-4.6631040708025235,-1.4635393032513986,1.0,-4.709447383880615,-1.4380881786346436,1.0168617963790894,-0.019433142668387866,-0.17319102054943614,-0.001835832427437475,-0.98469486061118,1.3289125748139003,-1.2377160876002322,0.0,1.2657536268234253,-1.2889426946640015,-5.376379704102874e-05,2.6468173017215753,0.5847877317114375,-0.21111271855194674,3.894269231055345,0.10206890535119312,-0.4809446220261769,2.3653186869696885,0.26669856869411196,-0.36439049853204547,1.988051338066086,0.11592086990125577,-0.065412578252317,-1.2474519293337698,0.4827188263602444,0.26983190347423014,0.0,0.0,0.0,0.0,0.0,0.0
2.8001,-4.640600466275358,-1.4841800395579683,1.0,-4.696634769439697,-1.4511566162109375,1.0169413089752197,-0.016374709190990277,-0.17619873029465086,-0.002726901098654752,-0.9842147237129438,1.3612443391281408,-1.229557565194975,0.0,1.2892628908157349,-1.2905470132827759,-0.002836486790329218,2.761737868885731,0.6614304145246087,-0.1953812949198141,4.0248981212435435,0.18528075268198574,-0.46755026435566527,1.40398963435471,-0.09581102631279188,-0.1661861570458,1.8156256479130408,0.053413744198384516,-0.09516278060635668,-1.263160252357813,0.476149661842623,0.27216896943585117,0.0,0.0,0.0,0.0,0.0,0.0
2.8166,-4.617761901359636,-1.504494457060257,1.0,-4.670321941375732,-1.477286696434021,1.0170469284057617,-0.012383313074955521,-0.17929589672582996,-0.0038227613067865064,-0.9837098466146318,1.393484890579655,-1.220530451480836,0.0,1.3319708108901978,-1.2840375900268555,-0.005861442536115646,2.6935664850604715,0.7622068543381361,-0.17832425451457995,3.968655394258403,0.29217886628545636,-0.45218248128506,2.5789685853321433,0.39307927092631517,-0.18266555305904286,2.0409784350784594,0.153689215942382,-0.12099519837075637,-1.2750889091979312,0.4700279880526797,0.27385822677048005,0.0,0.0,0.0,0.0,0.0,0.0
2.8333,-4.594284258137272,-1.5247387511105146,1.0,-4.643232345581055,-1.5032156705856323,1.0170451402664185,-0.008139446799628386,-0.18155437248177866,-0.0047090673841221195,-0.9833359619214916,1.4260401196790098,-1.2105032924679404,0.0,1.3689327239990234,-1.2729543447494507,-0.011938247829675674,2.6596586748516686,0.8422643992907372,-0.142422189574761,3.9457854456339154,0.377035334263329,-0.4163455148323327,2.219526686519299,0.6655380254266408,-0.3649062070495934,2.093689142328527,0.30479633984474125,-0.19300218622859555,-1.2861267707822466,0.46522906502740813,0.2739233252575717,0.0,0.0,0.0,0.0,0.0,0.0
2.85,-4.570228378877063,-1.544836517400902,1.0,-4.629395484924316,-1.5161001682281494,1.016974687576294,-0.008139446799628386,-0.18155437248177866,-0.0047090673841221195,-0.9833359619214916,1.4587929743861114,-1.1994798246284892,0.0,1.3901562690734863,-1.266836166381836,-0.017674200236797333,2.789239839781178,0.8945734110166196,-0.10822042258077319,4.091180362928231,0.43546597974480106,-0.38099898593120424,1.272540134090032,0.3668391634383086,-0.34392132038654527,1.8512709465038288,0.32311251536042096,-0.23755627306416027,-1.3019405231470533,0.4591074312718185,0.27277856335043105,0.0,0.0,0.0,0.0,0.0,0.0
2.8666,-4.5456525566154005,-1.5647203290676315,1.0,-4.601073741912842,-1.541722297668457,1.016667127609253,-0.00415816592723625,-0.18296920530779695,-0.005470745230410995,-0.9830947133606154,1.4916357570697074,-1.1874709235994843,0.0,1.435817837715149,-1.2613862752914429,-0.025959540158510208,2.701313110142789,1.0225680177189709,-0.05752588339056958,4.014460621167031,0.5710389718594715,-0.3272161369241096,2.7410298979548022,0.32715289605129455,-0.4973627738976113,2.1139440515865715,0.3243053095886301,-0.3142559007367065,-1.3131475110242425,0.4515290458594994,0.26969025353354004,0.0,0.0,0.0,0.0,0.0,0.0
2.8833,-4.520498194260656,-1.5844191862655783,1.0,-4.586552619934082,-1.554492473602295,1.0164726972579956,0.0002599617616152325,-0.18459805456219747,-0.006486147104735436,-0.9827926890441863,1.5246182935246515,-1.1744328081316837,0.0,1.4605530500411987,-1.2561298608779907,-0.02799883857369423,2.8102863483303815,1.0954586956041197,-0.0448674782513922,4.138368296809477,0.653340918334012,-0.3120424751129027,1.4829050055744546,0.3151282124581916,-0.12225833309510878,1.9276497913555881,0.32159606278086583,-0.25757470952361505,-1.3280819484790956,0.44211777727010765,0.26717499686151047,0.0,0.0,0.0,0.0,0.0,0.0
2.9,-4.494818680466025,-1.6038729129234102,1.0,-4.556823253631592,-1.5798014402389526,1.0160495042800903,0.004685812860456353,-0.18591351038778312,-0.007191348174019734,-0.9825286811851139,1.557641726755256,-1.160378367640286,0.0,1.5052380561828613,-1.2369779348373413,-0.029511068016290665,2.7246857489879868,1.1559286515288043,-0.03421373191209115,4.06386354734957,0.7200020460417966,-0.2993812765282808,2.678038151032364,1.147803100664428,-0.09063013502893477,2.14917815039352,0.5655074814051816,-0.20828961979484797,-1.3391777983615827,0.4359266054870077,0.26516754461618963,0.0,0.0,0.0,0.0,0.0,0.0
2.9166,-4.468589999548845,-1.6230826882677392,1.0,-4.526157379150391,-1.6047601699829102,1.0155858993530273,0.008030302267053448,-0.1867958651980708,-0.0076323727968377105,-0.9823363229685103,1.5907090065969618,-1.1452815378650938,0.0,1.5570330619812012,-1.2236099243164062,-0.030202459543943405,2.5929888144280477,1.2577730428132974,-0.02826601062538886,3.937537860630144,0.8282038295493188,-0.29200369820198346,3.112958000773783,0.8034376029919612,-0.04155367403671171,2.433703577760928,0.6357488020774779,-0.159066121082331,-1.3445490462020964,0.4295692132639786,0.2637376875765946,0.0,0.0,0.0,0.0,0.0,0.0
2.9333,-4.441759068157048,-1.6420676692149896,1.0,-4.510416030883789,-1.6171207427978516,1.0153647661209106,0.008030302267053448,-0.1867958651980708,-0.0076323727968377105,-0.9823363229685103,1.6238559779189616,-1.1290961529352554,0.0,1.5849714279174805,-1.2115586996078491,-0.02629563771188259,2.680991791589809,1.313002134921212,-0.05111429103892989,4.034679666600153,0.8909880751924801,-0.3154130160876493,1.6735026134643398,0.7218659849761504,0.23401785778041187,2.2092783584888487,0.6611721684803493,-0.043020545909665586,-1.3536878750103447,0.4220140597287318,0.26429872504871943,0.0,0.0,0.0,0.0,0.0,0.0
2.95,-4.4144558480382114,-1.6607191703516373,1.0,-4.478237628936768,-1.641422986984253,1.0150200128555298,0.014901713714027051,-0.18906505152189734,-0.008172863982141445,-0.9818174952633412,1.6568936718176523,-1.1118886775683492,0.0,1.6256623268127441,-1.1835899353027344,-0.022392233833670616,2.6101248601339395,1.3409039495931838,-0.07331094852368553,3.9715198991274026,0.9219390966159045,-0.33968364266478135,2.444708646078038,1.6803629748467312,0.23451645132641952,2.2787816824742135,0.9620559228314212,0.03891344837098652,-1.361395038993463,0.41896485297727937,0.2663726941410958,0.0,0.0,0.0,0.0,0.0,0.0
2.9666,-4.386582898141334,-1.679088325689503,1.0,-4.445261478424072,-1.665225863456726,1.0146781206130981,0.0198861001176906,-0.19041615831296713,-0.008052492582794316,-0.9814690251198531,1.6899125555122336,-1.0935875463370155,0.0,1.668821096420288,-1.161271333694458,-0.023029981181025505,2.521271547640683,1.4090312502103544,-0.068263916495157,3.888100262359778,0.9921772179227408,-0.33627583210068035,2.5914192458556418,1.3400950554012654,-0.03829281429839379,2.371078005433351,1.0736599843954808,0.01612074848959913,-1.3668287147190947,0.4168540322876136,0.26801191560552334,0.0,0.0,0.0,0.0,0.0,0.0
2.9833,-4.358112070895222,-1.69717378174005,1.0,-4.428414821624756,-1.6769570112228394,1.0145106315612793,0.023978580181522668,-0.1892889829963918,-0.00819216723875941,-0.9815944541410215,1.7229134370119907,-1.0741595966329813,0.0,1.6957732439041138,-1.1502453088760376,-0.02120392955839634,2.6114806699322863,1.4933988762059678,-0.07886706328118182,3.987412460845718,1.0824208889312952,-0.3490603277923808,1.6151433755768598,0.6607492391878956,0.10942857831721221,2.1479122860661324,0.9517611854130893,0.04366692529330818,-1.3759317909134314,0.4109779872746727,0.27019326451119896,0.0,0.0,0.0,0.0,0.0,0.0
3.0,-4.329132501548102,-1.714901249127,1.0,-4.393970012664795,-1.700081467628479,1.0142786502838135,0.03047592254289389,-0.1881075383440026,-0.008442266637823052,-0.9816392140941401,1.7557624514677366,-1.0536537918571467,0.0,1.7437595129013062,-1.1290339231491089,-0.015863928943872452,2.487098902153666,1.5824798971802845,-0.11022296534754789,3.867732121314088,1.176861226029752,-0.38428087346568424,2.8800852854056065,1.2730850135226022,0.3205012082695362,2.364063137800319,1.046621852483602,0.1253934654805549,-1.3806332191604216,0.4056186711505324,0.27405790811813635,0.0,0.0,0.0,0.0,0.0,0.0
3.0166,-4.299613984545948,-1.7322736163493841,1.0,-4.358564376831055,-1.7227483987808228,1.0141093730926514,0.0332395230098896,-0.18841720177672425,-0.008542660430976028,-0.9814892556071383,1.788465195132872,-1.032039513305119,0.0,1.7933305501937866,-1.1052230596542358,-0.01190454512834549,2.348137032133414,1.6627202544040869,-0.1336028713348742,3.729128988634398,1.2617056415179837,-0.4123844558019286,2.9763087450076586,1.429634825429091,0.2377264894713486,2.5448092313981,1.159694282636172,0.15855622733518726,-1.380991956500984,0.40101461288610313,0.2787815844670544,0.0,0.0,0.0,0.0,0.0,0.0
3.0333,-4.269442706011291,-1.7493372572953179,1.0,-4.322210311889648,-1.7449480295181274,1.0141369104385376,0.03782285580819167,-0.18762333427488517,-0.009154843405596769,-0.9814699102036718,1.8211131692854814,-1.0092192751411087,0.0,1.8403722047805786,-1.0842797756195068,-0.0005843390827067196,2.220367061022543,1.7674236982629656,-0.20213451399861698,3.5988584879479646,1.3720103192635287,-0.488965199686022,2.813606936086473,1.2526381085474716,0.677072490917019,2.624163226785804,1.1871329988306853,0.3116317055518809,-1.3784914269254218,0.39541337899943696,0.286830685687405,0.0,0.0,0.0,0.0,0.0,0.0
3.05,-4.23890055630462,-1.765917819540557,1.0,-4.30372953414917,-1.755872368812561,1.014198899269104,0.03782285580819167,-0.18762333427488517,-0.009154843405596769,-0.9814699102036718,1.8533728156984075,-0.985398498414739,0.0,1.856531023979187,-1.0708246231079102,-7.726733747404069e-05,2.364969146193327,1.869046512439313,-0.2059589458007895,3.7491038658845826,1.4831581793954836,-0.4997226176644474,0.9720748113938211,0.8094288746737042,0.030504188768486363,2.1364365304321886,1.075627837873236,0.2286377242749597,-1.3841347196912555,0.38588833304382947,0.2937636718636579,0.0,0.0,0.0,0.0,0.0,0.0
3.0666,-4.2077701350231465,-1.7821204734697533,1.0,-4.266208171844482,-1.7773245573043823,1.014356255531311,0.041073705454109696,-0.18698765443221962,-0.009988550215990764,-0.9814524192615398,1.8854473045579951,-0.9604023856508868,0.0,1.8939357995986938,-1.043984293937683,0.0021220892667770386,2.2864788506305715,1.952498778791054,-0.22041992209467937,3.6752103833768768,1.5747066130765905,-0.5209681091865626,2.246570438468368,1.6120585960993212,0.13209568695244034,2.1689500730625655,1.2339920023419988,0.20013675030536263,-1.388731532746305,0.37779216571446333,0.30054818709188313,0.0,0.0,0.0,0.0,0.0,0.0
3.0833,-4.176035626127921,-1.797932585431017,1.0,-4.247186183929443,-1.787856101989746,1.0144370794296265,0.04614743790826027,-0.18501367517207554,-0.01145011862865156,-0.9815850975406522,1.9173169097723108,-0.9342051716223709,0.0,1.91277015209198,-1.0339794158935547,0.002227284712716937,2.411713082076698,2.0918752743178715,-0.22193723457543685,3.810458339491933,1.7276647051178584,-0.5285100378464822,1.1282223396506663,0.5993158999700081,0.0063014564573544325,1.8617082242053793,1.0466240165970984,0.1429130287270047,-1.398745257415235,0.36421056920001305,0.3065728032710454,0.0,0.0,0.0,0.0,0.0,0.0
3.1,-4.143827541012782,-1.8132719269398954,1.0,-4.208515167236328,-1.808535099029541,1.0146509408950806,0.05109711111381903,-0.18091473610370917,-0.01376996546438816,-0.9820740852770755,1.9488184767118266,-0.9069057313754606,0.0,1.959823489189148,-1.0038188695907593,0.007057676557451487,2.2672675572405367,2.1702219123597573,-0.2524770755629379,3.670493366414207,1.8170544401156628,-0.5662332582597494,2.8242533522231286,1.8103078177993388,0.2899316223176849,2.1458691389636724,1.2720774329814546,0.18631560469478317,-1.4032258091736705,0.3531674722440946,0.31375618269681144,0.0,0.0,0.0,0.0,0.0,0.0
3.1166,-4.111123423596339,-1.8281353318869349,1.0,-4.168903827667236,-1.8285764455795288,1.0149836540222168,0.056033339474702806,-0.17877596266588747,-0.016524388455120637,-0.9821539535550037,1.9799455776362165,-0.8784799502830488,0.0,2.002920389175415,-0.9706248044967651,0.010953203774988651,2.139760132849075,2.236494190573635,-0.2780126375672171,3.544180742672844,1.89199375702275,-0.5996027554256922,2.5890386433298005,1.9941275888739294,0.23402310851965108,2.276700876705673,1.4852398363093018,0.20039973180020784,-1.4044206098237686,0.3445004335508849,0.32159011785847513,0.0,0.0,0.0,0.0,0.0,0.0
3.1333,-4.077847214466529,-1.8425400161045786,1.0,-4.148808002471924,-1.8383277654647827,1.015135407447815,0.056033339474702806,-0.17877596266588747,-0.016524388455120637,-0.9821539535550037,2.010737742239215,-0.8488536141158737,0.0,2.023083448410034,-0.9509678483009338,0.0068666343577206135,2.24619780833397,2.3421464071638276,-0.25475684049691155,3.656939364520272,2.009878216822765,-0.581952491969641,1.2089718664226898,1.1786260578682526,-0.2450296553797604,1.9614877573989336,1.3947218447645993,0.06890083534643895,-1.4107415561863024,0.33226819034106236,0.3271956514727295,0.0,0.0,0.0,0.0,0.0,0.0
3.15,-4.0440809492529,-1.8564330154785824,1.0,-4.108028411865234,-1.8573030233383179,1.0153743028640747,0.06135353616223296,-0.17978955222572596,-0.018829315306484413,-0.981609416272243,2.041085792565713,-0.818092029917589,0.0,2.0607693195343018,-0.9198994636535645,0.004522268194705248,2.1414607682819775,2.4348571283879723,-0.24239760420455697,3.5564799958388926,2.113860267765216,-0.5741385886731588,2.261122078219323,1.8640781907132435,-0.14066009176608588,2.0499452854866265,1.533284416773085,0.007034619402335213,-1.4150192275569151,0.3209968606227563,0.33174098446860184,0.0,0.0,0.0,0.0,0.0,0.0
3.1666,-4.009832443902556,-1.8697962192665072,1.0,-4.066560745239258,-1.8755898475646973,1.0155761241912842,0.06724494381927519,-0.1799204445321326,-0.02083103772966077,-0.9811589507553584,2.07095235247622,-0.7861975301996349,0.0,2.095534324645996,-0.8813486695289612,0.0037256982177495956,2.04789823865642,2.4886341270388277,-0.23914617525061205,3.46619245140407,2.1761330057961112,-0.5751753936691444,2.0871861670149725,2.3144735335375453,-0.047823661513054304,2.0609394743858975,1.7639057222657026,-0.009160547798902803,-1.4182942127476503,0.31250112124271634,0.33602921841853234,0.0,0.0,0.0,0.0,0.0,0.0
3.1833,-3.975026478028659,-1.8826415627942097,1.0,-4.045571327209473,-1.8844324350357056,1.01566743850708,0.07313825862121254,-0.1764958181614481,-0.022796513863117842,-0.981315652738122,2.1003692571707835,-0.7530933610768499,0.0,2.1112654209136963,-0.860414981842041,0.0010751379886642098,2.1688407762853674,2.6106319262291726,-0.2242223426348619,3.5959231449346656,2.3112865484465575,-0.5636876718858665,0.9425857142857142,1.254317857142857,-0.15881793387276785,1.7307810036366853,1.6134660704633579,-0.05334214353838105,-1.4270823686492982,0.2993453777826152,0.33946532925100464,0.0,0.0,0.0,0.0,0.0,0.0
3.2,-3.939795518797988,-1.8949041385056957,1.0,-4.003045082092285,-1.9015839099884033,1.0157626867294312,0.07825153535597847,-0.17395880968875907,-0.02408203488954864,-0.9813435118049876,2.1291923466046576,-0.7189005999484961,0.0,2.1513097286224365,-0.8278862237930298,-0.0026257180143147707,2.0323356551890894,2.713760481512508,-0.203018637115365,3.464101028454759,2.427386893669665,-0.5448694756735446,2.4037267080745344,1.952593239259238,-0.2221500863943491,1.9294468753860223,1.7135826091059494,-0.10317733366521012,-1.4317653732656694,0.2863735878428425,0.34185083855817955,0.0,0.0,0.0,0.0,0.0,0.0
3.2166,-3.904102563202145,-1.9065833559361096,1.0,-3.959873914718628,-1.9179097414016724,1.015771746635437,0.0832343465211789,-0.1735625239456354,-0.02465367259590192,-0.9809894361306476,2.157422793431947,-0.6835812530121791,0.0,2.180356025695801,-0.7811131477355957,-0.011025549843907356,1.95484241541417,2.7366874946336575,-0.15319021130047078,3.391542933251729,2.4587119676306446,-0.4949090417580513,1.744301586392532,2.8088382681404274,-0.5044305630002219,1.8747886020727231,2.0369220982438505,-0.22163462089117963,-1.4367005178375591,0.27797552700301276,0.3417188304575805,0.0,0.0,0.0,0.0,0.0,0.0
3.2333,-3.8678695946297097,-1.9176871808235798,1.0,-3.938056230545044,-1.9257525205612183,1.0157030820846558,0.0832343465211789,-0.1735625239456354,-0.02465367259590192,-0.9809894361306476,2.1850876862645188,-0.6470527993499456,0.0,2.199528932571411,-0.7609918713569641,-0.01738501526415348,2.040414910726575,2.8869047494991698,-0.11521419052293597,3.485282470614572,2.6237688026613957,-0.45549624969057895,1.148929178632149,1.2057598617004557,-0.38108855528409985,1.6605016333405958,1.791547814406257,-0.2687083367513523,-1.4448675598879965,0.26313594683777414,0.340282059167643,0.0,0.0,0.0,0.0,0.0,0.0
3.25,-3.8312479753585573,-1.9281534141964518,1.0,-3.893885612487793,-1.9408236742019653,1.0154955387115479,0.0889098648492582,-0.1727371806504928,-0.025434864433051232,-0.9806171530177509,2.21203897599312,-0.6094645886361152,0.0,2.2339303493499756,-0.7198436856269836,-0.01974462904036045,1.9180300431032988,2.9560897844677347,-0.1005349759664273,3.368390846513467,2.7056620305644157,-0.4396684832997242,2.065416547380475,2.470483824792442,-0.14166815774405955,1.7800399168180703,1.991982133959664,-0.2312037539250768,-1.4503608034101683,0.2504277539033191,0.3391335073332969,0.0,0.0,0.0,0.0,0.0,0.0
3.2666,-3.794151216704611,-1.9379924084034366,1.0,-3.849090099334717,-1.9550306797027588,1.015143632888794,0.09563089634074493,-0.17079728765408186,-0.026525962047301347,-0.9802955725636128,2.238309608934946,-0.5707263928489931,0.0,2.2675015926361084,-0.6765325665473938,-0.03151596337556839,1.7931940746735653,3.017541811973891,-0.02865234365971675,3.2467834320679994,2.7780052804694084,-0.36341697208691415,2.0138155918822673,2.5980749703236508,-0.7061191156805537,1.8490547689437928,2.170911817146906,-0.3714074490049334,-1.453589357394434,0.23953653150448254,0.3347646284271974,0.0,0.0,0.0,0.0,0.0,0.0
3.2833,-3.756624812399597,-1.9471758474008023,1.0,-3.8263909816741943,-1.9618173837661743,1.0149036645889282,0.10058823763855464,-0.16822375103462409,-0.027443035324049875,-0.9802192446209597,2.2638340100915997,-0.5308831154319084,0.0,2.2902700901031494,-0.6529115438461304,-0.029858579859137535,1.8391329173927178,3.1692041687713006,-0.03789369109752444,3.2974754608841006,2.946640361385246,-0.370397000437554,1.3658376120939946,1.4169789327650566,0.09942319416038559,1.706400232215611,1.9483370496308066,-0.23240963751154287,-1.4583425434913828,0.2225638073860546,0.3325033093400296,0.0,0.0,0.0,0.0,0.0,0.0
3.3,-3.7187023236566947,-1.9556810486795857,1.0,-3.780445098876953,-1.974602460861206,1.0145820379257202,0.10465399396625276,-0.16712715589082142,-0.02843479281635975,-0.9799528343915221,2.2885583148032556,-0.4899698163353049,0.0,2.3239800930023193,-0.600189208984375,-0.022162672132253647,1.6978172436381338,3.185308143468276,-0.08294689777865644,3.1583552051128856,2.9744950843458717,-0.41683942881257396,2.0233257012020607,3.1644748139668004,0.46192009963508873,1.7999624232817633,2.3073631456825328,-0.02743080845882978,-1.4605379614747518,0.21081305912240414,0.33389253103391753,0.0,0.0,0.0,0.0,0.0,0.0
3.3166,-3.6803449743565144,-1.9635013879500423,1.0,-3.733868360519409,-1.986357569694519,1.0142518281936646,0.11051294591576358,-0.1659867332929235,-0.02981560786727362,-0.9794623293685525,2.312475506216211,-0.44794388356920856,0.0,2.3593974113464355,-0.5526090264320374,-0.02543696016073227,1.5378152486078507,3.2364519163039294,-0.062125330941869394,2.997351016225795,3.0357115987685668,-0.3963075351045259,2.124372559955382,2.853915511890972,-0.19639566083201052,1.8957342250505615,2.46871539382589,-0.0773123211430617,-1.4595357676179443,0.2007403175353624,0.3341822041626565,0.0,0.0,0.0,0.0,0.0,0.0
3.3333,-3.6416194177824175,-1.970608071990471,1.0,-3.710315704345703,-1.9918718338012695,1.014091968536377,0.11051294591576358,-0.1659867332929235,-0.02981560786727362,-0.9794623293685525,2.3355118270478306,-0.4048781703071644,0.0,2.3768670558929443,-0.5249068140983582,-0.02250486984848976,1.5950180758518817,3.3844270193170023,-0.07938821901099574,3.05675147841281,3.1999373254271597,-0.4151762292150285,1.0483746351513763,1.6624434842328164,0.17595830889086017,1.6455781864543904,2.2306891894382463,-0.002542201990246913,-1.4617334025609283,0.18448969388984252,0.33578801020403276,0.0,0.0,0.0,0.0,0.0,0.0
3.35,-3.6025253792540846,-1.9769872015031287,1.0,-3.662771701812744,-2.0020134449005127,1.0138760805130005,0.11593102339060422,-0.16307940680414956,-0.031501102486072734,-0.9792716148790406,2.3576369677393245,-0.3607737153111057,0.0,2.4040780067443848,-0.4650536775588989,-0.01779918186366558,1.4676307057638338,3.3714848171122993,-0.10700523726349503,2.930655463986077,3.196988981980428,-0.4460388797327822,1.6333829464464609,3.5927848699086926,0.2824668107951456,1.6419779287049312,2.632804730086087,0.08159766785070435,-1.4630247582222429,0.17449583513187147,0.3390336424692872,0.0,0.0,0.0,0.0,0.0,0.0
3.3666,-3.563066608157711,-1.9826235042671105,1.0,-3.614617347717285,-2.0110507011413574,1.0136959552764893,0.12105639495380376,-0.1598936332094214,-0.03299166793050905,-0.9791276412445274,2.378817312502583,-0.3156360249336511,0.0,2.4378533363342285,-0.4124017357826233,-0.014546784572303295,1.2913914620713542,3.4050398912437028,-0.12607540215221208,2.7520049918741103,3.238695486563484,-0.4691350706114962,2.0270726611910828,3.1599783933835104,0.19519707765146094,1.7556649323233704,2.788436030934886,0.1151342899428687,-1.4606135298027558,0.16634440468021877,0.3430596684592841,0.0,0.0,0.0,0.0,0.0,0.0
3.3833,-3.523193907684542,-1.9875071017665582,1.0,-3.5903146266937256,-2.015133857727051,1.0136442184448242,0.1256226227170555,-0.1566157292380264,-0.03429910531816546,-0.9790373205481686,2.3990445169866605,-0.2694089092710674,0.0,2.4504847526550293,-0.37813544273376465,-0.014171598479151726,1.3553768781055662,3.5332672947461723,-0.12852328550151698,2.8174813473473894,3.3805354825123275,-0.475240795672669,0.75681389634878,2.0530719673161535,0.022479351626335638,1.4607858499531416,2.5713431187006233,0.08778085864648821,-1.4621044692418232,0.1527318122338449,0.34671751017115204,0.0,0.0,0.0,0.0,0.0,0.0
3.4,-3.48300023244668,-1.991610131256733,1.0,-3.5413382053375244,-2.0223724842071533,1.0135676860809326,0.13032349912458738,-0.15304858198201332,-0.03535429381748424,-0.9789494865158719,2.4182372709423623,-0.22220111042236457,0.0,2.479034185409546,-0.3226483166217804,-0.010953578166663647,1.1933615744546835,3.558412926846127,-0.14790248286148427,2.6544174924603356,3.416352032821772,-0.4990415626795722,1.7073744546154503,3.3183602104542733,0.19245095772022128,1.5335833130851984,2.7918762178291274,0.11868138500610498,-1.4610559180056522,0.1420608940243551,0.35113907981808795,0.0,0.0,0.0,0.0,0.0,0.0
3.4167,-3.4425329228638986,-1.9949146262183437,1.0,-3.516648292541504,-2.0255885124206543,1.0135838985443115,0.13432675035885483,-0.1501237421605941,-0.036347147127855355,-0.9788248582848251,2.4363437250366693,-0.17407220723469075,0.0,2.4925105571746826,-0.2946281433105469,-0.007189231924712658,1.2360223796832814,3.736250803676143,-0.1710217775629576,2.698619180037178,3.612629766969008,-0.5274235014808856,0.8097298226513481,1.683596324098215,0.22618130962954475,1.3198885324401983,2.464691736557728,0.15041732759027535,-1.4625968003538967,0.12362103670713526,0.35640172391792796,0.0,0.0,0.0,0.0,0.0,0.0
3.4333,-3.4018536505130115,-1.9974047746706658,1.0,-3.466980218887329,-2.03108811378479,1.0136728286743164,0.1408193304556166,-0.1451841680643375,-0.03791690650064357,-0.978597897505594,2.453310633471011,-0.12510165542315355,0.0,2.5099101066589355,-0.2302493005990982,-0.009959659539163113,1.1221293382404525,3.7148641365733983,-0.1552987494059312,2.5869124902481886,3.6031886458963522,-0.5153617405460491,1.0459789884049246,3.8701528930357885,-0.1665450634934285,1.239025428645386,2.8796095583377057,0.056844236446168185,-1.4647831520077363,0.11167549067704624,0.36006299114011786,0.0,0.0,0.0,0.0,0.0,0.0
3.45,-3.3608538344851686,-1.9990739883327109,1.0,-3.441999673843384,-2.033379077911377,1.013678789138794,0.1408193304556166,-0.1451841680643375,-0.03791690650064357,-0.978597897505594,2.469154103665165,-0.07516354873294867,0.0,2.519577741622925,-0.20228800177574158,-0.00856749340891838,1.1708247617335554,3.904279000463339,-0.16413774904744288,2.6403203916979026,3.812887655035286,-0.5281393981399312,0.5797517943438849,1.6767920205312974,0.0834858592655343,1.0443958018922552,2.52451583661863,0.06470933044605895,-1.469495629964347,0.09139134542805293,0.3640016490924883,0.0,0.0,0.0,0.0,0.0,0.0
3.4666,-3.319583905381266,-1.9999041153640384,1.0,-3.391829013824463,-2.037055015563965,1.013771653175354,0.1450189835344029,-0.14121815604027135,-0.03915438011977199,-0.9785161747663315,2.4838212884505833,-0.02432262663159579,0.0,2.5333621501922607,-0.13846905529499054,-0.006806070916354656,1.0607238932741887,3.8934075733815163,-0.17562896933590538,2.5354967017774794,3.816435840269154,-0.5439450681751057,0.8283094555873926,3.8349006088825215,0.10584443275429799,0.9806031629338927,2.911365372015145,0.07685316449637232,-1.4747728085032907,0.0769717331123625,0.36831609883920025,0.0,0.0,0.0,0.0,0.0,0.0
3.4833,-3.278041569914381,-1.9998794532041613,1.0,-3.3413197994232178,-2.039513111114502,1.0138856172561646,0.14838360415270066,-0.13862926924224084,-0.03991121107848206,-0.9783513384418052,2.497280251689942,0.027419829591764776,0.0,2.5559000968933105,-0.07907818257808685,-0.005198735743761063,0.8880864728864263,3.910946141359455,-0.18630603164980813,2.3647892176937706,3.845899131812679,-0.5592079928301498,1.3511763528772762,3.5605525142220062,0.0963616297954604,1.0900031417754756,3.103017281945567,0.08261242001962824,-1.4767027448073444,0.06504700954677557,0.37290196118034163,0.0,0.0,0.0,0.0,0.0,0.0
3.5,-3.236325881690382,-1.9989861446887252,1.0,-3.290470600128174,-2.040667772293091,1.0140914916992188,0.154878687047865,-0.1355225400862613,-0.04104032515008893,-0.9777330441741504,2.509469066731045,0.07993463620241364,0.0,2.5685086250305176,-0.011037006974220276,-0.0039850021712481976,0.7643157494543915,3.8770917525386306,-0.1950874607680521,2.2431277606359403,3.8192651141946627,-0.5726868675612056,0.7566098203044523,4.0830001001487926,0.07283346082930353,0.9915793396638672,3.3923261215648806,0.07972549253122123,-1.4788120111815488,0.057826638343967715,0.3775994067931535,0.0,0.0,0.0,0.0,0.0,0.0
3.5166,-3.1944238168904544,-1.997211473419883,1.0,-3.26495361328125,-2.040790319442749,1.0141890048980713,0.16074021456494653,-0.1330720623862877,-0.04172032240396369,-0.9770946037129075,2.5203641353076076,0.1332309717790337,0.0,2.5761163234710693,0.015348094515502453,-0.0039079198613762856,0.7885402713343299,4.09510554281878,-0.19651025696170338,2.270625491036241,4.055805886951532,-0.5785333124137602,0.4566844613645146,1.583877956788224,0.004627193551330309,0.8336685950215993,2.85843916931965,0.05755510205938447,-1.4820852197019108,0.03929965586724845,0.3820230554520568,0.0,0.0,0.0,0.0,0.0,0.0
3.5333,-3.1523277138147563,-1.9945407731838483,1.0,-3.2137632369995117,-2.040109872817993,1.0143752098083496,0.1642041797503599,-0.12993380804616653,-0.04237410431806471,-0.9769127822084315,2.5299373164790455,0.18731210334369203,0.0,2.581610918045044,0.08319778740406036,-0.009399831295013428,0.6878491647152509,4.0674432088833505,-0.16496910949799032,2.1749049475542903,4.041088483519702,-0.5492627097546109,0.32959112166240007,4.069937478100911,-0.3294301745312701,0.6848557115843483,3.216095613293735,-0.056690024733220025,-1.4870557828390394,0.026354725363648357,0.38429360025662057,0.0,0.0,0.0,0.0,0.0,0.0
3.55,-3.110093017106256,-1.990963419515335,1.0,-3.162447690963745,-2.0381669998168945,1.0143948793411255,0.16704069294819043,-0.12463983855221131,-0.043165158517765714,-0.9770870594270239,2.538146380542653,0.24209973751746236,0.0,2.5947675704956055,0.14265760779380798,-0.014974407851696014,0.530921602359827,4.090384224141401,-0.1320998335395575,2.0208109580188136,4.075921984074905,-0.5169608715318839,0.7893886075587218,3.567541591565817,-0.33447012774296914,0.7157157330812975,3.319848889651367,-0.13869578828163587,-1.4898893556589867,0.014462240066495253,0.3848610379923263,0.0,0.0,0.0,0.0,0.0,0.0
3.5666,-3.067725196681485,-1.986466313770094,1.0,-3.136704444885254,-2.0366976261138916,1.0144190788269043,0.16704069294819043,-0.12463983855221131,-0.043165158517765714,-0.9770870594270239,2.5449617679319663,0.2975789168947128,0.0,2.597515821456909,0.18284572660923004,-0.012875989079475403,0.5549198478934708,4.23782662112015,-0.145292040984275,2.0489275918025376,4.2414941774087005,-0.532068260936115,0.16487398804245215,2.410979024229768,0.12588903867608778,0.5530971819078647,3.0515338934637954,-0.060585511401106004,-1.4940077439090669,-0.003667556288550408,0.38677621995184003,0.0,0.0,0.0,0.0,0.0,0.0
3.5833,-3.025244068240917,-1.9810373994357597,1.0,-3.0851492881774902,-2.032691478729248,1.0144745111465454,0.1713738986885595,-0.1202509778983836,-0.043878325341418556,-0.9768548724385774,2.550351106342706,0.3537157323408322,0.0,2.602809429168701,0.25042638182640076,-0.01571643352508545,0.42453670624793294,4.214478136346823,-0.12900926072303948,1.9227910262376406,4.231760072789602,-0.5169603687950035,0.3174578209894195,4.052814019159279,-0.17034154275092936,0.48353213565435516,3.347130087517443,-0.09298749792701005,-1.4982543199897076,-0.017281936442779373,0.38795110807196403,0.0,0.0,0.0,0.0,0.0,0.0
3.6001,-2.9824964133302805,-1.9746370482830164,1.0,-3.0593080520629883,-2.0301923751831055,1.0145047903060913,0.17529066590677164,-0.11803127460888688,-0.044286812597186066,-0.976412077648122,2.5542956126881426,0.4107073850095093,0.0,2.602708101272583,0.2849475145339966,-0.013250061310827732,0.44583329421902335,4.404749481697023,-0.1444450866768125,1.9495629821192213,4.444156988812693,-0.534838274158516,-0.006045863207010356,2.0597491322408104,0.14715936673139296,0.338999762103746,2.9670716993490003,-0.022091754183336483,-1.503729687900198,-0.039407507115669455,0.3903931874817036,0.0,0.0,0.0,0.0,0.0,0.0
3.6166,-2.9401396110759412,-1.9673587625248796,1.0,-3.007596015930176,-2.0241241455078125,1.0145355463027954,0.1788924749944179,-0.11311713909915688,-0.04452372003266585,-0.9763297648529803,2.556720605815693,0.4676637983395542,0.0,2.603991985321045,0.35878467559814453,-0.019063858315348625,0.3174157747825136,4.342559859207684,-0.11019775370381696,1.8271020642342037,4.396944019463311,-0.5010587182267662,0.07748870406078223,4.4564350879212595,-0.3508911853001698,0.2617969179878207,3.4067589935704925,-0.11915935589732372,-1.50968628945169,-0.054384160255626965,0.3908609645229492,0.0,0.0,0.0,0.0,0.0,0.0
3.6333,-2.897498278566397,-1.9590794685879862,1.0,-2.955690383911133,-2.016622543334961,1.014666199684143,0.18323380058857042,-0.10719208245193478,-0.044901650823263035,-0.9761757181216729,2.557647747065568,0.5254802765896233,0.0,2.6077723503112793,0.4372999668121338,-0.008867324329912663,0.16313886225645874,4.252879218088983,-0.17251915332686169,1.6774743448577258,4.315435782595886,-0.5679656867083767,0.22679616094288615,4.7103829044669805,0.6117226164125413,0.25146405478004186,3.7916125991193628,0.09661036106091014,-1.5143354826012672,-0.06255656450690207,0.395446533381515,0.0,0.0,0.0,0.0,0.0,0.0
3.65,-2.85489334055178,-1.94984103498589,1.0,-2.9036834239959717,-2.0076041221618652,1.0149096250534058,0.18723189278516233,-0.10556700534047597,-0.044800498386836876,-0.9755986434718618,2.55703207310238,0.5837152792144381,0.0,2.6129324436187744,0.5089585185050964,-0.0036769977305084467,-0.01101359438475874,4.201321367846885,-0.20537489265264414,1.5056669964664127,4.269230051090788,-0.606847204774017,0.30981419450886083,4.302409888631224,0.31162941420005585,0.26869008252563104,3.9424092951066605,0.16008791556924795,-1.5166805908511714,-0.06790868324390348,0.4014723121213729,0.0,0.0,0.0,0.0,0.0,0.0
3.6666,-2.8123281219090295,-1.939632990882354,1.0,-2.877633810043335,-2.0025570392608643,1.0151047706604004,0.18723189278516233,-0.10556700534047597,-0.044800498386836876,-0.9755986434718618,2.55485070914379,0.6423528829561808,0.0,2.608430862426758,0.5479567050933838,0.0008229996310546994,-0.00818188178708723,4.370132867184292,-0.23385365017618825,1.5116495704551016,4.452716471223231,-0.6422960867295457,-0.27033489397649013,2.3419705625474276,0.2702397797000952,0.10956005740582618,3.4699305291549734,0.19260675916696401,-1.5198314522421887,-0.08258360403893891,0.40844243655335744,0.0,0.0,0.0,0.0,0.0,0.0
3.6833,-2.769709642847177,-1.9284170029095709,1.0,-2.8256466388702393,-1.9913491010665894,1.0155115127563477,0.19117768074275224,-0.10326523950275053,-0.04484723924183548,-0.9750774976900246,2.551068565944934,0.7015116849287164,0.0,2.6024246215820312,0.615999162197113,-0.0007921939250081778,-0.13713711077195023,4.339232143846756,-0.22671417380986897,1.386946275311053,4.433692524084313,-0.6407803549907838,-0.3597315436241611,4.075264172497501,-0.09673872330385191,-0.028983400719293645,3.6486360846860917,0.10718668421483087,-1.5240833860830034,-0.09446038023755689,0.41406618118091476,0.0,0.0,0.0,0.0,0.0,0.0
3.7,-2.727264900182691,-1.9162396784946443,1.0,-2.773650646209717,-1.9787720441818237,1.0160077810287476,0.19166960558768123,-0.09763175738770481,-0.04524738142159788,-0.9755427146038879,2.5456805000871467,0.7608654552366652,0.0,2.599412202835083,0.6931805610656738,0.006476827431470156,-0.2958543727176064,4.249637361326031,-0.2733427927827438,1.2314241297669806,4.35055611600153,-0.6952090978724867,-0.1808953856285882,4.634733775251622,0.4365038634667559,-0.07383059524353539,3.939750146391648,0.20440713464146504,-1.527278502484587,-0.10091875467549886,0.421866305089743,0.0,0.0,0.0,0.0,0.0,0.0
3.7166,-2.6848968393192174,-1.9030628212753544,1.0,-2.747669219970703,-1.9718601703643799,1.016304612159729,0.19216169111747017,-0.091021677474923,-0.04597327659350104,-0.9760509634500806,2.5386537717902984,0.820537263113535,0.0,2.5975770950317383,0.735944390296936,0.008716592565178871,-0.3427783468842194,4.398898280723804,-0.28880898692036,1.1856103016426949,4.514218462295679,-0.7184701658876118,-0.11011444921316166,2.56601573676681,0.13439564891809727,-0.0845422521153524,3.5341986401699677,0.18373846441744152,-1.5283886485269143,-0.11532018157187407,0.42966117896725187,0.0,0.0,0.0,0.0,0.0,0.0
3.7333,-2.642646376290491,-1.8888849126921357,1.0,-2.69569730758667,-1.9569882154464722,1.0169888734817505,0.19550810874238667,-0.08744848873159367,-0.04627332000805011,-0.9756988265307721,2.5299688837583285,0.8804582017866437,0.0,2.5922188758850098,0.8029894828796387,0.0139654241502285,-0.5103592984784624,4.366102200358857,-0.32428973220102536,1.0186699229057672,4.493596857710147,-0.7628989136833856,-0.3214060980493107,4.0216163262971225,0.3148446214818946,-0.15446878872602846,3.678093249916212,0.22244339828231116,-1.5290292213842296,-0.1274946573512896,0.4386091814823602,0.0,0.0,0.0,0.0,0.0,0.0
3.75,-2.6005774509208672,-1.8737150524665291,1.0,-2.6697771549224854,-1.949065923690796,1.0173643827438354,0.19550810874238667,-0.08744848873159367,-0.04627332000805011,-0.9756988265307721,2.5196161674575897,0.9405252736932167,0.0,2.5833804607391357,0.8393229246139526,0.012359308078885078,-0.5384003110054936,4.555156830733898,-0.31710990764845975,0.9911863397168026,4.703979130888254,-0.7632455929769811,-0.5298354938756843,2.1780768076378862,-0.09628166224791687,-0.26528390087022063,3.235260979528958,0.12834993490030977,-1.5295866507222962,-0.14882230015435674,0.4461356853285214,0.0,0.0,0.0,0.0,0.0,0.0
3.7666,-2.558700438640539,-1.8575454127230029,1.0,-2.618199586868286,-1.9320660829544067,1.0179765224456787,0.1979001742030467,-0.08350866455306803,-0.04657176184235567,-0.9755475614914665,2.5075770776768525,1.000710817094884,0.0,2.564344644546509,0.9154616594314575,0.0016458353493362665,-0.6456762490297692,4.462511555103863,-0.2564879665707895,0.8878716690022779,4.625940796551497,-0.705892585103,-1.1440976700197747,4.576118419167168,-0.6439051030785186,-0.5247257880864591,3.631106603300097,-0.09963386724171068,-1.533547918032047,-0.16342924144763363,0.44940461853221053,0.0,0.0,0.0,0.0,0.0,0.0
3.7833,-2.516983444308526,-1.840349171628325,1.0,-2.5668654441833496,-1.91361665725708,1.0185166597366333,0.19969361216923834,-0.07617487583614961,-0.047681699097890044,-0.9757286664995178,2.4938170297413342,1.0610486592742991,0.0,2.5542185306549072,0.9878647923469543,0.007950853556394577,-0.8174065133410968,4.3878407236335715,-0.297636575242409,0.7186489534808718,4.562081937679506,-0.753044890484684,-0.6069856514034185,4.340032441548048,0.37793921977273054,-0.5490104032464542,3.8403944681788986,0.04135443691130054,-1.5360554668219686,-0.17424121404593407,0.45540831524227504,0.0,0.0,0.0,0.0,0.0,0.0
3.8,-2.4754854850844286,-1.822134960614482,1.0,-2.541304111480713,-1.9038126468658447,1.0188311338424683,0.20249103021380796,-0.06909108115117354,-0.04911604064641287,-0.9756082951001708,2.4783285977391714,1.1214415758079714,0.0,2.5425374507904053,1.0259811878204346,0.0067197103053331375,-0.8628880799782872,4.564401237358843,-0.29245093050981724,0.6742037105441525,4.758538832724894,-0.7533279140187484,-0.6995944710989263,2.28283855951565,-0.07373470788353895,-0.5934655723844505,3.380575495634297,0.007378017820175928,-1.5370917905224397,-0.19413759536605105,0.4608769835089312,0.0,0.0,0.0,0.0,0.0,0.0
3.8166,-2.434369621539619,-1.8029653484985613,1.0,-2.49039626121521,-1.8831424713134766,1.0194629430770874,0.20615433418760964,-0.06526353090872489,-0.049859932522630164,-0.9750667080968057,2.4611570979372175,1.1816379898326956,0.0,2.5257115364074707,1.1049079895019531,0.007491572294384241,-1.0167022672084198,4.442029062124803,-0.30088888261509966,0.5219807576650823,4.648853448011623,-0.7675436128762461,-1.0111614178869244,4.743144109808866,0.04638541748753475,-0.7167770204338068,3.782830654955664,0.018893715161708395,-1.5386830248735022,-0.20682438588682014,0.46665473026114646,0.0,0.0,0.0,0.0,0.0,0.0
3.8333,-2.3935330401560653,-1.782783680290824,1.0,-2.4399421215057373,-1.8609340190887451,1.0200663805007935,0.207952287134948,-0.06090376606834886,-0.050490533670050075,-0.9749345355798755,2.442244988811784,1.2417739822708969,0.0,2.501908779144287,1.1773008108139038,0.002036699093878269,-1.138891355257638,4.3524882976570405,-0.2718453169384975,0.40332509864736976,4.568641540857214,-0.7423336246167507,-1.4290049238520555,4.346122466506356,-0.3274847773441973,-0.9270397153045441,3.9491246933201167,-0.08336354677652019,-1.5422164539050078,-0.21615324320017337,0.47048830767825317,0.0,0.0,0.0,0.0,0.0,0.0
3.85,-2.3530161054440155,-1.7615962941183716,1.0,-2.4148788452148438,-1.8492919206619263,1.020364761352539,0.207952287134948,-0.06090376606834886,-0.050490533670050075,-0.9749345355798755,2.4215888980726192,1.3017770833004776,0.0,2.4893441200256348,1.21796715259552,0.003328065387904644,-1.2137185802268264,4.507147512949672,-0.28176377758002674,0.3286681762304262,4.741026300489984,-0.7569627546723321,-0.75439827075311,2.4416593898965027,0.07753529084415306,-0.8760728054101915,3.504093382975836,-0.0358632690742227,-1.5423867564572527,-0.23387878754031174,0.4751989770923054,0.0,0.0,0.0,0.0,0.0,0.0
3.8666,-2.3128103375912428,-1.7393839629113763,1.0,-2.3651652336120605,-1.8248146772384644,1.0210040807724,0.2090271792859456,-0.05396860751300253,-0.0515600099510141,-0.9750572250558908,2.399161009851243,1.3616469956495603,0.0,2.4636785984039307,1.2939032316207886,0.0023260805755853653,-1.3458739104309332,4.386877014752039,-0.27964927220371466,0.19854785329271118,4.632734906558431,-0.7594108539408773,-1.5384582404390328,4.551806436860458,-0.06006158043574573,-1.071621092614129,3.81339742611112,-0.04300705287400895,-1.5444217637236444,-0.2458578918063924,0.47976158173716266,0.0,0.0,0.0,0.0,0.0,0.0
3.8833,-2.2730238273284993,-1.716193445030308,1.0,-2.315929412841797,-1.798863172531128,1.0216313600540161,0.20989643169470246,-0.04770531713812442,-0.051901947332982916,-0.9751789030075417,2.3750016117614106,1.421209288730446,0.0,2.429274082183838,1.3707282543182373,0.0010028074029833078,-1.4358606341585687,4.2534759287394115,-0.2755670742236748,0.11420837126594363,4.506293139727888,-0.7596623492840893,-2.0642729418496533,4.609505757814176,-0.07939646607449395,-1.364670061753035,4.04842315654032,-0.05374987276013968,-1.5500690054245123,-0.2528172109884766,0.48409527506041444,0.0,0.0,0.0,0.0,0.0,0.0
3.9,-2.2336595807337876,-1.6920159899478369,1.0,-2.267305374145508,-1.7713478803634644,1.022147297859192,0.21038317511144267,-0.042695163204952535,-0.051128468369110995,-0.9753470689331002,2.3490970158260516,1.4804452863534612,0.0,2.402688503265381,1.4506324529647827,-0.00030323691316880286,-1.546911058859747,4.399255870095909,-0.263529297288203,0.0029083334305333164,4.667625536950587,-0.7514086809243072,-0.7329765771437565,2.4335088497474566,-0.1416175616423901,-1.1781825992866348,3.571670936496822,-0.0796900205243253,-1.5498193922902803,-0.2683696668546779,0.4878793836361042,0.0,0.0,0.0,0.0,0.0,0.0
3.9167,-2.1947100240206616,-1.66683354567863,1.0,-2.2432165145874023,-1.757020115852356,1.0223833322525024,0.2127281520056039,-0.03646458405287493,-0.050298428334537494,-0.9751344802292112,2.321422531049183,1.5393529007340654,0.0,2.3829305171966553,1.4894564151763916,-0.0027279644273221493,-1.659185178570814,4.245435736284192,-0.25841907490333144,-0.10658901004216936,4.522845216345393,-0.7499826950378625,-2.0464025845925122,4.687525910254028,-0.08220492967152945,-1.434497007883798,3.901091719845893,-0.08043246767095961,-1.5525961685286447,-0.2774094800612013,0.4915636201345311,0.0,0.0,0.0,0.0,0.0,0.0
3.9333,-2.156298333330154,-1.6407152396612328,1.0,-2.1955406665802,-1.727394938468933,1.0227408409118652,0.21296841538389633,-0.030384284757519,-0.04921571794314109,-0.9753456780870994,2.292051163817477,1.5977316921197535,0.0,2.3498542308807373,1.5554558038711548,-0.00962190330028534,-1.7869810818889698,4.155862831897947,-0.21960028574342688,-0.23053454664043027,4.441179065413479,-0.712789751998786,-1.9864830035224377,3.9637661445058563,-0.41403355466400815,-1.5974533627483885,3.9195943555404935,-0.1789176059621147,-1.5564465352485395,-0.2853162335155325,0.4931894662553591,0.0,0.0,0.0,0.0,0.0,0.0
3.95,-2.118355114075316,-1.6136032237102282,1.0,-2.171966552734375,-1.7120496034622192,1.0228813886642456,0.21296841538389633,-0.030384284757519,-0.04921571794314109,-0.9753456780870994,2.2609156038675904,1.6556730437576417,0.0,2.3331055641174316,1.5959805250167847,-0.017088163644075394,-1.9046100223338558,4.289580345330595,-0.17626822922416524,-0.35012208553746804,4.590540043832405,-0.6692324199667548,-1.004849091689315,2.4313116864540123,-0.4479440083679016,-1.4225057505770944,3.480226109464108,-0.25833911709603363,-1.5544879367963877,-0.30095969850181037,0.49296419074258957,0.0,0.0,0.0,0.0,0.0,0.0
3.9666,-2.080967019716849,-1.5855467804457801,1.0,-2.125265598297119,-1.6803194284439087,1.0230393409729004,0.21191391177086588,-0.025106203308363356,-0.0483753940775309,-0.9757673994532994,2.2280700262755397,1.7130310363006727,0.0,2.298020124435425,1.6578515768051147,-0.021437296643853188,-2.0404480132276386,4.211005099153523,-0.1517306097820938,-0.4861198447329198,4.526162189770975,-0.6440380993086607,-2.1066653305465683,3.714976951928308,-0.2611387456337504,-1.6244821633455464,3.549528848829983,-0.2591656186107204,-1.5543281684947188,-0.3151570906174525,0.4923074895265669,0.0,0.0,0.0,0.0,0.0,0.0
3.9833,-2.044076542173346,-1.5564884413578988,1.0,-2.1022164821624756,-1.6639550924301147,1.0230891704559326,0.21183743631424287,-0.01912666132272878,-0.04783001385779993,-0.9759464392657736,2.1934447918769924,1.7698806456684628,0.0,2.2756223678588867,1.6975637674331665,-0.026236413046717644,-2.146603530803514,4.340857173449802,-0.12395563289210715,-0.5965082192471911,4.676632073552053,-0.6150073398927915,-1.3422346049435634,2.3798399771395915,-0.28759755857979713,-1.5411575253112002,3.204215314859233,-0.26755924695581834,-1.5500953115563227,-0.33577490010225103,0.4910517070006844,0.0,0.0,0.0,0.0,0.0,0.0
4.0,-2.007796624954991,-1.5265026817933496,1.0,-2.0567257404327393,-1.6301840543746948,1.0230932235717773,0.21112178282652788,-0.012527160268923197,-0.04754843076289862,-0.9762222903892774,2.157127025428972,1.8260346712168236,0.0,2.2371392250061035,1.7623560428619385,-0.030727442353963852,-2.2809727640853223,4.230159075788777,-0.09780013469181087,-0.7328535362812076,4.582869987631079,-0.5871266862560629,-2.307076597630176,3.884317424924603,-0.2692386288109429,-1.7672708345844979,3.404993888351381,-0.26805503117443824,-1.5481192278041147,-0.3527109118423022,0.4893265515642521,0.0,0.0,0.0,0.0,0.0,0.0
4.0166,-1.972192121592472,-1.4956357303965762,1.0,-2.0120327472686768,-1.5951131582260132,1.0231192111968994,0.21086323298433782,-0.007442922712781285,-0.04747930993134076,-0.9763334737756492,2.1191747116772555,1.8813784805347966,0.0,2.191171884536743,1.832837700843811,-0.029284190386533737,-2.3787088479615295,4.074934158664154,-0.10735933130827563,-0.829118785318675,4.439320985991056,-0.596583672605121,-2.7612425527039415,4.233809291934006,0.08669565622135655,-2.0607094531419077,3.6496753442045966,-0.16332614428149717,-1.5495900626428545,-0.3643868273269026,0.48922434129684533,0.0,0.0,0.0,0.0,0.0,0.0
4.0333,-1.9372067469572551,-1.4638287295517785,1.0,-1.9900383949279785,-1.5770554542541504,1.0231465101242065,0.21086323298433782,-0.007442922712781285,-0.04747930993134076,-0.9763334737756492,2.0795170848765934,1.935985949479683,0.0,2.169058084487915,1.867367148399353,-0.03010271117091179,-2.5182189979862333,4.217561017961477,-0.1033560521721188,-0.9738217140003198,4.601836507462053,-0.5928536412801682,-1.3271710046217466,2.0723024310672944,-0.049123942936454564,-1.8441554958525155,3.184006029732949,-0.12961156710790653,-1.5443972839859135,-0.3842754895005763,0.4894975891080493,0.0,0.0,0.0,0.0,0.0,0.0
4.05,-1.9028912021637125,-1.431113904274724,1.0,-1.9467658996582031,-1.540018081665039,1.0232384204864502,0.2118149088237138,0.0016018120510808223,-0.047406269442871456,-0.9761581007389953,2.0381952361957643,1.9897650967483547,0.0,2.1251437664031982,1.9267653226852417,-0.027101831510663033,-2.6456457691650264,4.112189631020481,-0.12259551738419988,-1.1041468096892697,4.5140620346816,-0.6139551548964817,-2.634786215972649,3.5637918949461427,0.18004780011300728,-2.0775641352251126,3.2961257586993202,-0.03819446208948447,-1.5414989594757567,-0.40187240366111865,0.4913596375122818,0.0,0.0,0.0,0.0,0.0,0.0
4.0666,-1.8692918106376408,-1.39752426701345,1.0,-1.9045807123184204,-1.5017818212509155,1.0232726335525513,0.21261144211372118,0.008293994024761856,-0.04675800876592536,-0.9759823062338565,1.9952534007613052,2.0426302767698723,0.0,2.0765700340270996,1.992858648300171,-0.034512363374233246,-2.7517897886475966,3.956144378649789,-0.07907879013301228,-1.2106977998515536,4.371025502117882,-0.5698218931705817,-2.9157614529217293,3.96741946102214,-0.44483596578792955,-2.32501530360319,3.4943039292297478,-0.1582424663919978,-1.541091988796043,-0.4148811234680925,0.49074310303756946,0.0,0.0,0.0,0.0,0.0,0.0
4.0834,-1.8362092154301874,-1.3628340100718404,1.0,-1.8633402585983276,-1.4621247053146362,1.023341178894043,0.21151983873728902,0.0132284206078718,-0.04622017283207782,-0.9761906381060458,1.9504013163372962,2.094884227989635,0.0,2.0188426971435547,2.0711605548858643,-0.03233322501182556,-2.81167390666702,3.7178130696423195,-0.09327909353460656,-1.2667829660304768,4.137465089762473,-0.5848306181296591,-3.442810829257195,4.669861221704015,0.12996201726197248,-2.655008973340732,3.8413499282762578,-0.07315923514526129,-1.5448909406365432,-0.41965202012015357,0.4915515245950525,0.0,0.0,0.0,0.0,0.0,0.0
4.1,-1.8042595213661168,-1.3276898811756013,1.0,-1.8431732654571533,-1.4417213201522827,1.0233639478683472,0.2115681390256825,0.020986074911908237,-0.04598562562011468,-0.9760553045754773,1.9044824714853152,2.1455398311290788,0.0,1.9914318323135376,2.105459451675415,-0.03449513763189316,-2.957319714970943,3.830107820134057,-0.08119608240584059,-1.4166430335752809,4.262790020936202,-0.5730867116310866,-1.653523658852294,2.0690349489429023,-0.13041447936142672,-2.359352203805056,3.3181301528000215,-0.0900620297235068,-1.540676681395662,-0.43268220080214487,0.491890629225246,0.0,0.0,0.0,0.0,0.0,0.0
4.1168,-1.7726141351696114,-1.2911593317311099,1.0,-1.8036876916885376,-1.3999695777893066,1.0234757661819458,0.21130211865459386,0.030655310066868394,-0.045638714910021534,-0.9758733566304558,1.8562801622268126,2.1958994612608738,0.0,1.9292771816253662,2.1693572998046875,-0.03421121463179588,-3.006197705741041,3.6589793384540945,-0.08424888234988431,-1.4640868568680632,4.100858092330462,-0.5769527477546055,-3.6931985606618687,3.796778489261631,0.016870564047713494,-2.7531280277937045,3.459435890242763,-0.058493573576330074,-1.5421108488729778,-0.44187875387636727,0.4927038654047211,0.0,0.0,0.0,0.0,0.0,0.0
4.1333,-1.7423712749978169,-1.2545089696961411,1.0,-1.7843713760375977,-1.3786249160766602,1.0235497951507568,0.21130211865459386,0.030655310066868394,-0.045638714910021534,-0.9758733566304558,1.8074732046585134,2.244202513697268,0.0,1.8997371196746826,2.1986095905303955,-0.03204083815217018,-3.1568403875580415,3.7843599784298756,-0.09841879970277206,-1.6209230792507368,4.243731952143099,-0.5929580704923579,-1.789453920478343,1.772021548549228,0.13147530654688833,-2.4686338177117797,2.9612803347735177,-0.0024112879981032856,-1.5359173083073048,-0.45937197371322325,0.49453927078958587,0.0,0.0,0.0,0.0,0.0,0.0
4.15,-1.7126770089335552,-1.2167192453610143,1.0,-1.7467539310455322,-1.3349300622940063,1.0237491130828857,0.20811849850040678,0.03482259551845123,-0.04545933792275914,-0.9764259018144336,1.7567158498847142,2.2917985952178013,0.0,1.829053521156311,2.271059513092041,-0.031497515738010406,-3.1656537859412825,3.536474308043554,-0.10346663178684595,-1.6276024851011386,4.004595923887613,-0.6000472506270675,-4.242780067548228,4.348803594939607,0.032612905360925065,-2.9923942177116682,3.370902561701391,0.007928494037954467,-1.538051300840144,-0.46812161584405876,0.4965806188402216,0.0,0.0,0.0,0.0,0.0,0.0
4.1666,-1.6838293597360947,-1.1781309186796514,1.0,-1.7104548215866089,-1.289894461631775,1.024108648300171,0.20284977365162057,0.04029537433430295,-0.04499804066580744,-0.9773450824336077,1.7044655893303806,2.33820129761395,0.0,1.761491298675537,2.3306539058685303,-0.023651743307709694,-3.1979471861507998,3.3526860764079016,-0.15314256329868842,-1.6531783971525964,3.8266195405045664,-0.6545234788128675,-4.053737214791503,3.575666976611115,0.47074679475717046,-3.3057220692001574,3.4313527595747324,0.14456091559525946,-1.5447687889982034,-0.4739334640966649,0.5013809155141792,0.0,0.0,0.0,0.0,0.0,0.0
4.1833,-1.6558394710763626,-1.1387432349434818,1.0,-1.6928341388702393,-1.2668933868408203,1.0243065357208252,0.20105163631181996,0.048087762909868416,-0.04465791559832454,-0.9773798957304776,1.650727047185708,2.3833821108444275,0.0,1.7225708961486816,2.363346815109253,-0.027446527034044266,-3.3197033316247557,3.4343877548695163,-0.13217443075912344,-1.7754042503598706,3.920562075551843,-0.6364322229193036,-2.3325903063557383,1.9593621399176955,-0.22743022065757887,-3.018435786343276,2.996794224268679,0.034742333086539706,-1.5442990812648851,-0.48617432068232663,0.5042577921601801,0.0,0.0,0.0,0.0,0.0,0.0
4.2,-1.6288077272238812,-1.0986884851555474,1.0,-1.6585693359375,-1.2200512886047363,1.0247267484664917,0.20074462286219844,0.05529790330996802,-0.043836810695635234,-0.977098860544607,1.595688216360671,2.4271682583114726,0.0,1.6559135913848877,2.4225852489471436,-0.027212239801883698,-3.3685893567221377,3.2297222846340805,-0.13650466386151722,-1.8205789537722559,3.7236233009575104,-0.6436129584173171,-4.003221695614198,3.5576683514941507,0.014070531866149287,-3.309162586234515,3.162374518030979,0.028639639536383973,-1.5480104029498818,-0.4939010163234301,0.5071082945557999,0.0,0.0,0.0,0.0,0.0,0.0
4.2166,-1.6026914094009754,-1.0578958116368329,1.0,-1.6256886720657349,-1.171931266784668,1.0252151489257812,0.19665628372623256,0.05905001596193823,-0.042995728186751896,-0.9777478377179777,1.5392599183549323,2.469618514271483,0.0,1.5850669145584106,2.481201410293579,-0.019972987473011017,-3.3961572794060757,3.0151109023388036,-0.18322235965878692,-1.8403648988582182,3.5126445828820567,-0.6956710148952157,-4.252447122127136,3.5183319499699475,0.43452338361143705,-3.58763742216102,3.2674596579693995,0.148463939348082,-1.5557923805478575,-0.4975336805432531,0.5124486552364288,0.0,0.0,0.0,0.0,0.0,0.0
4.2334,-1.5774054898206609,-1.016202811204537,1.0,-1.5943533182144165,-1.1225804090499878,1.0257941484451294,0.19121896094669064,0.06241502034704801,-0.042087379307645056,-0.9786564394781756,1.4812224107214076,2.5108625610264514,0.0,1.5005335807800293,2.545009136199951,-0.027292171493172646,-3.3457323331691344,2.7571938535858673,-0.1430659439390229,-1.7748049959256456,3.2525359346160396,-0.6577036813402795,-5.049180444596346,3.8112388032070177,-0.43717524405092495,-4.019111635810735,3.4279932005944835,-0.024427451641217096,-1.5709273372434889,-0.4953420810301725,0.5146377374012566,0.0,0.0,0.0,0.0,0.0,0.0
4.25,-1.5533113199999027,-0.9742066798988388,1.0,-1.5792596340179443,-1.0974609851837158,1.0260733366012573,0.19121896094669064,0.06241502034704801,-0.042087379307645056,-0.9786564394781756,1.4224173004469296,2.550300925040814,0.0,1.4665173292160034,2.5707473754882812,-0.026575544849038124,-3.5244097654614874,2.837926872122963,-0.14962696299126493,-1.9506798681177517,3.338876682031453,-0.6668763689241253,-2.049920977011494,1.5510632183908046,0.0431860632183908,-3.4377705613509413,2.873889164164901,-0.004466706245209711,-1.5737298973437357,-0.5009498099084899,0.5172494059328604,0.0,0.0,0.0,0.0,0.0,0.0
4.2666,-1.530117840988376,-0.931406003422972,1.0,-1.5501095056533813,-1.0464756488800049,1.0266605615615845,0.18730829185062245,0.06884419544930893,-0.04130386939382758,-0.9790148562779123,1.362153662778578,2.5884001785731674,0.0,1.3936827182769775,2.623112440109253,-0.029307767748832703,-3.551480652930055,2.622558751734286,-0.13705800269862495,-1.9708093594409413,3.1255779058100948,-0.6560263095471464,-4.372207353551545,3.14343576018663,-0.1640133021926121,-3.7136333816244775,2.9534642459621114,-0.051567777489891796,-1.5806712934891138,-0.5030191540758087,0.5189683068485215,0.0,0.0,0.0,0.0,0.0,0.0
4.2833,-1.507892930514722,-0.8878920269384614,1.0,-1.5360468626022339,-1.0205880403518677,1.0269194841384888,0.18093449770730483,0.07390159599966153,-0.04036879941276485,-0.9798835028257218,1.3005660667481465,2.6250417526426966,0.0,1.3645099401474,2.6476895809173584,-0.026680855080485344,-3.77516856910316,2.6918796032743284,-0.1550127418413058,-2.200352727866232,3.2031187504972682,-0.6769067437841134,-1.747768144095759,1.47243925780971,0.15738076979388366,-3.133274032304298,2.516238599950098,0.010117652735961713,-1.574815841236928,-0.5112391472229398,0.5218940019428076,0.0,0.0,0.0,0.0,0.0,0.0
4.3,-1.4866962958769354,-0.8437592527573101,1.0,-1.509014368057251,-0.968043327331543,1.02763032913208,0.17360678340492802,0.07675559092000099,-0.03959772281925804,-0.9810205826516972,1.2377963880648002,2.6601198956850274,0.0,1.2824324369430542,2.7026350498199463,-0.021468203514814377,-3.75583048292325,2.4368767585089928,-0.1907664686288672,-2.17835323186242,2.9502764990221473,-0.7174379419865642,-4.910885722029643,3.2875137301892985,0.31188492764011927,-3.6580574934991423,2.7439331154170667,0.09920486785435927,-1.57747725106083,-0.5133997405131546,0.526671473357697,0.0,0.0,0.0,0.0,0.0,0.0
4.3167,-1.4665905165706243,-0.7991305688504416,1.0,-1.4834893941879272,-0.9145405292510986,1.0283021926879883,0.16921945452562587,0.08055908058030598,-0.038750908338977215,-0.9815158924153972,1.1740295651335377,2.693523464680692,0.0,1.2120305299758911,2.7400827407836914,-0.03180987387895584,-3.80753667283333,2.27225731340851,-0.13301895381819578,-2.2254505699182383,2.788268215678774,-0.6604520128165858,-4.225085492709868,2.247377985090644,-0.6206428676186524,-3.8254545227491965,2.597340965133098,-0.1133073407108114,-1.5820861029150917,-0.5160109022702637,0.5274330589983901,0.0,0.0,0.0,0.0,0.0,0.0
4.3334,-1.4475545603646809,-0.7539535086292192,1.0,-1.4712378978729248,-0.8875002264976501,1.0285863876342773,0.16921945452562587,0.08055908058030598,-0.038750908338977215,-0.9815158924153972,1.1092011586412844,2.7252802784869603,0.0,1.1753073930740356,2.7619118690490723,-0.03464369475841522,-4.003600215449288,2.324668807146373,-0.11839031814561624,-2.42780826178132,2.848169742147197,-0.6461313298056537,-2.202382143929537,1.3091496632683701,-0.16995161716973847,-3.3462938907338127,2.217043347840699,-0.13002976644012593,-1.5757919536679683,-0.5235009350008242,0.5277410116600375,0.0,0.0,0.0,0.0,0.0,0.0
4.35,-1.429634819964457,-0.708331909002137,1.0,-1.447898268699646,-0.8327939510345459,1.029019832611084,0.1648198898893654,0.08506757374654286,-0.038338838601086146,-0.9819002295269681,1.0434707956359874,2.755306400485265,0.0,1.0985625982284546,2.8032257556915283,-0.04579832777380943,-4.022936390658225,2.111646485248818,-0.05459615847799343,-2.447916958908384,2.6393965933520924,-0.5792934884046219,-4.609043657555234,2.4811781382894944,-0.6699111080485116,-3.7190807018724796,2.295020765718228,-0.2894126061915568,-1.5750194317498416,-0.5277501081032747,0.5246973299266284,0.0,0.0,0.0,0.0,0.0,0.0
4.3666,-1.4128401366904944,-0.6622897027084511,1.0,-1.4260289669036865,-0.777292013168335,1.029317855834961,0.1585090236250526,0.08965446531936606,-0.03837116523389406,-0.9825297770031752,0.9768843005511139,2.7835807133314163,0.0,1.0178611278533936,2.846334457397461,-0.045037075877189636,-4.018860507276091,1.8735327294007709,-0.061628139098916124,-2.4394527256119387,2.4013682521492257,-0.5848160837259506,-4.856543323242033,2.594243654676672,0.045811467853709625,-4.054880457731592,2.3833568316003078,-0.19044833245835874,-1.5794077816641519,-0.5278355227484547,0.5231879446270346,0.0,0.0,0.0,0.0,0.0,0.0
4.3833,-1.3971122264381748,-0.6156444763245426,1.0,-1.415765643119812,-0.7491739988327026,1.029447078704834,0.15152293060328084,0.09406298352675707,-0.03876903148383691,-0.9832039579919555,0.9091876081468288,2.810196550036927,0.0,0.9729573726654053,2.872682571411133,-0.04874323680996895,-4.180458690143976,1.8641422524646905,-0.04101945998850626,-2.605850830634092,2.393770387414833,-0.5622166223885823,-2.6925716246354434,1.579916509406988,-0.22223316785326241,-3.6527019905327367,2.1461665635675535,-0.1998317968158772,-1.5746078595098845,-0.5296281349501427,0.521197162400076,0.0,0.0,0.0,0.0,0.0,0.0
4.4,-1.3825280356283856,-0.5685958721700879,1.0,-1.3964643478393555,-0.6923725008964539,1.0296300649642944,0.14669111052287068,0.09965190852039268,-0.03879469891457997,-0.9833851472937039,0.8406800750908272,2.835019657881516,0.0,0.8924257159233093,2.908365488052368,-0.049361057579517365,-4.1808923990340165,1.6447810473870712,-0.039215134558746756,-2.605753407659357,2.1740127808616654,-0.559060614668065,-4.831904012588513,2.1409770402689365,-0.03706928152492669,-4.000823980368438,2.144634521438026,-0.1517813274018506,-1.5751389913746596,-0.529231733474594,0.5198454801093182,0.0,0.0,0.0,0.0,0.0,0.0
4.4166,-1.3691025033982813,-0.5211860105732082,1.0,-1.3788270950317383,-0.6349290609359741,1.0298115015029907,0.14079138939995967,0.10488058859473749,-0.03873126790757109,-0.9837061798388114,0.7714341011961692,2.858020254907915,0.0,0.8099573850631714,2.939177989959717,-0.05165788531303406,-4.168372277241074,1.4406409019627102,-0.027334256352007757,-2.588312697893369,1.9683856202629233,-0.5456633453791342,-4.952142509449089,1.8502605658000228,-0.13792225618485854,-4.281670597925768,2.0577299492987655,-0.14768987626871663,-1.5800595793477052,-0.527744718300213,0.5183290890271264,0.0,0.0,0.0,0.0,0.0,0.0
4.4333,-1.3568208908099086,-0.47334443020616956,1.0,-1.3706040382385254,-0.6059983968734741,1.0299090147018433,0.14079138939995967,0.10488058859473749,-0.03873126790757109,-0.9837061798388114,0.7013573052320802,2.8792202392900847,0.0,0.7648357152938843,2.9585120677948,-0.04999596253037453,-4.340236656387433,1.4380012992673925,-0.03879100981119338,-2.7654161523020933,1.9663803929091055,-0.5568224926044947,-2.7054450845567737,1.1592497819964833,0.09964703979815019,-3.816340016837382,1.792482181894251,-0.07467149793273484,-1.57482050408534,-0.528379093641713,0.5180314827933012,0.0,0.0,0.0,0.0,0.0,0.0
4.45,-1.3456997202765537,-0.4251004783258423,1.0,-1.3555419445037842,-0.5475798845291138,1.0301440954208374,0.13284574961485252,0.10837356134863847,-0.038694979471003164,-0.984433845178352,0.6305026542254577,2.898588866264941,0.0,0.6761692762374878,2.9899070262908936,-0.0484175942838192,-4.29224533985841,1.2049220656261397,-0.05044335120045845,-2.7153186583936586,1.7311290284571728,-0.5690564043408035,-5.3098131041277,1.8800953754336869,0.09452099901483459,-4.257240569235672,1.818347197981686,-0.024722780409358106,-1.5769266814647518,-0.5262069628310332,0.5186130531403451,0.0,0.0,0.0,0.0,0.0,0.0
4.4666,-1.3358019945872257,-0.3767309325400291,1.0,-1.3486248254776,-0.5181779861450195,1.0302435159683228,0.12568202672439807,0.11302333009253936,-0.03813429994526276,-0.9848733946614721,0.559288037031268,2.9160133981600165,0.0,0.637541651725769,3.002023220062256,-0.04798665642738342,-4.508448459787951,1.2210730353841166,-0.05453236581753801,-2.941700840213642,1.7485939154452896,-0.5739978803737105,-2.3218779558026887,0.7282954512883717,0.025903356000458597,-3.6858861520618142,1.4965439988816687,-0.009777019619401285,-1.566747619574309,-0.527520880061173,0.5194655145561724,0.0,0.0,0.0,0.0,0.0,0.0
4.4833,-1.3270709254905504,-0.3279494884205295,1.0,-1.3360328674316406,-0.4589942395687103,1.0304675102233887,0.11757238616368884,0.1173842824327199,-0.03737624672794588,-0.9853937396531876,0.4873028808000378,2.9315917711991863,0.0,0.5515038371086121,3.03000807762146,-0.051118623465299606,-4.475751456979584,0.9825042108005515,-0.037877294342267775,-2.9122092267394506,1.508239751773739,-0.5571453175563028,-5.156299116966251,1.677149715657417,-0.1877007097848141,-4.119978934849234,1.5498621075040289,-0.06230334496551277,-1.5635422302401332,-0.5257355409731873,0.5192680232140351,0.0,0.0,0.0,0.0,0.0,0.0
4.5,-1.3195574318068521,-0.27901117197798647,1.0,-1.3303338289260864,-0.42924603819847107,1.0305472612380981,0.10932270903564834,0.12108977064801284,-0.03644467493530958,-0.9859298054193976,0.4149338859514836,2.9452323535953386,0.0,0.5131206512451172,3.0402469635009766,-0.051221493631601334,-4.699364173851581,0.9862933170953775,-0.03867616639191057,-3.150852548796794,1.5129663423209858,-0.5579949511059277,-2.3050377274744784,0.6148790859499162,-0.006177694973010896,-3.584175117752129,1.2738380303416017,-0.04573402724830852,-1.548511625054787,-0.5266730252256083,0.5193187847140172,0.0,0.0,0.0,0.0,0.0,0.0
4.5166,-1.3132532540001507,-0.22986380154128444,1.0,-1.320244312286377,-0.3693961501121521,1.0306659936904907,0.1021322492381698,0.12550091974071323,-0.035688729060418124,-0.9861768702453685,0.34211481928439147,2.956948851511599,0.0,0.41857707500457764,3.063552141189575,-0.056162748485803604,-4.6133007817957825,0.7496576960111767,-0.010643577114324232,-3.069393916464585,1.2745380723399755,-0.5284737011346614,-5.677736891841585,1.399573322642536,-0.2967430056413047,-4.202232818644969,1.3109573867620272,-0.11983646549926934,-1.5439068653311978,-0.5248803763287987,0.5178301240203372,0.0,0.0,0.0,0.0,0.0,0.0
4.5333,-1.3081619023165043,-0.18050205709795505,1.0,-1.311915636062622,-0.3091406226158142,1.030604362487793,0.09723845485120239,0.12968483475821163,-0.03527446768640457,-0.9861452179621368,0.26884805371236037,2.9667351413160428,0.0,0.33600011467933655,3.080732583999634,-0.06592623144388199,-4.595560698149182,0.5362474762638959,0.04722549273053117,-3.0528143850068945,1.0582286074471483,-0.4661798996289341,-4.955402108907775,1.030989784530861,-0.5859017315506339,-4.424582159220497,1.228305833461321,-0.2574274505691983,-1.5427463131422876,-0.5219811311832524,0.5134053923594653,0.0,0.0,0.0,0.0,0.0,0.0
4.55,-1.304292663552879,-0.13096651194537717,1.0,-1.3052724599838257,-0.2485867142677307,1.0304514169692993,0.08934472549548149,0.13688392083020026,-0.03541055986024631,-0.9859140424980545,0.19520381919922566,2.9745748610978633,0.0,0.2459443211555481,3.098595380783081,-0.06672153621912003,-4.529444287709304,0.30559601041584,0.05174643641582405,-2.9827478411353936,0.8224162879705286,-0.45804242939290746,-5.400339914788974,1.0711712226924397,-0.047691724808418164,-4.712643683126236,1.18191682432652,-0.19550963086923845,-1.5466964465739106,-0.5168202775546885,0.5097888658087315,0.0,0.0,0.0,0.0,0.0,0.0
4.5666,-1.301655139926421,-0.08134998597116097,1.0,-1.3026357889175415,-0.2181699573993683,1.0303267240524292,0.08934472549548149,0.13688392083020026,-0.03541055986024631,-0.9859140424980545,0.12133018857444201,2.980449914219377,0.0,0.20318901538848877,3.1041007041931152,-0.07254976779222488,-4.731108655311594,0.288314053715696,0.08632886335020201,-3.193273872892304,0.8014229304508109,-0.41859091986527003,-2.5664956420935123,0.3304709973809626,-0.3498543786584231,-4.079061555083579,0.9305544538678545,-0.2410750214605708,-1.5378347824192906,-0.513108876735115,0.504919783215472,0.0,0.0,0.0,0.0,0.0,0.0
4.5833,-1.3002498803729374,-0.03161422229867496,1.0,-1.2985670566558838,-0.15734507143497467,1.0300078392028809,0.08175155190193685,0.14089532879674357,-0.036047440888094334,-0.9859847227630073,0.047180029639466804,2.984361564367392,0.0,0.11453431844711304,3.1061110496520996,-0.07901756465435028,-4.668898194324628,0.12815393028247546,0.1257290643575129,-3.133734566016097,0.6396900455038173,-0.37302840083059724,-5.315332990265449,0.12053118344125677,-0.3877797254027474,-4.4440314787632,0.6914207791964662,-0.284384931466977,-1.5351636283085308,-0.5115361152213418,0.49875746518811015,0.0,0.0,0.0,0.0,0.0,0.0
4.6,-1.3000820961027586,0.018121193980113436,1.0,-1.297173261642456,-0.12689833343029022,1.0297915935516357,0.07375989829496794,0.14187010110910353,-0.03709980554856295,-0.9864360733637104,-0.027058760915224175,2.98629883168951,0.0,0.07611624151468277,3.1087872982025146,-0.08095739781856537,-4.897954970094453,0.10424741423433194,0.13745683606872033,-3.378584895192188,0.6145052487487114,-0.355614428595375,-2.3064725784750153,0.1606716001316863,-0.11646007185491605,-3.8129850220567865,0.5347339207414723,-0.23481044365434814,-1.5193700749022652,-0.5102578345143794,0.49307126466409534,0.0,0.0,0.0,0.0,0.0,0.0
4.6166,-1.3011529908046722,0.06790164821927312,1.0,-1.2957632541656494,-0.06591740250587463,1.0293595790863037,0.06464230480092065,0.14266352343485522,-0.038280465215898625,-0.986915999527704,-0.10144457726388219,2.9862631494332508,0.0,-0.024594523012638092,3.1182994842529297,-0.07912413775920868,-4.7569612522387805,-0.12531866903294042,0.12763798234969498,-3.2417668677418314,0.3813044376809076,-0.36134328871117277,-6.03824636199897,0.5703156269655212,0.10991551832580479,-4.469922841934855,0.5452382907652538,-0.13304103893153235,-1.5151943844969493,-0.506623106713848,0.48898127106086775,0.0,0.0,0.0,0.0,0.0,0.0
4.6333,-1.3034646852135352,0.11767215817903673,1.0,-1.296248435974121,-0.004816578701138496,1.0288680791854858,0.05632373652929896,0.14726256910511776,-0.03847088467747074,-0.9867428602740212,-0.1758863576881705,2.984251584638276,0.0,-0.11213041096925735,3.1150238513946533,-0.08840326219797134,-4.688628120934267,-0.2908576402885045,0.18480820787458013,-3.173386016335762,0.2136758152821266,-0.29730644984480886,-5.253511024940261,-0.19658877902900396,-0.5568913925336615,-4.7012523956308545,0.32623738098005217,-0.2581694102612412,-1.5152421045985047,-0.5045334555706311,0.482114657719389,0.0,0.0,0.0,0.0,0.0,0.0
4.65,-1.3070147616430396,0.16736140442542569,1.0,-1.2971241474151611,0.02569536678493023,1.0285508632659912,0.05632373652929896,0.14726256910511776,-0.03847088467747074,-0.9867428602740212,-0.2502687344738871,2.9802683309280313,0.0,-0.15540672838687897,3.110356330871582,-0.08770822733640671,-4.886319059454389,-0.3068125105827354,0.18127275134911086,-3.383390279345102,0.19621448750524073,-0.29525437661411197,-2.5975848085234263,-0.280159706917771,0.041718244654970094,-4.080211274025598,0.14721787717904902,-0.16963709331813517,-1.502928780109287,-0.5030269980879761,0.47652712796322283,0.0,0.0,0.0,0.0,0.0,0.0
4.6666,-1.3118044474245276,0.21697567771322337,1.0,-1.3000974655151367,0.08663865923881531,1.0279022455215454,0.05017352614897558,0.1505694266443507,-0.038558086507039846,-0.9865722919780977,-0.3245928049403249,2.974314807917391,0.0,-0.24164387583732605,3.107351541519165,-0.09466927498579025,-4.818200507436562,-0.4970558181609326,0.2253519987846016,-3.322078163501326,0.004183580076295934,-0.24377970407295474,-5.1739377261869,-0.18027721752564047,-0.4176393597390894,-4.403099313344381,0.05053533941400164,-0.24285189523961845,-1.496122343935236,-0.5012393982372285,0.46913170285755634,0.0,0.0,0.0,0.0,0.0,0.0
4.6833,-1.3178379147799273,0.2665210459157285,1.0,-1.3047268390655518,0.14759650826454163,1.0271892547607422,0.04116005907835248,0.15319787797324014,-0.03851438022513404,-0.9865864954660459,-0.3988598523088003,2.9663881658822686,0.0,-0.3346865475177765,3.1028168201446533,-0.0933699980378151,-4.7034534760805204,-0.6903134513470786,0.2202143739252574,-3.2075412983368405,-0.1916381213924478,-0.24293882666019267,-5.578814758691674,-0.2719007319304666,0.07790431295745655,-4.750192002009655,-0.044653682188552084,-0.14815879994195919,-1.4959121777436797,-0.49867532995463076,0.46315320058545006,0.0,0.0,0.0,0.0,0.0,0.0
4.7,-1.3250988217114632,0.31585651171782075,1.0,-1.3111602067947388,0.20861302316188812,1.0264174938201904,0.031180907609579592,0.1539772574959036,-0.038106019409911956,-0.9868468365492976,-0.4728510382277503,2.956513600027372,0.0,-0.42179110646247864,3.090505361557007,-0.09621966630220413,-4.616451877718228,-0.8495170910720655,0.24029103421945136,-3.117582892880879,-0.35232498274605994,-0.2164226506572271,-5.228821685677892,-0.7390476735698644,-0.17106345980449686,-4.891492232806866,-0.24965148026575298,-0.154920674174464,-1.498868984837349,-0.4971921083260056,0.45671368487667846,0.0,0.0,0.0,0.0,0.0,0.0
4.7166,-1.333596245776014,0.36504284046371055,1.0,-1.3150159120559692,0.239027738571167,1.026001214981079,0.027112382760769896,0.15678715100763246,-0.037469897025337075,-0.9865489004771741,-0.5466504330948727,2.9446830473936836,0.0,-0.46597757935523987,3.082545757293701,-0.09831519424915314,-4.801615738187923,-0.8934819860582639,0.25407887735887696,-3.312308370953784,-0.39951043057906294,-0.19602600162988154,-2.6511529768546334,-0.477569879552542,-0.1257299981403599,-4.230103136535256,-0.31693715752532936,-0.14630305307513303,-1.4893073672341393,-0.49397155547920096,0.4501048789887585,0.0,0.0,0.0,0.0,0.0,0.0
4.7333,-1.3433190886785364,0.41400460295775365,1.0,-1.3239290714263916,0.29970404505729675,1.0250468254089355,0.018318168864456533,0.1587880515672629,-0.037510400146756065,-0.9864298356301309,-0.6201383221297393,2.930916247358733,0.0,-0.5454081892967224,3.062316656112671,-0.10334234684705734,-4.751013668563572,-1.027355651496496,0.2881788832527104,-3.26852039622338,-0.5337172164379628,-0.15408020395209748,-4.766045678235244,-1.2137993190466654,-0.301642388629796,-4.388323170562113,-0.581707260050126,-0.19216206415346299,-1.482493272340192,-0.49363843505853333,0.4422590872048079,0.0,0.0,0.0,0.0,0.0,0.0
4.75,-1.354263294477125,0.46271878369155167,1.0,-1.3289899826049805,0.32993993163108826,1.0245524644851685,0.018318168864456533,0.1587880515672629,-0.037510400146756065,-0.9864298356301309,-0.693274077397037,2.9152238182708334,0.0,-0.5929982662200928,3.059359312057495,-0.1047433540225029,-4.911567986550221,-1.1243417150121502,0.2982384567122108,-3.444970572866822,-0.6359513896138291,-0.13640372858936367,-2.8558975863105034,-0.1774712775242156,-0.08407494312735181,-3.9359231291046077,-0.46236940956478023,-0.16025277045871195,-1.4665974136833986,-0.48839032539832106,0.43464218530157445,0.0,0.0,0.0,0.0,0.0,0.0
4.7666,-1.3664229910489547,0.5111555051605434,1.0,-1.3404628038406372,0.3903197646141052,1.0235209465026855,0.007860297685228718,0.15651605720965434,-0.038695063764700194,-0.9868858645310188,-0.7660072771258642,2.897619305253436,0.0,-0.6853315234184265,3.0445313453674316,-0.10686268657445908,-4.772088021697817,-1.3129864053029918,0.3153280559966288,-3.31275728809004,-0.8296061109764035,-0.11154148973065198,-5.540317735082474,-0.889729760661507,-0.12716735096779733,-4.4095697411931525,-0.5885339963090517,-0.1504853499045592,-1.4593307336077768,-0.4833802943265884,0.42686954572728075,0.0,0.0,0.0,0.0,0.0,0.0
4.7833,-1.3798002236332088,0.5593145973787254,1.0,-1.3537399768829346,0.4504156708717346,1.0225471258163452,0.0024859686391423895,0.15624601708288896,-0.039101401531193763,-0.9869407818746285,-0.8383326361794582,2.878105002188539,0.0,-0.7754904627799988,3.01920223236084,-0.10167104005813599,-4.637120812792327,-1.4493300889632115,0.2882953446421493,-3.1790608427409417,-0.9681937181928826,-0.13318224533063233,-5.4069117373711375,-1.5190094224967472,0.3113476565292612,-4.704003327433872,-0.8632273489315094,-0.0141438052290693,-1.4580599700513854,-0.48113637077032884,0.4214775899727816,0.0,0.0,0.0,0.0,0.0,0.0
4.8,-1.3943652498542765,0.6070882959150562,1.0,-1.3687084913253784,0.5100034475326538,1.0214682817459106,-0.0028093666761224065,0.1589564018852836,-0.039090232616338344,-0.9865074701250879,-0.9100838169820592,2.8567299993359354,0.0,-0.8574145436286926,2.9855988025665283,-0.10825923085212708,-4.542545084025505,-1.5455836961856022,0.3325033057866858,-3.0837111523229632,-1.0626467126361414,-0.08121331888659544,-4.916856263862059,-2.0167847177505904,-0.39540495099091366,-4.766841404697827,-1.2037785684102862,-0.12669906397791714,-1.4588339317025423,-0.48293698354946085,0.41371662467328124,0.0,0.0,0.0,0.0,0.0,0.0
4.8166,-1.4101311355065804,0.6545194229496581,1.0,-1.3768198490142822,0.5396094918251038,1.0209028720855713,-0.01253855045473324,0.16148325823583753,-0.04016573589663938,-0.9859780214140942,-0.981321197723599,2.8334810436754037,0.0,-0.9006034135818481,2.974925994873047,-0.10985381156206131,-4.714682377785746,-1.6410615890187625,0.3442009869042249,-3.2668365106851383,-1.1622261520374377,-0.06162719887881274,-2.591001087049804,-0.6402866378693823,-0.09566261764453471,-4.12449357389624,-1.0374254512622378,-0.1175365377500788,-1.4478458671006074,-0.47883543698132475,0.40582818578303764,0.0,0.0,0.0,0.0,0.0,0.0
4.8333,-1.4270790648619303,0.701546271261945,1.0,-1.3942323923110962,0.5984682440757751,1.0197371244430542,-0.021997915377533407,0.16057658469395908,-0.04158106921648367,-0.9859017777651379,-1.0519487421965223,2.80839183765882,0.0,-0.9847025275230408,2.9468400478363037,-0.1094418615102768,-4.594148006492659,-1.7903153863946355,0.3468999895259071,-3.1519414734071503,-1.3140544589661698,-0.051593381949258166,-5.044941289206081,-1.6848210071654344,0.02471207754687567,-4.39622656298556,-1.228548452170008,-0.07554214655812863,-1.4422065330855092,-0.4762609274284657,0.3984933714751653,0.0,0.0,0.0,0.0,0.0,0.0
4.85,-1.4451941188995332,0.7481277587652534,1.0,-1.403631329536438,0.6277239918708801,1.0191463232040405,-0.021997915377533407,0.16057658469395908,-0.04158106921648367,-0.9859017777651379,-1.1219019849939078,2.7814906951446687,0.0,-1.035933256149292,2.9317097663879395,-0.11288056522607803,-4.709957665436765,-1.8807223260412604,0.3698480991477436,-3.2806199602377255,-1.4114493982946745,-0.020312616501318492,-3.0742864296444665,-0.9079476357393232,-0.20635193862221904,-4.005965673795356,-1.133901231361968,-0.11415958805806484,-1.4293377051990397,-0.46927292774658597,0.3901607156490621,0.0,0.0,0.0,0.0,0.0,0.0
4.8666,-1.4644654874911232,0.794237403670213,1.0,-1.4237604141235352,0.6857634782791138,1.0178123712539673,-0.02811220083785732,0.15842570457390262,-0.042372123416184716,-0.9860607135308724,-1.19113899675581,2.7528000162635577,0.0,-1.1183286905288696,2.8940136432647705,-0.121975839138031,-4.583799333803206,-1.9915023093712079,0.4304959270996119,-3.1619613134769997,-1.5248022319215626,0.05149721379051203,-4.945145596336839,-2.2624168276454175,-0.5458731308578378,-4.283228752838326,-1.4670596618859573,-0.24160931655875795,-1.4218380203262067,-0.46670007744964515,0.37899871330909984,0.0,0.0,0.0,0.0,0.0,0.0
4.8833,-1.484893338336522,0.8398736850174939,1.0,-1.445551872253418,0.7430939674377441,1.016265630722046,-0.033145324803467636,0.1596372684179089,-0.0429429603324162,-0.9856841735862761,-1.2596559372200409,2.7223258971430018,0.0,-1.2027539014816284,2.849748373031616,-0.1331663727760315,-4.435837313632104,-2.0711287753176757,0.504830566852986,-3.0163392590981486,-1.6022850151895547,0.1400469154263695,-5.064792962883502,-2.655538868626189,-0.6713366230422656,-4.513960792723197,-1.8179204462047238,-0.3684726717953544,-1.4194980545339548,-0.4688437601281209,0.3647836514266165,0.0,0.0,0.0,0.0,0.0,0.0
4.9,-1.5064504400194862,0.8849745622862311,1.0,-1.4570918083190918,0.7715027332305908,1.0154186487197876,-0.041298363961740824,0.15975169184325994,-0.04422055775132696,-0.9853011851738577,-1.327358725469564,2.6901153541091696,0.0,-1.2496892213821411,2.8389687538146973,-0.13692156970500946,-4.56235648633802,-2.2182770944386427,0.5310827480840725,-3.154036578367592,-1.7563622837170205,0.1804283851321425,-2.8163636103520795,-0.6468332880298717,-0.22533137097812558,-4.012799076568542,-1.4721941125065083,-0.3262147435217143,-1.4083199079704278,-0.46191481072162216,0.35065436295193003,0.0,0.0,0.0,0.0,0.0,0.0
4.9166,-1.529131859566863,0.9295300044640219,1.0,-1.481432557106018,0.8275570273399353,1.0138086080551147,-0.04930522731266611,0.1583412106793504,-0.04556967837216071,-0.9850992174757934,-1.3942319997044146,2.656182174638446,0.0,-1.3336122035980225,2.7910068035125732,-0.12692449986934662,-4.400977308978141,-2.2921900324856894,0.47869023272833827,-2.9975859161166194,-1.8311678462573124,0.13738899610204486,-5.03523967556897,-2.8776374325890113,0.599807601527744,-4.314642229103434,-1.8871066686565117,-0.05283602184268088,-1.4033913928615216,-0.461022186228377,0.3413012366262934,0.0,0.0,0.0,0.0,0.0,0.0
4.9334,-1.5530124859393013,0.9736706967532816,1.0,-1.507455587387085,0.8828384280204773,1.012223243713379,-0.05468589419109726,0.1562522337430443,-0.04650150304588799,-0.9851052444751305,-1.4604721701731895,2.620420491685188,0.0,-1.4156014919281006,2.751936197280884,-0.1312735676765442,-4.242245632845659,-2.427489713883089,0.5123024814885024,-2.8393068441370426,-1.9668288126778228,0.18182259516682586,-4.9008536533226925,-2.335418774672576,-0.2599625546893928,-4.487702556042032,-2.019456596399736,-0.11398356010475183,-1.4029387887086167,-0.46066090120526626,0.3304798863216766,0.0,0.0,0.0,0.0,0.0,0.0
4.95,-1.5777997266413597,1.0168707973205964,1.0,-1.5210870504379272,0.9101725816726685,1.0114266872406006,-0.05468589419109726,0.1562522337430443,-0.04650150304588799,-0.9851052444751305,-1.5252911464499421,2.5832749217395565,0.0,-1.4650801420211792,2.7264833450317383,-0.13165834546089172,-4.334725650933949,-2.5149988614719394,0.5182144906930102,-2.939551866367399,-2.0598688540419867,0.1983704145269244,-2.9800614598141846,-1.5330059305848733,-0.02317487327503267,-4.04261934844888,-1.875847468724443,-0.08717517599223411,-1.39517378456655,-0.45513000742995274,0.3198440761660858,0.0,0.0,0.0,0.0,0.0,0.0
4.9666,-1.603763646182965,1.0596141901604994,1.0,-1.5496330261230469,0.9641236662864685,1.0098007917404175,-0.059950472843661236,0.15557786836180182,-0.04734157403040716,-0.9848656817881946,-1.5894166132473715,2.5443470517722826,0.0,-1.544655203819275,2.673476219177246,-0.12949030101299286,-4.1711763811929865,-2.5820238071495307,0.513008882578772,-2.7787800236958624,-2.1267922091128977,0.20280278049747108,-4.7726648744494655,-3.1792026540067493,0.1300325673511411,-4.258142131168425,-2.2606217415603607,-0.023051480131711384,-1.3923963574971239,-0.45523159803663305,0.3102061020813009,0.0,0.0,0.0,0.0,0.0,0.0
4.9833,-1.630779647593811,1.10168208441136,1.0,-1.5797728300094604,1.0171538591384888,1.0082917213439941,-0.0682471774376179,0.15380446331954303,-0.04876929852371369,-0.9845344497057474,-1.6525225150164746,2.5038296019389437,0.0,-1.6318496465682983,2.627117395401001,-0.11749278753995895,-3.9508006952289145,-2.6955475657603953,0.4482928146742165,-2.554055371278915,-2.2390647760035565,0.143521462260299,-5.232644651748412,-2.7820494477193383,0.7199853881703199,-4.54583308676294,-2.4145567308398674,0.19630658428513864,-1.3967453239499994,-0.4564827897568388,0.3047713524139175,0.0,0.0,0.0,0.0,0.0,0.0
5.0,-1.6588375435836002,1.1430598373004315,1.0,-1.5955365896224976,1.0433604717254639,1.0076457262039185,-0.07497611936573455,0.14948606824515848,-0.04961290984350777,-0.984668055215527,-1.7145897559506442,2.461743684624595,0.0,-1.6726493835449219,2.6015939712524414,-0.11201274394989014,-4.077694152828912,-2.8106732785922217,0.4183876788286352,-2.686817808763654,-2.360199561407954,0.11807548882180013,-2.448056592707037,-1.5314507245754831,0.32881233638041285,-3.926531123501246,-2.153847696775749,0.2354247041842759,-1.3908763440652583,-0.45047371718426776,0.30031219000683507,0.0,0.0,0.0,0.0,0.0,0.0
5.0166,-1.687923871225105,1.1837273989538928,1.0,-1.6282302141189575,1.0949616432189941,1.006393313407898,-0.07936840049973673,0.14626197131133276,-0.049316659645324695,-0.9848228605901076,-1.7755910984308392,2.418114193162342,0.0,-1.7569975852966309,2.5466670989990234,-0.11334659904241562,-3.8551269410869433,-2.8875799679135055,0.432439811897309,-2.462492190283835,-2.4383889028143075,0.1381504598406051,-5.062055545221709,-3.296369958076378,-0.08004970381605117,-4.261758687398404,-2.491141150820341,0.14229089284306792,-1.392634750803108,-0.44919106509919804,0.2942893520567039,0.0,0.0,0.0,0.0,0.0,0.0
5.0334,-1.7182198909366728,1.2239165357864927,1.0,-1.6624876260757446,1.1455039978027344,1.0051265954971313,-0.08640624721730182,0.14217046325919447,-0.04884124319412183,-0.9848533749084294,-1.8358748036797392,2.3726701635949903,0.0,-1.8266767263412476,2.4821090698242188,-0.11485721170902252,-3.711716329805313,-2.9137721054183907,0.4476650617145151,-2.3161065291483793,-2.4597959618096574,0.16062052225319967,-4.153303395057343,-3.8480537752071284,-0.09004176318444726,-4.22974070280221,-2.891726558578714,0.07370204631182749,-1.3956098006569335,-0.4539761436087331,0.2870445394613154,0.0,0.0,0.0,0.0,0.0,0.0
5.05,-1.7491006500554354,1.2628187543513627,1.0,-1.680148720741272,1.1703662872314453,1.004445195198059,-0.08640624721730182,0.14217046325919447,-0.04884124319412183,-0.9848533749084294,-1.894228131527044,2.326349024916847,0.0,-1.860212802886963,2.4558911323547363,-0.11994260549545288,-3.8583780545772424,-3.0501909693602727,0.4814372321675205,-2.4706691510957004,-2.600763995506093,0.20385331098468568,-2.0255533315092955,-1.583543337701424,-0.30715388880088706,-3.5790243036499385,-2.5055269613904914,-0.03873358684713901,-1.3877089034815417,-0.44942697385417996,0.2775839211828348,0.0,0.0,0.0,0.0,0.0,0.0
5.0666,-1.7811407967012334,1.3011789732986914,1.0,-1.7166067361831665,1.2192862033843994,1.003138542175293,-0.09241705162781935,0.13856927847174177,-0.04854870191860771,-0.9848353782041152,-1.951768459948037,2.27828880494815,0.0,-1.935403823852539,2.3981151580810547,-0.1106874942779541,-3.659369330442205,-3.1296411297357962,0.43233525690082614,-2.2732499629253935,-2.680889011149229,0.16084809015134782,-4.513402504472272,-3.4680500894454385,0.5555456171735241,-3.854869826677703,-2.78968138135766,0.1367084961480886,-1.3861193675168115,-0.44875211858656716,0.2714871667494783,0.0,0.0,0.0,0.0,0.0,0.0
5.0833,-1.8141965294005218,1.338800973541081,1.0,-1.754446268081665,1.2671102285385132,1.0018608570098877,-0.0998346072061532,0.13265564888882217,-0.04789846033978161,-0.9849575197710998,-2.0082014603116214,2.228705205899217,0.0,-2.0018513202667236,2.3391921520233154,-0.11034257709980011,-3.501985662478082,-3.2080672290712777,0.4365920349114117,-2.1150746090622206,-2.757424615458353,0.1717465144399854,-3.9793963104689016,-3.528770917813696,0.02065634102461591,-3.8916323207319956,-3.0078741212660143,0.10244777880648129,-1.3869110534158615,-0.4506426136129246,0.2648455204714263,0.0,0.0,0.0,0.0,0.0,0.0
5.1,-1.8480860028950186,1.3754801870658249,1.0,-1.773895502090454,1.2905939817428589,1.0012621879577637,-0.10359265202705131,0.1272394838272327,-0.047442304998348166,-0.9853060320614364,-2.0632202805987374,2.177870995657472,0.0,-2.0368103981018066,2.30836820602417,-0.10614592581987381,-3.619528702207552,-3.343267038937814,0.41436346099020055,-2.240345066376003,-2.899324570677088,0.15519414449216545,-2.1006117215592455,-1.8521410254573585,0.2521672600031517,-3.3628903043862537,-2.666680587412954,0.14664770616115844,-1.3791836358315492,-0.44394246826072603,0.2591693164980351,0.0,0.0,0.0,0.0,0.0,0.0
5.1166,-1.8829069400858909,1.41132818987763,1.0,-1.8136454820632935,1.3366539478302002,1.0000301599502563,-0.10732442619043699,0.12390637670391157,-0.046872774634420473,-0.9853585891815295,-2.116992284816445,2.1256395898711635,0.0,-2.091041326522827,2.242199659347534,-0.10924495756626129,-3.5149367120478705,-3.3901179630942915,0.4391167865924058,-2.1432413713923784,-2.947092314626945,0.18741282421921568,-3.2552092277749156,-3.97176426813212,-0.18601925196061594,-3.331100882424241,-3.051965143694496,0.04843833978639137,-1.3716953406554921,-0.4430256484673466,0.2517039623731901,0.0,0.0,0.0,0.0,0.0,0.0
5.1333,-1.918644770958869,1.4463255965379045,1.0,-1.8546357154846191,1.3814820051193237,0.9988893866539001,-0.11531919479524673,0.11794964003227036,-0.045989713864420224,-0.9852281025385398,-2.169488394806857,2.072032843561696,0.0,-2.1549065113067627,2.1791563034057617,-0.10121599584817886,-3.3411174207440206,-3.460314518679917,0.3966839195922898,-1.9727326160556424,-3.015614617932989,0.14988578206852224,-3.830216197666438,-3.7809282772820865,0.4815246260867079,-3.4784488460892558,-3.267168384390242,0.17629332725883395,-1.3683848046883782,-0.44469990074692817,0.24679813752376759,0.0,0.0,0.0,0.0,0.0,0.0
5.15,-1.955214347886342,1.4803889859997081,1.0,-1.875548243522644,1.4034450054168701,0.9983490705490112,-0.11531919479524673,0.11794964003227036,-0.045989713864420224,-0.9852281025385398,-2.220583478999562,2.0171784781704867,0.0,-2.179757833480835,2.1455845832824707,-0.10183775424957275,-3.4959108485519077,-3.602869259337795,0.4031710562631315,-2.1407318458236033,-3.165545297093442,0.16232383700158207,-1.4917636282970532,-2.0152276272666123,-0.03732262461895153,-2.8919430580570493,-2.897572590476587,0.11322999388810422,-1.3551790027283044,-0.43732396224435294,0.24084721926154942,0.0,0.0,0.0,0.0,0.0,0.0
5.1666,-1.9926398637355514,1.5135420291840602,1.0,-1.918156385421753,1.4462621212005615,0.997339129447937,-0.11916224906872876,0.1141754747826794,-0.04478216450773461,-0.9852709658834754,-2.27031304377609,1.9610402043966726,0.0,-2.2361104488372803,2.0757784843444824,-0.08950593322515488,-3.3472934120417763,-3.6426556717431193,0.33431853249127924,-2.0019132886816555,-3.2069695113708274,0.09559336255335432,-3.3811117786742195,-4.1883100163076135,0.73989938274254,-3.036354605189368,-3.278621870100748,0.29823425145950955,-1.3453801233601208,-0.43568616037229196,0.23872516993792492,0.0,0.0,0.0,0.0,0.0,0.0
5.1833,-2.03090563004901,1.545768249175374,1.0,-1.9617670774459839,1.4876502752304077,0.9965221881866455,-0.12540528590726385,0.1098800438138327,-0.04181877744208516,-0.9851148118097425,-2.3186523737630607,1.9036415549264842,0.0,-2.2815957069396973,2.00652813911438,-0.08757910132408142,-3.252748208057696,-3.688894976125239,0.3269582406751806,-1.9177951825131783,-3.251328838578109,0.09099046603055766,-2.7275573665022517,-4.152648509543212,0.11554390950032169,-2.9451920162717213,-3.536650509130447,0.24430072338115544,-1.3349530255445177,-0.43756613754713025,0.23596777464462293,0.0,0.0,0.0,0.0,0.0,0.0
5.2,-2.0699186575780306,1.5769907707483153,1.0,-1.9838449954986572,1.5078023672103882,0.9961404800415039,-0.1300083658211823,0.10715705051828824,-0.04002757852722062,-0.9848924028901505,-2.365486156122473,1.8451220136329542,0.0,-2.3034470081329346,1.9710594415664673,-0.08369830250740051,-3.400972905127849,-3.8409462170124535,0.3057105507059941,-2.0846807348223457,-3.4112883346742726,0.07220198633674593,-1.3119801880985442,-2.1295861545729133,0.2330081452109309,-2.4630380334828783,-3.1212593939748743,0.24096694790463424,-1.3162921703055035,-0.4296578823381808,0.2335085643692482,0.0,0.0,0.0,0.0,0.0,0.0
5.2166,-2.1097351582629083,1.6072553022231957,1.0,-2.0287728309631348,1.5469659566879272,0.9955275058746338,-0.13621919785764353,0.10337476203987324,-0.03800090516972582,-0.9845374421319918,-2.4108829533347933,1.7853972626056378,0.0,-2.3533613681793213,1.8930524587631226,-0.07236101478338242,-3.2600736196981996,-3.8428381026200404,0.24090083577315907,-1.959074882347125,-3.4136964313395115,0.006881017956589741,-2.993708173654407,-4.678616370188183,0.6799752795572842,-2.619701558211947,-3.581019638024255,0.3705702314055703,-1.3009987373510747,-0.4291416712805287,0.23401981781656933,0.0,0.0,0.0,0.0,0.0,0.0
5.2334,-2.150551734096478,1.6366944381928434,1.0,-2.074575662612915,1.5846154689788818,0.9950264692306519,-0.14223265620252823,0.0994682878723209,-0.03587506027768488,-0.984169205116552,-2.4550416572892653,1.7241723988552824,0.0,-2.3981924057006836,1.8229318857192993,-0.071861132979393,-3.14054557027352,-3.8958801404382246,0.24057359380331717,-1.853579444226511,-3.4651044480140083,0.007447085367370904,-2.672432171231222,-4.179971859410753,0.029798556728869687,-2.635268598961694,-3.757841281157189,0.2699682045694206,-1.2869661260470089,-0.4307756924242161,0.23312650843594626,0.0,0.0,0.0,0.0,0.0,0.0
5.25,-2.1915429544876095,1.6647291005607918,1.0,-2.0978283882141113,1.6029133796691895,0.9947547912597656,-0.14223265620252823,0.0994682878723209,-0.03587506027768488,-0.984169205116552,-2.4970936508411876,1.6626855682685855,0.0,-2.421449661254883,1.786760926246643,-0.07327594608068466,-3.251327744646243,-4.061146191207421,0.2505945393737488,-1.9843023359128553,-3.639344789282485,0.020010032990986026,-1.4047811059907833,-2.1847926267281106,-0.08545731926843318,-2.2720062007390465,-3.2934485668930673,0.1650400936244264,-1.2670254087333879,-0.42180140192493637,0.2305845063827628,0.0,0.0,0.0,0.0,0.0,0.0
5.2666,-2.233498340742236,1.6919143627265647,1.0,-2.1449553966522217,1.63835608959198,0.9941975474357605,-0.14577353675229593,0.09794135233179775,-0.035133570771832684,-0.9838308923635551,-2.537871544089847,1.599752488886645,0.0,-2.462810754776001,1.708012342453003,-0.07186892628669739,-3.12904614736355,-4.067814836208182,0.2451320048280206,-1.880334093352908,-3.6482855061428823,0.017284243256038306,-2.4823071529755176,-4.726136477456466,0.08444301157582955,-2.334090885625586,-3.716404224117417,0.1412463618864209,-1.248712054010642,-0.41952933006529997,0.2278477615719823,0.0,0.0,0.0,0.0,0.0,0.0
5.2833,-2.2761588107186617,1.7180655456445704,1.0,-2.1687774658203125,1.6554843187332153,0.9939501881599426,-0.1509022445019729,0.09715619342253223,-0.03457402921100207,-0.9831550255008343,-2.5770983184668554,1.5357617839220072,0.0,-2.4811954498291016,1.6692423820495605,-0.06738755106925964,-3.2540958445824484,-4.231820751730509,0.21968238896088904,-2.03000036974524,-3.824156012448694,-0.006413967433050338,-1.1021052782025813,-2.324138522446296,0.2686445038375234,-1.9703862166348174,-3.305381941777043,0.1788566219163949,-1.2240954748372084,-0.4076647392818148,0.22609635639393938,0.0,0.0,0.0,0.0,0.0,0.0
5.3,-2.3193897111674526,1.7431016784558921,1.0,-2.2169947624206543,1.6885144710540771,0.9935082793235779,-0.1551474779156986,0.09509047891242614,-0.03455291363989805,-0.9826969314043695,-2.6146525176838384,1.4709154332488206,0.0,-2.520254611968994,1.5860373973846436,-0.06700403988361359,-3.1245696031189802,-4.21706137815099,0.219807061495585,-1.9228401593343054,-3.81307458774639,-0.003918524675240759,-2.345665931674351,-4.996807078835085,0.023031449557572806,-2.0811756477085352,-3.804721557345407,0.13285418293357032,-1.2017294437846748,-0.4039867904045999,0.22372558617082575,0.0,0.0,0.0,0.0,0.0,0.0
5.3166,-2.363298798508546,1.7670854136471352,1.0,-2.2414276599884033,1.7044153213500977,0.9932747483253479,-0.1551474779156986,0.09509047891242614,-0.03455291363989805,-0.9826969314043695,-2.650628120470703,1.4050518022371805,0.0,-2.5434157848358154,1.5452861785888672,-0.06544625014066696,-3.2020741471725356,-4.380239673172755,0.21185229397248234,-2.0260412425797023,-3.989264724567311,-0.009489531937369067,-1.3887975525025376,-2.4435374344165033,0.09340867989535233,-1.876772979027932,-3.4028751251448695,0.12120914946950362,-1.1760329045928333,-0.3909749486054443,0.2213418259098514,0.0,0.0,0.0,0.0,0.0,0.0
5.3333,-2.4077671940912992,1.7899498931702773,1.0,-2.2909486293792725,1.7349820137023926,0.9929085969924927,-0.1592581021978146,0.09288678879118553,-0.03480988297526902,-0.9822409446503302,-2.684924839755416,1.3383492088630506,0.0,-2.587980031967163,1.4598376750946045,-0.057874370366334915,-3.0170996129884498,-4.3568040284935625,0.16848820258725367,-1.861937122313059,-3.9704140274390913,-0.05263819574632006,-2.673283752860412,-5.125815217391304,0.4542157555062929,-2.111917517729394,-3.9115185315010406,0.2195187861167151,-1.1551624906753908,-0.38639000105447124,0.22112639833357373,0.0,0.0,0.0,0.0,0.0,0.0
5.35,-2.4527757912304593,1.8116873737140262,1.0,-2.341318368911743,1.763892650604248,0.9926047325134277,-0.16399782087751635,0.09267528536864575,-0.03456758074317986,-0.9814892556071384,-2.7175310605710394,1.270836313154311,0.0,-2.6330580711364746,1.381065845489502,-0.056825846433639526,-2.8160506580794364,-4.373229222258983,0.16396280896175425,-1.6771424264776016,-3.987815072510985,-0.056391555327061305,-2.7055751123322174,-4.727869837726453,0.06293220178300564,-2.2871760902629776,-4.152520358001235,0.17329156440215773,-1.1389082316018349,-0.3854141497479978,0.22035436428881555,0.0,0.0,0.0,0.0,0.0,0.0
5.3666,-2.498324026188893,1.8322979105522152,1.0,-2.3925609588623047,1.7912124395370483,0.9923192262649536,-0.1688073742510226,0.09338863395058279,-0.034279254152516855,-0.9806159307591441,-2.7484468658283228,1.20251396071666,0.0,-2.6723685264587402,1.2938330173492432,-0.0526743046939373,-2.6364898675895825,-4.339001696751576,0.14073707136317465,-1.5115066169177327,-3.9491740922776337,-0.07958695050698891,-2.359034524201279,-5.234873306339691,0.2491355089207789,-2.3083900133577395,-4.47205073111172,0.19568208306560186,-1.1249832506718498,-0.3898276044739422,0.22032402187016356,0.0,0.0,0.0,0.0,0.0,0.0
5.3833,-2.5444036588272594,1.8517759500561528,1.0,-2.4184224605560303,1.8042044639587402,0.9922168254852295,-0.17301738343610534,0.0936126207428159,-0.033879870616027624,-0.9798743991064435,-2.777663925084229,1.133394511759111,0.0,-2.6887383460998535,1.2483569383621216,-0.04773155227303505,-2.713085702687248,-4.4914641076823045,0.11185215180303315,-1.6074912323908856,-4.108106227970002,-0.10936995416648224,-0.9816143882423584,-2.726967946701741,0.2963915913704858,-1.9167015986148197,-3.95687039731469,0.2254133706403555,-1.1055944702963623,-0.3833578797123023,0.2212221059695154,0.0,0.0,0.0,0.0,0.0,0.0
5.4,-2.5908951939623073,1.8700722911305452,1.0,-2.470749855041504,1.8289308547973633,0.9920858144760132,-0.17685288099367633,0.09143842551299883,-0.03398093875875674,-0.9793913962225086,-2.805108436695818,1.063657209056539,0.0,-2.7285335063934326,1.1671819686889648,-0.04583156108856201,-2.507197519306076,-4.495469932398727,0.1013708732121597,-1.4169054429689634,-4.114321622939826,-0.12048469757333632,-2.389455149311421,-4.874058751109457,0.11408281021845564,-2.056267087557485,-4.227641163311615,0.19254655435383938,-1.0902920763371127,-0.3811483094589012,0.22185557078549603,0.0,0.0,0.0,0.0,0.0,0.0
5.4167,-2.6380641251648926,1.887284000251759,1.0,-2.5238566398620605,1.8520779609680176,0.99198317527771,-0.17917752730178713,0.08589346495071615,-0.03456205950602497,-0.9794504861041208,-2.8309260003776386,0.9929038122526608,0.0,-2.7671196460723877,1.079453706741333,-0.04075339809060097,-2.296678379514981,-4.4614347706246225,0.07168347291321991,-1.2181480517287488,-4.077410352651041,-0.15180235554916469,-2.305211731023972,-5.24105858390189,0.30337942619681796,-2.129760096407154,-4.526820508658228,0.22526644387532965,-1.0785303277862324,-0.3840244179735814,0.2234858284623846,0.0,0.0,0.0,0.0,0.0,0.0
5.4333,-2.6852452785302603,1.9031754076885985,1.0,-2.55070424079895,1.8629672527313232,0.9919424653053284,-0.17917752730178713,0.08589346495071615,-0.03456205950602497,-0.9794504861041208,-2.8547631115328977,0.9221320822046091,0.0,-2.7858059406280518,1.0335081815719604,-0.04225507006049156,-2.3253259470087517,-4.620469896001005,0.0811644592936443,-1.2618306744176868,-4.244452368003075,-0.14248978770211018,-1.1261243139170667,-2.7688942210983076,-0.09049784117359694,-1.8334684694121028,-4.007848537983555,0.13204705553113263,-1.063495272591065,-0.37601752799792987,0.22365424699575448,0.0,0.0,0.0,0.0,0.0,0.0
5.45,-2.73303851341786,1.9179558578686242,1.0,-2.6049954891204834,1.8835439682006836,0.9917778372764587,-0.18037271182679088,0.081490462712124,-0.03462144441557684,-0.9796052914787013,-2.8769337868029363,0.8504422298732096,0.0,-2.826401948928833,0.9544760584831238,-0.04477733373641968,-2.076884708446927,-4.638079661434483,0.09739545327523841,-1.023132364275332,-4.266895636279236,-0.12500300198264314,-2.4339870775916292,-4.738474898507634,-0.15122563647149637,-2.010752538556053,-4.223542793670667,0.04841977932094441,-1.053752344171595,-0.37118402515524646,0.22239845525788154,0.0,0.0,0.0,0.0,0.0,0.0
5.4666,-2.781138121734018,1.9315233240326914,1.0,-2.659970760345459,1.902499794960022,0.9917225241661072,-0.1840949792416593,0.07890841506344505,-0.03427061404857214,-0.9791364499358661,-2.897284986049037,0.7782928173989732,0.0,-2.8556177616119385,0.8607541918754578,-0.03191978484392166,-1.8831128931246903,-4.565630090246127,0.020802483189681864,-0.8379965546988275,-4.191948285436412,-0.20471110815014193,-1.7539540542474772,-5.626536892578544,0.7718953517498032,-1.9349409323408249,-4.637732294964157,0.2620029916634553,-1.0451163384258628,-0.37368180480971463,0.2255135913398238,0.0,0.0,0.0,0.0,0.0,0.0
5.4833,-2.829614548105159,1.9438975092956126,1.0,-2.6876800060272217,1.9112964868545532,0.9917575120925903,-0.1870307074379735,0.07377177843789195,-0.034297082269436965,-0.9789795793657087,-2.915846263943419,0.7055781778422613,0.0,-2.871890068054199,0.8148414492607117,-0.03176921233534813,-1.8939778975463109,-4.735852191179924,0.019999050426617926,-0.8601842887249991,-4.371148594366634,-0.20759660139686964,-0.9756554307116105,-2.752837578980473,0.009028030920319067,-1.6517423188704141,-4.08127692354689,0.1873201594893909,-1.0337936088213118,-0.36470359681328995,0.22759565182348757,0.0,0.0,0.0,0.0,0.0,0.0
5.5,-2.8783154101400443,1.9550401803222974,1.0,-2.7436506748199463,1.9277012348175049,0.991716206073761,-0.18827527226436383,0.06710830900475896,-0.034370080611057785,-0.9792178776471893,-2.932560270483446,0.632526884789933,0.0,-2.906252384185791,0.7376018166542053,-0.03896021470427513,-1.644404518243065,-4.761648297293889,0.06362747998393387,-0.617430195112946,-4.403721040484329,-0.16273841459284624,-2.063541607009908,-4.638429929557299,-0.43183738044785525,-1.773312995411592,-4.245758674313522,0.004533537016539996,-1.0269743231301192,-0.3579272568095603,0.2263658945767801,0.0,0.0,0.0,0.0,0.0,0.0
5.5166,-2.92732718174902,1.9649720024816821,1.0,-2.800238609313965,1.942455530166626,0.9916120171546936,-0.19106716907177854,0.06133644034680576,-0.0342052864333802,-0.9790614285455168,-2.9474580037225233,0.55900922737647,0.0,-2.933619976043701,0.6439805626869202,-0.0342862606048584,-1.4235467825438182,-4.687110307598998,0.03638437513863663,-0.4012989397622877,-4.328820420808444,-0.1904118189872739,-1.6416108918254104,-5.61575424746868,0.280361311924375,-1.7344321272410652,-4.650206407672579,0.08596293762549478,-1.0222478427815305,-0.3582898867905542,0.22679619412591054,0.0,0.0,0.0,0.0,0.0,0.0
5.5333,-2.976552184383733,1.9736720879044385,1.0,-2.8287558555603027,1.9491581916809082,0.9915748834609985,-0.19106716907177854,0.06133644034680576,-0.0342052864333802,-0.9790614285455168,-2.960508131856658,0.4851717234244003,0.0,-2.947366714477539,0.6016019582748413,-0.0350828692317009,-1.4146121060972823,-4.885043347375425,0.04163043991790799,-0.39916236451704346,-4.53915932788026,-0.184965828205739,-0.8250765576257119,-2.5435555650954464,-0.047812294296099137,-1.465973742298014,-4.0282845745260625,0.04647004407864595,-1.0154497415802388,-0.34588401949516445,0.226596268123647,0.0,0.0,0.0,0.0,0.0,0.0
5.55,-3.0259962485163965,1.9811415760043278,1.0,-2.8861405849456787,1.9614620208740234,0.9913794994354248,-0.19371186274241287,0.05585380970511462,-0.03362197404998951,-0.9788900594594715,-2.9717123640064917,0.4110056272254052,0.0,-2.9663143157958984,0.5198747515678406,-0.04121272265911102,-1.219530679469192,-4.880326698825848,0.07967387146076815,-0.21041721861241736,-4.542905596245585,-0.144367244025884,-1.1366945576771794,-4.902935707644997,-0.36773895086891223,-1.3687645085809266,-4.286497575503271,-0.07581202195581113,-1.0091134608567747,-0.33742110258026364,0.22404111548665215,0.0,0.0,0.0,0.0,0.0,0.0
5.5666,-3.075598095790722,1.987371073903223,1.0,-2.9439897537231445,1.9721088409423828,0.9912149310112,-0.1965915303618515,0.04892911937326717,-0.032977464442560826,-0.9787084065423896,-2.981056610854835,0.33660285631391673,0.0,-2.9931952953338623,0.43275701999664307,-0.03191281110048294,-0.9636626445678542,-4.839885585707467,0.024990033504293463,0.04339829599461198,-4.506257552338799,-0.20011097623859048,-1.6131141442756174,-5.227891521446762,0.5580830436088935,-1.4409009871508733,-4.564414274721439,0.11132538744813854,-1.0070609405624662,-0.33362803336866753,0.22510100974288394,0.0,0.0,0.0,0.0,0.0,0.0
5.5833,-3.1254071238305494,1.9923647576663464,1.0,-2.9730911254882812,1.976835012435913,0.9911529421806335,-0.19863881879662426,0.04056292252865014,-0.03243410727155841,-0.9786957624878363,-2.9885471364995198,0.26188931425417583,0.0,-3.001810312271118,0.38986027240753174,-0.03614942729473114,-0.9509255673093597,-5.040425413875211,0.051014960361824235,0.05207591718840354,-4.722816711987218,-0.17317163127844892,-0.5162294988285044,-2.5704611692096693,-0.2538667388136465,-1.167921063068029,-3.9757628733952295,0.003513996958028079,-1.0030014844977633,-0.3176087018879929,0.22418659164027316,0.0,0.0,0.0,0.0,0.0,0.0
5.6,-3.1752041721385753,1.996102703106326,1.0,-3.031538963317871,1.9850058555603027,0.9908421039581299,-0.20095320234712266,0.0336111001630738,-0.03169969843625612,-0.978510695676025,-2.9941540546594894,0.18719374179213683,0.0,-3.0135385990142822,0.3003319203853607,-0.04306292161345482,-0.7612913503994286,-4.981818895651913,0.09435498291587235,0.23745201735068944,-4.673277178712185,-0.12644643926047955,-0.7046151201764689,-5.378708067149855,-0.4153507444781849,-1.0311446806285436,-4.389937936993613,-0.12014253053552275,-0.9987433677501181,-0.30854171693972765,0.2208014221763519,0.0,0.0,0.0,0.0,0.0,0.0
5.6166,-3.225155500556555,1.998599084584765,1.0,-3.060901165008545,1.9884438514709473,0.9906763434410095,-0.2038473157988884,0.02853753102796122,-0.031573932240299626,-0.9780772574859389,-2.9978986268771477,0.1122667491651676,0.0,-3.023973226547241,0.25893476605415344,-0.040577325969934464,-0.71444432027136,-5.193153565872239,0.08058106658391578,0.28055888486864733,-4.905626465454669,-0.13820552367896038,-0.6259439359267734,-2.4832987700228832,0.1491038865846682,-0.9115220147153944,-3.8270632062096634,-0.040656067036581645,-0.9950032051400073,-0.2875271004175701,0.21878659026287617,0.0,0.0,0.0,0.0,0.0,0.0
5.6333,-3.275142904359499,1.9998455252334664,1.0,-3.1198768615722656,1.994208574295044,0.9903392195701599,-0.2038473157988884,0.02853753102796122,-0.031573932240299626,-0.9780772574859389,-2.9997682878501997,0.03728564346075103,0.0,-3.0351340770721436,0.17451569437980652,-0.04002463445067406,-0.5038724548229084,-5.161827700449287,0.07927264084234592,0.4882820385586607,-4.889578159391384,-0.13784230312343118,-0.6694888590143303,-5.063917651096936,0.03315346028431681,-0.8400694033791469,-4.1922052450103084,-0.018866145514068906,-0.9921544933815691,-0.2722495410579027,0.2171149439657771,0.0,0.0,0.0,0.0,0.0,0.0
5.65,-3.325142269679118,1.9998419603247108,1.0,-3.1790549755096436,1.9982390403747559,0.9900314807891846,-0.20824012903685304,0.018179653246825488,-0.031700204198438234,-0.9773949000085476,-2.9997629404870665,-0.03771340451867777,0.0,-3.0440421104431152,0.08296439051628113,-0.038111116737127304,-0.2944347805942054,-5.08264958220666,0.06966253113618676,0.6959326996090562,-4.818998039436881,-0.1465076236821999,-0.5344519303666194,-5.492769171351328,0.11480460312692214,-0.7498455394069672,-4.576155487189381,0.020595902658647487,-0.9903674802032616,-0.26365154276977903,0.21617015481838667,0.0,0.0,0.0,0.0,0.0,0.0
5.6666,-3.3751137707114176,1.9985889826198664,1.0,-3.208738088607788,1.9996802806854248,0.9898657202720642,-0.2100948537891356,0.010730798365116255,-0.03151024835219967,-0.9771141598506164,-2.9978834739297997,-0.11267065606712688,0.0,-3.0501925945281982,0.04463329538702965,-0.03987380489706993,-0.2380329934683471,-5.313076592222243,0.08140514120871783,0.7515414973713754,-5.071788880689353,-0.13307645264867216,-0.3691719854603738,-2.3007565417584934,-0.10580225535934057,-0.6374637485017207,-3.9044161297784177,-0.01671914383701402,-0.9895744908397225,-0.24128771153289005,0.21448159385739,0.0,0.0,0.0,0.0,0.0,0.0
5.6833,-3.425189686881437,1.996078040132331,1.0,-3.26820707321167,2.0012965202331543,0.9894927740097046,-0.2124248053318027,0.005776467932797036,-0.03105700114331346,-0.9766667289068248,-2.9941170601984965,-0.18778453032215586,0.0,-3.0523998737335205,-0.04677249863743782,-0.032817866653203964,-0.0451799270305558,-5.230398632641663,0.04128567101552788,0.9432207369060067,-5.0036554434293965,-0.17404021829501007,-0.13198939294573864,-5.465822011063271,0.4219262353511448,-0.4882384799083941,-4.365371684608987,0.11277698946252217,-0.9884006639365626,-0.2267431892122661,0.21532588931053795,0.0,0.0,0.0,0.0,0.0,0.0
5.7,-3.4749289955687135,1.992335274623556,1.0,-3.3277947902679443,2.0012123584747314,0.9893174171447754,-0.21735646075962306,-0.0041463437362289045,-0.030639873783601185,-0.9756024788350762,-2.988502911935334,-0.26239349335307066,0.0,-3.0519537925720215,-0.13420237600803375,-0.029144620522856712,0.144538392664762,-5.163492492089288,0.020478096481708674,1.1317030914681965,-4.946619667156976,-0.1964920092936252,0.0268378397762318,-5.260094447034354,0.22099563849243348,-0.33617853600390485,-4.6295101974176776,0.14472511262800475,-0.9871646988034345,-0.21687282493231178,0.21697010577533388,0.0,0.0,0.0,0.0,0.0,0.0
5.7166,-3.5246696613660773,1.987340822119259,1.0,-3.357577323913574,2.000509738922119,0.9891934394836426,-0.21735646075962306,-0.0041463437362289045,-0.030639873783601185,-0.9756024788350762,-2.9810112331788883,-0.3370044920491164,0.0,-3.050442934036255,-0.18026487529277802,-0.030601151287555695,0.18976503855965718,-5.345224557263679,0.03019728980949138,1.1763940952544685,-5.149333560763447,-0.1872714090560173,0.09067624416907535,-2.7645039779068767,-0.0874156885856967,-0.2101632030369216,-4.07892627367221,0.07619290514443822,-0.9866290566948113,-0.19589099650023217,0.21746869886550868,0.0,0.0,0.0,0.0,0.0,0.0
5.7333,-3.5742756283745534,1.9811039547887799,1.0,-3.417255163192749,1.9980391263961792,0.9889510869979858,-0.2203468955653044,-0.018796788476146093,-0.029647484088563606,-0.9747897190083922,-2.97165593218317,-0.4114134425618302,0.0,-3.05090594291687,-0.2652879059314728,-0.029002340510487556,0.40803056737317756,-5.286620663740836,0.022184500129794726,1.3955741252104117,-5.106662524639258,-0.19601664823946827,-0.027779367168278307,-5.101167784802883,0.09592462146678492,-0.1563201611586769,-4.380710651829112,0.08201806845024198,-0.9875435578372342,-0.1799581391015774,0.218201148369263,0.0,0.0,0.0,0.0,0.0,0.0
5.75,-3.623724313568589,1.9736267551906934,1.0,-3.4769651889801025,1.9938234090805054,0.9887381196022034,-0.2235624788357309,-0.026248825444917915,-0.02885010786158599,-0.973908892021363,-2.96044013278604,-0.48558647035288394,0.0,-3.043789863586426,-0.36041638255119324,-0.024046558886766434,0.5927482745967766,-5.160708414043788,-0.0061098227262891824,1.5808125700962483,-4.989280636577981,-0.22644089718755303,0.4268125268125268,-5.705673530673531,0.2972408792721293,0.0158312665677372,-4.771863910740281,0.1455557759507165,-0.9880642954994718,-0.17142777746580662,0.22033107446126385,0.0,0.0,0.0,0.0,0.0,0.0
5.7666,-3.6729551239821476,1.9649184399092652,1.0,-3.506824016571045,1.991091251373291,0.9886188507080078,-0.2235624788357309,-0.026248825444917915,-0.02885010786158599,-0.973908892021363,-2.9473776598638977,-0.5594326859732218,0.0,-3.038928270339966,-0.39880767464637756,-0.02877623401582241,0.653095142646002,-5.384161084548762,0.023243802699466853,1.6432959870221515,-5.235490171454634,-0.19691828783385945,0.29180440475679387,-2.3043367821520055,-0.2838863651812419,0.09730358107419337,-4.043404802028633,0.01877660673802159,-0.9902008443761495,-0.1486709130941288,0.2201620905333263,0.0,0.0,0.0,0.0,0.0,0.0
5.7833,-3.72196616732519,1.9549794253732926,1.0,-3.5665087699890137,1.9844433069229126,0.9883308410644531,-0.22527415718416746,-0.03616044712566423,-0.02775167669569511,-0.9732286418863971,-2.932469138059939,-0.632949250987785,0.0,-3.0294904708862305,-0.48928409814834595,-0.023583801463246346,0.8469710309581169,-5.276985734164224,-0.006081639261724392,1.8391613636063524,-5.14378134321931,-0.2278286266664202,0.5660741609346623,-5.426727466430236,0.31143932595918716,0.2356932242270805,-4.451786936310227,0.1051759906098211,-0.9921903326482354,-0.13320439094491504,0.2217469874046958,0.0,0.0,0.0,0.0,0.0,0.0
5.8,-3.7707495388402714,1.9438093712300266,1.0,-3.5963432788848877,1.9805222749710083,0.9882129430770874,-0.22666707891731613,-0.042813864535427355,-0.026878014672912818,-0.9726596172846516,-2.91571405684504,-0.7061243082604071,0.0,-3.020228862762451,-0.5338783264160156,-0.025136899203062057,0.9040401723002481,-5.460195752457832,0.0042197714157464206,1.899328015142388,-5.353050455725039,-0.21810819187800962,0.5550855934383128,-2.672712268869138,-0.09308342234431712,0.32998368932848265,-3.9265715773540455,0.04664618820927198,-0.9952878428421398,-0.10714529673279333,0.22232796329375604,0.0,0.0,0.0,0.0,0.0,0.0
5.8166,-3.819151119450609,1.931445602436988,1.0,-3.6558046340942383,1.9713196754455566,0.9878968596458435,-0.22775381433274527,-0.051216239181134944,-0.025568174914891228,-0.9720346638149321,-2.897168403655482,-0.7787266791759142,0.0,-3.0047311782836914,-0.6223717331886292,-0.026136402040719986,1.0838107401905015,-5.353500796141378,0.012200233467849542,2.0810799470696764,-5.2652113963895175,-0.2101496405736836,0.9308073431279892,-5.315007732623077,-0.0600311989861672,0.507357813514938,-4.336463307601794,0.015153073707816992,-0.997269206879175,-0.08828939975186087,0.22234987404153314,0.0,0.0,0.0,0.0,0.0,0.0
5.8333,-3.867232234250502,1.917875802138184,1.0,-3.7151103019714355,1.9605199098587036,0.9875684976577759,-0.22913039362538387,-0.05920812459577066,-0.023950241694255015,-0.9712981897840527,-2.8768137032072763,-0.8508483513757532,0.0,-2.984104871749878,-0.7127485275268555,-0.02451280504465103,1.2439531540960664,-5.227998320787659,0.004514494707661909,2.241676781716395,-5.152297318704,-0.2183541431659701,1.2386249749448788,-5.427193396901755,0.09749820140022335,0.723241245341732,-4.658466765837735,0.03946286046986808,-0.9977236276203286,-0.07570100208365946,0.222868637873632,0.0,0.0,0.0,0.0,0.0,0.0
5.85,-3.915005005978734,1.9030945437946842,1.0,-3.7446656227111816,1.9544118642807007,0.9874375462532043,-0.22913039362538387,-0.05920812459577066,-0.023950241694255015,-0.9712981897840527,-2.8546418156920264,-0.9225075089681012,0.0,-2.97823166847229,-0.7580385208129883,-0.020821884274482727,1.3553072259975196,-5.397176986093694,-0.0165574469584317,2.3586092023817513,-5.3449970756586955,-0.24106504342436952,0.3523270116422094,-2.7168969364112248,0.2214142817300266,0.6137405841498921,-4.085279865049883,0.09317824565220811,-1.0033019763842317,-0.05217991043499842,0.22450759646593782,0.0,0.0,0.0,0.0,0.0,0.0
5.8666,-3.962378440811791,1.887128718754431,1.0,-3.8035707473754883,1.9409908056259155,0.9871324896812439,-0.23153090952917033,-0.06679017405548646,-0.02202661738136931,-0.9702821557070006,-2.8306930781316466,-0.9935676612176865,0.0,-2.9518532752990723,-0.847947895526886,-0.023279231041669846,1.5023318968760806,-5.261779833493612,0.0001407165276373079,2.508141580371106,-5.2258523609323735,-0.22472586513379056,1.5831353919239906,-5.396034255787997,-0.14748103160861975,0.899923649567629,-4.4722385185757085,0.02213122834265137,-1.0058096834950256,-0.03592747256123861,0.22486658166142787,0.0,0.0,0.0,0.0,0.0,0.0
5.8833,-4.009369461433334,1.8699719161489519,1.0,-3.862133741378784,1.925843596458435,0.9869524836540222,-0.23350652197969424,-0.07385394371906379,-0.019729024081646448,-0.9693456527330885,-2.804957874223428,-1.0640541921500004,0.0,-2.9299473762512207,-0.9364838600158691,-0.012012189254164696,1.6864417780390968,-5.125860226665668,-0.0661262886305724,2.6950987081188895,-5.100882128434529,-0.2952287344814434,1.3134533186568125,-5.308517861993052,0.6755592817677584,1.0220051661922809,-4.719123465890672,0.2150351327781693,-1.0086569300797927,-0.02497809823113904,0.229102445850871,0.0,0.0,0.0,0.0,0.0,0.0
5.9,-4.055871650857454,1.8516635891624662,1.0,-3.8912508487701416,1.9176216125488281,0.9868890643119812,-0.23303614734524447,-0.08233938453483028,-0.017397629009417836,-0.9688197443573695,-2.777495383743699,-1.1338074762861816,0.0,-2.9113032817840576,-0.9876925945281982,-0.011816754005849361,1.7543145234343884,-5.247464190115869,-0.0665450164569154,2.7682867896821284,-5.242162175675948,-0.29903282253754,1.1192711762516818,-3.074242120630922,0.011732671739472705,1.050719870146254,-4.233524428367683,0.15501653040849112,-1.01397226624774,-0.005302014439921007,0.23248780608062458,0.0,0.0,0.0,0.0,0.0,0.0
5.9166,-4.101928074601474,1.8321875895131403,1.0,-3.9491050243377686,1.8997466564178467,0.9867940545082092,-0.23395463254141813,-0.09161388284334952,-0.01485963008578881,-0.9678075456435319,-2.7482813842697107,-1.2028921119022122,0.0,-2.8825595378875732,-1.074226975440979,-0.010060886852443218,1.9172044295459836,-5.10807604894939,-0.07616492221855425,2.935024379987996,-5.116694620237972,-0.3120058219222209,1.7244289331025704,-5.191473688727418,0.10534007444967317,1.2496110992825664,-4.516328558992126,0.1403511326455018,-1.0178199504420125,0.00861857128858231,0.23584089970366667,0.0,0.0,0.0,0.0,0.0,0.0
5.9333,-4.147468290347713,1.8115732104596611,1.0,-4.006434440612793,1.8802287578582764,0.986772358417511,-0.23374837640151794,-0.10005706617512779,-0.012407442145727999,-0.9670555615724006,-2.7173598156894916,-1.27120243552157,0.0,-2.8481264114379883,-1.1663856506347656,0.0012339702807366848,2.055196378358169,-4.925230067077756,-0.14338473298029614,3.0747934691697534,-4.940969861728416,-0.38599324481760067,2.0663147051249036,-5.530396028271382,0.677798730264758,1.4907169310688508,-4.815699810593024,0.29901548668846234,-1.0195970908115843,0.015739794650659826,0.2426085118373045,0.0,0.0,0.0,0.0,0.0,0.0
5.95,-4.192491240848632,1.7898210483197667,1.0,-4.0348687171936035,1.8697361946105957,0.9868454337120056,-0.23374837640151794,-0.10005706617512779,-0.012407442145727999,-0.9670555615724006,-2.68473157247965,-1.338736861272948,0.0,-2.8312385082244873,-1.2155073881149292,0.005457005463540554,2.165369347166056,-5.044393896612022,-0.1686497852441437,3.1923464524542835,-5.0767325929088205,-0.41827507935179975,1.0131592121636892,-2.946969805329481,0.2533533585938953,1.3497331638625902,-4.264016557231665,0.2855351918830813,-1.0269771052882277,0.03233869629679858,0.24962529410765608,0.0,0.0,0.0,0.0,0.0,0.0
5.9666,-4.236962021840972,1.7669471326634754,1.0,-4.0913238525390625,1.8474971055984497,0.9869614243507385,-0.23134596915790454,-0.10831636807520906,-0.010361507678463626,-0.9667674878628286,-2.6504206989952133,-1.4054430327614584,0.0,-2.79252290725708,-1.3035986423492432,-0.0002587803755886853,2.2964940857485368,-4.869134067082863,-0.13450029271821679,3.327641650545891,-4.911521965198086,-0.3879433846919808,2.322340288603178,-5.284119674499092,-0.342859193801798,1.6368645639621213,-4.565169642435534,0.10002168371861188,-1.0311475647973538,0.04238789811522404,0.253443091973764,0.0,0.0,0.0,0.0,0.0,0.0
5.9833,-4.280867568585711,1.742956916534874,1.0,-4.147057056427002,1.8235549926757812,0.987051248550415,-0.22965144984516797,-0.11662572989460916,-0.008622317974661621,-0.966221728321461,-2.614435374802311,-1.4713013528785663,0.0,-2.755060911178589,-1.387188196182251,0.0074932146817445755,2.443328275425661,-4.710353320807107,-0.18102949392273787,3.4776524458255764,-4.758836789233076,-0.4406481758077258,2.246340138388517,-5.012294847601075,0.46483421794694807,1.8167928932535529,-4.697169175354043,0.20772101170243557,-1.0343241703999155,0.048483468425968956,0.25961868188498793,0.0,0.0,0.0,0.0,0.0,0.0
6.0,-4.324117504857239,1.7179008516922571,1.0,-4.17470121383667,1.8110156059265137,0.9871329665184021,-0.2274591235679571,-0.1243118768017908,-0.006718797708515584,-0.9657970566758652,-2.5768512775383856,-1.536176257285859,0.0,-2.7375221252441406,-1.4266291856765747,0.006818853318691254,2.580394262776174,-4.870715388738859,-0.17696317439980364,3.62512313183346,-4.93724297739687,-0.44167712495318534,1.0527197011977847,-2.3673421199502,-0.04047677503255628,1.5912245215721241,-4.009361645066519,0.13444848861061592,-1.0447288690572865,0.0665275886580109,0.2647139505533817,0.0,0.0,0.0,0.0,0.0,0.0
6.0166,-4.366732626906434,1.6917687497685072,1.0,-4.229458332061768,1.784639596939087,0.9872134327888489,-0.22530360729456447,-0.13133590198722236,-0.0046253215961309675,-0.9653848183505802,-2.5376531246527607,-1.6000989403596515,0.0,-2.6928462982177734,-1.5164047479629517,0.0008975006639957428,2.701834418875986,-4.657129128366823,-0.14141118961463123,3.7531576203524732,-4.733072564477883,-0.4085914247563236,2.6806672198220367,-5.386770049497868,-0.35529674580126464,1.9128479184397353,-4.415997781706707,-0.010133255931161517,-1.0513232014764873,0.07594343611105936,0.26718023514169237,0.0,0.0,0.0,0.0,0.0,0.0
6.0334,-4.4088087159560905,1.6644948877722052,1.0,-4.283388137817383,1.756544589996338,0.9872698783874512,-0.2222495807970143,-0.13845764727510446,-0.0025697355005576514,-0.965105216157559,-2.4967423316583077,-1.6632130739341355,0.0,-2.6487631797790527,-1.5970268249511719,0.00680597173050046,2.8346438987046265,-4.488148125119339,-0.17671868691506804,3.8909021215193462,-4.569612876689329,-0.44852444100661504,2.637406213448207,-4.823460188856874,0.35349219507781077,2.126750770277265,-4.536288131712274,0.09721562338933214,-1.0562582228147197,0.08146475156999104,0.271805754091547,0.0,0.0,0.0,0.0,0.0,0.0
6.05,-4.449942073940575,1.636347526224564,1.0,-4.3100433349609375,1.7419105768203735,0.9873021245002747,-0.2222495807970143,-0.13845764727510446,-0.0025697355005576514,-0.965105216157559,-2.4545212893368458,-1.7249131109108617,0.0,-2.6253514289855957,-1.6340594291687012,0.0027786605060100555,2.9653346603968695,-4.642141695210688,-0.15229413218902893,4.033417884406037,-4.74075855921068,-0.42690680983772833,1.4091815794383136,-2.2290372113714967,-0.24240873065345925,1.9149112297342843,-3.855145489131822,-0.0030476934254763804,-1.068083224009168,0.09861686399999185,0.2746126776486994,0.0,0.0,0.0,0.0,0.0,0.0
6.0666,-4.490499768661811,1.6070812987575254,1.0,-4.362704753875732,1.7114732265472412,0.9872341156005859,-0.21844741876243737,-0.14601374481284968,-0.00031024295188863905,-0.9648630403660153,-2.410621948136288,-1.7857496529927166,0.0,-2.578730821609497,-1.7194957733154297,-0.0031577199697494507,3.09864994270952,-4.424578643462515,-0.11591014792965554,4.1758979881301395,-4.532193350781109,-0.39125832480709716,2.7963990504247347,-5.124646054400366,-0.3560762001973515,2.175142545840508,-4.229925259360141,-0.10726816112099255,-1.077248045420619,0.10761470731859496,0.2753481768774416,0.0,0.0,0.0,0.0,0.0,0.0
6.0833,-4.530305078070633,1.5768162273624706,1.0,-4.414557456970215,1.6795198917388916,0.9871350526809692,-0.2158837471397092,-0.15373640142755388,0.00225380272412014,-0.9642376654278108,-2.3652243410437057,-1.8454576171059491,0.0,-2.53279185295105,-1.7901686429977417,-0.002649672795087099,3.2432707624387853,-4.283963918557257,-0.1180341073111481,4.328876689755793,-4.398891291641725,-0.39475456646957363,2.7551977578860067,-4.23861783967741,0.030470219019003632,2.3463854464249314,-4.232491467948877,-0.06660527378342856,-1.0856059273170078,0.11492737308446793,0.2767204591584255,0.0,0.0,0.0,0.0,0.0,0.0
6.1,-4.569324177398306,1.545579545889539,1.0,-4.440120220184326,1.6630126237869263,0.9870652556419373,-0.21160309193398807,-0.16059361992329144,0.004944331092510072,-0.9640588363495789,-2.3183693188343084,-1.9039862660974594,0.0,-2.501481533050537,-1.8321768045425415,-0.004051014315336943,3.354898381404863,-4.388407221713511,-0.10884621748097517,4.454326592153265,-4.518787094776682,-0.3867146187814004,1.8799387311039852,-2.522260077874485,-0.08413954912605932,2.208681850558664,-3.7275999027578424,-0.07178171234818109,-1.0994282107484017,0.13037987306317117,0.2778684013004252,0.0,0.0,0.0,0.0,0.0,0.0
6.1166,-4.607566750547747,1.5133635362536015,1.0,-4.490426063537598,1.6287453174591064,0.9869462847709656,-0.20768219432462193,-0.16814546853187112,0.007170611924552518,-0.9636098038255438,-2.2700453043804023,-1.9613501258216206,0.0,-2.4462642669677734,-1.9074312448501587,-0.0013261546846479177,3.4579484738158968,-4.200244453489441,-0.12416535391277422,4.567172654390714,-4.340550774153499,-0.4044345090450418,3.3127074035930884,-4.514818629133768,0.16347536400671558,2.534610372697532,-3.9600012592142604,-0.002329523485056606,-1.1092241805748173,0.1403063206640579,0.2802691551322676,0.0,0.0,0.0,0.0,0.0,0.0
6.1335,-4.645320675149104,1.4799027944484593,1.0,-4.539701461791992,1.5929986238479614,0.9868404865264893,-0.20414435625048108,-0.17678547764619526,0.008959282028506366,-0.9628041668162581,-2.219854191672689,-2.017981012723656,0.0,-2.3889992237091064,-1.9875669479370117,-0.0021046146284788847,3.5562824817321705,-3.9744009635014703,-0.11852301860609943,4.672583091528204,-4.118226432770656,-0.4009101312214233,3.4053621051437646,-4.765404355469857,-0.04629242976592185,2.791672199324665,-4.197770974024901,-0.01530817695341993,-1.1163006097960333,0.1438254692691852,0.2823871126153239,0.0,0.0,0.0,0.0,0.0,0.0
6.15,-4.681557320952174,1.4461325557926739,1.0,-4.563910007476807,1.5744925737380981,0.9867919683456421,-0.20414435625048108,-0.17678547764619526,0.008959282028506366,-0.9628041668162581,-2.169198833689011,-2.0723359814282616,0.0,-2.3578100204467773,-2.0270678997039795,0.0014285335782915354,3.6925287798370734,-4.06598244085849,-0.1390431370946476,4.823561872665797,-4.221580021027131,-0.4248562871665683,1.8888904932424628,-2.3922692618690076,0.2139756505754014,2.5251545390507246,-3.6647538684472574,0.052380599679888395,-1.1310330928287233,0.15559758016864042,0.2858131500719207,0.0,0.0,0.0,0.0,0.0,0.0
6.1666,-4.717278149159355,1.4111423202198397,1.0,-4.6114678382873535,1.5364323854446411,0.9868389964103699,-0.20184632896992746,-0.18247034137938734,0.010034195252928209,-0.9622172298038955,-2.1167134803297594,-2.125917223739033,0.0,-2.298203229904175,-2.098809242248535,0.012973673641681671,3.7875934792662735,-3.8650322713190657,-0.20811040554603893,4.929488300041195,-4.027353207555154,-0.5012007240589984,3.5763085241821275,-4.304361508861773,0.6926892464050453,2.8354744079818537,-3.853577734358748,0.24141141546695888,-1.1418948207749213,0.16232093623608831,0.29309031851295947,0.0,0.0,0.0,0.0,0.0,0.0
6.1833,-4.752125861943303,1.3752565146456928,1.0,-4.657904148101807,1.4969934225082397,0.9870362281799316,-0.19773118246267513,-0.19018537665850063,0.011604966150080677,-0.961559781113974,-2.0628847719685393,-2.178188792914955,0.0,-2.2352423667907715,-2.165574073791504,0.01862582005560398,3.867579608237348,-3.681593984291067,-0.24257706411622054,5.017048225754339,-3.847740815746774,-0.5439235500589998,3.7754410545277786,-4.003545592314071,0.3389303221413662,3.1129697423303226,-3.897850987072298,0.2702007791240125,-1.1494686175169908,0.1661468314557069,0.30134648594277935,0.0,0.0,0.0,0.0,0.0,0.0
6.2,-4.786030269270642,1.3385492291325798,1.0,-4.680624961853027,1.4767811298370361,0.9871618151664734,-0.19213161753006017,-0.19691746955745185,0.012418105298401361,-0.961329701467953,-2.0078238436988696,-2.229045403905963,0.0,-2.195199728012085,-2.2027430534362793,0.019659733399748802,3.9763006460865946,-3.765905756877762,-0.24898080938329942,5.13964145290272,-3.943256697268589,-0.5578284861491316,2.4040738036959106,-2.231545497487869,0.06207393073388586,2.9036907043639295,-3.4059271505637767,0.20875792943020738,-1.1633408068161255,0.17735094039082713,0.3088476767658322,0.0,0.0,0.0,0.0,0.0,0.0
6.2166,-4.81903961570706,1.3009683493123685,1.0,-4.7249979972839355,1.4352672100067139,0.9874796271324158,-0.18768844457038947,-0.20266091494053212,0.012793591571784942,-0.9610088375102396,-1.9514525239685527,-2.2785594235605893,0.0,-2.127829074859619,-2.2662711143493652,0.02379162237048149,4.039825931608836,-3.5798388266069674,-0.27494363677654293,5.212371344373164,-3.764669883940583,-0.5919053534211496,4.040104658145321,-3.8096708701495525,0.24778242597437877,3.2391808743839414,-3.525119676031834,0.22027867408226393,-1.1725454127643276,0.18483105733361554,0.3169617166446067,0.0,0.0,0.0,0.0,0.0,0.0
6.2335,-4.85139724486218,1.2622070308131061,1.0,-4.768157482147217,1.3925691843032837,0.987738847732544,-0.18165746367323635,-0.2105235557271202,0.014409333156298583,-0.9604545221586244,-1.8933105462196593,-2.3270958672932696,0.0,-2.061440944671631,-2.325690984725952,0.01765998639166355,4.115762137842523,-3.4098355995018617,-0.23903724354882344,5.29522541810023,-3.6001223214370945,-0.5610753016623644,3.9449174753842886,-3.530849330594319,-0.36435425816391587,3.4475272181358045,-3.5268111747827318,0.047684346825085974,-1.1794632802577072,0.19028672193523305,0.3220380581135409,0.0,0.0,0.0,0.0,0.0,0.0
6.25,-4.882152845040145,1.2234346631231985,1.0,-4.7892069816589355,1.3707293272018433,0.9878005981445312,-0.18165746367323635,-0.2105235557271202,0.014409333156298583,-0.9604545221586244,-1.8351519946847978,-2.373229267560218,0.0,-2.0220155715942383,-2.3585569858551025,0.01180374063551426,4.247297531665607,-3.4892945545973384,-0.20380602816062948,5.441728800426552,-3.691719010767596,-0.5286655522269098,2.3899351071671173,-1.992311138731916,-0.3550010116922721,3.1353066967843373,-3.073798717238203,-0.07119573111132604,-1.1944312687609449,0.20242445617025762,0.3248595240662803,0.0,0.0,0.0,0.0,0.0,0.0
6.2666,-4.912236867913909,1.1835084628929144,1.0,-4.830224990844727,1.326200246810913,0.9878594279289246,-0.178589730230297,-0.21380299279012974,0.01579179193430438,-0.9602836166879126,-1.7752626943393717,-2.418355301870863,0.0,-1.9468364715576172,-2.413071870803833,0.014778892509639263,4.276551029208663,-3.322490987394714,-0.2215464550792649,5.479761528567787,-3.534585824627123,-0.5506121914917328,4.511331120521918,-3.2713173858303763,0.1785322680303594,3.5415342570279478,-3.1321098383641077,0.00252853865148453,-1.2032104993591246,0.21209483723240882,0.32906573641246784,0.0,0.0,0.0,0.0,0.0,0.0
6.2833,-4.9413470991015584,1.1427946885906055,1.0,-4.850199222564697,1.303568720817566,0.9879000186920166,-0.17405933782499167,-0.21953056642738702,0.017461312897517935,-0.9597941231893071,-1.7141920328859084,-2.4620206486523375,0.0,-1.9106404781341553,-2.4389591217041016,0.01283424161374569,4.444096278813242,-3.4306472898901514,-0.2096777326949723,5.665811842114025,-3.6598776094805276,-0.5422685644424343,2.1694031237050058,-1.5515497063488661,-0.11655245039725068,3.1364560672745516,-2.6654995986251375,-0.03262634582452615,-1.2217155633007835,0.2292303195903761,0.33259083174746207,0.0,0.0,0.0,0.0,0.0,0.0
6.3,-4.969398706497989,1.1014118025256683,1.0,-4.889016151428223,1.2574529647827148,0.9879406094551086,-0.16589337012093777,-0.22703411211339522,0.01792341094459136,-0.9594861140203895,-1.6521177037885024,-2.5040980597469833,0.0,-1.8284695148468018,-2.4950506687164307,0.01401128713041544,4.4391194130187035,-3.232387463258233,-0.21654095730751693,5.670747329056349,-3.473838835947567,-0.5532214963025694,4.929980403095453,-3.365303465934286,0.0706187575097627,3.665937232441001,-2.8720944909555177,-0.002146504252625296,-1.2316279160376449,0.24145137268933425,0.3366805389950525,0.0,0.0,0.0,0.0,0.0,0.0
6.3166,-4.996394294097535,1.0593613165267672,1.0,-4.926275253295898,1.2101974487304688,0.9880729913711548,-0.15920374329994771,-0.23309461292666314,0.01867071671553801,-0.9591519316585466,-1.5890419747901507,-2.5445914411463026,0.0,-1.7514866590499878,-2.5466439723968506,0.021140081807971,4.466566565574556,-3.047661141029132,-0.2595783811761851,5.70395739405885,-3.298346669554303,-0.6028896125847235,4.622612741589119,-3.0980386542591267,0.42806488233715106,3.948365328426722,-2.938797337668661,0.12485976027914042,-1.2373908284842938,0.2506855285251711,0.3433112314085384,0.0,0.0,0.0,0.0,0.0,0.0
6.3333,-5.022343994203038,1.0166273484579902,1.0,-4.944283962249756,1.1861848831176758,0.9881860017776489,-0.15920374329994771,-0.23309461292666314,0.01867071671553801,-0.9591519316585466,-1.5249410226869853,-2.583515991304558,0.0,-1.7044808864593506,-2.5697102546691895,0.024575592949986458,4.586518475615132,-3.143092369537085,-0.2803626892288537,5.837610013984866,-3.4099790267278776,-0.631003330451968,2.8202683565308195,-1.383938661364384,0.20612496781438197,3.615330483473365,-2.47977463741523,0.14885073487250094,-1.251091538369734,0.2668866571907926,0.35064064122311434,0.0,0.0,0.0,0.0,0.0,0.0
6.35,-5.047213929951674,0.9732643438361565,1.0,-4.978851795196533,1.1374174356460571,0.9885727167129517,-0.15632226073184508,-0.23797453046375835,0.020336781637173666,-0.9583933726790476,-1.4598965157542347,-2.620820894927512,0.0,-1.602199673652649,-2.6217055320739746,0.04057447239756584,4.466405974751415,-2.9330964082580526,-0.37790871869445825,5.717798214503993,-3.2113067439237133,-0.740936142033517,6.1382835639371,-3.1204338307888224,0.9601534442115355,4.360152346229299,-2.6689089409800526,0.3883621232958503,-1.2513922397525783,0.2782103356656608,0.36302742333905874,0.0,0.0,0.0,0.0,0.0,0.0
6.3669,-5.071424869486574,0.9284685949263297,1.0,-5.0114593505859375,1.0877597332000732,0.9892309308052063,-0.15284390239766524,-0.24354349892462404,0.019949494246207088,-0.9575632904976256,-1.3927028923894946,-2.6571373042298614,0.0,-1.5115853548049927,-2.662350654602051,0.04424693435430527,4.59113894362857,-3.036212110892884,-0.41640998639791066,5.852155236693331,-3.332763525493,-0.7923799375215452,2.8715922781653638,-1.1513686923874367,0.36512618727410273,3.920702206904595,-2.220903322676561,0.3815024502862299,-1.2610162930647615,0.2965514146001161,0.3759699511236345,0.0,0.0,0.0,0.0,0.0,0.0
6.3834,-5.093759321530791,0.8845493182527447,1.0,-5.027111530303955,1.0626150369644165,0.9895325303077698,-0.14593038624902924,-0.25089041111649757,0.018407551793435995,-0.9567756080458054,-1.326823977379117,-2.690638982296187,0.0,-1.464177131652832,-2.685096025466919,0.04205082356929779,4.547618573352457,-2.8476697836950153,-0.39084474111077044,5.810267343224536,-3.1590358937918097,-0.7765055114944461,5.440463546289156,-2.6726222519678164,-0.2891151281808791,4.369363531805969,-2.354259006919007,0.1835238838758962,-1.2626487698720799,0.3113661100967944,0.38566077038367563,0.0,0.0,0.0,0.0,0.0,0.0
6.4,-5.1152939990371165,0.8394686992734354,1.0,-5.056909561157227,1.0115172863006592,0.9900972247123718,-0.1432400475414576,-0.25348056676515884,0.01865689254922648,-0.9564945728599348,-1.259203048910153,-2.7229409985556745,0.0,-1.359337329864502,-2.736666679382324,0.043324414640665054,4.413102844959832,-2.603406042233598,-0.40097993652183733,5.666558851006342,-2.923533693814167,-0.7960932646333349,6.295527430993014,-3.096767266063452,0.07647789664700493,4.938002320404459,-2.5734610162508567,0.15192195190746033,-1.2534560060465099,0.32012765158056894,0.3951133281114975,0.0,0.0,0.0,0.0,0.0,0.0
6.4174,-5.136510063085072,0.7919790326689629,1.0,-5.071009635925293,0.9855942130088806,0.9904234409332275,-0.1432400475414576,-0.25348056676515884,0.01865689254922648,-0.9564945728599348,-1.1879685490034442,-2.7547650946276074,0.0,-1.3070811033248901,-2.7552859783172607,0.04834501072764397,4.537992440581394,-2.6869747031498488,-0.4324023431422734,5.793369451914374,-3.022187910544805,-0.8381207946875613,3.012390219766627,-1.073338006294754,0.2894199514836652,4.369526432823223,-2.1305972851373274,0.19251387450902516,-1.25537701133298,0.33521320739495636,0.4057184515452879,0.0,0.0,0.0,0.0,0.0,0.0
6.4334,-5.155015224147762,0.7476085327094825,1.0,-5.097748279571533,0.9332793951034546,0.9911488890647888,-0.14285653229343273,-0.25620487583263024,0.019654002691297197,-0.9558058090615698,-1.1214127990642238,-2.782522836221644,0.0,-1.2106475830078125,-2.787785053253174,0.050400421023368835,4.440611741083481,-2.5219481601080465,-0.44807824389833856,5.688594345190324,-2.87147665413099,-0.8644315484800955,6.0150722008238775,-2.027140371488482,0.12820688584685394,4.855321620083348,-2.1000549132891955,0.17352927608170157,-1.247982604106842,0.34952849402294356,0.416353304581757,0.0,0.0,0.0,0.0,0.0,0.0
6.45,-5.173054609880448,0.7011892957009551,1.0,-5.122555732727051,0.8802122473716736,0.9918307065963745,-0.13817301643622026,-0.2605851029679583,0.020537822104570606,-0.9552915332160398,-1.0517839435514327,-2.8095819148206727,0.0,-1.1132899522781372,-2.827972650527954,0.04142282158136368,4.3478306838388905,-2.308462729250163,-0.39735081215427387,5.582258388957648,-2.6684592723799168,-0.8204983751390947,5.87136407424981,-2.423600626896145,-0.5414136975369883,5.155275923320836,-2.1955715215691765,-0.03753495713703947,-1.2344277051187575,0.3599965431297539,0.42314756298482087,0.0,0.0,0.0,0.0,0.0,0.0
6.4666,-5.189977315711823,0.6542061953961713,1.0,-5.145423412322998,0.8262621760368347,0.9921802282333374,-0.13126925201465847,-0.261807261476009,0.022130930831433904,-0.9558952025272613,-0.981309293094257,-2.834965973567734,0.0,-1.010951280593872,-2.869961977005005,0.02724035643041134,4.223705968829414,-2.071147950927902,-0.3137433285838131,5.4381380884604384,-2.437108947469652,-0.7388984741232791,6.148770215874744,-2.5228265696400176,-0.8521189289704766,5.4485735971251295,-2.2921831931804473,-0.2780150342221783,-1.2144321196310246,0.36596099654174985,0.425155145539466,0.0,0.0,0.0,0.0,0.0,0.0
6.4833,-5.205759042867754,0.6066980060357711,1.0,-5.156095027923584,0.7990257740020752,0.9922908544540405,-0.1293112885569485,-0.2624758263972252,0.026134502118332275,-0.9558776272914323,-0.9100470090536565,-2.8586385643016317,0.0,-0.9610119462013245,-2.8855209350585938,0.02541269361972809,4.360773196574686,-2.117504844225713,-0.3030731807094628,5.568664073494176,-2.4943093558625082,-0.7308207514367491,2.992510179298521,-0.9323380241445818,-0.10951887188370597,4.723498785358881,-1.8907320446419325,-0.22827188740269821,-1.2078908769194896,0.37680451163679496,0.4277475707272863,0.0,0.0,0.0,0.0,0.0,0.0
6.5,-5.220312991173803,0.5589257696055174,1.0,-5.175987243652344,0.7440389394760132,0.9924628138542175,-0.12574840998643616,-0.26453646484626375,0.030317113217704857,-0.9556614561054199,-0.8383886544082761,-2.8804694867607052,0.0,-0.8679836392402649,-2.9123387336730957,0.022896699607372284,4.291253350583652,-1.9471044858415494,-0.2885860834225173,5.487376867638268,-2.334388748574001,-0.7190212413651408,5.588579040089374,-1.6110514329910197,-0.15114573038857618,4.978886288103606,-1.8081652162060018,-0.20550283617487825,-1.1961235170546156,0.38728426273245165,0.4304351579426235,0.0,0.0,0.0,0.0,0.0,0.0
6.5166,-5.233681495972081,0.5107600925436262,1.0,-5.194101333618164,0.6884737014770508,0.9925268292427063,-0.11585101286706226,-0.2635403346184209,0.0332200617025897,-0.9570901078293937,-0.7661401388154393,-2.900522243958122,0.0,-0.7789168953895569,-2.9473423957824707,0.010013646446168423,4.243491515476499,-1.7149897333993402,-0.21135878939567648,5.4252648502985,-2.108605492813325,-0.6407891849636055,5.345156674774646,-2.1006724853340963,-0.7731498269602232,5.087016000774488,-1.8945187083690798,-0.37308260305141017,-1.1817733348220008,0.3936157594139848,0.429430395567929,0.0,0.0,0.0,0.0,0.0,0.0
6.5333,-5.245850037954542,0.4622419602246284,1.0,-5.202444076538086,0.6603568196296692,0.9924188256263733,-0.11585101286706226,-0.2635403346184209,0.0332200617025897,-0.9570901078293937,-0.6933629403369426,-2.918775056931813,0.0,-0.7280118465423584,-2.966449499130249,0.00015408213948830962,4.382250936343296,-1.7060075850604637,-0.15140858591284884,5.5611408917061755,-2.1073559382814513,-0.577901372632762,3.053170267835438,-1.1460010581859261,-0.5913544781250893,4.486587566692222,-1.673542616965653,-0.4375204500484403,-1.1788899553628793,0.4013483532209875,0.4264927867199131,0.0,0.0,0.0,0.0,0.0,0.0
6.55,-5.256799192702666,0.413445183111609,1.0,-5.217714309692383,0.6036656498908997,0.9920449256896973,-0.10928561388205807,-0.2610968447342215,0.03715670379405276,-0.9583864184490433,-0.6201677746674135,-2.935198789054,0.0,-0.6313961744308472,-2.9924988746643066,-0.0019565385300666094,4.287317278120139,-1.502160303439672,-0.13661011366257186,5.455873126513388,-1.9096968045328566,-0.5612204177379001,5.79520493092698,-1.5624946371878843,-0.12659932953117403,4.872915330934647,-1.6407592236501665,-0.34573085239517504,-1.1685558483932486,0.4075365010931846,0.4246103040753283,0.0,0.0,0.0,0.0,0.0,0.0
6.5667,-5.266548828017594,0.3642604933596645,1.0,-5.231104373931885,0.5463562607765198,0.9916314482688904,-0.10612579616056751,-0.2610033472191562,0.04137547688944772,-0.9585941602653535,-0.5463907400394967,-2.9498232420263912,0.0,-0.5354453325271606,-3.029712438583374,-0.006149661261588335,4.193820929493043,-1.2183796775908318,-0.10910428850901782,5.346652450301623,-1.6259115479796526,-0.5317395031204866,5.741614711882784,-2.2268272152711397,-0.25091280791680337,5.129371265887583,-1.813777206664154,-0.3177388326235371,-1.15283152080858,0.4075318703888209,0.42263521461146875,0.0,0.0,0.0,0.0,0.0,0.0
6.5833,-5.275020603182985,0.3151088970542067,1.0,-5.237071990966797,0.5174379348754883,0.9913858771324158,-0.100010883765872,-0.26058031403229626,0.04445135389377273,-0.9592288075102305,-0.47266334558131007,-2.9625309047744772,0.0,-0.48794710636138916,-3.0469400882720947,-0.010911788791418076,4.357105650265467,-1.1851992525000161,-0.0790172041281369,5.506972049861736,-1.593804225413101,-0.4992414342365932,2.856597983969258,-1.0360906783671011,-0.2863998300407938,4.458407052336226,-1.5841899293058537,-0.3084869862609002,-1.149866399596269,0.4086049729130849,0.4202242301084563,0.0,0.0,0.0,0.0,0.0,0.0
6.6,-5.282275681592594,0.2656748429313807,1.0,-5.247565269470215,0.45902615785598755,0.9908639192581177,-0.09327467414056528,-0.2586754714087782,0.0466684045659913,-0.9603171655793273,-0.3985122643970711,-2.973413522388892,0.0,-0.3868185877799988,-3.080811023712158,-0.004566855262964964,4.227177818858545,-0.8943745536940058,-0.11417267623208888,5.364873099174893,-1.2987116294958956,-0.5354474377956386,6.071625393644432,-2.033567134268537,0.3809415985989837,4.934658592370559,-1.71685429372552,-0.10495506694429482,-1.1376952803163487,0.4043370758018899,0.42127476156354976,0.0,0.0,0.0,0.0,0.0,0.0
6.6166,-5.288297658572345,0.21603800803500056,1.0,-5.252039432525635,0.4295162260532379,0.9906566739082336,-0.09327467414056528,-0.2586754714087782,0.0466684045659913,-0.9603171655793273,-0.3240570120525008,-2.9824464878585175,0.0,-0.3367369771003723,-3.09964919090271,-0.0026030598673969507,4.378625701016682,-0.8280532017127715,-0.12460775567380894,5.5151326054513765,-1.2280500400738341,-0.5479778707745191,3.0046845944786154,-1.1302102703475898,0.1178194089946002,4.36489499299511,-1.543666255608429,-0.03918796987533697,-1.136506904434695,0.3999968383610626,0.4233701151007102,0.0,0.0,0.0,0.0,0.0,0.0
6.6333,-5.293076493719588,0.16627113454364803,1.0,-5.259535789489746,0.3700372278690338,0.9903032779693604,-0.08687519149308028,-0.25735717067091807,0.04721171959014527,-0.9612446069808096,-0.24940670181547203,-2.9896147405793827,0.0,-0.23656587302684784,-3.128113031387329,0.005417292006313801,4.249281962939662,-0.5431393931373605,-0.17063969120481376,5.375331190502127,-0.9349430883460688,-0.5990343195439585,6.010787886808109,-1.7079786549163793,0.4812628785148929,4.85079265813965,-1.5921742791123576,0.11445863313626786,-1.1260492275624645,0.3918036952087083,0.42839462833914477,0.0,0.0,0.0,0.0,0.0,0.0
6.65,-5.296609116502668,0.11641321187234623,1.0,-5.2651519775390625,0.30988171696662903,0.990078330039978,-0.07980086404395097,-0.2563539492358133,0.045081364985313614,-0.9622277243691747,-0.17461981780851935,-2.994913674754002,0.0,-0.13674396276474,-3.159491777420044,0.010950987227261066,4.116913950351536,-0.22621548141752404,-0.20238652860455092,5.225452719526705,-0.6044465791243445,-0.6372201743528569,5.991634527319042,-1.8834540198631902,0.33215031912762244,5.1875900297166,-1.6781653824622556,0.17872519771176043,-1.108538769175168,0.3782310977068205,0.4348336457483061,0.0,0.0,0.0,0.0,0.0,0.0
6.6666,-5.298895519438544,0.06645827539525861,1.0,-5.26877498626709,0.24920746684074402,0.9899733066558838,-0.07283074467776486,-0.25394038888241266,0.04082938017329206,-0.9636093402102103,-0.09968741309288792,-2.998343279157816,0.0,-0.03697226196527481,-3.1783368587493896,0.01446125004440546,3.979203550738515,0.029226433504776207,-0.22258873232651583,5.064614044502012,-0.3342904859682692,-0.6643081110324051,5.985708372668498,-1.1305927451653508,0.21059488177995195,5.4232091522045405,-1.5165119316455262,0.1881337109484594,-1.0854104937634967,0.36351691947304543,0.44171937870588923,0.0,0.0,0.0,0.0,0.0,0.0
6.6833,-5.2999324747448195,0.01643461167961152,1.0,-5.269837856292725,0.2187330424785614,0.9899458885192871,-0.06585450348183253,-0.2519092795691121,0.03527594282610259,-0.9648630403660153,-0.024651917519417282,-2.99989871211723,0.0,0.0153144346550107,-3.1855556964874268,0.018700622022151947,4.117656988739548,0.07463889525222112,-0.24755240118808958,5.192083102740725,-0.275987778896335,-0.6968422522546247,3.1340664634690962,-0.43269739192568774,0.2541081078063594,4.747412390568106,-1.196550070044946,0.20761055875130013,-1.0744261140011768,0.35062667414855614,0.44928985106653513,0.0,0.0,0.0,0.0,0.0,0.0
6.7,-5.29971880763151,-0.03353640417238413,1.0,-5.2704949378967285,0.15757989883422852,0.9899344444274902,-0.056809452616606575,-0.25025153865005734,0.028514450360045414,-0.9660920846154415,0.05030460625857619,-2.999578211447264,0.0,0.10622654855251312,-3.191653251647949,0.017111152410507202,4.025309731916224,0.2783097100343093,-0.23762308964130513,5.084230993834685,-0.06081144483653661,-0.693039900294314,5.458714504090675,-0.3661207661694391,-0.09543789546768976,4.957401775340466,-0.9513921613271272,0.1181451160823441,-1.0589212619184611,0.33912115487084593,0.4554168106530089,0.0,0.0,0.0,0.0,0.0,0.0
6.7166,-5.298254800772531,-0.08353293475948423,1.0,-5.270118713378906,0.12693199515342712,0.9899006485939026,-0.04746122893332965,-0.2483251010350335,0.02281939960185935,-0.9672442108663353,0.12529940213922636,-2.9973822011587967,0.0,0.15564200282096863,-3.1929454803466797,0.013692271895706654,4.18046157581564,0.3114792032916083,-0.21660406226509282,5.23494097958244,-0.017594383000443747,-0.6764449448730907,2.96387012012012,-0.0775060775060775,-0.20505969138781638,4.368874793843364,-0.693405016885882,0.022729149524872455,-1.0544794037668002,0.329073586292052,0.4598408826079979,0.0,0.0,0.0,0.0,0.0,0.0
6.7333,-5.295543803184441,-0.1334351137151493,1.0,-5.26790714263916,0.0656026229262352,0.989736795425415,-0.04746122893332965,-0.2483251010350335,0.02281939960185935,-0.9672442108663353,0.20015267057272396,-2.9933157047766623,0.0,0.2512795925140381,-3.19272518157959,0.008426391519606113,4.051692611851525,0.5006562942629287,-0.183847544701722,5.093892693423342,0.18028343607037578,-0.6461567315698177,5.740560198634744,0.013223235113127353,-0.31607972759277014,4.773821396387417,-0.48479544146201725,-0.07729342359671124,-1.0422000815718175,0.3203728581925529,0.4623091868680957,0.0,0.0,0.0,0.0,0.0,0.0
6.75,-5.291585357664085,-0.18326964598104137,1.0,-5.263853549957275,0.004361527971923351,0.9893750548362732,-0.03353504617493578,-0.2450600479011673,0.014598530359263949,-0.9688177634554895,0.27490446897156207,-2.9873780364961284,0.0,0.3468168377876282,-3.183302402496338,-0.006853863131254911,3.9171355555262424,0.6457793598495646,-0.09000319494713155,4.94092755489556,0.3310334663438195,-0.5496887936047721,5.732978282018999,0.5654400824081492,-0.9169342051494364,5.0569820400645416,-0.17474671908242762,-0.3251707288880959,-1.0237919993693176,0.31474589350574506,0.45968559865764047,0.0,0.0,0.0,0.0,0.0,0.0
6.7667,-5.286362172651449,-0.23316371728768623,1.0,-5.257873058319092,-0.05673562362790108,0.9888370633125305,-0.026445271905827232,-0.24332810745530914,0.010085108645929314,-0.9695310567196879,0.34974557593152933,-2.9795432589771744,0.0,0.43865907192230225,-3.167391061782837,-0.010251740925014019,3.799113767054268,0.7626472390154582,-0.0665526913466738,4.8008865214277705,0.4499817857428927,-0.5237576966484346,5.493094671096724,0.9516591327163575,-0.20322746476927575,5.185730459816001,0.15778887630872673,-0.2891708484960182,-1.0017727543735029,0.31266545327256545,0.45720500530176084,0.0,0.0,0.0,0.0,0.0,0.0
6.7833,-5.279923906989495,-0.28266821988234,1.0,-5.254241943359375,-0.08711850643157959,0.9885299801826477,-0.017209949092998857,-0.24289639728601206,0.006067376017931363,-0.9698806648280858,0.42400232982350994,-2.9698858604842435,0.0,0.4810671806335449,-3.155874729156494,-0.015509145334362984,3.989327763682216,0.7640153303755699,-0.03309096409707196,4.983282251743039,0.4532051628538367,-0.48711092215436824,2.547477192329175,0.6917921028887329,-0.3158150228971829,4.406869874445828,0.31543638906623406,-0.29703669576949254,-0.9939544880608226,0.3108101675217332,0.4540199580572963,0.0,0.0,0.0,0.0,0.0,0.0
6.8,-5.272222622846,-0.3321715308909612,1.0,-5.250156402587891,-0.11743701249361038,0.9881706237792969,-0.017209949092998857,-0.24289639728601206,0.006067376017931363,-0.9698806648280858,0.4982572963364418,-2.9583339342689996,0.0,0.5258293747901917,-3.1473939418792725,-0.018030265346169472,4.166666666220682,0.7943140043084926,-0.015772303741913463,5.162952033174066,0.4862982926759976,-0.46689654978960526,2.6799835843266004,0.5077581899935765,-0.15094345514238813,3.8970614783507767,0.37221329987146773,-0.25390730090974745,-0.9962853669533835,0.308015711632495,0.4511242460476918,0.0,0.0,0.0,0.0,0.0,0.0
6.8166,-5.263334556426221,-0.3812052197211512,1.0,-5.240747928619385,-0.17778007686138153,0.9874494671821594,-0.00016088505747816786,-0.23856961235459578,0.0005198813763819323,-0.971125303411461,0.5718078295817268,-2.9450018346393323,0.0,0.6074417233467102,-3.1228392124176025,-0.022725950926542282,4.095320511535582,0.8904728061427156,0.01642442334262567,5.088799695738249,0.5803465699117561,-0.4311233495256307,4.914602805415572,1.478657880001723,-0.28276884484788445,4.197458276263578,0.6988559630229156,-0.26242775619862035,-0.9934791842026669,0.3101262362309595,0.44754777286825637,0.0,0.0,0.0,0.0,0.0,0.0
6.8333,-5.253196687666786,-0.4301426499284816,1.0,-5.229686260223389,-0.23769056797027588,0.986584484577179,0.00471849774147654,-0.23554896879524428,-0.0007169178931702187,-0.971850777114879,0.6452139748927224,-2.929795031500179,0.0,0.6941805481910706,-3.097573757171631,-0.024770960211753845,3.9875036099677423,0.9918896738176843,0.03346632601612326,4.972479426182685,0.6766078106919429,-0.41078937674296445,5.207239572896688,1.5167749692268055,-0.1227691670483497,4.4955641713585965,0.9403206032104723,-0.22119798806450566,-0.9849758162149426,0.3152818631257414,0.4442557027590877,0.0,0.0,0.0,0.0,0.0,0.0
6.85,-5.241835623215655,-0.47882607741294614,1.0,-5.2235107421875,-0.267450749874115,0.9861589074134827,0.00471849774147654,-0.23554896879524428,-0.0007169178931702187,-0.971850777114879,0.7182391161194193,-2.9127534348234825,0.0,0.7392211556434631,-3.0778486728668213,-0.02809061110019684,4.155470761496151,0.987187615594828,0.05597344687846656,5.142159541161284,0.6672128589343872,-0.38463474342270104,2.7026709967238443,1.1836077769352924,-0.19919634043405485,3.9662693365103783,1.0121434235877107,-0.2147026995477648,-0.9866887796651334,0.31997475666044084,0.4406081903011676,0.0,0.0,0.0,0.0,0.0,0.0
6.8666,-5.229251896626087,-0.5272448381583712,1.0,-5.2099127769470215,-0.32659298181533813,0.9852188229560852,0.008044347704319698,-0.2366187822509963,-0.0005736186082332246,-0.9715691518731292,0.7908672572375568,-2.89387784493913,0.0,0.8155429363250732,-3.044828414916992,-0.032019589096307755,4.099601852469698,1.0615331625547644,0.08474071040585157,5.084985932920859,0.7324543300265044,-0.3516265736385158,4.576823270377307,1.9801409719342893,-0.23561082774544986,4.146516017218425,1.2979139924839638,-0.22087516114109623,-0.9853840804511611,0.32907883252826,0.43636728404436737,0.0,0.0,0.0,0.0,0.0,0.0
6.8833,-5.215466422099276,-0.5753159008841991,1.0,-5.195070266723633,-0.3850994408130646,0.9841910004615784,0.015016142407734124,-0.23850256725532712,0.000511578447225313,-0.9710257104084298,0.8629738513262988,-2.8731996331489142,0.0,0.87204509973526,-3.005824089050293,-0.03713738173246384,4.15658592696892,1.1087423536591496,0.12111366545714303,5.145262413442108,0.7658285432780481,-0.3100115175400643,3.3893572746385208,2.339726262496246,-0.3069975847742452,3.9229889174014723,1.6054760163682558,-0.2463000747045729,-0.9886764864731876,0.34291381038110164,0.4311251829972073,0.0,0.0,0.0,0.0,0.0,0.0
6.9,-5.200492055658205,-0.6230007595340868,1.0,-5.187214374542236,-0.41413697600364685,0.9836260676383972,0.02121619670477771,-0.23501059548907824,0.002422769439800299,-0.971758222635549,0.9345011393011302,-2.850738083487308,0.0,0.9063296318054199,-2.9909796714782715,-0.0418364554643631,4.3817213191950035,1.1650200444245522,0.15267831153523842,5.385062374945448,0.8138357266929288,-0.2724456350843259,2.0580454259216854,0.8910865582779941,-0.2820778530741928,3.372423512117275,1.394575191050415,-0.2568623288094456,-1.0033410557504439,0.3511843177316234,0.4251239466195643,0.0,0.0,0.0,0.0,0.0,0.0
6.9167,-5.184307541500349,-0.6703619090050605,1.0,-5.170395851135254,-0.4718154966831207,0.9824652671813965,0.023093817732513778,-0.2336971943223575,0.00309791980609629,-0.9720302805426869,1.005542863507591,-2.826461312250524,0.0,0.976359486579895,-2.951507091522217,-0.039586327970027924,4.347975212690318,1.2286818384469231,0.14556669156531937,5.362534882411775,0.8646958403119847,-0.2753070628381569,4.197112155809268,2.3657173885086378,0.1348573046311247,3.615886673023713,1.6812741178409092,-0.14121953334229825,-1.014559669721457,0.3639859981349384,0.4208737544034763,0.0,0.0,0.0,0.0,0.0,0.0
6.9333,-5.166982730661033,-0.7171997514036602,1.0,-5.152234077453613,-0.5286858677864075,0.9813033938407898,0.028508191553041524,-0.2346666561318051,0.0030311591980550366,-0.9716530662485144,1.0757996271054904,-2.8004740959915497,0.0,1.0442695617675781,-2.90305757522583,-0.04247560352087021,4.31864416465834,1.2463173928601388,0.16933424471115016,5.342539903624276,0.863561276495054,-0.24671979208955813,4.079101506558973,2.910179297702927,-0.17354786045712323,3.752636158315963,2.0440693883130034,-0.150763446389235,-1.0238957389659364,0.3827561163650847,0.4160540368007083,0.0,0.0,0.0,0.0,0.0,0.0
6.95,-5.148473132715207,-0.7636406731113989,1.0,-5.142605304718018,-0.5568429827690125,0.9807392358779907,0.028508191553041524,-0.2346666561318051,0.0030311591980550366,-0.9716530662485144,1.1454610096670983,-2.77270969907281,0.0,1.0817723274230957,-2.8846733570098877,-0.03663916513323784,4.51425562770789,1.3122258664964825,0.13777824537284117,5.55680889653032,0.9173495053135887,-0.27601528989122703,2.2508120483651712,1.1033698218501824,0.3502868551906704,3.3092702313920594,1.7663576826090859,-0.0028442393905174085,-1.0425532688224304,0.3948763611828939,0.4137935352640682,0.0,0.0,0.0,0.0,0.0,0.0
6.9666,-5.1288041896892045,-0.8096142512179558,1.0,-5.122457504272461,-0.6125496029853821,0.97972571849823,0.03234702134582291,-0.23677824485233728,0.0030056182078574416,-0.9710204420523658,1.2144213768269339,-2.743206284533807,0.0,1.1372298002243042,-2.835906744003296,-0.03472873196005821,4.548517782753291,1.3454672775661756,0.13205919665194982,5.610969368747246,0.9326952753380505,-0.28003618804691083,3.3266901217087854,2.925330015302985,0.11459986985311994,3.3144129014064867,2.108507498395986,0.031827408248874624,-1.0624515859939552,0.41277200222812505,0.41209538469886065,0.0,0.0,0.0,0.0,0.0,0.0
6.9833,-5.1079828700188905,-0.8551011295269442,1.0,-5.101031303405762,-0.6673628687858582,0.9788650870323181,0.03271956787652283,-0.23779273003270662,0.0038553829675340907,-0.9707570242491728,1.2826516942904163,-2.7119743050283356,0.0,1.2090803384780884,-2.7856266498565674,-0.02197941020131111,4.476808153828218,1.377025155410809,0.06057134312838569,5.554420691456843,0.9420353686887235,-0.35408531849159774,4.30844782478162,3.0149970692095445,0.7645007112528057,3.607870179310613,2.376119788109309,0.2481259587691345,-1.0776125376286254,0.4349897867220855,0.41465666161998344,0.0,0.0,0.0,0.0,0.0,0.0
7.0,-5.08605614333838,-0.9000019182441938,1.0,-5.089773654937744,-0.6944290995597839,0.9785175919532776,0.03508989610006338,-0.23873980132888278,0.0040756845447005394,-0.9704408807384926,1.3500028773662907,-2.6790842150075713,0.0,1.2462126016616821,-2.7591466903686523,-0.015608709305524826,4.66219383804665,1.423916457821091,0.02480011909200469,5.763545439614652,0.9723232448473587,-0.393526653902165,2.2297241191713555,1.5900728714799066,0.3825488732837979,3.20101627322291,2.1440643713078766,0.2878100600555089,-1.1013516015680016,0.4515932129737323,0.4183267729941697,0.0,0.0,0.0,0.0,0.0,0.0
7.0167,-5.0629611696636285,-0.9444405297625946,1.0,-5.0662384033203125,-0.7478606700897217,0.9779268503189087,0.03976638397028666,-0.24295288459972877,0.0043963377681714225,-0.9692127215728851,1.4166607946438918,-2.644441754495443,0.0,1.3026639223098755,-2.714024543762207,-0.014835478737950325,4.669323069583895,1.502706982193693,0.023851719930361226,5.7946404622303636,1.0321008956967275,-0.3971368861702702,3.38016788487894,2.7018044769301053,0.04629916717822065,3.2539051034364492,2.3087194446106603,0.2165116302505254,-1.1253173926464681,0.47060608649696545,0.42098860610063144,0.0,0.0,0.0,0.0,0.0,0.0
7.0333,-5.03884344391596,-0.988141425885223,1.0,-5.041644096374512,-0.8005440831184387,0.9773515462875366,0.04092868868509583,-0.24666720206529685,0.005999477444980277,-0.9682170022768153,1.4822121388278346,-2.6082651658739406,0.0,1.3577288389205933,-2.6710116863250732,-0.011841566301882267,4.675640432118113,1.6018084782653859,0.009518233659390474,5.825534325354247,1.1116752415333828,-0.4142307471890198,3.3103858502465315,2.5858416466001604,0.17998765775498796,3.270579252224503,2.3905309837530795,0.20572908600108084,-1.1498938932361336,0.490133236732003,0.4237489808484103,0.0,0.0,0.0,0.0,0.0,0.0
7.05,-5.013601358710131,-1.0312954879309764,1.0,-5.028885841369629,-0.8266054391860962,0.9771227240562439,0.04092868868509583,-0.24666720206529685,0.005999477444980277,-0.9682170022768153,1.5469432318964644,-2.5704020380651977,0.0,1.387472152709961,-2.6490318775177,-0.006064657121896744,4.891446279067181,1.7053303948424008,-0.023236622396398177,6.075383369765645,1.203380181710419,-0.4508827317498503,1.78480478418244,1.3189407270698312,0.34665455285992247,2.8319514729402018,2.074177953934855,0.24733285959018733,-1.1839370906984643,0.5019502131319817,0.4276461093534521,0.0,0.0,0.0,0.0,0.0,0.0
7.0666,-4.987275073375418,-1.0738262553904974,1.0,-5.002503871917725,-0.8780595064163208,0.9768562912940979,0.04089498174299925,-0.24714368272442466,0.006717617596757393,-0.9680922054583745,1.610739383085746,-2.530912610063127,0.0,1.444975733757019,-2.596585750579834,0.005543541628867388,4.8699430665849555,1.7646366572453636,-0.090781841724139,6.08591217886486,1.2460223341395025,-0.5253673062591627,3.448639489826558,3.1453307977179463,0.6961739058456182,3.014009047071597,2.390401851470117,0.3798389401598048,-1.2159691122799048,0.5186143231058611,0.4345854645350237,0.0,0.0,0.0,0.0,0.0,0.0
7.0833,-4.959901003975743,-1.1156740818896533,1.0,-4.975063800811768,-0.9285213351249695,0.9766823649406433,0.04501416183536296,-0.24965131484370157,0.00615365061683314,-0.9672694568285933,1.67351112283448,-2.4898515059636144,0.0,1.4926109313964844,-2.5438127517700195,-0.00025794131215661764,4.89909340375041,1.8284732539758324,-0.05432594736284274,6.149067572189475,1.2900755134602537,-0.4921853846026628,2.857705785596796,3.165930057927483,-0.34803952092496243,2.9678654674434375,2.6193519527725044,0.16495591461204875,-1.2499741684390648,0.5383977405155785,0.43785943723982007,0.0,0.0,0.0,0.0,0.0,0.0
7.1,-4.931496702449912,-1.1568139478304464,1.0,-4.960925579071045,-0.9534541368484497,0.9765685200691223,0.048388607114539184,-0.25313074792251844,0.005728388915358245,-0.966204237379329,1.7352209217456696,-2.447245053674868,0.0,1.5231034755706787,-2.528986930847168,0.0016962209483608603,5.0943081054085,2.0032972864397327,-0.06470069267418127,6.3858921552858074,1.4567788596971907,-0.505834503141198,1.829659089283415,0.8896010071386675,0.11725655692962189,2.6318461409857257,2.1086978580106535,0.15087419239676422,-1.2915840498773075,0.5465184267425421,0.4411338104670168,0.0,0.0,0.0,0.0,0.0,0.0
7.1167,-4.9020511672984854,-1.1972602295898578,1.0,-4.931762218475342,-1.0027639865875244,0.9764775037765503,0.049827943064610476,-0.25670564361321246,0.005628163709599343,-0.9651879082743373,1.7958903443847867,-2.403076750947729,0.0,1.579983115196228,-2.4797744750976562,0.014116690494120121,5.05270067507118,2.105110979086206,-0.1379839198029788,6.382963385817062,1.5473872624446674,-0.5861590240186052,3.4109274695108875,2.9511459331169667,0.7448240009387108,2.861845188864896,2.357403927669508,0.32621903182613216,-1.3302627107458815,0.5577237166415387,0.4481751042156264,0.0,0.0,0.0,0.0,0.0,0.0
7.1333,-4.871653601081391,-1.236893268721233,1.0,-4.9014668464660645,-1.0510834455490112,0.9765521883964539,0.05228593673305368,-0.26071017374091443,0.005232699830021585,-0.9639860065953522,1.8553399030818496,-2.3574804016220865,0.0,1.6350630521774292,-2.4274678230285645,0.016276760026812553,5.011531270236096,2.194361696222751,-0.15053690505591705,6.378810602053262,1.6227802014587174,-0.6051559947128172,3.3079225074814933,3.1413680035510243,0.12972677560174115,2.9935353665213573,2.5888444518129368,0.2682109263915013,-1.3672793318171654,0.5715814947640333,0.4546190896569002,0.0,0.0,0.0,0.0,0.0,0.0
7.15,-4.84023975450352,-1.275798376957322,1.0,-4.885849952697754,-1.0749216079711914,0.9766267538070679,0.05228593673305368,-0.26071017374091443,0.005232699830021585,-0.9639860065953522,1.913697565435983,-2.3103596317552797,0.0,1.665150761604309,-2.4079229831695557,0.019834421575069427,5.190214798915116,2.368670954096016,-0.1714765604994159,6.60199242566561,1.7935506961581154,-0.6326955373415883,1.8051868169594325,1.1726411855581622,0.2134507361460777,2.6427131545897202,2.1707553628874163,0.2520447173488944,-1.4117776267504942,0.5751202579379003,0.46121897684217245,0.0,0.0,0.0,0.0,0.0,0.0
7.1667,-4.8078165697345625,-1.3139593570707948,1.0,-4.853760719299316,-1.1219992637634277,0.9769012331962585,0.05623883697132979,-0.26456331238876524,0.004269644341547693,-0.9627176393362653,1.9709390356061922,-2.261724854601844,0.0,1.7222894430160522,-2.363118886947632,0.027166686952114105,5.120316062617448,2.5188962571430893,-0.21607137996993403,6.573262691211971,1.9394698600221865,-0.6854547313714576,3.4229379418695993,2.6840248518174676,0.4392451617510533,2.8730497723929083,2.3222818973287143,0.30730971010203995,-1.4529466285945225,0.5794263971209028,0.46938335140152365,0.0,0.0,0.0,0.0,0.0,0.0
7.1833,-4.774542879265127,-1.3511932863985479,1.0,-4.820456504821777,-1.1682631969451904,0.9771816730499268,0.06029500752516972,-0.26814882908528404,0.003137116375211415,-0.9614837060524118,2.026789929597822,-2.211814318897691,0.0,1.7810630798339844,-2.3183412551879883,0.017730608582496643,5.028525412279536,2.675575178018825,-0.1600974889845918,6.519290693645212,2.0921633723706883,-0.6330484208937868,3.531018133898645,2.6901624316039765,-0.5669032178359641,3.0672940587595394,2.430886955001917,0.04922607530355988,-1.4907652813656767,0.5834118056481364,0.47295093190919496,0.0,0.0,0.0,0.0,0.0,0.0
7.2,-4.740307813181117,-1.3876286979193782,1.0,-4.8033223152160645,-1.1911321878433228,0.9772606492042542,0.06404147249943948,-0.2723835442261282,0.0020142821840326793,-0.9600531155734066,2.081443046879067,-2.1604617197716753,0.0,1.813462734222412,-2.3033459186553955,0.018216606229543686,5.171571853942585,2.9045915750700417,-0.16265042137338698,6.706669572907263,2.3289120911453747,-0.6391828860881723,1.944092359193717,0.8997725354429836,0.029161555271026166,2.7357043876716105,1.9788739933265693,0.0433026622596722,-1.535097718964678,0.5756794839246671,0.47653246471478533,0.0,0.0,0.0,0.0,0.0,0.0
7.2167,-4.705138095610711,-1.4232311591106706,1.0,-4.768087863922119,-1.2363351583480835,0.9773927927017212,0.06783544750869312,-0.2757582423863955,0.0009173683046882044,-0.9588300140296204,2.1348467386660057,-2.1077071434160675,0.0,1.873647928237915,-2.256838083267212,0.013437636196613312,5.052477384736772,3.0670624566187104,-0.13388308822784895,6.627426997846926,2.4974117434014893,-0.6121580826466617,3.6079667266958237,2.7880399050967615,-0.28648848190549697,2.9932121729707517,2.21775456005217,-0.054057711272269396,-1.574949613110154,0.5696507132172212,0.4782749944188127,0.0,0.0,0.0,0.0,0.0,0.0
7.2333,-4.669160557178376,-1.4578749495985577,1.0,-4.73160457611084,-1.2805805206298828,0.9774258136749268,0.07419451132845617,-0.27688308908959064,-0.0012130705938405118,-0.9580341972360378,2.1868124243978366,-2.053740835767565,0.0,1.9325742721557617,-2.2045700550079346,0.004611039999872446,4.9282752750701,3.2002555606230594,-0.08033663890724257,6.539692584256766,2.6343491103811747,-0.5574766800443605,3.5379120800469517,3.1381497015416766,-0.5299449997047625,3.154017541319856,2.489472028388807,-0.19454833687162035,-1.6114173091866664,0.5659064502418847,0.47714004113711794,0.0,0.0,0.0,0.0,0.0,0.0
7.25,-4.632296076475392,-1.4916390865783435,1.0,-4.712866306304932,-1.3023571968078613,0.9773634672164917,0.07419451132845617,-0.27688308908959064,-0.0012130705938405118,-0.9580341972360378,2.237458629867515,-1.9984441147130885,0.0,1.9686721563339233,-2.181668281555176,8.752902795094997e-05,5.0245933200662325,3.4075041798940497,-0.0521296789921894,6.677501990852741,2.854961904070655,-0.5273568256081022,2.1669910833130572,1.374815726574017,-0.2715507616192334,2.8626292904900437,2.1604051149059242,-0.21728086007284408,-1.6529086707865084,0.5525422758233947,0.47522714661591275,0.0,0.0,0.0,0.0,0.0,0.0
7.2666,-4.5945872472104154,-1.5244815050895695,1.0,-4.674371719360352,-1.3452426195144653,0.9771450161933899,0.08134925496454427,-0.27777788775690115,-0.0038887632715546125,-0.9571868348467262,2.286722257634354,-1.941880870815623,0.0,2.028028726577759,-2.1293723583221436,-0.007082765456289053,4.876591922093302,3.554230869992215,-0.007253726821277284,6.566800048346807,3.012514106193092,-0.4789276186716697,3.5609391538175474,3.13735446405584,-0.4301626975487854,3.0687831255383085,2.448818419016316,-0.28012746945433614,-1.6902081262535056,0.5417167637991231,0.47167389185039243,0.0,0.0,0.0,0.0,0.0,0.0
7.2833,-4.556031263836433,-1.5564014470134158,1.0,-4.654664516448975,-1.3663156032562256,0.9769444465637207,0.08689001664704406,-0.2800297411892776,-0.005953621673800315,-0.9560325169597098,2.3346021705201236,-1.8840468957546486,0.0,2.059095859527588,-2.105651617050171,-0.0162298996001482,4.986608014166315,3.773322271570184,0.04940165321708717,6.720382914983477,3.2516778554167933,-0.4166254902392628,1.8611011926015855,1.4210097836177962,-0.5479663119063772,2.712253345467535,2.145390524022149,-0.3591983911842219,-1.7337749008171626,0.5216444161533904,0.46602714345635,0.0,0.0,0.0,0.0,0.0,0.0
7.3,-4.5167180697803575,-1.5873238921751163,1.0,-4.614208221435547,-1.4078150987625122,0.9763194918632507,0.09475043550446219,-0.28208774019192817,-0.009526325728371761,-0.9546507746781286,2.3809858382626743,-1.825077104670537,0.0,2.125837564468384,-2.0558531284332275,-0.026152456179261208,4.771915991187318,3.947816161858114,0.11285187225955268,6.541603185519735,3.444689677753534,-0.3454716336750997,4.000671697250329,2.985051163322472,-0.5947838957011375,3.092617992045664,2.3932736916835755,-0.4287475380436368,-1.769687194332417,0.5031264841045799,0.4583235059346524,0.0,0.0,0.0,0.0,0.0,0.0
7.3167,-4.476669928989509,-1.6172346391948897,1.0,-4.572381496429443,-1.4482225179672241,0.9755815863609314,0.10178111989195845,-0.28207703489240643,-0.012438420079383488,-0.9538965146771777,2.4258519587923346,-1.7650048934842626,0.0,2.1946935653686523,-1.9946579933166504,-0.03489656373858452,4.530570251627869,4.058045019316064,0.16981978188722563,6.328837337976218,3.569333251822403,-0.27941810483491863,4.132428062443659,3.67265728962468,-0.5247820812525935,3.3995889300085134,2.7709711137944657,-0.4570986904751607,-1.798267086348349,0.4887117674936614,0.44923788672214426,0.0,0.0,0.0,0.0,0.0,0.0
7.3333,-4.435865026729839,-1.6461502486261756,1.0,-4.550845146179199,-1.4679862260818481,0.9751484394073486,0.10178111989195845,-0.28207703489240643,-0.012438420079383488,-0.9538965146771777,2.4692253729392633,-1.70379754009476,0.0,2.239835739135742,-1.963299036026001,-0.03523094952106476,4.526405894433354,4.253466400614303,0.17482027516383708,6.355171832289545,3.7875623576822353,-0.2670211709029828,2.7083392933771995,1.8814046631383208,-0.020061731154341296,3.1955194029246154,2.508354838464799,-0.3280773921184389,-1.8287659378561916,0.4659040429320679,0.44184144606681985,0.0,0.0,0.0,0.0,0.0,0.0
7.35,-4.394361855166872,-1.6740287124048148,1.0,-4.506635665893555,-1.5065250396728516,0.9742996096611023,0.10874120303984293,-0.28224137072310646,-0.015122921448436367,-0.9530406807713155,2.511043068607222,-1.6415427827503082,0.0,2.3087005615234375,-1.8940660953521729,-0.035875800997018814,4.259080870256239,4.324833588433425,0.1837902973960706,6.111243729908537,3.8752723810072762,-0.2516819035242386,4.131479574322005,4.153564481061906,-0.0386872514732807,3.4718319525806836,2.9940507953622486,-0.24264413325699788,-1.8521628596522983,0.4495612074261484,0.4354722009203092,0.0,0.0,0.0,0.0,0.0,0.0
7.3667,-4.352184515892266,-1.7008550039661103,1.0,-4.460927486419678,-1.543699860572815,0.9734891653060913,0.1184313114215281,-0.28295247235118226,-0.018930172714970987,-0.9516057913137621,2.5512825059491657,-1.5782767738383994,0.0,2.378391742706299,-1.8173010349273682,-0.03312266245484352,3.97162889987526,4.353322806356685,0.172207052889986,5.840400716112663,3.9133796833962284,-0.2587565299219672,4.183030667296326,4.607621746161222,0.16524993202535812,3.681790812135363,3.4704064321630925,-0.12222634988115609,-1.868771816237403,0.4399431229604567,0.4309635828119532,0.0,0.0,0.0,0.0,0.0,0.0
7.3833,-4.3092993010116984,-1.726648464794527,1.0,-4.413693904876709,-1.57938814163208,0.9727398157119751,0.12797821008032934,-0.2787627753129037,-0.02371990916714301,-0.9514989911996355,2.5899726971917905,-1.5139489515175473,0.0,2.454159736633301,-1.7377256155014038,-0.025203492492437363,3.632670690335616,4.366889080392129,0.12934863590801454,5.509557185347523,3.9311387248147507,-0.3002859495337911,4.540173724212812,4.768322475570033,0.4745329197382708,3.935201136917888,3.8535749709032103,0.053947893808351494,-1.8768864950119077,0.43575035557737835,0.42963458544180566,0.0,0.0,0.0,0.0,0.0,0.0
7.4,-4.265831632781609,-1.751333565349106,1.0,-4.389514446258545,-1.5966439247131348,0.9724215865135193,0.13299615591211966,-0.27666231862873447,-0.026397498453040097,-0.9513533316911819,2.627000348023659,-1.4487474491724135,0.0,2.4921092987060547,-1.6996400356292725,-0.023463934659957886,3.6278383636011386,4.545402636722736,0.12142125421384092,5.518327337437336,4.124832833990085,-0.30714825801476525,2.2781165020752825,2.286281665951052,0.1044258533705453,3.4459994652637937,3.3908813409983676,0.06884991008458018,-1.8904889738361972,0.4205698027326515,0.4285695122286062,0.0,0.0,0.0,0.0,0.0,0.0
7.4167,-4.22176251565965,-1.774923622222881,1.0,-4.340113639831543,-1.6299071311950684,0.9719127416610718,0.13974014689933273,-0.2737951633549475,-0.029651108717535613,-0.9511203017657651,2.6623854333343218,-1.3826437734894756,0.0,2.548917293548584,-1.6130919456481934,-0.014709839597344398,3.3754589553074505,4.521763210071783,0.07237690807728653,5.276632943280527,4.10784750290733,-0.35784210177894693,3.409360825332322,5.194227824917367,0.5253814863637014,3.435183069091422,3.9232621838081867,0.20362637568124403,-1.9011739879730767,0.41391570716445386,0.43021900985623346,0.0,0.0,0.0,0.0,0.0,0.0
7.4333,-4.177114410670609,-1.7974065512826944,1.0,-4.314949989318848,-1.645953893661499,0.9716976881027222,0.13974014689933273,-0.2737951633549475,-0.029651108717535613,-0.9511203017657651,2.6961098269240416,-1.315671616005914,0.0,2.5818710327148438,-1.577007532119751,-0.014087885618209839,3.3793436825194543,4.722971764303997,0.07066365905718724,5.296150832643623,4.327564001423154,-0.36048767825786543,1.9776505937902418,2.165531549577908,0.03732528348118472,3.0048928422586854,3.404347973572487,0.1545312536871294,-1.916807150124169,0.39540776288084345,0.4311513373150527,0.0,0.0,0.0,0.0,0.0,0.0
7.45,-4.131902081550039,-1.8187740174943978,1.0,-4.263627529144287,-1.6768009662628174,0.9713314175605774,0.14581731679118673,-0.2663413509501822,-0.033081988626867925,-0.9522106828835905,2.7281610262415965,-1.2478531223250588,0.0,2.6445705890655518,-1.4898427724838257,-0.014865687116980553,3.0653710376490637,4.7000022764988625,0.07811764431751383,4.990721353767486,4.314391283882932,-0.3529849279163572,3.7611699084668193,5.228768592677346,-0.046658122675915334,3.2281596550958067,3.942950286272748,0.0951364725357161,-1.9253503161184224,0.38561099261593074,0.43110257223387105,0.0,0.0,0.0,0.0,0.0,0.0
7.4667,-4.08615124813841,-1.8390122933385786,1.0,-4.237490653991699,-1.6916066408157349,0.9711301922798157,0.15180857560070732,-0.2577912305270197,-0.0365193591508709,-0.9535010086507515,2.758518440007868,-1.1792268722076165,0.0,2.6703057289123535,-1.4446650743484497,-0.013600361533463001,3.0907588615953787,4.856608538282071,0.07249469387435964,5.030997119489534,4.489518968955636,-0.3585609626346447,1.5432268210737008,2.7091143040960755,0.07587619066766746,2.7307366860470497,3.578699352834378,0.08945048529748828,-1.940238257894155,0.3670895693264349,0.43105565650900435,0.0,0.0,0.0,0.0,0.0,0.0
7.4833,-4.039925147001579,-1.8580933175797958,1.0,-4.184337615966797,-1.7199286222457886,0.9706572890281677,0.15709941173989359,-0.2527347730124025,-0.03850392780670335,-0.9539194847096162,2.787139976369694,-1.1098877205023685,0.0,2.7271792888641357,-1.362270712852478,-0.01894611492753029,2.7850109721489527,4.865110869654788,0.10791214173893421,4.73363956487694,4.5103093688752205,-0.3207898997101786,3.4112944743164397,4.942040384395378,-0.320640013210016,2.931649784073706,3.9811825438861175,-0.03161572531183707,-1.9486285927279872,0.3548015007795676,0.42870204144911284,0.0,0.0,0.0,0.0,0.0,0.0
7.5,-3.9932726483992473,-1.8759992097496985,1.0,-4.13018274307251,-1.7465343475341797,0.9700490236282349,0.16271769464769506,-0.24842203088407447,-0.03981393615211895,-0.9540567991420646,2.8139988146245476,-1.0399089725988717,0.0,2.7713377475738525,-1.272364616394043,-0.0305869672447443,2.541013424102424,4.82717802986233,0.18179621920016414,4.4962257299975334,4.477715528450105,-0.24051613471486383,2.651444441263206,5.398309330890142,-0.6989617407378246,2.848928045408665,4.399544273016514,-0.2286284665162721,-1.9552123058951094,0.3494625014122256,0.42231235391502797,0.0,0.0,0.0,0.0,0.0,0.0
7.5167,-3.946169761787168,-1.8927399818654211,1.0,-4.074985980987549,-1.7713803052902222,0.96943199634552,0.16890326886809712,-0.24133944528681506,-0.04151022036413691,-0.9547271447676304,2.8391099727981315,-0.9692546426807517,0.0,2.8183650970458984,-1.1811219453811646,-0.02625253051519394,2.2652128611163187,4.779817497523634,0.15989391551117477,4.22331955312758,4.430228015360736,-0.2584669328525829,2.820957638511484,5.473234461256829,0.26000322234060813,2.8406706700620847,4.71651724101199,-0.08437546097521617,-1.9581066920112615,0.34958948216289815,0.41836084836375764,0.0,0.0,0.0,0.0,0.0,0.0
7.5333,-3.8986584138291303,-1.9082997939400375,1.0,-4.047008037567139,-1.7831345796585083,0.9691286087036133,0.16890326886809712,-0.24133944528681506,-0.04151022036413691,-0.9547271447676304,2.862449690910056,-0.897987620743696,0.0,2.844693899154663,-1.1364333629608154,-0.025313930585980415,2.240516489425488,4.953184654545965,0.15680794624556255,4.204666433840342,4.615892342446838,-0.2582122048208673,1.5802721769865915,2.6822383766689084,0.05633539069990412,2.468577997908741,4.115960938622672,-0.042835045710984135,-1.9641499444148536,0.3372923120991273,0.41502015106642987,0.0,0.0,0.0,0.0,0.0,0.0
7.55,-3.850755798776552,-1.9226721119613719,1.0,-3.990396022796631,-1.805267572402954,0.968563973903656,0.17458378423190296,-0.23459172957186486,-0.04295008314981461,-0.955323311939817,2.8840081679420577,-0.8261336981648285,0.0,2.8790555000305176,-1.0454075336456299,-0.031019968912005424,2.0146976315586116,4.907337198943232,0.19491541160696896,3.9840796393079447,4.575542762721549,-0.21485045663022156,2.0613146829142712,5.460539489115821,-0.34229896986469865,2.3483464235464537,4.512905102330982,-0.1312422695882406,-1.9693820077493331,0.33179443622168325,0.4097658682371905,0.0,0.0,0.0,0.0,0.0,0.0
7.5667,-3.802487331135717,-1.9358477424756586,1.0,-3.961825132369995,-1.815714955329895,0.9682291746139526,0.1790114529135861,-0.22721348646647957,-0.04456544541269165,-0.9562128211776395,2.903771613713488,-0.7537309967035757,0.0,2.8963208198547363,-1.0056421756744385,-0.03306739404797554,2.022227596107203,5.117161661867513,0.20993368225167158,4.001006399293632,4.804061142610779,-0.1943274255894405,1.0352389529813726,2.384354762619548,-0.1227648416391474,1.9606930978471713,3.884518137361249,-0.12873957791104845,-1.978778803186429,0.3131005192567337,0.4042611078411121,0.0,0.0,0.0,0.0,0.0,0.0
7.5833,-3.7539510480156446,-1.94780092566091,1.0,-3.9041476249694824,-1.8353230953216553,0.967511773109436,0.18201751366335286,-0.21804370200308565,-0.04652008980608135,-0.9576860642673378,2.921701388491365,-0.6809265720234675,0.0,2.932102918624878,-0.9211620092391968,-0.03969666734337807,1.7627039169589234,5.110402216535835,0.25437916096909247,3.7472354099374448,4.810495785903098,-0.14249162364221418,2.1471429797705226,5.069322441271567,-0.3977966107757017,2.015736510838129,4.2342940231964015,-0.2081701317162745,-1.9845314929785216,0.29990643063273725,0.39687078461130665,0.0,0.0,0.0,0.0,0.0,0.0
7.6,-3.7051368021896014,-1.958536231860821,1.0,-3.8456876277923584,-1.853248953819275,0.9667277336120605,0.18428121957978397,-0.210479566271076,-0.047837094528349784,-0.9588798316045604,2.9378043477912317,-0.6077052032844026,0.0,2.9657952785491943,-0.8264625072479248,-0.03970784321427345,1.5014481760665024,5.039886609342814,0.2594749963408685,3.488419392753255,4.745703490369458,-0.13078548632894454,2.0224403927068724,5.68449637919684,-0.0006708503878409709,2.0177156192963235,4.662420264834931,-0.14691255128947,-1.9869712166867526,0.2941831189733555,0.39026048266981306,0.0,0.0,0.0,0.0,0.0,0.0
7.6167,-3.656083617161668,-1.9680458474306595,1.0,-3.7864675521850586,-1.869314193725586,0.9659408330917358,0.1882596436861005,-0.20485450694028737,-0.048325576502591026,-0.9593006257400931,2.9520687711459894,-0.5341254257425025,0.0,3.005870819091797,-0.7346697449684143,-0.03849714249372482,1.1875488629434507,4.983139108612225,0.25727978706627935,3.170862847796779,4.690124345972099,-0.12731222936903008,2.406255815618066,5.511513134349724,0.07269410743683344,2.1324197868136694,4.913087999253736,-0.08208065176160916,-1.983313984853328,0.2930147626401269,0.38459201643530944,0.0,0.0,0.0,0.0,0.0,0.0
7.6333,-3.606731137989224,-1.976339042013752,1.0,-3.7565786838531494,-1.8766461610794067,0.9655895233154297,0.1882596436861005,-0.20485450694028737,-0.048325576502591026,-0.9593006257400931,2.9645085630206283,-0.4600967069838364,0.0,3.017753839492798,-0.6855999827384949,-0.03518318757414818,1.1796648541339187,5.145082903991237,0.24030096669785733,3.163259788928909,4.8649341856921335,-0.14002947872939392,0.7121465415005644,2.9407389943846716,0.19860451762470174,1.7131291656808807,4.330814523307299,0.0007827404786659442,-1.9835949347949904,0.28014871829910354,0.38033044542725125,0.0,0.0,0.0,0.0,0.0,0.0
7.65,-3.5572554146759883,-1.983385905874065,1.0,-3.69645619392395,-1.8899705410003662,0.9648635983467102,0.1938978564556193,-0.1983359729459215,-0.04895166793722034,-0.9595156168143472,2.9750788588110977,-0.38588312201398245,0.0,3.041116714477539,-0.5984257459640503,-0.03966931998729706,0.9406735198060187,5.11300620948746,0.2720177605747392,2.923145166078589,4.841217691445274,-0.10236004729089321,1.40277718130413,5.234202991911817,-0.26936086357454725,1.6215075874187104,4.59751131096796,-0.07896858900128306,-1.9824716462725702,0.2717885180421863,0.3743778078656324,0.0,0.0,0.0,0.0,0.0,0.0
7.6668,-3.5073160120368185,-1.9892259980085596,1.0,-3.6358277797698975,-1.901450753211975,0.9641802906990051,0.1970782309731988,-0.18771908203653434,-0.04973779095564557,-0.960961928067847,2.9838389970128394,-0.31097401805522795,0.0,3.0649850368499756,-0.49800002574920654,-0.03715934976935387,0.6863698178594392,4.999776029387991,0.261575298744317,2.665212166977974,4.728576214819912,-0.107969141595188,1.423952777185122,5.991266623995449,0.14974152798520732,1.5631857966196794,5.008973353807181,-0.011449182206094415,-1.9788423491185347,0.2711998145680791,0.369544440339505,0.0,0.0,0.0,0.0,0.0,0.0
7.6833,-3.457833122512166,-1.993762449600769,1.0,-3.6053028106689453,-1.9064838886260986,0.9638822674751282,0.1986924691006007,-0.17617841814784665,-0.0504061556793313,-0.9627781200638784,2.9906436744011535,-0.2367496837682492,0.0,3.0802559852600098,-0.450876384973526,-0.029663734138011932,0.6214681402563752,5.173624848913957,0.21928830765501856,2.5964132716534176,4.915555663475623,-0.14804505187748646,0.9218756746642871,2.844757048892471,0.4524948635558946,1.373859327040129,4.370057144022951,0.12551557986369935,-1.9749451313970425,0.2580691854383335,0.367333359532505,0.0,0.0,0.0,0.0,0.0,0.0
7.7,-3.40791141249638,-1.997086659875589,1.0,-3.543940782546997,-1.9150147438049316,0.9634253978729248,0.20242254026788872,-0.16855427320609162,-0.05010725022969201,-0.9633814943471604,2.9956299898133834,-0.16186711874457052,0.0,3.0944159030914307,-0.3501863181591034,-0.029138239100575447,0.3991694092297299,5.050923967415652,0.2196394655276333,2.3700784189964916,4.796818565850166,-0.14505804016611978,0.8491585765144908,6.038300138688323,0.03151350334567707,1.2189580752403495,4.862552967444214,0.09776444874785237,-1.9709090097667619,0.25410540156548567,0.3646975056937531,0.0,0.0,0.0,0.0,0.0,0.0
7.7167,-3.3579400446672167,-1.999160561641801,1.0,-3.5131306648254395,-1.9185810089111328,0.9631837010383606,0.20242254026788872,-0.16855427320609162,-0.05010725022969201,-0.9633814943471604,2.998740842462701,-0.08691006700082526,0.0,3.1013548374176025,-0.3041194677352905,-0.02839450165629387,0.3621590989691308,5.235049761029549,0.2176132078250373,2.3301800042390006,4.997191145150424,-0.14423029498826334,0.416175713550306,2.762946505176457,0.04460706025138706,0.981962049174069,4.242710764119044,0.08207141607682833,-1.9680209052698696,0.2378586158791249,0.36184350281330063,0.0,0.0,0.0,0.0,0.0,0.0
7.7333,-3.3079596229744697,-1.999984161037808,1.0,-3.4514176845550537,-1.9243402481079102,0.9627747535705566,0.20610295717927488,-0.16105488820428485,-0.04992395358551815,-0.9638934521160222,2.9999762415567117,-0.011939434461704458,0.0,3.1028645038604736,-0.2081238329410553,-0.02470383234322071,0.19178520554589057,5.134170584987606,0.1987545033941967,2.159414724280432,4.904428115024627,-0.16114065691077833,0.09059951352124768,5.760979753898984,0.22148789615824868,0.718815536725349,4.690931520140638,0.12322970918865761,-1.9676295187345416,0.22974246996297829,0.35989516030497504,0.0,0.0,0.0,0.0,0.0,0.0
7.75,-3.257939904373914,-1.9995576881790444,1.0,-3.389509677886963,-1.9281947612762451,0.9624726176261902,0.20721451182012088,-0.14955982523005243,-0.05066169202185291,-0.96546746832051,2.9993365322685666,0.06309014343912894,0.0,3.117344856262207,-0.11023049801588058,-0.01503023598343134,-0.06872692093654094,5.01624336450841,0.14347521439368732,1.894637660341794,4.787760045551929,-0.2173258129656797,0.8683375271645888,5.870330639511609,0.5800927013932574,0.7629571611987853,5.03911169670624,0.25810401482399414,-1.963364581278335,0.22848331895648114,0.36080102735936703,0.0,0.0,0.0,0.0,0.0,0.0
7.7667,-3.2079657874264176,-1.9978813037104983,1.0,-3.3584859371185303,-1.9294018745422363,0.9624103903770447,0.20956517327047502,-0.13938915321328998,-0.051739724113064475,-0.9664244546627985,2.9968219555657476,0.13805131886037345,0.0,3.115985870361328,-0.059084452688694,-0.014548343606293201,-0.09084175298924804,5.168638478613733,0.1421479463208311,1.8696527576633137,4.95252293968394,-0.2186023418695282,-0.08154156473971075,3.0688534469193023,0.028914397450753186,0.5136457019333959,4.45745544987393,0.19044305075054405,-1.9604945106525618,0.2161155389297939,0.3607502881903593,0.0,0.0,0.0,0.0,0.0,0.0
7.7833,-3.1580520507919476,-1.9949563352904816,1.0,-3.2963662147521973,-1.9303497076034546,0.9623356461524963,0.21324887368477796,-0.13275095871837336,-0.0519007672212246,-0.9665446153279029,2.992434502935722,0.21292192381207822,0.0,3.1182358264923096,0.03551502898335457,-0.007739535998553038,-0.3016965769379366,5.061971162827642,0.1029244247797419,1.655482258184255,4.851405736797383,-0.25936338726639996,0.13498397986039593,5.675406001473281,0.40848794176071346,0.40185784056859336,4.81701671385911,0.2548138879033134,-1.9571788351221917,0.2105654260302592,0.36228781204614185,0.0,0.0,0.0,0.0,0.0,0.0
7.8,-3.108245540343131,-1.9907863338896272,1.0,-3.2343239784240723,-1.92942476272583,0.9623353481292725,0.21446892748458116,-0.12498360273664534,-0.05164712748688605,-0.9673234890883843,2.986179500834441,0.2876316894853036,0.0,3.114147186279297,0.13066686689853668,-0.010209851898252964,-0.4858375024220345,4.945139197335919,0.11900283053488009,1.4687189047577276,4.734573636988551,-0.24286375908515,-0.24540992286666952,5.711239920076132,-0.14827424346906795,0.2107725663330905,5.081007748544433,0.1358149040583972,-1.954556407179762,0.2105655603473686,0.3618665896200301,0.0,0.0,0.0,0.0,0.0,0.0
7.8167,-3.0584210400478433,-1.985356291980972,1.0,-3.1723122596740723,-1.9266002178192139,0.962447464466095,0.21426455214779577,-0.11512539691803052,-0.05173445575700068,-0.9685867987256498,2.978034437971458,0.3623684399282351,0.0,3.1062264442443848,0.2307097613811493,-0.003815148025751114,-0.6583220883858782,4.793130701469865,0.08132865854399368,1.2943540543783503,4.5764029733732805,-0.28180455919169767,-0.47415294151228843,5.988786465618132,0.38280095954171783,0.008570037656385754,5.349000617796186,0.20872970193724402,-1.9526761427642285,0.21672772809658444,0.36313321773569135,0.0,0.0,0.0,0.0,0.0,0.0
7.8333,-3.009008659996937,-1.9787177767542348,1.0,-3.1413822174072266,-1.9244468212127686,0.962496280670166,0.2156371590999622,-0.10851448460499062,-0.051687335580365465,-0.969047800954662,2.968076665131352,0.43648701000459456,0.0,3.1011950969696045,0.2784920036792755,-0.009216045029461384,-0.7044469593029733,4.957735700636718,0.11473646993162673,1.2448311186999588,4.748075743224318,-0.24687251719348913,-0.3027559789392135,2.875245685264623,-0.324993241413569,-0.08333909271971203,4.618702947531476,0.05116493391188549,-1.9492780780029322,0.2096599574124004,0.36160898712511585,0.0,0.0,0.0,0.0,0.0,0.0
7.85,-2.9596297971548875,-1.9708242247890038,1.0,-3.079624652862549,-1.918809175491333,0.9625519514083862,0.2156371590999622,-0.10851448460499062,-0.051687335580365465,-0.969047800954662,2.9562363371835056,0.5105553042676682,0.0,3.0882585048675537,0.3689849376678467,-0.01279454492032528,-0.8688650114049309,4.851839811300445,0.13717763267434974,1.0784887870270028,4.644281935432651,-0.22143366985406093,-0.7760408472661222,5.428494043107023,-0.21466720642815257,-0.2878373115533051,4.857768079943247,-0.02731357267693727,-1.9473537984319338,0.20755787586779342,0.35861130252841067,0.0,0.0,0.0,0.0,0.0,0.0
7.8667,-2.9104489823562147,-1.9616956962415684,1.0,-3.0488739013671875,-1.9153485298156738,0.9625325202941895,0.21644461369208998,-0.09901721386031097,-0.05099675946751447,-0.9699210415089592,2.9425435443623527,0.5843265264656774,0.0,3.0808229446411133,0.4126568138599396,-0.020244136452674866,-0.922606886881249,5.0394633399752555,0.18322177034927561,1.0209207879152435,4.846539495979004,-0.16987111140671762,-0.4459490376640833,2.6192284868590385,-0.44679056771384446,-0.33451478299630943,4.196910277043707,-0.15115084862390932,-1.9435276747964925,0.19292384399625226,0.35309288175599324,0.0,0.0,0.0,0.0,0.0,0.0
7.8833,-2.8615181204457723,-1.9513414978682209,1.0,-2.987527370452881,-1.9071102142333984,0.9624149203300476,0.21434197064015423,-0.09024114418228155,-0.05042474243952458,-0.9712731124091887,2.9270122468023314,0.6577228193313416,0.0,3.0695323944091797,0.5032359957695007,-0.01771552301943302,-1.1181231017152797,4.9229109696028654,0.1698914620236121,0.8213126145601362,4.737774460010229,-0.17920352303739107,-0.6771430614141704,5.432424751555016,0.1516518686995067,-0.4356649131910188,4.56165673209799,-0.06175795197799528,-1.9394357162754159,0.18513650959263667,0.34909498506100317,0.0,0.0,0.0,0.0,0.0,0.0
7.9,-2.8129058652889003,-1.9397781584320526,1.0,-2.9265096187591553,-1.8970195055007935,0.9623399376869202,0.2144504197497288,-0.08365457694261276,-0.05015264238553824,-0.9718527158699105,2.9096672376480788,0.7306412020666495,0.0,3.04915714263916,0.596652090549469,-0.024061426520347595,-1.2694546358994492,4.780558193113857,0.20959625052985414,0.6677762601353523,4.596749941707766,-0.13348465049776503,-1.22337379752634,5.608902599633532,-0.3810216507887655,-0.6682109732359374,4.870822853284004,-0.15601043122540126,-1.9372308960348015,0.18380825140609183,0.3430809010276192,0.0,0.0,0.0,0.0,0.0,0.0
7.9167,-2.764545975779765,-1.926989618017273,1.0,-2.896080255508423,-1.8913583755493164,0.9622719883918762,0.21636592552592013,-0.07642665057244155,-0.04939420984658471,-0.9720623121475552,2.8904844270259096,0.8031810363303524,0.0,3.0404200553894043,0.6398295760154724,-0.0255900751799345,-1.349092825445542,4.9630009884685675,0.2203660818240803,0.5822136676031211,4.793047373006436,-0.11678215512774498,-0.5239783808516114,2.58942920872773,-0.09167572975349596,-0.6256308757455531,4.197313751122809,-0.13701765147012185,-1.9313064930486632,0.16995361546213172,0.3371482369518253,0.0,0.0,0.0,0.0,0.0,0.0
7.9333,-2.7165935622907775,-1.913017754345065,1.0,-2.8355042934417725,-1.8787094354629517,0.9620687961578369,0.21636592552592013,-0.07642665057244155,-0.04939420984658471,-0.9720623121475552,2.869526631517598,0.8751096565638332,0.0,3.0127639770507812,0.7270165681838989,-0.03283112123608589,-1.477933914259464,4.84605744115836,0.26609144358327624,0.4511223242001685,4.684058822907636,-0.06309029898354973,-1.6610057849819577,5.2363931210264045,-0.4348924399664929,-0.9312924730696177,4.504068972944296,-0.22495573345582284,-1.9290562384596326,0.16199861825072362,0.329181742566826,0.0,0.0,0.0,0.0,0.0,0.0
7.95,-2.6689350888192704,-1.8978295702924586,1.0,-2.7752082347869873,-1.8644680976867676,0.961777925491333,0.21581846430554394,-0.060638646586147135,-0.04843267164465716,-0.9733445878666506,2.846744355438688,0.9465973667710944,0.0,2.9954702854156494,0.8124433755874634,-0.03066779114305973,-1.679513086639299,4.7324274603352485,0.25584032170981,0.24538707001449112,4.57428303440514,-0.06703409606596011,-1.0372663701754636,5.123854194969183,0.12975538135108466,-0.962577904438549,4.68704089864191,-0.1202385291144113,-1.9249001566537902,0.1581444259301079,0.32287441777577014,0.0,0.0,0.0,0.0,0.0,0.0
7.9667,-2.621699608406604,-1.8814644771465248,1.0,-2.745208263397217,-1.8566542863845825,0.9616857171058655,0.21581846430554394,-0.060638646586147135,-0.04843267164465716,-0.9733445878666506,2.8221967157197874,1.0174505873900934,0.0,2.9795289039611816,0.8591455817222595,-0.027700670063495636,-1.7491950648017751,4.882855118315259,0.23977539504177342,0.16856721179366474,4.7387649097813815,-0.078283521383117,-0.956771220880316,2.802977076297865,0.1780809314363803,-0.9608636653202051,4.130830822213766,-0.0321691718107293,-1.9177622765954399,0.14409020853387722,0.3180589164248904,0.0,0.0,0.0,0.0,0.0,0.0
7.9833,-2.5748399030088382,-1.863905264151526,1.0,-2.685509204864502,-1.8397672176361084,0.9615595936775208,0.21555068957188603,-0.052964943535988365,-0.04822492982834701,-0.9738619404321219,2.7958578962272886,1.087740145486742,0.0,2.954390287399292,0.9459475874900818,-0.023519977927207947,-1.9241806558224228,4.747230134719006,0.21660476305539872,-0.012781452937839166,4.610963809927862,-0.09819169479864615,-1.506486640948707,5.201800257179597,0.25053713030432917,-1.1219415403773816,4.447000574113909,0.051290895752428164,-1.9113992028845836,0.13626632479114426,0.31479645785404486,0.0,0.0,0.0,0.0,0.0,0.0
8.0,-2.5284519934650547,-1.8451866229766443,1.0,-2.626307725906372,-1.8212196826934814,0.961564302444458,0.21694211509191255,-0.0460464224490917,-0.04805752254606178,-0.97391293811882,2.7677799344649663,1.1573220098024173,0.0,2.9221298694610596,1.0260155200958252,-0.020180830731987953,-2.065894748429822,4.642652647734384,0.19782822119368687,-0.1588290582727998,4.511469915753976,-0.11461827939248381,-1.9345752970275796,4.801470483107673,0.2002401732482164,-1.3618458782952714,4.55164657009063,0.09526344489716765,-1.907065690157022,0.1311827319804085,0.3124465005861707,0.0,0.0,0.0,0.0,0.0,0.0
8.0167,-2.4825689254141885,-1.825323653027453,1.0,-2.5968985557556152,-1.8113917112350464,0.9616112112998962,0.21513558526090223,-0.03830987317944709,-0.04801314191457982,-0.9746506344083062,2.7379854795411793,1.2261466118787174,0.0,2.9040722846984863,1.0664311647415161,-0.014654644764959812,-2.1552783816387477,4.818357563367118,0.1657158566903672,-0.25700481760058747,4.703776490867209,-0.14589773438688636,-1.0837351724927382,2.425565555825833,0.33165687332765753,-1.2797425147598163,3.923988595125965,0.16505110566274,-1.8982735640381603,0.11458107249990915,0.31161359107725356,0.0,0.0,0.0,0.0,0.0,0.0
8.0333,-2.437219939561928,-1.8043310581238903,1.0,-2.538619041442871,-1.7903435230255127,0.9618895053863525,0.21326423357688215,-0.029467390604876624,-0.04815757916442658,-0.9753619467706246,2.7064965871858355,1.2941700906571076,0.0,2.8622560501098633,1.1599268913269043,-0.002829276956617832,-2.2583128338505976,4.6177797328067065,0.09464205553199007,-0.3640179943711255,4.5099802077738556,-0.21960864990678908,-2.5099099872636987,5.611836173957841,0.7097867385051303,-1.6429104370914067,4.422272050116963,0.32586702091100356,-1.894294839479472,0.10779952503285056,0.31425070543877914,0.0,0.0,0.0,0.0,0.0,0.0
8.05,-2.3924108662576926,-1.7822126596769783,1.0,-2.5097153186798096,-1.7791589498519897,0.9621078968048096,0.21326423357688215,-0.029467390604876624,-0.04815757916442658,-0.9753619467706246,2.6733189895154674,1.3613837006134606,0.0,2.848550796508789,1.2013431787490845,0.0021941661834716797,-2.39448680262785,4.7774155369767985,0.06467165928806479,-0.5114153965015831,4.6868828925983,-0.25262247674904686,-0.8228692490480689,2.4866514930287154,0.3016096604003836,-1.4008192900365588,3.850841483261493,0.31870580472313004,-1.883071406126267,0.09053264437849835,0.31729413603711165,0.0,0.0,0.0,0.0,0.0,0.0
8.0667,-2.3481702600337386,-1.7589827020513191,1.0,-2.4524152278900146,-1.7555592060089111,0.9627768397331238,0.2133022078873905,-0.021446950700374764,-0.047984945672925994,-0.9755715009014208,2.638474053076979,1.4277446099493916,0.0,2.805140972137451,1.2895121574401855,0.010869965888559818,-2.5062001397945775,4.592393769331692,0.010511994273498415,-0.629628617331148,4.510736532379368,-0.31157814830845865,-2.606530857658225,5.294081857615278,0.52093598565917,-1.7567673822528755,4.276912420669958,0.37840785040784997,-1.8765715224634294,0.08165723695232466,0.32209014258195706,0.0,0.0,0.0,0.0,0.0,0.0
8.0833,-2.3044592838839177,-1.7346177338408248,1.0,-2.3958487510681152,-1.730350136756897,0.9636114835739136,0.21399063451096742,-0.015247992221392476,-0.04726292801108586,-0.9755725545726336,2.6019266007612374,1.4933110741741231,0.0,2.763921022415161,1.3658448457717896,0.020455658435821533,-2.6392676081258437,4.468683540183379,-0.04996116417128066,-0.767395546945266,4.39325801331214,-0.3786940818059529,-2.4706193375060734,4.575187916202235,0.5745421217203979,-1.9675095269089797,4.3649687986966015,0.43631027215341733,-1.8718720611805777,0.07542552687123909,0.3287329176346722,0.0,0.0,0.0,0.0,0.0,0.0
8.1,-2.261400319857739,-1.7091842219048226,1.0,-2.3678717613220215,-1.7171465158462524,0.9640759229660034,0.21390269511154944,-0.00805419953015904,-0.047030024526214645,-0.9756889641682206,2.563776332857234,1.5578995202133912,0.0,2.739487409591675,1.4103721380233765,0.01772288791835308,-2.741265534702869,4.5931072418346615,-0.03468908150516542,-0.8795679814795561,4.532598753706298,-0.3673370952572125,-1.4657875164483094,2.671219749413582,-0.1639405903155215,-1.8193920191714672,3.8649431217640005,0.2591052464369682,-1.8616975532233129,0.06050848812836341,0.33264801375204706,0.0,0.0,0.0,0.0,0.0,0.0
8.1167,-2.2190039632220326,-1.6826905741907296,1.0,-2.312523365020752,-1.689548134803772,0.9650369882583618,0.2133544383694076,0.0008299241307401849,-0.04674570188616013,-0.9758556128072327,2.5240358612860945,1.6214940551669508,0.0,2.695866823196411,1.4892138242721558,0.024084487929940224,-2.876578369680188,4.436604239552824,-0.0764987087965085,-1.0226387446753542,4.385584295139751,-0.41430957479696845,-2.617537233357655,4.73104711217935,0.3817400514328226,-2.0550190745389108,4.1206328499942755,0.2953092823356199,-1.853939625004834,0.051019944413073365,0.33781086600045995,0.0,0.0,0.0,0.0,0.0,0.0
8.1333,-2.177315613501931,-1.6551675952342273,1.0,-2.257988691329956,-1.6603201627731323,0.9661738872528076,0.21144463822283346,0.009217926701105548,-0.04646706907065459,-0.9762412986179558,2.482751392851341,1.684026579747103,0.0,2.6556708812713623,1.5711188316345215,0.0373508483171463,-3.0397966164207233,4.250003472258537,-0.16065486236674248,-1.1939467000888724,4.202690023137135,-0.507187392603847,-2.4139688721524606,4.918808436305322,0.796711794468865,-2.160987615517583,4.356268871768105,0.44333246832722967,-1.845849916331851,0.047313449121401015,0.3465325302371045,0.0,0.0,0.0,0.0,0.0,0.0
8.15,-2.1362822858158195,-1.6265795651286001,1.0,-2.2310593128204346,-1.6450833082199097,0.9668852686882019,0.21144463822283346,0.009217926701105548,-0.04646706907065459,-0.9762412986179558,2.4398693476929,1.7455765712762705,0.0,2.6252033710479736,1.6142998933792114,0.04387326166033745,-3.1345092484620976,4.362958296118567,-0.20224228416548046,-1.3014027518713485,4.328002994060219,-0.5580576591044297,-1.827817032354035,2.590532654403982,0.3912947961066453,-2.0626295698254524,3.834991267068842,0.4279699963665168,-1.833106496590749,0.034955302058348486,0.3558153749389492,0.0,0.0,0.0,0.0,0.0,0.0
8.1667,-2.0958372260506826,-1.596869441699817,1.0,-2.177931308746338,-1.6133733987808228,0.9683887362480164,0.21048640854851403,0.016125816245465333,-0.04632313758298992,-0.9763655053805175,2.3953041625497256,1.8062441609239763,0.0,2.5768651962280273,1.69356369972229,0.047002799808979034,-3.264913839649089,4.174810428083125,-0.22747902802449177,-1.442058558362465,4.14618028582035,-0.5920044114486869,-2.88901080110576,4.737332212374248,0.18704201281028243,-2.306592413524316,4.101378806705445,0.3568436520472631,-1.8228552812866239,0.028630142262775934,0.36452538342419505,0.0,0.0,0.0,0.0,0.0,0.0
8.1833,-2.0564259241441327,-1.5663727263519456,1.0,-2.1257741451263428,-1.580166220664978,0.969971776008606,0.20970172905965034,0.023683473216605452,-0.04620605363782666,-0.9763859044551968,2.3495590895279186,1.8653611137838002,0.0,2.523935079574585,1.7667096853256226,0.04578481242060661,-3.373056365535166,4.008695433352441,-0.22708869887957123,-1.557744849167429,3.983084075996493,-0.5985401533526917,-3.18643070386956,4.403440406476059,-0.07332370787403836,-2.5663367581232603,4.190552911903959,0.22985038499273086,-1.8153115163677371,0.02561135735594823,0.3714514544731205,0.0,0.0,0.0,0.0,0.0,0.0
8.2,-2.0175896109743467,-1.5347389335385586,1.0,-2.100064277648926,-1.5630247592926025,0.970798909664154,0.20590892362544286,0.03174628124057289,-0.04620972041364707,-0.9769638641888266,2.302108400307838,1.92361558353848,0.0,2.4943654537200928,1.8062304258346558,0.05240946635603905,-3.500714164993628,4.12285605584525,-0.26999645744312945,-1.7000798339195566,4.1090331875337345,-0.6499134051998283,-1.7696983533574955,2.3652578408150453,0.39647573556690735,-2.3311545404375114,3.651692444995165,0.2790412339855338,-1.8006343310740713,0.013822868311515501,0.3799169477566988,0.0,0.0,0.0,0.0,0.0,0.0
8.2167,-1.979690371168414,-1.5022591267869203,1.0,-2.0495357513427734,-1.527487874031067,0.9725349545478821,0.20311249076345717,0.039946256183019016,-0.04615615176918976,-0.9772509263740343,2.2533886901803806,1.9804644432473788,0.0,2.435615301132202,1.8831043243408203,0.05355670303106308,-3.5877899746502355,3.914760321490367,-0.2846468276501514,-1.7970987670720542,3.9061225360834526,-0.6724123450751514,-3.533605793360579,4.6236825123682515,0.06900207033770703,-2.6861401281642348,3.9386416784815124,0.21703383387521638,-1.7906912075781813,0.008637785406914202,0.38776551742499993,0.0,0.0,0.0,0.0,0.0,0.0
8.2334,-1.942501565139152,-1.4687402763423996,1.0,-2.0245749950408936,-1.5092225074768066,0.9734523296356201,0.20311249076345717,0.039946256183019016,-0.04615615176918976,-0.9772509263740343,2.203110414513599,2.036247652291272,0.0,2.407968759536743,1.9135929346084595,0.05738622322678566,-3.7447453328441713,4.068053472658824,-0.31132478877704445,-1.9723235131057022,4.075323743264683,-0.7075468118479544,-1.6567085279956566,1.827018416127327,0.2294825464689326,-2.382233104306126,3.3152518961331547,0.22070892136485798,-1.7724218197384691,-0.007270270605858897,0.39622202307091003,0.0,0.0,0.0,0.0,0.0,0.0
8.25,-1.906264975376719,-1.4343997633638756,1.0,-1.9754904508590698,-1.4716187715530396,0.9752377271652222,0.20075085005906593,0.047505867714258826,-0.045720521942981165,-0.9774211153483213,2.1515996450458132,2.0906025369349215,0.0,2.349867582321167,1.9804577827453613,0.050975412130355835,-3.849822747022295,3.900030922602307,-0.28096258783576106,-2.0915195051823092,3.9185890322346357,-0.6825894756893007,-3.490667927176887,4.017181613739561,-0.38515592547233324,-2.7094633234913337,3.5224743783266224,0.04184654485301638,-1.758303241839986,-0.018558109632328814,0.4016268878535396,0.0,0.0,0.0,0.0,0.0,0.0
8.2667,-1.8707587103370622,-1.3990244229185647,1.0,-1.9275076389312744,-1.4327216148376465,0.9770423769950867,0.19685664984405335,0.05450886162228345,-0.04521775218709467,-0.9778710329561751,2.098536634377847,2.1438619344944065,0.0,2.280123710632324,2.0502512454986572,0.051377832889556885,-3.8910614187725607,3.7041858468966926,-0.2916333456952475,-2.1405895947094415,3.7288991418962882,-0.6987944391935641,-4.175020694773499,4.1779893243513255,0.02408978677247167,-3.142122646293101,3.715994371600827,0.03660442531759211,-1.7504718240631192,-0.024713294999595473,0.40716109349831664,0.0,0.0,0.0,0.0,0.0,0.0
8.2833,-1.8363104010938749,-1.3629426833341258,1.0,-1.8807892799377441,-1.392466425895691,0.9788321852684021,0.1934454103661271,0.06237890049787417,-0.04488479208385868,-0.9780966871831024,2.044414025001189,2.1955343983591873,0.0,2.218202829360962,2.1149702072143555,0.05069180205464363,-3.982391061724417,3.524346669799019,-0.29576217340896166,-2.238317558768675,3.5522036966917065,-0.7082240007151912,-3.723512544802867,3.8917706093189963,-0.04125336021505376,-3.3137595707165755,3.767886729734341,0.013619383978726503,-1.7440735029557415,-0.0278570268926875,0.41246182730622954,0.0,0.0,0.0,0.0,0.0,0.0
8.3,-1.802705381066825,-1.3259369608370373,1.0,-1.8579169511795044,-1.3718156814575195,0.9797425866127014,0.19279715495753713,0.07098235248947117,-0.04442370556114945,-0.9776591186018624,1.988905441255556,2.245941928399762,0.0,2.1762561798095703,2.1499030590057373,0.05217761546373367,-4.084790642735631,3.616471125126281,-0.3085540556032402,-2.353784432125917,3.6549286961914627,-0.726949869938472,-2.517701774470521,2.0967229536348024,0.08918078312821981,-3.0787487592779472,3.274528638248981,0.03592649008496675,-1.731006210609714,-0.038457571065181634,0.41839581433523176,0.0,0.0,0.0,0.0,0.0,0.0
8.3167,-1.7700237142342445,-1.2880887255909137,1.0,-1.813141107559204,-1.3296204805374146,0.9815620183944702,0.18988287950711497,0.07786734575837741,-0.0436734916576555,-0.977739113320336,1.9321330883863705,2.294964428648633,0.0,2.108064889907837,2.2011237144470215,0.05113061144948006,-4.14956293979561,3.497081120671239,-0.31075451249860636,-2.427545731952126,3.54607009780333,-0.7346997987855373,-4.090954601367394,3.072846640157908,-0.06281221393426209,-3.3775704245064286,3.214988426159535,0.006777019956813915,-1.7220172078434839,-0.04898897713209116,0.4239452862869309,0.0,0.0,0.0,0.0,0.0,0.0
8.3333,-1.738340954549053,-1.24948830557202,1.0,-1.769742727279663,-1.2862130403518677,0.9832748174667358,0.18295652437475138,0.08334667314081651,-0.04343822794926773,-0.9786181279928793,1.87423245835803,2.3424885681764205,0.0,2.0334205627441406,2.26163387298584,0.04448993504047394,-4.178442358215823,3.3088902772988114,-0.2789176376945352,-2.460657645773484,3.364338017293116,-0.7061752026932252,-4.484244750637371,3.635137070669455,-0.39893746061187657,-3.7042809128764738,3.339023985307048,-0.11299731017408353,-1.7177847124423389,-0.05544773999430467,0.42725756499869,0.0,0.0,0.0,0.0,0.0,0.0
8.35,-1.7075629995260226,-1.2100183467705943,1.0,-1.748563289642334,-1.2640248537063599,0.9841238856315613,0.18295652437475138,0.08334667314081651,-0.04343822794926773,-0.9786181279928793,1.8150275201558914,2.388655500710966,0.0,1.9912302494049072,2.2980077266693115,0.04356597736477852,-4.301103760630247,3.366151393069145,-0.27708939324991094,-2.5959849273240927,3.4327265899668284,-0.7079546042712952,-2.5283830316192546,2.1798139707668347,-0.05537097793939048,-3.357134365796108,2.9968040014948736,-0.09598496363018857,-1.7051188333061542,-0.06657519689768343,0.43086521102138425,0.0,0.0,0.0,0.0,0.0,0.0
8.3667,-1.677817095677295,-1.169838717483378,1.0,-1.7075003385543823,-1.2185935974121094,0.985874593257904,0.1791844604583673,0.09045000289007737,-0.04339325726190665,-0.9786872909712856,1.754758076225067,2.4332743564840573,0.0,1.9074279069900513,2.3553659915924072,0.04432439059019089,-4.282925240109366,3.173865101554227,-0.2899226316469185,-2.5822575865435717,3.247678090068168,-0.7251843462863039,-5.028864725659918,3.4419915587667216,0.04551134737821017,-3.850659723164444,3.1282315053397074,-0.05421266641449989,-1.700667653565794,-0.07381298851394125,0.43526171463938534,0.0,0.0,0.0,0.0,0.0,0.0
8.3834,-1.649020952708147,-1.1288348796007703,1.0,-1.6875241994857788,-1.1954659223556519,0.9867122173309326,0.17854825114591732,0.09624391171562376,-0.04295623658969721,-0.9782701636115733,1.6932523194011555,2.4764685709377794,0.0,1.8711687326431274,2.379361867904663,0.04275837168097496,-4.454452894098662,3.287290287960257,-0.28427073079338244,-2.7693307259656352,3.3763599517397416,-0.7237273044937613,-2.1707393662574934,1.4365686554381958,-0.09375334534684555,-3.3547165289758856,2.6288217125951427,-0.06588579754209532,-1.6851221681330262,-0.08906966377948454,0.4394565737003789,0.0,0.0,0.0,0.0,0.0,0.0
8.4,-1.6213729979832463,-1.087295446555464,1.0,-1.6487038135528564,-1.1484464406967163,0.9882460832595825,0.1725771279932728,0.10137188716380785,-0.042054041150472954,-0.9788627483016364,1.6309431698331962,2.5179405030251303,0.0,1.7885892391204834,2.429701566696167,0.034154392778873444,-4.450446322744708,3.114236773967135,-0.23992520845981063,-2.7730458964906743,3.2153825946280468,-0.680903106803918,-4.965144282458177,3.026706231454006,-0.5173196738055305,-3.8301442364788967,2.746284494916776,-0.19915732892065774,-1.6774004262540332,-0.10114582066091202,0.44097789834410733,0.0,0.0,0.0,0.0,0.0,0.0
8.4167,-1.59472473874097,-1.045005398712345,1.0,-1.6115601062774658,-1.1003142595291138,0.9897368550300598,0.16715396128647447,0.10581362235618151,-0.040927076568140146,-0.9793815338599571,1.5675080980685177,2.5579128918885448,0.0,1.6964433193206787,2.4827992916107178,0.03055283986032009,-4.390336569149903,2.9120429671922166,-0.2254277676410243,-2.711891003209466,3.021099963545583,-0.667596679112759,-5.530738408700629,3.1870062965083,-0.21617068993274186,-4.332190718815088,2.876393626061702,-0.2041799840539948,-1.6784455659404367,-0.10905699635336641,0.44216891147173465,0.0,0.0,0.0,0.0,0.0,0.0
8.4333,-1.569137728247803,-1.0020557849864566,1.0,-1.593634009361267,-1.0758538246154785,0.9904478788375854,0.16715396128647447,0.10581362235618151,-0.040927076568140146,-0.9793815338599571,1.503083677479685,2.5962934076282953,0.0,1.654725193977356,2.504563331604004,0.02707589976489544,-4.545432269544846,3.008781068598006,-0.20780283781620484,-2.8774080457516646,3.132785902181719,-0.6508936423573612,-2.5030541012216405,1.3058249649529368,-0.2086136204331531,-3.7921961571640943,2.4127330511539404,-0.2054888745491364,-1.6680242237931815,-0.12400483358371295,0.44309080454115635,0.0,0.0,0.0,0.0,0.0,0.0
8.45,-1.5446294894251393,-0.9584750234639156,1.0,-1.5591069459915161,-1.0261670351028442,0.9917957782745361,0.16517296984440935,0.11147814299097747,-0.039968783673548,-0.9791287792094372,1.4377125351958733,2.6330557658622906,0.0,1.5655066967010498,2.5553672313690186,0.02556842938065529,-4.5073445331255115,2.7970730521805205,-0.2052240662833515,-2.8417461663390453,2.931167384958107,-0.6496444600956144,-5.3536510343643595,3.0485421614352344,-0.09045736734241323,-4.253166176484418,2.600435521542277,-0.17152947112749767,-1.6655983667864662,-0.13409433277758642,0.4444203938122629,0.0,0.0,0.0,0.0,0.0,0.0
8.4668,-1.5210878834302277,-0.9140414003322026,1.0,-1.5263218879699707,-0.97553551197052,0.993141770362854,0.16313819902364435,0.11856882868568507,-0.03814462592314792,-0.9787095445072993,1.371062100498304,2.668368174854658,0.0,1.4794622659683228,2.603083372116089,0.023341326043009758,-4.490078444736475,2.592719251273356,-0.1983608272964989,-2.822546989321143,2.73353774115872,-0.6441290366624286,-5.118518465989675,2.8384864128893175,-0.13248352580558234,-4.508633988866783,2.6707124956551778,-0.16000239440421996,-1.667531455415332,-0.14081848988536366,0.44576820936592976,0.0,0.0,0.0,0.0,0.0,0.0
8.4833,-1.498901465414114,-0.8695079463193963,1.0,-1.4953281879425049,-0.9238761067390442,0.9944385290145874,0.15708074858853738,0.12107481707787006,-0.036126129054264225,-0.97947004224183,1.3042619194790945,2.7016478018788286,0.0,1.3870272636413574,2.650040864944458,0.02240666002035141,-4.43028446967281,2.375721280945295,-0.19905265039723646,-2.7549320424322743,2.5197298177073013,-0.6465893207196615,-5.588556231441174,2.839017499351342,-0.05650926049384496,-4.827446773208369,2.720399208949537,-0.12944932967286704,-1.675352427240536,-0.14400853676200615,0.447536670322425,0.0,0.0,0.0,0.0,0.0,0.0
8.5,-1.477700863345913,-0.8241515980387163,1.0,-1.4805545806884766,-0.8976535201072693,0.9950498938560486,0.15504874892306197,0.1226821450977497,-0.035177319200587025,-0.9796282615111398,1.2362273970580744,2.7334487049811305,0.0,1.3375428915023804,2.673431634902954,0.017944278195500374,-4.557104115875971,2.4210260454277153,-0.1751699229916585,-2.88500471710692,2.5729914634268587,-0.6235249319093437,-2.96444282572057,1.4012626046219328,-0.2673263338403748,-4.277453956760721,2.3309659727657595,-0.17015314135706014,-1.6720993987690507,-0.1519654179991436,0.4483550089176852,0.0,0.0,0.0,0.0,0.0,0.0
8.5167,-1.4576400074576075,-0.7782735109710441,1.0,-1.452317237854004,-0.8445992469787598,0.9961239695549011,0.15208382218035285,0.1270201107978225,-0.03443949647055527,-0.9795664742312229,1.1674102664565662,2.7635399888135885,0.0,1.2524654865264893,2.7078945636749268,0.011625208891928196,-4.545650658334611,2.2567964164726058,-0.14249651658345103,-2.8726043588069894,2.4163591215148474,-0.5902153103580099,-5.098012743585348,2.0650894336819245,-0.3786516037523573,-4.519697908436243,2.2524743588562677,-0.23170569829738547,-1.6730462995276214,-0.1595627050422416,0.44771879377455887,0.0,0.0,0.0,0.0,0.0,0.0
8.5335,-1.438689989034319,-0.731795765961335,1.0,-1.4388636350631714,-0.8177435398101807,0.9966580271720886,0.15208382218035285,0.1270201107978225,-0.03443949647055527,-0.9795664742312229,1.0976936489420024,2.791965016448521,0.0,1.2019459009170532,2.7320775985717773,0.007377247791737318,-4.675985406993049,2.2772220194231076,-0.11956717853651527,-3.011300781899829,2.446825151371397,-0.5661892024243913,-3.0186981793315666,1.445009544975354,-0.2538285356921532,-4.076575353805776,2.0140959873194846,-0.23823676424760476,-1.6646846250932197,-0.1696031319482889,0.446622023887876,0.0,0.0,0.0,0.0,0.0,0.0
8.55,-1.4210749452437699,-0.6853033186912917,1.0,-1.4133355617523193,-0.7633504271507263,0.9977095127105713,0.14374794011507178,0.1297480807142138,-0.03486374664766593,-0.9804522323995278,1.0279549780369375,2.8183875821343447,0.0,1.1100105047225952,2.7737255096435547,0.012473683804273605,-4.622132302903659,2.043051954550917,-0.15532730967642466,-2.958075019544147,2.218196226738067,-0.6037136436626505,-5.547874253650816,2.5132580389900006,0.3075462477969211,-4.510929680780383,2.1614577484323667,-0.07711164351534425,-1.664057283359512,-0.17514427218714948,0.44838633398622585,0.0,0.0,0.0,0.0,0.0,0.0
8.5667,-1.4045470426341267,-0.6381677572652553,1.0,-1.389814019203186,-0.7080494165420532,0.998769998550415,0.13627561865836504,0.13115513349541474,-0.03502698139194866,-0.9813258944223101,0.957251635897883,2.8431794360488096,0.0,1.0108296871185303,2.816230535507202,0.0032643890008330345,-4.5236686120133,1.7910536075305774,-0.10533303162937274,-2.8521465068809486,1.9670074151747674,-0.5525876458005032,-5.959806590257879,2.5541404011461317,-0.5533894273818052,-4.938664626379424,2.2773848447905944,-0.21771755050410263,-1.6715221051323517,-0.17595380764418994,0.44725461417113055,0.0,0.0,0.0,0.0,0.0,0.0
8.5833,-1.3892011856959372,-0.5906334660804353,1.0,-1.3788005113601685,-0.6801327466964722,0.9992154240608215,0.13258917561198155,0.13385135740945908,-0.03446436311117665,-0.9814866846493792,0.885950199120653,2.866198221456094,0.0,0.9696235656738281,2.8287460803985596,-0.0003686996060423553,-4.717280166983638,1.8466996738494705,-0.08573549224307614,-3.052704220077196,2.029350946725891,-0.53154245429198,-2.4739976237850527,0.7514278761505317,-0.218129061054007,-4.211049879137274,1.8268944568920684,-0.2178390359398394,-1.6645759469064425,-0.1826512728764204,0.44580696204890385,0.0,0.0,0.0,0.0,0.0,0.0
8.6,-1.3750370988663232,-0.5426949688904619,1.0,-1.3581953048706055,-0.6239055395126343,1.0000451803207397,0.1279094959000052,0.13698214043866008,-0.033815385937805954,-0.9816983461226009,0.8140424533356928,2.887444351700515,0.0,0.8801298141479492,2.8563523292541504,-0.005569091532379389,-4.676119397641196,1.6605862174771537,-0.05868342678745536,-3.0124639342124038,1.8489792331451076,-0.5021529496604336,-5.373935203080932,1.6577044767999543,-0.3122739718278447,-4.554354881460999,1.776946482390424,-0.24571795505331448,-1.6636554634287923,-0.18839301566795386,0.44346952287297814,0.0,0.0,0.0,0.0,0.0,0.0
8.6166,-1.362082394349313,-0.49444449001794877,1.0,-1.339493751525879,-0.567177951335907,1.0008231401443481,0.11942839983163009,0.13773862533223127,-0.03366205570292337,-0.9826657005896229,0.7416667350269232,2.9068764084760303,0.0,0.7856078743934631,2.8876256942749023,-0.008444559760391712,-4.601500525229218,1.439800340055189,-0.04534782900332063,-2.9325736232223982,1.630874521149289,-0.4865297855802928,-5.676600085910653,1.8781500572737686,-0.17268883004904068,-4.885662177708247,1.8068236274494662,-0.22415842255851232,-1.6689269020068198,-0.19107418109409985,0.4411819565769722,0.0,0.0,0.0,0.0,0.0,0.0
8.6333,-1.3503281480151053,-0.44584713700750744,1.0,-1.3309106826782227,-0.5385587811470032,1.001160979270935,0.11942839983163009,0.13773862533223127,-0.03366205570292337,-0.9826657005896229,0.6687707055112612,2.924507777977342,0.0,0.7380709052085876,2.9039535522460938,-0.014516670256853104,-4.764569673517311,1.4397134495613049,-0.010643060376013425,-3.102330007839604,1.6353561550520663,-0.44836162647015,-2.852261673151751,0.9796864271000228,-0.36433218905570497,-4.285365183182195,1.5626376078641306,-0.2655402804616185,-1.662239665677707,-0.19564270549076154,0.43771856609413656,0.0,0.0,0.0,0.0,0.0,0.0
8.65,-1.3397923807998826,-0.39697114458082283,1.0,-1.3151625394821167,-0.48088276386260986,1.0017091035842896,0.11181925982648942,0.13795868522356328,-0.033291247729724464,-0.9835423550386495,0.5954567168712342,2.9403114288001757,0.0,0.6474794149398804,2.9257383346557617,-0.019736137241125107,-4.7110825109755,1.2512540584399179,0.01787615071266485,-3.0494997812721807,1.4508351377795128,-0.41566405359848674,-5.435572356374457,1.3071068894483864,-0.3131727976939803,-4.624927363678564,1.4872002693121216,-0.2796022701543641,-1.6615827297033197,-0.19958107933959485,0.4335402043111516,0.0,0.0,0.0,0.0,0.0,0.0
8.6666,-1.3304836676317204,-0.34785832825246693,1.0,-1.3079560995101929,-0.4518716335296631,1.0019042491912842,0.10693816349472494,0.14072046942480598,-0.032777730527467755,-0.9837111953137843,0.5217874923787004,2.954274498552419,0.0,0.6041978597640991,2.9361181259155273,-0.030756721273064613,-4.904217144068953,1.2644915040871694,0.08296046557707198,-3.2555677913456167,1.4705026671836026,-0.3436832399994334,-2.597453140649592,0.62292173415367,-0.6613775888896838,-4.0263799157773486,1.2320494488385338,-0.39230932216280445,-1.6486493527233363,-0.20601116309643325,0.4266437055765054,0.0,0.0,0.0,0.0,0.0,0.0
8.6833,-1.3223984401032012,-0.2984829480786939,1.0,-1.2947471141815186,-0.39360538125038147,1.0021017789840698,0.09940704455016752,0.14208508296373448,-0.03268408023007648,-0.9843078261013044,0.44772442211804087,2.9664023398451977,0.0,0.5185229778289795,2.9491987228393555,-0.036759622395038605,-4.87881801617674,1.1048125333833279,0.11792011299981026,-3.237728606585483,1.3181003022762465,-0.30134539690170214,-5.136750243009892,0.784264394762422,-0.35991183297358337,-4.354181531226434,1.099855116461202,-0.38274499120739264,-1.6410894095912572,-0.21328776889291862,0.4192655099015124,0.0,0.0,0.0,0.0,0.0,0.0
8.7,-1.31555396050246,-0.24894560916499123,1.0,-1.2833945751190186,-0.33488374948501587,1.0022468566894531,0.09109318223759987,0.14255229790163496,-0.03287871437649988,-0.9850380623986041,0.37341841374748685,2.97666905924631,0.0,0.4243852198123932,2.969852924346924,-0.03932506963610649,-4.798304152315063,0.8865401820268874,0.1325124752692784,-3.1579098483949477,1.104063675684513,-0.28005238771690016,-5.645444309408064,1.2386331140977982,-0.15384995174435231,-4.735385904466647,1.140824917885424,-0.31517099191719644,-1.640394303920115,-0.21752349365762555,0.41256486298617856,0.0,0.0,0.0,0.0,0.0,0.0
8.7168,-1.3099188249983538,-0.19893948050617696,1.0,-1.2738102674484253,-0.2758064568042755,1.0022915601730347,0.08632982971259565,0.14530623620360955,-0.032685892544562466,-0.9850710633809882,0.29840922075926546,2.985121762502469,0.0,0.33883070945739746,2.9815266132354736,-0.04660731554031372,-4.768062812141799,0.7106339473162584,0.17590556066569546,-3.126362961117223,0.9322081247980173,-0.2286853868111195,-5.100732398970875,0.6959815780870208,-0.4341651593438615,-4.843242867283401,1.0094990333302039,-0.3503002450634854,-1.6416998510245757,-0.22157417748175887,0.40459094747681495,0.0,0.0,0.0,0.0,0.0,0.0
8.7333,-1.3055907913307798,-0.14943864418354197,1.0,-1.269685983657837,-0.24614913761615753,1.002261757850647,0.08204407210402671,0.14955625328464123,-0.03250386030584399,-0.9848072662561584,0.22415796627531295,2.99161381300383,0.0,0.29141077399253845,2.992231845855713,-0.05151006206870079,-4.938364887277988,0.674797760501901,0.20539611040039857,-3.3070155496398144,0.8995502579319347,-0.19090144762193473,-2.8623141738742497,0.6461784218630823,-0.29593462626102723,-4.258436510464238,0.9022401482141847,-0.3342505207226415,-1.6313493376381738,-0.2247524974300337,0.3962975580223333,0.0,0.0,0.0,0.0,0.0,0.0
8.75,-1.302479790045291,-0.09956410408623985,1.0,-1.2627562284469604,-0.18670499324798584,1.0021599531173706,0.08204407210402671,0.14955625328464123,-0.03250386030584399,-0.9848072662561584,0.14934615612935978,2.996280314932063,0.0,0.20405998826026917,2.9955904483795166,-0.05063400790095329,-4.889886169878711,0.5240307906504997,0.2005768590991704,-3.263877791989346,0.7537721354386948,-0.1890903982283348,-5.244578287382977,0.20165192247129893,0.052598664433565236,-4.549563587267052,0.6954136989380143,-0.2200455706089041,-1.626008377889365,-0.22974134478819502,0.3896672573275052,0.0,0.0,0.0,0.0,0.0,0.0
8.7667,-1.3006136690450807,-0.04954088806860626,1.0,-1.2599815130233765,-0.15687894821166992,1.002082109451294,0.07360219269037427,0.1507146304400048,-0.0329947867972988,-0.985281334008209,0.07431133210290938,2.999079496432379,0.0,0.16074465215206146,3.002232313156128,-0.05346374586224556,-5.089622857456757,0.4911994254991713,0.21787501821763838,-3.480848509158566,0.725130429000232,-0.16502723731958435,-2.595803447684636,0.3980339767677778,-0.1695806662475532,-3.9727778841121633,0.6076217695803882,-0.2051474084665813,-1.6087743482981909,-0.23393100350106066,0.38290225553722274,0.0,0.0,0.0,0.0,0.0,0.0
8.7833,-1.300000043431263,0.000416803372774056,1.0,-1.2558776140213013,-0.09707999974489212,1.0019630193710327,0.06510157900914386,0.15063741214517679,-0.033684435679482656,-0.9858679759926321,-0.000625205059161084,2.999999934853105,0.0,0.05963519588112831,3.012004852294922,-0.04840296879410744,-4.95215216191977,0.27809939701191955,0.1880404237757159,-3.349484642232289,0.5143595925408879,-0.19069717945131853,-6.071349991052255,0.5868146027201145,0.3038860057265569,-4.592314726839125,0.6014791136191866,-0.05487144071269125,-1.6026675196874811,-0.23626019552896838,0.3787376032270344,0.0,0.0,0.0,0.0,0.0,0.0
8.8,-1.3006369620119023,0.05047219360206906,1.0,-1.2538508176803589,-0.037361156195402145,1.0018280744552612,0.059927176173146995,0.15362207546679016,-0.03380514425361785,-0.9857313359097598,-0.07570829040310359,2.9990445569821462,0.0,-0.03100920096039772,3.0100293159484863,-0.05741531029343605,-4.871450673378204,0.1247444141842522,0.24272817529579355,-3.270173894803748,0.36495421899240593,-0.12883448373115874,-5.430977604851152,-0.11836466487629278,-0.5399762870693103,-4.839903337131614,0.3889680732261073,-0.1980832578856272,-1.6012767785744557,-0.24020980480815374,0.3715626590269523,0.0,0.0,0.0,0.0,0.0,0.0
8.8167,-1.3025240480051719,0.10044810203461038,1.0,-1.2534894943237305,-0.007497550453990698,1.0017099380493164,0.059927176173146995,0.15362207546679016,-0.03380514425361785,-0.9857313359097598,-0.15067215305191556,2.996213927992242,0.0,-0.07689300179481506,3.008268117904663,-0.058723777532577515,-5.053744529600164,0.1082429493175813,0.2511126530954027,-3.465939032484363,0.3525410498625072,-0.11359775489677787,-2.7525581671839467,-0.10565384670394896,-0.07849463470972724,-4.223680891405728,0.2429466419854972,-0.16277851053696896,-1.5878054971158009,-0.2442981005449259,0.3647104079921806,0.0,0.0,0.0,0.0,0.0,0.0
8.8333,-1.3056559922075353,0.15030628257757592,1.0,-1.2541898488998413,0.052287183701992035,1.0014023780822754,0.05382171520923005,0.15768874585426537,-0.03433130551042776,-0.9854232424471452,-0.22545942386636386,2.991516011688697,0.0,-0.16681315004825592,3.0088372230529785,-0.05961667001247406,-4.968915346109194,-0.08354065250399159,0.25796110337826234,-3.388369836735442,0.1640184915163494,-0.10021729033948362,-5.400003400483943,0.03417665335108744,-0.05362115745314491,-4.570952796380008,0.1813139255365512,-0.1305532647775603,-1.5805455093737522,-0.247559144020341,0.35817839371774596,0.0,0.0,0.0,0.0,0.0,0.0
8.85,-1.3100343778304449,0.2000920352821063,1.0,-1.2567628622055054,0.11207745969295502,1.0010948181152344,0.04690324680589403,0.16030311486739612,-0.035193882912051735,-0.9853245345279327,-0.3001380529231595,2.9849484332543326,0.0,-0.26131102442741394,3.0054659843444824,-0.06254425644874573,-4.850062844829148,-0.2632929722116608,0.27702794359022503,-3.270378596044211,-0.01277990994093492,-0.07407820338916177,-5.672312164579607,-0.2023613595706619,-0.17573076923076922,-4.896094212024307,0.06804596872839605,-0.14389048982627925,-1.5796842487849374,-0.2505130622707259,0.3511061469793868,0.0,0.0,0.0,0.0,0.0,0.0
8.8668,-1.3157062565777773,0.25015663056457743,1.0,-1.261284589767456,0.1716606765985489,1.0007610321044922,0.039611125517084685,0.15939314333462168,-0.036093085925031645,-0.9857596164451107,-0.3752349458468661,2.976440615133334,0.0,-0.3600752055644989,2.996608018875122,-0.06375452131032944,-4.701962190758285,-0.4201121462133397,0.28593289877819755,-3.116789622100634,-0.16599948773794804,-0.05822741299821632,-5.880348068023735,-0.527396871362462,-0.07205829642563098,-5.18666394006517,-0.10773964090317048,-0.1226843134178455,-1.5851725686576505,-0.25411265847539166,0.3441603117764139,0.0,0.0,0.0,0.0,0.0,0.0
8.8833,-1.322520451678035,0.29929022030189617,1.0,-1.2642760276794434,0.20132777094841003,1.000531554222107,0.033265606640761815,0.15979696809527275,-0.036590882352793876,-0.9859104600159311,-0.4489353304528443,2.9662193224829476,0.0,-0.4001041054725647,2.9907066822052,-0.07329893857240677,-4.908736006122035,-0.4576301920412441,0.34432921347145223,-3.333241031373742,-0.2014045470744425,0.01006273400768637,-2.420887285153997,-0.35690391048563846,-0.5772319111200831,-4.37015611991214,-0.18129748739650442,-0.2568750722763441,-1.5754949747482927,-0.2562256449668016,0.33426647946376586,0.0,0.0,0.0,0.0,0.0,0.0
8.9,-1.3306148627013146,0.34860031696348026,1.0,-1.2714512348175049,0.2604728043079376,0.9998905658721924,0.02573575605292676,0.1619372904297772,-0.037037301772221254,-0.9857698581292988,-0.5229004754452204,2.954077705948028,0.0,-0.4840641915798187,2.9768972396850586,-0.08433971554040909,-4.836135449352504,-0.6062776870808053,0.41378246274253,-3.2665467057346627,-0.3463996822897012,0.09229613124656283,-5.040494167322694,-0.8290417233235525,-0.66282652257926,-4.568052163645436,-0.3725234250203324,-0.3767193602040112,-1.5695887436178417,-0.2598780047911041,0.32148633149596717,0.0,0.0,0.0,0.0,0.0,0.0
8.9167,-1.339955307079769,0.3977748128718535,1.0,-1.2756547927856445,0.28998905420303345,0.9995085000991821,0.018651929757814305,0.16136859773446366,-0.03758398854425602,-0.9860018765303512,-0.5966622193077803,2.940067039380346,0.0,-0.5226581692695618,2.9694881439208984,-0.08247079700231552,-5.052883317918894,-0.6564401169737647,0.4044956815051944,-3.5022706956822867,-0.394997250579275,0.09361817503918124,-2.3131260627884713,-0.4440633886340578,0.11201343936211257,-3.9023567641461505,-0.39364332985442174,-0.23243650493353046,-1.5506126222366077,-0.2614428663944897,0.31087750646601314,0.0,0.0,0.0,0.0,0.0,0.0
8.9333,-1.3505000919793066,0.4465983750835969,1.0,-1.2855230569839478,0.3489128053188324,0.9988492131233215,0.018651929757814305,0.16136859773446366,-0.03758398854425602,-0.9860018765303512,-0.6698975626253953,2.92424986203104,0.0,-0.620226263999939,2.960381269454956,-0.07771085202693939,-4.887625635987601,-0.8554292464772989,0.3792707720364615,-3.3453582489189735,-0.5935523283931208,0.07642115796986465,-5.859287974456996,-0.5468980427530318,0.2858504968286013,-4.480078625339478,-0.4388869222228884,-0.07942870899635683,-1.5422673870686276,-0.2618769180841782,0.30284961406659683,0.0,0.0,0.0,0.0,0.0,0.0
8.95,-1.362284043876612,0.4952341601554,1.0,-1.2971296310424805,0.40755364298820496,0.9981338381767273,0.010594226770872763,0.1590072625947241,-0.03789764539087416,-0.9864928873155031,-0.7428512402331,2.906573934185082,0.0,-0.7058275938034058,2.9391279220581055,-0.08526486158370972,-4.787199480454159,-0.9919580182556675,0.42823395838688155,-3.249252878820837,-0.727308733797758,0.1358424479248569,-5.132046883933676,-1.274199542595769,-0.452884684105203,-4.6725515716594375,-0.6854864752257972,-0.18967973870903665,-1.5379466016333225,-0.26464928445790953,0.29239151046202466,0.0,0.0,0.0,0.0,0.0,0.0
8.9667,-1.3752766808750747,0.5435440596830503,1.0,-1.3036127090454102,0.43671056628227234,0.9977185726165771,0.006359938366869725,0.16002126835469166,-0.03771936422167306,-0.9863721787413681,-0.8153160895245755,2.887084978687388,0.0,-0.7479224801063538,2.9331374168395996,-0.09156465530395508,-4.973928684862747,-1.0840995628023247,0.4681851384429319,-3.4523274504189905,-0.8212712995484548,0.18777587929334594,-2.524287286972435,-0.3592302413359259,-0.37777722177742196,-4.038344689810286,-0.5891696718166256,-0.24520955367212202,-1.5216012344437566,-0.2628282632538698,0.280409259149586,0.0,0.0,0.0,0.0,0.0,0.0
8.9833,-1.3894589516812783,0.5914667384470582,1.0,-1.3178770542144775,0.4946257770061493,0.9968935251235962,0.0006014882118111678,0.16157424274506044,-0.03804119755690222,-0.9861268840830346,-0.8872001076705873,2.865811572478082,0.0,-0.8369165658950806,2.903966188430786,-0.08531101047992706,-4.840140452902869,-1.1928878100899285,0.4348920234392449,-3.3276594572785783,-0.9273807019889372,0.16330694691630843,-5.34133122504758,-1.7508263812372107,0.3753371706995979,-4.423010130414896,-0.9321119646770755,-0.06201281856332541,-1.5124809956242908,-0.2655071081009913,0.27158507652293645,0.0,0.0,0.0,0.0,0.0,0.0
9.0,-1.4048255375901892,0.6389943325489554,1.0,-1.3338851928710938,0.5520336627960205,0.9961901307106018,-0.010829079547487448,0.16246812998677193,-0.039968151470820286,-0.9858445844917086,-0.9584914988234332,2.8427616936147158,0.0,-0.9236698746681213,2.8776695728302,-0.08031681180000305,-4.710767485327484,-1.3282980845009016,0.40857066814505855,-3.2023985590337674,-1.0586584774822176,0.1438770129579317,-5.210570217518938,-1.5794252001202869,0.29996115733249323,-4.655512262797492,-1.1232106630804417,0.04484851511884504,-1.508368926293716,-0.269639607018684,0.26469365518712684,0.0,0.0,0.0,0.0,0.0,0.0
9.0167,-1.4214112951836237,0.6862248014581891,1.0,-1.3425955772399902,0.5806208252906799,0.9958506226539612,-0.014803516825352624,0.16216914024343565,-0.040828705823715686,-0.9858068209154428,-1.0293372021872838,2.817883057224564,0.0,-0.9716081023216248,2.872560739517212,-0.08373557776212692,-4.851586329672735,-1.4582068722878134,0.4309192729549079,-3.3569081109036674,-1.1917479393494828,0.17460754981231874,-2.8730495541838135,-0.3061842706904435,-0.20489460090877915,-4.129296692162067,-0.8820095388055402,-0.028880217424994303,-1.4946782187690675,-0.26645893293833073,0.25631172314258915,0.0,0.0,0.0,0.0,0.0,0.0
9.0333,-1.4391440132189475,0.7329495183579263,1.0,-1.361419916152954,0.6374070644378662,0.9951969385147095,-0.019569840703176862,0.16272316056711134,-0.0416782598491498,-0.9855968031693131,-1.0994242775368894,2.7912839801715785,0.0,-1.0621552467346191,2.8364551067352295,-0.07916773110628128,-4.684764243620592,-1.5550138222649161,0.40694067209763146,-3.1961013873264865,-1.2865671821561837,0.15734388204332694,-5.434310877715136,-2.1669289986549525,0.27414557278997226,-4.514560732200376,-1.2613412485337598,0.06057853441573155,-1.488662856294105,-0.26844664010873237,0.24959679005430452,0.0,0.0,0.0,0.0,0.0,0.0
9.05,-1.4580570649800846,0.779260049104418,1.0,-1.38201105594635,0.6935095191001892,0.9945281744003296,-0.019569840703176862,0.16272316056711134,-0.0416782598491498,-0.9855968031693131,-1.168890073656627,2.762914402529873,0.0,-1.1464331150054932,2.8019344806671143,-0.08218502253293991,-4.546215070942445,-1.6698359557699358,0.4285707265631356,-3.059525974478603,-1.3969745685542772,0.18708295145845805,-5.054146411209608,-2.070203031169574,-0.18094706176722905,-4.673856286948549,-1.5001320307801567,-0.010724236073826866,-1.486689096463842,-0.2728613872156587,0.24148777510467756,0.0,0.0,0.0,0.0,0.0,0.0
9.0667,-1.4781572420685458,0.8251599635056909,1.0,-1.392983317375183,0.7213594913482666,0.9941542744636536,-0.029936980254272858,0.16189775141751794,-0.04304297480393255,-0.9854137172593818,-1.2377399452585363,2.732764136897181,0.0,-1.1889443397521973,2.7850074768066406,-0.0837760642170906,-4.706083762344494,-1.7604668798785816,0.4401817545897995,-3.2325727678389424,-1.4884319365000644,0.20738763267933588,-2.545178143199726,-1.0134321114536942,-0.09525683025008565,-4.045431591891034,-1.3564493189124958,-0.03567980292344092,-1.4735109945055513,-0.2720349433785171,0.23279412191046364,0.0,0.0,0.0,0.0,0.0,0.0
9.0833,-1.4993178817137616,0.8703699839058019,1.0,-1.41631281375885,0.7765585780143738,0.9934937953948975,-0.03579005008423836,0.16143060628533532,-0.043784084988148106,-0.9852624943669246,-1.3055549758587028,2.7010231774293576,0.0,-1.2801672220230103,2.750330924987793,-0.07735217362642288,-4.508562208591904,-1.8929600966315019,0.4051573446103714,-3.0395727539291917,-1.6195868040200998,0.1786875385774562,-5.481847357336275,-2.083814490594152,0.38603020187114057,-4.46948778001256,-1.5711808120467803,0.08881669831794581,-1.4689894546627127,-0.273373292611402,0.2264698060329152,0.0,0.0,0.0,0.0,0.0,0.0
9.1,-1.5216139640550848,0.9150645371535993,1.0,-1.4285880327224731,0.8038821816444397,0.9931710362434387,-0.041737149533231675,0.16063029031567408,-0.04416437600226198,-0.985142417995517,-1.372596805730399,2.6675790539173727,0.0,-1.3146487474441528,2.726092576980591,-0.07671812176704407,-4.705411067267402,-1.9600515379356018,0.4031942364345707,-3.2539372038864123,-1.68833537836271,0.1832599018793368,-2.0709376252935447,-1.4557391603184604,0.03808073558050289,-3.76139193471726,-1.5371003264659289,0.07383851478871745,-1.4514738633809898,-0.27171615957289186,0.2199343345552339,0.0,0.0,0.0,0.0,0.0,0.0
9.1167,-1.5450730483464366,0.959286919727321,1.0,-1.4544814825057983,0.8580138087272644,0.9925022125244141,-0.048119999980623065,0.15744324573004548,-0.04436760810578149,-0.9853566082796494,-1.4389303795909816,2.632390427480345,0.0,-1.402464747428894,2.6893067359924316,-0.07538712024688721,-4.5130734372883605,-2.097824898033306,0.39880257581360296,-3.070407702259872,-1.8258101490417227,0.18529185567158407,-5.262566080868695,-2.2044720674382057,0.07976318045435062,-4.204565980447847,-1.7341206623218284,0.07558758438158991,-1.4426657350284886,-0.2720147489915835,0.21351072014201888,0.0,0.0,0.0,0.0,0.0,0.0
9.1333,-1.5695720356189968,1.0028055943642407,1.0,-1.4820750951766968,0.9113286733627319,0.9918799996376038,-0.0548048484026632,0.15453886425231125,-0.044043920309217825,-0.9854818687134239,-1.5042083915463609,2.5956419465715044,0.0,-1.4878461360931396,2.6501057147979736,-0.07832455635070801,-4.323313940758492,-2.2284847551331732,0.41980861353776616,-2.8830966330347314,-1.9547467457126353,0.2141310857445628,-5.12875760830648,-2.3547583243823844,-0.17644826351593268,-4.477404240951122,-1.9173442438984876,0.0011819954842333946,-1.4402173077237606,-0.27373800942053783,0.20567752779320336,0.0,0.0,0.0,0.0,0.0,0.0
9.15,-1.595186253577335,1.045758141258445,1.0,-1.5113528966903687,0.9638687968254089,0.9912122488021851,-0.06146474062202882,0.15409126998948164,-0.04289436501608319,-0.9852096422188921,-1.5686372118876672,2.5572206196339975,0.0,-1.5669718980789185,2.596606969833374,-0.07379646599292755,-4.160579983752182,-2.2812361682644373,0.39627182994494886,-2.719556541232383,-2.000518278441567,0.19687958695483612,-4.746260225387563,-3.2090555460213945,0.27161185715920144,-4.556775441585668,-2.2986810296040847,0.08101783344621265,-1.441023442519799,-0.2807178898228704,0.19939224299011274,0.0,0.0,0.0,0.0,0.0,0.0
9.1667,-1.621956691843558,1.0881960558425972,1.0,-1.5266125202178955,0.9897829294204712,0.9908936023712158,-0.06146474062202882,0.15409126998948164,-0.04289436501608319,-0.9852096422188921,-1.6322940837638957,2.517064962234663,0.0,-1.6080480813980103,2.582007646560669,-0.07569363713264465,-4.2949792945338485,-2.445794652048822,0.40955269040754955,-2.8634633178250493,-2.168571035077052,0.21751110787658437,-2.4560358100017106,-0.8729258139932714,-0.11343605662313964,-3.9365987059667957,-1.8777720306424222,0.0236114909568901,-1.431515976708799,-0.2772236169717698,0.19204158253096518,0.0,0.0,0.0,0.0,0.0,0.0
9.1833,-1.6495970361369385,1.1296769701432452,1.0,-1.5582149028778076,1.0409979820251465,0.9902990460395813,-0.06865755076485636,0.1532543099692182,-0.04152025131408252,-0.9849240130265337,-1.6945154552148678,2.475604445794592,0.0,-1.6790893077850342,2.5285353660583496,-0.06487434357404709,-4.16157774436375,-2.5142531900461176,0.3479321226280501,-2.7367459602235193,-2.2348846849737503,0.15954149201149237,-4.275075682577942,-3.2178223503924017,0.6510768626522618,-4.0365232959925335,-2.2733793778703806,0.2088507372115565,-1.4248317841402303,-0.2793685050723674,0.18839063061655775,0.0,0.0,0.0,0.0,0.0,0.0
9.2,-1.6783462725738,1.1705721628010437,1.0,-1.5746021270751953,1.0662274360656738,0.9900708198547363,-0.07648384384587081,0.14701720595815554,-0.04045494757112111,-0.9853423626448528,-1.7558582442015656,2.4324805911392997,0.0,-1.7165863513946533,2.5034308433532715,-0.06640178710222244,-4.303505167530818,-2.6343159930642295,0.35856881132356305,-2.894574709540585,-2.3594154922705743,0.175295400334169,-2.250339824578975,-1.5066176365379387,-0.09166768017856887,-3.5092092881721535,-2.0470172973023817,0.1201322076573579,-1.4089304579902333,-0.2749005007936552,0.18327341098939406,0.0,0.0,0.0,0.0,0.0,0.0
9.2168,-1.708386634412056,1.211101521129347,1.0,-1.6084673404693604,1.1160205602645874,0.9895347356796265,-0.08235768416961811,0.14122668995391427,-0.03824868649212134,-0.9858039127828956,-1.8166522816940205,2.387420048381916,0.0,-1.7882822751998901,2.458217144012451,-0.0700082778930664,-4.1530591536094095,-2.76930793113482,0.3832401725789066,-2.7553493995816156,-2.4971733897867088,0.20688447147191974,-4.263216467952989,-2.6885180827083657,-0.21445083785814537,-3.7318059890479716,-2.2364000542174076,0.021357177262577423,-1.3977097540277936,-0.272134541348111,0.17635570110698684,0.0,0.0,0.0,0.0,0.0,0.0
9.2333,-1.7388529394756804,1.2501279356195016,1.0,-1.6436681747436523,1.164755940437317,0.9889808893203735,-0.088272904796069,0.13944221872974333,-0.035231014285589855,-0.9856584640086845,-1.8751919034292523,2.341720590786479,0.0,-1.8444249629974365,2.3958115577697754,-0.0701228603720665,-4.076789790757435,-2.804016497712494,0.3870606033780302,-2.6912651406193433,-2.5278166478591926,0.2177866522698427,-3.4018997399595494,-3.7813926610806123,-0.0069429897428488875,-3.63441163443885,-2.6925101104442497,0.013002450704836107,-1.385524650138092,-0.2761998498533016,0.16927395110818752,0.0,0.0,0.0,0.0,0.0,0.0
9.25,-1.770614651664314,1.2887903073410092,1.0,-1.6617015600204468,1.1887012720108032,0.9886780381202698,-0.088272904796069,0.13944221872974333,-0.035231014285589855,-0.9856584640086845,-1.9331854610115138,2.2940780225035287,0.0,-1.8748341798782349,2.3700575828552246,-0.07165669649839401,-4.241290079975341,-2.9470838991301047,0.3981555336450651,-2.87748692259745,-2.6755147344527326,0.23660120344784574,-1.8233027890154818,-1.5441796634883422,-0.09196710648578331,-3.0997392006359847,-2.3535019738348115,-0.017986481164246455,-1.363803157377891,-0.27156916467737224,0.16155433019721938,0.0,0.0,0.0,0.0,0.0,0.0
9.2667,-1.8033886375169892,1.3267081177435927,1.0,-1.698724627494812,1.2358251810073853,0.9880898594856262,-0.09665812304025462,0.13681425999214586,-0.0324700585333382,-0.9853348605058179,-1.990062176615389,2.244917043724516,0.0,-1.937077522277832,2.314988374710083,-0.06812561303377151,-4.1158519837656815,-3.041461778223425,0.3803078730825416,-2.770095456585346,-2.771028898476909,0.2251882673074933,-3.725756732457079,-3.296328010161122,0.21136329579997432,-3.284551018096798,-2.631841452309092,0.04972176494778593,-1.3457565271803356,-0.2704328797465154,0.1551196057750483,0.0,0.0,0.0,0.0,0.0,0.0
9.2833,-1.8369273727065543,1.3636049601202889,1.0,-1.7369012832641602,1.2818011045455933,0.9875643849372864,-0.10497802815722751,0.13243181883018196,-0.029431186462005775,-0.9851778213482663,-2.0454074401804334,2.194608940940168,0.0,-1.9897181987762451,2.254143238067627,-0.06754351407289505,-4.035090127071401,-3.105293341641912,0.3798559980726122,-2.7073980747382533,-2.831986817436984,0.23121944219329732,-3.167415037227251,-3.6610813835052434,0.03502517681151104,-3.249970335585269,-2.9356918919833013,0.04538306351232165,-1.3276920523331472,-0.2733065242049282,0.1486365558793149,0.0,0.0,0.0,0.0,0.0,0.0
9.3,-1.871457082321022,1.3997375226624573,1.0,-1.7564020156860352,1.304362416267395,0.9872994422912598,-0.11022776519221507,0.12940138732380826,-0.025556331650459674,-0.9851152332782276,-2.099606283993686,2.1428143765184666,0.0,-2.0180258750915527,2.2236998081207275,-0.06769357621669769,-4.1898070682230095,-3.2452531449980655,0.3825042842829998,-2.888384615098723,-2.9775078045633965,0.24064146981848952,-1.6990698340011448,-1.8272610188895249,-0.009006958357183743,-2.792116160854966,-2.6084628388444515,0.029326134940057112,-1.3014224531242866,-0.26774534043466924,0.1418628144645103,0.0,0.0,0.0,0.0,0.0,0.0
9.3167,-1.9069081204114657,1.4350243952715527,1.0,-1.796326756477356,1.3486641645431519,0.9867815971374512,-0.11625848003738695,0.129842637168848,-0.021399893744012292,-0.9844628000632789,-2.152536592907329,2.0896378193828014,0.0,-2.0714120864868164,2.1571974754333496,-0.0625426322221756,-4.086782195133498,-3.288328318119258,0.3546286670933068,-2.8093381446556958,-3.0200370197801014,0.21787890260856796,-3.2016643312648347,-3.988261031199062,0.3089111069804684,-2.91302226629744,-3.015804484559057,0.1118647288149098,-1.2774440504778024,-0.26829129833915677,0.13674976448473886,0.0,0.0,0.0,0.0,0.0,0.0
9.3333,-1.9431958335564439,1.4693816569977343,1.0,-1.8372656106948853,1.3917549848556519,0.9864500164985657,-0.1231150867452766,0.1292501479677385,-0.018348967674005748,-0.9837684728809104,-2.204072485496601,2.035206249665334,0.0,-2.116183280944824,2.088662624359131,-0.05197843909263611,-4.024231967317841,-3.3233871144188494,0.29335285751785817,-2.771610858934123,-3.049843096432949,0.15848414661895552,-2.6875814000085874,-4.114095976871663,0.6341606317356271,-2.84646800206209,-3.3400402071682587,0.2660560256469924,-1.2526211083837187,-0.2735440179859005,0.13486871089890265,0.0,0.0,0.0,0.0,0.0,0.0
9.35,-1.9803822022388051,1.502866882938038,1.0,-1.8581085205078125,1.4128587245941162,0.9863424897193909,-0.1231150867452766,0.1292501479677385,-0.018348967674005748,-0.9837684728809104,-2.254300324407057,1.979426696641792,0.0,-2.141284704208374,2.0562398433685303,-0.04678947851061821,-4.175077863835989,-3.475460802071513,0.2632123229877959,-2.9544764025338814,-3.206433829960709,0.1295380318338677,-1.5049458246376397,-1.9438949083735957,0.3111020630235284,-2.4504261355466745,-2.927872596847482,0.2793544392117813,-1.2206014613021077,-0.2690269721108039,0.1336742911539282,0.0,0.0,0.0,0.0,0.0,0.0
9.3667,-2.01835624314819,1.535379197632552,1.0,-1.9006004333496094,1.4539743661880493,0.9861378073692322,-0.12835367219336113,0.12707332032972785,-0.016171071424053787,-0.9834206770869985,-2.303068796448828,1.922465635277715,0.0,-2.189267635345459,1.9784917831420898,-0.04764522239565849,-4.073722555988017,-3.4655515414192077,0.2698322244257963,-2.88288756089551,-3.1926188583723123,0.13884019227745595,-2.8792669318149304,-4.665355231909354,-0.051349824029299836,-2.5770277767644933,-3.4408092276448348,0.18172449623905024,-1.190834995092507,-0.27293268304689566,0.13099203214834035,0.0,0.0,0.0,0.0,0.0,0.0
9.3834,-2.0571943399130608,1.5669824795625085,1.0,-1.9222184419631958,1.4740147590637207,0.9860562682151794,-0.13329685095645927,0.1275235894768718,-0.014452196501233992,-0.9827313653796029,-2.350473719343763,1.8642084901304086,0.0,-2.2109766006469727,1.9438731670379639,-0.042152054607868195,-4.228866192802347,-3.6191237338779034,0.23774644211228063,-3.0749647540010936,-3.351710687069467,0.10825726006882863,-1.3004741773308959,-2.073825982632541,0.32906786484517825,-2.2001658219384606,-3.037250788611532,0.22522295172748075,-1.1539014388012538,-0.26741304680843675,0.129489182043452,0.0,0.0,0.0,0.0,0.0,0.0
9.4,-2.096720574131942,1.5975351712192871,1.0,-1.9662036895751953,1.5132373571395874,0.9859257340431213,-0.13692637456045173,0.12810634835360363,-0.013264582603894019,-0.9821731725179246,-2.3963027568289306,1.8049191388020869,0.0,-2.258693218231201,1.8791351318359375,-0.042587172240018845,-4.108484937172717,-3.697121022915148,0.2414785377152509,-2.9881423182502953,-3.4319340106878706,0.1145853800397876,-2.8655823143667134,-3.8877895821998223,-0.026130632355889007,-2.39660893268701,-3.288345386244784,0.15101877957817367,-1.1203426189224215,-0.2651870122272775,0.1268931576754633,0.0,0.0,0.0,0.0,0.0,0.0
9.4167,-2.1370138846538023,1.627102730472775,1.0,-2.011064052581787,1.550915241241455,0.9857397079467773,-0.14099990303043308,0.12766389732338132,-0.012478923200802447,-0.9816645864969437,-2.4406540957091627,1.7444791730192968,0.0,-2.3040566444396973,1.8051187992095947,-0.04481951519846916,-3.9910154330790593,-3.7214722272397585,0.2562778577678398,-2.9020317409299494,-3.4534190328711403,0.13339470131118913,-2.7230157139994846,-4.442954460886739,-0.13400012880327447,-2.492970180446972,-3.6292070885050793,0.06687598837639952,-1.0889836921491098,-0.2680531943686183,0.12288315645665066,0.0,0.0,0.0,0.0,0.0,0.0
9.4333,-2.1780304588258623,1.6556522426758271,1.0,-2.0569100379943848,1.5871872901916504,0.9855285286903381,-0.1449873781724673,0.12802292130115434,-0.011989092527408839,-0.981042920481408,-2.483478364013741,1.6829543117612058,0.0,-2.3505897521972656,1.7260258197784424,-0.047183554619550705,-3.85434568044175,-3.717772110580193,0.272000124074209,-2.7940921585026706,-3.441678120863851,0.15423769931766806,-2.793427700410769,-4.748028453248222,-0.14191558488027595,-2.5816707319678627,-3.9595036046915606,0.005236899752446678,-1.0602535219390796,-0.276093989716342,0.11776242475654093,0.0,0.0,0.0,0.0,0.0,0.0
9.45,-2.219762592956867,1.6831776924688402,1.0,-2.0801947116851807,1.6048061847686768,0.9853960275650024,-0.1449873781724673,0.12802292130115434,-0.011989092527408839,-0.981042920481408,-2.5247665387032603,1.6203561105646989,0.0,-2.3702330589294434,1.6937065124511719,-0.0452098622918129,-3.9848810510038155,-3.910538750515413,0.2613072813150961,-2.9602697408871137,-3.6393928334685084,0.1479884681426233,-1.1785826681543787,-1.9391325494235117,0.11841995858724573,-2.16745349051679,-3.3630531417418794,0.038650607429584434,-1.0246113101167018,-0.27114591704690494,0.11331881317247285,0.0,0.0,0.0,0.0,0.0,0.0
9.4667,-2.2621886192538154,1.7096629895958146,1.0,-2.127454996109009,1.6390109062194824,0.985230565071106,-0.15109284835600736,0.1303489492356429,-0.01122353717105696,-0.9798235278602908,-2.564494484393722,1.5567170711192766,0.0,-2.413353443145752,1.6187556982040405,-0.0393957681953907,-3.8471427707503953,-3.939679271364666,0.22774248408647507,-2.8554056788837388,-3.6684955183883954,0.11697654026869408,-2.5864855202002146,-4.495766893099749,0.3487462012870933,-2.2911594045585373,-3.69745094437583,0.13019649452428386,-0.9917370918666568,-0.2711837529762703,0.11076594381778099,0.0,0.0,0.0,0.0,0.0,0.0
9.4833,-2.3052164923369522,1.7350520951491926,1.0,-2.17569637298584,1.671751856803894,0.985115647315979,-0.15457031238674535,0.12900188195658507,-0.011419604310329633,-0.9794571031593371,-2.6025781427237886,1.4921752614945716,0.0,-2.463573455810547,1.5352140665054321,-0.03538991138339043,-3.653601194253511,-3.9185109692143487,0.20477764366425616,-2.689478210837245,-3.640940893800982,0.09569924271332704,-3.0158352900750245,-5.016880476490464,0.24056155503693946,-2.5050969712632996,-4.086970658196341,0.16277827759061744,-0.9641229834162661,-0.2775700754133667,0.10907840095092912,0.0,0.0,0.0,0.0,0.0,0.0
9.5,-2.3489412450215923,1.7593996830109189,1.0,-2.200221300125122,1.6874916553497314,0.9850938320159912,-0.15724018616518692,0.1268838579391209,-0.011708942425356911,-0.9793053323578493,-2.639099524516378,1.426588132467611,0.0,-2.4868521690368652,1.493165135383606,-0.029193269088864326,-3.7331571043721588,-4.070283462377282,0.16820429970668554,-2.8014415379087514,-3.79655922969074,0.05930778467806194,-1.3951474622770919,-2.5200903063557383,0.3713791947087906,-2.177419589052059,-3.6243989395978007,0.22436108103775715,-0.9317155664634074,-0.2737242326865422,0.1088965150286236,0.0,0.0,0.0,0.0,0.0,0.0
9.5167,-2.393257692041007,1.7826436511420893,1.0,-2.250009059906006,1.717819333076477,0.9851735234260559,-0.1617878903885181,0.12829405329471397,-0.011642097523618665,-0.9783812205573995,-2.673965476713134,1.3601134619384891,0.0,-2.5302374362945557,1.4138619899749756,-0.025521673262119293,-3.5573617586813913,-4.0799489432470555,0.14627082246148687,-2.654712251503491,-3.804838587181444,0.037193257819501405,-2.601332323131245,-4.754928309007476,0.22014479811444826,-2.302566376238757,-3.9581518727554923,0.22311635725547113,-0.9026495071779002,-0.2751103560656113,0.10907756464198547,0.0,0.0,0.0,0.0,0.0,0.0
9.5333,-2.438040479586685,1.8047231879623113,1.0,-2.275254726409912,1.7324260473251343,0.9851934313774109,-0.1617878903885181,0.12829405329471397,-0.011642097523618665,-0.9783812205573995,-2.707084781943467,1.2929392806199727,0.0,-2.5513107776641846,1.373544692993164,-0.026956286281347275,-3.629274269774907,-4.252200453325809,0.15527238555101347,-2.760236837028332,-3.985935655247196,0.04744176903000642,-1.264727345572138,-2.4196631705467397,-0.08609903308197518,-1.9961773252303887,-3.5039618880580923,0.1318303223278587,-0.8690374327465752,-0.2662647980786132,0.10783061652100705,0.0,0.0,0.0,0.0,0.0,0.0
9.55,-2.4834336112122486,1.825710637724974,1.0,-2.3264293670654297,1.7604658603668213,0.9852620959281921,-0.16286544305932793,0.12815140201757277,-0.011900626292384477,-0.9782180279599653,-2.738565956587461,1.2248495831816266,0.0,-2.59504771232605,1.2942051887512207,-0.025720786303281784,-3.427312369332698,-4.2660986033914625,0.14800695346751352,-2.5874127886728813,-4.002921535983524,0.04151634846567187,-2.626209700509649,-4.763986714768367,0.07418631535245948,-2.1821743978615573,-3.8759442470707173,0.1148127578774563,-0.8398995806598164,-0.2631770674079387,0.10649060500184165,0.0,0.0,0.0,0.0,0.0,0.0
9.5668,-2.529622441798973,1.8456755992915503,1.0,-2.3786280155181885,1.7869939804077148,0.9851663112640381,-0.16402966282156634,0.1254215954205487,-0.013078588561415451,-0.978362296622418,-2.7685133989373254,1.1555663373015403,0.0,-2.64841365814209,1.2170472145080566,-0.035804927349090576,-3.1553598737021393,-4.295602979132319,0.20948830526104528,-2.3370347521932917,-4.032584755128482,0.10834709935794325,-3.181841443131903,-4.600395183874223,-0.6012474323709611,-2.4772943810905446,-4.089815404803896,-0.09658129811036398,-0.8183251215088475,-0.26301822400383695,0.10114120590310204,0.0,0.0,0.0,0.0,0.0,0.0
9.5833,-2.5757148527805604,1.8642454306011629,1.0,-2.4051663875579834,1.7996760606765747,0.9850962162017822,-0.16871928470345682,0.12361311102943867,-0.01505026028160357,-0.9777663823313226,-2.796368145901744,1.086427720829159,0.0,-2.6762068271636963,1.1771451234817505,-0.02854345180094242,-3.1526167610898947,-4.4822958999854725,0.1667636921581402,-2.3579167756396218,-4.230527720223978,0.06796589781480941,-1.6778163185998647,-2.4088069776479224,0.43836030941003756,-2.2412738445424125,-3.593550992390567,0.06134324185205334,-0.794699985450273,-0.2517681797614949,0.09879779434333077,0.0,0.0,0.0,0.0,0.0,0.0
9.6,-2.6225585677171024,1.8817739252701149,1.0,-2.4590821266174316,1.8238036632537842,0.9852305054664612,-0.1743205165768576,0.12631984486108108,-0.016722352202576292,-0.9764098017183024,-2.8226608879051724,1.0161621484243464,0.0,-2.725027084350586,1.0904275178909302,-0.013056987896561623,-2.8794187309403476,-4.455051851595163,0.07366594744685356,-2.1023612607099933,-4.206808802029539,-0.028013038289076142,-2.9282129016573952,-5.201275579516366,0.9288698179582148,-2.444070809766253,-4.068180675777882,0.31745294337963836,-0.7770574702303545,-0.24824304956562446,0.1016789857359297,0.0,0.0,0.0,0.0,0.0,0.0
9.6167,-2.669787258677992,1.8981127207506407,1.0,-2.513925313949585,1.8462804555892944,0.9855306148529053,-0.17631763709101222,0.12428485540353942,-0.01796513632461701,-0.976290231109077,-2.847169081125961,0.9453191119830118,0.0,-2.765223741531372,1.0023797750473022,-0.0065883067436516285,-2.6435471580085372,-4.4184124989785625,0.03383535689336098,-1.881428160284302,-4.1676990574224195,-0.07169156584967003,-2.413148026221624,-5.2858185669710585,0.38833789302915583,-2.434941838871132,-4.427649636696493,0.3383794761194425,-0.7621189977242354,-0.25071344155614295,0.10552692274303101,0.0,0.0,0.0,0.0,0.0,0.0
9.6333,-2.717419018914425,1.913269296381816,1.0,-2.541691541671753,1.8568665981292725,0.9857029318809509,-0.17631763709101222,0.12428485540353942,-0.01796513632461701,-0.976290231109077,-2.869903944572724,0.8738714716283618,0.0,-2.788874387741089,0.9597323536872864,-0.006985266227275133,-2.6331368235139987,-4.601524100297915,0.03583199487708383,-1.8885637598377407,-4.3600807009677505,-0.07201221015852691,-1.419344684504221,-2.5593969094291027,-0.023822703534125054,-2.1351189962734605,-3.87610728452307,0.23145077251697882,-0.744573063676258,-0.2414433993301646,0.10784420503561074,0.0,0.0,0.0,0.0,0.0,0.0
9.65,-2.7654174316499613,1.9272315578612438,1.0,-2.598057270050049,1.876816749572754,0.9859923124313354,-0.17964084760746737,0.11659072166856495,-0.02045331767330613,-0.9765845846990772,-2.8908473367918655,0.8018738525250579,0.0,-2.8455145359039307,0.8787585496902466,-0.006530468352138996,-2.271911776412379,-4.608181535497359,0.03212308708090289,-1.5349329504907325,-4.371615321985664,-0.077271233543587,-3.3994333466887987,-4.859892822391392,0.02729609848999771,-2.5083677010858074,-4.1665387564919225,0.1711805812967929,-0.7369788259216465,-0.2365662135116952,0.1093943206244899,0.0,0.0,0.0,0.0,0.0,0.0
9.6667,-2.8137657543850487,1.9399938810190251,1.0,-2.655515432357788,1.8951189517974854,0.9864308834075928,-0.1844185195242532,0.1108889379513293,-0.02191522326075503,-0.9763263931050994,-2.9099908215285377,0.7293513684224269,0.0,-2.889756917953491,0.7943190932273865,0.003171413205564022,-1.969623725965982,-4.592346195021648,-0.02782862428635896,-1.2356354082219223,-4.356451816555686,-0.14153994927057495,-2.653786199499464,-5.064923131927065,0.5819469520915266,-2.551297899711508,-4.431758244386417,0.2924463217585984,-0.7339883177440596,-0.23589437846596178,0.11371132498421598,0.0,0.0,0.0,0.0,0.0,0.0
9.6835,-2.8629666140540304,1.9516664211818067,1.0,-2.6845593452453613,1.9036448001861572,0.9866759181022644,-0.1870533956133625,0.1065920641114656,-0.02228889721965258,-0.9762952887308983,-2.9274996317727098,0.6555500789189539,0.0,-2.9066531658172607,0.7525006532669067,0.003664243035018444,-1.9663908687769553,-4.793963129067727,-0.03156133599326155,-1.2401823827391492,-4.571007842419887,-0.14859119638028728,-1.001809443030817,-2.4794918009612665,0.02922078208934125,-2.093860586445421,-3.8554135076382607,0.2147373313300663,-0.7262084860378061,-0.22295528664784073,0.11702986038702573,0.0,0.0,0.0,0.0,0.0,0.0
9.7,-2.911336117692619,1.9618716539543952,1.0,-2.7432050704956055,1.9193658828735352,0.9871912002563477,-0.1897420300077475,0.09851773682696453,-0.02299148518432919,-0.9766082712279403,-2.942807480931593,0.5829958234610711,0.0,-2.943349838256836,0.6605915427207947,0.008293429389595985,-1.680614107762627,-4.727675065170614,-0.061491011353824676,-0.9582317343631646,-4.509007909638587,-0.1826590833534147,-2.2284527067135764,-5.581299135646962,0.28111330472064167,-2.133594640362893,-4.364926489988632,0.23433273186518824,-0.7223823733994625,-0.2186671555320274,0.12116807199959002,0.0,0.0,0.0,0.0,0.0,0.0
9.7167,-2.9605111871924046,1.970976241860487,1.0,-2.8027758598327637,1.933408498764038,0.9877895712852478,-0.1942048544294448,0.08692457179446697,-0.02405737898316969,-0.9768059399474563,-2.9564643627907303,0.5092332192113931,0.0,-2.9896047115325928,0.5753576159477234,0.015362627804279327,-1.3250327989592505,-4.703396410545444,-0.10649100814977602,-0.5988310782581229,-4.485412356304263,-0.23338448610054513,-2.775056858005178,-5.113601579150634,0.4241159071891405,-2.3229660113691506,-4.585949060256214,0.29036019399244273,-0.7262017207011277,-0.21798405424118134,0.1268934779507691,0.0,0.0,0.0,0.0,0.0,0.0
9.7333,-3.0098843751258975,1.9788463619502927,1.0,-2.832897424697876,1.9397934675216675,0.988105297088623,-0.1942048544294448,0.08692457179446697,-0.02405737898316969,-0.9768059399474563,-2.968269542925439,0.4351734373111534,0.0,-3.007864475250244,0.5307666063308716,0.014267681166529655,-1.2744234352531856,-4.8898401954557436,-0.1011034789649034,-0.5469382920790091,-4.684301157216276,-0.23219226761371475,-1.0956182138105661,-2.675539676408738,-0.06569874057622706,-1.9606305086181641,-4.021961292539919,0.18524508862251482,-0.7274851431741765,-0.2055390382394673,0.13108878864881135,0.0,0.0,0.0,0.0,0.0,0.0
9.75,-3.059450931048775,1.9854813384735448,1.0,-2.8936896324157715,1.9512890577316284,0.9886401891708374,-0.1973395052140183,0.07774269118555041,-0.023860806081714866,-0.9769564041966402,-2.9782220077103174,0.36082360342683734,0.0,-3.0371482372283936,0.44738245010375977,0.0118407579138875,-0.9935458417352929,-4.874296050230629,-0.08883766944212995,-0.26232671520731965,-4.676689647273492,-0.22256144523873683,-1.756700706541949,-5.002123916588003,-0.14558845942747217,-1.9004267037079527,-4.311323214131045,0.08757697841118507,-0.7312191265279733,-0.1976064029571362,0.13372377579660688,0.0,0.0,0.0,0.0,0.0,0.0
9.7666,-3.109091699197763,1.9908676552410014,1.0,-2.954996109008789,1.9611003398895264,0.9892061948776245,-0.20063571540564615,0.06995337406157016,-0.023396389957973378,-0.9768851338758083,-2.986301482861502,0.2863624512033552,0.0,-3.058511972427368,0.35733214020729065,0.017397917807102203,-0.7463846678337189,-4.814509717936246,-0.12465136856936171,-0.010873798438858828,-4.619215688735844,-0.26269107927876534,-1.2836248513759365,-5.41060889309095,0.3338980040504534,-1.7183355232723656,-4.635852438809826,0.16029544732495093,-0.7355108693948601,-0.19529402920040198,0.13803971070940366,0.0,0.0,0.0,0.0,0.0,0.0
9.7833,-3.1589848809920884,1.9950224901517237,1.0,-2.98583984375,1.9653191566467285,0.9895083904266357,-0.20314391123902192,0.05767347354779216,-0.02413202105188253,-0.977150996196215,-2.9925337352275854,0.2115226785118672,0.0,-3.072735071182251,0.31123408675193787,0.018375150859355927,-0.6843170004162797,-4.996132564947455,-0.13167552936620724,0.054782769649241,-4.814554579451975,-0.27377789073015124,-0.8521798754356894,-2.7619743157533856,0.05855111850751386,-1.4626305448271437,-4.082649366981018,0.13025866182090717,-0.7390997700655207,-0.18157798549548046,0.142102361363944,0.0,0.0,0.0,0.0,0.0,0.0
9.8,-3.208919986224066,1.99792503139897,1.0,-3.047971248626709,1.9724364280700684,0.9900650382041931,-0.20533587399966435,0.04514691387146018,-0.025225141714861076,-0.9773243040372919,-2.996887547098455,0.13662002066390128,0.0,-3.0965516567230225,0.22148273885250092,0.015417343005537987,-0.39688946032731987,-4.934219649442438,-0.11638049549897461,0.3490793403470638,-4.759843617671985,-0.2610193176560725,-1.4278730703259006,-5.3808524514008,-0.1773291211049171,-1.4523695030728716,-4.465902645474534,0.03945312634988268,-0.7459688006743836,-0.1743760317704537,0.1446388221570979,0.0,0.0,0.0,0.0,0.0,0.0
9.8168,-3.259351851058331,1.9995868893317978,1.0,-3.110565662384033,1.9778300523757935,0.990472674369812,-0.2085683950348362,0.03641498774888986,-0.025626042537896698,-0.9769936198638753,-2.9993803339976965,0.06097222341250336,0.0,-3.116657018661499,0.1381860226392746,0.0060223243199288845,-0.11943189812298008,-4.9103582352004445,-0.06172809765816284,0.6359962198132884,-4.740847098425706,-0.20550767840076178,-1.195446619696347,-4.952747338427297,-0.5586193058380942,-1.3765211719790744,-4.609628097162786,-0.1371087869312564,-0.7554281179362684,-0.16951113677473834,0.14377958074259894,0.0,0.0,0.0,0.0,0.0,0.0
9.8333,-3.3088475813161784,1.9999804299804669,1.0,-3.142009973526001,1.9799541234970093,0.990580677986145,-0.2085683950348362,0.03641498774888986,-0.025626042537896698,-0.9769936198638753,-2.9999706449707,-0.013271371974267972,0.0,-3.1245169639587402,0.10010424256324768,0.0002635671989992261,-0.05745805768830335,-5.136536878751577,-0.027404798340414815,0.7066114847076153,-4.9857484498656595,-0.16889424522708232,-0.47645681581685745,-2.3084541926812348,-0.34908628204624453,-1.1108057230680146,-3.9302795007369435,-0.19968841791863168,-0.7640695423959186,-0.1507884288859172,0.1414894468866675,0.0,0.0,0.0,0.0,0.0,0.0
9.85,-3.358846221018865,1.9991340931192683,1.0,-3.205052614212036,1.9829879999160767,0.9905980229377747,-0.21264221984984616,0.01564416206068287,-0.0260832094036944,-0.9766566558100307,-2.9987011396789023,-0.08826933152829797,0.0,-3.130018472671509,0.016125919297337532,-0.008110555820167065,0.15832115957520063,-5.099882342054721,0.023066685684353827,0.929968491235713,-4.962609874691575,-0.11403684857227991,-0.33001530298479714,-5.0375511961713935,-0.5023328853389003,-0.8803021201228987,-4.257166343443831,-0.28903459630071593,-0.7716473316605124,-0.13727246736314597,0.13710353425663374,0.0,0.0,0.0,0.0,0.0,0.0
9.8667,-3.408785933200395,1.9970392136204334,1.0,-3.2366490364074707,1.9838541746139526,0.9905679821968079,-0.21264221984984616,0.01564416206068287,-0.0260832094036944,-0.9766566558100307,-2.99555882043065,-0.1631788998005931,0.0,-3.1365978717803955,-0.02662961557507515,-0.009138157591223717,0.23443149370865363,-5.302678665857168,0.02969678337318099,1.0145791850991641,-5.189700746171769,-0.10387709191617539,-0.3949112036520271,-2.566289027282875,-0.06167910557892929,-0.7370058498235744,-3.757988454617111,-0.22191509993811814,-0.7801476913905105,-0.11297791968539914,0.13357387528935638,0.0,0.0,0.0,0.0,0.0,0.0
9.8833,-3.458694061739868,1.9936941076224564,1.0,-3.3000595569610596,1.9844286441802979,0.99040687084198,-0.2139617955298737,0.0030010347380819,-0.026248214315614523,-0.9764847388149548,-2.9905411614336845,-0.23804109260980205,0.0,-3.149880886077881,-0.10415885597467422,-0.017549725249409676,0.5213955531187374,-5.298593268080507,0.0812916768660284,1.3135018099090114,-5.20625226759064,-0.04669056158272905,-0.7965827852444953,-4.649430985487561,-0.5044419770517586,-0.7545940500802926,-4.021158583116192,-0.30532219796140747,-0.7921062567902739,-0.09234100048986577,0.12798223844875745,0.0,0.0,0.0,0.0,0.0,0.0
9.9,-3.5084972358390316,1.98910253698684,1.0,-3.3635780811309814,1.9833000898361206,0.9900448322296143,-0.21735816770698774,-0.00673658367858718,-0.025539430764206783,-0.9757344827646124,-2.98365380548026,-0.31274585375854747,0.0,-3.147559404373169,-0.1963522881269455,-0.02117197960615158,0.7270087172692545,-5.200548555941312,0.10516732487040598,1.5296309088443942,-5.121094240032657,-0.017189992656016756,0.13925118700303185,-5.53010813526114,-0.2172764134989417,-0.49071459879158663,-4.466628070811441,-0.27932947312679124,-0.8026221915751397,-0.0794543159086551,0.12235731752642273,0.0,0.0,0.0,0.0,0.0,0.0
9.9167,-3.5581111545218236,1.9832747242657562,1.0,-3.395324945449829,1.9820456504821777,0.9898790717124939,-0.22188580344498265,-0.01610564897845275,-0.02462851092734087,-0.974628507312838,-2.9749120863986342,-0.38716673178273553,0.0,-3.1500861644744873,-0.24049386382102966,-0.01768951117992401,0.8142048653617645,-5.391958191173719,0.08543839129107594,1.6292786967541377,-5.336459340434815,-0.03364769226119872,-0.15173598682797623,-2.6507722456868783,0.20912780084472762,-0.39064191684113597,-3.930554241837621,-0.13512795804777092,-0.8150738313923732,-0.05549885073890387,0.11908608355227467,0.0,0.0,0.0,0.0,0.0,0.0
9.9333,-3.6076389588560467,1.976197933151932,1.0,-3.4587576389312744,1.9781553745269775,0.9895333051681519,-0.22188580344498265,-0.01610564897845275,-0.02462851092734087,-0.974628507312838,-2.964296899727898,-0.46145843828406996,0.0,-3.137099504470825,-0.33207979798316956,-0.022633066400885582,0.9784549030830098,-5.288235268322227,0.11717769437900755,1.8023388766805262,-5.248695965507286,0.002605529472450463,0.7786434136230433,-5.491233650203703,-0.29640159298834967,-0.045447515616108575,-4.391295328584423,-0.18273888276928157,-0.8238839735975164,-0.03953930281494036,0.11457216490655708,0.0,0.0,0.0,0.0,0.0,0.0
9.95,-3.656919357397328,1.967894451517936,1.0,-3.5219244956970215,1.9723737239837646,0.989216148853302,-0.22727746011416303,-0.03843201474643163,-0.023368573037956204,-0.9727907361303689,-2.951841677276904,-0.5353790360959926,0.0,-3.129575729370117,-0.42150455713272095,-0.01247385423630476,1.1861080536644284,-5.189211237029934,0.058167474068637814,2.019187424175798,-5.160222051145917,-0.05619606159315635,0.4516659987404821,-5.368332069044484,0.6098761123654606,0.10130947983945812,-4.679734432206869,0.051255550855315385,-0.8330793705113698,-0.028989185884016756,0.11436353566179416,0.0,0.0,0.0,0.0,0.0,0.0
9.9668,-3.7063067700425876,1.9582938514476218,1.0,-3.5534420013427734,1.968816876411438,0.9891309142112732,-0.22727746011416303,-0.03843201474643163,-0.023368573037956204,-0.9727907361303689,-2.9374407771714326,-0.6094601550638814,0.0,-3.12375807762146,-0.4669824540615082,-0.009146136231720448,1.2568161260667192,-5.369624454034355,0.038991891093628495,2.101201586770147,-5.362549391586796,-0.07605571629809099,0.3469056995407953,-2.7118401597975517,0.19843132454968082,0.17381397279266936,-4.098776074704149,0.09470452926256906,-0.8443854607034275,-0.0070750624475588685,0.11504760739171949,0.0,0.0,0.0,0.0,0.0,0.0
9.9833,-3.754848530102518,1.947591542049713,1.0,-3.6163127422332764,1.9601463079452515,0.9890510439872742,-0.22965046466258404,-0.04938508505388213,-0.02211048960990602,-0.9717679164107066,-2.9213873130745696,-0.6822727951537768,0.0,-3.102804660797119,-0.5716075897216797,0.001867207232862711,1.405984624254996,-5.165036031722364,-0.026325952510875383,2.2581338068854317,-5.167521857366603,-0.14553999504095189,1.264477792325511,-6.313822784628002,0.6646232615408687,0.4957978669821076,-4.752698349102387,0.26295495574969174,-0.8521491826304358,0.002485825644239029,0.1192140425300765,0.0,0.0,0.0,0.0,0.0,0.0
10.0,-3.803468597306539,1.9355927700645572,1.0,-3.678908348083496,1.9493882656097412,0.9891417026519775,-0.2320612907391875,-0.058941392996613405,-0.020513671960373746,-0.9706970071368933,-2.9033891550968356,-0.755202895959809,0.0,-3.0859835147857666,-0.6643568277359009,0.005818032659590244,1.5902403903868112,-5.025557893106194,-0.050121706665196386,2.450103239896964,-5.032335744185218,-0.1737663953123721,1.0077416405993345,-5.556533973232778,0.2366908470186828,0.6469330260322308,-4.990005317492115,0.25520131080871694,-0.859862849510153,0.006777851079023391,0.12364468864717572,0.0,0.0,0.0,0.0,0.0,0.0
10.0167,-3.8516561291409173,1.9224139812176928,1.0,-3.710094928741455,1.9432976245880127,0.9891616106033325,-0.23246062686047214,-0.06609991404399929,-0.019455533181659233,-0.9701620793355931,-2.8836209718265393,-0.8274841937113759,0.0,-3.0731823444366455,-0.7135657668113708,0.004400708246976137,1.653102163864294,-5.170128295926242,-0.04135630489234815,2.5231435538325204,-5.19209672298538,-0.1678546161286921,0.7686757337151038,-2.954863994273443,-0.08510650612920544,0.6828736984987365,-4.389194401479087,0.154736223255238,-0.8700413899682263,0.021968427059138325,0.12649831123634395,0.0,0.0,0.0,0.0,0.0,0.0
10.0333,-3.89950219581237,1.9080348836476095,1.0,-3.7720770835876465,1.9295315742492676,0.9892932772636414,-0.23246062686047214,-0.06609991404399929,-0.019455533181659233,-0.9701620793355931,-2.8620523254714145,-0.8992532937185553,0.0,-3.045564889907837,-0.81609046459198,0.018413830548524857,1.7930212660288618,-4.956664982108528,-0.12573675216991548,2.6700621061517293,-4.983303465637205,-0.259418290763668,1.6583061329668443,-6.156155156616847,0.8414260854646252,0.9708391816695735,-4.910833512110679,0.35745962158827443,-0.8770408401228674,0.02663848352867664,0.13368153859375254,0.0,0.0,0.0,0.0,0.0,0.0
10.05,-3.9470080122436024,1.8924536010408768,1.0,-3.8335072994232178,1.9137710332870483,0.9895980358123779,-0.23328568829856536,-0.07829928246698513,-0.018169801420985947,-0.9690805069091064,-2.838680401561315,-0.9705120183654039,0.0,-3.0180552005767822,-0.9076435565948486,0.016051242128014565,1.942812674841957,-4.79929996676551,-0.11273820818097308,2.825531036533091,-4.826003107067637,-0.25128670134355446,1.650228832951945,-5.492012299771167,-0.1417250294979977,1.171407424306979,-5.082408112752859,0.210091188714799,-0.8827183616911342,0.02670314030212638,0.13854849316258136,0.0,0.0,0.0,0.0,0.0,0.0
10.0667,-3.994116895553616,1.8756870035555,1.0,-3.8639941215515137,1.9051989316940308,0.9896901249885559,-0.23226743624361035,-0.08718833204080406,-0.017233593475013416,-0.9685830476561323,-2.81353050533325,-1.0411753433304247,0.0,-3.0014708042144775,-0.9527420997619629,0.010113177821040154,2.0149221100989743,-4.956428052129663,-0.07722667978934966,2.9071564463055455,-4.995532530071681,-0.21769827472221054,0.9952782944627272,-2.7064959221633997,-0.3563606649735298,1.1194108859678416,-4.380995408235142,0.04286424815348519,-0.8922343362065712,0.039104477942017844,0.14047159493286088,0.0,0.0,0.0,0.0,0.0,0.0
10.0833,-4.040779269064774,1.8577529638043535,1.0,-3.924429416656494,1.8866678476333618,0.9898378252983093,-0.23125596456290953,-0.09318701923237471,-0.016683619248794766,-0.9682760921584276,-2.7866294457065304,-1.1111689035971604,0.0,-2.968672513961792,-1.050721526145935,0.012954437173902988,2.1514546233147898,-4.745657931134064,-0.0946740180044276,3.0505384857463937,-4.787880003148837,-0.23793645571285157,1.968011902547889,-5.879107595027253,0.17048547901675226,1.3699334164104424,-4.823265507597739,0.08054036810784909,-0.8990838624316041,0.04222207201477326,0.14326243770842398,0.0,0.0,0.0,0.0,0.0,0.0
10.1,-4.086986730110892,1.8386549123284024,1.0,-3.9842655658721924,1.8662385940551758,0.9900467395782471,-0.23006709679682633,-0.10124670838955234,-0.01594259335827622,-0.9677624906624738,-2.7579823684926037,-1.180480095166339,0.0,-2.9357235431671143,-1.1407166719436646,0.008237564004957676,2.2960416436951188,-4.572387260985808,-0.0670856085820492,3.200885606983226,-4.612897633497921,-0.2111634550345334,1.9771381155397865,-5.400254656785602,-0.2830410026037941,1.5491913418081458,-4.993603250386469,-0.026795497903193147,-0.9048439632881071,0.04051037251211289,0.1440778464524842,0.0,0.0,0.0,0.0,0.0,0.0
10.1167,-4.132849969379651,1.8183401575349738,1.0,-4.013943195343018,1.8553396463394165,0.9900614023208618,-0.23006709679682633,-0.10124670838955234,-0.01594259335827622,-0.9677624906624738,-2.727510236302461,-1.2492749540694776,0.0,-2.9172861576080322,-1.1844240427017212,0.0006205141544342041,2.388525894667366,-4.724901766360351,-0.021124218492745983,3.3043952553810145,-4.775795163078435,-0.1634720002864819,1.1025220627022712,-2.6136211345717912,-0.4554857024600448,1.4173264065956617,-4.290989029554003,-0.1533526816953576,-0.9158693607136487,0.05089339671808355,0.14234778179373592,0.0,0.0,0.0,0.0,0.0,0.0
10.1333,-4.177884707689531,1.7970304504946115,1.0,-4.072726726531982,1.8322093486785889,0.9899720549583435,-0.2250462481008448,-0.1161389390626644,-0.014650961038811403,-0.9672906988402429,-2.695545675741917,-1.316827061534297,0.0,-2.8793933391571045,-1.2754020690917969,0.0004723323218058795,2.521282184688829,-4.527880651288611,-0.019455335937736906,3.4453966075471434,-4.581495852631765,-0.1606802253350358,2.2818296674898066,-5.478514615517143,-0.008923213307877915,1.672543570213862,-4.64156828758952,-0.11071446281043128,-0.9241144228583144,0.05361520134315317,0.14122488939729888,0.0,0.0,0.0,0.0,0.0,0.0
10.15,-4.222654536258587,1.774460088793617,1.0,-4.130650997161865,1.8073303699493408,0.9899120926856995,-0.2211899905862042,-0.1231647660258698,-0.013901421484893662,-0.9673222246829289,-2.6616901331904255,-1.3839818043878809,0.0,-2.8366005420684814,-1.3603743314743042,-0.004864279646426439,2.632625489283603,-4.359198438141,0.013201310015388101,3.5622018054226987,-4.411405659011177,-0.12547736823347486,2.5607201963134165,-5.084738629230155,-0.31934276272334483,1.9347495439318338,-4.772400272510258,-0.17230535015906878,-0.9295763161390956,0.05220722087017722,0.13867867824886296,0.0,0.0,0.0,0.0,0.0,0.0
10.1667,-4.2666642027391966,1.7508741585683973,1.0,-4.159236907958984,1.7942001819610596,0.989811360836029,-0.2211899905862042,-0.1231647660258698,-0.013901421484893662,-0.9673222246829289,-2.626311237852596,-1.4499963041087949,0.0,-2.811563014984131,-1.407381296157837,-0.009102937765419483,2.7147884450645825,-4.4731752175580475,0.03947611628528419,3.65480029425666,-4.533474721937473,-0.09586251620023237,1.5041250107422155,-2.823935088372626,-0.25463663672870895,1.8076213109724868,-4.197177736981486,-0.19661105076869745,-0.9400118491920776,0.06029950437942589,0.13533863248551656,0.0,0.0,0.0,0.0,0.0,0.0
10.1833,-4.310112104170376,1.726173090106695,1.0,-4.215714454650879,1.7667187452316284,0.9895455241203308,-0.21761785024573158,-0.13057319681150104,-0.012901192476033097,-0.9671746264194439,-2.5892596351600425,-1.5151681562555641,0.0,-2.7720508575439453,-1.483726143836975,-0.013576201163232327,2.86135832357965,-4.337333546590228,0.06799325277581941,3.810604880390216,-4.402578926722782,-0.06322016781181347,2.371478041869983,-4.582137286607615,-0.2684805541047179,1.9740821238534583,-4.310824832148835,-0.21782824175198728,-0.9492465568105662,0.06524538013255404,0.13121342058763288,0.0,0.0,0.0,0.0,0.0,0.0
10.2,-4.352935306284951,1.7003903201261223,1.0,-4.2435832023620605,1.7523736953735352,0.9893941283226013,-0.21470367489407463,-0.13806456205828957,-0.011312762049354521,-0.9668053357327914,-2.5505854801891834,-1.5794029594274264,0.0,-2.747211456298828,-1.5285828113555908,-0.011739501729607582,2.9641248449938353,-4.453645832369562,0.058083447564184765,3.9278416325050056,-4.532020207799555,-0.07053017700213565,1.4908560144243153,-2.69228842906614,0.11023834150782748,1.8314249441602228,-3.83300330307753,-0.12097699012005583,-0.9637167875111702,0.07837437542999294,0.12861362456632042,0.0,0.0,0.0,0.0,0.0,0.0
10.2167,-4.395116957810415,1.673534836421418,1.0,-4.29855489730835,1.7223575115203857,0.9891886711120605,-0.20981590750644427,-0.14488345589784057,-0.009324905939338239,-0.9669018098690328,-2.510302254632127,-1.6426754367156224,0.0,-2.701084613800049,-1.6099557876586914,-0.009304179809987545,3.0863126411731265,-4.269628244598657,0.04485919485081352,4.061184793619655,-4.354540449167921,-0.08247854651536635,2.767494421239343,-4.882173714024146,0.14611318402400297,2.1077697628513783,-4.142737584654432,-0.042127088958509425,-0.9748721524465289,0.08491220456926352,0.12733774136617987,0.0,0.0,0.0,0.0,0.0,0.0
10.2333,-4.436571059297135,1.6456628534326796,1.0,-4.352473258972168,1.6907474994659424,0.9888527393341064,-0.20614024396931677,-0.15207998286587115,-0.006747752593442554,-0.9666087628313366,-2.4684942801490193,-1.7048565889457021,0.0,-2.650101900100708,-1.6911371946334839,-0.01548420637845993,3.185456789415827,-4.074975384935796,0.08399027454232849,4.168180006715844,-4.160828819865613,-0.04001016733831028,3.0615496950433814,-4.875003579303038,-0.3711151698916187,2.3893430315955992,-4.358915890303601,-0.13925038354631794,-0.9827232173000169,0.0858534349298172,0.12400044188063877,0.0,0.0,0.0,0.0,0.0,0.0
10.25,-4.4773774305437035,1.6167196374283037,1.0,-4.405370235443115,1.6575891971588135,0.9884806275367737,-0.20494930310512247,-0.1596344656524828,-0.003471298737054215,-0.965660753767781,-2.4250794561424556,-1.7660661458155555,0.0,-2.599719524383545,-1.7639586925506592,-0.016719242557883263,3.2947181552659317,-3.91978755136155,0.09364521058598824,4.283831942119858,-4.004565488720705,-0.027116975408737184,3.0215190597386257,-4.3672324058451775,-0.07406727655208899,2.5759729497328756,-4.36137107769701,-0.12000713897407358,-0.9891137868539265,0.08477793735915527,0.12076218599472542,0.0,0.0,0.0,0.0,0.0,0.0
10.2667,-4.517414182621684,1.586790064233948,1.0,-4.431372165679932,1.6404093503952026,0.988313615322113,-0.20494930310512247,-0.1596344656524828,-0.003471298737054215,-0.965660753767781,-2.380185096350922,-1.826121273932526,0.0,-2.5672807693481445,-1.804824948310852,-0.0098500931635499,3.387926478122382,-4.0322214423989005,0.05365488207020347,4.389414384953788,-4.124921584714718,-0.06675149424616059,1.9465220750236059,-2.45222323957767,0.4121906317956165,2.3901475466983744,-3.7977557413376264,0.03710737022891816,-1.0014879068314066,0.09270014231581764,0.12040637631636406,0.0,0.0,0.0,0.0,0.0,0.0
10.2834,-4.556736066224191,1.5558324009517686,1.0,-4.482365608215332,1.604926586151123,0.9881770610809326,-0.20253257646972747,-0.16597173428320966,-0.00027146785125859905,-0.9651082507306517,-2.333748601427653,-1.8851040993362869,0.0,-2.5058722496032715,-1.8770527839660645,-0.0011629824293777347,3.4436855611266455,-3.861290223797954,0.0026094980052118744,4.451991629405729,-3.957708927757422,-0.12030863263725322,3.6806710680499584,-4.329153448226585,0.520683404795525,2.771133677810554,-3.954634057059818,0.17986785421850737,-1.0083060682790834,0.09641870395946792,0.1229181306424651,0.0,0.0,0.0,0.0,0.0,0.0
10.3,-4.595229083815252,1.5239362258438187,1.0,-4.507392883300781,1.5866907835006714,0.9881104230880737,-0.1955991209104788,-0.17326710483062138,0.0018584231382394252,-0.9652544581481359,-2.285904338765728,-1.9428436257228783,0.0,-2.478567123413086,-1.9085016250610352,-0.00761478953063488,3.5847372730311746,-4.016615532596877,0.04204978139678245,4.608410492154494,-4.127258013633753,-0.08030175132744559,1.638590416779935,-1.8872562345299244,-0.38717525835249955,2.4367862070373536,-3.3443063372458646,0.012466363228262736,-1.0236732191233195,0.11064248103687643,0.12235153272422804,0.0,0.0,0.0,0.0,0.0,0.0
10.3167,-4.63290381630014,1.4910960453614388,1.0,-4.556553363800049,1.5491273403167725,0.987801194190979,-0.19019517250805693,-0.1812675519824054,0.0036799256371832663,-0.96485979505868,-2.236644068042158,-1.9993557244502105,0.0,-2.417726993560791,-1.9822635650634766,-0.014041244983673096,3.656183119008067,-3.8165764822650217,0.08256108730030404,4.6900719640278075,-3.9346149065899856,-0.03687306829752732,3.6521876028681426,-4.42787422535816,-0.3857753261367377,2.7955949136473306,-3.664195382783711,-0.10510186235498473,-1.0338888450197405,0.11803842432496377,0.11943415559783135,0.0,0.0,0.0,0.0,0.0,0.0
10.3333,-4.669737335945498,1.4573330540809575,1.0,-4.604508399963379,1.5102204084396362,0.9874756336212158,-0.18826527020805853,-0.1873058447815487,0.00616098416847402,-0.9640720283131629,-2.185999581121436,-2.0546060039182463,0.0,-2.362920045852661,-2.042527675628662,-0.016792405396699905,3.768604892458058,-3.685687962572696,0.10111306833677075,4.811708707417249,-3.8100063778149327,-0.014843378446176378,3.290491118077325,-3.6181274244571364,-0.1651737467972116,2.9416973186855713,-3.650595279476258,-0.12283618060924834,-1.043103814959191,0.12431841524223682,0.11595644678294713,0.0,0.0,0.0,0.0,0.0,0.0
10.35,-4.705756110979431,1.4226207352783748,1.0,-4.6280412673950195,1.4903031587600708,0.9872868061065674,-0.18826527020805853,-0.1873058447815487,0.00616098416847402,-0.9640720283131629,-2.133931102917562,-2.1086341664691473,0.0,-2.3303327560424805,-2.073052167892456,-0.014634664170444012,3.902808852502749,-3.8237112005695972,0.08953473739030754,4.962989704805459,-3.963320348199304,-0.024186730478599303,1.9542887373282432,-1.8305809348146242,0.12940165939247059,2.6501962580584033,-3.1132937795275426,-0.048370959950812115,-1.0601808523027092,0.1396091476297068,0.11372146786890684,0.0,0.0,0.0,0.0,0.0,0.0
10.3668,-4.741153395147253,1.3867504792339334,1.0,-4.674010276794434,1.4494843482971191,0.9869253039360046,-0.18529363660112594,-0.19218807932517717,0.008479524451906828,-0.9636690622945502,-2.0801257188509,-2.1617300927208802,0.0,-2.255828380584717,-2.1436166763305664,-0.011868683621287346,3.909989500261914,-3.6145027088796846,0.07518564164818825,4.978822275142884,-3.7624477535178453,-0.03743568955875946,4.435118295746462,-4.200584737223066,0.16465410070040734,3.1771378675870974,-3.434281943254951,0.014517931529790931,-1.0688327748809694,0.14794504463816083,0.11262133120694771,0.0,0.0,0.0,0.0,0.0,0.0
10.3833,-4.775104967079968,1.350579629676091,1.0,-4.718451499938965,1.407249927520752,0.9866777658462524,-0.18088375290169761,-0.19881050398403338,0.009660437000333547,-0.9631522154912612,-2.0258694445141368,-2.2126574506199517,0.0,-2.188145637512207,-2.2135207653045654,-0.008483956567943096,3.95733307812687,-3.389877235797153,0.05655560075051197,5.031062821739014,-3.5399632245130843,-0.05607040852572627,4.092700719403717,-4.227023052636132,0.20467070655464728,3.447428755689878,-3.6683136081101564,0.07065450624412964,-1.073729743612144,0.15008598871593104,0.11262600927623824,0.0,0.0,0.0,0.0,0.0,0.0
10.4,-4.808443475229854,1.3132396133366067,1.0,-4.740179061889648,1.38563871383667,0.9865379929542542,-0.17677525835252042,-0.20584500134423087,0.010246531075726087,-0.9624309986195427,-1.96985942000491,-2.262665212844781,0.0,-2.1541731357574463,-2.2465667724609375,-0.009343813173472881,4.105375809133663,-3.4874850675905122,0.06286296064489078,5.1938348632402995,-3.6473741194588514,-0.04912816211115932,2.035527556355533,-1.9800148567183795,-0.051519956572669355,3.030609715550515,-3.1698969587331467,0.03458637177066265,-1.0884590541066366,0.159889051868339,0.1119911227560501,0.0,0.0,0.0,0.0,0.0,0.0
10.4167,-4.840797827260593,1.2751243294318546,1.0,-4.782498836517334,1.3413759469985962,0.9862555861473083,-0.1745077802931476,-0.21023440463873316,0.011259657020230945,-0.9618845225817504,-1.912686494147782,-2.311196740890889,0.0,-2.0780417919158936,-2.3168344497680664,-0.011899692937731743,4.113278182457991,-3.2416754189846078,0.08006836097204767,5.2091762703630575,-3.404030304635559,-0.030207520239874677,4.568473160123612,-4.2166075311891955,-0.15337267824696693,3.4846151127656912,-3.4789050510278106,-0.02090257522562251,-1.0958980879050668,0.16235488565095121,0.11027588121192235,0.0,0.0,0.0,0.0,0.0,0.0
10.4333,-4.872155300232941,1.2362555204930208,1.0,-4.803079128265381,1.318718433380127,0.9860942959785461,-0.1745077802931476,-0.21023440463873316,0.011259657020230945,-0.9618845225817504,-1.854383280739531,-2.358232950349412,0.0,-2.038302183151245,-2.348113536834717,-0.008938295766711235,4.240176834667728,-3.331194328020865,0.06356999823036175,5.351422423278143,-3.503312476510771,-0.0460974428809163,2.384140061791967,-1.8765591028721822,0.17766620894839227,3.159734763729624,-3.0058632401728373,0.037718559213582345,-1.1112455886104144,0.17211814848990595,0.10966744111127805,0.0,0.0,0.0,0.0,0.0,0.0
10.45,-4.902558608885915,1.1965809229156383,1.0,-4.8430094718933105,1.2724770307540894,0.9858980178833008,-0.16942026318535594,-0.21445158932477487,0.011632361601612797,-0.9618586022699163,-1.7948713843734576,-2.4038379133288723,0.0,-1.958451747894287,-2.409649610519409,-0.002734091132879257,4.233197397117967,-3.1147686108014536,0.027795439777021314,5.351743423460931,-3.2914622412569305,-0.08327802015521954,4.799062876139164,-3.6983578838768842,0.37287671680661433,3.6436943854157366,-3.2103003161002857,0.13666337320528948,-1.1185460263429645,0.17669363045547704,0.11107345993224085,0.0,0.0,0.0,0.0,0.0,0.0
10.4667,-4.9320287524978,1.1560632123809118,1.0,-4.881244659423828,1.225050449371338,0.9857192039489746,-0.16278108087367735,-0.22100993398100957,0.011747296057501964,-0.9615191094051609,-1.7340948185713678,-2.4480431287467006,0.0,-1.8715475797653198,-2.4730870723724365,-0.0009054405381903052,4.185716669491226,-2.8748181003703093,0.01819461935563821,5.303576210819919,-3.050635704774043,-0.09433232473200139,5.203461812990721,-3.798372591006424,0.10949202717924697,4.104166238764232,-3.3839100001734437,0.12864189523274502,-1.1178595413286934,0.17581760440373365,0.1125269440876396,0.0,0.0,0.0,0.0,0.0,0.0
10.4833,-4.960367072747794,1.11498035127751,1.0,-4.899691104888916,1.2008700370788574,0.9856718182563782,-0.15822130552951483,-0.22761867836552918,0.012085566663650389,-0.9607339979111,-1.672470526916265,-2.490550609121692,0.0,-1.8269957304000854,-2.5026960372924805,0.005128846038132906,4.301443814250531,-2.945713790014138,-0.017297467888328144,5.427730312778822,-3.1273911289677976,-0.13286264988752694,2.6781706390724205,-1.7799005345907444,0.36274249816144855,3.683186274028226,-2.910377088568975,0.19775267200295552,-1.1262864985282908,0.18167733895365937,0.1155651819991988,0.0,0.0,0.0,0.0,0.0,0.0
10.5,-4.987706766103438,1.0731476467144088,1.0,-4.935274600982666,1.1516233682632446,0.9856128692626953,-0.15526958787254683,-0.23178629045518798,0.012679162878077837,-0.9602112926958679,-1.6097214700716131,-2.5315601491551574,0.0,-1.7421733140945435,-2.5594160556793213,0.00021128056687302887,4.270863550168709,-2.7215647859570415,0.012982000363718937,5.398303293004975,-2.904578104974271,-0.10304080028070546,5.091899241448404,-3.404909116931444,-0.29520201125471857,4.0990640898334565,-3.0563719821758353,0.05222343950103556,-1.1274397428362657,0.18301331901722956,0.1160228006444244,0.0,0.0,0.0,0.0,0.0,0.0
10.5168,-5.014189519777526,1.0303175676872123,1.0,-4.968982696533203,1.1013489961624146,0.9855249524116516,-0.15136737712213916,-0.23382459897704988,0.012753552065699576,-0.9603392083810985,-1.5454763515308185,-2.5712842796662896,0.0,-1.6386514902114868,-2.6113624572753906,0.005929069127887487,4.130157377077123,-2.5158343568216353,-0.0203991875985014,5.247197479480498,-2.697567832735847,-0.1386725914744284,6.167116438939863,-3.09460841405562,0.34062641582559994,4.7095909422214906,-3.0676600757350734,0.1373652694120913,-1.1170401024033754,0.18173347591421204,0.118273403875927,0.0,0.0,0.0,0.0,0.0,0.0
10.5333,-5.039225136888663,0.9874694543197831,1.0,-5.000649452209473,1.0499436855316162,0.9855060577392578,-0.14185827364974007,-0.23857848426620734,0.011846551885745118,-0.9606332247963105,-1.4812041814796746,-2.608837705332995,0.0,-1.5448384284973145,-2.666363000869751,0.004846496973186731,4.041759667497192,-2.2729909731220266,-0.013329709654259447,5.142521753685286,-2.449065656145067,-0.1328916572875018,5.670564922899553,-3.3245280299755007,-0.06543647094321949,4.993288025568383,-3.1434921907439244,0.0774944889400963,-1.1007620861880947,0.17607468302304086,0.11956194763324234,0.0,0.0,0.0,0.0,0.0,0.0
10.55,-5.063395835282865,0.9436287024603723,1.0,-5.0157389640808105,1.0238254070281982,0.9854606986045837,-0.14185827364974007,-0.23857848426620734,0.011846551885745118,-0.9606332247963105,-1.4154430536905585,-2.645093752924298,0.0,-1.4899733066558838,-2.6935439109802246,0.002189456019550562,4.1153185616457755,-2.318750766165221,0.0033245847519492444,5.209289469462783,-2.494720504775856,-0.11626593969814077,3.2877716343062877,-1.6288057377166287,-0.15922217221722174,4.489788414205369,-2.6963290650517084,0.007611403965661692,-1.0939709078170083,0.17596973861063478,0.11959052445009001,0.0,0.0,0.0,0.0,0.0,0.0
10.5667,-5.086429182422745,0.899261239122649,1.0,-5.044273376464844,0.9708765745162964,0.9853410720825195,-0.13786581332578043,-0.24168341625422457,0.011898940418444193,-0.9604377055660684,-1.3488918586839735,-2.6796437736341177,0.0,-1.384655475616455,-2.7394275665283203,0.0049842651933431625,3.961346456384653,-2.109208991911859,-0.012357472266289748,5.0376176713753535,-2.282543313565053,-0.13293812939506033,6.318623945072236,-2.7528250607924476,0.1676767171631383,5.029694089551548,-2.7130077156028056,0.05486561002344657,-1.0762712149907006,0.17333432165319415,0.1205806571287706,0.0,0.0,0.0,0.0,0.0,0.0
10.5834,-5.108386783186944,0.8542465934346931,1.0,-5.057722568511963,0.9441075921058655,0.9853405952453613,-0.13224889228802145,-0.2418613707853497,0.011118465077719455,-0.9611918812733224,-1.2813698901520396,-2.712580174780416,0.0,-1.327613353729248,-2.7600257396698,0.01153731532394886,4.030240406047532,-2.1746872328859808,-0.051182841184486294,5.09754637932431,-2.3513859771743744,-0.17483283270623506,3.4092651438505492,-1.2311013579947847,0.39165943792125624,4.5513138473082755,-2.275521873218218,0.15429330378517114,-1.067305973276778,0.17669874428839374,0.12364999152174878,0.0,0.0,0.0,0.0,0.0,0.0
10.6,-5.129171274140044,0.8087845509533962,1.0,-5.082961082458496,0.8899087309837341,0.9853523969650269,-0.11986626409935419,-0.23974126840141832,0.007520430767192946,-0.9633793448578863,-1.2131768264300944,-2.7437569112100664,0.0,-1.218576431274414,-2.805036783218384,0.000294389232294634,3.8534443092959925,-1.9470562496078916,0.016702688553079936,4.899625628760494,-2.122931564114912,-0.10537611041130207,6.559298940091505,-2.7077148143367324,-0.6763370749670795,5.1441077477473796,-2.4031131288648306,-0.09092396591141874,-1.046181319464501,0.17587531450702026,0.12207879896438201,0.0,0.0,0.0,0.0,0.0,0.0
10.6167,-5.148792351446011,0.7628675122422818,1.0,-5.105981826782227,0.8348400592803955,0.9851484894752502,-0.11715398795713262,-0.2396517906420297,0.004989765395204814,-0.9637515858239346,-1.1443012683634226,-2.773188527169017,0.0,-1.105720043182373,-2.843686819076538,-0.004511534236371517,3.6499925497554035,-1.743872139296926,0.04705214392622109,4.664300340937911,-1.9169639717680271,-0.07213796115418092,6.780604497922933,-2.3221601489757915,-0.2887480880722004,5.627231499551653,-2.3792143295793857,-0.14932526251371941,-1.0143077911825071,0.17309183247110108,0.11919010508040201,0.0,0.0,0.0,0.0,0.0,0.0
10.6334,-5.167326845595604,0.716303323821669,1.0,-5.116623401641846,0.8070417046546936,0.9849768877029419,-0.11715398795713262,-0.2396517906420297,0.004989765395204814,-0.9637515858239346,-1.0744549857325034,-2.8009902683934063,0.0,-1.0474364757537842,-2.8586573600769043,-0.012868423946201801,3.720759430388739,-1.8114356307825115,0.09855366504039692,4.714013570506213,-1.9876127400670012,-0.015411193120507871,3.487239839659919,-0.8957218869916264,-0.5000119247585626,4.9954668477453845,-1.9412602459190307,-0.2528543749016735,-0.993254140117474,0.1761771092844897,0.11396485816090479,0.0,0.0,0.0,0.0,0.0,0.0
10.6501,-5.184645925993927,0.6694099891953333,1.0,-5.136257648468018,0.7510168552398682,0.9844397902488708,-0.11523819768971386,-0.23932562144975994,0.002505798731366747,-0.9640732505717696,-1.004114983793,-2.8269688889908897,0.0,-0.943061113357544,-2.891693592071533,-0.018009690567851067,3.566284767820763,-1.619282148466229,0.13260529165002138,4.5299803913876255,-1.796579088755844,0.024653161602478477,6.264140684247428,-1.9826863365146594,-0.30855574221600585,5.370002552531255,-1.9534899850303344,-0.2692984366174339,-0.9636956235668623,0.17729694028961493,0.10795213004754291,0.0,0.0,0.0,0.0,0.0,0.0
10.6677,-5.2016691543086,0.619398440061977,1.0,-5.153865814208984,0.6943880915641785,0.9837499260902405,-0.1099798620390856,-0.23735018812334222,-0.0016730612984884091,-0.965176992240573,-0.9290976600929655,-2.8525037314629014,0.0,-0.8428919911384583,-2.922969341278076,-0.03154366463422775,3.4557581270732762,-1.4405467606288895,0.21783145320291736,4.386548756136692,-1.6177039414397378,0.11934762078443631,5.681556634391734,-1.773949261643317,-0.7676421480296965,5.46197901194202,-1.9004862819217987,-0.41641860872882414,-0.930790629063416,0.1771571808108484,0.09848383241848105,0.0,0.0,0.0,0.0,0.0,0.0
10.6833,-5.215703378274017,0.5745263844850965,1.0,-5.169336795806885,0.6370353102684021,0.9829376935958862,-0.10266791065805186,-0.23184932896967012,-0.0061981998357090095,-0.9672987488883085,-0.8617895767276448,-2.873555067411026,0.0,-0.7312947511672974,-2.957718849182129,-0.03457968682050705,3.2280585399168333,-1.1959699738023921,0.24064265369442067,4.11441181620533,-1.368422424969076,0.1511303285089899,7.1327545220425765,-2.221020069183061,-0.1940478186001859,5.955222480207929,-1.995113714493896,-0.350770687089442,-0.8863532762884963,0.17245245116668384,0.08951232518543077,0.0,0.0,0.0,0.0,0.0,0.0
10.7,-5.229454729473901,0.5265020863309018,1.0,-5.176239490509033,0.6081485748291016,0.982491672039032,-0.10065484546426998,-0.22942976795871278,-0.007302995175725126,-0.9680792663758817,-0.7897531294963527,-2.8941820942108527,0.0,-0.678494393825531,-2.9714086055755615,-0.029422204941511154,3.339286952349168,-1.2265851570880426,0.21251047039699072,4.195269997121238,-1.3979913875549734,0.12878521334705578,3.173517568497077,-0.8228103863349765,0.30998576858592225,5.134012347518112,-1.6490283451877752,-0.15570330436440388,-0.8559830447720701,0.17140623046693085,0.08372525704993494,0.0,0.0,0.0,0.0,0.0,0.0
10.7166,-5.242007675349955,0.4781277955545629,1.0,-5.188407897949219,0.5501464009284973,0.981791615486145,-0.09607166544829375,-0.22647161237063473,-0.008655318957045658,-0.969229622459138,-0.7171916933318444,-2.913011513024932,0.0,-0.5649121403694153,-2.9835124015808105,-0.022860322147607803,3.1185906286996645,-1.111156997706573,0.1772460807195682,3.9330545320854604,-1.2847926362255604,0.09644675206865382,6.818550695597413,-0.7266130417358447,0.3939218419018721,5.631318857106317,-1.3767144881162179,0.006556084614920618,-0.8144639033857959,0.17363563851898747,0.0807993286509144,0.0,0.0,0.0,0.0,0.0,0.0
10.7333,-5.2533453971248,0.429466831701073,1.0,-5.193620681762695,0.5209987759590149,0.9814591407775879,-0.09607166544829375,-0.22647161237063473,-0.008655318957045658,-0.969229622459138,-0.6442002475516095,-2.9300180956872,0.0,-0.507285475730896,-2.9971821308135986,-0.021559525281190872,3.204669829216165,-1.1207820401909392,0.17172124138472894,3.988440187948585,-1.2976719026322725,0.09352817012842284,3.4601770861666643,-0.8207950982778119,0.07810598685811633,4.990358123170967,-1.212596923391044,0.027678923514083412,-0.7837703587324197,0.1768898624413333,0.0781930712563061,0.0,0.0,0.0,0.0,0.0,0.0
10.75,-5.263470415753605,0.38050483106048155,1.0,-5.202431678771973,0.46245014667510986,0.9807657599449158,-0.08683324484209981,-0.22062502261862776,-0.01158410346006765,-0.9714167067220654,-0.5707572465907224,-2.9452056236304074,0.0,-0.39810121059417725,-3.0164830684661865,-0.02004707232117653,3.005416160323815,-0.9393696326226586,0.16675454099693182,3.7482269311669945,-1.118286761668588,0.09083965243131148,6.551343309204315,-1.15810706417556,0.09075115876512832,5.451189481074013,-1.1965105210094644,0.04629900016617436,-0.7428107708431794,0.17891712904592952,0.07591488856562034,0.0,0.0,0.0,0.0,0.0,0.0
10.7667,-5.272393124360683,0.33115761047377795,1.0,-5.20916748046875,0.40362343192100525,0.9801562428474426,-0.08147453120338675,-0.21644946584802466,-0.014214446128784036,-0.9727844141030924,-0.49673641571066696,-2.958589686541025,0.0,-0.2973896861076355,-3.027510166168213,-0.015903592109680176,2.853356693494087,-0.7962940283589165,0.14560465237785364,3.5500488589740775,-0.9782627372958056,0.07078428687903603,6.024942591034217,-0.6596825034588011,0.24787858716891786,5.620571885935867,-1.0380290783271586,0.10580897863052152,-0.6966921654799906,0.1819687089368891,0.07482036549881761,0.0,0.0,0.0,0.0,0.0,0.0
10.7833,-5.280045281310968,0.28181675599255823,1.0,-5.21176815032959,0.3741227388381958,0.9799177050590515,-0.07817062921190567,-0.21234089622477356,-0.01580666977182864,-0.9739357817107129,-0.4227251339888374,-2.9700679219664523,0.0,-0.24753409624099731,-3.0340781211853027,-0.006862456910312176,2.9891141297798245,-0.8154762441941497,0.09321916366182675,3.6531176337000413,-1.0019247700761962,0.016807824431257307,2.9948083753437214,-0.39453483043079746,0.5430979252298637,4.845398505083169,-0.8480578148493615,0.2349046682375735,-0.6640035039202168,0.1864485258820466,0.07641133923056945,0.0,0.0,0.0,0.0,0.0,0.0
10.8,-5.286470730553248,0.2322370268825486,1.0,-5.215567111968994,0.31500953435897827,0.9796686768531799,-0.07105183683759735,-0.20389317157006825,-0.017544005014296152,-0.9762538162319636,-0.3483555403238229,-2.979706095829872,0.0,-0.150923490524292,-3.0454206466674805,-0.004070336930453777,2.855811188210489,-0.647407868144672,0.07838927554781888,3.48065943904844,-0.8377470673103793,0.0004403018478130738,5.796807719268129,-0.6805716492854383,0.16753215169592148,5.126271894540793,-0.7986128375379957,0.21501506994988567,-0.6248482508379508,0.19033919916570732,0.07794897370000581,0.0,0.0,0.0,0.0,0.0,0.0
10.8166,-5.291650084928586,0.18256489039231308,1.0,-5.217495441436768,0.25560691952705383,0.9794334769248962,-0.06548275247289825,-0.19586568260515297,-0.018304502748826737,-0.978270711520604,-0.27384733558846963,-2.9874751273928783,0.0,-0.05691026896238327,-3.056077241897583,0.0036947873886674643,2.732945315456575,-0.47088346410794557,0.03365912812229338,3.3142597149346833,-0.6639519544933128,-0.04764374238402766,5.648636707110933,-0.6402847811139124,0.4665552944102037,5.280483534760885,-0.7518715014325155,0.2892743417497969,-0.5813143994781084,0.19306849038536728,0.08130287050632104,0.0,0.0,0.0,0.0,0.0,0.0
10.8333,-5.295590088724827,0.13274109304671453,1.0,-5.2177205085754395,0.22577306628227234,0.9793701767921448,-0.06548275247289825,-0.19586568260515297,-0.018304502748826737,-0.978270711520604,-0.19911163957007177,-2.9933851330872407,0.0,-0.008110998198390007,-3.0701310634613037,0.0074052708223462105,2.8775569798018816,-0.4114165448186615,0.012400063678581985,3.427643556617541,-0.6041692966219874,-0.07233566600394714,2.9293418903494963,-0.8436283489809938,0.22273436437789815,4.5863835482198505,-0.7789597999192666,0.2696305242417972,-0.5500865768156598,0.1927527518033259,0.08473572968252913,0.0,0.0,0.0,0.0,0.0,0.0
10.85,-5.298285656205807,0.08279152252572096,1.0,-5.216947555541992,0.16596530377864838,0.979302167892456,-0.06296477330231191,-0.19111857769024967,-0.017819266081920842,-0.979383261880746,-0.12418728378858143,-2.9974284843087107,0.0,0.07095049321651459,-3.0794756412506104,0.009935829788446426,2.8401001420576333,-0.2193187530591304,-0.001752904021815327,3.357616558849711,-0.41097413870621935,-0.08968239054010094,4.740845635802822,-0.5603385420389724,0.15174251352809984,4.631983579662993,-0.7144188087318617,0.2348278287750118,-0.5175164167920779,0.19165538564708895,0.08792948651828561,0.0,0.0,0.0,0.0,0.0,0.0
10.8666,-5.299730209070882,0.03284951946872939,1.0,-5.214550495147705,0.10596900433301926,0.9792256355285645,-0.057555378078264496,-0.18666188036665465,-0.01746556972921742,-0.9805813281965167,-0.04927427920309409,-2.999595313606323,0.0,0.15799519419670105,-3.0914885997772217,0.0104777617380023,2.7499336789913786,0.0011813827669919508,-0.003929940197723469,3.2308606271716975,-0.18675167257689188,-0.09426780813376136,5.227098724336397,-0.7213870515133293,0.0325434147087879,4.807672447617858,-0.7164759613633622,0.17510977247901277,-0.4809269481803187,0.18793305534388383,0.09033786793603789,0.0,0.0,0.0,0.0,0.0,0.0
10.8833,-5.299925987332127,-0.017205963896747035,1.0,-5.212735176086426,0.07589635998010635,0.979210376739502,-0.04915375153911799,-0.18004340269430705,-0.017701718521423944,-0.9822703631505907,0.025808945845120553,-2.9998889809981906,0.0,0.19961205124855042,-3.0964272022247314,0.007540218532085419,2.9396618101555223,0.04020788953843636,0.014465511784591156,3.396829630508559,-0.14339996773713104,-0.07651970255192427,2.493731874223181,-0.29592696829864135,-0.1760211040294584,4.124554897185421,-0.5923222120050812,0.07144951992128692,-0.45716782035303666,0.1836078572755674,0.09098521433651542,0.0,0.0,0.0,0.0,0.0,0.0
10.9,-5.298870243336598,-0.06721421206478942,1.0,-5.207839012145996,0.015510075725615025,0.9790589809417725,-0.04328247953895183,-0.17620880339144496,-0.017333565799681247,-0.983248043595498,0.10082131809718413,-2.9983053650048967,0.0,0.2823045551776886,-3.1074671745300293,0.004338703118264675,2.870485355683404,0.2789785535130386,0.03513005591913837,3.2993235079987406,0.10250403794468774,-0.055083399210475614,4.958434001915681,-0.6619823013910134,-0.19197027700538963,4.370731250169474,-0.6128871436076293,-0.006316818800182283,-0.42883815231533673,0.17647451556835084,0.09021345512961398,0.0,0.0,0.0,0.0,0.0,0.0
10.9167,-5.296554884640069,-0.11733964641109025,1.0,-5.204838275909424,-0.014695985242724419,0.979019045829773,-0.04328247953895183,-0.17620880339144496,-0.017333565799681247,-0.983248043595498,0.17600946961663538,-2.994832326960104,0.0,0.3562925159931183,-3.0988998413085938,0.01476700697094202,2.8675162639867953,0.2598816168869526,-0.026538356098727733,3.267613324324417,0.08695636475524457,-0.11969321908638361,4.424282170454221,0.512303612671438,0.6235846791152234,4.386540460617196,-0.2807102666228657,0.17964161644105883,-0.40009706033762193,0.17292525213170803,0.09315486298765588,0.0,0.0,0.0,0.0,0.0,0.0
10.9333,-5.293018845765688,-0.16696071520811856,1.0,-5.197749137878418,-0.07495956122875214,0.9790421724319458,-0.036034759955048706,-0.17405859762096468,-0.017200929667417444,-0.9839254698916136,0.25044107281217787,-2.9895282686485314,0.0,0.397053062915802,-3.099029779434204,0.008849077858030796,3.042240982348407,0.45581970877540934,0.009548751393380128,3.424906709489798,0.28692657874147753,-0.08368755670132973,2.4576942152324546,-0.007834737356602743,-0.3568269134009948,3.817109794394427,-0.2001524228871226,0.021266301100889534,-0.3826657271413908,0.1688931300339318,0.09323630809470985,0.0,0.0,0.0,0.0,0.0,0.0
10.95,-5.288221164204122,-0.21674086419224975,1.0,-5.189104080200195,-0.13516655564308167,0.9788799285888672,-0.026363306822185666,-0.1705344414675217,-0.017943262110239843,-0.9848355467915093,0.32511129628837465,-2.982331746306184,0.0,0.4712677597999573,-3.0944340229034424,0.0009086023201234639,3.013290409822435,0.6342041982534938,0.058706875899373456,3.3755894738103125,0.4691593383412306,-0.03171649617077367,4.452567586897439,0.2757259333428694,-0.47639491218061614,4.004708549353387,-0.05966443423720877,-0.125652385087907,-0.3622990639878772,0.16504485991226323,0.09042337207014713,0.0,0.0,0.0,0.0,0.0,0.0
10.9666,-5.282178782805021,-0.2663968336853935,1.0,-5.184284687042236,-0.16515813767910004,0.9787441492080688,-0.019233187482340066,-0.16882493368178347,-0.01930772418393151,-0.9852692378626864,0.3995952505280903,-2.973268174207532,0.0,0.5068576335906982,-3.084688425064087,-0.004275004379451275,3.2375421153150685,0.6418279072279334,0.09119628529454188,3.5909637562837977,0.47973474814010153,0.004897859417144587,2.134356367691846,0.584452165458471,-0.31086550157212894,3.4525463998699264,0.13049055886681388,-0.18033068231619062,-0.353421640968729,0.1620931590878318,0.08629842587739729,0.0,0.0,0.0,0.0,0.0,0.0
10.9833,-5.274898470156663,-0.31587344391839833,1.0,-5.17348575592041,-0.22492970526218414,0.9784953594207764,-0.013209781164117765,-0.16875093435251046,-0.020767648869500454,-0.985351382070434,0.4738101658775975,-2.9623477052349956,0.0,0.5910027027130127,-3.069476366043091,0.0032644816674292088,3.1422968238799225,0.7773594739395868,0.04792029243192358,3.478899556176541,0.6157066976777692,-0.03766101673713755,5.04762585812357,0.9125286041189932,0.45227254697332664,3.9234430100921953,0.36136248356533973,0.006425353407720602,-0.33660273229661847,0.16165277626181768,0.08558130916906113,0.0,0.0,0.0,0.0,0.0,0.0
11.0,-5.266391217765209,-0.3651103650895973,1.0,-5.16116189956665,-0.2843547463417053,0.9783837199211121,-0.004514638703585322,-0.16873426000556835,-0.022221293674641176,-0.9854007781768889,0.547665547634396,-2.9495868266478134,0.0,0.6605772376060486,-3.0481667518615723,0.006525490898638964,3.128005001504022,0.8864457695368153,0.029632461152841627,3.446879141958529,0.7221323782796745,-0.05632668598741507,4.177464032639038,1.279493235988834,0.19580078823992556,3.9984346588301616,0.6324114628622036,0.06233244308931378,-0.31887414045450696,0.1643133912571409,0.0859591471402567,0.0,0.0,0.0,0.0,0.0,0.0
11.0167,-5.256640474365418,-0.41419567124134715,1.0,-5.147482872009277,-0.34330859780311584,0.9782504439353943,0.003918729680845951,-0.1707615286872984,-0.022156598262176894,-0.9850554690470391,0.6212935068620207,-2.9349607115481278,0.0,0.7344939112663269,-3.02838134765625,0.00613116379827261,3.0828694205318135,1.0140910361912976,0.033391146794924664,3.381830645376887,0.8461777833273578,-0.05251457297390903,4.426709121023474,1.184904906048318,-0.02361539400272717,4.124869107877857,0.795517625517707,0.03695907066378658,-0.29896122484507337,0.16791325286393982,0.0859057197688337,0.0,0.0,0.0,0.0,0.0,0.0
11.0333,-5.245666147001072,-0.4630153824809749,1.0,-5.140121936798096,-0.37261268496513367,0.978226363658905,0.003918729680845951,-0.1707615286872984,-0.022156598262176894,-0.9850554690470391,0.6945230737214624,-2.918499220501608,0.0,0.76674485206604,-3.0097503662109375,0.010326195508241653,3.3203564551382496,1.0118332902060627,0.009067300840611081,3.612343653756472,0.8408223893534682,-0.07809018648608422,1.9346431636155605,1.1176201372997712,0.2516481447547197,3.4782743771657154,0.8906081742407872,0.10033920932588324,-0.2919871986182227,0.17101090085259452,0.0871574873266953,0.0,0.0,0.0,0.0,0.0,0.0
11.05,-5.233493686264612,-0.5114705907233356,1.0,-5.124598503112793,-0.4305989444255829,0.9782017469406128,0.0184931257009813,-0.1737519687613358,-0.01835014778576408,-0.9844448455058132,0.7672058860850033,-2.9002405293969193,0.0,0.8185117244720459,-2.9741902351379395,0.01128128170967102,3.3998958592145803,1.0633574417052336,0.004185840918621564,3.688315726568148,0.8835726568761393,-0.0841213347009031,3.1087280224500313,2.135473340587595,0.0573552756858141,3.3691775388513823,1.2581151244326547,0.08764956647430508,-0.28841986735356784,0.17978478482909435,0.08830717561952467,0.0,0.0,0.0,0.0,0.0,0.0
11.0666,-5.220111086332084,-0.5596189919441837,1.0,-5.1164655685424805,-0.45931822061538696,0.9782209992408752,0.0184931257009813,-0.1737519687613358,-0.01835014778576408,-0.9844448455058132,0.8394284879162757,-2.880166629498126,0.0,0.8467495441436768,-2.957195281982422,0.011568375863134861,3.658216014014202,1.091349084902008,0.003092388549061964,3.954234445647438,0.9057571676060892,-0.08608593567018484,1.695653418852365,1.020530294353453,0.017239722773021417,2.875122630705591,1.1879757401244784,0.06686329369419261,-0.2960184316332358,0.18559191729591887,0.0891783242192468,0.0,0.0,0.0,0.0,0.0,0.0
11.0833,-5.205520341935407,-0.607447303451393,1.0,-5.099313735961914,-0.5163723230361938,0.9782217741012573,0.027798939117944146,-0.1702964961658974,-0.01641838913111568,-0.9848638694737086,0.9111709551770895,-2.858280512903111,0.0,0.9090331196784973,-2.934382677078247,0.011798893101513386,3.667564209679063,1.238014526476158,0.0024315275272056014,3.9683709522036126,1.04677574717119,-0.08741187202368025,3.736109522038843,1.3684248162237922,0.013827684777323303,3.1293016977587924,1.2412476055561472,0.05120621258089777,-0.3008067425245496,0.19123877930496785,0.08984339955088586,0.0,0.0,0.0,0.0,0.0,0.0
11.1,-5.189754130511938,-0.6548506136616739,1.0,-5.0810465812683105,-0.572840690612793,0.9782624244689941,0.028692884311572336,-0.17268583261811637,-0.013392329701730562,-0.9844678576851003,0.9822759204925108,-2.8346311957679067,0.0,0.9624633193016052,-2.897578716278076,0.015411116182804108,3.723824057519193,1.3097038785739632,-0.018721172113218942,4.030646196567194,1.1088238174082101,-0.11029047533993988,3.2088905753314814,2.2103582576820644,0.21694151778043472,3.1527977891080017,1.527346783032872,0.10013430391125758,-0.306822139048001,0.20088006116575313,0.09156930322672094,0.0,0.0,0.0,0.0,0.0,0.0
11.1166,-5.1727845310934,-0.7019103219765849,1.0,-5.071533679962158,-0.600768506526947,0.9783545732498169,0.029691090271704353,-0.175309431791071,-0.01114189872549138,-0.9840025143306914,1.0528654829648774,-2.8091767966401004,0.0,0.9885258674621582,-2.872565507888794,0.022593136876821518,3.988399484660495,1.3208891724875367,-0.06155208282673813,4.312135891289765,1.1122271939032704,-0.15696673521539106,1.562793074855607,1.4998713329902214,0.4306567467976211,2.683399336068793,1.519235527996348,0.19771057019204527,-0.32373640662927006,0.20866197858426624,0.09541465238865293,0.0,0.0,0.0,0.0,0.0,0.0
11.1333,-5.15466223756404,-0.7484837904416819,1.0,-5.051764011383057,-0.6558917760848999,0.9787642359733582,0.038553587330961425,-0.1783755043847612,-0.008585523775911626,-0.9831694397230252,1.1227256856625227,-2.78199335634606,0.0,1.0408574342727661,-2.832594394683838,0.030979039147496223,4.042845105076142,1.3901599742618846,-0.11320828610071659,4.383265073962705,1.1697552009916028,-0.21461450552829814,3.141379951912068,2.3994017632241813,0.5033922520823793,2.818603584629689,1.779076687918662,0.2879533897985346,-0.3404199688865631,0.22040477327028196,0.10140621942758153,0.0,0.0,0.0,0.0,0.0,0.0
11.15,-5.135371422397467,-0.7946142094417245,1.0,-5.041499137878418,-0.6831832528114319,0.9789583683013916,0.038553587330961425,-0.1783755043847612,-0.008585523775911626,-0.9831694397230252,1.1919213141625866,-2.7530571335962013,0.0,1.0685124397277832,-2.8205809593200684,0.026980355381965637,4.292249591424458,1.4994381428527648,-0.08948541795958137,4.658266535556801,1.2748751339388646,-0.1942818507523363,1.6592069690597777,0.7207655666652363,-0.23990752710666724,2.4763285127829384,1.4666439015893928,0.13211919912340647,-0.36601694413234326,0.22456300891390002,0.10479643279275494,0.0,0.0,0.0,0.0,0.0,0.0
11.1666,-5.11494605138856,-0.8402207034756248,1.0,-5.020193099975586,-0.7373409867286682,0.9793510437011719,0.0434443023638095,-0.1813323850306718,-0.006332606135610257,-0.9824413950618479,1.2603310552134372,-2.7224190770828405,0.0,1.1184035539627075,-2.784348249435425,0.032623883336782455,4.35142235127372,1.6095270601036753,-0.12462194049381198,4.742780159039681,1.3781042211211134,-0.23428839126489065,2.994669204459264,2.174835782875624,0.3387476834294546,2.6293521589641022,1.6757150889581593,0.193119704353166,-0.39135780776596074,0.2314228389825619,0.10966645077107866,0.0,0.0,0.0,0.0,0.0,0.0
11.1833,-5.093345522105526,-0.8853879592269469,1.0,-4.998011589050293,-0.7907359600067139,0.9799411296844482,0.043700513055907234,-0.1844405465209562,-0.0038324129350955343,-0.9818641939714913,1.3280819388404204,-2.690018283158289,0.0,1.1625595092773438,-2.7430496215820312,0.041877247393131256,4.439894947224581,1.6973254744776516,-0.18242309423654207,4.858824380159147,1.4560555224954252,-0.29946305523232963,2.6460666933363814,2.4748399817121958,0.5545122567579152,2.6342865950115497,1.9116313633449562,0.29980939119377537,-0.4189294329345662,0.24126995198222637,0.11703996099578759,0.0,0.0,0.0,0.0,0.0,0.0
11.2,-5.070665064663281,-0.9299167859443004,1.0,-4.974912166595459,-0.8434275388717651,0.9806902408599854,0.044966446334492566,-0.19021065027962802,-0.0007201210536570832,-0.9807127420701737,1.3948751789164506,-2.655997596994922,0.0,1.2093312740325928,-2.7037649154663086,0.050782885402441025,4.505302772436128,1.8053041287794978,-0.23895910558185735,4.952913483337079,1.553331279304873,-0.3653252713914311,2.8075535964736527,2.358130348913759,0.5345758526061196,2.6854381807395797,2.0434460247927477,0.36911674155861884,-0.44761071090095117,0.2519728494746246,0.1263661658095738,0.0,0.0,0.0,0.0,0.0,0.0
11.2166,-5.046861758019645,-0.9738962975432829,1.0,-4.963031768798828,-0.8695214986801147,0.9811381101608276,0.05318921218527097,-0.1982358106311631,0.0019309157176781895,-0.9787082379549955,1.4608444463149244,-2.620292637029468,0.0,1.2304702997207642,-2.6824676990509033,0.0571078397333622,4.778943961963945,1.899536905053365,-0.2785193590693939,5.265477698907058,1.6432871675740899,-0.41497827890535594,1.2681613387685047,1.277651433884002,0.3794433419151827,2.2670321526402724,1.8173694647069651,0.37216534272883883,-0.4865337369431133,0.2562497374792752,0.13645891983596203,0.0,0.0,0.0,0.0,0.0,0.0
11.2333,-5.021974683065847,-1.0172527664647935,1.0,-4.93862247467041,-0.9211072325706482,0.9822112917900085,0.05765709422878958,-0.20156602279282712,0.0034428074674609805,-0.9777704705756282,1.5258791496971902,-2.582962024598771,0.0,1.269830584526062,-2.6365184783935547,0.06577099859714508,4.877994594594357,1.9849216012642454,-0.3352714082225407,5.405681300554246,1.7206514021664252,-0.4834155098258573,2.3621937957875456,2.757626488095238,0.5199164645575778,2.295125609019112,2.0949505236066726,0.4157841744213143,-0.5276867059598886,0.26427019909782024,0.1481441016033166,0.0,0.0,0.0,0.0,0.0,0.0
11.25,-4.996018942306253,-1.0599621442949643,1.0,-4.926164150238037,-0.9465858340263367,0.9827669262886047,0.05765709422878958,-0.20156602279282712,0.0034428074674609805,-0.9777704705756282,1.5899432164424465,-2.5440284134593796,0.0,1.2871938943862915,-2.613286018371582,0.06578931212425232,5.166122021738424,2.08718187971368,-0.337585256721967,5.744880343741604,1.820858080085726,-0.49578620615208513,1.0422170385105256,1.394507491735478,0.0010992529730812714,1.9252440989049595,1.8881669382152138,0.2933616061850872,-0.5787583220031802,0.26632379962795394,0.15820094943011817,0.0,0.0,0.0,0.0,0.0,0.0
11.2666,-4.96900215560113,-1.1020126154444794,1.0,-4.900604248046875,-0.9968677759170532,0.9840664863586426,0.06182571257445657,-0.2068110927228866,0.0057693977989593526,-0.976408537312847,1.653018923166719,-2.5035032334016947,0.0,1.334861397743225,-2.5570263862609863,0.08091317862272263,5.203928191304297,2.1267940699634713,-0.43429526101117405,5.831572976939979,1.8514401339602684,-0.6067946039639478,2.860707693628468,3.376353932664654,0.907640597948175,2.2014100500506926,2.3275069393900467,0.4747079920690146,-0.6276447856356816,0.27535393600320296,0.17249934295277375,0.0,0.0,0.0,0.0,0.0,0.0
11.2833,-4.940905803911058,-1.1434282411638284,1.0,-4.874102592468262,-1.046136736869812,0.9855332374572754,0.06588674582094343,-0.2123305860519566,0.006352077979622448,-0.9749535016617055,1.7151423617457424,-2.4613587058665862,0.0,1.3798984289169312,-2.50925350189209,0.08805368095636368,5.25008896764053,2.223852824508932,-0.4839893847522933,5.9262838373330915,1.9379098934126127,-0.6714560722960242,2.699868507560815,2.863876740130921,0.42805702055283995,2.348564097307449,2.4858531080950215,0.4609357726119391,-0.6761948696925617,0.2859429310963196,0.1874666875437309,0.0,0.0,0.0,0.0,0.0,0.0
11.3,-4.911824744974501,-1.184069673409418,1.0,-4.846718788146973,-1.0945857763290405,0.9871708750724792,0.07200431346709513,-0.22124614599348888,0.007027523373858038,-0.9725308165156022,1.776104510114127,-2.4177371174617512,0.0,1.4219675064086914,-2.4639787673950195,0.09342550486326218,5.305416759455113,2.342924599095,-0.523981105523875,6.03123156184965,2.0467508123087073,-0.7265472223275578,2.525483769393714,2.717925230434534,0.3224804273773401,2.4007940181656044,2.5543650403196456,0.4200612240740824,-0.7258148023945373,0.2961737867862925,0.20256611680368278,0.0,0.0,0.0,0.0,0.0,0.0
11.3166,-4.8817268240636835,-1.2239853978039983,1.0,-4.832658290863037,-1.1184972524642944,0.9880507588386536,0.07387661872356277,-0.2289903185743579,0.008126671036173651,-0.9705872988902194,1.8359780967059973,-2.372590236095526,0.0,1.4503412246704102,-2.440322160720825,0.09958312660455704,5.506065086101689,2.479897528413057,-0.5649280098199245,6.2874234858293505,2.182108953066926,-0.7831986247138804,1.7026926488682863,1.4196211405843133,0.36951580250092997,2.1947017343658106,2.219367900778528,0.4051392917791784,-0.7813583997276621,0.29778857534613085,0.21827061489395586,0.0,0.0,0.0,0.0,0.0,0.0
11.3333,-4.850620783611371,-1.263160791598781,1.0,-4.803690433502197,-1.165526270866394,0.9899141192436218,0.07603901546997482,-0.23720192604699306,0.008363409884259347,-0.9684438366155009,1.8947411873981714,-2.3259311754170557,0.0,1.5017657279968262,-2.381606101989746,0.10158608108758926,5.490016337795455,2.533340174152321,-0.5859261602841048,6.324039884867117,2.228288925155554,-0.8190883807020037,3.083796805970576,3.5210528573266804,0.12011209127432337,2.457178849983855,2.603649091564433,0.3209940525910148,-0.8340235470716623,0.305051248996767,0.23316222041789886,0.0,0.0,0.0,0.0,0.0,0.0
11.35,-4.818588467874409,-1.3014949347726463,1.0,-4.773687362670898,-1.2115472555160522,0.9917097091674805,0.08203308758163354,-0.24553375740500552,0.007269066962673934,-0.9658835420090096,1.9522424021589695,-2.2778827018116137,0.0,1.555078148841858,-2.3297393321990967,0.09247231483459473,5.452474960212249,2.633618693941171,-0.5399454265739383,6.336384498224387,2.3201174430267684,-0.783620925549009,3.201725372279496,3.1149054982817868,-0.5473354274054982,2.676982591852396,2.75458132734233,0.0646473191598814,-0.8839095380121385,0.3135012509144025,0.24367549897507068,0.0,0.0,0.0,0.0,0.0,0.0
11.3666,-4.785555079373582,-1.3390765871104429,1.0,-4.758269309997559,-1.234211802482605,0.9925308227539062,0.08203308758163354,-0.24553375740500552,0.007269066962673934,-0.9658835420090096,2.0086148806656645,-2.2283326190603727,0.0,1.5806198120117188,-2.305683135986328,0.08740844577550888,5.6507562675393945,2.7948060092327944,-0.5134186012424085,6.592273824455758,2.4825031693295045,-0.7657510600714623,1.5312307934193787,1.4421765790489258,-0.3035805532924546,2.3387357194182945,2.367135458101689,-0.04406027909168485,-0.9415175569163637,0.3123028399032898,0.2523324588290538,0.0,0.0,0.0,0.0,0.0,0.0
11.3833,-4.751599759872146,-1.3758118102193804,1.0,-4.726659297943115,-1.2787846326828003,0.9940151572227478,0.087291849969103,-0.25116441304702297,0.005693786352730761,-0.9639835620781385,2.0637177153290707,-2.177399639808219,0.0,1.6325103044509888,-2.2492294311523438,0.07510066777467728,5.604941471474828,2.88190587665345,-0.4467939940070255,6.601240147965193,2.5669446241981446,-0.7037794800817121,3.1116075258056215,3.38524004231836,-0.738034519486461,2.5669016028675196,2.6676985398206856,-0.2489341590056403,-0.9962986764903642,0.31496125245530554,0.25698548607468663,0.0,0.0,0.0,0.0,0.0,0.0
11.4001,-4.716552019548431,-1.4118712320581013,1.0,-4.693864345550537,-1.3222800493240356,0.9952337145805359,0.0902662689723502,-0.25638614415971955,0.004307197183570869,-0.9623407200700324,2.117806848087152,-2.124828029322647,0.0,1.6958423852920532,-2.1938486099243164,0.06384807080030441,5.481510069791331,2.9818627699145557,-0.3852114365512182,6.526427236935177,2.6625707281851008,-0.6440844848936322,3.7788462906323352,3.3044170993669537,-0.6714106622092609,2.924689826076264,2.8556694962545475,-0.373656944587089,-1.0449171671438457,0.3192920417294551,0.2588730483424141,0.0,0.0,0.0,0.0,0.0,0.0
11.4166,-4.681029984096897,-1.4466361612462628,1.0,-4.676995754241943,-1.3436152935028076,0.9957547783851624,0.09488194947688437,-0.26347592896554023,0.002419018370282826,-0.9599854698815465,2.1699542418693945,-2.071544976145346,0.0,1.7217731475830078,-2.161581039428711,0.056213464587926865,5.652085655978342,3.117321364700587,-0.34186843897815494,6.753707423282854,2.8011456569362254,-0.601599059013874,1.5650037412225164,1.9474502129618971,-0.4607726973494877,2.5232856420959795,2.587546563802489,-0.3993751070651438,-1.1016217673045112,0.3161757077643616,0.259730620035719,0.0,0.0,0.0,0.0,0.0,0.0
11.4333,-4.644483461680098,-1.4806634395664326,1.0,-4.6423420906066895,-1.3854774236679077,0.99662846326828,0.09984464079027693,-0.2698011330608808,0.0002570957759165134,-0.9577256823049379,2.220995159349649,-2.0167251925201475,0.0,1.7852997779846191,-2.1073060035705566,0.04912786930799484,5.504370357979997,3.2347413013798705,-0.30361106642333086,6.655992178149336,2.919868940660833,-0.5634387965082679,3.8170071340572442,3.261123685643068,-0.42573905717273586,2.9052158725832067,2.7863988415098753,-0.40715822700534177,-1.1516218201693382,0.3148723607190378,0.25982773008493704,0.0,0.0,0.0,0.0,0.0,0.0
11.45,-4.607016531060709,-1.5138387587633073,1.0,-4.624524116516113,-1.4060068130493164,0.9970178008079529,0.09984464079027693,-0.2698011330608808,0.0002570957759165134,-0.9577256823049379,2.270758138144961,-1.9605247965910633,0.0,1.8148736953735352,-2.0765137672424316,0.04630865156650543,5.639741033563884,3.3968058754071095,-0.28854293021000105,6.84793176335562,3.0910364440675058,-0.5492327342519547,1.7724590257633996,1.8454767586413843,-0.1689646949973565,2.5708053473812127,2.5086214448959487,-0.3368391427622082,-1.2081907297917351,0.30576943133960394,0.26068980404195374,0.0,0.0,0.0,0.0,0.0,0.0
11.4667,-4.568723545468308,-1.5460726260995392,1.0,-4.5879316329956055,-1.4460537433624268,0.9977469444274902,0.1032057518602555,-0.27246761138383924,-0.0023945310512978827,-0.9566108138681279,2.319108939149309,-1.903085318202462,0.0,1.8803901672363281,-2.002716302871704,0.04265143722295761,5.459410765405269,3.4085807791781573,-0.2701701831130822,6.716785813661501,3.1030378402570604,-0.5318647925911222,3.9269474255826915,4.423296225902797,-0.21920729311059348,2.971163275821986,3.0738684358147035,-0.30211207072294644,-1.2573750482562311,0.30554293892109696,0.2616946094780399,0.0,0.0,0.0,0.0,0.0,0.0
11.4833,-4.529709798588625,-1.5772805112772814,1.0,-4.5499091148376465,-1.4847561120986938,0.9983246922492981,0.10800188936504514,-0.27519961751952,-0.005609071187223779,-0.9552849583076721,2.365920766915922,-1.8445646978829382,0.0,1.9537591934204102,-1.936316967010498,0.03690595552325249,5.217579149210119,3.467457919153284,-0.23853023721524552,6.515144900344097,3.158653598609522,-0.5004768502829711,4.405990493098906,3.9874434453925893,-0.345030308616345,3.394750495489454,3.3435724765557224,-0.3147823189893501,-1.2975657511339787,0.30880432054376217,0.2619466130677255,0.0,0.0,0.0,0.0,0.0,0.0
11.5,-4.489913764251025,-1.6075152358985456,1.0,-4.530370712280273,-1.5036154985427856,0.99859619140625,0.11334050949373062,-0.2789699850252515,-0.008748716373345788,-0.9535477073589015,2.4112728538478185,-1.784870646376537,0.0,1.9829775094985962,-1.901706337928772,0.03445687144994736,5.326802877364447,3.6273789014094473,-0.22514645305848718,6.672579335946604,3.3245291513901214,-0.48780753789280074,1.7537780131085607,2.0774421133976357,-0.1470019623486648,2.9103054257327425,2.969787651589451,-0.26525049109503174,-1.3457764585821568,0.30284975001932585,0.26266108483431355,0.0,0.0,0.0,0.0,0.0,0.0
11.5166,-4.449365889338475,-1.6367522880464156,1.0,-4.490253448486328,-1.5403573513031006,0.9990592002868652,0.11835899796619555,-0.28126199386754663,-0.011699585824987532,-0.9522321356294825,2.4551284320696234,-1.7240488340077125,0.0,2.0565757751464844,-1.831536054611206,0.03446906805038452,5.059948441285081,3.672989118170814,-0.2275033220383466,6.44439756406352,3.3708068819911534,-0.4919915510188635,4.416595129767934,4.210883623773142,0.0007319118951555212,3.354989677650483,3.336181866772729,-0.18672762422545172,-1.384449122778439,0.3021822361796605,0.2644882289805169,0.0,0.0,0.0,0.0,0.0,0.0
11.5333,-4.408108898217085,-1.6649608613093931,1.0,-4.448648929595947,-1.575626015663147,0.9995583295822144,0.12269859027120304,-0.2801430529914991,-0.01490093399732949,-0.9519679170361678,2.4974412919640896,-1.6621633473256285,0.0,2.129995584487915,-1.7584418058395386,0.03359587863087654,4.779416377967052,3.7030177403706688,-0.22474511324510787,6.194435761965991,3.397082383821075,-0.49152917473352065,4.406264308608058,4.386725904304029,-0.05240415915464743,3.6653451634346084,3.6463216680239596,-0.1470728822325968,-1.4150193839989398,0.3059353565495936,0.26678406148841277,0.0,0.0,0.0,0.0,0.0,0.0
11.55,-4.366138145475883,-1.6921434498177876,1.0,-4.427262783050537,-1.5927448272705078,0.999820351600647,0.12269859027120304,-0.2801430529914991,-0.01490093399732949,-0.9519679170361678,2.5382151747266812,-1.5992072182138257,0.0,2.164839744567871,-1.7179436683654785,0.03578909486532211,4.824502192349402,3.846951153595971,-0.23920853306931805,6.276510244419519,3.545939140462238,-0.5096823230102898,2.0908609688403104,2.4301339094108556,0.13160627807662595,3.2005286514755555,3.2872808127478574,-0.06480170053681089,-1.4520080520701173,0.3010120131337328,0.2704737899409717,0.0,0.0,0.0,0.0,0.0,0.0
11.5667,-4.323406305216668,-1.718324630110029,1.0,-4.3834686279296875,-1.6256312131881714,1.0003262758255005,0.1269978638472538,-0.2795519434411338,-0.017896141933604705,-0.9515261337700766,2.5774869451650435,-1.535109457825002,0.0,2.240852117538452,-1.6431783437728882,0.037915635854005814,4.503603977617154,3.8738305853794204,-0.25450830398064456,5.982786057077531,3.5725143548684803,-0.5296943310497076,4.54903331668688,4.474402511236356,0.12726488371263467,3.5986318760084313,3.6377408358187857,-0.008100134359628162,-1.479182079460377,0.30131623051094003,0.2751860270690631,0.0,0.0,0.0,0.0,0.0,0.0
11.5833,-4.280195255027601,-1.7433350974558435,1.0,-4.338226318359375,-1.6571062803268433,1.0008502006530762,0.13109594417358175,-0.2795574067263721,-0.020459176085249182,-0.9509169432217001,2.615002646183765,-1.470292882541402,0.0,2.30556058883667,-1.5727038383483887,0.03273287042975426,4.23403184381415,3.9270446914440935,-0.22605963056754946,5.735613342299672,3.6233846892284474,-0.5041640660209105,3.88868670659369,4.235199300799495,-0.3114607810126945,3.684261363489094,3.8141214947585222,-0.09765774194123662,-1.5015814984855222,0.30366000221564604,0.278104435453361,0.0,0.0,0.0,0.0,0.0,0.0
11.6,-4.236315220717164,-1.767289961340065,1.0,-4.315059661865234,-1.6723438501358032,1.0010861158370972,0.13403582383447427,-0.275872539371201,-0.022916000178646208,-0.9515270610007438,2.6509349420100974,-1.404472831075746,0.0,2.339179277420044,-1.5337882041931152,0.032173242419958115,4.254062573836791,4.097200893450387,-0.22391763863028474,5.784203285498904,3.8013210665426036,-0.505174241904926,2.017325245357521,2.3351741108472344,-0.033581075281123925,3.1921513539071107,3.3775091954920025,-0.07874113877864278,-1.530140711662114,0.2958798269077838,0.28125660327464125,0.0,0.0,0.0,0.0,0.0,0.0
11.6166,-4.191884085567748,-1.7901236767081152,1.0,-4.267647743225098,-1.7016324996948242,1.0014816522598267,0.13694256553572512,-0.27221056829148343,-0.024718578742608653,-0.9521224695296572,2.685185515062173,-1.3378261283516233,0.0,2.4109156131744385,-1.4555693864822388,0.027688512578606606,3.9155355422544185,4.1099452960811655,-0.19903628272142443,5.4650813876912085,3.815893939912919,-0.48220184126317356,4.3083135255877885,4.697635957501647,-0.2693421964045362,3.5216628276980164,3.7672347443211756,-0.13501005471031563,-1.5495458454367905,0.2940513561682465,0.28316555854174913,0.0,0.0,0.0,0.0,0.0,0.0
11.6333,-4.146847279640613,-1.8118635944698742,1.0,-4.2433953285217285,-1.7157236337661743,1.0016652345657349,0.13694256553572512,-0.27221056829148343,-0.024718578742608653,-0.9521224695296572,2.7177953917048114,-1.2702709194609199,0.0,2.4393951892852783,-1.4130237102508545,0.0265207439661026,3.944515966124143,4.26907071357541,-0.19300310225254863,5.5204963458102325,3.9854797817327614,-0.47824872500109084,1.7084096109839817,2.552195366132723,-0.07005115220966819,2.986357336296291,3.408532911936012,-0.11583299940248556,-1.5759803796860894,0.2835909318426481,0.2852456227485422,0.0,0.0,0.0,0.0,0.0,0.0
11.65,-4.101287549017246,-1.8324678070268887,1.0,-4.19389533996582,-1.7427425384521484,1.0019311904907227,0.14213607406498757,-0.2667836505151676,-0.027546000074962,-0.9528195362571789,2.748701710540333,-1.2019313235258688,0.0,2.5048584938049316,-1.3354578018188477,0.021202819421887398,3.616507050958764,4.290650143853276,-0.16248971677579677,5.210847398012314,4.012015491054011,-0.4484279012382188,3.9272402202674677,4.653293284702854,-0.31903013927626406,3.2641231606792704,3.7760089251477034,-0.175820509039267,-1.5943403470535502,0.2786346527992655,0.28593818446242203,0.0,0.0,0.0,0.0,0.0,0.0
11.6666,-4.055246175754134,-1.8519187924984062,1.0,-4.143152713775635,-1.7681647539138794,1.0021214485168457,0.14553800962610502,-0.26240289654423316,-0.02917312130857358,-0.953473908227159,2.7778781887476094,-1.132869263631202,0.0,2.561005115509033,-1.2549538612365723,0.01296241581439972,3.329051293355124,4.294224446701851,-0.11406926878545848,4.937526339791577,4.015814432135597,-0.39852463543142286,3.3702951026132753,4.832384005495606,-0.49464404231187564,3.2954670585012487,4.087870156815576,-0.26994304337465974,-1.6084750464364534,0.2784100145662537,0.2844553666459644,0.0,0.0,0.0,0.0,0.0,0.0
11.6833,-4.008648179686402,-1.870245373587955,1.0,-4.117326259613037,-1.7803176641464233,1.002178430557251,0.14935223619606816,-0.2583474635602422,-0.03069293666587638,-0.9539436770006614,2.8053680603819324,-1.0629722695296024,0.0,2.5903360843658447,-1.2150970697402954,0.012147600762546062,3.3188311818377545,4.483330877562468,-0.10953802137727736,4.946350866293509,4.216333919717069,-0.3933545447897622,1.7569945300561276,2.3875162455904824,-0.048809352193690286,2.8412818485944893,3.5858946039169752,-0.20466033595576827,-1.6275196844557538,0.26699695784539856,0.2838165234124848,0.0,0.0,0.0,0.0,0.0,0.0
11.7,-3.9616998187546106,-1.8873667767183238,1.0,-4.064827919006348,-1.8034536838531494,1.002151370048523,0.15613470725597167,-0.2519790431401097,-0.03309804657615054,-0.9544805857038418,2.8310501650774857,-0.9925497281319162,0.0,2.6462669372558594,-1.1387741565704346,0.0023723463527858257,3.005672897076066,4.515127056872399,-0.05082286771092187,4.646117640342328,4.2554319028728695,-0.3313801153710239,3.3575834776510325,4.581738682391332,-0.5868180261900843,2.993703526221223,3.8798859774733168,-0.31748027101952686,-1.640444743266262,0.2596951539995289,0.28055724766010204,0.0,0.0,0.0,0.0,0.0,0.0
11.7166,-3.914331536795401,-1.9033120508467867,1.0,-4.011246204376221,-1.8250466585159302,1.0020484924316406,0.15922453486715382,-0.245105313616468,-0.03489324944162355,-0.9556952578779256,2.85496807627018,-0.9214973051931017,0.0,2.694891929626465,-1.0541183948516846,-0.003506832756102085,2.721399092658561,4.496318587469378,-0.015101655754806431,4.3712834498172715,4.238321141859774,-0.2916240887662443,2.9188802381497596,5.081749484772155,-0.352917684524917,2.97161432399608,4.234698051949216,-0.32794204319544284,-1.6498843571587105,0.25799744560960425,0.27652243301143786,0.0,0.0,0.0,0.0,0.0,0.0
11.7333,-3.866550793718438,-1.9180772138099675,1.0,-3.9840476512908936,-1.8352423906326294,1.001941204071045,0.15922453486715382,-0.245105313616468,-0.03489324944162355,-0.9556952578779256,2.8771158207149514,-0.8498261905776567,0.0,2.7265548706054688,-1.0143742561340332,-0.0044568004086613655,2.6616710308488343,4.6968739312340055,-0.008930133289895836,4.322929555967862,4.452521156056235,-0.2824185002107156,1.8992348945298534,2.3839685377189848,-0.05698181086878799,2.6550283159481745,3.688328872545779,-0.2479496301232091,-1.661258525119028,0.2443527751777698,0.27348836692081974,0.0,0.0,0.0,0.0,0.0,0.0
11.75,-3.818446899775742,-1.9316347512179732,1.0,-3.928807258605957,-1.854352355003357,1.0017879009246826,0.16209987716626403,-0.23848471806498273,-0.0368309086550634,-0.9568135823563138,2.89745212682696,-0.7776703496636137,0.0,2.7731950283050537,-0.9255988001823425,-0.005745138507336378,2.3617700039463356,4.654135496452447,-0.0004931532102591674,4.03006815257774,4.415472066082041,-0.2714820018461889,2.7999341606194625,5.329429487454735,-0.07734240257381883,2.6978071698190726,4.172811769366724,-0.19758325826836443,-1.6682981486314041,0.23866343037040672,0.27098884863592976,0.0,0.0,0.0,0.0,0.0,0.0
11.7666,-3.7700088344161045,-1.9439886047944865,1.0,-3.8726580142974854,-1.8718472719192505,1.0015149116516113,0.16817779253050108,-0.2304569209012377,-0.039516547989026096,-0.9576243612811177,2.91598290719173,-0.7050132516241572,0.0,2.814032793045044,-0.84352707862854,-0.011829388327896595,2.082097055769652,4.649947111807006,0.03732680446232278,3.7547321576686263,4.41361262761391,-0.22978275235526785,2.450723974131517,4.925223916900361,-0.36512323812990044,2.6248636943764505,4.394937587569887,-0.24704412254397917,-1.672635101898974,0.2363344841930965,0.26710955681759063,0.0,0.0,0.0,0.0,0.0,0.0
11.7833,-3.7212722525730926,-1.9551290722640262,1.0,-3.815732479095459,-1.8877097368240356,1.0011868476867676,0.17294205121274828,-0.22153694080896785,-0.041937884435977006,-0.9587772461752848,2.9326936083960393,-0.6319083788596394,0.0,2.8560144901275635,-0.7605274319648743,-0.011030114255845547,1.781443340165844,4.6381308528757454,0.034131918302405195,3.45449484613581,4.4014562836360716,-0.2303610271744143,2.518904227165439,4.979983549102354,0.04795649005793577,2.5935825229762175,4.56765384862154,-0.15995454981521748,-1.673051505969966,0.23667456923967353,0.2644929454768195,0.0,0.0,0.0,0.0,0.0,0.0
11.8,-3.6721775700306947,-1.9650658656559192,1.0,-3.786979913711548,-1.895024061203003,1.0010567903518677,0.17513617531646594,-0.21505230967368968,-0.043374038298985666,-0.9597909200288204,2.9475987984838787,-0.558266355046042,0.0,2.870913028717041,-0.7164283990859985,-0.012244322337210178,1.7746480017396322,4.823464538359491,0.042032156605257553,3.4532379639818056,4.598348898779288,-0.22002271612944152,0.8921264901134984,2.6406560068527374,-0.07270694285816261,2.0912816036261055,3.9987688649304873,-0.13419746156892845,-1.6785899622421734,0.22511563958020286,0.2620548727346991,0.0,0.0,0.0,0.0,0.0,0.0
11.8166,-3.623018139516862,-1.9737424557279668,1.0,-3.728973865509033,-1.9083836078643799,1.0006778240203857,0.1798674751631776,-0.2045917779746496,-0.04582243302268058,-0.9610881157322886,2.96061368359195,-0.4845272092752936,0.0,2.9078290462493896,-0.633873462677002,-0.017605742439627647,1.4781629020427414,4.812419087991858,0.07607294579302787,3.1579604327543116,4.594480220253592,-0.18214784999068467,2.2180091392227363,4.960112592932143,-0.3221278886855563,2.128693888403198,4.28257510444538,-0.18967795856168138,-1.6797975307115705,0.2179388677382652,0.25822079578371254,0.0,0.0,0.0,0.0,0.0,0.0
11.8333,-3.573585204032144,-1.9811994185681283,1.0,-3.699730634689331,-1.9144459962844849,1.0005079507827759,0.1798674751631776,-0.2045917779746496,-0.04582243302268058,-0.9610881157322886,2.9717991278521927,-0.41037780604821616,0.0,2.9186222553253174,-0.5888607501983643,-0.016954127699136734,1.4723419203803647,4.995932623321033,0.07299570179212195,3.157875245281586,4.795409269627707,-0.1823587658894042,0.6479732050841636,2.7023502805450588,0.039119865918069395,1.6915580787399414,3.8160638537905456,-0.1221326589114041,-1.685533324901221,0.20052335369332566,0.25535446768152614,0.0,0.0,0.0,0.0,0.0,0.0
11.85,-3.5239450824419674,-1.9874226022791581,1.0,-3.6408066749572754,-1.9252536296844482,1.0002126693725586,0.18373001058261285,-0.19386183505884932,-0.04814839115145119,-0.9624669498813225,2.981133903418737,-0.335917623662951,0.0,2.9479990005493164,-0.49502986669540405,-0.009485946968197823,1.1959296947362343,4.9155959535645835,0.029655930516225892,2.883718115067973,4.723381607562492,-0.2259316523756787,1.7613717585842126,5.625914886925694,0.4477774010421134,1.7121683530530487,4.3503649584162005,0.04611520734693403,-1.6877884203317388,0.19221434600209136,0.2555875828919046,0.0,0.0,0.0,0.0,0.0,0.0
11.8667,-3.4741470210412357,-1.992403778118899,1.0,-3.581411600112915,-1.934226155281067,1.0000277757644653,0.18690456595396562,-0.18454075188806182,-0.04958505077664207,-0.9636144821257286,2.9886056671783487,-0.261220531561854,0.0,2.9731709957122803,-0.407990962266922,-0.009819472208619118,0.9314870045273906,4.8717389463107885,0.03258062328039385,2.618984989896374,4.683481036201242,-0.2228748239433972,1.5089181077604688,5.217487851936545,-0.019992943404316135,1.6521651657260001,4.606355485466123,0.026598872950082775,-1.687497985368983,0.18825791010954696,0.25545544722379104,0.0,0.0,0.0,0.0,0.0,0.0
11.8833,-3.424308446778262,-1.9961331143136662,1.0,-3.55157732963562,-1.938071846961975,0.999955415725708,0.19188976426068943,-0.17645042666414637,-0.050527622896739725,-0.9641009410512414,2.9941996714704993,-0.18646267016739332,0.0,2.976280927658081,-0.3598466217517853,-0.011741423979401588,0.9363966742583405,5.039425459289911,0.04447561979348619,2.628091837398236,4.865603883404879,-0.21001511565242892,0.18665216644725546,2.8895312231698242,-0.1153518688111728,1.2195189423506545,4.099517583893625,-0.015307580529730403,-1.6916951631398955,0.1738215758850312,0.2544907354459151,0.0,0.0,0.0,0.0,0.0,0.0
11.9,-3.3744001107398223,-1.99861567679279,1.0,-3.491711378097534,-1.9443750381469727,0.9997128248214722,0.19730796620044208,-0.1682348540950287,-0.05114688654191025,-0.9644432156079983,2.997923515189185,-0.11160016610973392,0.0,2.9915359020233154,-0.2707355320453644,-0.014851896092295647,0.7070820120748422,4.977719413729718,0.06436097346367659,2.401797270190798,4.812034843468945,-0.18809823173126267,0.9158758105380684,5.350037932465897,-0.18674604750862428,1.1298779399868188,4.468694047241329,-0.0659193494571854,-1.6947152581159557,0.1656845702607725,0.25245920519493925,0.0,0.0,0.0,0.0,0.0,0.0
11.9166,-3.3244574887757574,-1.9998504522195613,1.0,-3.4316656589508057,-1.9489045143127441,0.999437153339386,0.2005027500011285,-0.158044283497413,-0.05131547393595388,-0.9654985726947111,2.9997756783293417,-0.03668623316363668,0.0,3.0046095848083496,-0.18136508762836456,-0.01793491095304489,0.47865159745722125,4.909383808966883,0.0842561635941888,2.174991707976584,4.747018679737427,-0.16532663754628762,0.7851742604312838,5.367376106131332,-0.1851585320670695,1.0281151134430184,4.734001416732623,-0.10112093556383808,-1.6963401105193627,0.1623651292294561,0.24958280114047643,0.0,0.0,0.0,0.0,0.0,0.0
11.9333,-3.2744280868784386,-1.999836512632796,1.0,-3.40152645111084,-1.9505112171173096,0.9993158578872681,0.2005027500011285,-0.158044283497413,-0.05131547393595388,-0.9654985726947111,2.999754768949194,0.03835786968234216,0.0,3.0088508129119873,-0.13164624571800232,-0.016481105238199234,0.44208349866107594,5.068584511708885,0.07616262857093942,2.1408706373295363,4.919898704965342,-0.17145063944560035,0.254281140112639,2.9808733454358327,0.087162342048086,0.799665180726149,4.216445967198466,-0.04553627065563087,-1.6987871386684605,0.1486858067435429,0.24761326801653977,0.0,0.0,0.0,0.0,0.0,0.0
11.95,-3.2244561414425124,-1.9985727721137017,1.0,-3.341135025024414,-1.9522610902786255,0.9990622997283936,0.20225001082642038,-0.14770313274678007,-0.05132584206068751,-0.9667701431142848,2.9978591581705523,0.11331578783623124,0.0,3.0196447372436523,-0.03926170989871025,-0.019133590161800385,0.20335612517118268,4.975477807112482,0.09337657705735408,1.9026186949701578,4.8334296405284665,-0.1514867390268382,0.6478121512176974,5.544584439301148,-0.15919251531064876,0.7548353909137965,4.608536719281542,-0.07908967143557508,-1.6992625697989752,0.1420481665840155,0.2448633160841923,0.0,0.0,0.0,0.0,0.0,0.0
11.9666,-3.1745442373572366,-1.9960613346337137,1.0,-3.280658483505249,-1.9522567987442017,0.9988023042678833,0.206141165931628,-0.1398542410524297,-0.05064807858978387,-0.9671511927716717,2.9940920019505706,0.1881836439641451,0.0,3.0194177627563477,0.05375463888049126,-0.02481013908982277,0.018757671111200636,4.872742168565678,0.12877574937901498,1.7196297557086053,4.731685462130307,-0.11162480284694626,-0.013625889189459974,5.584021694791533,-0.3407785059470136,0.5279715754372472,4.896517713528264,-0.15634499841431257,-1.7008720845974048,0.14105670643537152,0.24040055222596124,0.0,0.0,0.0,0.0,0.0,0.0
11.9833,-3.124618039647458,-1.9922954519806793,1.0,-3.2504289150238037,-1.9515764713287354,0.9986408948898315,0.20879893566201288,-0.13134752134652125,-0.04981605765333026,-0.9678167336565073,2.988443177971019,0.26307294052881275,0.0,3.0237197875976562,0.09842018038034439,-0.025057116523385048,-0.052698285044102275,5.060359590202121,0.13111003108251224,1.647874418357564,4.932958086552944,-0.10536044707523809,0.2577419723460176,2.675992163395612,-0.01479685803765284,0.4481948574694239,4.240977985360608,-0.11455740022179933,-1.7005727034016662,0.12740150364917704,0.23647047815775032,0.0,0.0,0.0,0.0,0.0,0.0
12.0,-3.074894856995894,-1.98729154242479,1.0,-3.1899354457855225,-1.9488312005996704,0.9984012246131897,0.21054589882518715,-0.12193821897721793,-0.04943058257684966,-0.9686889205395918,2.9809373136371846,0.3376577145061593,0.0,3.0180935859680176,0.19475746154785156,-0.02244693972170353,-0.22778839154094732,4.929238233037876,0.11670058972232594,1.4742604472717515,4.807002106789905,-0.11720643004447834,-0.3377270190202224,5.782889581812717,0.15668248107280353,0.2161763548026751,4.696178471000771,-0.03448242966292916,-1.7020488388126989,0.12223612624797163,0.23390701976680428,0.0,0.0,0.0,0.0,0.0,0.0
12.0166,-3.0252987595866214,-1.9810449839706699,1.0,-3.1295862197875977,-1.9442009925842285,0.9981169700622559,0.21254683099495397,-0.11297707195066503,-0.04872175687859346,-0.9693741440026818,2.9715674759560047,0.4120518606200678,0.0,3.0176749229431152,0.2865898311138153,-0.02349109947681427,-0.4451146761950209,4.818021997745519,0.12444957065441825,1.2567571218379752,4.695915496072828,-0.1066278488553524,-0.025126994347857194,5.511524289904844,-0.06266757440795592,0.14493919569922092,4.93688345926586,-0.04280319954707533,-1.701871798032996,0.12210650167269024,0.23107741950977065,0.0,0.0,0.0,0.0,0.0,0.0
12.0333,-2.975862974717716,-1.9735590157989074,1.0,-3.099449872970581,-1.941214680671692,0.9980137944221497,0.21254683099495397,-0.11297707195066503,-0.04872175687859346,-0.9693741440026818,2.9603385236983613,0.4862055379234256,0.0,3.010133981704712,0.3331282138824463,-0.022099658846855164,-0.4799162883328676,4.9888295461255225,0.11668301186464985,1.2218765813041306,4.87877314428699,-0.11219818127258335,-0.45245690580072956,2.792305629068021,0.08348651741649381,-0.03142305240114428,4.303764886161269,-0.005520166832715168,-1.7017928696369982,0.11005640183853269,0.2288811931372332,0.0,0.0,0.0,0.0,0.0,0.0
12.05,-2.9266213381742276,-1.9648380022009946,1.0,-3.039384603500366,-1.9338890314102173,0.9977657198905945,0.21385296183030658,-0.10483961132127269,-0.047868451783641894,-0.9700434359570348,2.947257003301492,0.5600679927386585,0.0,3.0025901794433594,0.4223504066467285,-0.02682841196656227,-0.6761743321481852,4.883509644602327,0.14637040793875938,1.0254018742461661,4.779636099299736,-0.07863037100658676,-0.4524538122747812,5.351269804953383,-0.2836159143882629,-0.15571902812693467,4.613007484013044,-0.08761911442025998,-1.7015762063943514,0.10387354530259048,0.22500077894534615,0.0,0.0,0.0,0.0,0.0,0.0
12.0667,-2.8775879691093404,-1.9548831361896875,1.0,-3.009425401687622,-1.9295754432678223,0.9976595640182495,0.21535029711228493,-0.09615533221094393,-0.04711739494317769,-0.9706484118205602,2.932324704284531,0.6336180463359893,0.0,2.9960379600524902,0.4674406051635742,-0.025574706494808197,-0.7392102568328641,5.0596546318010205,0.1394570224966128,0.9605435342094696,4.972922730275267,-0.0824432197457331,-0.392863779966549,2.7035581032979286,0.07517078431232399,-0.2257284932952323,4.049303126767928,-0.039560560913760937,-1.6997537910423337,0.08673190152575287,0.2219002422423459,0.0,0.0,0.0,0.0,0.0,0.0
12.0833,-2.8288641466364997,-1.9437157733772308,1.0,-2.949747085571289,-1.9195897579193115,0.9974309802055359,0.21530214960621727,-0.08747286541510113,-0.046460030546953364,-0.9715117057186088,2.915573660065846,0.7067037800452504,0.0,2.9833922386169434,0.5587382316589355,-0.027464210987091064,-0.9262289520758541,4.9307630767312265,0.1520225852753026,0.7723823538317,4.853394937355296,-0.06624323992431688,-0.758895995192514,5.478960095005079,-0.11339308709275872,-0.3831292848513991,4.4713639944193675,-0.06135727211954739,-1.698611305907554,0.07736813937592998,0.21826582519961948,0.0,0.0,0.0,0.0,0.0,0.0
12.1,-2.780444303202471,-1.9313368111039655,1.0,-2.8902459144592285,-1.9078251123428345,0.9973321557044983,0.21564569383678564,-0.07963790852253967,-0.0462801899443574,-0.972117735253347,2.8970052166559483,0.7793335451962935,0.0,2.9766292572021484,0.6493209600448608,-0.016819600015878677,-1.1595840322039306,4.79787257864375,0.08873791912649948,0.535166621665969,4.723976471502799,-0.1298932109357164,-0.40601159378801976,5.438080583983396,0.6390429310098046,-0.389884560682053,4.756756400870223,0.145413669444515,-1.6947506538698995,0.07389610714095092,0.21863113006221588,0.0,0.0,0.0,0.0,0.0,0.0
12.1166,-2.7323632886128237,-1.9177561273231671,1.0,-2.8310272693634033,-1.8941673040390015,0.9974628686904907,0.21789546626851686,-0.07263717473926645,-0.04638943457569756,-0.9721592077522817,2.876634190984751,0.8514550670807641,0.0,2.9616498947143555,0.7441240549087524,-0.009177831932902336,-1.3541614129039137,4.63044815915825,0.0423182464933643,0.3363871638190823,4.553665481614273,-0.17875069157131962,-0.8995089266539723,5.692914513150171,0.4588872598322047,-0.5403349882021904,5.033127386292697,0.2379568028564269,-1.690548576722996,0.07678267754397655,0.22106893806468392,0.0,0.0,0.0,0.0,0.0,0.0
12.1333,-2.684582065995812,-1.9029610522829987,1.0,-2.8015382289886475,-1.8867039680480957,0.9975773692131042,0.21789546626851686,-0.07263717473926645,-0.04638943457569756,-0.9721592077522817,2.854441578424498,0.9231269010062811,0.0,2.952066659927368,0.7830207943916321,-0.0059661706909537315,-1.4439143036225026,4.8301974192908,0.02255656998796779,0.23912982096808166,4.76498793787291,-0.20108348304409535,-0.574715108880596,2.332672042780137,0.19260617958149245,-0.5504846282108572,4.235903611178124,0.2245684699673465,-1.6830441245905843,0.06520948141789033,0.22364005303206314,0.0,0.0,0.0,0.0,0.0,0.0
12.15,-2.6372363908561365,-1.8869934812803673,1.0,-2.742988109588623,-1.8705934286117554,0.9979181885719299,0.2199791537753348,-0.058835146059873555,-0.0478556391416946,-0.9725521006741003,2.830490221920551,0.9941454137157952,0.0,2.924386978149414,0.8682323098182678,-0.008931857533752918,-1.582333126464887,4.708124395437152,0.03871593627910214,0.09681554617925348,4.649217913874581,-0.1855153547899064,-1.6620188109315277,5.116501796630066,-0.17807384346413183,-0.8786298350724655,4.495872290701587,0.10570109972704492,-1.6791486726441405,0.058906481562571264,0.22423129106900855,0.0,0.0,0.0,0.0,0.0,0.0
12.1666,-2.590234161662921,-1.8698215034408134,1.0,-2.7139110565185547,-1.8619178533554077,0.9980767965316772,0.2199791537753348,-0.058835146059873555,-0.0478556391416946,-0.9725521006741003,2.80473225516122,1.0646487575056183,0.0,2.9141807556152344,0.9087979197502136,-0.004763919860124588,-1.68970932421505,4.891463998310505,0.012979443187687123,-0.018981899873589114,4.850353319775177,-0.2129066385637875,-0.6117438586964288,2.43143461423039,0.24981919282407078,-0.7998402168242743,3.8864125557428295,0.14824739493505157,-1.670727424341461,0.0411106785353285,0.22588608175147462,0.0,0.0,0.0,0.0,0.0,0.0
12.1833,-2.5437318813521026,-1.8515016966551152,1.0,-2.6561498641967773,-1.8431739807128906,0.9985459446907043,0.2163016989971456,-0.04520651478361053,-0.04950484532392585,-0.9740222670438573,2.777252544982673,1.1344021779718458,0.0,2.8844711780548096,1.0065535306930542,0.001534854993224144,-1.8353819030858094,4.679972219373593,-0.027110496983839327,-0.16991853017755232,4.6453893401718735,-0.256295164737114,-1.7832651192077622,5.867608546323592,0.37807287790864075,-1.0901652226064695,4.4712978235725895,0.21609607815579024,-1.665463372908257,0.03458287920171953,0.2291846677532747,0.0,0.0,0.0,0.0,0.0,0.0
12.2,-2.4976429390230925,-1.831999767112567,1.0,-2.627469062805176,-1.833088994026184,0.9988211393356323,0.21686520763009232,-0.03864548853413935,-0.04958167902876123,-0.9741753865444973,2.7479996506688504,1.2035355914653607,0.0,2.8758914470672607,1.0497242212295532,0.007421121001243591,-1.9739144890351537,4.8389721008284114,-0.06376473383837039,-0.3198870808948511,4.821250827492038,-0.2974710743629466,-0.5142987809235254,2.5878006602735417,0.35284316448957426,-0.9201589235935351,3.9152550352516684,0.2564663174433375,-1.6540274081403026,0.017721273336373734,0.2337063405245762,0.0,0.0,0.0,0.0,0.0,0.0
12.2166,-2.4521030168165927,-1.8113726027265833,1.0,-2.570544719696045,-1.8116990327835083,0.9996371865272522,0.21858461992523062,-0.030663918560676656,-0.04826686594261533,-0.9741410790098095,2.7170589040898747,1.271845474775111,0.0,2.8412797451019287,1.1327022314071655,0.017560364678502083,-2.1093019138443743,4.700743675264632,-0.12866833964615582,-0.46256468120378624,4.693839775267478,-0.36946664094612913,-2.076971500515051,4.979326427835642,0.6084335342866545,-1.261671140001382,4.2293883589613674,0.3603734729541628,-1.646737232640588,0.006903899997153667,0.24079830129997334,0.0,0.0,0.0,0.0,0.0,0.0
12.2333,-2.4071319366695016,-1.7896330968900986,1.0,-2.514324426651001,-1.7887859344482422,1.000562310218811,0.21778699081716194,-0.022039092848528577,-0.04779802439978018,-0.9745761187801391,2.684449645335148,1.3393020949957473,0.0,2.8072140216827393,1.2121798992156982,0.01985562965273857,-2.256209574303535,4.5738214355050735,-0.14708427069128222,-0.6148799727375962,4.573956463226982,-0.39435462962893575,-2.0462285362395636,4.7739914359774875,0.13786986498775544,-1.4932868231585412,4.3901651413069205,0.29468634106148645,-1.6413296015659389,-0.0001350277219082912,0.24727035893765353,0.0,0.0,0.0,0.0,0.0,0.0
12.25,-2.362652704115577,-1.7667427789291117,1.0,-2.486524820327759,-1.7767201662063599,1.0010566711425781,0.21778699081716194,-0.022039092848528577,-0.04779802439978018,-0.9745761187801391,2.6501141683936673,1.4060209438266345,0.0,2.786384105682373,1.2537862062454224,0.01964547298848629,-2.3518572788050323,4.7272826114128845,-0.14833037932841536,-0.720209421872354,4.744554358515337,-0.40086493292891584,-1.24902784925945,2.4948461714416426,-0.012601660340538686,-1.421177109607731,3.830632339613978,0.20396930657555948,-1.6316478569326782,-0.01727174710245323,0.2525345536005005,0.0,0.0,0.0,0.0,0.0,0.0
12.2667,-2.3186950508772717,-1.742710703710527,1.0,-2.4314076900482178,-1.7513694763183594,1.0020513534545898,0.21764107842761723,-0.01445980400739025,-0.04772666978525122,-0.9747540206277034,2.6140660555657904,1.4719574236840924,0.0,2.746763229370117,1.3349609375,0.021965011954307556,-2.483240364142304,4.575332472520221,-0.16728954490010212,-0.8581586512100188,4.603654299111186,-0.42515582551214604,-2.3723340471092076,4.860406852248394,0.13888439061384725,-1.70197602237739,4.134640597499602,0.18475504979080565,-1.6250817129322854,-0.02832182659096539,0.2578662806120439,0.0,0.0,0.0,0.0,0.0,0.0
12.2833,-2.2755189753169756,-1.7176840891340934,1.0,-2.3770906925201416,-1.724449634552002,1.0031191110610962,0.2186182531103423,-0.00562595100005239,-0.047272411052000814,-0.9746485692127292,2.5765261337011403,1.5367215370245368,0.0,2.701267719268799,1.4120619297027588,0.022436654195189476,-2.586668192987913,4.435647710531998,-0.17556194544973097,-0.9646334342510989,4.471246539566346,-0.43826593950635623,-2.7352894800968994,4.6354801255679945,0.02835616211315454,-2.0070290415353824,4.282497580305297,0.13858323955975188,-1.6220347587368142,-0.0355988290343478,0.26270399405662526,0.0,0.0,0.0,0.0,0.0,0.0
12.3,-2.2328767175882325,-1.691522361701061,1.0,-2.3236138820648193,-1.6959350109100342,1.0042575597763062,0.21685193137281136,0.003225846028038978,-0.04658685041412264,-0.9750869807309395,2.5372835425515916,1.600684923617651,0.0,2.64829683303833,1.495479702949524,0.023990565910935402,-2.652903007888416,4.248366614267028,-0.19071966920144406,-1.029491858361857,4.285648494550749,-0.458351724687112,-3.1762115796997854,5.001851322373124,0.0931748123659757,-2.3521930965947244,4.4948639529882675,0.12517784189731537,-1.6234111495265588,-0.037281880283720446,0.26763205548566793,0.0,0.0,0.0,0.0,0.0,0.0
12.3166,-2.190966440918295,-1.6643450858612727,1.0,-2.2972469329833984,-1.6810680627822876,1.0048308372497559,0.21660734267419052,0.009041363015981284,-0.04624111981578776,-0.9751211618250818,2.496517628791909,1.663550338622557,0.0,2.6226003170013428,1.5342596769332886,0.023164255544543266,-2.7581313380305463,4.393560461248917,-0.18878905857498468,-1.1403206822363947,4.443336461785807,-0.4606579079701283,-1.5433599679239338,2.3291663086748575,-0.049629075736747144,-2.113410773522527,3.8555104247382848,0.0735716447694267,-1.6178106557941516,-0.04977600053689051,0.2718688493951436,0.0,0.0,0.0,0.0,0.0,0.0
12.3333,-2.149725710230114,-1.6361140113984676,1.0,-2.2452476024627686,-1.6501762866973877,1.0060456991195679,0.215944193623008,0.017487728434822113,-0.04595072802954763,-0.9751671018899587,2.4541710170977016,1.7254114346548288,0.0,2.568474054336548,1.6117925643920898,0.02410127781331539,-2.832446705850362,4.2229405608409,-0.20068694104686985,-1.2156063981118386,4.279808887301395,-0.47692885407056645,-3.2489266701013224,4.6539083519377185,0.05624472279466484,-2.448635820642046,4.091212085606213,0.06845642070878077,-1.6168403077385236,-0.05686832646049454,0.2762419130236966,0.0,0.0,0.0,0.0,0.0,0.0
12.35,-2.10917510778125,-1.606840401555862,1.0,-2.2195889949798584,-1.6341757774353027,1.0066252946853638,0.215944193623008,0.017487728434822113,-0.04595072802954763,-0.9751671018899587,2.4102606023337927,1.786237338328124,0.0,2.5491485595703125,1.6448601484298706,0.024460723623633385,-2.994894429297974,4.3904460593676795,-0.20596249038949738,-1.388603499080797,4.465434992179104,-0.486537053814202,-1.1592488773204428,1.9835745545035897,0.021561525700065788,-2.0679852281381796,3.468998963972722,0.05461219057838335,-1.606290930217177,-0.0749889328114246,0.2805745634247046,0.0,0.0,0.0,0.0,0.0,0.0
12.3666,-2.069390018136353,-1.5765782798635641,1.0,-2.16902494430542,-1.6010751724243164,1.0079530477523804,0.2114876806918752,0.024625708161915002,-0.04564705998602668,-0.9760035903923544,2.3648674197953463,1.8459149727954705,0.0,2.4897756576538086,1.7257500886917114,0.03293958678841591,-3.052767240700725,4.18129820438314,-0.26373946399833587,-1.4504062727811333,4.266061541628763,-0.5515271645629058,-3.5633460206622214,4.854720544887388,0.5088705847737744,-2.509443065624094,3.878089302255291,0.1887175712757291,-1.6023609679195916,-0.08476333724562271,0.28778770056457004,0.0,0.0,0.0,0.0,0.0,0.0
12.3833,-2.0303310903626914,-1.54529636636485,1.0,-2.1195504665374756,-1.5664501190185547,1.0094232559204102,0.2082629831654582,0.031020143724290825,-0.044969127927728975,-0.9765459781858412,2.317944549547275,1.9045033644559626,0.0,2.4319846630096436,1.7950159311294556,0.039788927882909775,-3.126030397135636,4.030486399974722,-0.3125009651849541,-1.5239551801271691,4.12217426719837,-0.6092519985137828,-3.464093293127349,4.1519157389278725,0.4105614844297086,-2.7912732614510634,3.9589278712376377,0.2542099492021713,-1.602075217008467,-0.09168786722364917,0.2967510333288286,0.0,0.0,0.0,0.0,0.0,0.0
12.4,-1.9921016567037646,-1.5130769721342545,1.0,-2.0952718257904053,-1.5486228466033936,1.0102022886276245,0.20814115769983746,0.03803036581683505,-0.04422999864539343,-0.976357876800937,2.2696154582013817,1.9618475149443528,0.0,2.3956587314605713,1.833364486694336,0.036884404718875885,-3.2125921897046554,4.144519346825888,-0.2993090511055971,-1.6163021037620486,4.251201326194861,-0.603067046478069,-2.1796515121169637,2.3010142771308404,-0.17427903529226632,-2.610711342100057,3.4694814756574095,0.12771216925024137,-1.5962900859426068,-0.1066819793689738,0.30375799537247195,0.0,0.0,0.0,0.0,0.0,0.0
12.4167,-1.954657766682704,-1.4798831964897874,1.0,-2.0476768016815186,-1.511914849281311,1.0116938352584839,0.20841977471027479,0.04503995043829556,-0.043450492682184434,-0.9760351583818891,2.219824794734681,2.0180133499759436,0.0,2.331845283508301,1.89777672290802,0.038740240037441254,-3.2619081706484363,4.003318185280163,-0.31829194717569637,-1.6659960940559126,4.122029193660352,-0.629313634870019,-3.8253083508410866,3.8612028183910017,0.11124837428003831,-2.9692825789389112,3.5851247757390983,0.12285175605718884,-1.5959120765925237,-0.11871100838018919,0.3110216876943227,0.0,0.0,0.0,0.0,0.0,0.0
12.4333,-1.9181273716435034,-1.4458312622844716,1.0,-2.001338243484497,-1.4739545583724976,1.0131428241729736,0.20478412960580836,0.050280990075966196,-0.04287076278091709,-0.976574343014889,2.1687468934267073,2.0728089425347447,0.0,2.267857313156128,1.9603395462036133,0.030918210744857788,-3.3142969594977907,3.8610242629586047,-0.27904222688415986,-1.7152067453941486,3.9894874351707905,-0.5941854165085834,-3.8443963788460436,3.758773563284249,-0.4699474123359881,-3.2276321676084114,3.636389071696959,-0.05215339336937852,-1.599090214103642,-0.12846317221218567,0.3151431896244235,0.0,0.0,0.0,0.0,0.0,0.0
12.45,-1.8824156878343816,-1.4108347592478472,1.0,-1.956304669380188,-1.4345747232437134,1.014553189277649,0.200709114142328,0.05542887464171563,-0.04213116988324787,-0.9771737554944109,2.1162521388717708,2.126376468248427,0.0,2.1934518814086914,2.035198211669922,0.02952410653233528,-3.3085620840718977,3.6330143204791,-0.2782145607370285,-1.7004880663693989,3.7644919917806274,-0.5973581314520822,-4.464074725714858,4.491267218813029,-0.0836415465104636,-3.5926526099030744,3.8887647258043656,-0.061449271702944785,-1.6080740177024988,-0.13147767130152765,0.3191435707150537,0.0,0.0,0.0,0.0,0.0,0.0
12.4666,-1.8475855969278732,-1.3749517816085908,1.0,-1.934321641921997,-1.4143263101577759,1.0152283906936646,0.200709114142328,0.05542887464171563,-0.04213116988324787,-0.9771737554944109,2.0624276724128863,2.17862160460819,0.0,2.162050247192383,2.0730104446411133,0.025815656408667564,-3.4557858034156856,3.7177041335682977,-0.2598475013985126,-1.8499178206829452,3.8593196493788073,-0.5820830525636639,-1.8840189963952623,2.268638782399725,-0.2224976710462322,-3.088232737557936,3.410473935377118,-0.10899370275937995,-1.6058679827327405,-0.14161551581050974,0.3222355511651513,0.0,0.0,0.0,0.0,0.0,0.0
12.4833,-1.8136558703920331,-1.33820070556697,1.0,-1.891309142112732,-1.3728636503219604,1.0166255235671997,0.20008642079735986,0.06170904482942235,-0.040806958049884094,-0.9769811865435646,2.007301058350455,2.22951619441195,0.0,2.094036102294922,2.1362698078155518,0.023869043216109276,-3.4989214459858498,3.5378456825175926,-0.2557079714525958,-1.890899608858774,3.686015720616437,-0.5809241081902639,-4.07863546030339,3.7935032812432983,-0.11673344723560614,-3.38061772344845,3.523551199115133,-0.11127861679233458,-1.6080218371270758,-0.14817003809884463,0.325216136737668,0.0,0.0,0.0,0.0,0.0,0.0
12.5002,-1.7803000313783748,-1.3001969102299205,1.0,-1.8495924472808838,-1.3301761150360107,1.0179961919784546,0.1972978009074169,0.06658848558029376,-0.03942466785927227,-0.9772846859996915,1.9502953653448807,2.2795499529324377,0.0,2.0230369567871094,2.197450637817383,0.025450007990002632,-3.5306477571148185,3.3625412996219355,-0.27265373667349196,-1.916925243056491,3.5146947256636962,-0.6019921488577266,-4.2124679954168025,3.629935071364916,0.09380061498309593,-3.626195127919093,3.5549576626398958,-0.05073547922615518,-1.6137225140583276,-0.1521534260417608,0.3293384121842346,0.0,0.0,0.0,0.0,0.0,0.0
12.5166,-1.7486498222225058,-1.2622648794566604,1.0,-1.8292996883392334,-1.3083425760269165,1.018678903579712,0.19096038476272023,0.06984602077005682,-0.03845748197964429,-0.978354120133807,1.8933973191849907,2.327025266666241,0.0,1.9826549291610718,2.2313578128814697,0.0231747105717659,-3.642841499658702,3.4398542979871487,-0.2630306936150237,-2.0315488580937213,3.6024552431373196,-0.5960103430775441,-2.452250647902822,2.0590568851438418,-0.13817036677091024,-3.2796252605884457,3.113340411720641,-0.07654785612496376,-1.611292641564981,-0.16260094515017104,0.3329796494625204,0.0,0.0,0.0,0.0,0.0,0.0
12.5333,-1.7175826003584296,-1.223092463108007,1.0,-1.7897846698760986,-1.2636984586715698,1.0200728178024292,0.18703212462575483,0.0749596399479669,-0.03779383770299174,-0.9787603314597549,1.8346386946620103,2.3736260994623555,0.0,1.9088948965072632,2.291353702545166,0.027809709310531616,-3.66376983031395,3.2446643293171515,-0.29847939830718134,-2.049535607923393,3.413538627786836,-0.6371689168089554,-4.4252896581318835,3.5994993563152624,0.27808029967100556,-3.6178463306824695,3.256863417959769,0.028144857200131303,-1.6142342223905566,-0.16887429846968427,0.3386895185017741,0.0,0.0,0.0,0.0,0.0,0.0
12.55,-1.6875207533020193,-1.1831782109928806,1.0,-1.7517856359481812,-1.217858076095581,1.0214227437973022,0.18322032149958103,0.0804796969911357,-0.03700341570601849,-0.9790730610757058,1.7747673164893207,2.4187188700469706,0.0,1.8344297409057617,2.3469831943511963,0.0213854368776083,-3.6824618651069545,3.062583907551217,-0.26739702478069377,-2.061430982326983,3.2352286836264494,-0.6095152585321962,-4.470791583166332,3.339922702547953,-0.38570500375751504,-3.869651358965869,3.2813840368904925,-0.09403118591641407,-1.6210308827799718,-0.17264477607523243,0.34211823375150247,0.0,0.0,0.0,0.0,0.0,0.0
12.5666,-1.658414367628249,-1.1424520171939998,1.0,-1.7333203554153442,-1.1945312023162842,1.02207612991333,0.18322032149958103,0.0804796969911357,-0.03700341570601849,-0.9790730610757058,1.7136780257909998,2.4623784485576263,0.0,1.7946065664291382,2.3765900135040283,0.02025459334254265,-3.8210923831101224,3.1431322184209587,-0.2646157013237644,-2.2030198329674953,3.325988583478881,-0.610280804978022,-2.386354544675258,1.7741520701774438,-0.0677644021273252,-3.4317550283544387,2.8364216118079946,-0.08627675124940055,-1.6180725501426272,-0.18285636505792238,0.3456651036542575,0.0,0.0,0.0,0.0,0.0,0.0
12.5833,-1.6303942389780948,-1.10109790789124,1.0,-1.697587013244629,-1.1470096111297607,1.0232669115066528,0.1781632633923726,0.08418270329623466,-0.03614610666045842,-0.9797268008429583,1.65164686183686,2.5044086415328577,0.0,1.715194582939148,2.429060220718384,0.01030919048935175,-3.8173001299379914,2.9573723619413896,-0.21167193415341673,-2.1956695033910067,3.147232018320841,-0.5578221847113229,-4.7697727370365595,3.151551603156191,-0.5973570902428721,-3.8267623116440133,2.929453745058401,-0.237157008617121,-1.6216306265469849,-0.18985965637945137,0.34615025055790616,0.0,0.0,0.0,0.0,0.0,0.0
12.6,-1.6033720933378826,-1.0589871322803321,1.0,-1.6802868843078613,-1.122890830039978,1.023820161819458,0.17326120295474098,0.08688364457038483,-0.03494951548438556,-0.9804133308583522,1.5884806984204982,2.544941859993176,0.0,1.6741032600402832,2.454359292984009,0.00707507599145174,-3.9606560883601634,3.045053788995678,-0.19582807128371543,-2.344559982581908,3.248255827872364,-0.5424182886895811,-2.4637195339861337,1.516860839110857,-0.19390836073189907,-3.4243671705958256,2.5124305004841188,-0.22438921728204567,-1.6160961057782552,-0.2032020388766858,0.34659021740586565,0.0,0.0,0.0,0.0,0.0,0.0
12.6166,-1.5774372709126223,-1.0162566823195043,1.0,-1.6469613313674927,-1.0738658905029297,1.0247764587402344,0.16902655366834757,0.09118838406585185,-0.03392425124750958,-0.9807976258230746,1.5243850234792564,2.5838440936310665,0.0,1.5881422758102417,2.504211664199829,-0.004229473881423473,-3.9236127013338153,2.852696990967918,-0.13360799604869728,-2.304266411477986,3.0654296920686104,-0.4776528698600735,-5.158549497088407,2.9916586782653485,-0.6783900927131472,-3.9363294899819667,2.6539074176824915,-0.35841857373336083,-1.619346289855829,-0.2127327011006923,0.3440448738113762,0.0,0.0,0.0,0.0,0.0,0.0
12.6333,-1.5525864094947002,-0.9729058246908471,1.0,-1.615252137184143,-1.023875117301941,1.0255720615386963,0.16496756717819153,0.09645277042341949,-0.033298581281365376,-0.9810065477511432,1.4593587370362706,2.6211203857579495,0.0,1.5070327520370483,2.549072265625,-0.006017277482897043,-3.916275623901572,2.6773010682109195,-0.12771104095362945,-2.2890983678014525,2.8975571753959404,-0.4701529924701302,-4.869710850271972,2.6933724592041224,-0.10733741478492699,-4.211880727464784,2.6655582192639775,-0.2842948264631511,-1.6271772561001192,-0.22025610718502084,0.34244195151650075,0.0,0.0,0.0,0.0,0.0,0.0
12.65,-1.5288013951184267,-0.928900157210434,1.0,-1.6000171899795532,-0.998481273651123,1.0259473323822021,0.16496756717819153,0.09645277042341949,-0.033298581281365376,-0.9810065477511432,1.3933502358156509,2.6567979073223595,0.0,1.4645973443984985,2.5803046226501465,-0.011630876921117306,-4.067292693724723,2.6991786046145245,-0.09677107997596751,-2.4428030060045822,2.929379088500155,-0.4368721346353299,-2.5450346750554087,1.8731393436762709,-0.3366718035050404,-3.7197973069301744,2.4316216837142504,-0.2997574674087743,-1.6244896877201407,-0.23020048388563055,0.3401010546593624,0.0,0.0,0.0,0.0,0.0,0.0
12.6666,-1.5061234166358834,-0.8843114856530385,1.0,-1.570746660232544,-0.9469720721244812,1.0266424417495728,0.16040536048770554,0.09997791175944641,-0.03300275255166738,-0.9814201347755804,1.3264672284795578,2.6908148750461747,0.0,1.3852342367172241,2.6253039836883545,-0.013145117089152336,-4.07532250697457,2.4994021430831928,-0.09204987614642052,-2.4486078055116107,2.7364773696587656,-0.43056940767388135,-4.758523580118079,2.698111589209898,-0.09079215464311752,-4.026448288147447,2.510294374599345,-0.23806708770623747,-1.626714701462959,-0.23707522657557284,0.33851953152746084,0.0,0.0,0.0,0.0,0.0,0.0
12.6833,-1.484598317906358,-0.8392358027703392,1.0,-1.5431381464004517,-0.8945363759994507,1.0272657871246338,0.15638283628986746,0.10235765716945112,-0.03264897190526696,-0.9818357869955949,1.2588537041555088,2.723102523140463,0.0,1.298937201499939,2.6680896282196045,-0.01985619217157364,-4.041095289423458,2.299114577361997,-0.055808114138772014,-2.406304006261352,2.5405231614972372,-0.3913989760398066,-5.182942894782061,2.569677530213643,-0.4030627335829658,-4.367866633914882,2.527825367515328,-0.2867768180853434,-1.634791283162106,-0.24140858413524002,0.3355908619010346,0.0,0.0,0.0,0.0,0.0,0.0
12.7,-1.4641060340576217,-0.7934061669891196,1.0,-1.5299415588378906,-0.8680243492126465,1.0275336503982544,0.15200152387319021,0.10449538747277218,-0.032273317044489304,-0.9823109084188582,1.1901092504836794,2.753840948913567,0.0,1.2567062377929688,2.6884186267852783,-0.022354234009981155,-4.208703137282381,2.3562917975900723,-0.0430811419912675,-2.5773004873280767,2.607099000057928,-0.37609776954617363,-2.5223858280050697,1.2142175640459678,-0.1492039200119619,-3.8230469691411653,2.1400243343978422,-0.24616278407845094,-1.6314026499543042,-0.25080720246785565,0.33301662755490613,0.0,0.0,0.0,0.0,0.0,0.0
12.7167,-1.444866961937004,-0.7473161386502765,1.0,-1.5048680305480957,-0.8143477439880371,1.027951955795288,0.14703380127975668,0.10815771680070206,-0.03222653404264223,-0.9826721069105966,1.1209742079754146,2.7826995570944937,0.0,1.1704044342041016,2.731297016143799,-0.03406885266304016,-4.177164077458913,2.1316533684031884,0.024184551524042475,-2.5423374297861043,2.387654042723539,-0.30315287910217803,-5.185011172864264,2.5761330430298517,-0.7038141275855154,-4.225123695450115,2.2687715961850783,-0.38126982542740595,-1.634826647672809,-0.25600067432035023,0.3273374306262205,0.0,0.0,0.0,0.0,0.0,0.0
12.7333,-1.4267912818777615,-0.7007774956081574,1.0,-1.4814183712005615,-0.7598885297775269,1.0282411575317383,0.14220401478478717,0.11068527384261251,-0.03240877701560334,-0.983095345563343,1.051166243412236,2.8098130771833576,0.0,1.0833683013916016,2.7690834999084473,-0.031745392829179764,-4.1404257577016645,1.924284923730546,0.007857409334731058,-2.497031413633204,2.1830582064684045,-0.3162386709611878,-5.227706892354399,2.2695937334421674,0.13955545352350676,-4.52110457994155,2.2690143061300265,-0.22751268367061397,-1.6433943440684606,-0.25877328273785843,0.32409608029591885,0.0,0.0,0.0,0.0,0.0,0.0
12.751,-1.4088631721561806,-0.6508467549068807,1.0,-1.4703731536865234,-0.7323415875434875,1.0283756256103516,0.14220401478478717,0.11068527384261251,-0.03240877701560334,-0.983095345563343,0.9762701323603211,2.8367052417657286,0.0,1.0412309169769287,2.7917675971984863,-0.03669651970267296,-4.341814308553751,1.9505491121666678,0.035888377334897525,-2.702878147013215,2.215024243004005,-0.2842692387618623,-2.38312073568674,1.2829211725681615,-0.2800157931285564,-3.889932672009254,1.9779015897352434,-0.24301256121084772,-1.6389361615405356,-0.264475130837337,0.3201576160967598,0.0,0.0,0.0,0.0,0.0,0.0
12.7667,-1.3941030699778902,-0.6062647046730477,1.0,-1.4495599269866943,-0.6766619682312012,1.028624415397644,0.13443345169130524,0.11355763556927959,-0.032362457629089875,-0.9838622917656957,0.9093970570095715,2.8588453950331645,0.0,0.9506640434265137,2.828463315963745,-0.03421849384903908,-4.262259390837943,1.7085200810301613,0.01888024523593229,-2.6178726043332077,1.9746070444222055,-0.2992800419282661,-5.786479199354122,2.344554968239219,0.1583254946913035,-4.4498278711069155,2.0861443685953605,-0.12453023163183674,-1.6443867865047352,-0.26608696339204424,0.3181602871641984,0.0,0.0,0.0,0.0,0.0,0.0
12.7833,-1.3795597836196452,-0.5584884737476471,1.0,-1.4305155277252197,-0.6203171014785767,1.028840184211731,0.12979548538207644,0.1164020005932788,-0.031894121848436846,-0.9841679407110968,0.8377327106214707,2.880660324570532,0.0,0.8668644428253174,2.855041742324829,-0.03900839760899544,-4.243827473949437,1.5306287719336833,0.0455805165736774,-2.5911230323429217,1.7984908862313098,-0.2693900627164643,-5.03338106830875,1.5964198768437634,-0.28770317198911644,-4.622103440844091,1.9415687476660237,-0.1727018660270087,-1.6527044416065146,-0.2678621142976264,0.3149705792901417,0.0,0.0,0.0,0.0,0.0,0.0
12.8,-1.3661836329681354,-0.5102492122479777,1.0,-1.421623945236206,-0.5919456481933594,1.0289502143859863,0.1250325200812429,0.11797215245859381,-0.031552648081801526,-0.9846085438654296,0.7653738183719665,2.9007245505477965,0.0,0.8197351694107056,2.871384859085083,-0.04107506573200226,-4.401953729092905,1.5451191383132463,0.056464374287811536,-2.7518825629381527,1.8174609239090125,-0.2553026048830184,-2.8248495934378437,0.9795790045300599,-0.12387262064678395,-4.09152125569131,1.657571792675909,-0.15828658031175447,-1.6500711661547522,-0.2723417855957661,0.31176697917082996,0.0,0.0,0.0,0.0,0.0,0.0
12.8166,-1.354046570406996,-0.46180650694335834,1.0,-1.4051249027252197,-0.5347841382026672,1.0290684700012207,0.11784378641123786,0.12036265708645187,-0.03138574656169839,-0.9852109909180443,0.6927097604150375,2.9189301443895057,0.0,0.7395012974739075,2.896422863006592,-0.045259989798069,-4.404802963554897,1.3527492420353122,0.08001498159823767,-2.754079609612084,1.6284261861694334,-0.22772139353696924,-4.820449922649401,1.504282931301209,-0.25143018034148856,-4.306714321208062,1.6123181190531501,-0.18578427347741117,-1.6507233539428134,-0.2756769441341212,0.3077363751352069,0.0,0.0,0.0,0.0,0.0,0.0
12.8333,-1.3431106989390584,-0.4130184782709121,1.0,-1.39752995967865,-0.5060089826583862,1.0291111469268799,0.11784378641123786,0.12036265708645187,-0.03138574656169839,-0.9852109909180443,0.6195277174063681,2.935333951591412,0.0,0.6910988092422485,2.9093620777130127,-0.04641726240515709,-4.560474464920898,1.365377783203145,0.08577495914259542,-2.9181593282046308,1.6467610663226382,-0.21829507707857526,-2.9044429025150933,0.7764313714269364,-0.06944337641992618,-3.892738168322838,1.3655490731914173,-0.15143831423938806,-1.6423151367162678,-0.281383283119493,0.3040700362211707,0.0,0.0,0.0,0.0,0.0,0.0
12.85,-1.3333971664221438,-0.3639688104268658,1.0,-1.3836488723754883,-0.4481143653392792,1.0291355848312378,0.10894952569240919,0.12390635431339829,-0.031499458758980796,-0.9857916059031304,0.5459532156402986,2.9499042503667843,0.0,0.6064786314964294,2.9301934242248535,-0.05312094837427139,-4.536055935769703,1.1746277022037668,0.1249035056996331,-2.8965032122034766,1.4606356813615917,-0.17375340703377062,-5.076198887283857,1.2496317167007538,-0.40214100423347016,-4.242117403323515,1.3313281508700041,-0.22545033055678768,-1.6395527235662262,-0.28600797915782494,0.2986569127334037,0.0,0.0,0.0,0.0,0.0,0.0
12.8666,-1.3249166967232475,-0.31471565756630615,1.0,-1.3715581893920898,-0.38975563645362854,1.029068112373352,0.10427540199696958,0.12621576585286143,-0.03163302212191189,-0.9859998534816227,0.4720734863494592,2.9626249549151282,0.0,0.5137174725532532,2.9541056156158447,-0.05779409036040306,-4.459122568438845,0.9523812565712241,0.15231133818103443,-2.815379744345358,1.2400428430274186,-0.14021286377998943,-5.568861375509912,1.4355542832605739,-0.2805493183282044,-4.633796473543261,1.3620976101501276,-0.2417165588214567,-1.643742824093487,-0.28766158645619455,0.29252420196102386,0.0,0.0,0.0,0.0,0.0,0.0
12.8833,-1.3176615956708035,-0.2652064303925832,1.0,-1.3661829233169556,-0.3604452610015869,1.0290265083312988,0.09784318046781473,0.1292681262328064,-0.03168768658443049,-0.986261880438815,0.39780964558887477,2.9735076064937944,0.0,0.4704071283340454,2.9629769325256348,-0.056547801941633224,-4.65095891020059,0.9556365503176474,0.14407317886404597,-3.015321364134522,1.2469236140784625,-0.14375704607992057,-2.596209089609833,0.5317850507360298,0.0747079105330856,-4.032263435699238,1.1169741665311195,-0.14830227200368976,-1.6356375460660681,-0.29128706376081526,0.28783022494396654,0.0,0.0,0.0,0.0,0.0,0.0
12.9,-1.3116530439890939,-0.21558381785784417,1.0,-1.3567206859588623,-0.30144426226615906,1.0289727449417114,0.09192235826177894,0.13261529328137298,-0.031810966116324876,-0.9863831369219808,0.32337572678676624,2.982520434016359,0.0,0.3820746839046478,2.9813392162323,-0.06275477260351181,-4.597604353177603,0.7424279076949014,0.18061813161595636,-2.9637308806928226,1.035355936082133,-0.10092031518000194,-5.3003308297567955,1.1018168812589413,-0.37244523426323317,-4.406620107591214,1.1124994588807213,-0.21447337124708124,-1.6338734724847803,-0.2929280283872316,0.2815384467959583,0.0,0.0,0.0,0.0,0.0,0.0
12.9166,-1.3068871190518312,-0.16583438665877248,1.0,-1.3489948511123657,-0.24217505753040314,1.0288528203964233,0.08512599191275701,0.13546795794180627,-0.03207168652121319,-0.986596905737628,0.24875157998815872,2.989669321422253,0.0,0.2912248373031616,2.993969678878784,-0.06192878261208534,-4.525071782270629,0.5512747288153009,0.1753007975683954,-2.8873531135201578,0.8452417589060669,-0.10111841342255873,-5.455210018467882,0.7584143390932127,0.0495977598745902,-4.716183014937348,1.007967059710692,-0.13651474676645572,-1.6377186687504717,-0.29396703009076597,0.2764192109909541,0.0,0.0,0.0,0.0,0.0,0.0
12.9333,-1.303368989638509,-0.11603709951068486,1.0,-1.3458000421524048,-0.21244217455387115,1.0287877321243286,0.08512599191275701,0.13546795794180627,-0.03207168652121319,-0.986596905737628,0.1740556492660273,2.994946515542236,0.0,0.2518954873085022,2.9968769550323486,-0.06004037335515022,-4.742864374696775,0.5553766057678464,0.16333768948116584,-3.115252896549471,0.852284640697814,-0.10918073348070634,-2.3634484784228325,0.17470915238695628,0.11348161069402259,-4.021612777533305,0.7619740955550129,-0.0627112527230047,-1.6276114781473037,-0.29690803492996753,0.2725184229618722,0.0,0.0,0.0,0.0,0.0,0.0
12.95,-1.3010895877783282,-0.0660088169246099,1.0,-1.340753436088562,-0.15288874506950378,1.0286993980407715,0.07729331621837118,0.13688118391922507,-0.03239339341589691,-0.9870359494585661,0.09901322538691484,2.9983656183325076,0.0,0.15702669322490692,3.0074667930603027,-0.06518436223268509,-4.642208639830326,0.35361328639400913,0.19368501896734186,-3.0160303429741107,0.6520865743819498,-0.07335555424656948,-5.68245976379527,0.6343110933394265,-0.30811511945904263,-4.511925164092963,0.7242856439339664,-0.13515895956511853,-1.626178296856215,-0.2984732879879407,0.26704057321391134,0.0,0.0,0.0,0.0,0.0,0.0
12.9666,-1.3000642353716412,-0.01602926574682778,1.0,-1.3374848365783691,-0.09320911020040512,1.0284796953201294,0.07040530154726232,0.13938211205541073,-0.032653650205451655,-0.9871927778818751,0.02404389862024167,2.999903646942538,0.0,0.07027187198400497,3.0110113620758057,-0.06808926165103912,-4.584395400230265,0.18190570725320965,0.21126379693116176,-2.955876162163324,0.48229199725713623,-0.04982041211097976,-5.206336921062798,0.21271694495714755,-0.17432904451216896,-4.716928206896608,0.5732612137731374,-0.14672268457470444,-1.6285192380669407,-0.3003862900039266,0.2610842090421415,0.0,0.0,0.0,0.0,0.0,0.0
12.9833,-1.300289148412457,0.03400749980554788,1.0,-1.3365283012390137,-0.0633053258061409,1.0283534526824951,0.0628169722071184,0.14160731814281613,-0.03307591948068235,-0.9873740514773204,-0.051011249708321826,2.999566277381314,0.0,0.024739369750022888,3.01603364944458,-0.07184614986181259,-4.766327986567361,0.13945315031862757,0.2334904545570407,-3.1471425335322625,0.4404570046340113,-0.020902558523546888,-2.729726941053715,0.3010920213830365,-0.22522985692232927,-4.130270072047743,0.49291189359334553,-0.1698994367705523,-1.6191854530350982,-0.30100385431538373,0.2543930130805876,0.0,0.0,0.0,0.0,0.0,0.0
13.0,-1.3017624708940958,0.08394508486344769,1.0,-1.3359888792037964,-0.003472160082310438,1.028104543685913,0.055578348439959534,0.14315559052539795,-0.0334780004154762,-0.9875711301409573,-0.12591762729517153,2.9973562936588563,0.0,-0.0679364874958992,3.0163462162017822,-0.0672219917178154,-4.665889946432794,-0.03606402429948699,0.20605410453042167,-3.048431235698475,0.2660789218049311,-0.043978468994090025,-5.565731940864834,0.01877147766323024,0.2777079753722795,-4.554044652449745,0.35293697668524737,-0.037757547538784256,-1.6174587107343192,-0.3021429461044181,0.2500325735245117,0.0,0.0,0.0,0.0,0.0,0.0
13.0166,-1.304484622697262,0.13385954933553218,1.0,-1.3372199535369873,0.05636079981923103,1.027831792831421,0.04876562121118129,0.1447864048766103,-0.03367621704402301,-0.9876865703590286,-0.20078932400329827,2.993273065954107,0.0,-0.14985708892345428,3.0136711597442627,-0.07003803551197052,-4.624381522410229,-0.20512154026172902,0.22338647565224617,-3.0066406989879124,0.09854297843344695,-0.021420080473701447,-4.915662688307415,-0.16051731784431822,-0.16897729223594044,-4.6608009061269415,0.2013558842531791,-0.07649601454893155,-1.617740823422317,-0.30366451869517597,0.24480655612594762,0.0,0.0,0.0,0.0,0.0,0.0
13.0333,-1.3084554414212721,0.1837124688078111,1.0,-1.3385028839111328,0.08626296371221542,1.0276771783828735,0.04876562121118129,0.1447864048766103,-0.03367621704402301,-0.9876865703590286,-0.27556870321171667,2.9873168378680917,0.0,-0.19818104803562164,3.0127766132354736,-0.07332471758127213,-4.787118273574908,-0.24628250820040135,0.24295692340528602,-3.1793699757214258,0.05753868117759772,0.004243024468501444,-2.8989841381085872,-0.05366439727673208,-0.19717008624635277,-4.140680394512485,0.1260692359994042,-0.11212120614048335,-1.6077482978534823,-0.30382118937799907,0.23871389893678457,0.0,0.0,0.0,0.0,0.0,0.0
13.05,-1.3136695935337104,0.2334341799040255,1.0,-1.342360019683838,0.14598001539707184,1.0272433757781982,0.041523364912516396,0.14601788837489402,-0.034012211720351834,-0.9878248120221444,-0.3501512698560383,2.979495609699434,0.0,-0.2845240831375122,3.0056910514831543,-0.07949376851320267,-4.711130563163681,-0.41108959584320914,0.2812321953136188,-3.107958592246569,-0.10610401141162834,0.05034653474554812,-5.180957618025751,-0.42516452074391986,-0.37016988555078684,-4.447789244613377,-0.03666504419420456,-0.1883018928002461,-1.6031719709171117,-0.3049855844315808,0.2308856605680707,0.0,0.0,0.0,0.0,0.0,0.0
13.0666,-1.3201263390427498,0.28301994037123324,1.0,-1.3480007648468018,0.2055966705083847,1.0266919136047363,0.034168149791486226,0.14759546598808104,-0.03443700980649317,-0.9878573915360433,-0.42452991055684985,2.969810491435875,0.0,-0.37199220061302185,2.9998350143432617,-0.08651693910360336,-4.621681373780811,-0.5944959087467615,0.32523864738599967,-3.0185051095908264,-0.28905909914636885,0.10390795717272744,-5.247191312556317,-0.3513022583920935,-0.4213183131427264,-4.683787346182021,-0.12955170062308058,-0.25709259905480125,-1.6031762641899852,-0.30543680960039266,0.22133069021327223,0.0,0.0,0.0,0.0,0.0,0.0
13.0833,-1.3278278555937433,0.3324711007411431,1.0,-1.3514997959136963,0.23533031344413757,1.026413917541504,0.02660312239021277,0.14849403152997726,-0.03485232485171943,-0.9879408422960949,-0.49870665111171464,2.958258216609385,0.0,-0.4228116571903229,2.9946064949035645,-0.08369062095880508,-4.765114131933434,-0.6434951929786201,0.3087892985245571,-3.171239134510129,-0.33940659400411183,0.09497825076292166,-3.045858875980623,-0.31337077206670383,0.1693950858090053,-4.200240924457784,-0.18381845027565047,-0.1311856393326892,-1.5938749974233042,-0.3040885989745083,0.21381104776163545,0.0,0.0,0.0,0.0,0.0,0.0
13.1,-1.336749297377962,0.38163684132179193,1.0,-1.3599042892456055,0.2946131229400635,1.025801420211792,0.019745124177777743,0.14998718900559693,-0.03501357869412213,-0.9878704570590817,-0.5724552619826879,2.944876053933057,0.0,-0.5063788890838623,2.9772212505340576,-0.08779329806566238,-4.6883281755817325,-0.7792352752136588,0.3356082195986528,-3.099393286115478,-0.47371536425478483,0.13026822012254544,-5.01647858195818,-1.043623248558057,-0.2462806457614747,-4.441209199777133,-0.43764854185447677,-0.16516378888529099,-1.5889348894662547,-0.30551991095887393,0.20533999947610734,0.0,0.0,0.0,0.0,0.0,0.0
13.1166,-1.3469000803881603,0.43058182034571063,1.0,-1.3699955940246582,0.353554904460907,1.0251086950302124,0.01229162260602018,0.1511749188067703,-0.03513302286280206,-0.987806056674557,-0.645872730518566,2.9296498794177595,0.0,-0.5924978852272034,2.960649013519287,-0.09349462389945984,-4.589192385157941,-0.929985904102241,0.3724432159620346,-3.000828916395914,-0.6222047727978324,0.1769562660151854,-5.169437129690586,-0.9947763116466783,-0.3422316419555199,-4.656195394910552,-0.602122842428237,-0.21743745547829824,-1.588363468762027,-0.3077811313044086,0.1954869499468492,0.0,0.0,0.0,0.0,0.0,0.0
13.1333,-1.3582681490644777,0.47924672045044936,1.0,-1.3756800889968872,0.38289105892181396,1.0247304439544678,0.01229162260602018,0.1511749188067703,-0.03513302286280206,-0.987806056674557,-0.718870080675674,2.9125977764032833,0.0,-0.6366258859634399,2.953396797180176,-0.09235524386167526,-4.764958154710319,-1.000032467983558,0.36667429187938977,-3.188444239374799,-0.6936099359939698,0.17978788816556784,-2.6491226186897965,-0.4353700602573461,0.06840004937953541,-4.063670826995602,-0.5528943732989464,-0.13305299963475642,-1.57651391533552,-0.3064225319895882,0.18688640371382192,0.0,0.0,0.0,0.0,0.0,0.0
13.15,-1.3708589674914882,0.5276503356314615,1.0,-1.388445496559143,0.4414058029651642,1.0239843130111694,0.004344412850806,0.15116928166578197,-0.03558997899435712,-0.9878574758297404,-0.7914755034471922,2.8937115487627674,0.0,-0.7288140058517456,2.936270236968994,-0.09026126563549042,-4.617966475703403,-1.1686163500264053,0.3570413264221611,-3.045123372808856,-0.8629715291504685,0.17751861651211662,-5.529394099729726,-1.0272419168013271,0.12559569348911037,-4.496379126938259,-0.6929304380521621,-0.05669517795996867,-1.5728431028945469,-0.3056448208759368,0.17952270991004446,0.0,0.0,0.0,0.0,0.0,0.0
13.1667,-1.3846761658753572,0.5757904223188142,1.0,-1.3954782485961914,0.4704667031764984,1.023664951324463,-0.0021493786385781794,0.1521626881535398,-0.03597263023198758,-0.9876982871829146,-0.8636856334782212,2.872985751186964,0.0,-0.7732290625572205,2.9251136779785156,-0.08763431012630463,-4.787390001844635,-1.2371916076676766,0.34208575406522185,-3.2286500168003993,-0.9350406130716923,0.16882865474106418,-2.6587824337053636,-0.6678560214654754,0.1572553021436931,-3.953886996329038,-0.6855280119768499,0.006466914257396379,-1.5587399850442358,-0.30215099459598427,0.17325709932415767,0.0,0.0,0.0,0.0,0.0,0.0
13.1833,-1.3996563252163454,0.6234532201454703,1.0,-1.4108622074127197,0.5282495021820068,1.022965431213379,-0.008716421350674302,0.1521764227577983,-0.036351024637918394,-0.9876461936781552,-0.9351798302182055,2.8505155121754817,0.0,-0.8561168909072876,2.893825054168701,-0.09102107584476471,-4.683117321529436,-1.3405378248192437,0.36513937705397664,-3.1329844647535507,-1.0370067667577962,0.1994309283159914,-4.979400306506824,-1.8796316189002993,-0.20345643735945804,-4.256637269365122,-1.038049222029962,-0.055506296024617735,-1.5501328567758856,-0.30353105806144737,0.16570844873798524,0.0,0.0,0.0,0.0,0.0,0.0
13.2,-1.4158250076633432,0.6707343723510525,1.0,-1.4279553890228271,0.585475742816925,1.0221408605575562,-0.01605384523327681,0.15215691403529383,-0.036982890190793656,-0.9875337458863283,-1.0061015585265787,2.8262624885049847,0.0,-0.9404480457305908,2.87031626701355,-0.09894171357154846,-4.561456676865153,-1.4996911361336982,0.4160484615733662,-3.015026601529847,-1.1947887489787234,0.26051730694948366,-5.062843524562006,-1.4113563494789878,-0.47551761279056454,-4.494644091375009,-1.1482563091928921,-0.1795013135120948,-1.546430075335306,-0.30490238715497486,0.15553115462388256,0.0,0.0,0.0,0.0,0.0,0.0
13.2166,-1.4331826870233435,0.7176302111607458,1.0,-1.437147617340088,0.6138820648193359,1.021694540977478,-0.01605384523327681,0.15215691403529383,-0.036982890190793656,-0.9875337458863283,-1.0764453167411188,2.8002259694649845,0.0,-0.9910222291946411,2.856043815612793,-0.0969848707318306,-4.681780514240985,-1.5816143127183182,0.405815789690605,-3.1469254187726134,-1.2795637352125422,0.2590772766365088,-3.034193474560513,-0.8562744060305245,0.11740060577019353,-4.063492375831062,-1.0620579146652998,-0.09185044030005748,-1.534855095468371,-0.302050577505776,0.14673851305409621,0.0,0.0,0.0,0.0,0.0,0.0
13.2333,-1.4516972543431657,0.7640529827161254,1.0,-1.4569097757339478,0.6702865362167358,1.0208473205566406,-0.02296716118438237,0.1536255420450802,-0.037807408988212304,-0.9871384505941446,-1.1460794740741882,2.772454118485251,0.0,-1.0718072652816772,2.8216989040374756,-0.09568698704242706,-4.566892671886593,-1.6949735824064627,0.40156997785918064,-3.0390438199610372,-1.392058809042708,0.2628405161537365,-4.849187835420394,-2.061581395348837,0.07790652951699463,-4.295444036090492,-1.3571355150042521,-0.04173508006842794,-1.5278488519255558,-0.3029147733637546,0.13872946170544415,0.0,0.0,0.0,0.0,0.0,0.0
13.25,-1.4713787694492684,0.8100274039679944,1.0,-1.4782907962799072,0.7260021567344666,1.0200165510177612,-0.029064392976127555,0.15563215877103992,-0.038322864945500565,-0.9866434780052326,-1.2150411059519917,2.742931845826097,0.0,-1.1533161401748657,2.7876152992248535,-0.09395107626914978,-4.438713055845531,-1.818353353748647,0.39464101910270527,-2.913797772397762,-1.5127771457601387,0.2631994603350366,-4.88962784976687,-2.04463800451958,0.10413538001659087,-4.470857958112585,-1.5600988157708393,0.0013285459034108466,-1.5249152834477688,-0.3055762079885083,0.13144155876766866,0.0,0.0,0.0,0.0,0.0,0.0
13.2666,-1.492192314344213,0.8554714324183291,1.0,-1.4895950555801392,0.7535872459411621,1.0196157693862915,-0.0363751747821151,0.15421498152657323,-0.03931689836763002,-0.9865844302704688,-1.2832071486274936,2.71171152848368,0.0,-1.2036670446395874,2.773836374282837,-0.09342060983181,-4.546363113528711,-1.9342584450303861,0.3928084386435398,-3.031839769533442,-1.632697633598549,0.26854266523765086,-3.021835248329446,-0.8269492180233806,0.03183621417430996,-4.0430799695984465,-1.343659654336789,0.010334967182436207,-1.514523343995269,-0.3015608114318372,0.12426577340588896,0.0,0.0,0.0,0.0,0.0,0.0
13.2833,-1.5141565739716154,0.9004239322181538,1.0,-1.5135815143585205,0.8084189295768738,1.0188343524932861,-0.04150305539989005,0.15269198408220783,-0.0400252604505526,-0.9865904572698059,-1.3506358983272306,2.678765139042577,0.0,-1.2872521877288818,2.732309579849243,-0.08874990046024323,-4.389903764036491,-2.0317806125781823,0.36806303362491916,-2.879810210549027,-1.729712256532102,0.24941921558914945,-5.01174376715462,-2.489935956084172,0.28005453739707226,-4.3290472274387755,-1.6820613697359272,0.08996111412293722,-1.5100935534874644,-0.3020683560460805,0.1186438180357697,0.0,0.0,0.0,0.0,0.0,0.0
13.3,-1.537205958203893,0.9447524364658427,1.0,-1.5392124652862549,0.8625428676605225,1.0180343389511108,-0.04890658661438188,0.1520151741837517,-0.040810962000492626,-0.9863234991313379,-1.417128654698764,2.6441910626941603,0.0,-1.3656882047653198,2.69321346282959,-0.09450757503509521,-4.253441838519267,-2.1519956705314844,0.40600851209363326,-2.744517082704572,-1.847711157192466,0.29546232897469593,-4.71014088136758,-2.3477507659708503,-0.3457526200498239,-4.441553039537169,-1.8785850466762186,-0.03866954398476291,-1.5089247558146945,-0.3042845133390185,0.1105461831189373,0.0,0.0,0.0,0.0,0.0,0.0
13.3166,-1.5613837355739766,0.9885410892185011,1.0,-1.5526400804519653,0.8893479704856873,1.0176235437393188,-0.04890658661438188,0.1520151741837517,-0.040810962000492626,-0.9863234991313379,-1.4828116338277517,2.607924396639035,0.0,-1.4128286838531494,2.673701047897339,-0.09401580691337585,-4.364193451114527,-2.264473851523943,0.40452413439991913,-2.86449810709309,-1.9644557850732802,0.3017939700265787,-2.827016013726051,-1.170160137260509,0.029491349728338577,-3.9649121997352545,-1.6694450651444468,-0.01854720234645943,-1.4996953440214371,-0.300018066450663,0.10273016437334041,0.0,0.0,0.0,0.0,0.0,0.0
13.3333,-1.586627622392018,1.0316758675330016,1.0,-1.5807404518127441,0.9424004554748535,1.01680326461792,-0.06184689136583316,0.14874363043521482,-0.04201969146893662,-0.9860449506095293,-1.5475138012995022,2.570058566411973,0.0,-1.490067720413208,2.628967761993408,-0.08753269165754318,-4.217989140223711,-2.368423703615554,0.36916700260779406,-2.723060024426429,-2.0688676671476545,0.2719258712653446,-4.636601737487656,-2.6853057777904996,0.38917657182522075,-4.163207228119397,-1.9693457149633207,0.10182030798100643,-1.4949291157972817,-0.29955603646789963,0.09724113134244947,0.0,0.0,0.0,0.0,0.0,0.0
13.35,-1.6129556653092056,1.0741887230778842,1.0,-1.6103788614273071,0.9947889447212219,1.0159859657287598,-0.06824378198213475,0.14598711063876896,-0.04223548333331239,-0.9860257316466083,-1.6112830846168262,2.530566502036191,0.0,-1.5614087581634521,2.5819616317749023,-0.09184961766004562,-4.09681164193885,-2.4670477139881077,0.39862204322115075,-2.6048124727889235,-2.165146860965981,0.3088807160180818,-4.279303243521538,-2.8196041416394944,-0.258945426463017,-4.197480893816925,-2.2203575431596954,-0.004684330740899592,-1.4919991691499266,-0.3019008530221267,0.08974132720306892,0.0,0.0,0.0,0.0,0.0,0.0
13.3666,-1.640345908882264,1.1160413513110357,1.0,-1.6257846355438232,1.0207372903823853,1.0155725479125977,-0.06824378198213475,0.14598711063876896,-0.04223548333331239,-0.9860257316466083,-1.6740620269665536,2.489481136676604,0.0,-1.6045045852661133,2.560570001602173,-0.08934198319911957,-4.213447410585737,-2.5982681354945156,0.3851240480362162,-2.7323994390541504,-2.3017386719061,0.302028311484029,-2.5847907222833935,-1.2830218358095837,0.15040227152478872,-3.7213852791537265,-1.9436389101489553,0.04110006885117951,-1.481047971531587,-0.29652946358841575,0.08309573655218723,0.0,0.0,0.0,0.0,0.0,0.0
13.3833,-1.668795731541783,1.1572262676606047,1.0,-1.6577486991882324,1.0719361305236816,1.0147085189819336,-0.076034666442044,0.14179074122753557,-0.04230081094850419,-0.9860653496842087,-1.735839401490907,2.4468064026873253,0.0,-1.6724982261657715,2.5034217834472656,-0.09233739227056503,-4.094750884203801,-2.6527393971753677,0.4069256692764452,-2.6220909693995855,-2.3550441760967553,0.33175352261715074,-4.073852922690132,-3.424047197303011,-0.17947054811153648,-3.8254401697709257,-2.380682494754473,-0.02401640876686595,-1.4726599148042159,-0.2976952210786122,0.07517214665929448,0.0,0.0,0.0,0.0,0.0,0.0
13.4,-1.698205659552835,1.1976038121647041,1.0,-1.6742868423461914,1.0972002744674683,1.0142345428466797,-0.08109900278315467,0.13908559580524643,-0.042173190291213206,-0.9860525370422614,-1.796405718247056,2.4026915106707474,0.0,-1.7115826606750488,2.4820568561553955,-0.09572026133537292,-4.222226925770209,-2.802850301893039,0.42911885697502156,-2.7656744340711037,-2.512434649421376,0.36302194338180394,-2.347923231165855,-1.2834574620452592,-0.2032194392724148,-3.3892501641038377,-2.0567616105124626,-0.07692041876459363,-1.4565524916991053,-0.2904156524716628,0.06609691359321761,0.0,0.0,0.0,0.0,0.0,0.0
13.4166,-1.7286396015046326,1.237265734610185,1.0,-1.7084687948226929,1.147119164466858,1.0132060050964355,-0.08761383608665793,0.13563452228712136,-0.041915841634205746,-0.9859868722522814,-1.8558986019152774,2.357040597743051,0.0,-1.7793514728546143,2.426684617996216,-0.09593480080366135,-4.08569111247784,-2.883544072373134,0.4351085827858992,-2.6411854317403307,-2.595089074596347,0.3778894842524312,-4.066132608540162,-3.3223374579786853,-0.012872380373363851,-3.5890782334546896,-2.4303827323113074,-0.058012267190228665,-1.4445056807375094,-0.28845499777678674,0.05721909853346802,0.0,0.0,0.0,0.0,0.0,0.0
13.4333,-1.7600398488408062,1.2761358598682797,1.0,-1.7440822124481201,1.196162462234497,1.0120970010757446,-0.09575110310396494,0.13328608276593712,-0.040897742361576575,-0.9855932206871897,-1.9142037898024196,2.3099402267387905,0.0,-1.8501434326171875,2.37904691696167,-0.09943266212940216,-3.9193198281772625,-3.017311877506204,0.46123784934733975,-2.482159817740305,-2.730347288202365,0.4139596925539729,-4.250805285536356,-2.8604744384475524,-0.21003412621150735,-3.784432153978993,-2.557353664985725,-0.10289189856055778,-1.4371600104369575,-0.2869645893038387,0.047278156793366846,0.0,0.0,0.0,0.0,0.0,0.0
13.45,-1.7924262733981908,1.3142379764943386,1.0,-1.7624120712280273,1.2203350067138672,1.0115423202514648,-0.09575110310396494,0.13328608276593712,-0.040897742361576575,-0.9855932206871897,-1.971356964741508,2.2613605899027136,0.0,-1.8803297281265259,2.3449134826660156,-0.0966019406914711,-4.079034793330185,-3.1185057001497953,0.44664212065781156,-2.6593972490397793,-2.8382955420862253,0.4079506908645294,-1.8108945019737972,-2.0476857943818296,0.16981672650037188,-3.2018077676724124,-2.40689039410307,-0.022383327996829162,-1.4196375442904055,-0.28021015806357014,0.03869142979328218,0.0,0.0,0.0,0.0,0.0,0.0
13.4666,-1.8257614606336279,1.3515253342231162,1.0,-1.8000707626342773,1.2678269147872925,1.0104061365127563,-0.10023822781800679,0.13279589121015314,-0.0398699071669414,-0.9852552451089808,-2.027288001334674,2.211357809049558,0.0,-1.9443401098251343,2.2928647994995117,-0.09973522275686264,-3.934365441210689,-3.239753862255968,0.4707756723001762,-2.528250389959922,-2.964192826650129,0.4417615142935853,-3.8385399539625125,-3.1212272850749896,-0.1878949644710693,-3.3897827469701167,-2.617775700646778,-0.07124538823136488,-1.4061150512507672,-0.2755610356058389,0.029014158006590893,0.0,0.0,0.0,0.0,0.0,0.0
13.4833,-1.8600255792068408,1.3879746638398722,1.0,-1.838958740234375,1.3142930269241333,1.0093233585357666,-0.106846937958212,0.13109707818722455,-0.03824632626860474,-0.9848525741183077,-2.0819619957598086,2.1599616311897387,0.0,-1.9995403289794922,2.223728895187378,-0.08728879690170288,-3.831345770127367,-3.2641819424926353,0.40120011758959434,-2.4382520845243,-2.9864771957101164,0.37724182547547025,-3.3108322608322607,-4.146675246675247,0.7465192871442872,-3.366475120440702,-3.069134791173469,0.17017369067490634,-1.3930936856030673,-0.277704746782519,0.023958292114124095,0.0,0.0,0.0,0.0,0.0,0.0
13.5,-1.8951193391373804,1.423485275208075,1.0,-1.879125952720642,1.3595587015151978,1.0083317756652832,-0.11431344314982418,0.12671631236248893,-0.036945843110952614,-0.984637288016114,-2.1352279128121125,2.1073209912939292,0.0,-2.0669214725494385,2.166792631149292,-0.08678394556045532,-3.642592344207584,-3.366018547787646,0.4028516154584008,-2.2572074952545,-3.0859053804894114,0.38457505290636534,-4.048954154727793,-3.4213180515759314,0.030336676217765042,-3.5679554054074556,-3.173105726691701,0.12889124812902583,-1.3853848489530838,-0.2801131672982346,0.018276562552035462,0.0,0.0,0.0,0.0,0.0,0.0
13.5166,-1.9311573761417373,1.4581734708562033,1.0,-1.8997024297714233,1.3817609548568726,1.0078320503234863,-0.11965355965626792,0.1250805666653647,-0.03538636756920097,-0.9842691352943713,-2.187260206284305,2.0532639357873936,0.0,-2.092217206954956,2.132704257965088,-0.08634718507528305,-3.7997584412013308,-3.5001751556068292,0.4024684729805426,-2.4322485915436536,-3.2262028936665614,0.3903401392844778,-1.5169426095908038,-2.044222355666123,0.026191791055445942,-2.962458940591858,-2.839838722341814,0.0985724913063635,-1.367509849657677,-0.27397226194026786,0.012128333696064787,0.0,0.0,0.0,0.0,0.0,0.0
13.5333,-1.9680473594848489,1.491945764236997,1.0,-1.9415749311447144,1.425220012664795,1.0067951679229736,-0.1250683498827199,0.12406710860863264,-0.03423955182121953,-0.983764721811393,-2.237918646355496,1.9979289607727264,0.0,-2.138009786605835,2.0632684230804443,-0.08384386450052261,-3.721479934491064,-3.5388789383879917,0.39240636542784385,-2.3725351730043056,-3.2652257802339473,0.38601437189670895,-2.7464573234381477,-4.164486008036263,0.15013924041582657,-2.898691315227557,-3.230898812386843,0.11379593815735231,-1.3489447614867585,-0.2736531581540443,0.006391993531134923,0.0,0.0,0.0,0.0,0.0,0.0
13.55,-2.0057479348971015,1.5247660777892726,1.0,-1.962918758392334,1.4465008974075317,1.0063250064849854,-0.1250683498827199,0.12406710860863264,-0.03423955182121953,-0.983764721811393,-2.287149116683909,1.941378097654348,0.0,-2.165318489074707,2.0344722270965576,-0.07934053242206573,-3.8506815208059697,-3.7202516066872784,0.3675264312465583,-2.5268540658241894,-3.4575081904441025,0.36581735877308097,-1.6391802739098702,-1.7284657326445039,0.27030845270976145,-2.5268606350535623,-2.7873531064499986,0.16000129311865563,-1.3238274549817803,-0.26274341624317593,0.0017090724734773275,0.0,0.0,0.0,0.0,0.0,0.0
13.5667,-2.0443326466655334,1.5566950561269268,1.0,-2.00649356842041,1.4881360530853271,1.0054914951324463,-0.13135309065742523,0.11837832427187134,-0.03436839473711736,-0.9836421166290749,-2.3350425841903903,1.8835010300016997,0.0,-2.224071979522705,1.9653980731964111,-0.07043653726577759,-3.6743872401839797,-3.7722951744151674,0.3180865903373001,-2.3698724334607135,-3.5146326277663906,0.318634091553584,-3.517965995231909,-4.135933418035946,0.5331419791859984,-2.8194530523567574,-3.1854786631752936,0.2701592437435722,-1.3045148067232664,-0.2576625466487768,-0.0005475012162839354,0.0,0.0,0.0,0.0,0.0,0.0
13.5833,-2.0836303583120097,1.587590909138696,1.0,-2.0512633323669434,1.528403878211975,1.004736304283142,-0.13530019109421954,0.11382068458754822,-0.03417574149257406,-0.9836517682573838,-2.381386363708044,1.8245544625319847,0.0,-2.2795286178588867,1.8939090967178345,-0.0667625293135643,-3.5044691852620034,-3.8124302380881008,0.29966069022348846,-2.215333370674572,-3.5552129039497067,0.30234273515395843,-3.3288776941351577,-4.291245670778831,0.22053848713398402,-2.969844517644499,-3.511921294532488,0.2555102894465232,-1.2891358145874312,-0.257217334138394,-0.0026820449304699734,0.0,0.0,0.0,0.0,0.0,0.0
13.6,-2.123646885125693,1.617465099816845,1.0,-2.0740625858306885,1.5479656457901,1.0044206380844116,-0.1396665769410788,0.11485914737345322,-0.03304747035793747,-0.9829591269489558,-2.4261976497252675,1.76452967231146,0.0,-2.3042845726013184,1.8506442308425903,-0.05824635922908783,-3.6216756709225137,-3.927487798992803,0.2499948401770507,-2.355071921344578,-3.67774064091012,0.2528995574924394,-1.4873161159096444,-2.599315313766777,0.5116440526835976,-2.5321750364642273,-3.242503328808296,0.3311256578519711,-1.2666037495779354,-0.24974715808268325,-0.002904717315388712,0.0,0.0,0.0,0.0,0.0,0.0
13.6166,-2.1644344880769104,1.646356877511936,1.0,-2.120443105697632,1.585995078086853,1.003990650177002,-0.1480999624476673,0.11538169322091439,-0.03247368316231013,-0.9816817402642876,-2.469535316267904,1.7033482678846346,0.0,-2.3494842052459717,1.779085397720337,-0.04512496665120125,-3.4915001308662945,-3.97491230161312,0.17328344646754884,-2.245824867545603,-3.7281550755977917,0.1731680771763514,-2.712873128988867,-4.2949471967030135,0.7875434214103775,-2.5855204160960623,-3.553203994707053,0.46586852385326216,-1.2456752633206913,-0.24675722601532843,0.00011536929119742786,0.0,0.0,0.0,0.0,0.0,0.0
13.6333,-2.2059445273354807,1.6742289636524679,1.0,-2.167773485183716,1.6226085424423218,1.003812551498413,-0.1538878521764107,0.11055871344197939,-0.03238285670376915,-0.9813494123637791,-2.511343445478702,1.6410832089967782,0.0,-2.401819944381714,1.7057950496673584,-0.02879354916512966,-3.30647140167917,-4.0143192627511795,0.07605834274344941,-2.0773267287979222,-3.7671339569323314,0.06909489645093742,-3.139967672259652,-4.397173468366018,0.9798299172853281,-2.7492033800534323,-3.80235920902609,0.6175993211498745,-1.2291446728812478,-0.24718530581884812,0.006963446292511996,0.0,0.0,0.0,0.0,0.0,0.0
13.65,-2.248111566878215,1.7010381313376242,1.0,-2.2162044048309326,1.6576874256134033,1.0038981437683105,-0.1559557095903458,0.10704776900845554,-0.03136054274628891,-0.9814455071783841,-2.5515571970064364,1.5778326496826776,0.0,-2.4506447315216064,1.6236933469772339,-0.02489355392754078,-3.129141406927437,-4.002159540574622,0.052100551894268377,-1.9136293726067048,-3.749277136594179,0.03947383879011907,-2.9312931207237125,-4.9291388737797375,0.23414396417222524,-2.8029595996537804,-4.135005160833905,0.5043962911453141,-1.215512034320732,-0.25288240398044354,0.012626713104149305,0.0,0.0,0.0,0.0,0.0,0.0
13.6666,-2.291003741204379,1.726825570153639,1.0,-2.2408013343811035,1.6746572256088257,1.0039236545562744,-0.1559557095903458,0.10704776900845554,-0.03136054274628891,-0.9814455071783841,-2.5902383552304586,1.513494388193431,0.0,-2.475841522216797,1.588598370552063,-0.025061501190066338,-3.2058539396952765,-4.190682501710691,0.05284976968679983,-2.009315521294726,-3.945074305400393,0.03667857894484987,-1.510382872904489,-2.103714395964042,-0.010067340398164953,-2.4213673247806318,-3.5353310000242217,0.3525172239785301,-1.1965384184005505,-0.24560819631029776,0.016171190741949965,0.0,0.0,0.0,0.0,0.0,0.0
13.6833,-2.334456949464887,1.7514926827033417,1.0,-2.2907397747039795,1.7074992656707764,1.0040396451950073,-0.1625831540047141,0.10691848355064838,-0.0300118857407888,-0.980425679884966,-2.6272390240550125,1.4483145758026692,0.0,-2.5187978744506836,1.5106937885284424,-0.014566398225724697,-3.040652110191378,-4.209976773791815,-0.010835369322949207,-1.8609194205306443,-3.9665196612296936,-0.032863051053606165,-2.5790438018894934,-4.6772902948754655,0.6301124011415689,-2.4679163027629847,-3.872458256083307,0.4344683940370055,-1.1797326896607336,-0.24345711256212124,0.02202768173065696,0.0,0.0,0.0,0.0,0.0,0.0
13.7,-2.3785889913883524,1.7751061244920727,1.0,-2.3160271644592285,1.7233160734176636,1.0041677951812744,-0.16872243254620498,0.1033052553012337,-0.0291234723210277,-0.9798023701423384,-2.662659186738109,1.3821165129174715,0.0,-2.5380589962005615,1.4724396467208862,-0.011926654726266861,-3.133576426613119,-4.390923207213822,-0.02745366760071194,-1.9765887501630126,-4.160272745691878,-0.05452440135792569,-1.1543308661732345,-2.292594233132341,0.15820145055796875,-2.080121872757172,-3.4060535204632796,0.35290934283890607,-1.1569876764501066,-0.23065046152194382,0.027070733757213746,0.0,0.0,0.0,0.0,0.0,0.0
13.7166,-2.42322997625926,1.7975745674295858,1.0,-2.367241859436035,1.7538435459136963,1.0043689012527466,-0.17053953596783547,0.09656723336144102,-0.027876052045650794,-0.9802112367197424,-2.6963618511443785,1.31515503561111,0.0,-2.581238269805908,1.3989837169647217,-0.019277770072221756,-2.944338765559096,-4.44207707918956,0.015501922545906821,-1.8062596170005782,-4.220164517221209,-0.012608807237404474,-2.5917970147544973,-4.409126035748529,-0.44124407888146316,-2.231177726843172,-3.7021788606843176,0.11846073756756198,-1.1380791485585176,-0.22191256196835088,0.028110729783311295,0.0,0.0,0.0,0.0,0.0,0.0
13.7333,-2.468457456947605,1.8189384264163415,1.0,-2.41937518119812,1.7828571796417236,1.0044033527374268,-0.17472181779495408,0.09343594642221431,-0.026146345382763687,-0.9798256773495649,-2.7284076396245123,1.247313814578592,0.0,-2.6240668296813965,1.318210244178772,-0.026270583271980286,-2.7441694065674156,-4.450199573700001,0.05713971774376431,-1.6213670150617687,-4.231944222124484,0.030878681270553536,-2.5688708385768217,-4.844818956641117,-0.4194311917257751,-2.3308709056299426,-4.03950710167314,-0.04033479130688192,-1.1228023915056469,-0.21825535157551704,0.02626103647321077,0.0,0.0,0.0,0.0,0.0,0.0
13.75,-2.514161644525057,1.8391460189621807,1.0,-2.4457573890686035,1.7967488765716553,1.0043630599975586,-0.17472181779495408,0.09343594642221431,-0.026146345382763687,-0.9798256773495649,-2.758719028443271,1.1787575332124138,0.0,-2.6417298316955566,1.2767908573150635,-0.028357384726405144,-2.814974719216857,-4.6262022711785225,0.0697166257110507,-1.7126659704946257,-4.422068042747759,0.045810155216808666,-1.060296832734611,-2.486374890870318,-0.12526913436905154,-1.955774216329106,-3.580994085591299,-0.06540896177060251,-1.1023087487222314,-0.20413422843076318,0.02390647049424203,0.0,0.0,0.0,0.0,0.0,0.0
13.7666,-2.560395643211621,1.858221029753901,1.0,-2.499093532562256,1.82329523563385,1.0041968822479248,-0.1813065068656861,0.09253969105445212,-0.02427827061621532,-0.9787620173336955,-2.7873315446308515,1.109406535182568,0.0,-2.6779298782348633,1.197974681854248,-0.033705923706293106,-2.6309341776672586,-4.649104534616369,0.10249883038350843,-1.5465784496430037,-4.454121154458392,0.08252474575272628,-2.171663138623491,-4.728231020081241,-0.3208621551218605,-2.019508572111148,-3.919679397334055,-0.1408234135066068,-1.0843557280242548,-0.19498338015797795,0.01997408463078216,0.0,0.0,0.0,0.0,0.0,0.0
13.7833,-2.6070720319389986,1.8761265498571391,1.0,-2.5531795024871826,1.8482882976531982,1.0039476156234741,-0.18629378032847266,0.0889898358601296,-0.023106925402400533,-0.9781827510477616,-2.814189824785709,1.0393919520915014,0.0,-2.7177016735076904,1.1199476718902588,-0.03523242101073265,-2.412281514302693,-4.6762911327640815,0.1127725602704413,-1.3417700385261293,-4.487436103116479,0.09666049081294689,-2.3863099921321793,-4.681625062584937,-0.09158992561333237,-2.1277950555329364,-4.144619684216702,-0.12628878801293725,-1.0705114757765637,-0.18885502964760262,0.016112069457494414,0.0,0.0,0.0,0.0,0.0,0.0
13.8,-2.654241626092493,1.8928803772368534,1.0,-2.580554723739624,1.8601576089859009,1.0037943124771118,-0.1893680083373497,0.08318293263435173,-0.022033571611373648,-0.978128339466334,-2.8393205658552803,0.9686375608612603,0.0,-2.738863468170166,1.0766714811325073,-0.037646058946847916,-2.430165112717573,-4.853887809268299,0.1278942692505734,-1.3759711543539752,-4.681564013289062,0.11596948838132187,-1.2681306435021145,-2.5933463824437077,-0.1446384051034404,-1.8740064085414947,-3.68665545205677,-0.1317059303641119,-1.054193958363598,-0.17232379597923692,0.011924780869251533,0.0,0.0,0.0,0.0,0.0,0.0
13.8166,-2.7016901518476586,1.908409108551917,1.0,-2.6358821392059326,1.882590413093567,1.0034053325653076,-0.19301560207336896,0.08065627648132818,-0.021109712692014806,-0.9776471067500367,-2.8626136628278758,0.8974647722285116,0.0,-2.773552656173706,0.9904917478561401,-0.04232687130570412,-2.216730086757223,-4.832876485991851,0.1578107024833298,-1.1758474368939202,-4.670053556516547,0.1511938878018248,-2.084484240687679,-5.178567335243553,-0.2812714899713467,-1.936143311610313,-4.12709510846871,-0.17586041725227802,-1.0408826498633026,-0.16282292947530394,0.006616814681504989,0.0,0.0,0.0,0.0,0.0,0.0
13.8333,-2.7495506949782946,1.922759881680789,1.0,-2.6918883323669434,1.9032984972000122,1.0029892921447754,-0.20019368979517602,0.07728784239642084,-0.020125878807225023,-0.9764957812892646,-2.8841398225211834,0.8256739575325578,0.0,-2.8045151233673096,0.9050301909446716,-0.039624813944101334,-2.012658065639938,-4.814603721585513,0.1435789944118096,-0.9830804224683904,-4.656578767196186,0.1406021132148969,-1.8591859815893832,-5.1316623956707845,0.16224892986499836,-1.9134241011966275,-4.4236617326803644,-0.07604435817249754,-1.0295776431715475,-0.15802495438932715,0.002976881196912692,0.0,0.0,0.0,0.0,0.0,0.0
13.85,-2.797848956010196,1.9359350012384067,1.0,-2.720130681991577,1.9130029678344727,1.002773642539978,-0.20019368979517602,0.07728784239642084,-0.020125878807225023,-0.9764957812892646,-2.90390250185761,0.7532265659847059,0.0,-2.8193564414978027,0.8630701303482056,-0.04228023439645767,-2.0350917476929413,-5.009435767552699,0.16049718616464587,-1.0199551257191086,-4.868306983483977,0.1618215512706398,-0.8892841326304661,-2.514225203217189,-0.15911142480606866,-1.6110792637056175,-3.85996116935971,-0.10056727450525611,-1.0151366219738327,-0.14112878406872106,-0.0013243651059939333,0.0,0.0,0.0,0.0,0.0,0.0
13.8666,-2.8463942809704754,1.947881375151913,1.0,-2.777099609375,1.9310442209243774,1.0022318363189697,-0.2031421937549451,0.07132697673303265,-0.020421623243225943,-0.9763343167126194,-2.9218220627278697,0.6804085785442864,0.0,-2.8519539833068848,0.7704377770423889,-0.04796827211976051,-1.796833663227549,-4.947622718678224,0.19726005658604434,-0.7921379436192078,-4.814921990120828,0.20451812569220001,-1.956050244642193,-5.5585031045237345,-0.34131676693181495,-1.7129210025027155,-4.361401793806599,-0.17164092498064892,-1.0046957196083413,-0.13270072855739556,-0.007258069106155677,0.0,0.0,0.0,0.0,0.0,0.0
13.8833,-2.8952461524318647,1.958615409639879,1.0,-2.8058488368988037,1.9393444061279297,1.0019214153289795,-0.20657405884686134,0.06696552075036012,-0.020944117724215502,-0.9759119631436918,-2.937923114459818,0.6071307713522024,0.0,-2.8683650493621826,0.7234612107276917,-0.04813796654343605,-1.787060636816673,-5.11709118338501,0.19976625530783393,-0.7943739722281856,-5.002788806783132,0.2123474389622323,-0.9842706590593854,-2.817468148084595,-0.010177598558620394,-1.4978101031745927,-3.9056043622638557,-0.12397399986671861,-0.9926866645884874,-0.11430237660187793,-0.012581183654398358,0.0,0.0,0.0,0.0,0.0,0.0
13.9,-2.9442941573825188,1.9681141617111004,1.0,-2.863821029663086,1.9545063972473145,1.0013750791549683,-0.21173151074722274,0.06240387777397298,-0.021711274660810808,-0.9750918697653668,-2.9521712425666506,0.5335587639262218,0.0,-2.895855188369751,0.6257947683334351,-0.03770296648144722,-1.5539697451029244,-5.021986350045911,0.1398421372521011,-0.5703823605788405,-4.915976865193582,0.15357967150449367,-1.6507559271561103,-5.864774224029321,0.6266115350475318,-1.5429625058890009,-4.483987114283652,0.09761256890519582,-0.9835873845240839,-0.10600948485232878,-0.013737534252392573,0.0,0.0,0.0,0.0,0.0,0.0
13.9166,-2.99361218001901,1.9763922950080777,1.0,-2.9223146438598633,1.967616319656372,1.0009427070617676,-0.2150169366139879,0.05746125889718373,-0.02252656329840555,-0.9746581786941897,-2.9645884425121167,0.4595817299714847,0.0,-2.9221794605255127,0.5294830203056335,-0.039565179497003555,-1.3148728251859527,-4.930616454998465,0.15314583294342127,-0.33742542871029846,-4.82588775451344,0.16916702782347398,-1.5784868759650026,-5.77515797449534,-0.11166420054897924,-1.5534499492339144,-4.865164351659103,0.03583024149554296,-0.9774473964756543,-0.10472870048502485,-0.016021194880052714,0.0,0.0,0.0,0.0,0.0,0.0
13.9333,-3.0430976386719624,1.9834316667695104,1.0,-2.951761245727539,1.9734878540039062,1.000692367553711,-0.2150169366139879,0.05746125889718373,-0.02252656329840555,-0.9746581786941897,-2.9751475001542658,0.38535354199205635,0.0,-2.934638738632202,0.4872867465019226,-0.04162760451436043,-1.293844534871235,-5.132641744526806,0.16674902050975332,-0.32398397841996596,-5.042949079268553,0.1859829726094941,-0.7481674493185202,-2.53384492039858,-0.12384660262283816,-1.3157158366671071,-4.176916244741712,-0.011309281389829607,-0.9698605564512691,-0.08969266525825359,-0.019233952099740784,0.0,0.0,0.0,0.0,0.0,0.0
13.95,-3.0927805492766773,1.9892360592051221,1.0,-3.0110199451446533,1.983772873878479,1.0001963376998901,-0.21958357926027966,0.048498742098054236,-0.02433002694618672,-0.9740837171489862,-2.983854088807683,0.3108291760849837,0.0,-2.9553189277648926,0.38638895750045776,-0.03764314204454422,-1.0637007382928805,-5.009773131452646,0.1453158473803296,-0.09939677917521816,-4.925042714746347,0.16634245450413543,-1.2402447917411386,-6.051103135679254,0.23895858951627894,-1.2934354047791052,-4.7302104704925405,0.06257436838537225,-0.9643039591176623,-0.08473041670629952,-0.021026607123805843,0.0,0.0,0.0,0.0,0.0,0.0
13.9666,-3.142545306487562,1.993792371208924,1.0,-3.0706286430358887,1.9920259714126587,0.9996795058250427,-0.22216248696874455,0.0434341607783866,-0.02560956312012895,-0.9737050277151158,-2.990688556813386,0.23618204026865644,0.0,-2.9736342430114746,0.2926042675971985,-0.03858860582113266,-0.8348232403701328,-4.923654011784101,0.15358346704142717,0.12585414460940159,-4.83868898693241,0.17704134865771576,-1.0994861812821137,-5.629986116875868,-0.05675710973393064,-1.2361780490860124,-4.995840686999964,0.027345534957403286,-0.9606773849795344,-0.0849650248516909,-0.023457881616288593,0.0,0.0,0.0,0.0,0.0,0.0
13.9833,-3.192481930981872,1.9971078751120614,1.0,-3.1005876064300537,1.9954129457473755,0.9994433522224426,-0.22306670545669727,0.03668723004848993,-0.027505623394088487,-0.9737242045311882,-2.995661812668092,0.1612771035271916,0.0,-2.9836249351501465,0.24284593760967255,-0.03661007806658745,-0.7937827587779924,-5.082322608740085,0.14291164360808578,0.1629961818613087,-5.008658241083968,0.1682554290920705,-0.5987911004415484,-2.982260363527243,0.11858285641817065,-1.0480097719738475,-4.4013949721942085,0.05428045984739767,-0.9567789406393011,-0.07366436765611604,-0.02534378548398473,0.0,0.0,0.0,0.0,0.0,0.0
14.0,-3.2424122386681837,1.9991707405183754,1.0,-3.1607091426849365,2.0007410049438477,0.998823344707489,-0.22421312080961783,0.029372054433545097,-0.029240092650857284,-0.9736584975943597,-2.9987561107775633,0.0863816419977243,0.0,-2.992837905883789,0.14888951182365417,-0.049168795347213745,-0.5951323451617542,-4.988950395763746,0.2214031847904448,0.35753284045983436,-4.9197953283938,0.2533449036552434,-0.5530873386196433,-5.6405377794635445,-0.7539443810293991,-0.9018996236777795,-4.767212577395698,-0.184322285550002,-0.9526651856215885,-0.06915506736994657,-0.03194171886479863,0.0,0.0,0.0,0.0,0.0,0.0
14.0166,-3.2924063944765343,1.999985584236835,1.0,-3.1908555030822754,2.0026559829711914,0.9984864592552185,-0.22421312080961783,0.029372054433545097,-0.029240092650857284,-0.9736584975943597,-2.9999783763552523,0.011390408285198462,0.0,-3.0009377002716064,0.09716752916574478,-0.04440281167626381,-0.5423117636064781,-5.135944477332181,0.194542159892718,0.4068677633897082,-5.08103683651159,0.23065976838478572,-0.4860020313863497,-3.103410708410226,0.2859674745719068,-0.7791190528439879,-4.276027855448041,-0.04548415261704347,-0.9491795269961864,-0.05490764082059106,-0.03611760849206771,0.0,0.0,0.0,0.0,0.0,0.0
14.0333,-3.342390279444343,1.999550715588037,1.0,-3.2513980865478516,2.005035400390625,0.9977614879608154,-0.22597266744125064,0.021054331733071658,-0.031130168072328414,-0.9734085246358416,-2.9993260733820555,-0.06358541916651486,0.0,-3.0148143768310547,0.010216676630079746,-0.05266058072447777,-0.29139688412698345,-5.077278695728922,0.2477882327071495,0.6570901077347844,-5.031726471093349,0.2908647201082545,-0.8327681675752243,-5.218101166012076,-0.4955658632728105,-0.7949572520870676,-4.554145115519315,-0.1783564999939467,-0.9484869918617679,-0.04555222463557307,-0.04307648740110496,0.0,0.0,0.0,0.0,0.0,0.0
14.05,-3.3923562594721126,1.9978664423169832,1.0,-3.312072515487671,2.005466938018799,0.9968668222427368,-0.2255133405494668,0.01312767910321867,-0.032206893611236194,-0.9736191324378506,-2.9967996634754748,-0.1385343892081692,0.0,-3.0205931663513184,-0.08583825826644897,-0.060604553669691086,-0.07693829790162121,-4.957559044600793,0.3000298575499994,0.8713966823101111,-4.914424272843007,0.3521895047430605,-0.3466632340742012,-5.762230007383649,-0.47655020881604165,-0.6626126642529917,-4.9107938564306215,-0.26638873308888383,-0.9483349802117323,-0.043134771757785975,-0.052159647193061084,0.0,0.0,0.0,0.0,0.0,0.0
14.0666,-3.4422595357535415,1.9949341403883956,1.0,-3.372863531112671,2.0040154457092285,0.9958022832870483,-0.22629700851396622,0.005576302012506682,-0.03277499098231449,-0.973490879577832,-2.9924012105825932,-0.21338930363031255,0.0,-3.0203704833984375,-0.18416570127010345,-0.06607112288475037,0.11368146947229518,-4.8176815080406,0.3382918093090677,1.0613782510519956,-4.770633532628429,0.40043429028682576,0.013368830871407306,-5.90311444377648,-0.3281869507185389,-0.4630505716061669,-5.203745031005042,-0.2846326964532187,-0.9476967815797003,-0.047047975412171976,-0.06214248097775801,0.0,0.0,0.0,0.0,0.0,0.0
14.0833,-3.492130893582392,1.9907500394904507,1.0,-3.4032626152038574,2.0025439262390137,0.9952487945556641,-0.22892240946469472,-0.0013200919789217653,-0.03267400713328242,-0.972895260314676,-2.9861250592356763,-0.28819634037358827,0.0,-3.0235254764556885,-0.22545097768306732,-0.0642138421535492,0.18363460598415654,-5.023157550930493,0.3300741322488659,1.1326781631598404,-4.987243870886665,0.4004518413375323,-0.18907256854648588,-2.474145937218706,0.11130320478932404,-0.38216725745608604,-4.397917488133275,-0.16774518166788024,-0.9490435571756839,-0.035913680043827695,-0.07037770908866642,0.0,0.0,0.0,0.0,0.0,0.0
14.1,-3.54179603491925,1.9853298661676675,1.0,-3.463979482650757,1.9981708526611328,0.9941803216934204,-0.22974131219454927,-0.008757145743047947,-0.03275126230660288,-0.972661134571198,-2.9779947992515012,-0.36269405237887525,0.0,-3.0135416984558105,-0.3243318796157837,-0.06369080394506454,0.3382228683218395,-4.870112352659836,0.33247208989872773,1.2857409563047304,-4.836487668906935,0.41030118293255147,0.5995418426515856,-5.937956367671272,0.03140928126565967,-0.09234878786637482,-4.852565113511712,-0.1089511441540903,-0.9475180879828908,-0.03362468375290086,-0.07782909303382377,0.0,0.0,0.0,0.0,0.0,0.0
14.1166,-3.591322324923552,1.9786690736454988,1.0,-3.524562120437622,1.9918779134750366,0.9931514859199524,-0.22704637948048992,-0.019100593496924757,-0.032975820715468916,-0.9731380683089472,-2.9680036104682483,-0.4369834873853279,0.0,-3.006946563720703,-0.41962042450904846,-0.0638899952173233,0.5242029721101248,-4.731190213741841,0.3390395856876705,1.4703268534106755,-4.694127385209034,0.42404888400411483,0.3959066838414198,-5.720182123944468,-0.011957474595677687,0.05179315149594299,-5.108701512905426,-0.08031684009372639,-0.9461238813005507,-0.03706282853280621,-0.08500929831644433,0.0,0.0,0.0,0.0,0.0,0.0
14.1333,-3.6407224203040993,1.9707633628373844,1.0,-3.5547871589660645,1.9879802465438843,0.9925999641418457,-0.22704637948048992,-0.019100593496924757,-0.032975820715468916,-0.9731380683089472,-2.9561450442560764,-0.5110836304561496,0.0,-3.0104589462280273,-0.4635554850101471,-0.0654444694519043,0.6302707271261926,-4.9147201501596,0.35137081347074967,1.5797705060720322,-4.887659461780846,0.44389164867743686,-0.21065274898119682,-2.6349753342389364,-0.09322853363837849,-0.025685675193181164,-4.378412331307236,-0.08412860802224209,-0.9494997789458397,-0.027060688378754284,-0.09252083520668718,0.0,0.0,0.0,0.0,0.0,0.0
14.15,-3.68988125842667,1.961630088555851,1.0,-3.6150290966033936,1.9787273406982422,0.991509199142456,-0.22516352170682638,-0.028909039692516396,-0.032417164238457044,-0.9733523850336252,-2.9424451328337766,-0.5848218876400051,0.0,-2.9954206943511963,-0.5632259249687195,-0.06216331198811531,0.7870159079849129,-4.738264011022043,0.3374207484514056,1.7372417693966047,-4.71182402503504,0.43604204550537456,0.9022056299347752,-5.9796333247511155,0.1968499238328184,0.24824479766103758,-4.851122034969884,-0.00117860981924469,-0.9502258614116919,-0.026439985987002833,-0.09862129705396895,0.0,0.0,0.0,0.0,0.0,0.0
14.1666,-3.73878734819733,1.9512728315286807,1.0,-3.6449992656707764,1.973366379737854,0.991021990776062,-0.2259694221339153,-0.03623501543739212,-0.030377804679560368,-0.972986171066914,-2.926909247293021,-0.6581810222959951,0.0,-2.9923086166381836,-0.6037593483924866,-0.0549449697136879,0.8753550108915937,-4.937264087412816,0.29684594767191014,1.8296265001936844,-4.924867121222819,0.39911534233129375,0.18675957191094833,-2.4324600812682426,0.43318150682481543,0.23009323522027547,-4.1370888190204855,0.12705243565316982,-0.9542714893020908,-0.012396966189996979,-0.10226939465938362,0.0,0.0,0.0,0.0,0.0,0.0
14.1833,-3.787463692974534,1.9396853219096208,1.0,-3.704603910446167,1.9612371921539307,0.9901944994926453,-0.22382093384751184,-0.04396458940360818,-0.02786096347388389,-0.9732395579201615,-2.9095279828644314,-0.7311955394618013,0.0,-2.9683785438537598,-0.6994222402572632,-0.047246042639017105,0.9988432956297045,-4.772953048271883,0.2551169625325383,1.9526069658236693,-4.7655451541006695,0.35893355612747424,1.4346154395894972,-5.7350206537741375,0.46155311557537554,0.5856902056658235,-4.608827502920013,0.22580315021936753,-0.9537636701939649,-0.007407894171213364,-0.10381659359493595,0.0,0.0,0.0,0.0,0.0,0.0
14.2,-3.835774285579876,1.9269005980878653,1.0,-3.763823986053467,1.9472540616989136,0.9894500374794006,-0.22178422427171535,-0.054347618316592766,-0.02500698962696868,-0.973258903323628,-2.890350897131798,-0.8036614283698145,0.0,-2.947479724884033,-0.7946703433990479,-0.04212508723139763,1.1505607631610564,-4.601841101952386,0.22846497382677283,2.102462687555694,-4.592295322051629,0.33304114414564057,1.2547560085314706,-5.718654718790707,0.30745993715913483,0.7832106595559484,-4.936468781968335,0.24990972621005653,-0.9519019243946376,-0.009545779900757482,-0.10457617031886776,0.0,0.0,0.0,0.0,0.0,0.0
14.2166,-3.8837702117159134,1.9129067776327098,1.0,-3.8226523399353027,1.9313253164291382,0.988847553730011,-0.22211946557312706,-0.06391372540160284,-0.021377808795392594,-0.9726875606452143,-2.8693601664490647,-0.87565531757387,0.0,-2.9306743144989014,-0.8803924322128296,-0.035124994814395905,1.3368070709717486,-4.478618146376718,0.18984856997248128,2.288262666422424,-4.4643973054532555,0.2938183350230896,1.008368859260107,-5.143550971359904,0.4200239710594833,0.8496814754490442,-4.997603229231958,0.3001305605613556,-0.9514555954506754,-0.014220840923462728,-0.10396976505060836,0.0,0.0,0.0,0.0,0.0,0.0
14.2333,-3.9314183306832993,1.8977120149477675,1.0,-3.8518826961517334,1.9227017164230347,0.988636314868927,-0.22211946557312706,-0.06391372540160284,-0.021377808795392594,-0.9726875606452143,-2.846568022421651,-0.947127496024949,0.0,-2.913372278213501,-0.9297602772712708,-0.023952828720211983,1.3835410287805787,-4.610328411495269,0.12425071399611737,2.3364544317349862,-4.60184005711117,0.22496634302850083,1.0376926816712901,-2.960845225498327,0.670052634448194,0.9051858199102198,-4.396315039581954,0.40933831804223975,-0.9529134029544075,-0.008488354384098777,-0.10071562903238347,0.0,0.0,0.0,0.0,0.0,0.0
14.25,-3.9786467257106612,1.8813395817029412,1.0,-3.909820318222046,1.9039422273635864,0.9884548187255859,-0.22253424851439096,-0.07038202858435007,-0.017354049168057564,-0.972226136947717,-2.8220093725544118,-1.0179700885659924,0.0,-2.881518840789795,-1.022512674331665,-0.01193674374371767,1.498435648417437,-4.430472900795788,0.053446380728202014,2.4492362010117272,-4.420294058766867,0.14838961551664026,1.9119191745731907,-5.567219765594814,0.7212340371391978,1.2023919068267386,-4.741987515971537,0.501415635009505,-0.9508005525942903,-0.010178842028921456,-0.09494323478843826,0.0,0.0,0.0,0.0,0.0,0.0
14.2666,-4.025479869120113,1.8637808238903695,1.0,-3.9385995864868164,1.8939045667648315,0.9884356260299683,-0.21824682873948387,-0.0785233983339418,-0.014329127703582212,-0.9726237924634173,-2.795671235835554,-1.0882198036801691,0.0,-2.871608018875122,-1.0628044605255127,-0.009882807731628418,1.6106561508723172,-4.608821018308678,0.04160436129951789,2.565335074419306,-4.609365566889539,0.13214890995411882,0.5944117941458253,-2.4165415469091847,0.12318693651423505,1.0229050651759513,-4.0554733624475485,0.38975561011945886,-0.9546789235469887,0.0005445485808614377,-0.09054454865460093,0.0,0.0,0.0,0.0,0.0,0.0
14.2833,-4.0718685255535645,1.8450525681561938,1.0,-3.9957737922668457,1.8725188970565796,0.9883570671081543,-0.21395756503995444,-0.08831017051268672,-0.011763354006784474,-0.9727719386359331,-2.7675788522342906,-1.1578027883303466,0.0,-2.8451621532440186,-1.1542109251022339,-0.008846847340464592,1.7775684579330238,-4.422912546773687,0.036169729681217844,2.7350730079996373,-4.425713800901994,0.12355503830606503,1.5857780065191285,-5.481021616057643,0.06211947178618402,1.189075445399224,-4.47632126244384,0.293031433697321,-0.9575045500666137,0.0028012541283066847,-0.08738530862484718,0.0,0.0,0.0,0.0,0.0,0.0
14.3,-4.117693965047275,1.8252059005836208,1.0,-4.052379131317139,1.8492796421051025,0.9884310960769653,-0.21379616895193804,-0.09518050194666723,-0.008794066382343523,-0.9721906071544223,-2.7378088508754312,-1.2265409475709124,0.0,-2.816185712814331,-1.243117094039917,0.0014137241523712873,1.938249335415275,-4.240687278953319,-0.025378694290894843,2.8979228692777816,-4.239626352181163,0.05639866766522829,1.7407545332149303,-5.341022372454095,0.616402017455205,1.3519411954649612,-4.731596834737314,0.3884963404449131,-0.9596735338625065,-0.0010609267721562146,-0.08177736195612313,0.0,0.0,0.0,0.0,0.0,0.0
14.3166,-4.163075414630953,1.8041897984024875,1.0,-4.080436706542969,1.8369992971420288,0.9885404706001282,-0.21152135075547926,-0.10023267101944842,-0.005745374095307968,-0.9722032933558241,-2.7062846976037314,-1.2946131219464296,0.0,-2.8011159896850586,-1.2857617139816284,0.007996645756065845,2.0510871409090567,-4.390192126999494,-0.06504101422190617,3.018365634275422,-4.396398722622578,0.01038169148130308,0.903951489495588,-2.5580209659196544,0.39487399588207744,1.2196864461082033,-4.089917510619029,0.3903791408978851,-0.9672784933663654,0.006206595623084151,-0.07542270570320925,0.0,0.0,0.0,0.0,0.0,0.0
14.3333,-4.20792802764202,1.7820400378841297,1.0,-4.1360673904418945,1.8112014532089233,0.988874614238739,-0.21152135075547926,-0.10023267101944842,-0.005745374095307968,-0.9722032933558241,-2.6730600568261944,-1.361892041463031,0.0,-2.766394853591919,-1.363170862197876,0.010974938049912453,2.1957185926674527,-4.26181965693387,-0.08421044405476324,3.1680662125243293,-4.271558494798938,-0.014615375378312312,2.0821680821251896,-4.642096308369792,0.17860317522018243,1.474306789112315,-4.252930784191069,0.327859005083861,-0.9723476198568763,0.00973883786506727,-0.06959506867645093,0.0,0.0,0.0,0.0,0.0,0.0
14.35,-4.252169876558898,1.7587986030736473,1.0,-4.1908955574035645,1.7838433980941772,0.9892071485519409,-0.20855194195884877,-0.10765133295255568,-0.0031015865819166233,-0.972063618699859,-2.638197904610471,-1.4282548148383465,0.0,-2.728184938430786,-1.4429686069488525,0.011564570479094982,2.3270870243070996,-4.108750708668356,-0.089051323802737,3.3023572262829624,-4.117809471839118,-0.024187518360376414,2.293712699116944,-4.790199081163859,0.035395194805427146,1.7162103904788095,-4.411542205406016,0.2415183427675242,-0.9752702019758627,0.009058763170762795,-0.06486380544236059,0.0,0.0,0.0,0.0,0.0,0.0
14.3666,-4.295842024636163,1.7344447705154946,1.0,-4.218053817749023,1.7695404291152954,0.9893558621406555,-0.20463717144758486,-0.11744754865954506,-0.0014489665049559812,-0.9717652611592504,-2.601667155773242,-1.493763036954245,0.0,-2.7116363048553467,-1.4818567037582397,0.008637446910142899,2.4613761229681255,-4.264514590600891,-0.0718773410001336,3.4465424115676466,-4.283586813369344,-0.009770190211751947,0.9929047578176409,-2.333254656252682,-0.17562506928947444,1.5026773474618036,-3.79799373488974,0.11836998316840257,-0.985166288599521,0.019072222768452905,-0.06210715078838165,0.0,0.0,0.0,0.0,0.0,0.0
14.3833,-4.338891069220154,1.7090071229502246,1.0,-4.271783351898193,1.7398408651351929,0.9895980954170227,-0.2018386944634464,-0.12343609953404884,-0.0004820756532675191,-0.9716091913792145,-2.563510684425337,-1.5583366038302318,0.0,-2.6731984615325928,-1.5516186952590942,0.008413163013756275,2.6088320523731943,-4.155353729833364,-0.0713960196213907,3.6017513594507644,-4.181811209647881,-0.011537799126407719,2.305909949081755,-4.185064935064935,-0.013454929397419761,1.7398062925846758,-3.912264227894974,0.07945285954243858,-0.99291930707757,0.02645747981451646,-0.059858220494982975,0.0,0.0,0.0,0.0,0.0,0.0
14.4,-4.381272679145592,1.6825128211497564,1.0,-4.324717998504639,1.708773136138916,0.989806592464447,-0.1984382235053147,-0.13117236431246598,0.001257493372171113,-0.9712952816515055,-2.5237692317246347,-1.6219090187183893,0.0,-2.6347291469573975,-1.6203428506851196,0.004728254396468401,2.7636463794254698,-4.042401517856211,-0.04998937043954926,3.763691959675908,-4.074141276461801,0.009199794677102725,2.308821635544108,-4.1246333261787225,-0.221158001761823,1.9077900220331245,-3.9749594672953146,-0.009292961144861375,-1.0000455802504387,0.03173975860559005,-0.05918916511665199,0.0,0.0,0.0,0.0,0.0,0.0
14.4166,-4.422999117280575,1.654954072651881,1.0,-4.3508429527282715,1.6927096843719482,0.9898694157600403,-0.1984382235053147,-0.13117236431246598,0.001257493372171113,-0.9712952816515055,-2.4824311089778215,-1.6844986759208638,0.0,-2.6081786155700684,-1.6582297086715698,0.0028682423289865255,2.8670463578269474,-4.1867168902851795,-0.03880571903205693,3.878925951847984,-4.232551361274687,0.0202850965732121,1.5929878266840232,-2.2731486117270086,-0.11159763764268957,1.8148546601529592,-3.4725537977972234,-0.03949517152593979,-1.0118795940210366,0.045834470989506715,-0.05909081560526903,0.0,0.0,0.0,0.0,0.0,0.0
14.4333,-4.46401363029567,1.6263678146366198,1.0,-4.40241813659668,1.659463882446289,0.990095853805542,-0.19135554307764616,-0.14490440551572853,0.003592091604886551,-0.9707589208573557,-2.43955172195493,-1.7460204454435053,0.0,-2.5624256134033203,-1.7261041402816772,0.013499580323696136,2.9938641877302925,-4.061535663043147,-0.10339583239484001,4.014635274506069,-4.117777304446511,-0.04836872769811243,2.745457666886034,-4.072877621677301,0.6379447691859924,2.0895856768842727,-3.6497803630557963,0.16049748091513807,-1.0207710867757764,0.05624164140336379,-0.055027104696727586,0.0,0.0,0.0,0.0,0.0,0.0
14.45,-4.504315095892723,1.5967545678046142,1.0,-4.453256607055664,1.6248090267181396,0.9903438091278076,-0.18909539198446912,-0.15238996503413468,0.006065268675505785,-0.9700430144885497,-2.395131851706921,-1.8064726438390855,0.0,-2.520547389984131,-1.8003709316253662,0.009811997413635254,3.15162622183116,-3.887277936390342,-0.08218816515280197,4.181382927886822,-3.9483845552033987,-0.029272223277846197,2.5121208220706226,-4.454992062470502,-0.22120455585589452,2.2143257746508547,-3.887493574020741,0.04781206308197006,-1.0297567060556616,0.061106618813057054,-0.052915941874955776,0.0,0.0,0.0,0.0,0.0,0.0
14.4666,-4.5438528756971355,1.5661513412247128,1.0,-4.4783101081848145,1.6069461107254028,0.990437388420105,-0.18909539198446912,-0.15238996503413468,0.006065268675505785,-0.9700430144885497,-2.349227011837069,-1.8657793135457028,0.0,-2.4930453300476074,-1.836800456047058,0.014860314317047596,3.2774891029447564,-4.020065032859997,-0.11262720049980318,4.322317741055198,-4.094578496995486,-0.06344305543093653,1.6500779607192413,-2.1857110160641997,0.302890637293118,2.0477495069101717,-3.3850962584948534,0.1231159204006935,-1.0448286381104415,0.07451346413548894,-0.04918414506886665,0.0,0.0,0.0,0.0,0.0,0.0
14.4833,-4.5826264829325,1.5345583420907158,1.0,-4.527695178985596,1.5701566934585571,0.9908181428909302,-0.18681391063467856,-0.16027229893568945,0.009571760031066632,-0.9691861269114748,-2.301837513136074,-1.9239397243987493,0.0,-2.443251848220825,-1.902869701385498,0.02503030374646187,3.4024472376346906,-3.8761392386541518,-0.17524472084939363,4.459404706216327,-3.9602524227964024,-0.13290441761563104,2.9863728658449396,-3.9625146566762948,0.6099469119991706,2.3248482782038193,-3.555560723432108,0.2668373271987332,-1.0569574685816363,0.08411318414225073,-0.04234030323376258,0.0,0.0,0.0,0.0,0.0,0.0
14.5,-4.620566271676492,1.5020335289568099,1.0,-4.576064586639404,1.531965970993042,0.9912538528442383,-0.18445562982436706,-0.16617019852449139,0.011333751179913068,-0.9686254052388859,-2.253050293435215,-1.980849407514739,0.0,-2.386979341506958,-1.974289894104004,0.02902466058731079,3.4943068969676503,-3.6880643715205315,-0.2010980530315169,4.5597833761459325,-3.776377039011746,-0.16593532592177973,3.378431765480519,-4.287853196301279,0.23980915053963528,2.6358853805735887,-3.7717468459359447,0.2588581154400962,-1.0654764791782825,0.08831266749121466,-0.03516272710973716,0.0,0.0,0.0,0.0,0.0,0.0
14.5166,-4.6577020835833745,1.46855202571559,1.0,-4.599874973297119,1.512306809425354,0.9915056228637695,-0.1800056060261798,-0.17484763552201832,0.013278153889114649,-0.967910173219656,-2.2028280385733847,-2.036553125375062,0.0,-2.364471435546875,-2.0072555541992188,0.030454060062766075,3.67655754637402,-3.8190003733414217,-0.21065012194391558,4.760576863457392,-3.920312092521665,-0.1821385275852361,1.350321113383777,-1.977715160270622,0.0857542365153834,2.2563633119329842,-3.242115901822309,0.20775468646658402,-1.084019317083372,0.10131171918024331,-0.02851159435867948,0.0,0.0,0.0,0.0,0.0,0.0
14.5333,-4.693982637051264,1.4341591291065305,1.0,-4.646815776824951,1.4720847606658936,0.9919392466545105,-0.1800056060261798,-0.17484763552201832,0.013278153889114649,-0.967910173219656,-2.1512386936597956,-2.0909739555768967,0.0,-2.309796094894409,-2.0675971508026123,0.025522995740175247,3.7921880776558283,-3.6775779906022636,-0.1829632057204708,4.891349955912408,-3.789036632843584,-0.15854204657316778,3.2810398603599737,-3.6210690474146565,-0.29591070496036853,2.5588665576062763,-3.3539897967365313,0.05906345714758064,-1.0991618782565797,0.1114586422413202,-0.02442115914730304,0.0,0.0,0.0,0.0,0.0,0.0
14.55,-4.729394248726561,1.398868143074046,1.0,-4.692659378051758,1.430435299873352,0.9923601150512695,-0.17562121310293036,-0.18868219481838042,0.01698024876861459,-0.9660579878149962,-2.098302214611069,-2.144091373089842,0.0,-2.2517871856689453,-2.139540433883667,0.03166491910815239,3.8929774021861587,-3.453951755862705,-0.22166445811019914,5.004435487393581,-3.568642428907213,-0.20332491919493956,3.4809860363969327,-4.3171569188508645,0.36856320461829,2.8310930818308755,-3.6383343355206645,0.15043343949828425,-1.1114580852074216,0.11469067304450829,-0.018339538915259565,0.0,0.0,0.0,0.0,0.0,0.0
14.5666,-4.76392536135575,1.362689449720455,1.0,-4.71514892578125,1.4090782403945923,0.9926145076751709,-0.17562121310293036,-0.18868219481838042,0.01698024876861459,-0.9660579878149962,-2.0440341745806823,-2.195888042033625,0.0,-2.22265625,-2.174116849899292,0.035876236855983734,4.0604740348702,-3.5507527497331264,-0.24795807444043477,5.193093461125773,-3.6758235190961113,-0.2366192982736967,1.74735788344655,-2.0739935645334286,0.2526070343224884,2.511154643242704,-3.176512347607357,0.1805969521734569,-1.1326194262555727,0.12507076936298486,-0.011338776166738066,0.0,0.0,0.0,0.0,0.0,0.0
14.5833,-4.797544365114138,1.3256548851472965,1.0,-4.759232997894287,1.3653602600097656,0.9930898547172546,-0.17189355615980859,-0.1953904768881926,0.017910893330583662,-0.9653779484142729,-1.9884823277209447,-2.2463165476712077,0.0,-2.156008243560791,-2.238691568374634,0.03038094937801361,4.121226326615832,-3.3497927197691975,-0.2171326282061034,5.268837398614659,-3.480133207979896,-0.21014744560885518,3.9968258961124374,-3.872492529417652,-0.3295478510458815,2.949751951521613,-3.3819784180908696,0.02999288206556315,-1.1476110719988264,0.13034048821069846,-0.0069851825972482165,0.0,0.0,0.0,0.0,0.0,0.0
14.6,-4.8302244283495455,1.28779392718024,1.0,-4.780754089355469,1.3429750204086304,0.9933216571807861,-0.16847162718742878,-0.2033036583315903,0.0179857882803875,-0.9643451398915134,-1.9316908907703603,-2.295336642524319,0.0,-2.1209378242492676,-2.2727200984954834,0.03452760726213455,4.268462821771765,-3.432853662731085,-0.24294887152557182,5.438343377565825,-3.574562936939779,-0.24172099714368994,2.1032342932311474,-2.040750378907032,0.24868231505047328,2.6998444665247834,-2.98602338656021,0.09455399978992464,-1.1698805557940604,0.1417092742086942,-0.0012278743818818815,0.0,0.0,0.0,0.0,0.0,0.0
14.6166,-4.861904664630274,1.2491812593079477,1.0,-4.822813034057617,1.2972092628479004,0.9938197731971741,-0.16385771421635403,-0.2112912579385681,0.016911633699238846,-0.9634421015153191,-1.8737718889619215,-2.342856996945412,0.0,-2.0531749725341797,-2.3355300426483154,0.036694251000881195,4.331923164252158,-3.219271539874323,-0.2582335895846927,5.518348673452801,-3.366820106450631,-0.2631852825043267,4.071366156226275,-3.7737827500752053,0.13017752009053274,3.1047427373819905,-3.2185843489816044,0.10507071409336535,-1.186425509200642,0.14754856657630797,0.00495169291963399,0.0,0.0,0.0,0.0,0.0,0.0
14.6333,-4.892642844509208,1.2097473991844823,1.0,-4.863321781158447,1.2501392364501953,0.9942858219146729,-0.16004376423508423,-0.21872794028359177,0.014820686397764904,-0.962457508987256,-1.8146210987767235,-2.3889642667638116,0.0,-1.9668666124343872,-2.403214454650879,0.02983923815190792,4.286502724780991,-2.9635749726979053,-0.21924325368509473,5.479361875919741,-3.110190152258031,-0.22755970293678437,5.17769180159048,-4.06042965844728,-0.41123645249299157,3.716715189568118,-3.4671124712062626,-0.04735259831338161,-1.1928591511387503,0.14661517956012554,0.008316449251689655,0.0,0.0,0.0,0.0,0.0,0.0
14.65,-4.922404498127193,1.169531378141112,1.0,-4.882931232452393,1.226074457168579,0.9944543242454529,-0.16004376423508423,-0.21872794028359177,0.014820686397764904,-0.962457508987256,-1.754297067211668,-2.4336067471907903,0.0,-1.9252581596374512,-2.43680739402771,0.029156219214200974,4.414340407550747,-3.0210856404715436,-0.2158026241455832,5.622225653011492,-3.172664516989517,-0.22749581304049488,2.4941903673002717,-2.0137058739459768,-0.040943105080748894,3.355803517275133,-3.0380402789821437,-0.04546039876127041,-1.2078852454607452,0.1515788765179734,0.011693188894911666,0.0,0.0,0.0,0.0,0.0,0.0
14.6666,-4.951121837231062,1.1286260136195347,1.0,-4.920780658721924,1.177007794380188,0.9948100447654724,-0.15862813588730032,-0.22543641201422226,0.012034231802164149,-0.9611819346170738,-1.6929390204293022,-2.476682755846593,0.0,-1.8240760564804077,-2.4921088218688965,0.02881966531276703,4.285165230153008,-2.8156952916639453,-0.21538904110623663,5.49361944330095,-2.9689334830371963,-0.2305693524453483,6.07571224051539,-3.3207015032211884,-0.020209153543307087,4.158770285645458,-3.121487038732389,-0.03800576964201095,-1.2084542131479423,0.15323819137325118,0.015180311339111647,0.0,0.0,0.0,0.0,0.0,0.0
14.6833,-4.978831790998261,1.0869792166980792,1.0,-4.9564313888549805,1.126877784729004,0.9951210618019104,-0.15486418523925463,-0.22957546961401495,0.00839978261452423,-0.9608546643383867,-1.6304688250471187,-2.518247686497392,0.0,-1.7136744260787964,-2.5430662631988525,0.03178799897432327,4.099254328513352,-2.6238842554068382,-0.23459139710185356,5.294315612664808,-2.7768522053762785,-0.25450287321466963,6.620032023789101,-3.055569851889975,0.17799070380854348,4.885379736581859,-3.102027080371779,0.025760337207104106,-1.1950612841514558,0.15296794996944008,0.019911476112816077,0.0,0.0,0.0,0.0,0.0,0.0
14.7,-5.005468347307444,1.0446902489888652,1.0,-4.973440647125244,1.1014318466186523,0.9952628016471863,-0.14589945046222225,-0.23493841901100335,0.004298472785929139,-0.9609885227292574,-1.5670353734832978,-2.5582025209611654,0.0,-1.6574013233184814,-2.565044641494751,0.022977657616138458,4.1534786708734375,-2.721753154909325,-0.1822802252962265,5.343547146946062,-2.882236591211422,-0.20372174004587582,3.378177420278239,-1.319402301482796,-0.5289009274632164,4.440426064842161,-2.5757636636288366,-0.13798580597300417,-1.190068476072624,0.1604834363020967,0.021441514749649317,0.0,0.0,0.0,0.0,0.0,0.0
14.7166,-5.031054227035271,1.001724145193336,1.0,-5.005770683288574,1.0498149394989014,0.9954080581665039,-0.14109185955134979,-0.24269510920588008,0.003349620785403344,-0.9597817320158449,-1.5025862177900042,-2.596581340552907,0.0,-1.5504052639007568,-2.6136727333068848,0.01836843602359295,3.9890647475367396,-2.5211315132147414,-0.1551980699635624,5.162314591443278,-2.6856538460094272,-0.17714020392376129,6.417933500178763,-2.9168537718984626,-0.27647445924204506,5.02422240374609,-2.676459697881804,-0.17887018765141735,-1.1732498439065382,0.16452233279468598,0.02194213396019889,0.0,0.0,0.0,0.0,0.0,0.0
14.7333,-5.055545549133964,0.9581543846979608,1.0,-5.035830974578857,0.9972686171531677,0.9955396056175232,-0.1356414080284967,-0.24508654246381245,0.004614194828124239,-0.9599545340947396,-1.437231577046941,-2.633318323700946,0.0,-1.430968999862671,-2.656553268432617,0.027663148939609528,3.7471968700254052,-2.342007101095753,-0.21147545821584574,4.890056315731149,-2.509008335155498,-0.2379736531504706,7.168746422438466,-2.5737550085861476,0.5578828214439039,5.657325090710726,-2.6461393964115523,0.03863276667405616,-1.1428594457057444,0.1670012340597454,0.026498194934624856,0.0,0.0,0.0,0.0,0.0,0.0
14.75,-5.078948966156057,0.9139696799195781,1.0,-5.049961090087891,0.9707391262054443,0.9956455230712891,-0.1356414080284967,-0.24508654246381245,0.004614194828124239,-0.9599545340947396,-1.3709545198793671,-2.6684234492340853,0.0,-1.3763023614883423,-2.665595293045044,0.024089431390166283,3.8226674672684724,-2.4881922788832807,-0.1904176014773657,4.9472937950987035,-2.6675302443046633,-0.22004510889849777,3.280236051502146,-0.5425608011444921,-0.21443859531473533,4.955564958970735,-2.0251245468241255,-0.03607852490970433,-1.1246263278302313,0.17933796542138278,0.029627507421132057,0.0,0.0,0.0,0.0,0.0,0.0
14.7667,-5.101314202666361,0.8690610699326317,1.0,-5.076501846313477,0.9171181321144104,0.9957088232040405,-0.12769621078529894,-0.2430694469776417,0.00559996746794552,-0.9615505931009987,-1.3035916048989475,-2.701971303999542,0.0,-1.266127586364746,-2.7087507247924805,0.01682976447045803,3.6365801309930186,-2.2867453813473513,-0.14703236378109524,4.7323422277780365,-2.4740812262631313,-0.1773861974317596,6.578403040742534,-2.576758819007488,-0.4334659624747317,5.434656422215214,-2.187977066496075,-0.15339455974796906,-1.0957620967850177,0.18733584491577993,0.030353833650664366,0.0,0.0,0.0,0.0,0.0,0.0
14.7834,-5.122469084037844,0.8237757205248649,1.0,-5.1006622314453125,0.8627376556396484,0.9955489039421082,-0.12341457566534998,-0.2405599182501818,0.0067259626727625655,-0.9627328964954263,-1.2356635807872973,-2.7337036260567666,0.0,-1.151253342628479,-2.74904465675354,0.005089818965643644,3.417165934644634,-2.0886564028596903,-0.07564495606227867,4.473704442505634,-2.2807211400995375,-0.10320307108717887,6.903225113187002,-2.4214138346037024,-0.7054974553072526,5.868204741628906,-2.256891867093829,-0.3163854256057779,-1.0565385078610001,0.19206473723984704,0.0275581150249002,0.0,0.0,0.0,0.0,0.0,0.0
14.8,-5.14247846653048,0.7779929950658244,1.0,-5.111845970153809,0.8353721499443054,0.995379626750946,-0.12060105225629311,-0.23769714624863997,0.007554063952304637,-0.9637938169661425,-1.1669894925987365,-2.7637176997957194,0.0,-1.0963096618652344,-2.7606709003448486,-0.0046068159863352776,3.499930948865562,-2.189014258209462,-0.016464814194806665,4.530081636402505,-2.3925568587135277,-0.039101973971709475,3.2980393559928443,-0.6978747763864043,-0.58204844029517,5.1094449434607965,-1.796641526902958,-0.3948140032113273,-1.0301506875369428,0.20354260050406559,0.022637159776902813,0.0,0.0,0.0,0.0,0.0,0.0
14.8167,-5.161399693922026,0.7315676178365117,1.0,-5.132479667663574,0.7801707983016968,0.9948150515556335,-0.11799021831008122,-0.23720445485790367,0.007748234483394289,-0.9642367381971434,-1.0973514267547675,-2.7920995408830387,0.0,-0.9848299622535706,-2.7926576137542725,-0.009508255869150162,3.299532562315895,-2.0198609563033294,0.015940140733148367,4.292767860764512,-2.232963948992151,-0.0016650918263725542,6.665332639591738,-1.9124745192513293,-0.29305539345483317,5.568771429175022,-1.8308375433875967,-0.36477300171305327,-0.9932352984486165,0.21310299268882155,0.01760523255952092,0.0,0.0,0.0,0.0,0.0,0.0
14.8333,-5.179066117710937,0.6849164367065123,1.0,-5.150848388671875,0.7244143486022949,0.9942991137504578,-0.11316125894701373,-0.2339612390599222,0.007529871661259349,-0.9656085759693245,-1.0273746550597684,-2.818599176566406,0.0,-0.8813141584396362,-2.823650598526001,-0.00969679281115532,3.141089128558533,-1.8430674991978317,0.01984103455877856,4.091628463724403,-2.0637174032866943,0.005872208313975558,6.212464943910256,-1.860033195970696,-0.011314978966346154,5.758801519865764,-1.8394566336551503,-0.2604257330512666,-0.9505393351658702,0.22064990408886268,0.013968826244803001,0.0,0.0,0.0,0.0,0.0,0.0
14.85,-5.195560136254818,0.6378493316149317,1.0,-5.159234046936035,0.696340024471283,0.9940260648727417,-0.11316125894701373,-0.2339612390599222,0.007529871661259349,-0.9656085759693245,-0.9567739974223977,-2.843340204382227,0.0,-0.8264611959457397,-2.836962938308716,-0.01025182381272316,3.2315430958081985,-1.9016717697515557,0.024734447954285754,4.151594050164247,-2.133672959505913,0.013592152343586444,3.3102644528215017,-0.8033725648182786,-0.03349498935282438,5.035948624413723,-1.533585679455327,-0.1934316297732954,-0.9200509543560482,0.2320011897543575,0.01114229561069931,0.0,0.0,0.0,0.0,0.0,0.0
14.8666,-5.210903285431679,0.590295378371212,1.0,-5.174144744873047,0.6397814750671387,0.9935122728347778,-0.10874620797810351,-0.22619441781633465,0.007543190065388829,-0.9679636575704162,-0.8854430675568181,-2.8663549281475196,0.0,-0.7111033201217651,-2.868403673171997,-0.004019851330667734,2.9991290547080034,-1.699920493336188,-0.009872327155351301,3.8763055405496547,-1.939843625352017,-0.021125700748547447,6.926532482033957,-1.8878231740487301,0.374191701396842,5.594083534425673,-1.6381630624530947,-0.025858847647612523,-0.8771764858416513,0.23992313201582896,0.011253373593196146,0.0,0.0,0.0,0.0,0.0,0.0
14.8833,-5.225071303262744,0.542310314630177,1.0,-5.186776161193848,0.5827472805976868,0.993070125579834,-0.10693487340636297,-0.2211070930035393,0.008017299964287832,-0.9693360853984765,-0.8134654719452654,-2.8876069548941157,0.0,-0.6035373210906982,-2.8944482803344727,-0.006463511381298304,2.8091548854445096,-1.5186274717451513,0.007231556673316375,3.6363515422542028,-1.7648401583509816,-0.0032918478773399026,6.448615696868345,-1.5613824450066465,-0.14649819368809228,5.84635704753374,-1.615496020821269,-0.06147378759053524,-0.8271966568096933,0.24621268660583034,0.010523404550656278,0.0,0.0,0.0,0.0,0.0,0.0
14.9,-5.2380214900434865,0.49403714853199276,1.0,-5.1922736167907715,0.5540774464607239,0.9928395748138428,-0.1026911704500738,-0.21766160921119798,0.0077212605003473605,-0.9705763828564551,-0.7410557227979891,-2.9070322350652305,0.0,-0.55386883020401,-2.908688545227051,-0.0033451186027377844,2.936714562732834,-1.540139840737719,-0.010087467986879817,3.7283738974157195,-1.7946162124283869,-0.021169198530622737,2.981391771019678,-0.854783542039356,0.18718407591681574,5.00056693335847,-1.3909197931238897,0.011934558573561405,-0.7916593346828854,0.254476371690668,0.01108173054374292,0.0,0.0,0.0,0.0,0.0,0.0
14.9166,-5.249763769124983,0.44544499616399225,1.0,-5.201724529266357,0.49628010392189026,0.9924816489219666,-0.09911984670479107,-0.21349597275506313,0.007429351427560913,-0.9718742529094996,-0.6681674942459883,-2.9246456536874748,0.0,-0.45504799485206604,-2.9378867149353027,-0.00018626368546392769,2.7952817926718545,-1.3161200491267855,-0.02700042826812593,3.544716917222833,-1.5750508116157453,-0.03964673028127353,5.930952636474208,-1.7523932174286327,0.18958571674810626,5.275233798090168,-1.4976333548275176,0.06438042749475137,-0.7494351245509783,0.2589307624889599,0.012646302013147597,0.0,0.0,0.0,0.0,0.0,0.0
14.9333,-5.260286760464437,0.396580151732086,1.0,-5.209310054779053,0.4381420314311981,0.992017388343811,-0.09488151220333098,-0.20327060466564564,0.007816217350042363,-0.9744831849791724,-0.594870227598129,-2.9404301406966553,0.0,-0.36883223056793213,-2.951192855834961,-0.010762483812868595,2.725910718820951,-1.1753706837613351,0.039044244124467,3.4321391720959706,-1.4404343477713417,0.028905185780092796,5.173690893483082,-0.7984834394448816,-0.6346646024072381,5.245256476694561,-1.2912315210584835,-0.14199044216334616,-0.7062284532750197,0.2650636640100067,0.010139058344374202,0.0,0.0,0.0,0.0,0.0,0.0
14.95,-5.269590274927578,0.3474394176122048,1.0,-5.212416648864746,0.40894997119903564,0.9917202591896057,-0.09488151220333098,-0.20327060466564564,0.007816217350042363,-0.9744831849791724,-0.5211591264183072,-2.954385412391367,0.0,-0.31998082995414734,-2.9635629653930664,-0.012468775734305382,2.864064103281711,-1.1750837984746632,0.05104369963875227,3.5392430826470713,-1.446941992766838,0.043471218991731064,2.9303742026829895,-0.74202682989617,-0.10235272205099968,4.561860919028036,-1.1290962581107382,-0.1302886627057394,-0.67517897936536,0.271858194292175,0.007572480647021205,0.0,0.0,0.0,0.0,0.0,0.0
14.9666,-5.2776606298409225,0.29809131684301815,1.0,-5.21714448928833,0.3502981960773468,0.9911246299743652,-0.09093121453295044,-0.1972004258822884,0.008450948888616439,-0.9761005281439294,-0.4471369752645272,-2.966490944761384,0.0,-0.2281477451324463,-2.9843204021453857,-0.012475650757551193,2.757635467289846,-0.9664910244297575,0.05435898779297871,3.395751609709918,-1.2426278108297995,0.048863022495191075,5.509123448137765,-1.2452514445906517,-0.00041243688855197665,4.841510131260204,-1.1633873921919278,-0.09194682702519344,-0.6381161424200719,0.27613678640004186,0.005495965297787637,0.0,0.0,0.0,0.0,0.0,0.0
14.9833,-5.284498677016389,0.24852565445080196,1.0,-5.218832015991211,0.32089006900787354,0.9908151626586914,-0.08644676350961097,-0.1942318810960524,0.008618946226780855,-0.9771011786212751,-0.37278848167620293,-2.976748015524584,0.0,-0.18733809888362885,-2.9908480644226074,-0.01350706908851862,2.9474062663698755,-0.9793394156657331,0.06240123181215834,3.561759552154441,-1.261827162936342,0.059025552673220634,2.4466910976429053,-0.3913577952800926,-0.06183739091825212,4.1345157811098865,-0.9354701443733943,-0.08305797115967702,-0.6143532857845658,0.28248774727060877,0.003375679138937707,0.0,0.0,0.0,0.0,0.0,0.0
15.0,-5.290087700419768,0.19887419299134254,1.0,-5.220974445343018,0.2618493139743805,0.990175187587738,-0.07924918813872368,-0.1881573506505864,0.007965164312679894,-0.9789039679194801,-0.2983112894870138,-2.985131550629653,0.0,-0.10316227376461029,-3.008180618286133,-0.015403170138597488,2.883405820988175,-0.7680318055156599,0.07730494923619174,3.468905196778807,-1.0545433462630356,0.07643440790815682,5.054531138153186,-1.040773085182534,-0.11385575116320687,4.406121130136474,-0.9665574971801001,-0.0921500387247069,-0.585499375790632,0.2865115407473757,0.0008705413280349168,0.0,0.0,0.0,0.0,0.0,0.0
15.0166,-5.294434338009706,0.14910288852930442,1.0,-5.221298694610596,0.20246729254722595,0.9894506335258484,-0.07680847467816994,-0.1842701362757145,0.006784462498495721,-0.9798463714521837,-0.22365433279395663,-2.99165150701456,0.0,-0.0074605937115848064,-3.0280730724334717,-0.02311372011899948,2.7455875763432758,-0.5286464543004723,0.1275423678523691,3.2942505066021823,-0.8154188149440036,0.13159239137261503,5.74695672555515,-1.1945565959396387,-0.46302423367121953,4.801960305094748,-1.033866998399021,-0.20163887974484784,-0.5486629302589063,0.2867723606435313,-0.004050023520245916,0.0,0.0,0.0,0.0,0.0,0.0
15.0333,-5.297538433217031,0.0991978216537434,1.0,-5.2196946144104,0.1427750587463379,0.9885342121124268,-0.07258598739174997,-0.18066978915687595,0.0038392828714029124,-0.9808542290406247,-0.1487967324806151,-2.996307649825547,0.0,0.0838264524936676,-3.043339490890503,-0.03252632915973663,2.6291565083584434,-0.3044890389330064,0.1889824201406452,3.136256739610218,-0.5891559423337595,0.20051773996833436,5.475818014771606,-0.915750182343435,-0.5646116978676544,5.000895417459862,-0.9989967554133088,-0.30879508990881466,-0.5071002312517745,0.28466690340075307,-0.011535319827689156,0.0,0.0,0.0,0.0,0.0,0.0
15.05,-5.299394466719725,0.0492114463366675,1.0,-5.218255519866943,0.11282612383365631,0.9880350232124329,-0.07258598739174997,-0.18066978915687595,0.0038392828714029124,-0.9808542290406247,-0.07381716950500125,-2.9990917000795876,0.0,0.12328425794839859,-3.0495145320892334,-0.032464005053043365,2.828634748552127,-0.2729215281095022,0.19150337769728593,3.3085776889719316,-0.5557451402020683,0.20930243670712534,2.3667257461352555,-0.3703862599568121,0.0037382734852060007,4.223240384314913,-0.8134194476943006,-0.21652952869048048,-0.4799429404198046,0.2828236120925662,-0.0177990590098394,0.0,0.0,0.0,0.0,0.0,0.0
15.0666,-5.299999857790551,-0.0007542133468655913,1.0,-5.214174270629883,0.05286509916186333,0.9870511889457703,-0.06343889900627914,-0.1801342923731208,-0.00028002366150629105,-0.9815942012599305,0.001131320020298387,-2.9999997866858275,0.0,0.20073485374450684,-3.0569353103637695,-0.03372659534215927,2.7901215759421665,-0.0723388723862041,0.20442942718851326,3.2405523630257727,-0.35287010681359887,0.2281330586920332,4.650166677402731,-0.44554668040882933,-0.07580645738498096,4.349276829201437,-0.7048166829784456,-0.17498550596801557,-0.4504307870836062,0.28053123442739475,-0.023703631503519944,0.0,0.0,0.0,0.0,0.0,0.0
15.0834,-5.2993500715482496,-0.05098324626785376,1.0,-5.208522796630859,-0.007052341476082802,0.986042857170105,-0.05628757453327649,-0.17832692487349633,-0.002439164563870912,-0.9823570170711291,0.07647486940178064,-2.9990251073223746,0.0,0.24070587754249573,-3.0527470111846924,-0.03392472863197327,2.974364970888997,0.06910095587026363,0.21112743284002816,3.4067957387597616,-0.21175050791128683,0.24018614093778468,2.386417824403576,0.2500569378807721,-0.011829289557592666,3.7698049747299778,-0.4229205373497126,-0.12681880878762852,-0.43243076787076434,0.28085146378155046,-0.029058708097756507,0.0,0.0,0.0,0.0,0.0,0.0
15.1,-5.2974509695084375,-0.10094366948850285,1.0,-5.205006122589111,-0.037075381726026535,0.9855641722679138,-0.04797864998742969,-0.1726598912328579,-0.004575124699554529,-0.983801684597537,0.15141550423275427,-2.996176454262656,0.0,0.33306440711021423,-3.066771984100342,-0.02837330847978592,2.855956281376815,0.18200246139649282,0.18069344763422462,3.2607916644583455,-0.09369281123696563,0.2127304098096049,5.542468487545248,-0.8416436553016754,0.3331427145779978,4.293127643660414,-0.5465352550021824,0.008970239880003672,-0.4048353830815304,0.27569527263345844,-0.03203696217538027,0.0,0.0,0.0,0.0,0.0,0.0
15.1166,-5.294320722884733,-0.1506149204843734,1.0,-5.19671630859375,-0.09707190841436386,0.9846789836883545,-0.0431299500941909,-0.16992123116346852,-0.005491650067272407,-0.9844981191223311,0.22592238072656007,-2.9914810843271002,0.0,0.41811540722846985,-3.0596084594726562,-0.024882864207029343,2.758231518702481,0.3296920181304773,0.16468503601119094,3.130597797349276,0.056082970653911546,0.19860357288871897,5.12704806116876,0.4318319008882118,0.21041111234873092,4.539316192931653,-0.2577033884279666,0.0684392672785473,-0.37236627864679495,0.2736090474765658,-0.033918536877528015,0.0,0.0,0.0,0.0,0.0,0.0
15.1333,-5.289930332019783,-0.20044269432342485,1.0,-5.1919074058532715,-0.12703260779380798,0.984316885471344,-0.0431299500941909,-0.16992123116346852,-0.005491650067272407,-0.9844981191223311,0.30066404148513726,-2.9848954980296756,0.0,0.4637780785560608,-3.058776617050171,-0.01647004298865795,2.919099961249019,0.37576746986077697,0.11654163899025433,3.2691576530857756,0.10525143256807956,0.14975330288379857,2.738352682975651,0.049884902989662715,0.5045099396276862,4.007638847590639,-0.16689770284086727,0.19717530005986983,-0.35005769183675617,0.2705160372926974,-0.033211663893544234,0.0,0.0,0.0,0.0,0.0,0.0
15.15,-5.284298240105546,-0.25012095936573053,1.0,-5.181095600128174,-0.18675480782985687,0.9837368726730347,-0.03547551342215765,-0.17051904206274704,-0.00663998310180025,-0.9846932590309365,0.3751814390485958,-2.9764473601583186,0.0,0.5375377535820007,-3.044731616973877,-0.009277233853936195,2.8833555274643867,0.5031259966419747,0.07682693639098487,3.2091094044081467,0.23198917097791644,0.1076902635836686,4.425711342860821,0.8427249188160737,0.4315813073115603,4.131061489535657,0.13116134850099576,0.26637623776826913,-0.3257538769437601,0.2711368256640582,-0.030863327192683733,0.0,0.0,0.0,0.0,0.0,0.0
15.1666,-5.27742817118761,-0.29962948418608715,1.0,-5.1688032150268555,-0.24625518918037415,0.9831895232200623,-0.02402257095465583,-0.16957499480295152,-0.008453983461709074,-0.9851882316198485,0.4494442262791307,-2.966142256781416,0.0,0.6184949278831482,-3.044491767883301,-0.014415804296731949,2.798810176405963,0.7239817205316366,0.11095526262358929,3.096112209238429,0.45530176611277295,0.1424712674785143,4.8591033328086315,0.014395901604155636,-0.3084204084443554,4.345992748491598,0.09669005439066376,0.09668576193141414,-0.2973020328324656,0.2686799544188636,-0.031516004854925006,0.0,0.0,0.0,0.0,0.0,0.0
15.1833,-5.269310448550642,-0.34902200106765163,1.0,-5.162074089050293,-0.27592703700065613,0.9828993082046509,-0.01561541790999832,-0.16571861611612143,-0.009141482854618778,-0.9860070605927181,0.5235330016014774,-2.9539656728259636,0.0,0.6515325903892517,-3.034278154373169,-0.012749903835356236,3.0320055676457516,0.7470696661839751,0.10298163425097867,3.3144913885932454,0.4807472843712627,0.1350140891248001,1.9799108418586044,0.6120906441104189,0.09983558565396926,3.647482123471345,0.24884572873638516,0.09761564746537545,-0.28248582094749397,0.2663223818127124,-0.03203245487382142,0.0,0.0,0.0,0.0,0.0,0.0
15.2,-5.259973714251233,-0.3981244019703212,1.0,-5.147647857666016,-0.33490636944770813,0.9823180437088013,-0.010700305120218502,-0.16338855920633302,-0.0084993334707068,-0.98646721988476,0.5971866029554818,-2.9399605713768495,0.0,0.7203565239906311,-3.0092740058898926,-0.014536470174789429,3.012656260397393,0.8398867656443063,0.11719677804201295,3.2784301224385946,0.5707460525387404,0.1508268648606928,4.129262745322424,1.5001859586885622,-0.10718948251630715,3.789712568811563,0.6182642360528614,0.037153429758619884,-0.26577386204120157,0.2691407131055659,-0.033630086818679863,0.0,0.0,0.0,0.0,0.0,0.0
15.2166,-5.249410150864273,-0.446990004035135,1.0,-5.139914512634277,-0.3642227053642273,0.9820553064346313,-0.010700305120218502,-0.16338855920633302,-0.0084993334707068,-0.98646721988476,0.6704850060527026,-2.9241152262964105,0.0,0.7551337480545044,-3.0000040531158447,-0.010508757084608078,3.232342240257519,0.8901615119893042,0.09494209360930311,3.4920358370823332,0.6207478577068912,0.12894015623956473,2.0875014311065314,0.5564285305398133,0.24176331107962676,3.2871887287105332,0.6000092055801622,0.09755800649207667,-0.2596935968248144,0.26941365428241293,-0.03399806263026162,0.0,0.0,0.0,0.0,0.0,0.0
15.2333,-5.237630962253018,-0.4955665990746775,1.0,-5.123411655426025,-0.42250993847846985,0.9814701676368713,0.008651041051921906,-0.1615968439925743,-0.006487411510190793,-0.9867976511770854,0.7433498986120162,-2.9064464433795276,0.0,0.8235905766487122,-2.9803853034973145,-0.02493945322930813,3.206765970797622,1.0350949620863972,0.1850694570774874,3.4570866783071126,0.7637965577487509,0.22499588936998272,4.108530320808173,1.177446126548951,-0.8660779921944309,3.5296637788104124,0.7704791387827928,-0.18692495322607797,-0.2503207075094903,0.27129840433764635,-0.039926432292495324,0.0,0.0,0.0,0.0,0.0,0.0
15.25,-5.224637039114682,-0.5438494899031081,1.0,-5.105535984039307,-0.48038727045059204,0.9805830121040344,0.008651041051921906,-0.1615968439925743,-0.006487411510190793,-0.9867976511770854,0.8157742348546622,-2.886955558672023,0.0,0.8949325084686279,-2.9617412090301514,-0.03504926711320877,3.157630455318826,1.1957267866148982,0.2508113040639853,3.395135794473404,0.9226328189724355,0.29950687834787104,4.2808261802575105,1.1187267525035764,-0.606632801323319,3.7514206491265307,0.8732881994666113,-0.3108303812158891,-0.23750533915457836,0.2730939676424627,-0.048695574283885754,0.0,0.0,0.0,0.0,0.0,0.0
15.2666,-5.210432136981145,-0.5918184265377828,1.0,-5.096092224121094,-0.5091087818145752,0.980110764503479,0.013321717925406724,-0.16520746440573736,-0.005701330638614127,-0.9861524250732322,0.8877276398066742,-2.8656482054717167,0.0,0.929856538772583,-2.9470226764678955,-0.0349324569106102,3.3697445216129593,1.2455733310949713,0.2531350720282273,3.6046777848537706,0.9730882600349098,0.30932689689530807,2.0941257201675505,0.8825572917411256,0.0070042102102960725,3.262156894805621,0.8760246049223526,-0.21699980058899537,-0.23493326324081132,0.2724850710600614,-0.05619182486708076,0.0,0.0,0.0,0.0,0.0,0.0
15.2833,-5.1950346224171895,-0.6394089300597398,1.0,-5.076224327087402,-0.5660507678985596,0.979214608669281,0.017986120186819502,-0.16764484826525874,-0.005997538689948658,-0.9856651232107493,0.9591133950896096,-2.842551933625784,0.0,0.995840311050415,-2.9104666709899902,-0.029693251475691795,3.34317888174208,1.3174276930395477,0.2268738310227843,3.572868656290346,1.0397739360243257,0.28788274293376886,3.9569357467616024,2.1922021103199794,0.3141863302808041,3.467268310758773,1.2645842610169198,-0.06018394597475095,-0.22968977454826564,0.27765375701522205,-0.06100891191098455,0.0,0.0,0.0,0.0,0.0,0.0
15.3,-5.178476591401724,-0.686531642064485,1.0,-5.055015563964844,-0.6222063899040222,0.9784956574440002,0.025066627417611717,-0.166960230663116,-0.007677048456259261,-0.9856150949015668,1.0297974630967275,-2.8177148871025866,0.0,1.0650869607925415,-2.875627279281616,-0.025286180898547173,3.2892387457095253,1.4075333683269788,0.20474218485789036,3.510487739303501,1.1217323545404065,0.2688547573614079,4.159384487598098,2.0926705619522257,0.26471607020106547,3.671593656350309,1.509050472442436,0.035732477176893526,-0.22124899359397573,0.2858010137865722,-0.06411257250351755,0.0,0.0,0.0,0.0,0.0,0.0
15.3166,-5.160721818447847,-0.7332900615391822,1.0,-5.043879985809326,-0.650049090385437,0.9781145453453064,0.025066627417611717,-0.166960230663116,-0.007677048456259261,-0.9856150949015668,1.0999350923087734,-2.7910827276717702,0.0,1.1035152673721313,-2.8636178970336914,-0.028704583644866943,3.470694302183556,1.5045099962325956,0.2278879580552609,3.691925790687776,1.2171395486490715,0.2965636020163437,2.3048103872333123,0.7202854201224046,-0.20502517177400903,3.2680942538563675,1.276192612304267,-0.035343581253566826,-0.2212314885042201,0.28737044758352426,-0.06867564396108276,0.0,0.0,0.0,0.0,0.0,0.0
15.3333,-5.141817019623784,-0.7795576093042513,1.0,-5.020651817321777,-0.7052295207977295,0.9773826003074646,0.031593541061569405,-0.16629855675163133,-0.008827235952121594,-0.9855297053864837,1.169336413956377,-2.7627255294356767,0.0,1.1619479656219482,-2.829171895980835,-0.023489035665988922,3.4703347876511987,1.6154052709393676,0.20100800600043384,3.691337638356636,1.323626205942923,0.2723324215041103,3.507370093163702,2.067590194198377,0.31305857077436067,3.338732854996196,1.509827643288897,0.06751110196310227,-0.22100285070543724,0.2917790649964446,-0.07132441550367648,0.0,0.0,0.0,0.0,0.0,0.0
15.35,-5.1217540009218245,-0.8253558990673812,1.0,-4.996361255645752,-0.7596650123596191,0.9768255352973938,0.04003098188523805,-0.16914523919375413,-0.006942892502048033,-0.9847534025837615,1.2380338486010718,-2.7326310013827366,0.0,1.2136439085006714,-2.7924859523773193,-0.012907123193144798,3.5039743243064576,1.7209940758671605,0.14107434868422614,3.7269957230939017,1.422711723610602,0.2116663398714536,3.101715160358195,2.2011272279918748,0.6349062714573857,3.268760899436109,1.7139119159564786,0.23501652659183642,-0.22302139878744393,0.2982823522565586,-0.07059199118722746,0.0,0.0,0.0,0.0,0.0,0.0
15.3666,-5.100540550277779,-0.8706628089021556,1.0,-4.983818054199219,-0.7865716218948364,0.9766470193862915,0.04003098188523805,-0.16914523919375413,-0.006942892502048033,-0.9847534025837615,1.3059942133532334,-2.700810825416669,0.0,1.245864987373352,-2.775566339492798,-0.004274552222341299,3.712084535389946,1.8189341795839788,0.09095037978242543,3.9457806777969084,1.5203309227672197,0.15881300492603473,1.9321609836299949,1.0145971835013226,0.5176585453302595,2.874172174517313,1.507461425175184,0.31845761652726845,-0.2336961424069623,0.29860325681675914,-0.06786262514360931,0.0,0.0,0.0,0.0,0.0,0.0
15.3833,-5.078203153510741,-0.9154198735249607,1.0,-4.9578142166137695,-0.8398942351341248,0.9765834808349609,0.04683904661889978,-0.16813240827718884,-0.0055617402763460085,-0.9846353071142341,1.373129810287441,-2.6673047302661117,0.0,1.304567575454712,-2.7390735149383545,0.012403314001858234,3.6920836132026853,1.9432854619363749,-0.008018128277017256,3.934285937248768,1.6422795754703823,0.05259140608628443,3.520144399170777,2.188319393809422,1.0001006650314532,3.0648749820251533,1.7084631419321055,0.5196911032111353,-0.2422023240460826,0.3010058864659927,-0.06060953436330169,0.0,0.0,0.0,0.0,0.0,0.0
15.4,-5.054789111789054,-0.9595390420126642,1.0,-4.930699825286865,-0.8924293518066406,0.9768555164337158,0.051209506222085456,-0.17151816998519023,-0.00365678701735064,-0.9838423563063501,1.4393085630189963,-2.6321836676835817,0.0,1.3587617874145508,-2.7007617950439453,0.03135734423995018,3.6907418778716794,2.0643722543331515,-0.12233194372227446,3.9413963768052245,1.7595918525827066,-0.07350223259335509,3.2556144371240334,2.3015038670867947,1.1386273967881695,3.1211847554204186,1.8835396033297371,0.70241240971461,-0.250654498933545,0.3047804017504451,-0.04882971112891938,0.0,0.0,0.0,0.0,0.0,0.0
15.4166,-5.030252304167265,-1.003108650109185,1.0,-4.91679573059082,-0.9184209704399109,0.9771276116371155,0.05527313676811181,-0.17382895524849704,-0.0027204526308326335,-0.9832197630601471,1.5046629751637774,-2.595378456250897,0.0,1.3783080577850342,-2.6837494373321533,0.03703666850924492,3.961655210305703,2.1918593452842856,-0.15700582225984933,4.233015680386833,1.890634944682808,-0.11904618866656123,1.1725760544645794,1.020567244017907,0.34070129582218917,2.5459198511037764,1.6287743898397675,0.5956286777003162,-0.2713604700811299,0.3012244006014778,-0.03795963359328809,0.0,0.0,0.0,0.0,0.0,0.0
15.4333,-5.004634304773551,-1.046050613971042,1.0,-4.888454914093018,-0.9697843790054321,0.9777279496192932,0.05527313676811181,-0.17382895524849704,-0.0027204526308326335,-0.9832197630601471,1.5690759209565628,-2.556951457160326,0.0,1.4149852991104126,-2.6418919563293457,0.03812609240412712,4.054878448524482,2.3087319387646295,-0.1658016227082601,4.350938500153046,2.0080772675665313,-0.13666274543343337,2.200542141099731,2.5113434800022887,0.06536269096526864,2.44395803845195,1.8893249164571044,0.43908446645263177,-0.2960600516285641,0.3006546711980983,-0.029138877274826717,0.0,0.0,0.0,0.0,0.0,0.0
15.45,-4.977960903237556,-1.0883231170962988,1.0,-4.859441757202148,-1.020220160484314,0.9784173369407654,0.06164545050337547,-0.17586632863715757,-0.0011072398572296515,-0.9824814345679332,1.6324846756444482,-2.5169413548563346,0.0,1.4497870206832886,-2.5944766998291016,0.04387040063738823,4.152831908396394,2.399095781458848,-0.20299517254479044,4.477560989664069,2.0956644489909957,-0.1829631381433883,2.0886430952823845,2.845650836350108,0.3447475925422468,2.339062572941378,2.1716498073050805,0.411234497027283,-0.32472908126767586,0.30343133246785237,-0.02003203440140213,0.0,0.0,0.0,0.0,0.0,0.0
15.4666,-4.95023377542157,-1.12992410650356,1.0,-4.844667434692383,-1.045055627822876,0.9788132309913635,0.06702106502834139,-0.17750095727816015,-0.0003996364175802446,-0.9818357869955949,1.69488615975534,-2.4753506631323563,0.0,1.4717377424240112,-2.5700695514678955,0.04943263158202171,4.396155411762975,2.510557487675925,-0.23764195504505098,4.757427649110564,2.2107251048342618,-0.22706935950363077,1.3173272285019315,1.4647445986550294,0.3338058019745314,2.0374276244432137,1.962958469215739,0.38837613104080526,-0.36127223734758906,0.299832382841663,-0.010572595541420197,0.0,0.0,0.0,0.0,0.0,0.0
15.4833,-4.921444498540603,-1.1708619637482516,1.0,-4.814526557922363,-1.093944787979126,0.9797186255455017,0.07201569838454913,-0.17978160754478165,2.908132547257295e-05,-0.9810669441850591,1.7562929456223775,-2.432166747810905,0.0,1.5099858045578003,-2.5190236568450928,0.0520794615149498,4.461789725512253,2.5939687764096426,-0.2573730305443735,4.860725124689949,2.2933839724940595,-0.25567358263429163,2.2920661227872157,3.0589932991384607,0.15861481297595406,2.1126015633224466,2.286527983841185,0.32054639047390343,-0.3989353991776957,0.30058480391558307,-0.001699447910081862,0.0,0.0,0.0,0.0,0.0,0.0
15.5,-4.891689707679016,-1.2110011868155572,1.0,-4.783712387084961,-1.141886830329895,0.9806778430938721,0.08144567114886901,-0.18672376774533686,0.0015766293090956163,-0.9790293126469515,1.8165017802233359,-2.387534561518524,0.0,1.5411913394927979,-2.472830057144165,0.057429809123277664,4.561766165549486,2.7127766622104437,-0.2936276486108102,5.001995217439585,2.4106101418576036,-0.30147333069473675,1.8738349869003135,2.773840713539206,0.3212785347678564,2.042113305894408,2.4303916085312025,0.32076253285128287,-0.44022905189009975,0.3021665203528401,0.007845682083926548,0.0,0.0,0.0,0.0,0.0,0.0
15.5166,-4.860921378606458,-1.250409712777902,1.0,-4.768048286437988,-1.165515661239624,0.981224000453949,0.08144567114886901,-0.18672376774533686,0.0015766293090956163,-0.9790293126469515,1.8756145691668529,-2.3413820679096866,0.0,1.5606178045272827,-2.4459164142608643,0.0634850263595581,4.804628760181079,2.83656569664816,-0.3320639264927809,5.293430444159578,2.5397886251598365,-0.3503813011883896,1.165689065651869,1.6149587261620337,0.36334456680353083,1.7833768512862562,2.18966091753991,0.33333352756927426,-0.4888016839784988,0.29677707148832355,0.018317374695608755,0.0,0.0,0.0,0.0,0.0,0.0
15.5333,-4.8291789651448465,-1.2890351789452976,1.0,-4.736139297485352,-1.2119195461273193,0.9824154376983643,0.0896120497846959,-0.19701029091194364,0.004029238717641553,-0.9762890931441672,1.9335527684179463,-2.2937684477172704,0.0,1.598327398300171,-2.382766008377075,0.0680343434214592,4.8521964922048815,2.867859170814213,-0.364730888723459,5.3895552423013395,2.5691798711278064,-0.39385326319314584,2.2626748876999225,3.789190581099253,0.2729709986838717,1.9248743920297688,2.661871309707275,0.3155134057631166,-0.5373587500964584,0.2986792996864065,0.029122374469686838,0.0,0.0,0.0,0.0,0.0,0.0
15.55,-4.7963111125683975,-1.3270467416049532,1.0,-4.703474998474121,-1.2572427988052368,0.9836245179176331,0.09662143947698205,-0.2039500540104898,0.0033540040576485043,-0.9741957856191766,1.9905701124074298,-2.244466668852597,0.0,1.6354734897613525,-2.3254528045654297,0.06426689773797989,4.896934092962083,2.940705864375857,-0.347623033883325,5.483385774672552,2.6374428563444634,-0.38503376110682136,2.217664223186962,3.4216639385097145,-0.22492082414063055,2.0113113016683783,2.886175980878109,0.15596734328145115,-0.5864516817104689,0.3032630080313936,0.037410727223496386,0.0,0.0,0.0,0.0,0.0,0.0
15.5666,-4.762808416450291,-1.3638883886748916,1.0,-4.686814308166504,-1.2795593738555908,0.98423832654953,0.09662143947698205,-0.2039500540104898,0.0033540040576485043,-0.9741957856191766,2.0458325830123374,-2.1942126246754365,0.0,1.660873532295227,-2.300262928009033,0.06844855844974518,5.083675948881461,3.0999591621829823,-0.37525868195236173,5.723915558128607,2.8019348292161705,-0.42193370114107703,1.5299131184031018,1.5172542543261291,0.251872711280247,1.8691937591887298,2.4820452666635964,0.18428036082992919,-0.640239609247146,0.2980243329668116,0.04667501918871529,0.0,0.0,0.0,0.0,0.0,0.0
15.5833,-4.728244169296662,-1.400042353955796,1.0,-4.652795791625977,-1.3233147859573364,0.9855324029922485,0.10383738560546403,-0.21241343095106083,0.0010930363692815642,-0.9716466177806923,2.100063530933694,-2.142366253944994,0.0,1.7011985778808594,-2.2364730834960938,0.07105536013841629,5.090812502419726,3.1463726899753204,-0.39688743525972997,5.783938439374369,2.8476803188800583,-0.4530999713942566,2.4185708974432307,3.8259166047017104,0.1563478629239833,2.031379931669999,2.8787806483290677,0.17603417691044512,-0.6931259369546432,0.298692371095262,0.056212536134526675,0.0,0.0,0.0,0.0,0.0,0.0
15.6,-4.692846684246591,-1.435262385134954,1.0,-4.618009090423584,-1.3659460544586182,0.9868279695510864,0.10642474375705537,-0.21805572965997944,-0.0003231398875329803,-0.9701162235644132,2.152893577702431,-2.0892700263698867,0.0,1.7449405193328857,-2.173546075820923,0.07304691523313522,5.067505204422127,3.2025356476925846,-0.41487615945068684,5.811698691468751,2.899634606209101,-0.4807260379042511,2.6282787765919347,3.781032877301053,0.11966460138958528,2.2075953805399022,3.1451419972825274,0.15939284791890837,-0.7441934870466247,0.3029010414834835,0.06584987845356426,0.0,0.0,0.0,0.0,0.0,0.0
15.6166,-4.656506324829293,-1.469656623398175,1.0,-4.600246906280518,-1.386789083480835,0.987514078617096,0.10969808401501001,-0.22487898306417328,-0.0024870433837792913,-0.96818884818201,2.2044849350972626,-2.0347594872439396,0.0,1.768580675125122,-2.1383273601531982,0.07601553946733475,5.245398940361165,3.3265351500083664,-0.4357018602558344,6.0464175612145565,3.027171285987474,-0.5117083770539325,1.4170727872975948,2.111131754584042,0.1779496148404339,1.9742186621979338,2.8398832744632188,0.16487114468639238,-0.801018620853392,0.2993638640208923,0.07600651679809807,0.0,0.0,0.0,0.0,0.0,0.0
15.6333,-4.619380364158907,-1.5030753323343147,1.0,-4.56403923034668,-1.4274801015853882,0.9889334440231323,0.11394256668799661,-0.23144830697444504,-0.004267663439667548,-0.9661421129246239,2.254612998501472,-1.9790705462383602,0.0,1.8094456195831299,-2.065988302230835,0.07460976392030716,5.221114370410521,3.3369296120097167,-0.43399557131202643,6.077858578909422,3.0339935464594934,-0.5190910961476225,2.4547081990691013,4.3453204439670605,-0.08444325098460437,2.116067955654211,3.2843158426050616,0.09126897822778755,-0.8567442084989011,0.30293606555022357,0.08509552483559603,0.0,0.0,0.0,0.0,0.0,0.0
15.65,-4.581387458331806,-1.5355931041880704,1.0,-4.527005195617676,-1.466925024986267,0.9901750683784485,0.11814629862682925,-0.23714822042527806,-0.005551456445309356,-0.964246600559695,2.3033896562821057,-1.9220811874977093,0.0,1.8531748056411743,-2.0089051723480225,0.06473599374294281,5.169802901595622,3.4430229516048954,-0.3806334856030719,6.080375974728737,3.137105164081934,-0.47107217656202793,2.6230407299353584,3.4240604084434527,-0.5922657992963789,2.2657355848426306,3.325570992628953,-0.11052298143895119,-0.9105730731331153,0.3059177875229617,0.09043869095895601,0.0,0.0,0.0,0.0,0.0,0.0
15.6666,-4.542608540076948,-1.567138799254181,1.0,-4.508139133453369,-1.4862194061279297,0.9907464981079102,0.11814629862682925,-0.23714822042527806,-0.005551456445309356,-0.964246600559695,2.3507081988812715,-1.8639128101154219,0.0,1.8752120733261108,-1.9724103212356567,0.06054656207561493,5.333227907388156,3.581437006917997,-0.35804566507612096,6.3036954748349565,3.2808569429492946,-0.45293770843121317,1.3225400277583024,2.1901944512011906,-0.25142368613086463,1.9872870170866488,2.9903870856970896,-0.15211944478378872,-0.9704675674468013,0.3005800639687025,0.09489204335509224,0.0,0.0,0.0,0.0,0.0,0.0
15.6833,-4.5029870406329815,-1.5977553567643268,1.0,-4.4696269035339355,-1.523817539215088,0.9917719960212708,0.12148701589048463,-0.24247302165600798,-0.0063948148840123386,-0.9625003723321917,2.39663303514649,-1.8044805609494725,0.0,1.9297118186950684,-1.9048391580581665,0.05649788677692413,5.197619446582517,3.6351641910853214,-0.3386063537326311,6.221671343523212,3.3355210636044026,-0.4372565244675985,3.2642443022790886,4.047152567544411,-0.2424940737990518,2.3642681473270786,3.3023635710231742,-0.17879968709596528,-1.0240518969406953,0.299643127480919,0.09865017073496742,0.0,0.0,0.0,0.0,0.0,0.0
15.7002,-4.462195334829763,-1.6276676576315985,1.0,-4.430059909820557,-1.5600191354751587,0.9927199482917786,0.12517965933920597,-0.24830329004092913,-0.007540155492295909,-0.9605304707796409,2.4415014864473976,-1.7432930022446447,0.0,1.9787118434906006,-1.8293746709823608,0.04944286495447159,5.086630018407114,3.647110365314627,-0.3007703167027262,6.161233581143357,3.343169875515314,-0.4015466150091107,2.9041105568822507,4.4725939323715185,-0.4181337344034817,2.523639493624818,3.647836962638057,-0.24945547230134674,-1.0746035627362431,0.30394048979931315,0.10077629830638452,0.0,0.0,0.0,0.0,0.0,0.0
15.7167,-4.421590720970914,-1.65590889080044,1.0,-4.409854888916016,-1.577632188796997,0.993156909942627,0.12916119309268917,-0.25271239303584325,-0.009085933308281436,-0.9588385276930197,2.48386333620066,-1.682386081456372,0.0,2.0085325241088867,-1.7977176904678345,0.05036458000540733,5.172321101533784,3.8317211568854304,-0.30825974017968066,6.301195331583407,3.535010893619184,-0.41261042462159125,1.808490334147858,1.919853674758896,0.055897877777938434,2.3125143905721433,3.1377047127538407,-0.15930958224658043,-1.1288742300496228,0.29671026326624605,0.10435068444191059,0.0,0.0,0.0,0.0,0.0,0.0
15.7333,-4.379879984157911,-1.683407027374874,1.0,-4.368589878082275,-1.6118086576461792,0.9940239787101746,0.13222131771238327,-0.2560493592299811,-0.010705763137100643,-0.9575185305445069,2.525110541062311,-1.6198199762368666,0.0,2.0658953189849854,-1.721368670463562,0.04552638903260231,4.983819015998194,3.843093787760294,-0.28336689723788483,6.1603787491756385,3.546931961725676,-0.39029107597122975,3.4445303440278314,4.584618247934831,-0.29052447064381737,2.6467061905113334,3.5648600343748797,-0.19804661558823028,-1.1765597331774444,0.2961618260346184,0.10692417873334492,0.0,0.0,0.0,0.0,0.0,0.0
15.75,-4.337455673059669,-1.7098788630883501,1.0,-4.347487926483154,-1.6283700466156006,0.994407057762146,0.13222131771238327,-0.2560493592299811,-0.010705763137100643,-0.9575185305445069,2.5648182946325253,-1.5561835095895034,0.0,2.0967812538146973,-1.686265468597412,0.04484996199607849,5.048074253948789,4.022944099771462,-0.28103727237923865,6.276055833637882,3.7374181409573977,-0.39117243126035467,1.8528927983980548,2.1058928699134665,-0.040579855896445687,2.412357968194911,3.134146261079439,-0.15155955002051935,-1.2279815796890925,0.28552595881406434,0.11013515888111602,0.0,0.0,0.0,0.0,0.0,0.0
15.7667,-4.294388386928682,-1.7352785758895812,1.0,-4.304437160491943,-1.6604446172714233,0.9950955510139465,0.13461179212951202,-0.25896862908195184,-0.012016108657304366,-0.9563841059699877,2.6029178638343717,-1.4915825803930232,0.0,2.148503541946411,-1.6111780405044556,0.035343825817108154,4.869686617090155,4.049301589381374,-0.22727944944195316,6.144665922731743,3.7682724436640394,-0.3379238763286384,3.1035178323629133,4.5055077895881315,-0.5704013533425845,2.6164009928068186,3.5389972494251776,-0.2752093057635212,-1.274979305641589,0.2810291457173344,0.11064442688668522,0.0,0.0,0.0,0.0,0.0,0.0
15.7834,-4.2505882394069205,-1.7596539429959661,1.0,-4.260151386260986,-1.6910979747772217,0.9956337809562683,0.13792843827431162,-0.2609135112115552,-0.013569810080809949,-0.9553616234251134,2.6394809144939493,-1.4258823591103813,0.0,2.2120959758758545,-1.5365396738052368,0.03315497562289238,4.606691627515367,4.080761851489875,-0.21669160147446748,5.920410592466495,3.800370114438447,-0.32825617880200597,3.8062389405788,4.467378275015697,-0.13101066163879216,2.9676629023126155,3.8130722967108355,-0.23263923041986106,-1.3137189649511274,0.28039173705142784,0.1115645773275385,0.0,0.0,0.0,0.0,0.0,0.0
15.8,-4.2064052120496,-1.7828150749781424,1.0,-4.237530708312988,-1.705863118171692,0.9958592057228088,0.14219716592190412,-0.2624094187690402,-0.015664339864407337,-0.9542934536964534,2.6742226124672137,-1.3596078180744002,0.0,2.245054006576538,-1.497373342514038,0.024567432701587677,4.626311233548024,4.252263879565715,-0.16615573168430048,5.982286342574408,3.9825023091381797,-0.2765866172178289,1.9816508500817112,2.354934201095215,-0.5163388518162791,2.6765741226087,3.3826032796920202,-0.31639254399031946,-1.3559751090263847,0.269761570427535,0.11043088553352841,0.0,0.0,0.0,0.0,0.0,0.0
15.8167,-4.161579521436291,-1.8049046313425015,1.0,-4.191280364990234,-1.7343238592147827,0.9962195158004761,0.14602548007598204,-0.26379007576927227,-0.0177633372139469,-0.9532973550787469,2.707356947013752,-1.2923692821544368,0.0,2.3049564361572266,-1.4218717813491821,0.023144643753767014,4.358216375822418,4.2830673635458725,-0.1592945918541932,5.7494614550401355,4.018994834600596,-0.26941921791773055,3.595846691092283,4.532237520036638,-0.08540773664701168,2.947960186876103,3.7219963199399557,-0.2482016070260298,-1.3912450792177173,0.2640725289452767,0.11012462606353735,0.0,0.0,0.0,0.0,0.0,0.0
15.8333,-4.1161885018222995,-1.8258796043258356,1.0,-4.143815517425537,-1.7613511085510254,0.9964811205863953,0.14927213084211716,-0.2622409314737619,-0.02029071513175115,-0.9531715045890933,2.738819406488753,-1.2242827527334494,0.0,2.374013662338257,-1.3494724035263062,0.019818365573883057,4.020609265174993,4.333569931746827,-0.14052765754762392,5.4374815550476585,4.0730657043045,-0.250202845663764,4.143674625541838,4.344215390337763,-0.199588301669504,3.300956943901597,3.905686762162043,-0.23385007075262626,-1.4168722898726651,0.26050422744232726,0.10967518811614006,0.0,0.0,0.0,0.0,0.0,0.0
15.85,-4.070287304373544,-1.8457132682843613,1.0,-4.119536399841309,-1.7742948532104492,0.9966369271278381,0.14927213084211716,-0.2622409314737619,-0.02029071513175115,-0.9531715045890933,2.7685699024265418,-1.1554309565603165,0.0,2.4070801734924316,-1.3045616149902344,0.022266482934355736,4.006366825575508,4.486201631895386,-0.15588327445549227,5.452966245845785,4.237841266919407,-0.2669449078598063,1.9836804164997999,2.694225928256765,0.14686407170747753,2.912072836423968,3.5480413814562977,-0.12145629737633286,-1.4465994202702768,0.24836036497597913,0.11106163340431399,0.0,0.0,0.0,0.0,0.0,0.0
15.8667,-4.023674583357905,-1.8644825280494752,1.0,-4.069913864135742,-1.7989834547042847,0.9968979954719543,0.15267900285286645,-0.2592398493204755,-0.02299902947021269,-0.9533913004040776,2.796723792074213,-1.0855118750368578,0.0,2.4763336181640625,-1.2256921529769897,0.018301738426089287,3.6406163562450837,4.503229713757062,-0.1332962254546874,5.106992677586305,4.261945423386252,-0.2448383666469795,4.134274612505159,4.708329182026502,-0.2366863142088558,3.272889139578159,3.890579547403814,-0.15547430446777744,-1.466376321341222,0.24128429037080984,0.1115421411922921,0.0,0.0,0.0,0.0,0.0,0.0
15.8834,-3.976938202363601,-1.881955012794072,1.0,-4.019094467163086,-1.8220714330673218,0.9970434904098511,0.15694181940495527,-0.25600512084411287,-0.025762766914466065,-0.9535024837904493,2.822932519191108,-1.0154073035454023,0.0,2.530815362930298,-1.143384575843811,0.009420827031135559,3.346107399287016,4.496406335845034,-0.08063989442458025,4.828296272763532,4.2573765161553485,-0.19014796278754426,3.2759841729506554,4.9491498695415315,-0.5340086903618431,3.2738028499993495,4.203088854571684,-0.26722457386516507,-1.482188873476516,0.23902981968968495,0.10950806836296399,0.0,0.0,0.0,0.0,0.0,0.0
15.9,-3.9298029015626197,-1.898248746919988,1.0,-3.993241548538208,-1.8330390453338623,0.997093141078949,0.16156976464240613,-0.25057756559671335,-0.02877812104432944,-0.9540848689431729,2.847373120379982,-0.9447043523439301,0.0,2.5555858612060547,-1.098767876625061,0.010145491920411587,3.3455400578773475,4.661870142495712,-0.0851394941706633,4.849608923115822,4.435098608926543,-0.19397617569994058,1.49011086728913,2.683992369806233,0.04359343177645827,2.7472243751825065,3.7546238069057853,-0.175465417607877,-1.5040688652384746,0.2267715335691686,0.10883668152927728,0.0,0.0,0.0,0.0,0.0,0.0
15.9167,-3.882172659933725,-1.9133935805332083,1.0,-3.940690755844116,-1.8536735773086548,0.9971522688865662,0.16622317184471364,-0.24454523995167496,-0.03144171757652096,-0.9547664677772911,2.8700903707998124,-0.873258989900588,0.0,2.61572527885437,-1.0119106769561768,0.010366242378950119,2.9902112631959965,4.6299284531477385,-0.08666474019604381,4.507834097002613,4.4083694575464305,-0.19561862593479648,3.6094528075095873,5.213002976360826,0.013249020251416633,3.001769967829415,4.185163993328237,-0.11975346631409299,-1.5176228338066169,0.22155899560130832,0.10895388573875267,0.0,0.0,0.0,0.0,0.0,0.0
15.9333,-3.8341533475181864,-1.9273505652410814,1.0,-3.8870418071746826,-1.8725851774215698,0.9971826672554016,0.17086722771500776,-0.23877982502989997,-0.033805186400466335,-0.9553250399606059,2.891025847861622,-0.8012300212772796,0.0,2.669052839279175,-0.9257751107215881,0.0010680368868634105,2.660548791444431,4.600552208648506,-0.030933567934640693,4.186300573397972,4.379422195587027,-0.13718680856929108,3.198970251716247,5.167030177345538,-0.5577731763198119,3.0599870959710103,4.475028836959179,-0.24906489063527265,-1.5257517819535413,0.2211300130614787,0.10625324063465039,0.0,0.0,0.0,0.0,0.0,0.0
15.95,-3.7858153665718612,-1.9400988195457076,1.0,-3.8598194122314453,-1.8814245462417603,0.9971510767936707,0.17086722771500776,-0.23877982502989997,-0.033805186400466335,-0.9553250399606059,2.9101482293185614,-0.7287230498577918,0.0,2.6893117427825928,-0.8802599906921387,0.0004178050148766488,2.6517802493334655,4.770664781954092,-0.026779282113311653,4.1916768270972655,4.560866421953342,-0.1311194624835757,1.2158136473550916,2.7315350055087353,-0.03902288116300938,2.5155533869657405,3.9603175911179727,-0.18705665038556687,-1.5398965777638,0.20979836000074947,0.10434018037026405,0.0,0.0,0.0,0.0,0.0,0.0
15.9667,-3.7371571119212077,-1.951638711313318,1.0,-3.8046650886535645,-1.8978439569473267,0.9969601631164551,0.17478942397414368,-0.23159845512226512,-0.03612562329208211,-0.9562979578116314,2.927458066969977,-0.6557356678818116,0.0,2.7390236854553223,-0.8006995916366577,-0.00790442619472742,2.3165316231908086,4.780692221397562,0.024210027421004254,3.8642483624353634,4.578710233286162,-0.07601944993949686,2.9819515753042634,4.772399639603564,-0.4992058071216508,2.6532426567798426,4.200059054701796,-0.2792087867761215,-1.5477167392445548,0.20198198811139992,0.10022947736050111,0.0,0.0,0.0,0.0,0.0,0.0
15.9833,-3.688196077820826,-1.9619642721427235,1.0,-3.7767465114593506,-1.9054789543151855,0.9968418478965759,0.17761938728829782,-0.22263136275589415,-0.03815693280291315,-0.9578260339512424,2.9429464082140853,-0.5822941167312392,0.0,2.756624460220337,-0.7570095062255859,-0.011171058751642704,2.3003841279717747,4.968038454363762,0.044506763865582555,3.860950028323344,4.784218046492031,-0.051584344066004734,1.0551116955135993,2.6190847113639286,-0.1958244601026198,2.181445187094253,3.7333265322096185,-0.25459220948083894,-1.5605659003515693,0.18382040787173093,0.09609110793158729,0.0,0.0,0.0,0.0,0.0,0.0
16.0001,-3.638821463710207,-1.9710910724086983,1.0,-3.7202601432800293,-1.9194270372390747,0.9965303540229797,0.18084048257625618,-0.21327566722662963,-0.040267815563732774,-0.9592646744783133,2.9566366086130476,-0.5082321955653109,0.0,2.803070068359375,-0.66150963306427,-0.00919250026345253,1.9585629702539826,4.8831878177247035,0.03430901685230309,3.5251999665138936,4.707552245615387,-0.05935902552719437,2.7752261557090963,5.706325236840231,0.1182231751727331,2.3567401818911597,4.315791811400585,-0.1445302937789806,-1.5666369962599112,0.17563557210931577,0.09366804237949745,0.0,0.0,0.0,0.0,0.0,0.0
16.0167,-3.5896933156805018,-1.9789082300223113,1.0,-3.6629679203033447,-1.931534767150879,0.9962474703788757,0.18629000028299694,-0.20511425269930394,-0.04203971122197932,-0.9599254106224185,2.968362345033467,-0.43453997352075274,0.0,2.84320330619812,-0.5740945935249329,-0.011039897799491882,1.6379743292684354,4.83910680895001,0.046932272851490764,3.2060787671553745,4.66683149219671,-0.04420183401423529,2.4202179664136185,5.2715270588911896,-0.11140652856855303,2.3754799841006196,4.597942324959328,-0.1347515528675618,-1.5681044378869389,0.1722753167532997,0.09113410686572605,0.0,0.0,0.0,0.0,0.0,0.0
16.0333,-3.5401296054163622,-1.9855321132136297,1.0,-3.6049251556396484,-1.9418554306030273,0.995991051197052,0.19039372565284732,-0.1998260322989034,-0.042896893826993895,-0.960197763557496,2.9782981698204445,-0.3601944081245434,0.0,2.8809118270874023,-0.48071253299713135,-0.010605493560433388,1.3185046890966112,4.7575473764291285,0.04574160349981865,2.8839380273156827,4.583090153073191,-0.04351910408101356,2.2620280320366133,5.601726973684211,0.026058687607265447,2.34198689422751,4.8942778999878005,-0.08727743066205687,-1.5654333382190713,0.17445722335593758,0.08926070758083221,0.0,0.0,0.0,0.0,0.0,0.0
16.05,-3.490412939875758,-1.9909150942036355,1.0,-3.57566237449646,-1.9463382959365845,0.9958981275558472,0.19039372565284732,-0.1998260322989034,-0.042896893826993895,-0.960197763557496,2.9863726413054534,-0.2856194098136374,0.0,2.889540195465088,-0.4301671087741852,-0.007895362563431263,1.3070093800173974,4.908592833925912,0.030082195969710013,2.8753267546105334,4.742816657602809,-0.058574383102564756,0.5175841306617468,3.032034367357446,0.16257080535532958,1.803389852808746,4.344509571904591,-0.013517664775903757,-1.568317374593136,0.16577617632310335,0.08865657907227477,0.0,0.0,0.0,0.0,0.0,0.0
16.0667,-3.4405972094358637,-1.9950519854627466,1.0,-3.516798973083496,-1.9539083242416382,0.9957452416419983,0.1953271785779022,-0.19012041815750552,-0.04383061510890418,-0.9611350251746813,2.99257797819412,-0.21089581415379577,0.0,2.9191627502441406,-0.3387368619441986,-0.00850451085716486,1.0104518074654187,4.8341411847170965,0.03464327957989438,2.577979547951426,4.670938819985082,-0.053202529146298055,1.7781180679785331,5.488175313059034,-0.03656462432915921,1.7959291600205365,4.68214060210204,-0.02032154847799828,-1.5675277404860073,0.1632023647320148,0.08784580872619244,0.0,0.0,0.0,0.0,0.0,0.0
16.0833,-3.3906343455043304,-1.9979452984040884,1.0,-3.4871625900268555,-1.957012414932251,0.9956929683685303,0.19696198140392715,-0.18059475591272545,-0.044708449669689086,-0.9625968464684331,2.9969179476061325,-0.1359515182564961,0.0,2.930589437484741,-0.29004666209220886,-0.00394371198490262,0.9587583808631781,4.998546491936698,0.007683609243043732,2.5276640852435346,4.848437930191208,-0.08101126045631359,0.6847007728902668,2.9175750389302397,0.27328852598147063,1.4678742296064091,4.161208595917042,0.06635751197548184,-1.5689057043803563,0.1501085617454896,0.08869486969935732,0.0,0.0,0.0,0.0,0.0,0.0
16.1,-3.34069267630709,-1.9995859836713614,1.0,-3.4275333881378174,-1.9617887735366821,0.995627224445343,0.19922849930540734,-0.16391776689003698,-0.04586188247288676,-0.9650574216313476,2.9993789755070424,-0.06103901446063513,0.0,2.9578988552093506,-0.19818289577960968,-0.004832290578633547,0.650307724318736,4.915579413165377,0.013489434361401875,2.2161430218062126,4.771455981578737,-0.07543144281309037,1.6399742286491517,5.516566146467177,-0.05336056625384781,1.5186812948902981,4.561334917455895,0.031014547128929832,-1.5658352974874765,0.14412343158663943,0.08892087717449225,0.0,0.0,0.0,0.0,0.0,0.0
16.1167,-3.2907213146205683,-1.9999784763835908,1.0,-3.3675572872161865,-1.9647464752197266,0.9955755472183228,0.20179622097685965,-0.15722252005021578,-0.045802961178668486,-0.9656404811336473,2.9999677145753862,0.013918028069147208,0.0,2.972053050994873,-0.10506805777549744,-0.00877421349287033,0.40773566287898855,4.8197548967152795,0.037546763649897896,1.9702730464075238,4.675784618458887,-0.05005337309507754,0.8496901343943666,5.589774256107859,-0.23663746506855687,1.321182876791993,4.864949007578189,-0.048001218895012056,-1.5625373835285352,0.1439702782563929,0.08760013674497544,0.0,0.0,0.0,0.0,0.0,0.0
16.1333,-3.2407321527512383,-1.9991216376905376,1.0,-3.3073570728302,-1.9659454822540283,0.9954805970191956,0.20550077617864138,-0.14864814938409132,-0.04567028289955619,-0.966223287754856,2.9986824565358066,0.08890177087314227,0.0,2.9784491062164307,-0.010944992303848267,-0.010498786345124245,0.19922719372161507,4.7127174301686345,0.048519581141262036,1.7596280339740114,4.5639624602570406,-0.03733562772447464,0.38380760261527674,5.64803568107358,-0.10348631289611858,1.0444525629308545,5.096130506500467,-0.06438143277576173,-1.5604008402523963,0.148754969911594,0.08585520886573668,0.0,0.0,0.0,0.0,0.0,0.0
16.15,-3.190770743659484,-1.9970150148557466,1.0,-3.2772531509399414,-1.9658410549163818,0.9953995943069458,0.20550077617864138,-0.14864814938409132,-0.04567028289955619,-0.966223287754856,2.99552252228362,0.1638438845107738,0.0,2.9803547859191895,0.03458196669816971,-0.014747396111488342,0.1571493538131746,4.893959794261753,0.07456962194733135,1.716575809670236,4.753599533821463,-0.008289005299020338,0.11432453693771008,2.7312294393191734,-0.25488036812558107,0.769861769195453,4.397968486869209,-0.12062020034499243,-1.5594264558570614,0.14036026044028968,0.0828586272463517,0.0,0.0,0.0,0.0,0.0,0.0
16.1667,-3.140880470651859,-1.9936601955649378,1.0,-3.2169759273529053,-1.964347243309021,0.995294988155365,0.208243582444253,-0.13341360727572985,-0.04577649295780366,-0.9678532749741663,2.9904902933474067,0.23867929402221155,0.0,2.985259771347046,0.12269976735115051,-0.011043875478208065,-0.06539328913728877,4.815533495844533,0.05302839389348263,1.492550736860971,4.678656510494362,-0.028632004732222882,0.29424047826770977,5.286014441711123,0.22216695613853174,0.6294496709212871,4.660135884043575,-0.019423166441397383,-1.5579440259982598,0.13687698535017156,0.08166039862570551,0.0,0.0,0.0,0.0,0.0,0.0
16.1833,-3.0910640507207914,-1.989056502238887,1.0,-3.1868581771850586,-1.9629335403442383,0.9952680468559265,0.20813125582461542,-0.12415599404839528,-0.045939769848934824,-0.9691008216900887,2.983584753358331,0.31340392391881244,0.0,2.9880549907684326,0.16908273100852966,-0.01236583199352026,-0.13559380093938583,4.990739460094185,0.061252677153033785,1.4199506500475765,4.868280300741387,-0.018799017953592317,0.1676006404391583,2.7811106187099726,-0.07926417400503202,0.49310339565385625,4.105413281737395,-0.037089325621236686,-1.5555444509869623,0.12245915935279791,0.0800516951066261,0.0,0.0,0.0,0.0,0.0,0.0
16.2001,-3.041223749823946,-1.983188052693143,1.0,-3.1265499591827393,-1.9587433338165283,0.9953140020370483,0.20839456035815312,-0.11377422163833188,-0.04575596744257887,-0.970326578485331,2.9747820790397146,0.3881643752640805,0.0,2.989258050918579,0.26125943660736084,-0.0036956514231860638,-0.3586812212956852,4.881020252089303,0.00915858292641586,1.193980619361056,4.76544946338847,-0.07248078635880803,0.0719233729581801,5.510663431112632,0.5183353722579749,0.36876335481484107,4.520268810363926,0.12688219699582548,-1.5526618406567412,0.11557078870083232,0.08163936928522389,0.0,0.0,0.0,0.0,0.0,0.0
16.2167,-2.9919294166837576,-1.9761306929692657,1.0,-3.066368818283081,-1.9527655839920044,0.9954414367675781,0.20995980474979464,-0.10545220522766639,-0.0451426465030483,-0.9709577696886302,2.9641960394538986,0.46210587497436356,0.0,2.9890079498291016,0.34706223011016846,-0.0023412180598825216,-0.5848076142221567,4.79898367126601,0.0005461328596947923,0.9638344317303292,4.686467032554153,-0.0826175618279048,-0.015068375086187084,5.169544357618938,0.0816034427924256,0.255449212644124,4.7119468190803895,0.11351508117025272,-1.548642045952486,0.11251663871185731,0.0831636946875996,0.0,0.0,0.0,0.0,0.0,0.0
16.2333,-2.942636054269128,-1.9678137641280138,1.0,-3.036297082901001,-1.9491585493087769,0.9955623745918274,0.20995980474979464,-0.10545220522766639,-0.0451426465030483,-0.9709577696886302,2.9517206461920207,0.5360459185963077,0.0,2.9865503311157227,0.3898996412754059,0.003943339455872774,-0.6581554217639808,4.990124975878333,-0.03761800392648412,0.8851280685873087,4.892874683017501,-0.12405803640281382,-0.14748047042664605,2.5706516296105533,0.37713315487112625,0.13649700563389033,4.079797341517337,0.19133995481947869,-1.5432834903512895,0.09725029286083153,0.0864400324763297,0.0,0.0,0.0,0.0,0.0,0.0
16.25,-2.8935519489847503,-1.9582645331583537,1.0,-2.976341485977173,-1.9406614303588867,0.9959757924079895,0.21142736855165611,-0.09660361136006185,-0.04491033307405625,-0.9715705005722816,2.9373967997375305,0.6096720765228745,0.0,2.974142074584961,0.4794768989086151,0.009179890155792236,-0.8330655360143603,4.877899720335126,-0.07097022829829486,0.707025718438581,4.788930167349445,-0.16175000651516297,-0.7443363844393592,5.373487557208238,0.31412593745530604,-0.12354111059274706,4.461718338677899,0.22758862112060738,-1.5400912544529413,0.0889695529856806,0.09077977821686811,0.0,0.0,0.0,0.0,0.0,0.0
16.2667,-2.8447344547549482,-1.9474941035373448,1.0,-2.916666030883789,-1.930516004562378,0.9964892864227295,0.21271777861251417,-0.08634654357220813,-0.044964028159059144,-0.9722518465253087,2.921241155306017,0.6828983178675775,0.0,2.964568853378296,0.5599991679191589,0.015096424147486687,-1.035490691936423,4.81273221163102,-0.10891990878055141,0.5008693107162914,4.729749604548894,-0.20521266778892142,-0.5745417602701504,4.832585101664115,0.3550838093994591,-0.256684745564792,4.5712049856475225,0.26522753100030216,-1.5363600026527144,0.0829826070821265,0.09629275900837,0.0,0.0,0.0,0.0,0.0,0.0
16.2833,-2.7961723327613455,-1.9354993365343363,1.0,-2.8869826793670654,-1.924808382987976,0.9968210458755493,0.21321476898179856,-0.07597901416276341,-0.0455197343566753,-0.9729823778505481,2.9032490048015043,0.7557415008579818,0.0,2.951352119445801,0.609070897102356,0.017207298427820206,-1.0774998730066605,4.959630166808003,-0.12313793515154886,0.45484900435371256,4.891822979178761,-0.22462897583395397,-0.7926192825176225,2.942875219834427,0.12659100698465806,-0.41490241644398046,4.090492276899519,0.22429949517477663,-1.532348877360373,0.06780718762924229,0.10149104068240512,0.0,0.0,0.0,0.0,0.0,0.0
16.3,-2.7479501232034016,-1.9223009477001411,1.0,-2.8279476165771484,-1.9120711088180542,0.9974775910377502,0.21533492931764664,-0.06728893986076441,-0.04587671816356254,-0.9731384897774323,2.8834514215502116,0.828074815194897,0.0,2.933497667312622,0.6904047131538391,0.01772197335958481,-1.250389702460323,4.8780658700078385,-0.12942463634847629,0.2791524045339868,4.82120803954896,-0.23541545219928103,-1.0713447782546495,4.88038268955651,0.03088273426323319,-0.6086961998090908,4.323682363977989,0.16719933216902008,-1.5295421069943098,0.05685783045887838,0.10599081585080475,0.0,0.0,0.0,0.0,0.0,0.0
16.3167,-2.700087215419305,-1.9079058286237915,1.0,-2.7986044883728027,-1.905103325843811,0.9978287220001221,0.21533492931764664,-0.06728893986076441,-0.04587671816356254,-0.9731384897774323,2.8618587429356874,0.8998691768710421,0.0,2.917917251586914,0.7346717715263367,0.01776748336851597,-1.2999145116573572,5.047930659451228,-0.1313809991625749,0.22582761029497234,5.011749971708666,-0.24126004527107497,-0.9351335107753069,2.6569002031996796,0.0027315018531238375,-0.705066460480845,3.831617805420652,0.11864542259064755,-1.5257421219523295,0.036180687742561765,0.10987904610850009,0.0,0.0,0.0,0.0,0.0,0.0
16.3333,-2.652580015919007,-1.8923127025448427,1.0,-2.740402936935425,-1.889910340309143,0.9985629320144653,0.21739284929495625,-0.058862820734277024,-0.04639048824691034,-0.973202721574563,2.8384690538172643,0.9711299761214897,0.0,2.895895481109619,0.820013165473938,0.022042814642190933,-1.4670211843563672,4.930323218688592,-0.16065613191485,0.05622220637045805,4.90799726748902,-0.27551094792013076,-1.3212318871676036,5.1201955399161765,0.25650544368393197,-0.8869697564336501,4.212029504688704,0.1593442205609209,-1.5232433907268252,0.022325951199571935,0.11485481600528072,0.0,0.0,0.0,0.0,0.0,0.0
16.35,-2.6054821620019166,-1.8755385820351627,1.0,-2.68273663520813,-1.873023509979248,0.9995203614234924,0.2180159641084095,-0.04169234743326463,-0.0456599990685195,-0.9739846299081371,2.813307873052744,1.0417767569971246,0.0,2.8653345108032227,0.907375693321228,0.029398906975984573,-1.5921473394007815,4.791681500582105,-0.20956384571157288,-0.06846455352298086,4.777084677969829,-0.3314100271093857,-1.8337386626992074,5.241981631426855,0.44138490315012446,-1.1664732421800021,4.516090197504102,0.24260778507415132,-1.5236827858778006,0.01459682261227635,0.12184618139781286,0.0,0.0,0.0,0.0,0.0,0.0
16.3667,-2.558820965937126,-1.8575935075967576,1.0,-2.625720977783203,-1.8543908596038818,1.0006080865859985,0.2180159641084095,-0.04169234743326463,-0.0456599990685195,-0.9739846299081371,2.7863902613951366,1.1117685510943107,0.0,2.8382914066314697,0.996330201625824,0.03870074823498726,-1.747039590480956,4.634037550677206,-0.27083378484219794,-0.22287180693431163,4.621551881216454,-0.4020420509405428,-1.6228896010988383,5.338268328277914,0.5582148171464545,-1.3012156935060188,4.758812209111065,0.33578074946544983,-1.5241677835466443,0.012485669460752366,0.13120826609834485,0.0,0.0,0.0,0.0,0.0,0.0
16.3833,-2.5125834262630433,-1.8384708698819114,1.0,-2.59748911857605,-1.8444327116012573,1.0012292861938477,0.2212899839842964,-0.033897698732947776,-0.04509152237580459,-0.9735751311280052,2.757706304822867,1.1811248606054345,0.0,2.8167271614074707,1.0408111810684204,0.037157636135816574,-1.802347794582452,4.786185481217074,-0.2647221163484392,-0.28052636113216867,4.786772562754967,-0.403449477912897,-1.2929126879752988,2.666915632683401,-0.09251931571273372,-1.2987644945147452,4.14124610500372,0.20933874194866048,-1.5218214334502833,-0.000587081537893391,0.1387273615644578,0.0,0.0,0.0,0.0,0.0,0.0
16.4,-2.466899200343341,-1.8182252494153293,1.0,-2.541591167449951,-1.8233044147491455,1.0024456977844238,0.22332854275307132,-0.026936535572070194,-0.04417655644148156,-0.9733690751856354,2.727337874122994,1.249651199484988,0.0,2.780595064163208,1.1199204921722412,0.03887750208377838,-1.920379794862241,4.6728062229191805,-0.2812048453566422,-0.3980129223105733,4.682639969320968,-0.42729819887544607,-2.1692001603114623,4.74934873468453,0.10325261400721401,-1.5557330124900166,4.320769115912187,0.1780201779857552,-1.5223668725516677,-0.009833746401787496,0.14609335351880384,0.0,0.0,0.0,0.0,0.0,0.0
16.4167,-2.421668193806941,-1.7968119651843482,1.0,-2.5139565467834473,-1.8121263980865479,1.0030525922775269,0.22057202295662545,-0.019129474624866874,-0.04354646105624369,-0.974210326281913,2.695217947776522,1.3174977092895883,0.0,2.7597830295562744,1.1636961698532104,0.033551402390003204,-2.0004751046501172,4.820483192736513,-0.25238458762994925,-0.4817055333304481,4.848802872990597,-0.4033411592612576,-1.2473136716963877,2.623578246456333,-0.3192055505544124,-1.4646819859375753,3.819727350756522,0.031230054852196154,-1.5187695713196692,-0.028319680254084344,0.15095657163130832,0.0,0.0,0.0,0.0,0.0,0.0
16.4333,-2.3770657874118912,-1.7743146393000222,1.0,-2.4593114852905273,-1.7885444164276123,1.004314661026001,0.22057202295662545,-0.019129474624866874,-0.04354646105624369,-0.974210326281913,2.6614719589500333,1.384401318882163,0.0,2.7223126888275146,1.247581958770752,0.04270593822002411,-2.1273283542405306,4.662784769736924,-0.3137658180599647,-0.6095667205998561,4.702585686411776,-0.4728180145350842,-2.250572803299347,5.038413621262459,0.5498468646179402,-1.6966913193820907,4.179505812410066,0.18433521614011866,-1.5177616336406745,-0.039800916674851756,0.15905219647511956,0.0,0.0,0.0,0.0,0.0,0.0
16.45,-2.332989715860914,-1.750683041092603,1.0,-2.4055628776550293,-1.7632781267166138,1.0057179927825928,0.21803563614995197,-0.010842044971760627,-0.04297006075600879,-0.974934156258239,2.6260245616389044,1.4505154262086284,0.0,2.678986072540283,1.3350566625595093,0.03890081122517586,-2.2263769495917862,4.473486621435976,-0.29814237443561525,-0.7065278522600282,4.5177690164977715,-0.4632911056244472,-2.598781586511648,5.24683598609979,-0.22823600862327856,-1.9630048542393999,4.49460118786472,0.0625366497984536,-1.519849097331758,-0.04428239506179579,0.16514873118883197,0.0,0.0,0.0,0.0,0.0,0.0
16.4667,-2.289549784291733,-1.7259751914715105,1.0,-2.3789892196655273,-1.7500455379486084,1.0064172744750977,0.21908726324057154,-0.004000347052987213,-0.04166675375950632,-0.9748069992162817,2.5889627872072656,1.5156753235624003,0.0,2.6643598079681396,1.3727269172668457,0.04336404427886009,-2.3729085773872,4.640609091132641,-0.328631983065593,-0.8595789120000386,4.701048046302093,-0.5013337946568046,-0.8780163160154573,2.261349649348791,0.2679283848575927,-1.6426964068225909,3.835304515326422,0.12317204404577839,-1.5133296653871615,-0.06043895516945125,0.17270181159121167,0.0,0.0,0.0,0.0,0.0,0.0
16.4833,-2.2466848152927437,-1.7001550287150637,1.0,-2.326519012451172,-1.722403645515442,1.0078518390655518,0.22083772722635026,0.0008603857655014389,-0.040187736551562075,-0.9744818784268686,2.5502325430725956,1.5799727770608838,0.0,2.6141204833984375,1.452656626701355,0.036614589393138885,-2.4469948124823695,4.479982653212821,-0.29557001783355646,-0.9343951509350172,4.550687561657794,-0.47303987120232727,-3.011906463508762,4.791879877647866,-0.4046377408450302,-2.0469122413626852,4.1177030461384705,-0.03264705152413283,-1.5125996615473523,-0.07070490844497296,0.17746985336877083,0.0,0.0,0.0,0.0,0.0,0.0
16.5,-2.2045420779742786,-1.673311668838501,1.0,-2.2750067710876465,-1.6932501792907715,1.0091488361358643,0.21993295029265475,0.006945178968579848,-0.03940608109907901,-0.9746940456622725,2.5099675032577515,1.6431868830385814,0.0,2.569222927093506,1.5277791023254395,0.03599654138088226,-2.559694755106041,4.336916433391598,-0.29865147535004327,-1.0461312653857437,4.4145327655001045,-0.480940607007882,-2.695629768533761,4.510320789017879,-0.03710733405860376,-2.2384255123511303,4.233610979927204,-0.03396380845134916,-1.5135634897202974,-0.07761633210850684,0.18228913165783872,0.0,0.0,0.0,0.0,0.0,0.0
16.5167,-2.163064233913324,-1.6454109103178158,1.0,-2.2245209217071533,-1.6624914407730103,1.0104762315750122,0.21689542692047462,0.0146928866163677,-0.03911990399769008,-0.9753000330501621,2.4681163654767238,1.7054036491300135,0.0,2.5187559127807617,1.6138795614242554,0.03209873288869858,-2.6453405556740934,4.116832299130999,-0.2822507540287961,-1.1283433639314369,4.1943220507688865,-0.4682507778306464,-3.028500300454975,5.1668455089134975,-0.23390553910206885,-2.471670030431443,4.50911887012545,-0.09299026178457624,-1.5169971917426566,-0.07748975163788761,0.18600002380185027,0.0,0.0,0.0,0.0,0.0,0.0
16.5333,-2.1222561852128248,-1.616452754252518,1.0,-2.1996517181396484,-1.646498680114746,1.0111076831817627,0.21666785501194005,0.02027774443912202,-0.03867078717995793,-0.9752684229137789,2.424679131378777,1.766615722180763,0.0,2.495833158493042,1.6529951095581055,0.03151710703969002,-2.7792603238810822,4.249583754957516,-0.282288819921705,-1.2673966446904004,4.3374476868431255,-0.4723125396520905,-1.3742263767991654,2.344989494447065,-0.03486865378843103,-2.1476846052970897,3.8702283234406365,-0.07583170078347272,-1.5118636791906819,-0.08786393188560901,0.1900237197303855,0.0,0.0,0.0,0.0,0.0,0.0
16.55,-2.082225082659739,-1.586513236848946,1.0,-2.150722026824951,-1.6134424209594727,1.012389063835144,0.21666785501194005,0.02027774443912202,-0.03867078717995793,-0.9752684229137789,2.379769855273419,1.826662376010392,0.0,2.4424850940704346,1.7228385210037231,0.027207624167203903,-2.8620492958253854,4.10830425156216,-0.2632516525727783,-1.3512353340372332,4.203673198080084,-0.45619400797130316,-3.2019862337402154,4.19204791001846,-0.25865802220918416,-2.45893371606505,3.9652353474722455,-0.12980537248571616,-1.5108139617881522,-0.09536894651792376,0.19294235539852483,0.0,0.0,0.0,0.0,0.0,0.0
16.5667,-2.042946398766291,-1.5555758559534676,1.0,-2.1266469955444336,-1.596445083618164,1.0130220651626587,0.215176731121761,0.02762285485322169,-0.03747583973097707,-0.9754647429341426,2.3333637839302015,1.8855804018505635,0.0,2.4166581630706787,1.7551063299179077,0.027038630098104477,-2.9964878450985126,4.268977846250866,-0.26583678184876364,-1.4941483791953207,4.382356555354482,-0.46228946663438,-1.54955083824455,1.9359872975911196,-0.01013921868741775,-2.1904672692407123,3.366164233463064,-0.094477736680256,-1.502339465903192,-0.11337870910361544,0.19645268478561637,0.0,0.0,0.0,0.0,0.0,0.0
16.5833,-2.004442455354816,-1.5236569983145625,1.0,-2.0794670581817627,-1.5612865686416626,1.014248251914978,0.21003181264047552,0.03384742807938648,-0.037281542759341924,-0.9763970312232035,2.2854854974718437,1.9433363169677755,0.0,2.346606492996216,1.8349440097808838,0.02281477302312851,-2.992210583459347,4.049098897683061,-0.247099663908175,-1.4886078375167715,4.171847725586415,-0.44605059947669035,-4.201781858223576,4.788758276488338,-0.25335193308736254,-2.7842440978129845,3.786139996498983,-0.14138030329082601,-1.5036027459425756,-0.1227488279033537,0.19895093556851534,0.0,0.0,0.0,0.0,0.0,0.0
16.6,-1.9667710705064618,-1.4908053600525841,1.0,-2.033487558364868,-1.5245987176895142,1.0154236555099487,0.20801382153377393,0.039948542649550736,-0.03763266815428614,-0.9765849640207137,2.236208040078876,1.9998433942403069,0.0,2.2896151542663574,1.90827476978302,0.02320042997598648,-3.071116784382377,3.8556226530008164,-0.25580463464162223,-1.5641143992885485,3.9827667545353886,-0.45807669704396814,-3.4202174846186866,4.400794105022178,0.02314440549434826,-2.971995065633899,3.9675971237067094,-0.09280960214872348,-1.5070023850938283,-0.12714410153457203,0.2022720624023459,0.0,0.0,0.0,0.0,0.0,0.0
16.6167,-1.9299214657685608,-1.4570122889111923,1.0,-2.0108728408813477,-1.5056843757629395,1.0159955024719238,0.20707094384902458,0.04731967874260589,-0.03777440800582825,-0.9764505577208125,2.1855184333667883,2.0551178013471585,0.0,2.2552382946014404,1.9481333494186401,0.020362505689263344,-3.1793813492568104,3.9472879964864176,-0.24216946850215665,-1.675984581338206,4.0861114569618175,-0.44724030966034867,-2.062761087267525,2.3916881258941345,-0.17028779953505008,-2.703572576649936,3.5023599837957082,-0.11568258212885402,-1.5033967679186044,-0.13882346047539976,0.20507084115819205,0.0,0.0,0.0,0.0,0.0,0.0
16.6333,-1.8939403217082054,-1.422320702613154,1.0,-1.9665330648422241,-1.466786503791809,1.0171278715133667,0.20707094384902458,0.04731967874260589,-0.03777440800582825,-0.9764505577208125,2.1334810539197306,2.109089517437692,0.0,2.192286491394043,2.014186382293701,0.02122695930302143,-3.235436026282641,3.7764534715918154,-0.25358879238656756,-1.7309936873954308,3.92324280496214,-0.4623289034879423,-3.7782468089977677,3.9643766813576784,0.05188285229809399,-3.020836052451868,3.638755757449652,-0.06621420320028257,-1.5044423388872101,-0.1467893333703246,0.20874011110137478,0.0,0.0,0.0,0.0,0.0,0.0
16.65,-1.858805078726852,-1.3867073227240438,1.0,-1.9235177040100098,-1.4265360832214355,1.0181680917739868,0.2000414395732866,0.05566852689070464,-0.03629033317606267,-0.9775312872103288,2.0800609840860655,2.161792381909722,0.0,2.120512008666992,2.0838825702667236,0.01651926338672638,-3.242685197867389,3.571842461787183,-0.23114971051843897,-1.7312132610367896,3.7217564286599885,-0.4422547301036801,-4.303702644746247,4.179085060757684,-0.2822803118298785,-3.399561718156451,3.7982708436824613,-0.13000086762701119,-1.5114719368305993,-0.14991396687280578,0.2111050195852411,0.0,0.0,0.0,0.0,0.0,0.0
16.6667,-1.8246116703020974,-1.35027007542611,1.0,-1.9025551080703735,-1.4058805704116821,1.0187315940856934,0.2000414395732866,0.05566852689070464,-0.03629033317606267,-0.9775312872103288,2.0254051131391653,2.2130824945468537,0.0,2.0815110206604004,2.116130828857422,0.024794800207018852,-3.3460974008076154,3.683944682891064,-0.28424441800446404,-1.835090540877866,3.845674390340957,-0.5012812802748408,-2.3416023704891282,1.936171431025351,0.49685963422751545,-3.0872327818193592,3.2485450624495136,0.05505980999509853,-1.5110068599297495,-0.16172970744989326,0.21703686227037677,0.0,0.0,0.0,0.0,0.0,0.0
16.6833,-1.7913049447065303,-1.3129505817558538,1.0,-1.8617165088653564,-1.3636013269424438,1.0199817419052124,0.19621864665636363,0.06158376332222372,-0.03488418786919368,-0.9780024468298321,1.9694258726337805,2.263042582940204,0.0,2.0113930702209473,2.1810648441314697,0.02383800782263279,-3.3726904957556005,3.486178136950176,-0.28542081276141745,-1.8569344365190086,3.654828665569831,-0.5078942230682082,-4.204855451659947,3.89398358640016,-0.05737722863229533,-3.4171754213613994,3.43909031175514,0.021866341118609012,-1.515756059236592,-0.16865052861965527,0.2224734103067907,0.0,0.0,0.0,0.0,0.0,0.0
16.7,-1.7589592636420828,-1.2748307530356524,1.0,-1.8222119808197021,-1.3200680017471313,1.021339774131775,0.19076855865007897,0.07009969738288784,-0.03325398991564087,-0.9785640535862397,1.9122461295534787,2.3115611045368754,0.0,1.935117244720459,2.2455286979675293,0.03081797994673252,-3.3656318829910523,3.278422946017,-0.3348020808868614,-1.8394856354050788,3.4495985148250896,-0.5651885857561665,-4.576881258941345,3.8681115879828325,0.41882868383404864,-3.759541781197333,3.565745233955716,0.13905688018758278,-1.5261462475859735,-0.1711755688080897,0.23038650486930512,0.0,0.0,0.0,0.0,0.0,0.0
16.7167,-1.7275729522032817,-1.2359098589125737,1.0,-1.8030116558074951,-1.2977832555770874,1.0220576524734497,0.186686810227549,0.07228831473742973,-0.03206136054332809,-0.9792316175198038,1.8538647883688606,2.3586405716950773,0.0,1.8993698358535767,2.2753612995147705,0.03423506021499634,-3.5098675428900594,3.378544001454698,-0.35962914547862285,-1.9837518124118112,3.5602511155394168,-0.5986685550745305,-2.1450306871342937,1.7901114465156869,0.2050426105881343,-3.2829085969214202,3.0415456856667062,0.1585370738593636,-1.5261157304782482,-0.18170711408471876,0.23903940959590775,0.0,0.0,0.0,0.0,0.0,0.0
16.7333,-1.69718178902178,-1.1962331639595094,1.0,-1.765730619430542,-1.252374529838562,1.0235379934310913,0.18369109652909166,0.07516570115869273,-0.03060375393442731,-0.9796280507768973,1.794349745939264,2.40422731646733,0.0,1.8181488513946533,2.3317599296569824,0.03194207325577736,-3.4813192539854003,3.196675365729032,-0.35405728062092295,-1.9471655536078927,3.3856184337333333,-0.6003839385750334,-4.874797876450639,3.3849863343016184,-0.13762266037519855,-3.7528634080755854,3.142935642397627,0.07110530723873995,-1.5341537003775076,-0.18894306800430152,0.24632665795411038,0.0,0.0,0.0,0.0,0.0,0.0
16.75,-1.6677741703830145,-1.1557849458835947,1.0,-1.7476997375488281,-1.2292397022247314,1.0242068767547607,0.18369109652909166,0.07516570115869273,-0.03060375393442731,-0.9796280507768973,1.733677418825392,2.4483387444254783,0.0,1.778427243232727,2.357891321182251,0.02432231791317463,-3.6149749343333246,3.3013382907374114,-0.3124900603059632,-2.081752634334241,3.504896105250744,-0.5632410111002086,-2.3832987626063944,1.5678849867677562,-0.4571857565624777,-3.348542892445729,2.677951900787353,-0.08485587066212374,-1.5332222999990837,-0.20355781451333266,0.2507509507942455,0.0,0.0,0.0,0.0,0.0,0.0
16.7667,-1.6394013967716359,-1.1146354915199885,1.0,-1.7127176523208618,-1.1822500228881836,1.0254477262496948,0.18027159100050122,0.07938310974986715,-0.02977936157755421,-0.979956037552009,1.6719532372799828,2.490897904842546,0.0,1.7015527486801147,2.4089841842651367,0.019314227625727654,-3.6197367157307667,3.129475311291586,-0.2894938165034819,-2.08126149696428,3.3445149594460313,-0.5433710113584279,-4.613596039377289,3.0663203983516483,-0.30055879585908885,-3.7220097034930557,2.792605379693268,-0.1485353167014361,-1.5384752187664867,-0.21503964815444526,0.25387719485494603,0.0,0.0,0.0,0.0,0.0,0.0
16.7833,-1.612033177878389,-1.072738555015466,1.0,-1.6792306900024414,-1.1340718269348145,1.0266389846801758,0.17517277590313063,0.08277990866382233,-0.029835206151831176,-0.9805977233205875,1.609107832523199,2.531950233182416,0.0,1.622909426689148,2.468432664871216,0.011636306531727314,-3.6160002308665935,2.894447339509061,-0.2502715254903069,-2.067439435394162,3.1148577152508556,-0.5053002459475331,-4.713412020233775,3.5629876253893857,-0.4601688313602069,-4.014689787801101,3.020036299323376,-0.2405352261260936,-1.5485607954724314,-0.22041037574179478,0.25502872045722613,0.0,0.0,0.0,0.0,0.0,0.0
16.8,-1.5857589947748691,-1.0302319039928505,1.0,-1.6472923755645752,-1.084764838218689,1.0276448726654053,0.17173736257340536,0.08551187001847652,-0.02966101322693562,-0.9809761598733667,1.5453478559892757,2.571361507837696,0.0,1.5430362224578857,2.5221176147460938,0.004542319569736719,-3.6057335381503184,2.680071931218446,-0.21365794532660404,-2.043242672857668,2.9022508659778374,-0.4684449523173753,-4.795483824792442,3.223174921271114,-0.4259137974609934,-4.245194458523604,3.080006533398826,-0.2952623686504068,-1.5624908652926504,-0.22217893475939166,0.2547870069907713,0.0,0.0,0.0,0.0,0.0,0.0
16.8167,-1.560542281933422,-0.9870596978190397,1.0,-1.6319589614868164,-1.0597339868545532,1.0280964374542236,0.1703110974147285,0.088763831287524,-0.02879961593707001,-0.9809616613574789,1.4805895467285595,2.609186577099867,0.0,1.4996261596679688,2.5490834712982178,-0.002499100985005498,-3.7399539353278266,2.740007667996989,-0.17460372597709467,-2.173751686030739,2.9696785773390344,-0.42799061138105704,-2.6047925608011444,1.618068669527897,-0.4225158569161302,-3.7609178357869513,2.6484157553405865,-0.3328299242685418,-1.5662022492970873,-0.22967090934204504,0.25338688540396237,0.0,0.0,0.0,0.0,0.0,0.0
16.8333,-1.5364129466101524,-0.9432712786445455,1.0,-1.602342128753662,-1.0089588165283203,1.0288095474243164,0.16582110671498793,0.0918378143178441,-0.028156876497278886,-0.9814664963089424,1.4149069179668183,2.645380580084771,0.0,1.428283452987671,2.5879368782043457,-0.0064826603047549725,-3.7866232664387254,2.591688211533295,-0.15522812734100627,-2.214662749022212,2.828945858831968,-0.407267506176766,-4.281056411577035,2.3314734537963004,-0.23904114324023207,-3.9144722502194145,2.554848594995703,-0.3051417618797771,-1.5719605174165134,-0.23725764729867288,0.2520393788357597,0.0,0.0,0.0,0.0,0.0,0.0
16.85,-1.513359660825561,-0.8988416425792959,1.0,-1.588085651397705,-0.9832375645637512,1.0291297435760498,0.16582110671498793,0.0918378143178441,-0.028156876497278886,-0.9814664963089424,1.3482624638689438,2.679960508761658,0.0,1.3844034671783447,2.614388942718506,-0.014239588752388954,-3.929848642183002,2.6354393258663533,-0.11125997251538594,-2.3607466461284052,2.8838822544669056,-0.36054126603027936,-2.6288905712122728,1.5847676727277922,-0.4647247641821052,-3.534945041292089,2.2684629760389,-0.35225358094585224,-1.5691019960545969,-0.2484429286005523,0.24928129351489345,0.0,0.0,0.0,0.0,0.0,0.0
16.8667,-1.4914205722742133,-0.8538386578312476,1.0,-1.5607967376708984,-0.930984377861023,1.0296043157577515,0.15754909490590258,0.09398877609741954,-0.028094836336270794,-0.9826266304610534,1.2807579867468712,2.71286914158868,0.0,1.3006031513214111,2.6602089405059814,-0.018362335860729218,-3.907027630189878,2.421751157862499,-0.08988468493329721,-2.3334617425602158,2.6772729448110693,-0.33645964606000517,-5.020267664576578,2.7449616499792895,-0.24698348431719824,-3.9734394277453386,2.409134093814812,-0.321175924341537,-1.5735658876296623,-0.25552178694857003,0.24657496112670796,0.0,0.0,0.0,0.0,0.0,0.0
16.8834,-1.4705977717422773,-0.8082620164560992,1.0,-1.5351539850234985,-0.8777023553848267,1.0300683975219727,0.1517275667236914,0.09755447850678213,-0.028007550213004752,-0.9831975938178305,1.2123930246841488,2.744103342386584,0.0,1.2108371257781982,2.711573600769043,-0.018473822623491287,-3.848494097291889,2.161053840618959,-0.09254057412330668,-2.2631800500709627,2.4176056830896995,-0.33773760904522965,-5.374587812085135,3.075371504432358,-0.006675079939474398,-4.387084040363189,2.6058195546172143,-0.2283295267688948,-1.585314047220926,-0.25655184247074025,0.24519703492192294,0.0,0.0,0.0,0.0,0.0,0.0
16.9001,-1.450950009391755,-0.7622428302264637,1.0,-1.5229572057724,-0.8506757020950317,1.0302579402923584,0.14884076575014227,0.10208574414210506,-0.027383018211770357,-0.983196413706072,1.1433642453396955,2.7735749859123673,0.0,1.1738229990005493,2.7336630821228027,-0.024572936818003654,-4.046333447953617,2.198241412000131,-0.057903036686427656,-2.4625261882682423,2.4604453689024597,-0.30053585571075714,-2.2190086188413876,1.3242714005974587,-0.36564382691565545,-3.7470285488213455,2.2274831159891226,-0.2688672179413121,-1.583807259685375,-0.2622039569023288,0.2426328190243295,0.0,0.0,0.0,0.0,0.0,0.0
16.9169,-1.432353708430028,-0.7154700060693892,1.0,-1.4996469020843506,-0.7960229516029358,1.0306044816970825,0.14430297525583427,0.10507706139742709,-0.026787651829705442,-0.9835740494687297,1.0732050091040837,2.8014694373549576,0.0,1.0921227931976318,2.767975091934204,-0.03027607686817646,-4.041371207212731,2.0164479785460063,-0.026443020507842918,-2.453720752463197,2.2834502480011745,-0.26563799686900885,-4.87350314304406,2.0467474471655716,-0.3401982979918651,-4.079584438232486,2.174126643147046,-0.289925456529673,-1.5876504547495338,-0.26700226945516825,0.23919497636116593,0.0,0.0,0.0,0.0,0.0,0.0
16.9334,-1.4151660441112053,-0.6688803769947193,1.0,-1.4778697490692139,-0.7406110167503357,1.0308665037155151,0.13653855638261184,0.10624828017069633,-0.02659896038892221,-0.9845613393950974,1.003320565492079,2.827250933833192,0.0,1.055638313293457,2.7835781574249268,-0.030803153291344643,-4.302352523680427,1.9297679786001343,-0.025612754684248118,-2.7228982960718766,2.2064258697155075,-0.26240142465542216,-2.2036346356004204,0.9424132021946057,-0.0318350121682531,-3.5257697687277254,1.8105023226729247,-0.21373244009297968,-1.5794542276085504,-0.2766578911153733,0.23678866997117407,0.0,0.0,0.0,0.0,0.0,0.0
16.95,-1.399128819802846,-0.6218430318785275,1.0,-1.4676152467727661,-0.7125652432441711,1.03102707862854,0.13653855638261184,0.10624828017069633,-0.02659896038892221,-0.9845613393950974,0.9327645478177913,2.851306770295731,0.0,0.9638809561729431,2.8268604278564453,-0.02810896560549736,-4.181180474759111,1.8050355948211798,-0.04360839182307247,-2.6000750356578983,2.0843248138575827,-0.27984686413050497,-5.54079744885472,2.613613786550339,0.16268938780431622,-4.120642769671957,2.047595505720099,-0.10260583642862453,-1.5811054391012123,-0.27928921903640314,0.2362384723074325,0.0,0.0,0.0,0.0,0.0,0.0
16.9667,-1.3841832962168128,-0.5741483758623067,1.0,-1.4484243392944336,-0.655891478061676,1.0313130617141724,0.13034650340134024,0.10853974768940595,-0.026267222544292958,-0.9851593610286185,0.8612225637934601,2.8737250556747806,0.0,0.8811917304992676,2.8564870357513428,-0.033184755593538284,-4.168081102901877,1.6109389953906044,-0.01562693190813208,-2.581217421369983,1.8922035812404994,-0.24994401455489143,-4.9632752797733195,1.778285011019205,-0.30466536320444204,-4.3694032879123705,1.9680901253481529,-0.16225750188610671,-1.586863681531894,-0.28126458584989494,0.23431708264675935,0.0,0.0,0.0,0.0,0.0,0.0
16.9833,-1.3704237356677331,-0.5260564989861206,1.0,-1.4308717250823975,-0.5986177921295166,1.031526803970337,0.12587163156641393,0.11351298493454934,-0.0261556176894361,-0.9851838062007547,0.789084748479181,2.8943643964984,0.0,0.7939479351043701,2.8855276107788086,-0.03695160150527954,-4.126361560845446,1.4076257465473254,0.004854043724021706,-2.5292380142204784,1.6894831377726613,-0.22689440720224796,-5.232162772741571,1.7416140009722898,-0.22590432776173183,-4.624105656964243,1.9012302340035347,-0.18104720819268305,-1.5971235466249671,-0.2818573912253358,0.23174845092626967,0.0,0.0,0.0,0.0,0.0,0.0
17.0,-1.3578804238369622,-0.47767305961745765,1.0,-1.4227286577224731,-0.5697422623634338,1.0315990447998047,0.12024438747306103,0.11945900671661439,-0.026532916277305627,-0.9851735223697181,0.7165095894261865,2.9131793642445567,0.0,0.7538473606109619,2.8983609676361084,-0.037587277591228485,-4.326349942970297,1.433726069983663,0.007254032563919266,-2.732291580889907,1.719755779617394,-0.22246635060442466,-2.407035319709199,0.770321712748297,-0.038156430677199614,-3.9695859707908863,1.567365368291066,-0.13886323897667058,-1.59405836208039,-0.28602970963373087,0.22972038316834392,0.0,0.0,0.0,0.0,0.0,0.0
17.0167,-1.346541823121921,-0.42895355364907883,1.0,-1.4077047109603882,-0.5114865303039551,1.0317862033843994,0.1121580411339038,0.12173368196775591,-0.02706936136515223,-0.9858340477795808,0.6434303304736182,2.930187265317118,0.0,0.6689975261688232,2.9317691326141357,-0.03872232139110565,-4.298644918519573,1.17940105886754,0.012068160025178243,-2.7022116659829423,1.4649514875623755,-0.21580683593548006,-5.087137997083965,2.002973212498928,-0.06805109851625261,-4.299507755066511,1.6959647657457189,-0.11795820084026222,-1.5964332525366305,-0.28555042869483543,0.2278749959606583,0.0,0.0,0.0,0.0,0.0,0.0
17.0333,-1.336434290715,-0.3800127699434521,1.0,-1.3943864107131958,-0.45270729064941406,1.0320614576339722,0.10415252022595804,0.12162504945353586,-0.027311790037786898,-0.9867186258361276,0.5700191549151782,2.9453485639275,0.0,0.5787925124168396,2.9562370777130127,-0.035189464688301086,-4.235712430488523,0.9654629311163928,-0.011573277710526797,-2.6310428276452154,1.2489722888244479,-0.2393547995951542,-5.415792298883481,1.469023761809333,0.21210814486115087,-4.629055355348713,1.6289676334579746,-0.020516582784811374,-1.604669602843308,-0.28350935770805513,0.2277815218846274,0.0,0.0,0.0,0.0,0.0,0.0
17.05,-1.3275466583870021,-0.3307987532620391,1.0,-1.3884389400482178,-0.42309269309043884,1.0321394205093384,0.10415252022595804,0.12162504945353586,-0.027311790037786898,-0.9867186258361276,0.49619812989305867,2.9586800124194967,0.0,0.5313026905059814,2.9729092121124268,-0.04287794977426529,-4.397980852828799,0.9342230447062001,0.03309619892773524,-2.7958126717866056,1.2161184902836681,-0.1919661334349646,-2.8485770468358957,1.0000429031104756,-0.4611776010010726,-4.103425615893037,1.4432975578556984,-0.15060776956638808,-1.6021681810421933,-0.2818954455774681,0.22506233236269985,0.0,0.0,0.0,0.0,0.0,0.0
17.0667,-1.3198957286870534,-0.2814019806757324,1.0,-1.3779089450836182,-0.36367857456207275,1.0322116613388062,0.09828219257861633,0.12381519858260331,-0.027205959301176103,-0.987051290911424,0.4221029710135986,2.9701564069694197,0.0,0.4435214102268219,2.98529314994812,-0.04787835851311684,-4.346507433189466,0.7689191998937398,0.061664033387201,-2.7409277406835626,1.050827515699473,-0.15955281742673819,-5.268389139300279,0.7432496243829148,-0.3001106728911784,-4.447344140682809,1.2366306127328814,-0.19474375917477316,-1.6055796925059036,-0.2819083158057332,0.2212168508139392,0.0,0.0,0.0,0.0,0.0,0.0
17.0833,-1.3134781782240104,-0.23179959363166192,1.0,-1.3691511154174805,-0.3040396273136139,1.0322097539901733,0.0908922655765704,0.127781263125594,-0.027445774869203087,-0.9872473580506966,0.3476993904474929,2.9797827326639843,0.0,0.3596114218235016,2.995163679122925,-0.04701600968837738,-4.314681670758736,0.6068702199151282,0.0554254511281283,-2.7026931226259974,0.8898318490683219,-0.16307668488852387,-5.032876203005906,0.592029058044588,0.051723221052782105,-4.620203907572588,1.0463324520512498,-0.1219822017988526,-1.6119885481327387,-0.28296162915319373,0.21850213601665217,0.0,0.0,0.0,0.0,0.0,0.0
17.1,-1.308304356749209,-0.18206719818742426,1.0,-1.3654508590698242,-0.27415406703948975,1.0322322845458984,0.08070685796789732,0.12942715024350507,-0.028297562677608225,-0.9878938907068538,0.2731007972811364,2.987543464876186,0.0,0.3107999265193939,3.009065866470337,-0.04948057979345322,-4.4727249808194784,0.5588927305305158,0.06902568756332356,-2.8644952906086187,0.8412405952790802,-0.14640117629092642,-2.928357387038176,0.8340365883312116,-0.1478574263727776,-4.120739891900142,0.9836588328326654,-0.12962104102880628,-1.60822969021086,-0.28234786474856444,0.21542686385424997,0.0,0.0,0.0,0.0,0.0,0.0
17.1167,-1.3043747227010265,-0.13221101544650593,1.0,-1.3594355583190918,-0.2140663117170334,1.0322736501693726,0.07463356558610632,0.1304754003178877,-0.028694122375247252,-0.988222003922511,0.1983165231697589,2.99343791594846,0.0,0.22439858317375183,3.0183887481689453,-0.048165369778871536,-4.42137439697059,0.37635286793582956,0.05985122725296149,-2.811557394537969,0.6582757702716571,-0.15350971215744158,-5.181269033355733,0.5590695280442646,0.07886980291094177,-4.4338274783330665,0.8583123096065515,-0.06807073319580578,-1.6098170024326206,-0.28192290233582756,0.21336093941040307,0.0,0.0,0.0,0.0,0.0,0.0
17.1333,-1.3016924524459987,-0.08226144533567292,1.0,-1.3551206588745117,-0.15375962853431702,1.032262921333313,0.06672303675998678,0.13287659847378444,-0.028934738733395894,-0.9884607658193253,0.12339216800350938,2.9974613213310017,0.0,0.13694214820861816,3.0291666984558105,-0.056109923869371414,-4.359489244362962,0.17284574932513816,0.10649621246100877,-2.7437147501887686,0.45288100511169926,-0.10227143103471675,-5.244690167426831,0.6463447763114625,-0.47642834674940304,-4.673208964737519,0.7957356195304881,-0.18862536449384504,-1.6157744941741932,-0.28003525578656113,0.20876764349572552,0.0,0.0,0.0,0.0,0.0,0.0
17.15,-1.300260870149946,-0.03230189694971722,1.0,-1.3535864353179932,-0.12354554980993271,1.0322070121765137,0.06672303675998678,0.13287659847378444,-0.028934738733395894,-0.9884607658193253,0.04845284542457583,2.9996086947750804,0.0,0.09710121154785156,3.025947332382202,-0.05621297284960747,-4.572925538179334,0.19288447206337225,0.1063210543052105,-2.9646546903314617,0.47377760503798505,-0.09860874533757913,-2.3917243945726225,-0.19326444151829164,-0.006186219012995935,-3.999673019674761,0.503764725010053,-0.13476599420715293,-1.6082708478478722,-0.2808931329746128,0.20492979964278962,0.0,0.0,0.0,0.0,0.0,0.0
17.1667,-1.3000782290775603,0.017689267663007515,1.0,-1.3518153429031372,-0.0630318894982338,1.031997799873352,0.059050603383639384,0.13406435988509421,-0.02933981209443411,-0.9887764878615205,-0.02653390149451127,2.9998826563836594,0.0,0.013083003461360931,3.033015727996826,-0.06510063260793686,-4.526227710562222,-0.011629418000921404,0.1596265125745458,-2.920374418067728,0.26849096171871123,-0.03887613072787979,-5.041241523968928,0.4241162754102113,-0.5332753512009499,-4.307163079463625,0.48025104690959775,-0.25241324016672984,-1.6058532924944944,-0.2801203797196326,0.1985026433024256,0.0,0.0,0.0,0.0,0.0,0.0
17.1833,-1.3011457675826779,0.0676886810874525,1.0,-1.3515434265136719,-0.03274758905172348,1.0318130254745483,0.05279129588594555,0.13517330142133252,-0.02968419399361663,-0.9889692253997607,-0.10153302163117875,2.9982813486259827,0.0,-0.027601495385169983,3.031381607055664,-0.06855081766843796,-4.735570658785187,-0.023681454571474303,0.18019089489443557,-3.1437009257767214,0.2564153472055654,-0.011708029563649414,-2.4406882008410093,-0.09803192402311345,-0.2069787316208021,-3.756145580704859,0.30953134429389606,-0.23900014281243492,-1.591869733008466,-0.2800968017770397,0.19189892445808499,0.0,0.0,0.0,0.0,0.0,0.0
17.2,-1.3034619101426363,0.11762506428780443,1.0,-1.352389931678772,0.02791617251932621,1.0314202308654785,0.04261771310245781,0.13734368236135938,-0.029980654926042207,-0.989151974134904,-0.17643759643170664,2.994807134786045,0.0,-0.12466845661401749,3.0370402336120605,-0.06944658607244492,-4.603917880165936,-0.24297736089269975,0.18648231812180255,-3.0152738713351774,0.034958349890415436,0.0005257947439068766,-5.8250231604023295,0.3395762093485757,-0.053755383228649506,-4.366916056246569,0.3184011376045841,-0.1843125039628018,-1.5886440088307583,-0.2779357107831152,0.18595652337789567,0.0,0.0,0.0,0.0,0.0,0.0
17.2167,-1.3070255730062554,0.167490099256511,1.0,-1.355044960975647,0.08854576200246811,1.0309659242630005,0.037682485729226174,0.13983824895759792,-0.029859145561785302,-0.9890065253606929,-0.2512351488847665,2.9894616404906165,0.0,-0.2066882997751236,3.023181915283203,-0.07263515889644623,-4.556308820079661,-0.35660391199702357,0.20685319494707072,-2.9680165424017266,-0.07668549287108961,0.027231769273112244,-4.921688120547083,-0.8315831640390283,-0.19133371126498613,-4.530694909502657,-0.02109524713707761,-0.1863852926888796,-1.5882922776779338,-0.27991841912593396,0.17962142567395847,0.0,0.0,0.0,0.0,0.0,0.0
17.2333,-1.3118372541355678,0.21727608233950127,1.0,-1.3594021797180176,0.1490393579006195,1.0303469896316528,0.03090534097730323,0.1430081397758826,-0.029689883818165595,-0.9887932623072277,-0.3259141235092519,2.9822441187966477,0.0,-0.288686066865921,3.015209674835205,-0.08299041539430618,-4.503049017801364,-0.5164943760311432,0.27106742208802187,-2.9128651194203985,-0.23448895484071663,0.10070985259367657,-4.917830561672434,-0.47813652872708556,-0.6210583371464524,-4.644984429914715,-0.15602218705767992,-0.31470872017139706,-1.5901838983809653,-0.2820054211904266,0.1703575694943453,0.0,0.0,0.0,0.0,0.0,0.0
17.25,-1.3178891843568452,0.26690206913852876,1.0,-1.3621954917907715,0.17919422686100006,1.0300062894821167,0.03090534097730323,0.1430081397758826,-0.029689883818165595,-0.9887932623072277,-0.40035310370779315,2.973166223464732,0.0,-0.3326062858104706,3.0094542503356934,-0.08276328444480896,-4.688099374190159,-0.5492702443305728,0.27040789982696195,-3.107637775841,-0.26683406002908155,0.10796876644215408,-2.6351402577710386,-0.3453159197219163,0.013627480080678616,-4.05164169526899,-0.21190515676597327,-0.21777787267541193,-1.580461598349159,-0.28243618430149126,0.16243913338480787,0.0,0.0,0.0,0.0,0.0,0.0
17.2667,-1.3251798451726975,0.31636269705493014,1.0,-1.3690862655639648,0.23944908380508423,1.0292487144470215,0.020881345261714757,0.14511635674853388,-0.030123279861403156,-0.9887354789779192,-0.4745440455823952,2.9622302322409535,0.0,-0.41437432169914246,3.0024776458740234,-0.08624305576086044,-4.627500621593437,-0.7370024689111334,0.2940996279896649,-3.0524616150225334,-0.4550398473795936,0.13995921633493827,-4.906999370457277,-0.4186745264121788,-0.20882531262519316,-4.304158914827914,-0.2729472539231862,-0.21513491331771642,-1.5750390065709032,-0.28196262153153984,0.1541404116547266,0.0,0.0,0.0,0.0,0.0,0.0
17.2833,-1.3337100174647534,0.3656551716871239,1.0,-1.3731971979141235,0.2695101201534271,1.0288505554199219,0.015273791361037323,0.14532596356289068,-0.030406633123941817,-0.9887985728101402,-0.5484827575306859,2.9494349738028696,0.0,-0.46365848183631897,2.9975059032440186,-0.08652092516422272,-4.77767278654477,-0.7970911990458152,0.29679546002920004,-3.2162510121987653,-0.5180467984612054,0.1502217197112511,-2.9555303756022933,-0.2981512989519738,-0.016663598604538112,-3.906019120421904,-0.2803879486838971,-0.15654255364485353,-1.5614217743460044,-0.2790444005846098,0.14657374031794895,0.0,0.0,0.0,0.0,0.0,0.0
17.3,-1.3434607158259169,0.414673400983915,1.0,-1.3828521966934204,0.32946619391441345,1.0280019044876099,0.008954061087647059,0.14624227819636604,-0.030757842812583158,-0.988729999887613,-0.6220101014758724,2.9348089262611246,0.0,-0.5541321039199829,2.982477903366089,-0.0917653813958168,-4.653878339572076,-0.958240295213333,0.33157251013407857,-3.098003937318176,-0.6805913430453013,0.19383617038607348,-5.431064032288074,-0.9021196204433886,-0.3148207947503256,-4.356240252490613,-0.4639345019194999,-0.20326918335777777,-1.5558744022539002,-0.27764895216803165,0.1377363397480051,0.0,0.0,0.0,0.0,0.0,0.0
17.3167,-1.3544386753584605,0.4634556419540698,1.0,-1.3942748308181763,0.38901305198669434,1.0271087884902954,0.002563834941766264,0.14894559286492295,-0.03121248086747013,-0.9883493716987111,-0.6951834629311047,2.918341986962309,0.0,-0.6409026384353638,2.960393190383911,-0.0944666638970375,-4.5447074510432355,-1.08687582367813,0.35134197873604306,-2.9894093688870202,-0.8080262753019612,0.22262400478131997,-5.205194582302378,-1.3248187188031866,-0.1620446516683591,-4.6068670874569175,-0.7180832575985524,-0.19109894811959013,-1.5552980821562152,-0.2788495483761687,0.1287179739547231,0.0,0.0,0.0,0.0,0.0,0.0
17.3333,-1.3666266772693068,0.5119253802589585,1.0,-1.400635838508606,0.41862553358078003,1.0266419649124146,0.002563834941766264,0.14894559286492295,-0.03121248086747013,-0.9883493716987111,-0.7678880703884378,2.9000599840960395,0.0,-0.6820852160453796,2.947110652923584,-0.09226226806640625,-4.734985037585701,-1.1300889596054335,0.3395620635156274,-3.192322510772861,-0.8521198314220348,0.21836610890634894,-2.472088646544445,-0.7973179912126286,0.13232444935812115,-3.9766414731782014,-0.7414747991782946,-0.09561844979659953,-1.5426625268128393,-0.27796912818339875,0.12119595460927846,0.0,0.0,0.0,0.0,0.0,0.0
17.35,-1.3800256099787425,0.5600877981731981,1.0,-1.4146873950958252,0.4775310456752777,1.0257385969161987,-0.005546546337457846,0.1509007324837827,-0.03211012444705515,-0.9880117754421388,-0.8401316972597972,2.879961585031886,0.0,-0.7698695659637451,2.929666757583618,-0.09420687705278397,-4.6077524094110345,-1.3067212438420839,0.35488878909943194,-3.070668809783904,-1.0298516276747969,0.24158213660563643,-5.268196451566748,-1.0468593504077837,-0.1167016919444842,-4.357932109260201,-0.8316299003828818,-0.10184260822868402,-1.5370835996271306,-0.27686961616728695,0.11330665249379551,0.0,0.0,0.0,0.0,0.0,0.0
17.3667,-1.3946275971024895,0.6079111828849402,1.0,-1.430517554283142,0.5360221862792969,1.0248241424560547,-0.012703123361456153,0.151444985275316,-0.03309294680748073,-0.9878299117908144,-0.9118667743274103,2.8580586043462652,0.0,-0.8620601892471313,2.903752565383911,-0.09202095121145248,-4.445425541262402,-1.4423970324831912,0.3455179055182907,-2.906746562459294,-1.1648232176591953,0.23898140816412164,-5.530572401167115,-1.554608387207506,0.13113504062017278,-4.704116956423602,-1.0450663639695152,-0.033063348027694485,-1.5386789788031083,-0.2775738148239959,0.10653649735416906,0.0,0.0,0.0,0.0,0.0,0.0
17.3833,-1.4104308947445447,0.6553843120369138,1.0,-1.439145803451538,0.5650907754898071,1.0243473052978516,-0.018628870163322646,0.1507946014508762,-0.03401844945393145,-0.9878039914789801,-0.9830764680553707,2.8343536578831827,0.0,-0.9025905728340149,2.888835906982422,-0.09406101703643799,-4.629340253195603,-1.5084124838203352,0.35933024843704514,-3.1014600980644023,-1.2335886242068945,0.26023199660311547,-2.4298440582030243,-0.8942711757811383,-0.12230434021325863,-4.032710028730507,-1.0005488682495973,-0.05940892002763918,-1.5278801551312007,-0.27482385961344075,0.09909825183392967,0.0,0.0,0.0,0.0,0.0,0.0
17.4,-1.427396200348176,0.7023923472885732,1.0,-1.4576358795166016,0.6226910948753357,1.023390769958496,-0.02473104894141179,0.15128702415545323,-0.034921993592308,-0.9875632486802859,-1.05358852093286,2.808905699477736,0.0,-0.9847175478935242,2.854401111602783,-0.09722236543893814,-4.513351238823447,-1.6118934071155864,0.38230179241115364,-2.9911510184709504,-1.3356688394828895,0.29158327016730057,-4.930585574624622,-2.067331777908192,-0.18979511687159153,-4.297779300844332,-1.3154826813596148,-0.09790130847630749,-1.5222002203524967,-0.2762245676326968,0.09071852224385309,0.0,0.0,0.0,0.0,0.0,0.0
17.4167,-1.4455347667548735,0.7489717609396894,1.0,-1.4674839973449707,0.6512269973754883,1.0228726863861084,-0.02473104894141179,0.15128702415545323,-0.034921993592308,-0.9875632486802859,-1.123457641409534,2.7816978498676894,0.0,-1.0219825506210327,2.8369650840759277,-0.09631875902414322,-4.709250703529245,-1.6834818761233206,0.37870837866937107,-3.2044164591421946,-1.4096282839919874,0.2957146587537715,-2.23657418006983,-1.0464770190601569,0.05423272852155,-3.68927387541044,-1.2360672930841625,-0.052988560116953645,-1.5048342443870497,-0.27385359213133326,0.08299371991559956,0.0,0.0,0.0,0.0,0.0,0.0
17.4333,-1.4648451121820767,0.7951141664679268,1.0,-1.4885543584823608,0.7079142332077026,1.0218307971954346,-0.032567960394072955,0.1510005941729732,-0.0364118846871681,-0.9873258776294725,-1.19267124970189,2.7527323317268846,0.0,-1.1130077838897705,2.811432361602783,-0.09343699365854263,-4.5257372406825604,-1.8591691348096728,0.3658991651328006,-3.0284723641377234,-1.5878524104039382,0.2894565161576916,-5.45870805393117,-1.5311762771478818,0.1728170886890379,-4.211643185832806,-1.3231888590492138,0.013673394584787092,-1.4972648765448373,-0.2713167244057346,0.07644264897510898,0.0,0.0,0.0,0.0,0.0,0.0
17.45,-1.4852928284309472,0.8407365113136511,1.0,-1.5114017724990845,0.763911247253418,1.0209195613861084,-0.039662671112813346,0.14937673405176516,-0.03753370735398256,-0.9872713817543479,-1.2611047669704767,2.722060757353579,0.0,-1.2001909017562866,2.7730417251586914,-0.0913727656006813,-4.354798656717521,-1.9660980193909359,0.35737268771008074,-2.8585964294443915,-1.6939097506855372,0.2868838652169399,-5.231216560327315,-2.3035392406511974,0.1238591170495837,-4.5126398812877095,-1.6126062101019993,0.046202233781532424,-1.4962022272731295,-0.2721882687053987,0.0704888224931408,0.0,0.0,0.0,0.0,0.0,0.0
17.4667,-1.506874196404466,0.8858328580945004,1.0,-1.5360039472579956,0.8192098736763,1.0199244022369385,-0.044402421402651465,0.14949489274156544,-0.03781722920391533,-0.9870407963461448,-1.3287492871417506,2.6896887053933005,0.0,-1.2859644889831543,2.7360191345214844,-0.09050432592630386,-4.181876702692615,-2.089562710855004,0.35647377530737684,-2.681730932020341,-1.8152638318614127,0.29189954629826226,-5.147009170636794,-2.221611800220324,0.05211239395109948,-4.699917290220458,-1.7923957914355264,0.04794702108684123,-1.5001457706722743,-0.2742988789935914,0.06457422900911457,0.0,0.0,0.0,0.0,0.0,0.0
17.4833,-1.5295843334236525,0.9303915130422394,1.0,-1.5489366054534912,0.8465520739555359,1.0194340944290161,-0.04937340510848854,0.15153569056166752,-0.03799749127499639,-0.986486438847681,-1.395587269563359,2.6556234998645207,0.0,-1.318869948387146,2.7102646827697754,-0.09026599675416946,-4.382938778329444,-2.152204131422021,0.356847314378781,-2.893107423861551,-1.879664326134755,0.2983785622274548,-1.9736518468732571,-1.5447382344949878,0.014294856211300033,-3.8950739018892886,-1.7192827540531068,0.038012286936429156,-1.4898313544678927,-0.27253980528726607,0.05846875215132618,0.0,0.0,0.0,0.0,0.0,0.0
17.5,-1.553396992027729,0.9743602683516072,1.0,-1.5759350061416626,0.9005294442176819,1.0184903144836426,-0.05768861480311953,0.1511329405456535,-0.03892510126387275,-0.9860607135308724,-1.4615404025274108,2.6199045119584063,0.0,-1.3955156803131104,2.6649973392486572,-0.08744458109140396,-4.248900337574063,-2.2426561889693506,0.34402134163324943,-2.7649203421736015,-1.9680031570021417,0.29087705046815765,-4.598485173582801,-2.715887796993234,0.1692754151825945,-4.10273376592845,-2.0134987782283105,0.07676356156318899,-1.4839799954004615,-0.27465303196720897,0.0531442911650918,0.0,0.0,0.0,0.0,0.0,0.0
17.5167,-1.5782915789785819,1.0177033521532373,1.0,-1.5900216102600098,0.9271718263626099,1.01803719997406,-0.06601372373879452,0.14586649162668686,-0.04018820016689564,-0.9862809308143419,-1.526555028229856,2.582562631532127,0.0,-1.439145803451538,2.6449038982391357,-0.08569234609603882,-4.375039010469483,-2.3586568948569866,0.33517246260178807,-2.9047259345105916,-2.088665057688472,0.28711597527035204,-2.6186714747717583,-1.2060044074296672,0.10516880240977648,-3.6646114525551106,-1.7751116809491856,0.08514930783933355,-1.4703130759588916,-0.26999183716851466,0.048056487331436026,0.0,0.0,0.0,0.0,0.0,0.0
17.5333,-1.6042596330843648,1.0604077555416251,1.0,-1.6196223497390747,0.9799222350120544,1.0171157121658325,-0.06601372373879452,0.14586649162668686,-0.04018820016689564,-0.9862809308143419,-1.5906116333124376,2.5436105503734527,0.0,-1.5254513025283813,2.601088047027588,-0.08916068822145462,-4.164698155423295,-2.47444832170484,0.3600196597200647,-2.6990694266707767,-2.20607375665142,0.3186854235607185,-5.180409863045065,-2.630007012321651,-0.20818411279820256,-4.112102848414162,-2.0274924081631664,-0.0014480793493577282,-1.4656287287525185,-0.26837456505341983,0.04133423615934621,0.0,0.0,0.0,0.0,0.0,0.0
17.55,-1.631298901925652,1.1024684327841163,1.0,-1.65088951587677,1.0316818952560425,1.0159862041473389,-0.07521177029829304,0.1425122320537693,-0.039489574005979085,-0.9861410032772857,-1.6537026491761746,2.503051647111522,0.0,-1.6111053228378296,2.557295083999634,-0.10351049154996872,-3.947015665354565,-2.5969952223676276,0.4512329638726396,-2.4788786768364957,-2.328838862113848,0.42174922995260966,-5.137482303479243,-2.626678488180869,-0.8606935248609304,-4.414813604974431,-2.2043830906383954,-0.25511303976663524,-1.4681369885180695,-0.26815636025377954,0.029483733920029953,0.0,0.0,0.0,0.0,0.0,0.0
17.5667,-1.6593767020817847,1.1438335518457041,1.0,-1.6671139001846313,1.0571951866149902,1.0153356790542603,-0.07521177029829304,0.1425122320537693,-0.039489574005979085,-0.9861410032772857,-1.7157503277652488,2.460934946872579,0.0,-1.6414660215377808,2.5251941680908203,-0.10274600982666016,-4.13310058419237,-2.6694583649488273,0.4493875028712591,-2.6757803026638234,-2.4054143441510334,0.43048216719390303,-1.821617600778188,-1.9260292392641547,0.04586829099075902,-3.649254747264056,-2.1222079460860668,-0.16625784972549626,-1.4573202815285462,-0.26404402079779365,0.01890533567735609,0.0,0.0,0.0,0.0,0.0,0.0
17.5833,-1.6884927893535584,1.1845017982403092,1.0,-1.700650691986084,1.1074031591415405,1.0139490365982056,-0.08387210999866761,0.141667941116043,-0.039245248725161455,-0.9855737488431776,-1.7767520072903895,2.417259877133687,0.0,-1.7084702253341675,2.4746041297912598,-0.11089737713336945,-4.009143349392471,-2.7660487157570905,0.5047636987946884,-2.55997318854484,-2.5026940838585348,0.4987042167030065,-4.018071858513361,-3.0337560585047822,-0.48881678652617133,-3.7581362995783296,-2.391313609738983,-0.26148314345640183,-1.4491701608476313,-0.26335463189855596,0.006059482091681865,0.0,0.0,0.0,0.0,0.0,0.0
17.6,-1.7185983027879483,1.2244054361423111,1.0,-1.7355847358703613,1.1566201448440552,1.0124796628952026,-0.09104471863016826,0.13677145196494894,-0.03921384932302088,-0.9856301834733336,-1.8366026249764058,2.372095404437768,0.0,-1.7837176322937012,2.425633668899536,-0.11063393950462341,-3.824211078498038,-2.878887893240005,0.5101140305307421,-2.377679264937192,-2.6149895619082573,0.5158139668223809,-4.5156884908144,-2.9387769701825674,0.015809212785440393,-3.98177955262986,-2.552934800031299,-0.1796213716686884,-1.4465318135608463,-0.2638983313317475,-0.0056999362916388095,0.0,0.0,0.0,0.0,0.0,0.0
17.6167,-1.749705065329712,1.2635606892965798,1.0,-1.7535498142242432,1.1806896924972534,1.0117201805114746,-0.09455289059131348,0.13251928276046515,-0.038796469082217455,-0.9858971837586502,-1.895322034333544,2.3254190908962395,0.0,-1.81465482711792,2.392648220062256,-0.11635434627532959,-3.985874066219336,-2.9730306797251616,0.5478431995852429,-2.5527844952384497,-2.7140696635643895,0.5667035685815787,-1.8561803538987511,-1.979072195917433,-0.34321491410016164,-3.354263818417148,-2.3835200704939994,-0.22791717548373808,-1.4330895709808864,-0.2589610161607721,-0.01886036899633582,0.0,0.0,0.0,0.0,0.0,0.0
17.6333,-1.7817951635032578,1.301942423626291,1.0,-1.790493130683899,1.2279611825942993,1.0100523233413696,-0.10145439093685682,0.13003936614535122,-0.038241057912540885,-0.9855630435436559,-1.9528676452216134,2.277253625206768,0.0,-1.88456392288208,2.338726282119751,-0.12101712077856064,-3.814069658395664,-3.0689872376472755,0.5838237916973252,-2.3890518301084125,-2.811902725822291,0.6166591014537627,-4.191252144082333,-3.2327758719268154,-0.2795467945969125,-3.6013580702501335,-2.634235905393001,-0.24315918270893216,-1.4250178282872519,-0.25708451182498426,-0.03283530975643746,0.0,0.0,0.0,0.0,0.0,0.0
17.65,-1.814792507898985,1.3394620955469454,1.0,-1.828665018081665,1.2740046977996826,1.0084033012390137,-0.10145439093685682,0.13003936614535122,-0.038241057912540885,-0.9855630435436559,-2.009101480575894,2.2277096016846403,0.0,-1.935653567314148,2.268906831741333,-0.11469799280166626,-3.7432287789038874,-3.074374988480254,0.553874208895861,-2.3281946013227044,-2.8119562907329816,0.5975688222042062,-3.067400048669463,-4.191929457908072,0.3793976975049743,-3.4437239028346665,-3.094095512918453,-0.05936901285479659,-1.4150341775811832,-0.2624186977472722,-0.043694613308345114,0.0,0.0,0.0,0.0,0.0,0.0
17.6667,-1.8487267175883237,1.3761561901753883,1.0,-1.848202109336853,1.2965580224990845,1.0076227188110352,-0.10878614738542362,0.126794357789219,-0.0384903565214828,-0.9851940478849429,-2.0640726844784845,2.1767395019002858,0.0,-1.9684770107269287,2.244067430496216,-0.11267746984958649,-3.870026895148702,-3.2429120011566663,0.5453999910780407,-2.4723570767090273,-2.9861582264002995,0.5991491784498217,-1.9701694381636567,-1.490941354932883,0.1212783350983142,-3.0087036918972316,-2.620815103749585,-0.006038613947963137,-1.3976698184396747,-0.25675377475636674,-0.053749187371781,0.0,0.0,0.0,0.0,0.0,0.0
17.6833,-1.8835976834756278,1.4120214154694655,1.0,-1.8882497549057007,1.3408195972442627,1.0062412023544312,-0.11310262082693388,0.1229106903350671,-0.038390974252694145,-0.9852039945411916,-2.117770410801322,2.124340950401562,0.0,-2.0263867378234863,2.1735851764678955,-0.0996212363243103,-3.7382100981757964,-3.257207832137924,0.47376200733576296,-2.3548807415400095,-2.9985598682882904,0.5330534364159307,-3.4725006076028992,-4.226399988562769,0.7829043776001829,-3.145625018485222,-3.094813107905698,0.22687177710263864,-1.3833293566357867,-0.2586479638496339,-0.05929142908016776,0.0,0.0,0.0,0.0,0.0,0.0
17.7,-1.919326949238977,1.4469768232083922,1.0,-1.9295382499694824,1.3837836980819702,1.0050681829452515,-0.11922787566827214,0.11906751875319971,-0.03716458525472417,-0.985000762437672,-2.170067334665963,2.070629908685547,0.0,-2.0891826152801514,2.1093897819519043,-0.08775414526462555,-3.564329312331499,-3.3132872875886097,0.40825561633645974,-2.1907305801639296,-3.0498210984801415,0.4699682562473129,-3.767702343146511,-3.851672245586931,0.7120159571424485,-3.329273614775124,-3.318251758880519,0.3700952062977759,-1.3735987321675696,-0.26346618910846825,-0.061712639910853184,0.0,0.0,0.0,0.0,0.0,0.0
17.7167,-1.9559113284635579,1.4810218239605393,1.0,-1.9506347179412842,1.4047964811325073,1.0045585632324219,-0.11922787566827214,0.11906751875319971,-0.03716458525472417,-0.985000762437672,-2.2209562900637345,2.0156098587861235,0.0,-2.1118886470794678,2.074669122695923,-0.08510944992303848,-3.7256904968431206,-3.446593293115652,0.3947836647937902,-2.3718098701930175,-3.1870558771552804,0.4596417200474773,-1.3630261481873738,-2.0842552704269295,0.15875908817678294,-2.748801424450507,-2.9539534410555417,0.3077049215218286,-1.3538806266501031,-0.2595374159603719,-0.06485805525368708,0.0,0.0,0.0,0.0,0.0,0.0
17.7333,-1.9933565945591112,1.5141608273290645,1.0,-1.9935948848724365,1.4458320140838623,1.0036300420761108,-0.12908228628974258,0.11517798301408207,-0.034418591633693874,-0.9843206387432517,-2.270437309651304,1.9592713565017505,0.0,-2.162454843521118,2.0020477771759033,-0.07256760448217392,-3.6039693972682807,-3.4630896715034014,0.32405412567452,-2.267802435229057,-3.2009038287334084,0.3889751243674924,-3.0321962656906756,-4.354730792325508,0.7520703471249249,-2.8324647613482057,-3.367488517929602,0.43888971707149316,-1.3361669620392238,-0.2621858427699929,-0.06492099869297235,0.0,0.0,0.0,0.0,0.0,0.0
17.75,-2.0315830806245194,1.5463241958405798,1.0,-2.037670612335205,1.485498070716858,1.0030248165130615,-0.13333863066640697,0.11158627336501023,-0.03296996230352592,-0.9842165781742783,-2.3183997690955067,1.9017341259401224,0.0,-2.2129409313201904,1.9314910173416138,-0.060915812849998474,-3.4696594104508103,-3.495027375275422,0.25706873715425443,-2.1491101145354934,-3.2264490235740557,0.3198162723267554,-3.0309892217625927,-4.235954654108756,0.699528452113422,-2.891072810603439,-3.6238755947635912,0.515835035493585,-1.320549295915317,-0.2685783517013663,-0.06274753517250097,0.0,0.0,0.0,0.0,0.0,0.0
17.7667,-2.070630434766844,1.5775457115654181,1.0,-2.060120105743408,1.504862666130066,1.0027564764022827,-0.13333863066640697,0.11158627336501023,-0.03296996230352592,-0.9842165781742783,-2.364887264641209,1.8429389443634066,0.0,-2.2409136295318604,1.8976970911026,-0.05967941880226135,-3.571805141515277,-3.6558282030174176,0.25090014758772666,-2.2726238920673865,-3.391504289416893,0.31322652844909227,-1.6775715633847121,-2.026680774400183,0.07414871028625354,-2.532825062593805,-3.1523544909828813,0.38544115934814377,-1.299181249447891,-0.2643239136005246,-0.06232638086136562,0.0,0.0,0.0,0.0,0.0,0.0
17.7833,-2.110410727992427,1.6077553806237108,1.0,-2.1058497428894043,1.5425080060958862,1.002319574356079,-0.13842840789895003,0.10830573389849432,-0.03160309785946913,-0.9839252170105225,-2.409788723154041,1.7830192623935026,0.0,-2.28766131401062,1.8195358514785767,-0.05174092575907707,-3.4368681039471234,-3.651288866360167,0.20537639707906236,-2.1569702149327545,-3.383793259004224,0.26608038654584776,-2.8054657318643583,-4.690685362712834,0.47641226391472313,-2.6133135713661493,-3.606497881238185,0.4122974921451811,-1.2798978890143689,-0.2674956073559425,-0.060703989466785374,0.0,0.0,0.0,0.0,0.0,0.0
17.8,-2.150934775870148,1.6369633809879232,1.0,-2.1524839401245117,1.5786433219909668,1.0019789934158325,-0.14208320742897565,0.1077830774155558,-0.03123823259191026,-0.9834731920602431,-2.453112461032572,1.721960462029982,0.0,-2.332564115524292,1.745520830154419,-0.04544196277856827,-3.300522853597296,-3.673541076936951,0.1692195622312465,-2.0383277326999254,-3.3991907639035444,0.22778396130673614,-2.6943633762517885,-4.441223175965665,0.3779651734620887,-2.637240955160314,-3.8529240449756976,0.4021619641592341,-1.2621951208973703,-0.2743503130334069,-0.05856439907548963,0.0,0.0,0.0,0.0,0.0,0.0
17.8167,-2.1921977126852985,1.6651648843944302,1.0,-2.176177501678467,1.5961782932281494,1.001872181892395,-0.14605403720002608,0.10552671822165574,-0.03145929281234997,-0.9831290630421518,-2.4948443044347046,1.6597721059629051,0.0,-2.357290029525757,1.707990288734436,-0.03888649493455887,-3.3922883636399748,-3.830777910488103,0.1303583478609039,-2.153056595733633,-3.5600999632575765,0.18612393140404068,-1.4821568935701934,-2.249710594389104,0.3929574395106544,-2.296239028071322,-3.3796261315472838,0.39944462024680677,-1.2392317679063418,-0.27067794723052635,-0.055765583543136786,0.0,0.0,0.0,0.0,0.0,0.0
17.8333,-2.234073371334831,1.6922766979139394,1.0,-2.224316358566284,1.6301385164260864,1.001761555671692,-0.14898939134305975,0.102832823373741,-0.031531953979182695,-0.982971686709812,-2.534854459167718,1.5966472097312567,0.0,-2.4038143157958984,1.6331712007522583,-0.037887852638959885,-3.2218844869515353,-3.8548091799511104,0.12486098484212788,-2.0020387425209405,-3.5827451084156126,0.17910889619566006,-2.7951784793445253,-4.495129777115682,0.059998415387039476,-2.443535073478327,-3.7089431963936,0.2992338963269577,-1.2198457444305948,-0.2720640715354977,-0.05424791135353217,0.0,0.0,0.0,0.0,0.0,0.0
17.85,-2.2766509381796536,1.7183587220575969,1.0,-2.273454427719116,1.6627528667449951,1.0015712976455688,-0.15200674481404938,0.10063204401922567,-0.03162965037403101,-0.9827343156589986,-2.573224644327514,1.5324547731642328,0.0,-2.4516470432281494,1.5644330978393555,-0.04056966304779053,-3.0302103691761055,-3.9175633860094243,0.14185074515317636,-1.8258372235708815,-3.642958136917944,0.19673742526146,-2.8691044818808455,-4.123051511597975,-0.16086045426593829,-2.5691709412052224,-3.8311955399276902,0.16340563463407912,-1.204373145605224,-0.2746052490914803,-0.05488668010828366,0.0,0.0,0.0,0.0,0.0,0.0
17.8667,-2.319849494261745,1.7433602571187181,1.0,-2.2983787059783936,1.6785310506820679,1.0014541149139404,-0.15200674481404938,0.10063204401922567,-0.03162965037403101,-0.9827343156589986,-2.6098734205483463,1.4673207919119688,0.0,-2.470689058303833,1.5250639915466309,-0.04381183162331581,-3.12365318185333,-4.080395534999904,0.1618411977334358,-1.941112636703723,-3.8132194657393343,0.21915513389983612,-1.142472964467586,-2.3620472621159236,-0.1945219520655719,-2.1479836219275574,-3.3974761158854085,0.05773886900070134,-1.1825405451496072,-0.26717606926056986,-0.05731393616640031,0.0,0.0,0.0,0.0,0.0,0.0
17.8833,-2.3636664683420334,1.7672802600303439,1.0,-2.3487908840179443,1.7089214324951172,1.0010381937026978,-0.15569960426536936,0.0992410768461767,-0.03148799481618585,-0.9823020997275195,-2.644792657428148,1.4012537261012787,0.0,-2.5074000358581543,1.4488927125930786,-0.05265304818749428,-2.974492425702128,-4.1036893247004596,0.21693347249354927,-1.812478339622925,-3.838770924813649,0.28000936578324787,-2.2011178774623326,-4.567079795294051,-0.5301019241215656,-2.1636698253254765,-3.74276449953748,-0.11580247741893762,-1.162014086079203,-0.2649183998868103,-0.06307589328969862,0.0,0.0,0.0,0.0,0.0,0.0
17.9,-2.4079903451833307,1.790061109491474,1.0,-2.400085926055908,1.7378195524215698,1.0005911588668823,-0.16077347369677758,0.09718007488056972,-0.03133622401469818,-0.9816954801369021,-2.6778921044746555,1.3344268522918257,0.0,-2.5526862144470215,1.3700520992279053,-0.04849642887711525,-2.759498044903511,-4.110795542721872,0.19420923990979416,-1.613168891646534,-3.843715519095946,0.26107208286176464,-2.7191570990923926,-4.733894980960288,0.24957948005840755,-2.327659821488323,-4.035364333091195,-0.00793504528434412,-1.1463291532569768,-0.2670800236259261,-0.06686284295197048,0.0,0.0,0.0,0.0,0.0,0.0
17.9167,-2.4528892782181364,1.811740440858516,1.0,-2.4260668754577637,1.7516742944717407,1.000351905822754,-0.16504639232161888,0.09374438232797308,-0.030913617564679412,-0.9813339023235272,-2.7092204495161782,1.2667430933805923,0.0,-2.5735177993774414,1.3316924571990967,-0.05365922674536705,-2.8087550071965963,-4.293061390712664,0.2263705648418704,-1.6821707699407462,-4.035167518259985,0.2988250868019726,-1.2501824321423973,-2.3021076278098125,-0.30983908411910316,-2.0095688025057097,-3.523675274004689,-0.09706263561476491,-1.12658423725585,-0.2578938724526795,-0.07245452196010221,0.0,0.0,0.0,0.0,0.0,0.0
17.9333,-2.4982945665134846,1.832285020928294,1.0,-2.478651285171509,1.7782706022262573,0.9997509717941284,-0.1690471239645988,0.09106309992447524,-0.030076960474889596,-0.9809311891860055,-2.7387235679312845,1.1983122386252443,0.0,-2.6128275394439697,1.2544575929641724,-0.05697842687368393,-2.6041661467814197,-4.312900852326291,0.2492987392995883,-1.493881788135754,-4.059346740351372,0.32812742815493773,-2.357844609378352,-4.6326383228223715,-0.19908954159337594,-2.1123861863232585,-3.851061435144105,-0.12718284306160565,-1.1102843586456657,-0.25355411197491906,-0.07882868885534944,0.0,0.0,0.0,0.0,0.0,0.0
17.95,-2.544155794506323,1.8516747924572587,1.0,-2.5318732261657715,1.803106665611267,0.9991768598556519,-0.1735160623135082,0.08776234577574228,-0.02920161257816693,-0.9804780684176649,-2.7663672013787663,1.1292169812686825,0.0,-2.6455774307250977,1.1674686670303345,-0.05461485683917999,-2.6689273216704827,-4.463902876307531,0.23514854804424884,-1.5801463835773666,-4.222928585911518,0.3189281244073805,-0.868954959079723,-2.689964516682882,0.1564286238052996,-1.7453025611635717,-3.508284402806466,-0.04345555431950831,-1.0887809380931162,-0.24097429039601231,-0.08377957636313169,0.0,0.0,0.0,0.0,0.0,0.0
17.9667,-2.590509982986897,1.8699261792270698,1.0,-2.558741807937622,1.8148858547210693,0.9988769888877869,-0.1735160623135082,0.08776234577574228,-0.02920161257816693,-0.9804780684176649,-2.792169294152665,1.0594087948598516,0.0,-2.666118621826172,1.1305485963821411,-0.05629711225628853,-2.442659134645374,-4.472754950876795,0.24963632326803348,-1.3707447912521031,-4.238820397706701,0.3389056146037384,-2.3277422675989876,-4.743182760642329,-0.11547436474911701,-1.9172494080746163,-3.872848968957054,-0.06471682348579341,-1.0719143433932707,-0.23393455317009426,-0.08926929133570492,0.0,0.0,0.0,0.0,0.0,0.0
17.9833,-2.6372592801459787,1.88700152046769,1.0,-2.613032579421997,1.8372505903244019,0.9982498288154602,-0.17802908363178196,0.08334482921619418,-0.028295244600940066,-0.9800810029578438,-2.816071456042768,0.9890427769637301,0.0,-2.703437089920044,1.0478992462158203,-0.056410808116197586,-2.211008573784086,-4.458197930488765,0.253512660305729,-1.1519506841994493,-4.2262661641754695,0.3480878281100216,-2.238245724418006,-4.957051135388664,-0.006819124292169536,-2.0120133876856565,-4.1929252650478155,-0.047624364455698696,-1.0590578895846368,-0.2319317663132954,-0.0945751678042926,0.0,0.0,0.0,0.0,0.0,0.0
18.0,-2.684341780393406,1.902883327119884,1.0,-2.640395402908325,1.8477544784545898,0.9979034662246704,-0.18145021181404006,0.07908860337754124,-0.027192345869107067,-0.9798374784671479,-2.8380452169302055,0.9182201769894321,0.0,-2.7160215377807617,1.0037747621536255,-0.061265647411346436,-2.251945800570112,-4.620703168600694,0.28444331844521115,-1.2103593042846292,-4.400829100701501,0.3859017463444028,-0.7558785622225405,-2.6503150508377487,-0.2916034924101389,-1.641179428140888,-3.7375185346764828,-0.11965146236874943,-1.0415864962854828,-0.21987406789919245,-0.10145842789919166,0.0,0.0,0.0,0.0,0.0,0.0
18.0167,-2.7318199206295404,1.9175952120837647,1.0,-2.695516586303711,1.8674497604370117,0.9970861077308655,-0.1858470764178178,0.07537264218488123,-0.026208596278014307,-0.9793329385436239,-2.8581191529628094,0.84685566429632,0.0,-2.747199773788452,0.9203453660011292,-0.06250396370887756,-2.031985261570831,-4.599130872375732,0.2960571675275912,-1.004720369180031,-4.385320198442398,0.40438778174283435,-1.8701341418070532,-5.0042652232359925,-0.07427673540600063,-1.7087710443465447,-4.111485310166174,-0.10625601363046988,-1.0272648923907999,-0.21381067393333444,-0.10833061421524316,0.0,0.0,0.0,0.0,0.0,0.0
18.0333,-2.779615878085175,1.9311137630028266,1.0,-2.7233264446258545,1.8766740560531616,0.9967055916786194,-0.1858470764178178,0.07537264218488123,-0.026208596278014307,-0.9793329385436239,-2.8762572101953054,0.7750753018306137,0.0,-2.7637600898742676,0.880221962928772,-0.0574774444103241,-2.0258268100439167,-4.789968481628309,0.26791046592513906,-1.014585629622945,-4.593289094429011,0.38095525831303634,-0.9934351669098086,-2.4069588661002888,0.30153537000486286,-1.497590818739397,-3.60827794930929,0.014131456246401622,-1.0112411804209718,-0.1966793871992983,-0.11304479238789725,0.0,0.0,0.0,0.0,0.0,0.0
18.05,-2.8276972739625004,1.9434325650707684,1.0,-2.779332160949707,1.8937889337539673,0.9960162043571472,-0.19013060814594976,0.06992478269321158,-0.025535131785658714,-0.9789325013359219,-2.89244760873904,0.7029371201662192,0.0,-2.790790557861328,0.791718065738678,-0.05817382037639618,-1.804826511948537,-4.7347025839632115,0.2756684627881168,-0.8070388553540785,-4.546786362342888,0.3937977923405239,-1.6216904349816195,-5.309783152865786,-0.04177901188654146,-1.5342272936911383,-4.110593384746925,-0.0023743358528635055,-0.9977876565944584,-0.18791622162032356,-0.1181293295524071,0.0,0.0,0.0,0.0,0.0,0.0
18.0667,-2.876032937046869,1.9545464766873404,1.0,-2.835787057876587,1.909082293510437,0.995159924030304,-0.19253411120762445,0.06371944423503596,-0.02509806896660077,-0.978897688039052,-2.906680937651986,0.630497660084701,0.0,-2.815977096557617,0.7025271654129028,-0.06387901306152344,-1.581503791431064,-4.670577267218956,0.31434237009245974,-0.5947427774372838,-4.485074797847456,0.43963212715947964,-1.5110640671711175,-5.350999842657092,-0.34228250919025616,-1.5273890858553794,-4.476784042714026,-0.10272144131095988,-0.9867610139937801,-0.18550246937150064,-0.12528975706701992,0.0,0.0,0.0,0.0,0.0,0.0
18.0834,-2.9247189307226766,1.9644755328183827,1.0,-2.8927862644195557,1.9225165843963623,0.9943501949310303,-0.19596368456465293,0.058489926492076995,-0.02484253262407917,-0.9785500186856857,-2.9189791113617294,0.5576234388312306,0.0,-2.8454885482788086,0.6106019616127014,-0.055468928068876266,-1.3977035190167089,-4.856895391387577,0.292748302952715,-0.42211719015290516,-4.6841239390551515,0.42331877579015886,-0.9787740895539421,-2.7967312383207568,0.2575863818238877,-1.3654279116087427,-3.980801747606691,0.0036480136229802285,-0.9755863288638037,-0.1727714523324255,-0.1305704728374439,0.0,0.0,0.0,0.0,0.0,0.0
18.1,-2.9733431935099004,1.9731435149967398,1.0,-2.9214258193969727,1.9285523891448975,0.9939982891082764,-0.20118411966175778,0.05467076874083809,-0.024415247873875775,-0.9777218331124465,-2.9292480286610325,0.48494131277694363,0.0,-2.8515844345092773,0.5668664574623108,-0.05148796737194061,-1.326533424733348,-4.754659958157004,0.24619274103254268,-0.3600836690357633,-4.587788300458948,0.37926812904362783,-1.1574789602718318,-5.346929705085378,0.486232553513312,-1.3040375803765691,-4.384107690127511,0.14611579026203875,-0.9664497556975847,-0.16687165769805518,-0.13307538801108518,0.0,0.0,0.0,0.0,0.0,0.0
18.1167,-3.0222311307263716,1.9806171904894823,1.0,-2.9788804054260254,1.9392647743225098,0.9933740496635437,-0.2034364577828921,0.04795990517655458,-0.024693585661441617,-0.9776010402446144,-2.937568390530337,0.4119751429855604,0.0,-2.8644790649414062,0.4762607514858246,-0.04466161131858826,-1.138472013109084,-4.66982592318956,0.20857668253417044,-0.1815973452967773,-4.50300653455342,0.3424176451084079,-0.7736232298669719,-5.435958732656272,0.40955246030610787,-1.1474495694309113,-4.694633343142842,0.2238871102361615,-0.9568746678123067,-0.16681938863613974,-0.13384096257423747,0.0,0.0,0.0,0.0,0.0,0.0
18.1333,-3.071220913254594,1.9868719459159763,1.0,-3.0366547107696533,1.9481521844863892,0.9928934574127197,-0.2046482692396334,0.038483813223251666,-0.025192182879325568,-0.9777542861858,-2.9439111860332967,0.33897771518928294,0.0,-2.8861160278320312,0.3864800035953522,-0.040451113134622574,-0.8848703703171088,-4.583531889201849,0.1859533765556432,0.06633938904463355,-4.412493175330728,0.3200619782414039,-1.2991110411268734,-5.390551412170577,0.25280371866813633,-1.1922228078758093,-4.900081076797673,0.23242382157005942,-0.9512097593617423,-0.1710387138711203,-0.13410860168576072,0.0,0.0,0.0,0.0,0.0,0.0
18.15,-3.1203062437422124,1.991911181243272,1.0,-3.065671682357788,1.9519023895263672,0.9926360249519348,-0.2046482692396334,0.038483813223251666,-0.025192182879325568,-0.9777542861858,-2.948281208810507,0.26596955220901863,0.0,-2.8921751976013184,0.33943960070610046,-0.043092790991067886,-0.8575758122934621,-4.73049841165517,0.2033359241195694,0.08664450116910727,-4.566933657988541,0.3396637265325202,-0.3637690909351159,-2.824123641985028,-0.15859610952864892,-0.9476481285300378,-4.287220498623553,0.1169875910230748,-0.9442203134625694,-0.16356475366663004,-0.13632780241295078,0.0,0.0,0.0,0.0,0.0,0.0
18.1667,-3.1694732810887425,1.9957361488058138,1.0,-3.123795747756958,1.9580519199371338,0.9921674728393555,-0.20802417912179536,0.03120143839316046,-0.024829593541586332,-0.9773106063115258,-2.9506808659123225,0.19298277089996083,0.0,-2.9009592533111572,0.2507258951663971,-0.029006851837038994,-0.656994819748516,-4.641781097240683,0.12142417856607152,0.28044586501384094,-4.4798865710239895,0.25549606134491154,-0.5269533875881403,-5.321913840696826,0.8450120991675845,-0.8234513517345,-4.592680884863682,0.33191373233224936,-0.937440684762357,-0.16189452621669384,-0.13407188277884002,0.0,0.0,0.0,0.0,0.0,0.0
18.1833,-3.21868993782399,1.9983464849192027,1.0,-3.1820309162139893,1.9623277187347412,0.9919676184654236,-0.20852213360023944,0.02674937195454557,-0.02433398874994676,-0.9773489177968221,-2.9511118711777664,0.12007681928268142,0.0,-2.907052755355835,0.16030021011829376,-0.026227276772260666,-0.6067511433692072,-4.525841940175971,0.10554086847927918,0.324284562742699,-4.360502224848333,0.2377877397475957,-0.3652812714383718,-5.420661052195289,0.16662449709152755,-0.6881911698041754,-4.837115763709524,0.2831173290067981,-0.9310357061119062,-0.16533971532763733,-0.13224687126831652,0.0,0.0,0.0,0.0,0.0,0.0
18.2,-3.267860829938044,1.9997417517638942,1.0,-3.2111449241638184,1.9638152122497559,0.9918051958084106,-0.20639529825725844,0.015841261797744068,-0.023343032047758578,-0.9780619581799295,-2.949581219764233,0.04740466730263388,0.0,-2.9043922424316406,0.11579474806785583,-0.03442045673727989,-0.45167394720530085,-4.691668664749594,0.15625510636804846,0.4704125921674396,-4.534899383819115,0.29076819238366813,0.15968803663423012,-2.6712855967372637,-0.4917671365197481,-0.43788173090830873,-4.197723112348459,0.05435727179319583,-0.9220865393727404,-0.156769280930479,-0.1345130860156197,0.0,0.0,0.0,0.0,0.0,0.0
18.2167,-3.3169667584279234,1.9999280309822272,1.0,-3.2693958282470703,1.9654738903045654,0.9913594126701355,-0.2082924438125672,0.006046998016676347,-0.02234630122732445,-0.9777925976710964,-2.9461011139381004,-0.0249937923415545,0.0,-2.912583827972412,0.028602058067917824,-0.032778751105070114,-0.21997700231730077,-4.593529626973301,0.14892166336379203,0.6961650473759228,-4.439476599047434,0.2853406939413301,-0.49174180621153574,-5.234187039323029,0.09855177472448834,-0.4537822095680826,-4.503706207613407,0.06740429682578482,-0.9161420496932235,-0.15405302792586742,-0.13641903057753807,0.0,0.0,0.0,0.0,0.0,0.0
18.2333,-3.3660280018056223,1.9989097785987133,1.0,-3.3277344703674316,1.9654170274734497,0.9909350275993347,-0.20896304231922402,0.0010741335077244657,-0.020794622852547393,-0.9777018133594039,-2.940678624152247,-0.0971365169074297,0.0,-2.9156439304351807,-0.05337613448500633,-0.03586938977241516,-0.007263265982070659,-4.519020881201564,0.16988960779296575,0.9045581840685449,-4.364926105948941,0.30959915406816063,-0.18359319124588758,-4.918344456265198,-0.18542523422972393,-0.3740174729658685,-4.626114997187059,-0.007235601846393436,-0.9118214500506155,-0.1540947752526234,-0.13970954627519488,0.0,0.0,0.0,0.0,0.0,0.0
18.25,-3.414986279722528,1.9966918028267588,1.0,-3.3569164276123047,1.964795708656311,0.9906686544418335,-0.20896304231922402,0.0010741335077244657,-0.020794622852547393,-0.9777018133594039,-2.9333279809764314,-0.16892565555733857,0.0,-2.91451358795166,-0.09404051303863525,-0.04002903774380684,0.04542382286012687,-4.689925606133852,0.19649048605570668,0.9538178752562864,-4.548081801149114,0.3409490630852638,0.06780315489896029,-2.4392369552936803,-0.24951486814066903,-0.24358394822121043,-3.980508628445678,-0.07876086952805576,-0.9083940523961594,-0.14184380498473856,-0.1444585770295571,0.0,0.0,0.0,0.0,0.0,0.0
18.2667,-3.4637935229287975,1.9932816363591406,1.0,-3.4150657653808594,1.9622278213500977,0.9900322556495667,-0.20751335931784334,-0.005636087317119221,-0.017806959202155637,-0.9780538659850153,-2.924067570436531,-0.2402788045137818,0.0,-2.9005987644195557,-0.18832750618457794,-0.043073613196611404,0.17759225366607784,-4.529209742492002,0.21827210500818067,1.0789564824208393,-4.390107620055255,0.3682497791792309,0.8351052413181278,-5.6586820510252265,-0.18272175082633393,0.07486481632723782,-4.4759360956911065,-0.10945202183759434,-0.9013642287547614,-0.13910212243674688,-0.14997767417105023,0.0,0.0,0.0,0.0,0.0,0.0
18.2834,-3.512535510187143,1.9886751008924235,1.0,-3.473010778427124,1.9578630924224854,0.9893604516983032,-0.20884858201538056,-0.015448432096198127,-0.01655844310871743,-0.9776857975569697,-2.9128871370137075,-0.31130874696673994,0.0,-2.8952064514160156,-0.2730948328971863,-0.046352408826351166,0.3710013432437047,-4.417123094484888,0.24165925500791557,1.266652238056169,-4.276686451632927,0.39789689961147123,0.3228970361487065,-5.07595136628405,-0.1963375253412141,0.14808846104002776,-4.653071570379719,-0.13510221052606505,-0.8956508948124643,-0.14043664285196006,-0.1562376446035557,0.0,0.0,0.0,0.0,0.0,0.0
18.3,-3.5608842139361347,1.9829118555596275,1.0,-3.5019068717956543,1.955053448677063,0.988972544670105,-0.21007762626480675,-0.02325463956971911,-0.015772910146171357,-0.9772808506364771,-2.899879488780382,-0.38152617768603647,0.0,-2.8911664485931396,-0.31448039412498474,-0.05038827285170555,0.4382058869422302,-4.57074768215568,0.26818084592424724,1.3306671991502868,-4.4407799024906005,0.4316015304251323,0.2428694281209689,-2.487940733839759,-0.24262061953561703,0.1760695348862602,-4.013885374144317,-0.16684361003886505,-0.8924613122080565,-0.12996777966508014,-0.163420684500885,0.0,0.0,0.0,0.0,0.0,0.0
18.3167,-3.6090898888475085,1.9759715181682744,1.0,-3.5595715045928955,1.9482358694076538,0.9882013201713562,-0.2100956124324088,-0.029716478479575974,-0.014391252158287267,-0.9771232214230463,-2.8849966678050074,-0.4512834781160761,0.0,-2.8794937133789062,-0.39839819073677063,-0.045735910534858704,0.6144261872440385,-4.448812533437868,0.24451604408711886,1.5031362030546638,-4.3233309306632774,0.41283307056713237,0.7004349194540617,-5.035576840539071,0.27916996015622764,0.33087178052561794,-4.315507369041704,-0.03517225208159672,-0.8887100158106254,-0.12548160277459078,-0.16831702648001354,0.0,0.0,0.0,0.0,0.0,0.0
18.3335,-3.6575765896414643,1.9677751351565502,1.0,-3.616828680038452,1.9396233558654785,0.9874499440193176,-0.20707208708229033,-0.03745082030802982,-0.013068473317772819,-0.9775212984072317,-2.8680839221389243,-0.5211772673417594,0.0,-2.8608181476593018,-0.48887398838996887,-0.046723414212465286,0.7572571644236173,-4.28181997932422,0.25462098539911265,1.6404615230949682,-4.154008552428345,0.4281095048157615,1.1080759927006267,-5.368193970943968,-0.05859148441810132,0.5603166693491335,-4.626279694456072,-0.04208603751354109,-0.8832043586713508,-0.12781142689587577,-0.17348851941664886,0.0,0.0,0.0,0.0,0.0,0.0
18.35,-3.70470891839025,1.9586246938541834,1.0,-3.6453335285186768,1.9346822500228882,0.9870588183403015,-0.20707208708229033,-0.03745082030802982,-0.013068473317772819,-0.9775212984072317,-2.849757775195482,-0.5888429725676853,0.0,-2.852832078933716,-0.5284141898155212,-0.04906294867396355,0.8314229732763387,-4.42792750833951,0.27104054623406,1.7124358045161898,-4.309628203610231,0.4504421529875318,0.48438223044886625,-2.3982477007172607,-0.14190072232184173,0.5378994350902118,-3.9685239269364736,-0.07155315683692143,-0.881012831239851,-0.11829930472927987,-0.17940160675347183,0.0,0.0,0.0,0.0,0.0,0.0
18.3667,-3.7520347911330787,1.9482465315265607,1.0,-3.7020423412323,1.923581838607788,0.9861955046653748,-0.20678703214074298,-0.04507452665914258,-0.012730708473806559,-0.9772642026313153,-2.8294650111095456,-0.6564962927525791,0.0,-2.835559129714966,-0.6125737428665161,-0.05089033395051956,1.0013216456084006,-4.277891065592227,0.2867814966837284,1.879609639682213,-4.162486080679587,0.4725149978681299,1.0365558782710715,-5.0504449658764115,-0.1096620459130385,0.6851119313356626,-4.28792679249827,-0.08280359742934637,-0.8782879940738124,-0.11540498491264006,-0.1857335011844015,0.0,0.0,0.0,0.0,0.0,0.0
18.3833,-3.799007880759265,1.9367475661376592,1.0,-3.7302489280700684,1.9174317121505737,0.9858027100563049,-0.20651957877680496,-0.053760728719434644,-0.011891859747894234,-0.9768920881058126,-2.8074258071272875,-0.7233403190469702,0.0,-2.8254380226135254,-0.6549424529075623,-0.04355498403310776,1.0817229952581315,-4.401031168139307,0.24520660600161476,1.9604555735610651,-4.297873632144347,0.4344080464757809,0.6072756923781185,-2.5421613927672237,0.4401277108606088,0.6621332509395856,-3.772544938181925,0.07157528268138913,-0.8787325783029336,-0.1031575359949601,-0.18920144047416615,0.0,0.0,0.0,0.0,0.0,0.0
18.4,-3.845593367759095,1.9241434138486893,1.0,-3.7863032817840576,1.9038522243499756,0.9851576089859009,-0.20296315394247083,-0.05979047813835782,-0.010676808252173655,-0.9773009546832168,-2.78367469779717,-0.7893145813279655,0.0,-2.8014676570892334,-0.7350425124168396,-0.0382033996284008,1.2286852652158011,-4.25784833640475,0.21681719511782488,2.105617330205984,-4.160749877589389,0.40796522116594325,1.4386760728646453,-4.807521142481004,0.32119645514645906,0.8913828852727224,-4.078088830521141,0.1452680152567328,-0.8769320649901831,-0.09709845881536128,-0.19114802604811834,0.0,0.0,0.0,0.0,0.0,0.0
18.4167,-3.8917749444305114,1.910445606434338,1.0,-3.8417699337005615,1.8887324333190918,0.9844814538955688,-0.20092020663309473,-0.06697420300115321,-0.009542678705594016,-0.9772688809315,-2.75823873761461,-0.8543852649772209,0.0,-2.7710371017456055,-0.8187422752380371,-0.04051347076892853,1.344200390531864,-4.082371315613552,0.23457568918929722,2.216363229550278,-3.984946426264214,0.4291667221316434,1.8258089434383316,-5.021918719423225,-0.13860241788973765,1.1672425366629366,-4.356724664623757,0.06146427493563849,-0.8721628390184142,-0.09742488934933823,-0.1945910329423462,0.0,0.0,0.0,0.0,0.0,0.0
18.4333,-3.9375214503110225,1.8956704355961587,1.0,-3.8693113327026367,1.8805596828460693,0.9841527938842773,-0.20092020663309473,-0.06697420300115321,-0.009542678705594016,-0.9772688809315,-2.731154208669771,-0.9184979411184598,0.0,-2.761770725250244,-0.8554851412773132,-0.03680437058210373,1.4566958275294235,-4.220185288691286,0.21449259759874734,2.3302183635676483,-4.133621394853116,0.4115326186752283,0.5560149354086493,-2.2047002188809888,0.22255895838400022,0.986796977029152,-3.7214077145044087,0.10902236990585168,-0.873522536038225,-0.08656389383816923,-0.19704002107648091,0.0,0.0,0.0,0.0,0.0,0.0
18.45,-3.9828082359044434,1.8798332141392389,1.0,-3.9240353107452393,1.8631718158721924,0.9836293458938599,-0.20046433578288878,-0.07561977549948079,-0.008523652202297628,-0.9767410338007495,-2.7024557778959895,-0.981607862035708,0.0,-2.734712839126587,-0.9309507608413696,-0.025991609320044518,1.608257107897878,-4.076000445757785,0.1527790672141816,2.4817359635683016,-3.9951263384146145,0.34894722666747147,1.6231496445887383,-4.527034854617486,0.648636390859423,1.174659915460936,-3.9592435711567506,0.2683262917140145,-0.8734788556704237,-0.0808741073431705,-0.1961681594532899,0.0,0.0,0.0,0.0,0.0,0.0
18.4667,-4.027604143300134,1.862952551905839,1.0,-3.9780335426330566,1.8442668914794922,0.9832586050033569,-0.19827592389423335,-0.08265378948800942,-0.007154343241027179,-0.976628796743165,-2.6721842926381036,-1.0436617728111064,0.0,-2.6962625980377197,-1.0089952945709229,-0.02093709632754326,1.697538022258454,-3.9048433733550336,0.12486393925236255,2.5668658463266163,-3.824326969507676,0.31954199637060465,2.306191906191906,-4.681002431002431,0.30316264925639924,1.508708840758136,-4.172319978567406,0.2786106211838204,-0.8693278240681623,-0.08051640384735777,-0.19467805711824213,0.0,0.0,0.0,0.0,0.0,0.0
18.4833,-4.07187886043104,1.8450482445778158,1.0,-4.004758358001709,1.834267020225525,0.9831206202507019,-0.19438768745828508,-0.08905920430442234,-0.005654842664706575,-0.976857232662094,-2.6403828089904766,-1.1046083373129494,0.0,-2.6828253269195557,-1.044600248336792,-0.01580270752310753,1.8095784675520779,-4.028792911076849,0.09531007101078443,2.6813009132555177,-3.9589633528512698,0.2878769189589404,0.806386997081211,-2.1366966176386426,0.3081209222800893,1.3013705957815473,-3.5713667562118903,0.2873226014434658,-0.8717224457034398,-0.06982955822557906,-0.192566847948156,0.0,0.0,0.0,0.0,0.0,0.0
18.5,-4.115599242954503,1.826142895529274,1.0,-4.057774543762207,1.8132455348968506,0.9828649759292603,-0.19268926956206126,-0.097194710373715,-0.003903683255927441,-0.9764266183108582,-2.6070994054747443,-1.1643931625602901,0.0,-2.6520092487335205,-1.1161061525344849,-0.014830034226179123,1.9580720199468877,-3.8776754565866383,0.09132319098348601,2.831211461950618,-3.8136726254546827,0.28264988210272257,1.8497073429025288,-4.292077507620533,0.05838383874522375,1.4632496257844,-3.7841337428550768,0.21973569425508443,-0.8731394420037302,-0.0640028311319558,-0.19132669111923659,0.0,0.0,0.0,0.0,0.0,0.0
18.5167,-4.158751076964594,1.8062520831301896,1.0,-4.110103130340576,1.7907570600509644,0.9827187061309814,-0.1905851408337155,-0.1047879392849983,-0.0016218950243961448,-0.9760605729315411,-2.572369934223982,-1.2229884588080318,0.0,-2.617051601409912,-1.1929315328598022,-0.009519155137240887,2.0873378820746185,-3.6825842016868626,0.06076524209795592,2.9606316037441167,-3.6182815745615597,0.2498929202257487,2.097700902756914,-4.610054794912514,0.3186895203835644,1.6505512389621173,-4.0279607332364,0.24894867236179347,-0.8732937216694983,-0.06430262712530305,-0.18912767812779277,0.0,0.0,0.0,0.0,0.0,0.0
18.5333,-4.201337291340343,1.7853826164828799,1.0,-4.136001110076904,1.7789511680603027,0.9826470017433167,-0.1905851408337155,-0.1047879392849983,-0.0016218950243961448,-0.9760605729315411,-2.5362155267942432,-1.2803897674770286,0.0,-2.5992038249969482,-1.2284446954727173,-0.00995249766856432,2.1955688935333555,-3.7842451914442257,0.06430235951701319,3.0749719617134086,-3.728900188268469,0.2524234785319355,1.0706684973826484,-2.130395606281644,-0.025995742333876828,1.4793592548116035,-3.467764824916393,0.16778005583313083,-0.879403068180053,-0.055345003175756385,-0.18812111901492226,0.0,0.0,0.0,0.0,0.0,0.0
18.55,-4.243320078601682,1.7635609514011459,1.0,-4.187241077423096,1.7543812990188599,0.9824091196060181,-0.18663071277218088,-0.11047338056172386,0.001274267817878446,-0.9761983088324747,-2.498691814410765,-1.3365379613892334,0.0,-2.559797525405884,-1.2945841550827026,-0.019338374957442284,2.3097989931266167,-3.6332374166048034,0.12239376512873262,3.192433759465601,-3.58300691007542,0.3135223030439317,2.3628929648744084,-3.9658751376002517,-0.5627989343128565,1.7401945548543933,-3.6148160934572013,-0.04790021525255447,-0.8826347663389842,-0.05023050652938322,-0.1911285379151991,0.0,0.0,0.0,0.0,0.0,0.0
18.5667,-4.284625638224392,1.74083668175714,1.0,-4.237588882446289,1.7285281419754028,0.9820758700370789,-0.1845956732652566,-0.11706365145570555,0.0037959980579822384,-0.9758105578261745,-2.4598936313145763,-1.391327723088,0.0,-2.5152852535247803,-1.3642512559890747,-0.01663673296570778,2.3972029047540273,-3.448876561886938,0.10844737504525709,3.2799318688962376,-3.39893950725763,0.3014182521438376,2.671885509838998,-4.181824686940966,0.16216826923076924,2.015246753794588,-3.7822073937819676,0.014115840904314711,-0.8827289641422101,-0.0499370546293079,-0.19297087709858052,0.0,0.0,0.0,0.0,0.0,0.0
18.5833,-4.325305405716231,1.717192133981831,1.0,-4.262439727783203,1.7150930166244507,0.9819174408912659,-0.1804452175771198,-0.12553569747617968,0.005009869441944512,-0.975528216088,-2.419800951683386,-1.4448208487685203,0.0,-2.496748208999634,-1.400917887687683,-0.016720056533813477,2.5207613631802923,-3.5194906605928358,0.11034244638419294,3.4111449106341225,-3.4771351280056515,0.30525562147114726,1.1117943144769205,-2.199150603443345,-0.004997488631813762,1.7485310808101773,-3.314860094873136,0.00847323668039845,-0.8903835474538301,-0.042355532587184386,-0.19491317508695433,0.0,0.0,0.0,0.0,0.0,0.0
18.6,-4.365280441299649,1.692683544371016,1.0,-4.3115692138671875,1.6871446371078491,0.9815770387649536,-0.17481476871807783,-0.13323092044377033,0.005934739885667557,-0.9755276260321208,-2.3785197591437295,-1.49690743263065,0.0,-2.456860303878784,-1.4724873304367065,-0.017623048275709152,2.6454043101501483,-3.3020642569077796,0.11807625961624352,3.5418218262504784,-3.260361022625141,0.31530247913046155,2.3942355853857493,-4.295891351946993,-0.054201266153383804,1.9391548524577562,-3.6044784528099543,-0.01002942209254211,-0.8964175161003303,-0.04170323428263867,-0.19722621951421804,0.0,0.0,0.0,0.0,0.0,0.0
18.6167,-4.404592433443197,1.6672958813540077,1.0,-4.335842132568359,1.6726551055908203,0.9814046621322632,-0.17481476871807783,-0.13323092044377033,0.005934739885667557,-0.9755276260321208,-2.336035753616681,-1.5476361733720894,0.0,-2.4386842250823975,-1.5056672096252441,-0.0171110350638628,2.7833568758198237,-3.376803931779231,0.11648635086048215,3.6931269075614255,-3.343301847342726,0.31582606606350316,1.0897862911871918,-1.9893717389750554,0.030698864448574083,1.6884057287936776,-3.1276694306909176,0.0019943125077207507,-0.9097700317416016,-0.033502084436504945,-0.19933971520302102,0.0,0.0,0.0,0.0,0.0,0.0
18.6333,-4.4431565179114525,1.6410951147196076,1.0,-4.383792877197266,1.6427615880966187,0.9810082316398621,-0.17224509116943681,-0.1389475135099015,0.007672791624559832,-0.9751750254974788,-2.2924705928076814,-1.5968926339386427,0.0,-2.397367238998413,-1.5686169862747192,-0.01864420622587204,2.9081119536870137,-3.1894376888513736,0.1283004256284937,3.828897519459903,-3.15923143475161,0.3303309654871578,2.4796600226079244,-3.7779629974101048,-0.09201405035986664,1.9219984585181769,-3.3196479773601077,-0.025758674453416928,-0.9207855657728895,-0.030206254099763612,-0.20203053985866407,0.0,0.0,0.0,0.0,0.0,0.0
18.65,-4.480987355782515,1.6140845286049368,1.0,-4.430853366851807,1.6116323471069336,0.9806168675422668,-0.1690519985110469,-0.14429943096929215,0.009393521008714092,-0.9749414898098798,-2.2478409357089917,-1.644691883130252,0.0,-2.3514225482940674,-1.6337969303131104,-0.018511682748794556,3.007742489598138,-2.9761602000613943,0.13010813511230707,3.937028554141726,-2.943968498311105,0.33470776929779467,2.7569995851037956,-3.911247979169349,0.007952326280097859,2.1685060528617424,-3.4942991108932695,-0.015806570882355674,-0.9292860645435883,-0.03219170175028924,-0.20459963418548763,0.0,0.0,0.0,0.0,0.0,0.0
18.6666,-4.517997220802184,1.5863425765319912,1.0,-4.476919651031494,1.5792574882507324,0.9803035259246826,-0.16286962745113168,-0.1511820719172159,0.0104726067711385,-0.974939930376485,-2.2022873724513214,-1.690920951587634,0.0,-2.3036723136901855,-1.6965850591659546,-0.00981268659234047,3.098103555979946,-2.763868239757373,0.08013601536161558,4.034067368269378,-2.725586577163219,0.2841899844958987,2.8711365330580882,-3.7753383221514993,0.5230551404180286,2.3759354129799837,-3.5772670227651533,0.14327525536580846,-0.9359638122894317,-0.03828166259415417,-0.20405396913428317,0.0,0.0,0.0,0.0,0.0,0.0
18.6833,-4.554394051365023,1.5577212728534091,1.0,-4.499629020690918,1.5626704692840576,0.9801936745643616,-0.15802512260988585,-0.15907695491943769,0.011523285557666579,-0.9744690236380728,-2.1555799069358903,-1.735834683408607,0.0,-2.2845346927642822,-1.7223689556121826,-0.00832957774400711,3.2501609370773212,-2.847515661084987,0.0724483498385507,4.202265154401047,-2.8122333629861727,0.2760743858366909,1.1456198441469472,-1.54348043273485,0.0887821393400508,2.0127237699051888,-2.9768560487505367,0.12718789151430956,-0.9521042173237264,-0.03528229809881465,-0.20362603599814022,0.0,0.0,0.0,0.0,0.0,0.0
18.7,-4.589909567288371,1.5284414637852262,1.0,-4.544407844543457,1.5287669897079468,0.9800885915756226,-0.15346419403081277,-0.16629088009830176,0.012809438786825037,-0.9739774227970417,-2.108091806622198,-1.7790984179072922,0.0,-2.2372496128082275,-1.7713831663131714,0.005627407226711512,3.349551564189203,-2.6975320288589093,-0.010104631445374268,4.315237519453901,-2.6637650200629377,0.18870767964711718,2.8379600480796747,-2.9417391677637226,0.8376715398463883,2.2563486025202755,-2.966488903632654,0.33693565040289863,-0.9656859552646984,-0.03376700879597161,-0.19881231109249145,0.0,0.0,0.0,0.0,0.0,0.0
18.7167,-4.624644014971073,1.4984385985422672,1.0,-4.566423416137695,1.5114426612854004,0.9801598191261292,-0.144826564237796,-0.17238345137056396,0.0136763573138456,-0.9742290816295002,-2.059729823241035,-1.8208345576975624,0.0,-2.208688259124756,-1.7952468395233154,0.012010744772851467,3.453179471478613,-2.774860135863721,-0.04809955980887709,4.43790331862493,-2.749611601928428,0.14506658546895615,1.7139525567287608,-1.4320470998941255,0.3830608951143875,2.0962233761313516,-2.5134936373310564,0.3505526656982325,-0.9847238471463173,-0.02524853393529329,-0.19316614527783324,0.0,0.0,0.0,0.0,0.0,0.0
18.7333,-4.658564248925973,1.4677544690922275,1.0,-4.609525680541992,1.476117730140686,0.9803994297981262,-0.13833559000181692,-0.17793193778014238,0.014152068792988068,-0.9741680108460079,-2.0105740395815452,-1.8610020051129725,0.0,-2.1490159034729004,-1.8452657461166382,0.018263429403305054,3.481286292991357,-2.5981949481568094,-0.08616030381064549,4.478410633521478,-2.5774957576671538,0.10060724743587135,3.579986268451768,-3.000836766220391,0.37512387224296256,2.5342573014959457,-2.6573662364179724,0.3578065349717121,-0.9971243405301213,-0.02069919048965551,-0.18676755124651684,0.0,0.0,0.0,0.0,0.0,0.0
18.75,-4.6916585005971925,1.4364145006632223,1.0,-4.651584148406982,1.43989098072052,0.9806719422340393,-0.1327100578360716,-0.18745978342923866,0.01547316175956202,-0.9731431259307686,-1.9606778042304935,-1.8995867362309111,0.0,-2.0961101055145264,-1.8880895376205444,0.017458952963352203,3.5502064449479636,-2.4530369682230506,-0.08205179467073437,4.557706283651331,-2.4356484828425007,0.10007263487991491,3.174623385170031,-2.5696504957152464,-0.048272775719252065,2.7233050737201467,-2.631470946533623,0.2379245003205184,-1.0074998387033682,-0.01738848538054986,-0.18212442955064928,0.0,0.0,0.0,0.0,0.0,0.0
18.7667,-4.72392948341573,1.4044304277034916,1.0,-4.672170639038086,1.4215257167816162,0.9808136224746704,-0.1327100578360716,-0.18745978342923866,0.01547316175956202,-0.9731431259307686,-1.91007274600031,-1.9365921193733222,0.0,-2.062998056411743,-1.9040957689285278,0.021697111427783966,3.635421258702476,-2.551285781508213,-0.10754942752611102,4.659321863985712,-2.544998717989099,0.06938258700349273,1.9861850008580746,-0.960113837881128,0.25422065385275444,2.5056937554617016,-2.1380557797449846,0.24273542269700815,-1.0239006052832358,-0.0062870635191141205,-0.17693201452960375,0.0,0.0,0.0,0.0,0.0,0.0
18.7833,-4.755333616614131,1.3718615324998493,1.0,-4.712459087371826,1.3842291831970215,0.981248676776886,-0.12765462765088686,-0.19329731160881578,0.016189236715762098,-0.9726656021371402,-1.8588654148025519,-1.9719696651847192,0.0,-1.9968228340148926,-1.9467856884002686,0.03274216502904892,3.625535924497667,-2.3872966685152424,-0.17536998607475768,4.6587854472036465,-2.388617282349206,-0.006572213243918268,3.9705739299610894,-2.5614342526894025,0.6627133282787824,2.9381531573956945,-2.2630448432797143,0.3667205765922429,-1.0332495227059793,0.0013206138339635553,-0.1687977728308394,0.0,0.0,0.0,0.0,0.0,0.0
18.8,-4.78586058450106,1.3387375857225219,1.0,-4.732141494750977,1.3652719259262085,0.9815369248390198,-0.12166680907787596,-0.1974929829628707,0.016108061885530146,-0.972591592271155,-1.8071148867478295,-2.0057110598224726,0.0,-1.9616551399230957,-1.9656461477279663,0.03783370554447174,3.702807221077204,-2.4507449863139987,-0.2067457209288523,4.751447896409686,-2.4647265765149693,-0.04640735974776372,2.1124206968651094,-1.132892720580864,0.3058339718160597,2.694381842680089,-1.929403280246204,0.3487457380043031,-1.048640675332482,0.013981590200970447,-0.16033836118108857,0.0,0.0,0.0,0.0,0.0,0.0
18.8167,-4.815586986502966,1.304988921923423,1.0,-4.770570278167725,1.326851487159729,0.982166051864624,-0.11481140026244634,-0.20285540289007467,0.01589534674109565,-0.9723247605732325,-1.7547260097780895,-2.0379022845482866,0.0,-1.8991202116012573,-1.9971413612365723,0.03668532148003578,3.7143500677838066,-2.334225440942732,-0.20240537124318964,4.773375385759731,-2.3602870974861254,-0.04872451169150288,3.7444395271813615,-1.8858568410232983,-0.06876244682217908,3.004378063627513,-1.9165475754653483,0.2254896908164771,-1.059025317975925,0.026061656543393385,-0.15368085955168675,0.0,0.0,0.0,0.0,0.0,0.0
18.8333,-4.8443716764564755,1.2707935020919074,1.0,-4.807694435119629,1.2877082824707031,0.9827792644500732,-0.11170672378969818,-0.20782001978760858,0.016349394740103544,-0.9716302226566215,-1.7019879079823395,-2.0683942075816772,0.0,-1.823228120803833,-2.033317804336548,0.043728798627853394,3.642816335075318,-2.1779262213283914,-0.24715887252496488,4.70403125200655,-2.213284185674819,-0.10176917867759394,4.5582898957498,-2.172857715660442,0.423050813022683,3.4631212381724286,-1.9922150135725423,0.28381334502519195,-1.0612149169312326,0.035357964346427316,-0.14538969384737094,0.0,0.0,0.0,0.0,0.0,0.0
18.85,-4.87228125190066,1.2360953300298854,1.0,-4.843432903289795,1.2478923797607422,0.9836041927337646,-0.10886125833782613,-0.2113670406063687,0.01653092121663994,-0.9711848569084068,-1.6488260315553358,-2.0972640168437042,0.0,-1.7496614456176758,-2.0603249073028564,0.05604131519794464,3.5820885954812693,-2.065819619070601,-0.32461229806581743,4.64025238981514,-2.1108863920105416,-0.19077205880614861,4.415710237843098,-1.621053836686797,0.7390371433069063,3.744342921869022,-1.882641450238613,0.41820373065404254,-1.0581637943338715,0.045066772939940616,-0.13384023925966881,0.0,0.0,0.0,0.0,0.0,0.0
18.8667,-4.899320464274409,1.2009055135826012,1.0,-4.860750198364258,1.227786898612976,0.9840685129165649,-0.10886125833782613,-0.2113670406063687,0.01653092121663994,-0.9711848569084068,-1.595270655653548,-2.1245210191698267,0.0,-1.7113289833068848,-2.0740060806274414,0.055412519723176956,3.6439692415900553,-2.125170932470449,-0.32263009985838836,4.707595300544126,-2.1842938670918004,-0.19846076980356384,2.300048639523905,-0.82090641183371,-0.037729383637091926,3.3179608515586594,-1.5691978609854083,0.2836039419746517,-1.0636260589540711,0.0591229346213512,-0.12416933005482453,0.0,0.0,0.0,0.0,0.0,0.0
18.8833,-4.925467274476619,1.165270843883752,1.0,-4.894338607788086,1.187125325202942,0.9849404692649841,-0.10423277572805678,-0.21642908784676965,0.01664265251204233,-0.9705756242131819,-1.5414061182077947,-2.1501483667729695,0.0,-1.6354798078536987,-2.1073145866394043,0.05287156626582146,3.5653127366264936,-1.9564292874212361,-0.31124201181553873,4.627365169048317,-2.0260123375472845,-0.19475730238473862,4.549458013957213,-1.9978549365061207,-0.1524072081283606,3.681521322650631,-1.6957452644805868,0.15488548124830664,-1.062052432421823,0.06958305012604854,-0.11648470943080011,0.0,0.0,0.0,0.0,0.0,0.0
18.9,-4.9506894659887575,1.129258290593322,1.0,-4.926416873931885,1.1458462476730347,0.9858251810073853,-0.09961952393566803,-0.21784712383327473,0.017023744316277817,-0.9707362037060084,-1.4873457464137798,-2.174122586780795,0.0,-1.5587316751480103,-2.136021852493286,0.05691409111022949,3.4764054548335905,-1.8043999320457484,-0.33944858430943897,4.531212317672551,-1.8825814945416672,-0.23154242269172043,4.608386302468076,-1.7237444883467903,0.2427357573870469,3.9551488055144737,-1.704011147123126,0.18082048845234577,-1.054806862838961,0.0781815624959187,-0.10790616161771854,0.0,0.0,0.0,0.0,0.0,0.0
18.9167,-4.975040671679444,1.0928123115245707,1.0,-4.941908836364746,1.1250098943710327,0.9862895607948303,-0.09678296727389997,-0.21754612157792205,0.017089704134197397,-0.9710895207370752,-1.4330187977868183,-2.1965023126664627,0.0,-1.5196832418441772,-2.14697527885437,0.05815373733639717,3.533413343829088,-1.854166039064873,-0.348751058742879,4.589917076120007,-1.9450623664121773,-0.24921309292502614,2.341434473687973,-0.6567928061873651,0.07433205799939956,3.478750840013649,-1.3948531522924874,0.14938315743494118,-1.0565037322909192,0.0908963273473042,-0.09953796581785285,0.0,0.0,0.0,0.0,0.0,0.0
18.9334,-4.998532927432739,1.0559289248935133,1.0,-4.971613883972168,1.0829349756240845,0.987185537815094,-0.0925892136014523,-0.21864439996148713,0.01650040689831807,-0.9712619013474848,-1.3784336369706496,-2.2173035187113825,0.0,-1.4276310205459595,-2.17594313621521,0.05629073083400726,3.346281585076168,-1.682514760436236,-0.3416242716676709,4.392322223181312,-1.782914003531827,-0.24926754937771,5.504005816274163,-1.7320522324228773,-0.11139327742772424,4.07664312570642,-1.494400483920288,0.07239718750895241,-1.046040638105144,0.10039924309559094,-0.0923567222899609,0.0,0.0,0.0,0.0,0.0,0.0
18.95,-5.021024385386351,1.018859688527096,1.0,-4.985801696777344,1.061645269393921,0.9876198172569275,-0.0925892136014523,-0.21864439996148713,0.01650040689831807,-0.9712619013474848,-1.3239735776746326,-2.2364127646263787,0.0,-1.3864030838012695,-2.1930336952209473,0.05605576932430267,3.3875050391263364,-1.6780171516325406,-0.34197387682049113,4.431448111942206,-1.788850026154375,-0.2565108449260494,2.4775771903431476,-1.0270506483272441,-0.014119922630560928,3.604569634578351,-1.3564302704428703,0.04685575527489432,-1.04394307281587,0.11083287452183427,-0.08546303189444171,0.0,0.0,0.0,0.0,0.0,0.0
18.9667,-5.042634956652958,0.9814394570482383,1.0,-5.012971878051758,1.0186331272125244,0.9884718060493469,-0.08825683367589622,-0.21930376633301582,0.015227150604803962,-0.971537288855655,-1.2694062697483326,-2.253946205210652,0.0,-1.3036103248596191,-2.2182610034942627,0.056349579244852066,3.246347489852451,-1.5088211529881241,-0.3476124899967363,4.2795062257962755,-1.6278290166261156,-0.26903408103997484,4.96863642867363,-1.5139648018314493,0.017632395550150236,4.007267083995371,-1.4029373434541756,0.03822848535270859,-1.0331587359438241,0.11900786363799133,-0.07857840895676142,0.0,0.0,0.0,0.0,0.0,0.0
18.9834,-5.063361616263569,0.9436926460921131,1.0,-5.038494110107422,0.9751482605934143,0.9892120957374573,-0.08646806347317718,-0.21662783657927884,0.014262198508147007,-0.972312917308801,-1.2147805350258665,-2.269909992961465,0.0,-1.215721845626831,-2.2439324855804443,0.0475994311273098,3.068218944095929,-1.3273444200150624,-0.29845295429108093,4.082004282414212,-1.4518254309339287,-0.22358653786662877,5.266006685523271,-1.538156052684209,-0.5242818955172709,4.37887002104339,-1.4428563778857058,-0.12783486039215894,-1.0137853383182833,0.12448101091886632,-0.07486641642445216,0.0,0.0,0.0,0.0,0.0,0.0
19.0004,-5.083533301467911,0.9049911394897596,1.0,-5.050570964813232,0.953196108341217,0.98952317237854,-0.0854050936119521,-0.2128884259337786,0.012779935992867373,-0.9732529184711395,-1.1592115570299086,-2.2845443730807986,0.0,-1.1660295724868774,-2.259197235107422,0.04731329157948494,3.057252134190038,-1.312185693263449,-0.29793521397358974,4.058517109173458,-1.4429834741699603,-0.2272954344254399,2.9224669788833113,-0.8977397010572365,-0.016828237611823102,3.9489132235171787,-1.2819279714882008,-0.09506367641821922,-1.0012649749834197,0.1307977809065113,-0.07063977954814984,0.0,0.0,0.0,0.0,0.0,0.0
19.0167,-5.102062737818942,0.8675078610390213,1.0,-5.073331832885742,0.9088964462280273,0.9901618957519531,-0.08244580532732032,-0.2124166235748355,0.010539283085482742,-0.9736379299322864,-1.1058178869230448,-2.29710103888968,0.0,-1.0774346590042114,-2.278010845184326,0.046228259801864624,2.858890558967171,-1.1497922666733904,-0.294296891337483,3.8375696007636315,-1.2859074486095856,-0.22794373142050778,5.417927856997054,-1.1505263464847053,-0.06635396618843496,4.3825931933099955,-1.2431358100872956,-0.08658804521520036,-0.9786790417964607,0.13611518193619523,-0.0663531599169752,0.0,0.0,0.0,0.0,0.0,0.0
19.0334,-5.120000197582147,0.8292160640031913,1.0,-5.094461917877197,0.8642705678939819,0.9906403422355652,-0.07686397154094668,-0.21051994163486037,0.008101551514461115,-0.9745294622188374,-1.0517090314847952,-2.3083376314015664,0.0,-0.9974125027656555,-2.2930829524993896,0.03641950339078903,2.708181810999684,-1.0037761278050772,-0.23752554762042338,3.659705524427556,-1.1449969604664634,-0.1723852400839781,4.816008293634851,-0.9070912012856569,-0.5903246606497159,4.510545252692397,-1.1439292994966508,-0.23530030116303674,-0.9515237134278718,0.14122083266138616,-0.06514030753644529,0.0,0.0,0.0,0.0,0.0,0.0
19.05,-5.137049779622587,0.7907263162362841,1.0,-5.1044135093688965,0.8418119549751282,0.9908109903335571,-0.07686397154094668,-0.21051994163486037,0.008101551514461115,-0.9745294622188374,-0.997769088579658,-2.3180605560391765,0.0,-0.9534483551979065,-2.3059279918670654,0.03146768733859062,2.71846733892044,-0.9751958144747708,-0.2083622227263095,3.651618352028095,-1.1213098043100833,-0.14370419042795202,2.643296397700721,-0.7722939751437049,-0.2977225365892117,3.9592992619630922,-1.0342157591641494,-0.2537284859864213,-0.933151013107655,0.1461139898353126,-0.06465803229835748,0.0,0.0,0.0,0.0,0.0,0.0
19.0666,-5.153215146805287,0.7520595851735804,1.0,-5.123068332672119,0.7966135740280151,0.9910754561424255,-0.07194428054974736,-0.2039641626680288,0.005782421175149199,-0.9763140862253341,-0.9440385368368823,-2.3262871056024284,0.0,-0.873079240322113,-2.318667411804199,0.028940018266439438,2.554334289924697,-0.8264899373801734,-0.19422138901497193,3.4623424018135074,-0.9772232734941868,-0.13023023335216793,4.82760719502764,-0.7652307163520752,-0.15183187494629508,4.2156396343460845,-0.9548064581382465,-0.22364674398689363,-0.9080081118888105,0.15073333611401338,-0.06399115566280399,0.0,0.0,0.0,0.0,0.0,0.0
19.0833,-5.168497819067241,0.7132432264949758,1.0,-5.1401166915893555,0.7511111497879028,0.9911595582962036,-0.06697871798229998,-0.19797525354531267,0.003656618429956709,-0.9779091758540774,-0.890566196424299,-2.333034417909796,0.0,-0.7899098992347717,-2.3385632038116455,0.019865432754158974,2.365613895872246,-0.6263194141114183,-0.13989987000367593,3.241857672413107,-0.7780709042346374,-0.07429949303409049,4.992950791515186,-1.194415023044113,-0.5447795825222569,4.445116095286549,-1.0255432859561702,-0.3184510274442957,-0.8762437765408613,0.15175149012321906,-0.06560037696958544,0.0,0.0,0.0,0.0,0.0,0.0
19.1,-5.182890337828451,0.674332244307108,1.0,-5.148082733154297,0.72825026512146,0.9911515116691589,-0.061239470985094184,-0.1939474741623009,0.002042604866232023,-0.9790964947234778,-0.8374377085532723,-2.3383182152120825,0.0,-0.7575050592422485,-2.342427968978882,0.01701262593269348,2.4357859931291226,-0.6288836312160961,-0.1224479985042865,3.292572307167221,-0.7836665189872505,-0.0555510121824231,1.9452940502941218,-0.23200561049964935,-0.1712567671284833,3.707122936980421,-0.7912764602362476,-0.27499659144850075,-0.8567863140380982,0.15478288777115434,-0.0668969863218634,0.0,0.0,0.0,0.0,0.0,0.0
19.1166,-5.19641924016352,0.6352905363198931,1.0,-5.162973880767822,0.6822749972343445,0.9909218549728394,-0.056406302205531667,-0.1884617035803957,0.0018632700258182013,-0.9804576271961372,-0.7846138388885369,-2.3421673944431913,0.0,-0.685987651348114,-2.361337661743164,0.0031791881192475557,2.3058921651622506,-0.4188627592778159,-0.03799619789576697,3.1383092301722164,-0.5727598781874519,0.033969403275292215,4.287001043289362,-1.1335124551599949,-0.8292241579323935,3.8783135527143537,-0.8923107811735131,-0.43861469899703487,-0.8324170650099659,0.15389711890963603,-0.07196560117105918,0.0,0.0,0.0,0.0,0.0,0.0
19.1333,-5.209049265701682,0.5962641202721052,1.0,-5.176469326019287,0.6360452175140381,0.9905951619148254,-0.05172204351011421,-0.18103959614242268,0.002390484953840972,-0.9821119331470383,-0.732300664949412,-2.34459528783411,0.0,-0.6154176592826843,-2.3671154975891113,0.0022220881655812263,2.173773304925442,-0.27929904628276014,-0.03030692559271303,2.9779505038325005,-0.4330087508775103,0.045274529008756975,4.238083647141364,-0.34698815881788636,-0.05747867533486777,3.9845242603053768,-0.7313215758922116,-0.32609637857893725,-0.8041771989070584,0.15370970459475014,-0.07558145460147,0.0,0.0,0.0,0.0,0.0,0.0
19.15,-5.220820803697324,0.5571781044545528,1.0,-5.18267297744751,0.61285001039505,0.9903711676597595,-0.05172204351011421,-0.18103959614242268,0.002390484953840972,-0.9821119331470383,-0.6804054497094316,-2.345635860961065,0.0,-0.5756707787513733,-2.374764919281006,-0.005818586330860853,2.1894633172706452,-0.23743608709543493,0.019378035067644517,2.9728887598342078,-0.3899553743269437,0.10012663677148748,2.3849515743694654,-0.45899200297563697,-0.48246853697550823,3.5123011671461053,-0.6509249084496413,-0.37226029783767034,-0.7834254425635624,0.15251928723150882,-0.08074860170384296,0.0,0.0,0.0,0.0,0.0,0.0
19.1666,-5.231731242090104,0.518087259381102,1.0,-5.193925857543945,0.5662429332733154,0.9897415637969971,-0.04721446440365442,-0.175863726069262,0.003205647150890129,-0.9832764084245458,-0.6290094002470027,-2.345313628204261,0.0,-0.5006255507469177,-2.3884291648864746,-0.013225523754954338,2.0176632076109584,-0.03579826765118724,0.06730970963060484,2.7731038633861096,-0.1840577098621878,0.15436496346011788,4.501623237321587,-0.8196561883241326,-0.44430861911308317,3.804367124646281,-0.7007374662631269,-0.3935302791450228,-0.7554406557751513,0.14825944221100057,-0.08705525382951304,0.0,0.0,0.0,0.0,0.0,0.0
19.1833,-5.24179408335973,0.47899450709704683,1.0,-5.203843116760254,0.5194306373596191,0.9890197515487671,-0.04092283027315273,-0.17307465310069756,0.003806113301624872,-0.9840508567659335,-0.578124187118744,-2.343655531245761,0.0,-0.43662649393081665,-2.3965494632720947,-0.00934218242764473,1.9044344249953753,0.1400643038386955,0.04798480937740918,2.6297918117339956,-0.002588190535648377,0.13841797504015524,3.8391232837528606,-0.4871138443935927,0.23295071599685355,3.8146277780720066,-0.6376718685706443,-0.20858163884094066,-0.7253573867386205,0.14265249437434388,-0.09043316566274606,0.0,0.0,0.0,0.0,0.0,0.0
19.2,-5.25101193951971,0.439945919235008,1.0,-5.208343505859375,0.49591323733329773,0.9887323975563049,-0.03323269522043074,-0.16746863755999078,0.0035743056348149574,-0.9853107103616211,-0.527817075961162,-2.340690916904557,0.0,-0.404491662979126,-2.4017841815948486,-0.003564694197848439,1.953887969249464,0.1881617543192582,0.015132370671166184,2.6583316492484057,0.052062691891693325,0.10613591851108671,1.9274024024024023,-0.313971113971114,0.3465256970139783,3.257484353316706,-0.5421094893558839,-0.044703807294050185,-0.7044436799989418,0.13609906242756487,-0.09100354783992053,0.0,0.0,0.0,0.0,0.0,0.0
19.2166,-5.259388248178235,0.4009958764139947,1.0,-5.216386795043945,0.4486832916736603,0.9882427453994751,-0.027839969074969412,-0.15875580395979588,0.002772756869834756,-0.9869214786180104,-0.47816381337687813,-2.3364543421575386,0.0,-0.3357062339782715,-2.4094603061676025,0.0007274260278791189,1.7994532051952739,0.3758409557039208,-0.0077805125575753364,2.4765998813360763,0.24810089174052496,0.08218451668629491,4.130615926466798,-0.46095696246026974,0.2577449965817656,3.5152487524172775,-0.5181517801468675,0.044584607633461254,-0.6771466761408023,0.12774006396339582,-0.08996502924387025,0.0,0.0,0.0,0.0,0.0,0.0
19.2333,-5.266946740873298,0.36210567320591597,1.0,-5.223082542419434,0.40128380060195923,0.987781286239624,-0.021370095922115154,-0.15092755895285975,0.0008499754939192899,-0.9883134625837797,-0.42912080574612693,-2.33097085397854,0.0,-0.2632812559604645,-2.412402868270874,-0.0003548631211742759,1.6149061765205128,0.5420640297954082,0.0014276975058589714,2.2581594086628494,0.4233592343145604,0.09101301586405333,4.346684242909882,-0.17660189451392266,-0.06495506549282046,3.7607037058150903,-0.4173200112126442,0.012246494009645104,-0.6432532321423368,0.11870479548084784,-0.08958531835819436,0.0,0.0,0.0,0.0,0.0,0.0
19.25,-5.273694610911056,0.32331035068592434,1.0,-5.2259135246276855,0.3775310516357422,0.9875425696372986,-0.021370095922115154,-0.15092755895285975,0.0008499754939192899,-0.9883134625837797,-0.3807384367444531,-2.3242726351784038,0.0,-0.2287505567073822,-2.4130167961120605,-0.0006463428144343197,1.6365731150044807,0.5816948000797385,0.0047854237802891775,2.2537192143239775,0.47264856516296727,0.09422016658705121,2.071755020884591,-0.0368341248498026,-0.017488047767914617,3.2620951841782566,-0.304993623208225,0.003468313802312271,-0.617146099319497,0.10904623491677126,-0.08943474280676203,0.0,0.0,0.0,0.0,0.0,0.0
19.2666,-5.2796418149893105,0.28463710992389635,1.0,-5.230640411376953,0.3299719989299774,0.9869994521141052,-0.012855115433898594,-0.14691933043920097,-0.0016940082821982727,-0.9890635078998796,-0.333055889269029,-2.316392845970455,0.0,-0.17072251439094543,-2.4094316959381104,-0.007636937312781811,1.5247619278745823,0.7210576709131843,0.049877873776962345,2.1129793266358234,0.6208467788807198,0.14171369379988896,3.4821341707679982,0.21513391324253175,-0.41949007764102203,3.3270547147932987,-0.15144246779050302,-0.12139673399523665,-0.5882173987612412,0.10021089203246451,-0.0918358200229266,0.0,0.0,0.0,0.0,0.0,0.0
19.2834,-5.2848177363381375,0.2459645371136909,1.0,-5.234297275543213,0.2825430631637573,0.9862693548202515,-0.007178962268913621,-0.14406206386974588,-0.003838482081281118,-0.9895352575752621,-0.2859311266837398,-2.3073292527154488,0.0,-0.11491849273443222,-2.3977651596069336,-0.01851937547326088,1.4195895081349026,0.8167859308494816,0.11928239233311727,1.977133565645684,0.7228172941102298,0.21691194218161342,3.335742318326279,0.697379109837958,-0.6505088418522952,3.3296194541443493,0.09914517630490535,-0.277600299108059,-0.5575440575107815,0.09396863673925178,-0.09762954984849613,0.0,0.0,0.0,0.0,0.0,0.0
19.3,-5.289185939016811,0.20770002411604563,1.0,-5.235682010650635,0.25887951254844666,0.9858384728431702,0.0014098489611819014,-0.13585826410079738,-0.007769982257225812,-0.9906968668670708,-0.23986236007856185,-2.2972112593548917,0.0,-0.08368987590074539,-2.393325090408325,-0.02268880605697632,1.446874940724062,0.8427182360663455,0.14692410588561527,1.980520737628996,0.7563062466601962,0.25074083743273234,1.8790140658174097,0.26715728467320826,-0.2508730615567797,2.9013742299965926,0.14874542154507042,-0.26970993007447985,-0.533645796904934,0.08641198940614939,-0.10381673154711708,0.0,0.0,0.0,0.0,0.0,0.0
19.3166,-5.292803024486781,0.1695172722655115,1.0,-5.237606525421143,0.21174022555351257,0.984743058681488,0.008526333795534231,-0.12937565733133674,-0.011170516435630292,-0.9914960975553828,-0.1944570194590525,-2.2859885092047043,0.0,-0.02795615792274475,-2.3766555786132812,-0.039359237998723984,1.3279652011414171,0.9179539800602374,0.2529322088938227,1.8338985242362202,0.8358301627958905,0.36779697601140254,3.3448396899324635,1.0004149496336996,-1.0004701719179259,3.0322933392321243,0.4001738326698796,-0.48544370997409203,-0.505933323094803,0.08212381726434692,-0.11486476711757987,0.0,0.0,0.0,0.0,0.0,0.0
19.3333,-5.295670546040732,0.13152593533400048,1.0,-5.238160133361816,0.18826733529567719,0.9841100573539734,0.008526333795534231,-0.12937565733133674,-0.011170516435630292,-0.9914960975553828,-0.14985082554898907,-2.273717940789265,0.0,0.00025904664653353393,-2.3723676204681396,-0.03962857276201248,1.3648139803582295,0.9540800005346466,0.25824278228405545,1.8494498906356647,0.8788185338926306,0.38232711234848904,1.6932529994669154,0.2573292698630725,-0.01616333826959122,2.6369841565556307,0.3580035068805601,-0.3469035669511004,-0.4846359102774352,0.075261466642016,-0.12408433006443362,0.0,0.0,0.0,0.0,0.0,0.0
19.35,-5.297802222861017,0.09373514992562738,1.0,-5.238394737243652,0.14143015444278717,0.9828007817268372,0.01385323710033368,-0.1251011924439907,-0.013553372809890642,-0.99195469741403,-0.10605746620155448,-2.2604310325058092,0.0,0.054578982293605804,-2.360463857650757,-0.04769699275493622,1.2408735806227933,1.066504773365901,0.31377313472837726,1.699619474826628,0.9974003054491615,0.4486076494242447,3.2583602443295883,0.7140425897058192,-0.4839810398581297,2.8204257348994997,0.4631127516529919,-0.38737134239372706,-0.4587458942038346,0.06910446791673955,-0.1348345146958674,0.0,0.0,0.0,0.0,0.0,0.0
19.3666,-5.2992107380585995,0.0561820685912313,1.0,-5.2375993728637695,0.09495402127504349,0.9812310934066772,0.019592921371092763,-0.11916623128736853,-0.015984360885150508,-0.9925522975790659,-0.06312214764373741,-2.2461699710070153,0.0,0.10948755592107773,-2.3396072387695312,-0.05954259634017944,1.105461695967757,1.1284596834189038,0.39332066636894863,1.5341952414485076,1.0625141867141552,0.5416303465791587,3.2953660909754316,1.2517206347389358,-0.7109199493468027,2.9606368087595896,0.6959242125605898,-0.48288880484236774,-0.42873354548075054,0.06594549670474853,-0.14830968021021004,0.0,0.0,0.0,0.0,0.0,0.0
19.3833,-5.299911151627418,0.018851673567446284,1.0,-5.236753940582275,0.07181838154792786,0.9804285764694214,0.02662543651232123,-0.11148871131324148,-0.01785833621049042,-0.9932484370759204,-0.021029578170243157,-2.2309577845287847,0.0,0.1391628235578537,-2.3299620151519775,-0.05801106244325638,1.1184793193837603,1.1454652884396404,0.38879682912830843,1.5225044380667088,1.0849496493987936,0.5481936965469849,1.779423196517413,0.5783582089552238,0.09183563146909132,2.6119209607339213,0.6612165794776851,-0.31321964668815694,-0.40402511868294855,0.06051563904084687,-0.15939686741867654,0.0,0.0,0.0,0.0,0.0,0.0
19.4,-5.299917284247269,-0.018189452136565806,1.0,-5.234283924102783,0.025925517082214355,0.978729784488678,0.03161542844683673,-0.10799725057753082,-0.018650570521949652,-0.993473374806423,0.020144297918007266,-2.214851183134933,0.0,0.19155581295490265,-2.304504871368408,-0.06419848650693893,0.9839685324749458,1.1861617809048306,0.4351241776428037,1.35896668665132,1.1271391445868737,0.6066668823432252,3.144302036085793,1.5277797650560174,-0.3713307888222753,2.7690895847999317,0.9170418705130357,-0.33037511797549984,-0.3749981541763742,0.05902263631795681,-0.17154270470042146,0.0,0.0,0.0,0.0,0.0,0.0
19.4166,-5.299245077637567,-0.05494651528495723,1.0,-5.230660915374756,-0.01950068771839142,0.9770640730857849,0.037436906579665294,-0.10306205744861359,-0.019699774168779903,-0.993774977654367,0.06040568952619248,-2.1978787338968084,0.0,0.24773962795734406,-2.280334949493408,-0.0629611536860466,0.8178568380261788,1.2368473694698956,0.43679286324196026,1.1587018351967537,1.17729243626892,0.6188550885179712,3.3728173126467054,1.4509646762466366,0.07427935535581381,2.947321044724501,1.0746656415667881,-0.21091372135541214,-0.3408449971705749,0.05955493320097551,-0.18206222527601096,0.0,0.0,0.0,0.0,0.0,0.0
19.4333,-5.297905192796031,-0.0915141551818843,1.0,-5.2259135246276855,-0.06438734382390976,0.9753940105438232,0.041614678693993254,-0.09661804928985486,-0.02101231132510619,-0.9942291520939203,0.099856042728162,-2.180022379075077,0.0,0.30653467774391174,-2.252370834350586,-0.05591790750622749,0.627827172333314,1.2664374784440344,0.4037057632941537,0.929130385052078,1.2039335449068,0.5931231658250199,3.51970073789678,1.674040876912537,0.4216361558717744,3.116297991847864,1.2516121661521524,-0.024173436135445966,-0.30130321271876404,0.06250393353723441,-0.1894174025308662,0.0,0.0,0.0,0.0,0.0,0.0
19.45,-5.295923696118397,-0.127626796845639,1.0,-5.2230987548828125,-0.08662693947553635,0.9746496677398682,0.041614678693993254,-0.09661804928985486,-0.02101231132510619,-0.9942291520939203,0.13821072318372982,-2.161443084665904,0.0,0.33168330788612366,-2.2385551929473877,-0.05286991968750954,0.6453942549918916,1.271710817882618,0.3899831222014268,0.9141690254960717,1.2097448542347233,0.5857826413851039,1.5114922763878142,0.8303527928237755,0.1831912919496747,2.642530012726104,1.1272486995560287,0.03704442171462882,-0.26877477050418014,0.061965963647894744,-0.19579951918367722,0.0,0.0,0.0,0.0,0.0,0.0
19.4666,-5.2933047216125875,-0.16351234447883534,1.0,-5.216759204864502,-0.1306632161140442,0.97333824634552,0.043984590717404765,-0.0928687130615303,-0.021799192986804574,-0.9944675346690979,0.17571446616266975,-2.1420552446608747,0.0,0.3749690353870392,-2.206648588180542,-0.04138879477977753,0.5336729562090363,1.2815056120773618,0.3285426743936864,0.7684650397948297,1.2161225355892005,0.5269876579481273,2.595772211260759,1.9133853764547768,0.6885037334505734,2.6287262551154438,1.3593306152295697,0.22936711761972978,-0.2347920835857934,0.06538307648816138,-0.19844498355444087,0.0,0.0,0.0,0.0,0.0,0.0
19.4833,-5.290072731531698,-0.19902392623492565,1.0,-5.213277816772461,-0.15243807435035706,0.9727482199668884,0.04770781433889879,-0.08629951295762603,-0.022574357824616916,-0.994870289953468,0.2122143179089416,-2.1219656113741796,0.0,0.3941695988178253,-2.190448760986328,-0.03737659379839897,0.5772274335010831,1.277883840925644,0.3083273944456107,0.7848926340831583,1.2119643232101989,0.509117092125637,1.1527934840178073,0.9726305844629898,0.24089080326085402,2.193003924651253,1.245169698217827,0.2327691202457391,-0.2076652005820753,0.06591951771544524,-0.20078969768002639,0.0,0.0,0.0,0.0,0.0,0.0
19.5,-5.286239062983273,-0.23421012932691346,1.0,-5.205594539642334,-0.19564662873744965,0.9718220233917236,0.05056394162635508,-0.07700566529437322,-0.022674962352012426,-0.9954894693049416,0.24776317874784276,-2.101176859481468,0.0,0.4410812556743622,-2.1668291091918945,-0.018987681716680527,0.43016230418667645,1.3407468108350313,0.20356406233186247,0.6058785736339551,1.2736333647718048,0.40127845572015863,2.8150242499678098,1.41734266134455,1.1034620584574446,2.3766356936927817,1.2959983038329117,0.48981358974022493,-0.1757162694472787,0.06711344606322663,-0.19771439338829613,0.0,0.0,0.0,0.0,0.0,0.0
19.5166,-5.281821695858347,-0.2690404538822119,1.0,-5.197116374969482,-0.23815545439720154,0.9713287353515625,0.051484613848839754,-0.06895395703808785,-0.022105853456569825,-0.9960451755025577,0.28233265514816996,-2.079735494599277,0.0,0.4783313572406769,-2.1283209323883057,0.0015873798402026296,0.3335965506659863,1.3144719647474528,0.08353534892667197,0.4765828683735709,1.2408011250667084,0.2730348653895255,2.2361598133650116,2.311683293019794,1.235140949323466,2.335164646264988,1.5958470768748438,0.7098478490478588,-0.14298631770758455,0.0736708396807443,-0.18949951646285354,0.0,0.0,0.0,0.0,0.0,0.0
19.5333,-5.276833900674353,-0.3035254999907285,1.0,-5.192575931549072,-0.25912168622016907,0.9711949825286865,0.051484613848839754,-0.06895395703808785,-0.022105853456569825,-0.9960451755025577,0.31593614401947523,-2.0576632934139343,0.0,0.4943879544734955,-2.1099565029144287,0.0060752080753445625,0.38051366669656866,1.3045374866582167,0.058237584669610654,0.49717691841598494,1.2275947057300394,0.24096700967515802,0.9631212012870933,1.1015516624955308,0.26919293411467643,1.9301123437137782,1.449922036040535,0.579758464067,-0.11666325171941627,0.07694278092817723,-0.18272942500554737,0.0,0.0,0.0,0.0,0.0,0.0
19.55,-5.271294524522845,-0.33763574690226456,1.0,-5.183004379272461,-0.30049097537994385,0.9711462259292603,0.05306696689752641,-0.06333995236468247,-0.02096793069362417,-0.9963595488456005,0.3485482185221283,-2.0350072556261525,0.0,0.526377260684967,-2.0749614238739014,0.020190900191664696,0.3031010687910026,1.3002331136941254,-0.025250910928081127,0.3924984051635195,1.2163365424803652,0.14814613411091299,1.9191954771066069,2.0995265408877,0.8468696472121697,1.9268894851577574,1.6416971590507412,0.6586145674696675,-0.08939733637251693,0.08389657121376032,-0.1733970450389941,0.0,0.0,0.0,0.0,0.0,0.0
19.5666,-5.265222642341878,-0.37134884680958263,1.0,-5.172810077667236,-0.34117382764816284,0.9712674617767334,0.05698919225609778,-0.057727448720005944,-0.019978238396891355,-0.996504281123387,0.38015225658181556,-2.0118113428665825,0.0,0.5518786311149597,-2.0403943061828613,0.024654319509863853,0.2578260161841704,1.2983142182998266,-0.051680307838397554,0.32114234348959325,1.205040203261812,0.11353993371909257,1.5308063315777423,2.0750085871307533,0.26793189689718344,1.8099584987909851,1.7696186124915902,0.5432779023943207,-0.06331632730542286,0.09327401503801475,-0.16522024155749013,0.0,0.0,0.0,0.0,0.0,0.0
19.5833,-5.258626232770845,-0.40470147059516337,1.0,-5.167518138885498,-0.36127808690071106,0.9713844656944275,0.05896488986465837,-0.04953642911852871,-0.019048268184498444,-0.9968483258477813,0.4107869683544855,-1.9880781038830204,0.0,0.5633558034896851,-2.0261318683624268,0.02879944071173668,0.317803101135564,1.3181076203118545,-0.07618150851179623,0.36056497239934376,1.2209734969444752,0.08161859970821464,0.6881289667791183,0.8551232203099091,0.2485261941434616,1.4787739166448464,1.499642857983591,0.4562618107793526,-0.04276187126377977,0.09713412336737914,-0.15780010822001087,0.0,0.0,0.0,0.0,0.0,0.0
19.6,-5.2515331705655255,-0.43762802033515474,1.0,-5.156622409820557,-0.40090036392211914,0.9716991186141968,0.05828370064522416,-0.041527644134729126,-0.017572032668555865,-0.9972811739819882,0.4403972746128074,-1.9638822234813578,0.0,0.5821363925933838,-1.9844563007354736,0.02881123684346676,0.3021578720795969,1.273975848283142,-0.0768824040064135,0.32594471488731536,1.167190729784473,0.07533873799069779,1.127094392536737,2.501108901257709,0.000707930611398074,1.3749516932877728,1.7952939383045692,0.3217739789445955,-0.023786842807718478,0.10678511849866897,-0.1522211419971113,0.0,0.0,0.0,0.0,0.0,0.0
19.6166,-5.24395582857963,-0.4701443783895349,1.0,-5.145285606384277,-0.43971383571624756,0.9719308018684387,0.05883011609692168,-0.03525721250320645,-0.015612119919102321,-0.9975230968924408,0.46900410100606477,-1.9392410027353073,0.0,0.6020278334617615,-1.9471591711044312,0.021190904080867767,0.2739492850276478,1.2548925278919747,-0.031383465729776405,0.27936548563331354,1.1357466841212236,0.11923082770687146,1.1938462308969149,2.2385023753648903,-0.4573577955969893,1.3214860506257065,1.9261371696894896,0.0917600384793476,-0.005416200605665743,0.11914584377075102,-0.15061429343664787,0.0,0.0,0.0,0.0,0.0,0.0
19.6333,-5.235905574661096,-0.5022644781348663,1.0,-5.139449119567871,-0.458816260099411,0.9719862937927246,0.05883011609692168,-0.03525721250320645,-0.015612119919102321,-0.9975230968924408,0.4966255358398005,-1.9141710895453108,0.0,0.612750768661499,-1.9303983449935913,0.016676556318998337,0.32473806021765395,1.262846206864353,-0.003640835735994885,0.31528554843575757,1.1366359567305775,0.1472772274314368,0.643229501866392,1.0054204030262726,-0.2707991429613421,1.1212523205634461,1.6543247517230528,-0.015274058575792851,0.009452511781896364,0.12621025013377535,-0.1509180631674317,0.0,0.0,0.0,0.0,0.0,0.0
19.65,-5.227403568715677,-0.5339620616692464,1.0,-5.127503871917725,-0.49656906723976135,0.9719839692115784,0.060533096389496804,-0.03072269102383607,-0.012979964935899974,-0.997608823582312,0.5232452587571702,-1.8887199137133241,0.0,0.6236761212348938,-1.8984454870224,0.00920308381319046,0.34005702152039574,1.2754537547687734,0.04214576954769994,0.31838299130946907,1.1405042305544888,0.19589891964719847,0.6553249149100477,1.9165975459771758,-0.44827411299087605,0.9837020344027472,1.7317524742911845,-0.14310358881960691,0.021674030210926662,0.13494952421428463,-0.15375315009949853,0.0,0.0,0.0,0.0,0.0,0.0
19.6666,-5.218463520352935,-0.5652412945592564,1.0,-5.1214599609375,-0.5152038931846619,0.9719527363777161,0.06118286249918811,-0.02751343109777518,-0.010010466577216442,-0.9976970790830937,0.5488737722165705,-1.8629111485866632,0.0,0.6261827349662781,-1.8830833435058594,0.010193705558776855,0.4318267364441328,1.2941342576043384,0.037293579228515894,0.4028317401507373,1.1552398791750615,0.19290296417138317,0.15032170431798686,0.9212682299113526,0.059407617243351446,0.7376729288104253,1.4924827116833266,-0.08331857938096965,0.028994996293395494,0.13889437842927693,-0.15560938494286727,0.0,0.0,0.0,0.0,0.0,0.0
19.6833,-5.209104156919094,-0.5960883475075119,1.0,-5.109214782714844,-0.5519153475761414,0.971885621547699,0.06140802018355642,-0.024272840258202515,-0.006881189515828071,-0.9977938903941233,0.573507151493503,-1.8367829056166494,0.0,0.6341185569763184,-1.8479031324386597,0.004874830134212971,0.4563092774624571,1.2865855855122372,0.070480140843797,0.42199786075548046,1.1401524110335652,0.22947488791394854,0.4758502623339862,2.1094869118929505,-0.3189320857875023,0.6603780921894992,1.6746336289108072,-0.15287599291000545,0.03431141670697661,0.146433174478672,-0.15899474707015154,0.0,0.0,0.0,0.0,0.0,0.0
19.7,-5.199361093656364,-0.6264402891772693,1.0,-5.096831798553467,-0.5879209041595459,0.9716224074363708,0.05983499706418661,-0.022213410896880607,-0.0032284064490859083,-0.9979559028797992,0.5971051000917563,-1.8104170749099753,0.0,0.6387958526611328,-1.8136237859725952,-0.008668966591358185,0.49570857664486556,1.2830364008996793,0.15400343567141134,0.4587598219971756,1.126829912330376,0.32055809506205674,0.281076279442948,2.059974783655224,-0.8138976557574933,0.5484012643585746,1.7883933808838817,-0.34802166963959197,0.036948754647689985,0.15620648856930333,-0.1665546593906454,0.0,0.0,0.0,0.0,0.0,0.0
19.7166,-5.189219274663894,-0.6563920568063182,1.0,-5.08425760269165,-0.6231785416603088,0.9710875153541565,0.05744551046381982,-0.020693087143217603,0.00031180238528364713,-0.9981341419021517,0.6197505395770179,-1.783758125515727,0.0,0.6474629640579224,-1.775713324546814,-0.020773081108927727,0.5067001732787533,1.2560271977403255,0.23026630418389799,0.46778617223535013,1.0872153026113427,0.4072399362026774,0.5200420582807604,2.27469493440911,-0.7262683423815859,0.5400291083875748,1.931958487885867,-0.4596870008557963,0.03891400104340316,0.1688118951289828,-0.17697363201877941,0.0,0.0,0.0,0.0,0.0,0.0
19.7333,-5.178699487711298,-0.6859214494920725,1.0,-5.077885627746582,-0.6405208706855774,0.9707455635070801,0.05744551046381982,-0.020693087143217603,0.00031180238528364713,-0.9981341419021517,0.6414336172068036,-1.756849868071015,0.0,0.6506060361862183,-1.7597285509109497,-0.025272183120250702,0.5783700810670818,1.2726436824314342,0.25994678496290474,0.5399780808296053,1.096884233846402,0.447068523280367,0.18839854803212622,0.9581415954497384,-0.2696801892488639,0.43622134002522434,1.6444699422510218,-0.40359351721028247,0.03839200023747641,0.17575944858503226,-0.18712173831746226,0.0,0.0,0.0,0.0,0.0,0.0
19.75,-5.16784210215559,-0.7149586571368903,1.0,-5.065066814422607,-0.6747297644615173,0.9699282050132751,0.05808038951636368,-0.019814219984644187,0.003684941112156053,-0.9981084744714085,0.662113180220571,-1.7297823616272738,0.0,0.6537076234817505,-1.7298388481140137,-0.03191008418798447,0.6142157461772036,1.2919246909565862,0.30486258738439004,0.5784995524805021,1.1082836857483054,0.502881711910874,0.1862419470293486,1.7947959914101645,-0.39858804581245527,0.3624228542017928,1.6888489395547976,-0.4021158105658863,0.03571619369670149,0.18364100520828086,-0.19801912452648399,0.0,0.0,0.0,0.0,0.0,0.0
19.7666,-5.15664376048837,-0.7435549385483242,1.0,-5.052181243896484,-0.7083302140235901,0.9690499305725098,0.06032672961411927,-0.019280227316545252,0.0072877380165643,-0.9979658495360476,0.6818366731333523,-1.702534324251433,0.0,0.6518805623054504,-1.6988495588302612,-0.03559596836566925,0.675704327362862,1.3032587201692147,0.3324006817629322,0.6461102465954268,1.1108210226536395,0.5410525868210996,-0.10965044070512821,1.8598114125457876,-0.2212070562900641,0.22305818920165107,1.7393201863570193,-0.3487082397347211,0.029594080767435173,0.19243769751557524,-0.20865190505816741,0.0,0.0,0.0,0.0,0.0,0.0
19.7833,-5.145118399354752,-0.7717111456772916,1.0,-5.045737266540527,-0.7249422073364258,0.9686030149459839,0.05942826153681026,-0.018649739438780635,0.011751468595504598,-0.9979891567432742,0.7006141033943459,-1.6751293281967428,0.0,0.6513152718544006,-1.6893963813781738,-0.03297027200460434,0.758378012959373,1.3601798979625168,0.3199280361520334,0.7372021823973367,1.1660137043357828,0.5369566306173751,-0.03390484906550743,0.5669803091618881,0.15748335859633067,0.14719800365020586,1.393224027107382,-0.19927122796475266,0.021175830562036358,0.19416619362673404,-0.21702859446534167,0.0,0.0,0.0,0.0,0.0,0.0
19.8,-5.133292692571586,-0.7993984634483766,1.0,-5.039282321929932,-0.7414090037345886,0.9681943655014038,0.05703410980714892,-0.018908494746857202,0.015640737629241362,-0.9980706266014457,0.7184368651569213,-1.6476201984234577,0.0,0.6486191153526306,-1.6751906871795654,-0.029289504513144493,0.8502509101045748,1.389042150074805,0.30094660740787843,0.8403225677200216,1.1966793419296853,0.5243455625527156,-0.16180889423076922,0.8525497939560439,0.2208999801468063,0.0559735195064752,1.2336071112803562,-0.0752290076296287,0.009928342384553226,0.19236280814511966,-0.22339895514483718,0.0,0.0,0.0,0.0,0.0,0.0
19.8166,-5.12117094954422,-0.8266416227944269,1.0,-5.026410102844238,-0.7738393545150757,0.9675208926200867,0.05506700575166816,-0.021082297484147517,0.02182582979506356,-0.9980214412292335,0.7353318840355243,-1.6200068186164223,0.0,0.6435825824737549,-1.6439698934555054,-0.02105073258280754,0.9205729161124329,1.3970127555016605,0.2559647814493769,0.9252161768353321,1.2030448052651521,0.48262403831846934,-0.30196763726289005,1.8718569978701203,0.49395934734908586,-0.04969725225950985,1.4220301434463658,0.09280579812914827,-0.004643260722899169,0.19396795023650848,-0.22665925686909247,0.0,0.0,0.0,0.0,0.0,0.0
19.8333,-5.108788849052594,-0.8533949258948011,1.0,-5.013566017150879,-0.8058713674545288,0.9670485258102417,0.055683849904316386,-0.022800004149010147,0.024637193178134262,-0.997884042503088,0.7512828687337662,-1.5923601537998766,0.0,0.6392399668693542,-1.630076289176941,-0.009883586317300797,0.9832301753503937,1.508181272811906,0.19242120800679002,1.0049129409853859,1.316427080303483,0.41888423587121526,-0.2607735478975475,0.8343092759889472,0.670585798244735,-0.11201083268957013,1.2485242012749374,0.26337701456656015,-0.021682765634992142,0.1917541925084229,-0.22646302786442524,0.0,0.0,0.0,0.0,0.0,0.0
19.85,-5.0961401017660375,-0.8797049134953653,1.0,-5.000799655914307,-0.8375280499458313,0.9667401909828186,0.055105109136900025,-0.025401477543585592,0.026279950892543372,-0.9978114234831037,0.7663298898492988,-1.5646563128438498,0.0,0.6339123845100403,-1.6134285926818848,-0.0022188262082636356,1.0487581704059326,1.602136762995249,0.14908328206369786,1.089902083990643,1.4149203874687195,0.3738323049348059,-0.31956838853612496,0.9985913277272467,0.4597610832385876,-0.17328561681923949,1.1747394488428717,0.32135318105832983,-0.041143913584710576,0.1872163755265294,-0.22474902287110804,0.0,0.0,0.0,0.0,0.0,0.0
19.8666,-5.083242888721161,-0.9055632500413252,1.0,-4.994381904602051,-0.8532527685165405,0.9667176604270935,0.055105109136900025,-0.025401477543585592,0.026279950892543372,-0.9978114234831037,0.7804794301959698,-1.5369267620197633,0.0,0.6330502033233643,-1.6013901233673096,0.015012082643806934,1.1159211102826727,1.644915259614888,0.0469201776555917,1.1770041792628296,1.4660290146456074,0.2652629138137174,-0.05171760364972899,0.7221229066258599,1.0335893757687027,-0.13739651736606628,1.0411187728585765,0.5316183236700467,-0.06108306898015688,0.17888624496928054,-0.21834273615812572,0.0,0.0,0.0,0.0,0.0,0.0
19.8833,-5.070120027663739,-0.9309538590412114,1.0,-4.9815568923950195,-0.8843400478363037,0.9669830799102783,0.05639553368573724,-0.030416126701568968,0.025084666268774414,-0.9976297705660218,0.7937351714418974,-1.5092117724045198,0.0,0.6255773305892944,-1.5733941793441772,0.02384515479207039,1.187268334437949,1.669738055657117,-0.006304364616754599,1.2713582415661506,1.4964034194603038,0.2047626562753172,-0.4481996796888406,1.6791097065720986,0.5297802128317508,-0.22915129160433062,1.2294653574024952,0.5310756797544176,-0.08408990712820155,0.17333463619681327,-0.2110670208920718,0.0,0.0,0.0,0.0,0.0,0.0
19.9,-5.056793126470834,-0.9558650065698779,1.0,-4.975228309631348,-0.8997021913528442,0.9671604633331299,0.05964558912697864,-0.03494681676899191,0.023715694482292084,-0.9973257653477128,0.8061048857764478,-1.481547616884218,0.0,0.616733968257904,-1.563132405281067,0.025248028337955475,1.2959863035609613,1.7229540471102678,-0.01451454616982234,1.4061115778810884,1.5596749767699523,0.1909927250723665,-0.5309288311242163,0.6160859981105609,0.08422430112221237,-0.31824153702490315,1.0483845594671304,0.3991569854334274,-0.110125274320127,0.1632790703403155,-0.20550727124218884,0.0,0.0,0.0,0.0,0.0,0.0
19.9166,-5.043259372518881,-0.9803299241199758,1.0,-4.962751865386963,-0.9298932552337646,0.967652440071106,0.0634552888619939,-0.03720321810974047,0.02155756510429174,-0.997058006419123,0.8176185375999617,-1.4539198934438313,0.0,0.6023250222206116,-1.5320734977722168,0.03511043265461922,1.4040780984210774,1.7263632861112708,-0.07507040427161543,1.5449412123876893,1.5692014524412663,0.12301789792236886,-0.864376841442833,1.8631897365485284,0.5916347989788038,-0.47947066090483426,1.2889299403845573,0.4559799540150333,-0.14086311396661177,0.1571618336700045,-0.1980883021939843,0.0,0.0,0.0,0.0,0.0,0.0
19.9333,-5.029549490786846,-1.0043199484820364,1.0,-4.950460433959961,-0.9595448970794678,0.9682933688163757,0.06622495847517518,-0.03929802184785318,0.019625047806370192,-0.996837409814017,0.8282763346884756,-1.4263830117647727,0.0,0.5925346612930298,-1.495942234992981,0.044881563633680344,1.482048840091445,1.6973420123000642,-0.1358455368112334,1.6559026342032621,1.5417912605325783,0.0532118682420436,-0.5877501216614662,2.169087968396645,0.5865956795866373,-0.5114367368035342,1.5487686773867753,0.49454010353932737,-0.17385379411181695,0.15555075176748587,-0.189057405053277,0.0,0.0,0.0,0.0,0.0,0.0
19.95,-5.01566064323045,-1.0278660210699055,1.0,-4.944344520568848,-0.9740794897079468,0.968722939491272,0.06622495847517518,-0.03929802184785318,0.019625047806370192,-0.996837409814017,0.8381060366882187,-1.398923120839345,0.0,0.5853971242904663,-1.4752223491668701,0.05039619654417038,1.5718938923025123,1.6856287907688619,-0.17003857521710758,1.779812899898419,1.5338725597551595,0.010025690570029944,-0.42823425072953025,1.243140985294959,0.3308640910196258,-0.48687384217682417,1.4585417965556098,0.44621995304688145,-0.20791900759590673,0.15175623101370245,-0.18006426578713752,0.0,0.0,0.0,0.0,0.0,0.0
19.9666,-5.00161581607481,-1.050953669047337,1.0,-4.932230472564697,-1.0026365518569946,0.9697344899177551,0.06923846077788214,-0.04419810665196083,0.019414524298058327,-0.9964314935160086,0.8471153890647153,-1.3715780119779561,0.0,0.5773664712905884,-1.4443341493606567,0.06306235492229462,1.6339131717384379,1.6835813073313466,-0.2500843560857095,1.8774863384159188,1.5334567263842636,-0.08172231749100115,-0.48180517808611073,1.8531612072664856,0.7599158739808325,-0.4853774798944803,1.5750406592737778,0.5388287224997076,-0.2435731666774809,0.15012458094708303,-0.16836203859470836,0.0,0.0,0.0,0.0,0.0,0.0
19.9833,-4.987425107524279,-1.0735904742948654,1.0,-4.9202494621276855,-1.0305567979812622,0.971047580242157,0.07128022007296586,-0.052498899490223065,0.02057975821883897,-0.9958612045088077,0.8553218585616262,-1.3443595241464612,0.0,0.5617142915725708,-1.4088947772979736,0.0742664486169815,1.739201691562306,1.6515394565933401,-0.32290909685936414,2.0225917769928654,1.499929994569882,-0.16807460616061026,-0.9389436347773853,2.1259385860781763,0.6721116577754258,-0.619278498894341,1.737675796331267,0.578176281078717,-0.28339008543055944,0.1516094620234581,-0.15483449069875388,0.0,0.0,0.0,0.0,0.0,0.0
20.0,-4.973103372672517,-1.0957760283706925,1.0,-4.908453464508057,-1.0577434301376343,0.9726638197898865,0.0691292826595372,-0.062430619290808495,0.02264402656520558,-0.9953948074831861,0.862739975354,-1.31728850160233,0.0,0.5520881414413452,-1.369470238685608,0.0900772288441658,1.806177683427728,1.5923356114531146,-0.42494357529951005,2.1307470934782824,1.4354882250959213,-0.28695890837054644,-0.5774456521739131,2.364967105263158,0.948444204090389,-0.6069286779404905,1.922863656076713,0.6874861395425269,-0.3245694100505544,0.15684738635719328,-0.1379846669289636,0.0,0.0,0.0,0.0,0.0,0.0
20.0166,-4.958677287725622,-1.1174925750013622,1.0,-4.902599334716797,-1.071066975593567,0.9735801815986633,0.07010448467218862,-0.06674494159668344,0.023037973158236875,-0.9950376129420563,0.8693797501033274,-1.290407183155743,0.0,0.5474076867103577,-1.3512204885482788,0.09342096745967865,1.8701965104079292,1.590952236913242,-0.44870782395436665,2.2355316069866777,1.4334187172414832,-0.3260555773125975,-0.2810406287579454,1.0958168699536162,0.20077673151806677,-0.5107205693864363,1.6787043284235454,0.5438006264377869,-0.3653350965787485,0.15753351967175885,-0.12265224664176916,0.0,0.0,0.0,0.0,0.0,0.0
20.0333,-4.9441321063671335,-1.138784271410864,1.0,-4.890848636627197,-1.0972225666046143,0.9754484295845032,0.07388209517969116,-0.07185279291252034,0.022712220166096177,-0.9944158204859751,0.8752700033099041,-1.2636805322214357,0.0,0.5476912260055542,-1.3193827867507935,0.09217894822359085,1.8720332334181324,1.572524023581734,-0.44977816552555966,2.2764665479559856,1.41263675131595,-0.3399253566356178,0.01700410357597335,1.9093352778850141,-0.07448499764080127,-0.354926600413426,1.7467908000734607,0.3612714094628982,-0.40443331453785314,0.1598872722657841,-0.10985280888994187,0.0,0.0,0.0,0.0,0.0,0.0
20.05,-4.929497009516342,-1.1596290337764479,1.0,-4.8790764808654785,-1.1227655410766602,0.9772652983665466,0.07441643802883222,-0.07887881496953622,0.021997367468502886,-0.9938594399387828,0.880419504649723,-1.2371550799090734,0.0,0.544490396976471,-1.3033483028411865,0.09103672206401825,1.9211819766606058,1.5823755476849524,-0.4468088108213681,2.364806598731061,1.4244688647856063,-0.348047541470974,-0.19198401235538903,0.9617397646183986,-0.06851011382974159,-0.3068229702272663,1.5150293855969625,0.23439204843329547,-0.44362462207045494,0.15790668289934612,-0.0987612693503941,0.0,0.0,0.0,0.0,0.0,0.0
20.0667,-4.914725368633432,-1.180111004902346,1.0,-4.87317419052124,-1.1352993249893188,0.9781095385551453,0.07441643802883222,-0.07887881496953622,0.021997367468502886,-0.9938594399387828,0.8848616085089838,-1.2107407532458987,0.0,0.5429279208183289,-1.2701247930526733,0.08306810259819031,1.9284785710629626,1.5513182877724547,-0.40689856255387896,2.4110667942023527,1.3923989451385663,-0.3156243084858068,-0.09337997463701002,1.9855730183382967,-0.47623733631609694,-0.24381069671383251,1.653942466367345,0.024601265490610646,-0.48258822313939026,0.1589193426338884,-0.09127425406807216,0.0,0.0,0.0,0.0,0.0,0.0
20.0833,-4.900014810241616,-1.199980252757305,1.0,-4.861334800720215,-1.1597881317138672,0.9797893762588501,0.07215843461393186,-0.08604220578892252,0.021140269157185355,-0.993450109746045,0.8885628205443153,-1.1847808907139643,0.0,0.5427908897399902,-1.226051926612854,0.08247871696949005,1.923587405027132,1.451198232692697,-0.4110908922041449,2.444522460193747,1.2850525029892457,-0.32718051791490554,-0.008260394659308124,2.656764253582259,-0.0355288592822547,-0.1742719422647303,1.949993787079325,0.006849753626251964,-0.5209350551666151,0.16614572970345132,-0.08391037428923936,0.0,0.0,0.0,0.0,0.0,0.0
20.1,-4.885169032969316,-1.2195241436376427,1.0,-4.8554229736328125,-1.1717102527618408,0.9806067943572998,0.07224988405557739,-0.09132705049017514,0.019526508474551733,-0.9930045754104363,0.8915962470582943,-1.1589198689685065,0.0,0.5397934913635254,-1.2031291723251343,0.0772375538945198,1.9631188581849908,1.415214617731894,-0.3830840745627188,2.5229581606496776,1.2445316130726005,-0.3048317208257575,-0.1797078246948169,1.374324594756854,-0.3142318426770348,-0.175876714112709,1.7800457196828374,-0.08793940218765864,-0.5598393024646868,0.1706830046592936,-0.07825235373696132,0.0,0.0,0.0,0.0,0.0,0.0
20.1166,-4.870281490963697,-1.238634748074197,1.0,-4.84352970123291,-1.1949987411499023,0.982066810131073,0.07409794697161716,-0.09538852364439335,0.017841351030540648,-0.9925181586317721,0.8939569959350675,-1.1333156336982213,0.0,0.5427979826927185,-1.1679763793945312,0.06694472581148148,1.9340043580187771,1.3626643701713461,-0.32802894219118345,2.5312417130690603,1.1847599593430402,-0.252302878933221,0.18012793024585477,2.1075114351057747,-0.6170847627215552,-0.07077763620509647,1.8767195841469302,-0.24415278409846108,-0.597237355050283,0.17790441082830577,-0.07572606325796243,0.0,0.0,0.0,0.0,0.0,0.0
20.1333,-4.855378857716769,-1.2572973431005408,1.0,-4.8314666748046875,-1.2175822257995605,0.9832568168640137,0.07283717338925187,-0.10006493051364214,0.016951504617930185,-0.9921665274746457,0.895661456812318,-1.1080059154203434,0.0,0.5505999326705933,-1.1360739469528198,0.05353502184152603,1.8725370376293973,1.3259785095682814,-0.25296330113316573,2.504256593547299,1.1398169415179065,-0.1761627831290996,0.46866720135199,1.916395743522908,-0.8055279062773012,0.08847633957216591,1.8884327115777364,-0.40988098072795587,-0.631719555917902,0.1861615680503751,-0.07680051800406612,0.0,0.0,0.0,0.0,0.0,0.0
20.15,-4.840443106367159,-1.2755528354583736,1.0,-4.819220066070557,-1.2395193576812744,0.9842677116394043,0.06897502453544282,-0.10451678753510348,0.01616664600496028,-0.9919966756751468,0.8967309531734062,-1.0829524083066528,0.0,0.554581344127655,-1.0959587097167969,0.04871242865920067,1.8304985390522932,1.2367028544293843,-0.22855782180774215,2.4956801103519686,1.0384555229501742,-0.1508002689658258,0.23889174999642362,2.406985394046035,-0.2893641456732901,0.13288171795470863,2.041518941315363,-0.37430220826724625,-0.6651815712996751,0.19824733147921017,-0.07775755284191635,0.0,0.0,0.0,0.0,0.0,0.0
20.1667,-4.825473963891517,-1.293417637690588,1.0,-4.813050746917725,-1.2501617670059204,0.9847516417503357,0.06897502453544282,-0.10451678753510348,0.01616664600496028,-0.9919966756751468,0.8971818420532253,-1.0581481967202235,0.0,0.5541627407073975,-1.0748411417007446,0.0458034910261631,1.8428506415874901,1.2046640584641153,-0.2130148268002347,2.5420999732352687,0.9979009464761415,-0.1349167268624536,-0.02507963489365349,1.2652091933663776,-0.17428212535889268,0.08624863944722447,1.8123381146799848,-0.3152526239154783,-0.6992493316477786,0.20676311198797376,-0.0780980999377811,0.0,0.0,0.0,0.0,0.0,0.0
20.1833,-4.810528444136561,-1.3108408825842974,1.0,-4.800681114196777,-1.2708935737609863,0.985531747341156,0.0666034450773371,-0.10802738557421611,0.01484757608711483,-0.9918032637873303,0.8970306060545807,-1.033680184764428,0.0,0.5546180009841919,-1.0390785932540894,0.030527662485837936,1.8163883687825062,1.134933603590672,-0.12477841243971172,2.549887309277715,0.916724236399431,-0.042287760680518316,0.027332846652638812,2.1471063969883053,-0.917127850302744,0.06885562057786834,1.91116783036168,-0.49293719155001153,-0.7334989404952089,0.21820936719124112,-0.0824906517591934,0.0,0.0,0.0,0.0,0.0,0.0
20.2,-4.795592890660413,-1.327856131290596,1.0,-4.794465065002441,-1.2810325622558594,0.985806941986084,0.06545031783879117,-0.10984155452151903,0.013383015248209784,-0.9917015634418734,0.8962962863842239,-1.0095177649544724,0.0,0.5596927404403687,-1.0287882089614868,0.02376401424407959,1.7906330065119531,1.1646619310150514,-0.08509973988783942,2.556713194990292,0.9415997010042162,0.0020859037137140463,0.30470696023133964,0.6178744237982077,-0.4061155678271824,0.13848324682840968,1.5293639785082334,-0.46730586134039614,-0.766080188478339,0.22306223001083522,-0.08718564360155347,0.0,0.0,0.0,0.0,0.0,0.0
20.2166,-4.780664486347286,-1.3444823088720534,1.0,-4.78183650970459,-1.3009870052337646,0.9862242341041565,0.06166771194192333,-0.11105316051237382,0.0121822093872859,-0.9918245900926768,0.894995396223082,-0.985649189942555,0.0,0.5649116635322571,-0.9978940486907959,0.016704777255654335,1.7295830472695437,1.1196038904988015,-0.04437156708265094,2.5268904140928887,0.8891222797332431,0.04805509610242012,0.3131222463809578,1.853571837271843,-0.423536447008926,0.19003987146950405,1.6250760641408522,-0.45438433023205316,-0.797307366823345,0.23048161076555843,-0.09242666318507106,0.0,0.0,0.0,0.0,0.0,0.0
20.2333,-4.765768749373517,-1.3607064243840392,1.0,-4.769106388092041,-1.3202499151229858,0.9864431023597717,0.05687714572367123,-0.11328914302210788,0.01089285299764063,-0.9918729746747673,0.8931466684255404,-0.9621079549013285,0.0,0.5703014135360718,-0.9648634791374207,0.004830427933484316,1.6646501781810994,1.057947808004979,0.026231851009766827,2.491827444330164,0.8172447710433601,0.126225228980465,0.3235519329030042,1.9828572041964247,-0.7128287346230088,0.22945507227815565,1.7306995960482119,-0.5306818421389878,-0.8271772661490647,0.24070303696161874,-0.09999337797069818,0.0,0.0,0.0,0.0,0.0,0.0
20.25,-4.75089678929484,-1.3765531253147931,1.0,-4.7626566886901855,-1.3296452760696411,0.9864862561225891,0.05687714572367123,-0.11328914302210788,0.01089285299764063,-0.9918729746747673,0.8907650830200724,-0.9388727359681263,0.0,0.5733767151832581,-0.9515441060066223,0.005059537012130022,1.6428527764076677,1.0647590591431815,0.02509210451454008,2.499400535921693,0.8185264783950925,0.1303854643117302,0.18442857347116773,0.7987746464776448,0.013739875105449034,0.2161624268562145,1.4555783176293933,-0.36995860051284846,-0.8565477595140253,0.24623258074808899,-0.10529335979719011,0.0,0.0,0.0,0.0,0.0,0.0
20.2666,-4.736074774402265,-1.3920090668977274,1.0,-4.74967098236084,-1.348023772239685,0.9865551590919495,0.054667096696661546,-0.11558045117304656,0.009124666262063097,-0.9917507066672372,0.8878705481832316,-0.915977149503962,0.0,0.5761726498603821,-0.9230873584747314,0.000596063444390893,1.58780947891501,1.025281677154264,0.05197654072237695,2.473352425398146,0.7714343383159632,0.16266009845301263,0.16777544100605177,1.707601899938481,-0.26783932127362403,0.2018777042376556,1.529980285500859,-0.3398111227911177,-0.885542946483136,0.2538473388383009,-0.11068355773063568,0.0,0.0,0.0,0.0,0.0,0.0
20.2833,-4.721295038700298,-1.4070964476417094,1.0,-4.736551284790039,-1.365913987159729,0.986474871635437,0.05265727681021499,-0.1162709482605566,0.007592248997055513,-0.9917917155508383,0.8844770417991705,-0.8934020361293493,0.0,0.5849434733390808,-0.9012744426727295,-0.004474460147321224,1.4940861775734546,1.0228606911954912,0.08325227920160044,2.4059257528968128,0.7620856127967871,0.1997606714618867,0.5258737759988564,1.307840754770924,-0.3040142574914231,0.29752726647621563,1.4644006358628294,-0.32924323387562465,-0.9118395753233581,0.26077507839870406,-0.11650839226028625,0.0,0.0,0.0,0.0,0.0,0.0
20.3,-4.706592929652628,-1.4217933500516997,1.0,-4.729934215545654,-1.3746856451034546,0.9864495992660522,0.04864830282417316,-0.11588001253301579,0.006336989407855524,-0.9920509608160288,0.8806083862569598,-0.8711937848470105,0.0,0.5860477089881897,-0.8858401775360107,0.0003658115165308118,1.4768340665670665,1.0125134191368883,0.054788425744403624,2.415266569949084,0.7475218042241205,0.17409577014273364,0.06629308370548494,0.9266002519180121,0.29058700905732926,0.2292627093277787,1.3056321328484932,-0.14625801718307765,-0.9384325033820173,0.26499161491276785,-0.11930734439833002,0.0,0.0,0.0,0.0,0.0,0.0
20.3166,-4.6919589253103835,-1.4361233757058485,1.0,-4.716635227203369,-1.3917255401611328,0.9864498376846313,0.04566508039794325,-0.11593111031847916,0.005893941736309045,-0.9921894553602356,0.8762779446277374,-0.8493301666910887,0.0,0.5888840556144714,-0.8534241318702698,-0.00131643854547292,1.4137113841998672,0.9411795793240835,0.06533216014356752,2.378225664114504,0.6677638827815668,0.18749247460115642,0.17027351968740606,1.946022442641018,-0.1009899976249517,0.21184802236803169,1.4946870570656516,-0.13289407042099277,-0.9645142799146367,0.2734156965425167,-0.1221603144575889,0.0,0.0,0.0,0.0,0.0,0.0
20.3333,-4.677391436773309,-1.4501009723131555,1.0,-4.703159332275391,-1.408219814300537,0.9864592552185059,0.04444966275147624,-0.11560000204239955,0.005999688179222871,-0.9922827263359902,0.8714994935510728,-0.827801623810161,0.0,0.5959800481796265,-0.8271273970603943,0.002427871571853757,1.3221401779509498,0.9033972177226932,0.04327064697993249,2.310502435878443,0.6204058514028115,0.16646097298192164,0.4256868858789708,1.577534791252485,0.22462026263060128,0.27497716332714706,1.5191452224512734,-0.027349304817785955,-0.9883622579274933,0.2829913663198818,-0.12319032600198916,0.0,0.0,0.0,0.0,0.0,0.0
20.35,-4.662908847692152,-1.4637211048838674,1.0,-4.696359157562256,-1.416225790977478,0.9864875078201294,0.04444966275147624,-0.11560000204239955,0.005999688179222871,-0.9922827263359902,0.8662931183923647,-0.8066280876953364,0.0,0.5980668067932129,-0.8102039098739624,0.0007638189708814025,1.292146211665623,0.8787948399826744,0.053564076894543844,2.304047011851857,0.5885278115431382,0.17831086491399653,0.12521638363925092,1.0154973604772601,-0.09985182163505558,0.2307650439030248,1.3704591681471734,-0.04875337295067662,-1.0119008001862337,0.2902670284395362,-0.12474678801945269,0.0,0.0,0.0,0.0,0.0,0.0
20.3666,-4.6485148470182995,-1.4769927919157935,1.0,-4.682631969451904,-1.4319369792938232,0.9865307807922363,0.042983468722191394,-0.11475761298121233,0.006809877048147754,-0.9924398076403903,0.8606742871952995,-0.7858075280274787,0.0,0.606827974319458,-0.7920398712158203,0.0018831162014976144,1.185555798112485,0.8847838875748228,0.04708099853509223,2.218240560294478,0.588246933394484,0.17282263539496717,0.5255577803203662,1.0896095537757438,0.0671434904399671,0.31779324778263285,1.2875472287416396,-0.014538500566952942,-1.0326847621819935,0.2965369541803389,-0.12574163685987494,0.0,0.0,0.0,0.0,0.0,0.0
20.3834,-4.634155065882316,-1.4899765971922354,1.0,-4.668810844421387,-1.447139024734497,0.9865755438804626,0.04098345588055772,-0.1141538462054036,0.0075557498262450685,-0.9925886281624823,0.854632712622752,-0.7652553504283537,0.0,0.6067937016487122,-0.763668417930603,-0.00363340275362134,1.1294556073503157,0.8266266511495621,0.08040577546777966,2.1835076053144364,0.5209769585324673,0.20905813488922392,-0.0020472250309754047,1.6947249241636642,-0.3295207359974258,0.22337049430757294,1.4077535266412249,-0.10752701356983083,-1.0540519979641205,0.3056496926170948,-0.12865235942144426,0.0,0.0,0.0,0.0,0.0,0.0
20.4,-4.62000320350897,-1.5025283833345895,1.0,-4.661892890930176,-1.4545695781707764,0.9865466952323914,0.03749885454444222,-0.11240730714489247,0.008765448672204731,-0.9929157720006239,0.8482569463042321,-0.7452118036102239,0.0,0.6087892055511475,-0.7528606057167053,-0.0076624262146651745,1.0939043218195463,0.8340840075494187,0.10517160820846355,2.168674588353322,0.5231836706499238,0.23773961114752157,0.11999641577060932,0.649910394265233,-0.24227884184587814,0.19285257689849167,1.1840243824474983,-0.14730821621030377,-1.0747702665337757,0.3109003368994949,-0.13256800293905802,0.0,0.0,0.0,0.0,0.0,0.0
20.4166,-4.605952103683506,-1.5147571101944448,1.0,-4.647900104522705,-1.4690934419631958,0.9864039421081543,0.03610531114527801,-0.11075177893538456,0.009343071231046563,-0.9931481275764644,0.8415162586830545,-0.7255156096741712,0.0,0.6158043146133423,-0.7312564253807068,-0.013833426870405674,0.9911106422616598,0.8117190018389615,0.14336336692086432,2.0841576853333814,0.4944427802720211,0.2814488384630887,0.42203591611922314,1.2997289078860552,-0.37125351751879,0.2605116875465717,1.2181824731522992,-0.21342096232818508,-1.0930470430717218,0.3172762215669404,-0.1380854715422244,0.0,0.0,0.0,0.0,0.0,0.0
20.4333,-4.591975612169228,-1.5266954567168751,1.0,-4.640842914581299,-1.4762187004089355,0.9863077402114868,0.03610531114527801,-0.11075177893538456,0.009343071231046563,-0.9931481275764644,0.8344089630351517,-0.7061238219278674,0.0,0.6178224086761475,-0.7243593335151672,-0.013832977041602135,0.9514072631314167,0.840041387004066,0.1442984512785142,2.0622153387057014,0.5207126926764144,0.28704107212103236,0.1209888366375552,0.413494661311302,2.696815011220537e-05,0.21932199182223783,0.9806239233744954,-0.15040723194560393,-1.1108080755742848,0.31932869432765165,-0.14274262084251815,0.0,0.0,0.0,0.0,0.0,0.0
20.45,-4.578133856154782,-1.5383022608547732,1.0,-4.626724720001221,-1.4901933670043945,0.9860818982124329,0.03487258431496319,-0.10938704817553362,0.009544533166928612,-0.9933414973174324,0.8269772509913383,-0.6871130919189541,0.0,0.6197630763053894,-0.7049861550331116,-0.016582896932959557,0.8751912368506581,0.8271707682797405,0.16239099080904223,2.003196374517994,0.5045193188897044,0.310176688408458,0.11647182554445812,1.16270783847981,-0.16504020833929542,0.18895874288790057,1.0343784231615885,-0.15472715403199072,-1.1280051376673357,0.3226514493900361,-0.14778569759941582,0.0,0.0,0.0,0.0,0.0,0.0
20.4666,-4.564416823738124,-1.5495967526579266,1.0,-4.61250114440918,-1.5037543773651123,0.9858623147010803,0.032607760189957535,-0.10702040780123777,0.009759987856516286,-0.9936740359521833,0.8192287987934171,-0.6684620846736087,0.0,0.6281410455703735,-0.682375967502594,-0.012417441233992577,0.7582092934766352,0.7922557964811412,0.13896736248547198,1.900291228621358,0.46418220260880055,0.2897191838924219,0.5027505544030331,1.3568066385292223,0.24996333786393876,0.2815958209929364,1.1295651255361927,-0.0352551240732973,-1.1420819351447227,0.32807359387234064,-0.1507518214069499,0.0,0.0,0.0,0.0,0.0,0.0
20.4833,-4.550800303936421,-1.560608406895387,1.0,-4.598171710968018,-1.5169105529785156,0.9857565760612488,0.03079250596130545,-0.10427905033354369,0.009438913164560305,-0.9940264678994314,0.8111608766442612,-0.6501312350779792,0.0,0.6279732584953308,-0.6707383990287781,-0.011532586999237537,0.690409373563604,0.8206607513617327,0.13466279051648483,1.846750007460836,0.4894065301066108,0.28797102738511227,-0.010044387988125143,0.6966701872573647,0.052970821766527745,0.19549830083299843,1.0017666274970667,-0.009209212307175908,-1.1563406338972322,0.3312542212551219,-0.15330823686862743,0.0,0.0,0.0,0.0,0.0,0.0
20.5,-4.5373221070727965,-1.5713160100211974,1.0,-4.591019630432129,-1.523375391960144,0.985713541507721,0.030081464919324383,-0.10286109600655757,0.009049560578016667,-0.9941996071531142,0.8028067753974066,-0.6321647361650927,0.0,0.6285896897315979,-0.6557124853134155,-0.011955413967370987,0.6523841785244211,0.7945978480592427,0.13789209364584393,1.8224315847508115,0.46067981786282686,0.29391060170144523,0.03691198515240203,0.8997537297451639,-0.02531893559497466,0.1486807218746488,0.9716505555347863,-0.013965097068019513,-1.1700474062263904,0.33391803019641586,-0.1560185080556013,0.0,0.0,0.0,0.0,0.0,0.0
20.5166,-4.524076239510851,-1.5816565239852087,1.0,-4.576633453369141,-1.5360357761383057,0.9856296181678772,0.028764692004722776,-0.10011535526661836,0.008286871207363567,-0.9945254865858004,0.7942403895934658,-0.6146788348911428,0.0,0.6355683207511902,-0.6397862434387207,-0.009207682684063911,0.5385400816706472,0.7933285155121227,0.12230201197557561,1.7194221663289024,0.45659266489968026,0.2800284709060197,0.42075870396458037,0.9602320098898888,0.16566742823361988,0.22900311510672988,0.9682795921573647,0.03906570764362704,-1.1808820846582553,0.33673585061244243,-0.15772645893044404,0.0,0.0,0.0,0.0,0.0,0.0
20.5333,-4.510889393970929,-1.591774756543373,1.0,-4.5621232986450195,-1.5484074354171753,0.985717236995697,0.02675927382976758,-0.09543993950685409,0.00687929290764522,-0.9950516899894589,0.7853614532482257,-0.5974374516636959,0.0,0.6382519602775574,-0.6305521130561829,-0.003530903020873666,0.44841783555257403,0.8303991626516549,0.0882802373068739,1.6390141125179956,0.49313609234310757,0.2459012200346166,0.1607127559324938,0.5529962306176647,0.33996030224217566,0.20884255289798792,0.8456803534681173,0.12789529158535023,-1.1905962769654215,0.33726307030854735,-0.1576209827277427,0.0,0.0,0.0,0.0,0.0,0.0
20.55,-4.497840810539799,-1.601617117979624,1.0,-4.55487060546875,-1.5544929504394531,0.9858253598213196,0.02675927382976758,-0.09543993950685409,0.00687929290764522,-0.9950516899894589,0.7762308452728928,-0.5805388656438578,0.0,0.6355897784233093,-0.6154594421386719,0.0015385892475023866,0.4253897919035575,0.8002413406591001,0.057796380501981715,1.626283824139473,0.462184151616646,0.2140744592957893,-0.15931855149387894,0.9032224695374255,0.3033842949978419,0.10015466579822876,0.8626678378607255,0.17970285290188864,-1.2008940322359156,0.33805718904245413,-0.1562780787938076,0.0,0.0,0.0,0.0,0.0,0.0
20.5666,-4.485032503584938,-1.611116993097402,1.0,-4.54040002822876,-1.5663801431655884,0.9859916567802429,0.02578781004501573,-0.09297498107169445,0.00597840402072487,-0.9953164986386529,0.7669341264678097,-0.5641066861479814,0.0,0.6391085982322693,-0.601774275302887,-0.0009715064079500735,0.3278750598115078,0.8067701500931451,0.0724905369734597,1.53714164891367,0.46802168649766956,0.22907516275733028,0.211981500631966,0.8244247673216132,-0.15121372296976437,0.13316799136180002,0.8513777844479159,0.08201023136005786,-1.2092665891021621,0.33874846359547556,-0.15658462578387058,0.0,0.0,0.0,0.0,0.0,0.0
20.5833,-4.4723160184949045,-1.6203935178777578,1.0,-4.5331645011901855,-1.5722659826278687,0.9860865473747253,0.024816375236222224,-0.09036877010792858,0.004988332402355431,-0.9955866177907592,0.7573753819266724,-0.5479430042457847,0.0,0.6384497284889221,-0.5989677906036377,0.001379665220156312,0.29041264563893465,0.8480501890511015,0.05837337956928762,1.5076310767122212,0.5125946708655174,0.21476578822439657,-0.0394859045251261,0.1681919499335591,0.14090514759102582,0.08219740560563031,0.6496888391354965,0.09939708708626158,-1.2172184310732865,0.3354555181855842,-0.15639240865510895,0.0,0.0,0.0,0.0,0.0,0.0
20.6,-4.459784601986298,-1.6293862884520303,1.0,-4.51872444152832,-1.5838886499404907,0.9863787293434143,0.024339718087166305,-0.08680039400786359,0.004144088879833733,-0.9959197886282378,0.7476339254961729,-0.5321600659453203,0.0,0.6345380544662476,-0.5855310559272766,0.004606673959642649,0.23521008989215164,0.8536177439595842,0.03800408249371229,1.4610223592467522,0.5206797347930892,0.19346423047530048,-0.23489555743267426,0.8068743109940298,0.1937814890269088,-0.011414232766010515,0.696092863393579,0.12726108765483976,-1.2258122693546005,0.3329380091664951,-0.1554601479815882,0.0,0.0,0.0,0.0,0.0,0.0
20.6166,-4.447406433770102,-1.6381265139612926,1.0,-4.51153564453125,-1.589589238166809,0.9865487813949585,0.024339718087166305,-0.08680039400786359,0.004144088879833733,-0.9959197886282378,0.7376961764234854,-0.5167106031078572,0.0,0.6342338919639587,-0.578476071357727,0.005591110792011023,0.19353312856738386,0.8672381043971031,0.03169551062727122,1.4267775775326623,0.5385793024514713,0.18638735040283344,-0.01825237856785178,0.42336004006009015,0.05907471698619358,-0.013432978391271177,0.6155771490575057,0.10713122475360314,-1.2332444489652785,0.32865880194563185,-0.15469183977556222,0.0,0.0,0.0,0.0,0.0,0.0
20.6333,-4.435187914824258,-1.6466172591215462,1.0,-4.497137069702148,-1.600830078125,0.9869512915611267,0.024185028616419198,-0.08243627750537881,0.0033719164682656628,-0.9962971293629559,0.7275770363074225,-0.5015960170127606,0.0,0.6366134285926819,-0.5671088099479675,0.012319953180849552,0.09854237812018707,0.8821509294371863,-0.010254758454793789,1.3372205753874424,0.5575447262747976,0.1417118667264517,0.14264785753080067,0.6814417002544093,0.4033789347236515,0.03264493714832849,0.6350215684135107,0.1945889634193233,-1.2386781972672554,0.32460620316238875,-0.15196662518124548,0.0,0.0,0.0,0.0,0.0,0.0
20.65,-4.423144145689557,-1.6548556517120385,1.0,-4.482852935791016,-1.6118309497833252,0.9874677658081055,0.024075096464612627,-0.07974533030268179,0.002688547466510003,-0.9965209291285487,0.717299198904195,-0.48682819865502286,0.0,0.6286210417747498,-0.5547189712524414,0.011205245740711689,0.06524452117110449,0.8891717576076913,-0.005731042718325641,1.3110882757299953,0.5681849843615987,0.14468756959142576,-0.4794270758845571,0.7432102914676354,-0.0668662491776551,-0.11852808052119959,0.6669608568839676,0.11740260589977083,-1.2458437545588907,0.32098677324609254,-0.1504186123097514,0.0,0.0,0.0,0.0,0.0,0.0
20.6666,-4.411293882595947,-1.662836704702186,1.0,-4.468700885772705,-1.6226401329040527,0.987952470779419,0.024114208740030733,-0.07780276098139043,0.0024675293929188984,-0.9966740064823403,0.7068897591294697,-0.4724229762122053,0.0,0.6268267035484314,-0.5462781190872192,0.010173172689974308,-0.005631359266249608,0.918343124588946,-0.0015612059877003204,1.2461834873161093,0.6021110334930785,0.14812060421548895,-0.10783779911162057,0.5072861441467259,-0.06202648122940249,-0.11537211405693057,0.6198219632212638,0.0644318598549878,-1.2518148465823589,0.3162320910958675,-0.14968181020318927,0.0,0.0,0.0,0.0,0.0,0.0
20.6833,-4.399581150712555,-1.6706050679312727,1.0,-4.4616618156433105,-1.627984642982483,0.9882065057754517,0.02448993208943716,-0.07498179338521534,0.0022304533700450864,-0.9968816640049534,0.696308886002218,-0.4583058801981287,0.0,0.6227673888206482,-0.5439332127571106,0.012140686623752117,-0.02829817870347423,0.9562267279394114,-0.014242679265707936,1.2290431866522225,0.6478715630509331,0.13422518260878782,-0.24314520735747744,0.1404554152861876,0.11785033077944705,-0.1530930665784529,0.4783041966244081,0.08020196883070298,-1.2573413653556966,0.30835516488847836,-0.14846786187449576,0.0,0.0,0.0,0.0,0.0,0.0
20.7,-4.3880747366798065,-1.678121976317326,1.0,-4.44775915145874,-1.6385114192962646,0.9887522459030151,0.025448425181559788,-0.07156356806714842,0.0017654050435758689,-0.9971098470427914,0.685628211381912,-0.4445533436113898,0.0,0.613142192363739,-0.5297591090202332,0.00923184771090746,-0.052842065734208465,0.9484600572014898,0.0008562726417676303,1.2115619330461094,0.6461658399224959,0.14943291612911264,-0.5779836215782843,0.8511410491352651,-0.17467292817976177,-0.2785285243730973,0.5883724500301168,0.004958240744341605,-1.2644039987803177,0.3022942172789939,-0.148576643487345,0.0,0.0,0.0,0.0,0.0,0.0
20.7166,-4.376745541898406,-1.6854136103645025,1.0,-4.433960437774658,-1.6488356590270996,0.98929762840271,0.027069532586724464,-0.06823530256304998,0.0012372207380373945,-0.9973011937350309,0.6748313872620376,-0.43112366204896746,0.0,0.6143632531166077,-0.522133469581604,0.013919093646109104,-0.1428875245733877,0.9784599519078073,-0.029637676285533432,1.1256495906281117,0.6832482046765314,0.1173572160491681,0.0733266518720023,0.45793184909442336,0.2814766178681366,-0.1746544452946935,0.549864000499193,0.08659151974996486,-1.2685371152014993,0.29521174723127597,-0.14699489233470153,0.0,0.0,0.0,0.0,0.0,0.0
20.7333,-4.365570607369704,-1.6925008953349954,1.0,-4.42706823348999,-1.653924822807312,0.9896319508552551,0.027069532586724464,-0.06823530256304998,0.0012372207380373945,-0.9973011937350309,0.6639049723469437,-0.41798360436286597,0.0,0.6136050224304199,-0.515124499797821,0.01957640051841736,-0.1873476664882721,0.9854485250267985,-0.06490686599481593,1.0834685731576306,0.6984274635575338,0.07882020518778357,-0.04540684475792059,0.4197340053398821,0.33878931514941674,-0.13649819128665638,0.5114472474705701,0.1610449185098946,-1.2708162396459026,0.2870210614692646,-0.1437270711825995,0.0,0.0,0.0,0.0,0.0,0.0
20.75,-4.354605649023519,-1.6993548555400908,1.0,-4.413452625274658,-1.6638158559799194,0.990431010723114,0.02830854324873446,-0.06572264574917716,0.0005683923990180118,-0.9974361900908113,0.6529128342858997,-0.4051923358520818,0.0,0.6029741764068604,-0.4939354658126831,0.02363121323287487,-0.20701681307621175,0.9308084306255116,-0.09291240414099095,1.068037407636602,0.6477487954786738,0.04673644636740573,-0.638509014362837,1.2726540460813656,0.24353983342402588,-0.28470096178705484,0.7361694074163913,0.18539892519754245,-1.2750542207128137,0.2830596351468378,-0.13964885050839668,0.0,0.0,0.0,0.0,0.0,0.0
20.7667,-4.343803326943756,-1.7060113172722935,1.0,-4.406716823577881,-1.668631672859192,0.9908275008201599,0.029183851632786736,-0.0637131235248482,0.0001073480231573293,-0.99754151506524,0.6418169661966727,-0.39268830037785085,0.0,0.6009412407875061,-0.4890686869621277,0.02193981222808361,-0.24461599817146806,0.9481972556781814,-0.08444023966861097,1.0328621464207122,0.6716480254904295,0.05244155264806666,-0.1217933152406799,0.2915690615626339,-0.10133195257820311,-0.23660764697378306,0.6049152591149648,0.10075072933996415,-1.2774781445921803,0.2765492301877519,-0.13688179231667763,0.0,0.0,0.0,0.0,0.0,0.0
20.7833,-4.333203006471413,-1.7124519109798186,1.0,-4.393407344818115,-1.678015112876892,0.9916839599609375,0.031221344876547742,-0.06121994909169954,-0.0002765676199284028,-0.9976358818590559,0.6306667315421759,-0.3805109848241192,0.0,0.5881708264350891,-0.4678541421890259,0.025567812845110893,-0.25141826655952737,0.8898187308515308,-0.11021348075867538,1.030816153280651,0.6158452648328507,0.022972650948519274,-0.7666203895862257,1.2735297485293908,0.21779240435672473,-0.3930770959277923,0.8023024770253846,0.13530357104007015,-1.2822344198401785,0.27397346601868017,-0.13318613170719465,0.0,0.0,0.0,0.0,0.0,0.0
20.8,-4.322792230279878,-1.7186902145759464,1.0,-4.380434513092041,-1.6869722604751587,0.9924503564834595,0.03257210659029536,-0.05878521258110025,2.65103677134469e-05,-0.9977391837847561,0.6194587397828273,-0.36863978200118136,0.0,0.5783485770225525,-0.4504469335079193,0.013977190479636192,-0.27496236541798247,0.8516673829736849,-0.044250261831978166,1.012554924921373,0.5785554685857353,0.08984176470744865,-0.5897742401901135,1.0452110145591456,-0.6959557034057234,-0.4511456880560717,0.87401351707848,-0.1100993601599266,-1.2875172903393555,0.2731119143879497,-0.1340920265394268,0.0,0.0,0.0,0.0,0.0,0.0
20.8166,-4.312570744826293,-1.7247320043189105,1.0,-4.36761999130249,-1.695694088935852,0.9931211471557617,0.03189827858137138,-0.05626476781987602,0.0003541178211885937,-0.9979061274517077,0.6082017688462397,-0.3570684121029582,0.0,0.5734038352966309,-0.43863144516944885,0.016108157113194466,-0.32767947389790053,0.8454156944613913,-0.06016094972518887,0.9636166345889203,0.5737374199535885,0.07353981826688627,-0.2969821722631918,0.709640581370373,0.12798628016037802,-0.4056338004625255,0.8254876221227678,-0.03981212751499218,-1.2912961084868209,0.27167827450780274,-0.13370076799207514,0.0,0.0,0.0,0.0,0.0,0.0
20.8333,-4.302521700532807,-1.7305924534565635,1.0,-4.3613057136535645,-1.6999419927597046,0.9935020208358765,0.03189827858137138,-0.05626476781987602,0.0003541178211885937,-0.9979061274517077,0.5968855022293019,-0.34577214729159095,0.0,0.5627918243408203,-0.43116116523742676,0.019959501922130585,-0.31448139061950797,0.8423655563852972,-0.08495664844896739,0.9812469721863261,0.5740243844653707,0.04675516204282806,-0.6363116511794139,0.4479288777698356,0.23093225071479628,-0.4737341182202808,0.7140253799406606,0.04011656148256236,-1.295728362805834,0.26834117191992646,-0.13171181049179545,0.0,0.0,0.0,0.0,0.0,0.0
20.85,-4.292668928379744,-1.7362627677369034,1.0,-4.348923206329346,-1.7081451416015625,0.9942097663879395,0.031302905613861405,-0.05421669044878272,0.0002882001501175514,-0.9980383842623349,0.5855451184786188,-0.3347721647200799,0.0,0.5536472797393799,-0.4125734567642212,0.011258861981332302,-0.3410435486169635,0.7919182207941879,-0.036098523439493435,0.9591287719510467,0.5242708379546284,0.09682014694950239,-0.548657502109946,1.1152316649262592,-0.52202395906347,-0.49585287056046345,0.8324688083366557,-0.12583759473453512,-1.3001723205680102,0.26764738283955963,-0.13291867038899582,0.0,0.0,0.0,0.0,0.0,0.0
20.8667,-4.282947450602954,-1.741784805695914,1.0,-4.342818737030029,-1.7121427059173584,0.9945014715194702,0.03105113219465847,-0.05258971541205191,-0.00011392293152485015,-0.99813334111203,0.5741124772052889,-0.3239908822162538,0.0,0.5502837300300598,-0.4072725474834442,0.0077740526758134365,-0.3715132997535017,0.7997694789735814,-0.016463771250373627,0.9308989814122712,0.5354107360436988,0.11830224082296142,-0.20056796371856295,0.3160924238331509,-0.20779865521794452,-0.4086793689758556,0.6800250615356327,-0.1500339978366824,-1.302412281165773,0.26435874292988254,-0.13476601207333505,0.0,0.0,0.0,0.0,0.0,0.0
20.8833,-4.27352471895653,-1.7470688657235605,1.0,-4.330758094787598,-1.7199947834014893,0.9950670599937439,0.030302083914943684,-0.05113552138079152,-0.000795311031400495,-0.9982315854159088,0.5627948869868612,-0.3136079778727796,0.0,0.5399543046951294,-0.39673444628715515,0.005130904261022806,-0.39029570019971843,0.7948167190016272,-0.003269316374444331,0.9151501546660266,0.533697166920095,0.13361708247849569,-0.6232700828633905,0.6358614339970077,-0.15948567108916445,-0.47203046990812547,0.6669871514832857,-0.15282430453425289,-1.305445854865745,0.2611195520815322,-0.13688639885294002,0.0,0.0,0.0,0.0,0.0,0.0
20.9,-4.264244027720923,-1.7522081654314168,1.0,-4.319027900695801,-1.727567434310913,0.9955226182937622,0.02962164477770406,-0.05018401873862113,-0.0013564120256260102,-0.998299736869951,0.5514148006489418,-0.3034447840229956,0.0,0.5247423648834229,-0.3833804428577423,-0.000924763036891818,-0.3787502422891712,0.7712426617941034,0.030936077778035254,0.931877741293825,0.5123204115211737,0.17141391054734742,-0.9131091234347049,0.8015849731663686,-0.3634963802549195,-0.6022449502666587,0.7067228885626522,-0.21501855185655516,-1.3106279835829961,0.25892225027292975,-0.14047783276931217,0.0,0.0,0.0,0.0,0.0,0.0
20.9166,-4.255148272226266,-1.7571829096776406,1.0,-4.313283443450928,-1.7312530279159546,0.9957010746002197,0.02962164477770406,-0.05018401873862113,-0.0013564120256260102,-0.998299736869951,0.5400311170493709,-0.29354359501069444,0.0,0.5188031792640686,-0.3777956962585449,-0.0059665790759027,-0.39331160771910584,0.7743815545178225,0.060437973457380834,0.920763590391833,0.519551957182822,0.20536534720951646,-0.35639226290112597,0.33512346738772764,-0.30254387426767243,-0.5296647433713761,0.5970199475045248,-0.24085762678084172,-1.3140751981109389,0.2548295973350006,-0.14492737375213563,0.0,0.0,0.0,0.0,0.0,0.0
20.9333,-4.246243816242947,-1.7619939387585826,1.0,-4.302018165588379,-1.738472580909729,0.9959890246391296,0.02873305091674774,-0.048766437147826545,-0.0025626126831593057,-0.9983935979015848,0.528659876886082,-0.28390627708495925,0.0,0.5048570036888123,-0.3654190003871918,-0.0063987914472818375,-0.3878801232462208,0.7540298100301694,0.061725177416475374,0.931195073164752,0.5022139592185968,0.2102357735547408,-0.8368910508620073,0.7427087059160169,-0.025936477260533657,-0.620363564687046,0.640029931821277,-0.17740897521022314,-1.3190751964109728,0.25181585081157265,-0.14851059613826542,0.0,0.0,0.0,0.0,0.0,0.0
20.95,-4.2375274798229725,-1.7666471703701294,1.0,-4.291136264801025,-1.7453529834747314,0.9962902069091797,0.026913639296616765,-0.04657796269744288,-0.0038609463515374494,-0.9985446100597992,0.5173051536486091,-0.27452442408067634,0.0,0.4859756827354431,-0.34741324186325073,-0.010438806377351284,-0.35133654752712384,0.6978122091601725,0.08458301883633906,0.9755906403840374,0.44615140036845763,0.23736412875518798,-1.1328479265309626,1.0803156336275337,-0.24239419201582102,-0.7716583152623168,0.7700103183387557,-0.19659379898183565,-1.3269271879111613,0.2516608087917149,-0.1527811099188489,0.0,0.0,0.0,0.0,0.0,0.0
20.9666,-4.228992464138633,-1.7711501917041452,1.0,-4.285804748535156,-1.7486851215362549,0.9964073300361633,0.026913639296616765,-0.04657796269744288,-0.0038609463515374494,-0.9985446100597992,0.5059657906091708,-0.2653859671469244,0.0,0.48063769936561584,-0.34175586700439453,-0.011263387277722359,-0.3686121614037531,0.6975139997462052,0.08906477092567228,0.9635529147965366,0.448078339580277,0.2455866833632928,-0.31994062504465626,0.33908386801754814,-0.049422583471470015,-0.6383029968170431,0.6427929539238578,-0.15314616623381117,-1.3321650762002897,0.2494356601659282,-0.15652191243762054,0.0,0.0,0.0,0.0,0.0,0.0
20.9833,-4.220655189808031,-1.775498245980417,1.0,-4.275387763977051,-1.7551703453063965,0.9967195987701416,0.026552855029373927,-0.04610753208670994,-0.004183664770585313,-0.9985747450564846,0.4946716451890545,-0.25650378333249185,0.0,0.4646964967250824,-0.32909655570983887,-0.005440988577902317,-0.34801804707801787,0.67057161087256,0.052678351940114665,0.991237246752195,0.42230527190444156,0.21024663863803036,-0.9567331082047906,0.7597659044729989,0.34943923183827946,-0.7323093858212363,0.6773255069050076,-0.004773770692796414,-1.339255293830213,0.24826633896811848,-0.1575682866979157,0.0,0.0,0.0,0.0,0.0,0.0
21.0,-4.212507871275864,-1.7796992400008464,1.0,-4.265270233154297,-1.7614864110946655,0.9970576763153076,0.02626316656866839,-0.046087983851534974,-0.003840758011100643,-0.9985847760064301,0.48342053339915947,-0.24786493804588025,0.0,0.45447707176208496,-0.32551309466362,-0.004278194159269333,-0.36056377919576676,0.6968641696033944,0.044109252616960914,0.9851549890632132,0.45209498876090914,0.2022992592085062,-0.6133064573824207,0.21505709052926783,0.06978370389117028,-0.6971775462640306,0.5408554212564358,0.01723695853241815,-1.34571876825898,0.24476918084248522,-0.15819000659154528,0.0,0.0,0.0,0.0,0.0,0.0
21.0166,-4.204541869565414,-1.7837611965179376,1.0,-4.260313510894775,-1.7646137475967407,0.9972590804100037,0.02538744198448707,-0.04640536806006823,-0.0037115779204147763,-0.9985931632292838,0.4722082385605181,-0.23945588891916844,0.0,0.4473098814487457,-0.31832006573677063,-0.0012610197300091386,-0.36583513316291205,0.6851561707189204,0.025090563843816638,0.984757632248478,0.4443691512912063,0.18290171797036467,-0.4299641712912638,0.43151424566622804,0.18100215654991347,-0.6182912739660402,0.5085759077333175,0.06558343821390522,-1.35059276541139,0.24078701942771413,-0.15781115412654803,0.0,0.0,0.0,0.0,0.0,0.0
21.0333,-4.19676653671576,-1.7876827958636345,1.0,-4.2506632804870605,-1.7706434726715088,0.9977250099182129,0.023855461334488265,-0.04701984342812125,-0.00367963060924354,-0.9986023512422593,0.4610556766814282,-0.23128225173247377,0.0,0.4331880509853363,-0.304341197013855,0.0011237170547246933,-0.3530831978708169,0.6468854968934604,0.008528311167976865,1.003719922259042,0.40794099394205763,0.16538092535055088,-0.8475046144600724,0.8389249381161556,0.14311710047584383,-0.6859592415383484,0.6061009794735087,0.08847279243907852,-1.356803120129859,0.23894450295140277,-0.156852614182574,0.0,0.0,0.0,0.0,0.0,0.0
21.05,-4.18917772585098,-1.7914695006754868,1.0,-4.241297721862793,-1.7764949798583984,0.9983157515525818,0.023855461334488265,-0.04701984342812125,-0.00367963060924354,-0.9986023512422593,0.4499648863093296,-0.22333550985404135,0.0,0.4189210832118988,-0.29570937156677246,0.008621358312666416,-0.3382518021061631,0.6394615571424185,-0.039355125477287645,1.0258122650196098,0.4025499477213219,0.11422859702660487,-0.8563618930406285,0.518117549408246,0.45003916480029194,-0.736265218804937,0.5801266627966325,0.19521379410783923,-1.3640640671257729,0.2369116094210966,-0.15358372250389252,0.0,0.0,0.0,0.0,0.0,0.0
21.0669,-4.181673012634889,-1.7951748379451287,1.0,-4.236767768859863,-1.7793301343917847,0.9986487030982971,0.024072084282033116,-0.04740192700038578,-0.004327048349219336,-0.998576430930425,0.43878978928253265,-0.21550497882033245,0.0,0.40793806314468384,-0.288031667470932,0.008260778151452541,-0.3193854742065403,0.622497864741924,-0.038810705682026325,1.051531703676026,0.38808492993555976,0.11240878528984719,-0.6495597089637474,0.4540761291050353,-0.02132549545960885,-0.710668167535459,0.5429142413558429,0.13128743801966802,-1.3709171778825664,0.23441293480636424,-0.1512194909718735,0.0,0.0,0.0,0.0,0.0,0.0
21.0833,-4.174536647843668,-1.7986621838406343,1.0,-4.2279839515686035,-1.7848361730575562,0.9991596937179565,0.024342648610226832,-0.04751758585523377,-0.004598895522114623,-0.9985631968199926,0.42796487950160506,-0.20808297104183432,0.0,0.39389318227767944,-0.2817816734313965,-0.001830822555348277,-0.3029677501812911,0.6267620844726629,0.019211594221458184,1.0758376189086447,0.3955073243592785,0.1721907971406467,-0.8537092590177239,0.3799019607843137,-0.6134116083494559,-0.7528965121818365,0.4947900366658919,-0.08856133174313177,-1.3788053690899358,0.23125476011338444,-0.1529792029191885,0.0,0.0,0.0,0.0,0.0,0.0
21.1,-4.167488309313888,-1.8020721498330006,1.0,-4.223701477050781,-1.787551999092102,0.9993824362754822,0.022323067777082956,-0.04787232929370488,-0.00493889414905207,-0.9985918145301315,0.41707639225699134,-0.20077381164082825,0.0,0.3879771828651428,-0.27734023332595825,-0.00038580939872190356,-0.3131842692531971,0.6277526799734584,0.009448410901155724,1.0713740108980772,0.4008081786680172,0.16324511157060234,-0.3545646799937128,0.26618964605689954,0.08660423907078327,-0.6353016747896131,0.42730302310287005,-0.03684925364124892,-1.3845582801512741,0.22694450130544117,-0.15379670066944662,0.0,0.0,0.0,0.0,0.0,0.0
21.1167,-4.160625861281565,-1.8053595561254177,1.0,-4.215374946594238,-1.7927964925765991,0.9998462200164795,0.020774362072214916,-0.048432306810999796,-0.005086281678294604,-0.9985975043546804,0.40627941853077504,-0.19367586545720267,0.0,0.3741150200366974,-0.2659841477870941,-0.002771724248304963,-0.2960265563713841,0.5995801532327667,0.02145010978138201,1.0955644789421464,0.37529809211690535,0.17671206035552797,-0.8313262271407941,0.6810345443886816,-0.14308543441092417,-0.693171705492391,0.502209205777206,-0.06821211594164554,-1.3915910353135306,0.22428206111586138,-0.15526195057414596,0.0,0.0,0.0,0.0,0.0,0.0
21.1333,-4.1539599221594825,-1.8085221733076347,1.0,-4.207298278808594,-1.7979216575622559,1.0002245903015137,0.021022841451788923,-0.04964657068748881,-0.005146846699604742,-0.9985323874737311,0.39559923524836305,-0.18679665481855162,0.0,0.365753173828125,-0.2617066502571106,-0.006752366665750742,-0.3106306933116951,0.6129482618375385,0.04343464922835777,1.0870412167943413,0.392525285953628,0.20124975791763033,-0.5032374126526337,0.25743080366751325,-0.23956529944273455,-0.6370996307124128,0.4299461475247507,-0.11879870762767945,-1.3976719101060364,0.22042297588391044,-0.15781510868927257,0.0,0.0,0.0,0.0,0.0,0.0
21.15,-4.147454443803881,-1.8115796879179933,1.0,-4.203343391418457,-1.8004250526428223,1.0003958940505981,0.021022841451788923,-0.04964657068748881,-0.005146846699604742,-0.9985323874737311,0.38498566469026596,-0.18009575538877762,0.0,0.3595086336135864,-0.25463923811912537,-0.007442019879817963,-0.3173717815270234,0.5961691899917291,0.04670285274523961,1.0848781371000373,0.3795270911615995,0.20678215390092045,-0.3746566916518853,0.4240269354008125,-0.04137745657685816,-0.5596216782876,0.428198687917064,-0.09594253924662963,-1.4022499186270607,0.21664209883012958,-0.16007930115568084,0.0,0.0,0.0,0.0,0.0,0.0
21.1666,-4.141126489147998,-1.814526447658882,1.0,-4.19566535949707,-1.805317997932434,1.0006771087646484,0.02043912603915926,-0.050818308393830336,-0.0047875448160493855,-0.998487332492673,0.37447340880064706,-0.1735877170763539,0.0,0.349031925201416,-0.24966683983802795,-0.011014685034751892,-0.31734966604401993,0.6036212879939685,0.06671020564563263,1.0899007988088263,0.39134860236829505,0.22989509020607135,-0.6287650063674217,0.29842102250776253,-0.21441532402306582,-0.5800340525074533,0.38988594907036883,-0.13091787070497318,-1.407250464852846,0.21227268562567347,-0.16318488456043873,0.0,0.0,0.0,0.0,0.0,0.0
21.1833,-4.13496904254224,-1.8173680689381815,1.0,-4.191915512084961,-1.8077434301376343,1.000808835029602,0.019465232225172956,-0.05106783485917204,-0.004520333796490294,-0.998495256100193,0.36405823903199663,-0.1672624079126484,0.0,0.34346699714660645,-0.24730701744556427,-0.009220317006111145,-0.3271043306827304,0.614103685800443,0.055258388808409775,1.0836964537323008,0.40757739976449325,0.22034684286421005,-0.33369551231646816,0.1415044605201081,0.10759753813601727,-0.5073104129778976,0.31655919384506254,-0.06050376253761635,-1.4108007844150312,0.20652628603594983,-0.16508845405580028,0.0,0.0,0.0,0.0,0.0,0.0
21.2,-4.128989097857598,-1.8201035892589315,1.0,-4.184629440307617,-1.8123635053634644,1.0011072158813477,0.019407923047910267,-0.05148975642290247,-0.004580856670951928,-0.9984744355570286,0.35375955723819574,-0.16112424476499138,0.0,0.32842010259628296,-0.22812668979167938,-0.007653065491467714,-0.29759817498115393,0.5343566604143434,0.04432608097205387,1.1190557999836939,0.3286280252111294,0.21050016095781082,-0.9031245975300869,1.1512159957642278,0.09406747609328715,-0.6241619947715606,0.5629651372536795,-0.014871507710110723,-1.416653974964848,0.205728635203214,-0.16617407998575695,0.0,0.0,0.0,0.0,0.0,0.0
21.2166,-4.123182029379502,-1.8227373224100736,1.0,-4.177626609802246,-1.8167715072631836,1.001351237297058,0.01906299323969711,-0.052371742448265694,-0.0043148679099997535,-0.9984363769528233,0.34357723888999414,-0.15516586250843334,0.0,0.32113519310951233,-0.22754985094070435,-0.012310278601944447,-0.31318185444618984,0.5649014286451383,0.07100424421640922,1.1083403621717585,0.36267425539520093,0.239840947770984,-0.43741410656512153,0.03463563289145933,-0.27963706556711143,-0.5690306048790104,0.40699261099660855,-0.09303513965542536,-1.4215222166179482,0.20222717324993733,-0.16883670355457478,0.0,0.0,0.0,0.0,0.0,0.0
21.2333,-4.11753897544217,-1.8252753281718805,1.0,-4.170855522155762,-1.8211644887924194,1.0016063451766968,0.01866522577143047,-0.05317206500337201,-0.004320304853457655,-0.9984016058028018,0.33350312812072647,-0.14937571415248033,0.0,0.3066917955875397,-0.22364851832389832,-0.008347969502210617,-0.2845949318650534,0.5751779177878136,0.045901294708143026,1.1435562976532392,0.3773227219184838,0.21559285477763884,-0.866431156052003,0.23403330997296873,0.23769116987156566,-0.6568286833389533,0.35593186406202304,0.004601311783858433,-1.4281512295182925,0.19785519586932973,-0.16969156006949582,0.0,0.0,0.0,0.0,0.0,0.0
21.25,-4.11206246342768,-1.8277184015848196,1.0,-4.16760778427124,-1.823294997215271,1.0017226934432983,0.01866522577143047,-0.05317206500337201,-0.004320304853457655,-0.9984016058028018,0.3235489969715161,-0.14375408995850789,0.0,0.29722633957862854,-0.21754470467567444,-0.014029021374881268,-0.26810081255454965,0.560642133770613,0.07934842758659327,1.1663010701103043,0.3670408373825389,0.2519135362037498,-0.5677898229455679,0.3661401275707217,-0.3407805639677069,-0.6305427843385338,0.3589455300318455,-0.09736173067277554,-1.434401882664854,0.1936012963880741,-0.1725651086171565,0.0,0.0,0.0,0.0,0.0,0.0
21.2666,-4.106749138496484,-1.8300698968987987,1.0,-4.16129207611084,-1.8274681568145752,1.001763105392456,0.0186242524492328,-0.05314105677666914,-0.00445778787330013,-0.9984034602641363,0.31371615581208984,-0.13829539454351672,0.0,0.2915402352809906,-0.2199561446905136,-0.021668151021003723,-0.28950211354774996,0.6071707386834447,0.1249223327174161,1.1496469467684973,0.42067144700664594,0.3026449459377206,-0.34091786265652696,-0.14458105809365887,-0.45801406643104237,-0.5450402138237928,0.210295277984414,-0.203832892029996,-1.4391490603162473,0.1864992916767988,-0.17772261322030455,0.0,0.0,0.0,0.0,0.0,0.0
21.2833,-4.101603142902569,-1.832329774164226,1.0,-4.155142307281494,-1.8316800594329834,1.0017887353897095,0.017428045863152667,-0.05332485918302515,-0.004676909338708342,-0.9984142077105065,0.3040199297912073,-0.13300189445254731,0.0,0.2806051969528198,-0.21200056374073029,-0.018225640058517456,-0.2784097566256334,0.591445473785684,0.10407952235284595,1.166184598995779,0.41061662197624316,0.2848817767075587,-0.6564315872334335,0.477574423930156,0.20665432231286676,-0.5779249832158024,0.289200967075759,-0.08264956365507897,-1.4445943556214125,0.1808288518094409,-0.18080225435471275,0.0,0.0,0.0,0.0,0.0,0.0
21.3,-4.0966168376206795,-1.8345030973043432,1.0,-4.152178764343262,-1.8337057828903198,1.001808762550354,0.01665153100909894,-0.05450047835069672,-0.0051400189101460545,-0.9983616927372619,0.29445363357513504,-0.12786390099271,0.0,0.27530792355537415,-0.20725220441818237,-0.02088019624352455,-0.2849952080352379,0.5837694151007262,0.119846444569431,1.163593331192493,0.40866664191335644,0.30433089869382557,-0.3179049220203176,0.2849629775361282,-0.15930770675346972,-0.5011623086210235,0.28794983510359096,-0.10528044862082696,-1.4485885392277311,0.17510277318736975,-0.18448445412439454,0.0,0.0,0.0,0.0,0.0,0.0
21.3166,-4.091791341507364,-1.8365909918961183,1.0,-4.146435260772705,-1.837624192237854,1.0018224716186523,0.017934781374066195,-0.055296094946748996,-0.005944433660824986,-0.9982913075002487,0.28502703027435017,-0.12288088946455696,0.0,0.26675155758857727,-0.20249103009700775,-0.021848006173968315,-0.28572070293024643,0.5852478131037475,0.12552404805155787,1.1669769542120962,0.4158589840327863,0.3136024380324862,-0.5137057872060233,0.2858506534404031,-0.0581052241236169,-0.5048653727633823,0.28733011830871846,-0.09135346010168933,-1.4526976571423427,0.1693888290709612,-0.18807838998092838,0.0,0.0,0.0,0.0,0.0,0.0
21.3334,-4.08710158967247,-1.8386057455406453,1.0,-4.1409149169921875,-1.8414641618728638,1.0018264055252075,0.01928144167261809,-0.0554608733193584,-0.006332311107670741,-0.9982546818888928,0.2756977355068112,-0.11802537135154076,0.0,0.26307424902915955,-0.1983606368303299,-0.022257432341575623,-0.3144915856806456,0.5899416267138908,0.12789982548123474,1.1406550129185002,0.4264971191032121,0.31934613536196904,-0.2198086049395032,0.2468914335390272,-0.024473169241402897,-0.42071140476222463,0.2753918794445913,-0.07160917583182053,-1.4551465985991459,0.16344450761067872,-0.1914463098807343,0.0,0.0,0.0,0.0,0.0,0.0
21.35,-4.082580442804541,-1.8405346643135654,1.0,-4.138271808624268,-1.8433221578598022,1.0018205642700195,0.01928144167261809,-0.0554608733193584,-0.006332311107670741,-0.9982546818888928,0.26653837234402805,-0.11332995867871075,0.0,0.2509841322898865,-0.19110776484012604,-0.0248246006667614,-0.27804857655564363,0.5657099326010712,0.14327132417032656,1.1812134049781453,0.40728625648926176,0.3387079465672175,-0.7250239484144005,0.4349425238054388,-0.15394876290354864,-0.5105500297363159,0.3224941458549175,-0.09591732690137841,-1.459261981533789,0.15842367611180938,-0.19543662239689089,0.0,0.0,0.0,0.0,0.0,0.0
21.3666,-4.078231848445037,-1.8423775916097713,1.0,-4.133055686950684,-1.8469691276550293,1.0017894506454468,0.018757599809565203,-0.056278989747070414,-0.006050601572223845,-0.998220542941599,0.25756651033106953,-0.10879770919127739,0.0,0.24719871580600739,-0.1831398904323578,-0.02084759622812271,-0.30393671050643656,0.5458729207170949,0.11950547675946949,1.157872895859411,0.3914221750948017,0.3171290224059276,-0.22811723251102714,0.4801610249852732,0.2396627293429692,-0.42717070581561795,0.3690402903385878,0.003152039283471131,-1.4618096063658477,0.15445074562229322,-0.19762354564645812,0.0,0.0,0.0,0.0,0.0,0.0
21.3833,-4.074009537135884,-1.8441554263192388,1.0,-4.128096103668213,-1.8503719568252563,1.0018653869628906,0.018795630754901205,-0.057023341287354264,-0.005698464652915385,-0.9981796183516949,0.24869420149818794,-0.10437931697231521,0.0,0.23296813666820526,-0.17114976048469543,-0.01849507912993431,-0.2657159113119621,0.5005210175616468,0.10494845081298193,1.2010950647629668,0.3477939515298065,0.3039555035998154,-0.8529814219364059,0.7186888174347982,0.1410099589138978,-0.5528778119914604,0.47226292625609767,0.0438502168634993,-1.4668109760749288,0.1527270660318403,-0.19900705278683345,0.0,0.0,0.0,0.0,0.0,0.0
21.4,-4.069937763923566,-1.845859106130362,1.0,-4.125699520111084,-1.852009892463684,1.0018855333328247,0.020066525507809685,-0.05680137622676065,-0.004974550382892214,-0.9981714418630838,0.23997897022819642,-0.10009911976083859,0.0,0.2327978014945984,-0.16931059956550598,-0.02046993002295494,-0.29869064528144557,0.5070057424987865,0.11663398316029655,1.1700661762217062,0.3577728091691179,0.3179159843675803,-0.01022172861762097,0.1103671273642945,-0.11850981486250609,-0.392675817755384,0.36542467185439675,-0.004081432045741698,-1.4687568215031517,0.14923293332966855,-0.2012820012072837,0.0,0.0,0.0,0.0,0.0,0.0
21.4166,-4.06601146909971,-1.84749192940259,1.0,-4.120981693267822,-1.85518217086792,1.0019903182983398,0.019528618451155305,-0.05674704630485208,-0.004272173152458182,-0.9981884270430338,0.23141795497337836,-0.09595105929503579,0.0,0.22536374628543854,-0.15715520083904266,-0.01177492830902338,-0.2993751602375362,0.4590561868813054,0.06387374023331743,1.1715970885493427,0.310921608381193,0.2643336799329885,-0.4462863368972476,0.7297212918831494,0.5219843483869352,-0.408502622875048,0.4729716925368554,0.15122280153199902,-1.4709722487868788,0.1481345785001124,-0.20045993969967107,0.0,0.0,0.0,0.0,0.0,0.0
21.4333,-4.062225085597713,-1.8490573054628565,1.0,-4.11643648147583,-1.8580565452575684,1.0021448135375977,0.0182179831713681,-0.05800630457630451,-0.003607138029804817,-0.9981434563556725,0.22300668418712663,-0.09192862137977109,0.0,0.22206012904644012,-0.1450236737728119,-0.01374401617795229,-0.32366477379881403,0.40955846325180245,0.07484429651147023,1.1482403496125617,0.2605952578387208,0.2758111472371361,-0.19821438789231252,0.7278819057019426,-0.11814369474723199,-0.3464216923542516,0.5482258465975541,0.07170088847055635,-1.4719051234113758,0.14896320541308167,-0.2009668507256659,0.0,0.0,0.0,0.0,0.0,0.0
21.45,-4.058575235044763,-1.8505576491362765,1.0,-4.114206790924072,-1.8594249486923218,1.002228856086731,0.0182179831713681,-0.05800630457630451,-0.003607138029804817,-0.9981434563556725,0.21474510792127635,-0.08802769305356513,0.0,0.22124576568603516,-0.13993129134178162,-0.012517082504928112,-0.3509511478079277,0.3945451171002614,0.06698813770675655,1.1199755724840037,0.24562492086519083,0.26831264243405056,-0.048829716515846805,0.3053423110463038,0.07356768041200269,-0.2585671018343049,0.47652218758667086,0.0722519995720558,-1.4709267202919314,0.14892019623507058,-0.20132450472729402,0.0,0.0,0.0,0.0,0.0,0.0
21.4666,-4.055066974255518,-1.8519918640179325,1.0,-4.109869003295898,-1.8619935512542725,1.002420425415039,0.018418865588083148,-0.05910143775129945,-0.003150771954128849,-0.9980771172161165,0.20665259410286432,-0.08425336632569172,0.0,0.2110385298728943,-0.12974213063716888,-0.01093579363077879,-0.33203747292046265,0.35473709129767883,0.056461964765402384,1.1397613082189062,0.20456257566174954,0.2578682179042574,-0.6131012902948632,0.612015602400149,0.0949806849589712,-0.3632320742844939,0.516522320127379,0.0789619229229745,-1.471798781139369,0.1501745156359293,-0.20140625313885502,0.0,0.0,0.0,0.0,0.0,0.0
21.4834,-4.05166775460886,-1.8533741086681,1.0,-4.1057939529418945,-1.8643385171890259,1.0025545358657837,0.01836883332763367,-0.058863138152729845,-0.0027822399107495896,-0.9980932173122476,0.1986605253167006,-0.08057019373251763,0.0,0.20526760816574097,-0.12357286363840103,-0.01375625655055046,-0.33820657335453885,0.33778856621244974,0.07262847493679031,1.1342650256329425,0.18667104871879348,0.2754171719212648,-0.34397737608003637,0.3677208567814916,-0.1681144683130116,-0.35754773544581386,0.4725934084213709,0.0060204562788245125,-1.4724715989874815,0.15111751749365626,-0.20278869698447446,0.0,0.0,0.0,0.0,0.0,0.0
21.5001,-4.048423762758203,-1.8546864617338568,1.0,-4.1037726402282715,-1.8654515743255615,1.0025670528411865,0.015136437415918335,-0.05758499414187748,-0.0023725303963751956,-0.9982230717525096,0.19088525934277797,-0.07702814842291002,0.0,0.20543493330478668,-0.11724889278411865,-0.017803210765123367,-0.3691765588303034,0.313473813146825,0.09676210208375663,1.1017035356770486,0.1614576171793968,0.30236906555609255,0.01004598482679645,0.37968302676782134,-0.24297389421700544,-0.2490273505084513,0.4451645655830246,-0.06748722699442915,-1.4708800945073521,0.15201619596742819,-0.20560696347233592,0.0,0.0,0.0,0.0,0.0,0.0
21.5166,-4.0453235372238705,-1.8559344882996536,1.0,-4.099788188934326,-1.8676241636276245,1.0027248859405518,0.01271288562524262,-0.057365490720654715,-0.002915423952044008,-0.9982680424398708,0.18330990788815424,-0.07361530798457902,0.0,0.202329620718956,-0.11163972318172455,-0.008380900137126446,-0.38983476488635377,0.2985078921603887,0.03934877349958127,1.078872899740884,0.14572307241375076,0.24411602768338664,-0.18741276601867707,0.33852630329366734,0.5686581457652848,-0.23083759900337325,0.4136830014689525,0.1203145142235913,-1.468707664627238,0.15278481974663793,-0.20476725418380537,0.0,0.0,0.0,0.0,0.0,0.0
21.5333,-4.042329775426059,-1.8571339489966512,1.0,-4.097861289978027,-1.8686511516571045,1.0028550624847412,0.01271288562524262,-0.057365490720654715,-0.002915423952044008,-0.9982680424398708,0.1758509526682082,-0.07029078234942383,0.0,0.19781649112701416,-0.10319288074970245,-0.0069660767912864685,-0.3914379663816402,0.26062167090127464,0.03011374392566607,1.075065695586698,0.10607727364239766,0.2340323342766997,-0.270679614774141,0.506608110620165,0.08485549338295226,-0.24259969027337025,0.4411161921337915,0.1098463631673807,-1.4665036619683383,0.15454439725887698,-0.20391859035103363,0.0,0.0,0.0,0.0,0.0,0.0
21.55,-4.039459244791575,-1.8582787802943543,1.0,-4.0942158699035645,-1.8705275058746338,1.003108263015747,0.01223710829164936,-0.05766867670959586,-0.0034585703888039354,-0.9982548504762868,0.1685567394529879,-0.06707327263387974,0.0,0.1856284886598587,-0.09645280987024307,-0.008772077038884163,-0.35516230545361693,0.23702466485086018,0.03958011037367554,1.1118246510989156,0.08041655107188658,0.2437299943185391,-0.7311135066718153,0.40431209865419543,-0.1083353221850374,-0.38681789771027625,0.43025095104992733,0.04543514182451399,-1.4669869565525326,0.1566081137789736,-0.20414988394486355,0.0,0.0,0.0,0.0,0.0,0.0
21.5666,-4.036709208434779,-1.8593707382357618,1.0,-4.090742111206055,-1.8723480701446533,1.0032967329025269,0.011879371109844954,-0.057838112308965725,-0.004264502426029231,-0.9982462525191906,0.16142832270325114,-0.06396020405834031,0.0,0.1819760799407959,-0.09491702914237976,-0.009543580934405327,-0.36880697732394907,0.24417786665897237,0.04315686659687229,1.0977103720140944,0.08699991596608256,0.24797344552100076,-0.21909145190354967,0.09212452804553646,-0.04627902341180172,-0.3373019852795005,0.3304298508561652,0.018359443936441414,-1.4665173493380435,0.1571779506928898,-0.20481657892412847,0.0,0.0,0.0,0.0,0.0,0.0
21.5834,-4.034065898343842,-1.8604158827769257,1.0,-4.087467193603516,-1.8740500211715698,1.0035678148269653,0.009417315538876507,-0.056230879119495224,-0.005172176955559765,-0.9983600490101701,0.15443719260660688,-0.06093641619488542,0.0,0.17619185149669647,-0.09045190364122391,-0.0051887379959225655,-0.3682941441845465,0.23299542161285003,0.015552956812497298,1.0977615731313084,0.07529060913480154,0.2195487281990253,-0.34555624002962626,0.26675156321216953,0.26016316027019715,-0.339738792149298,0.3116308564605218,0.08974432057786973,-1.4660557173158548,0.1577048124780485,-0.203995771386528,0.0,0.0,0.0,0.0,0.0,0.0
21.6,-4.031549818529401,-1.8614066893104262,1.0,-4.085921287536621,-1.8748486042022705,1.0037317276000977,0.007933174854660108,-0.055405699143390594,-0.005524187434322755,-0.9984171158430538,0.14764577717060287,-0.058026138036390174,0.0,0.16868911683559418,-0.08397404849529266,-0.0030546283815056086,-0.3482586569994319,0.20497788910916342,0.0018043996211770108,1.1179627892708863,0.045988992864458594,0.20456871106555982,-0.45036422703723844,0.3888441158370782,0.12810350763069955,-0.3723974424902215,0.3344256218977502,0.10106865370785426,-1.4662214462703183,0.15898889624470483,-0.2027643114443828,0.0,0.0,0.0,0.0,0.0,0.0
21.6166,-4.0291542336127275,-1.8623463973183496,1.0,-4.082997798919678,-1.876457929611206,1.0041053295135498,0.006881763766639156,-0.05542041366187696,-0.00579683539733977,-0.9984225527865117,0.1410457533157559,-0.05522286740606806,0.0,0.15458695590496063,-0.08388747274875641,0.002033242955803871,-0.29498661504494794,0.21914493508145552,-0.03072710858747202,1.1743099428590278,0.060448604816313006,0.16938727703422807,-0.8496918634718152,0.005216413836694822,0.30655747718155635,-0.5133034793370036,0.23723704654010971,0.16173271022969649,-1.4692965579039756,0.15869633026514252,-0.20011438562170009,0.0,0.0,0.0,0.0,0.0,0.0
21.6335,-4.026830626724439,-1.8632544753885227,1.0,-4.080381393432617,-1.8779956102371216,1.0044598579406738,0.005811689527261969,-0.055559685288603174,-0.005955096813498239,-0.9984207404720258,0.13450912228484316,-0.05247020787649571,0.0,0.14556154608726501,-0.08085177093744278,-0.00492477510124445,-0.2704231567277693,0.21517146167365533,0.009097888197528603,1.2024145805466777,0.05690859935116632,0.20963593380871492,-0.5350196099215603,0.17995415518337926,-0.41246615742703696,-0.5197144780032442,0.22032609002064737,-0.007781290451531558,-1.472837737274447,0.158262862322489,-0.20053804561118632,0.0,0.0,0.0,0.0,0.0,0.0
21.65,-4.024666352034232,-1.8640972823941884,1.0,-4.079127788543701,-1.878790020942688,1.0045958757400513,0.005811689527261969,-0.055559685288603174,-0.005955096813498239,-0.9984207404720258,0.12829128592910125,-0.04987313647741429,0.0,0.14518463611602783,-0.08272510766983032,-0.003655381500720978,-0.29004917535497027,0.23658268916733513,0.0006500454771992126,1.1837728437909618,0.08056122695688933,0.20107936872173485,-0.022884036362583595,-0.11373937856460438,0.07707105550288064,-0.37304105078729605,0.12170385779571577,0.017268672967272747,-1.4738220191459321,0.1560214622104458,-0.20042932324453563,0.0,0.0,0.0,0.0,0.0,0.0
21.6666,-4.022581179602467,-1.8649065496384283,1.0,-4.076755523681641,-1.880381464958191,1.004950761795044,0.0044907203670554955,-0.05551323155901007,-0.006069862681993335,-0.9984293805759705,0.12217258949664551,-0.04733728553352441,0.0,0.13304808735847473,-0.08024252951145172,0.001938945846632123,-0.24438908660270858,0.23572513532198497,-0.034855223032410565,1.2327036672435625,0.08176835796028767,0.1635191700712122,-0.7288609126444352,0.14909132887558885,0.3359675487222763,-0.4780855775231165,0.12978913983438767,0.11135440612503433,-1.477092753846271,0.1539567773616973,-0.19837439310362276,0.0,0.0,0.0,0.0,0.0,0.0
21.6833,-4.020592730913412,-1.865675780020406,1.0,-4.075650215148926,-1.88114333152771,1.005141258239746,0.003056473648941902,-0.05637577735049765,-0.006141512324461911,-0.9983861379093982,0.11621044923085154,-0.04488475750648264,0.0,0.1311802864074707,-0.07671170681715012,0.001306471647694707,-0.2535138111205497,0.2242420371791583,-0.03218444110312818,1.225055928428834,0.07185378026185826,0.16478863519186332,-0.11193366100387203,0.21159530426209833,-0.03790294278386604,-0.3699908394063888,0.15393981478977214,0.06729090866835326,-1.4785697395493838,0.15238825691730004,-0.1969730762949915,0.0,0.0,0.0,0.0,0.0,0.0
21.7,-4.018705169536324,-1.8664037289080204,1.0,-4.073572158813477,-1.8827201128005981,1.0055279731750488,0.0025264348820688985,-0.05741899614483929,-0.0060680925143558615,-0.9983285653143325,0.11042562466436927,-0.04252213284099756,0.0,0.12216424942016602,-0.08546468615531921,0.00491432985290885,-0.2240801487435689,0.29034255300631556,-0.05594935152940822,1.2572082991316134,0.14346383994890236,0.13858714924567656,-0.5411949910554562,-0.525404740608229,0.21656463830500894,-0.4205334341657687,-0.04661511471832491,0.11135924201526728,-1.4812884478751822,0.1468787130574132,-0.19453650077508478,0.0,0.0,0.0,0.0,0.0,0.0
21.7166,-4.016912955023546,-1.867092877957443,1.0,-4.071739196777344,-1.8843613862991333,1.005935549736023,0.0026822386101235125,-0.058316968996678306,-0.00579169348182146,-0.9982777362150284,0.10480988648655495,-0.04024414978164316,0.0,0.11282314360141754,-0.07910117506980896,0.00045864531421102583,-0.1909500666248488,0.2658832763378238,-0.031450817244705165,1.2942050060168966,0.12226802557422697,0.16265219834734335,-0.5609242569579659,0.3821226090940328,-0.2675594932338569,-0.46197937105441766,0.07995609762660055,-0.0005044943366984828,-1.4851550726417453,0.14361525076359685,-0.1941030155920485,0.0,0.0,0.0,0.0,0.0,0.0
21.7333,-4.015209254496012,-1.8677461610945045,1.0,-4.070919036865234,-1.885155200958252,1.0060902833938599,0.0026822386101235125,-0.058316968996678306,-0.00579169348182146,-0.9982777362150284,0.09934993068501174,-0.038043708154548536,0.0,0.10680769383907318,-0.08153092861175537,-0.0018772180192172527,-0.17220001616852948,0.2897630764650353,-0.018412695219795994,1.3166253022529444,0.15083088572985265,0.1760311814875688,-0.36025222742589524,-0.14551266491518647,-0.13988978415174427,-0.4319476589322446,0.013393597907508784,-0.04165357951181232,-1.488825318421474,0.13893219073518265,-0.1944438767073648,0.0,0.0,0.0,0.0,0.0,0.0
21.75,-4.013599238011474,-1.8683618834448115,1.0,-4.069396495819092,-1.8868045806884766,1.0063191652297974,0.0026651454288743126,-0.05891409764384656,-0.005307721220370883,-0.9982454095822204,0.09407091360280768,-0.035929298740689966,0.0,0.10220034420490265,-0.08193480223417282,-0.005748750641942024,-0.1648487878336547,0.30557250949215364,0.0034617208726910875,1.3271290772962567,0.17172896987299513,0.19940559667416186,-0.2767936432909362,-0.024263331471295977,-0.23258830018369714,-0.38614335767953106,0.002276584078446748,-0.0980209988732051,-1.4919778651299114,0.1338435396191585,-0.19594387580147077,0.0,0.0,0.0,0.0,0.0,0.0
21.7666,-4.012075286165757,-1.8689432272896773,1.0,-4.0686936378479,-1.8876276016235352,1.00642991065979,0.002766453281804342,-0.05991297005102065,-0.00487748619077164,-0.9981879212808517,0.0889568479483203,-0.033892935876422926,0.0,0.09759890288114548,-0.08221359550952911,-0.003505198284983635,-0.15289406185296855,0.31630964637043435,-0.010767478872809322,1.341919319891881,0.1878838242045874,0.18543742152822038,-0.27630808959326547,-0.016741023493536056,0.13472119321679624,-0.3537179790207758,-0.003337761272090651,-0.029311249811002568,-1.4948133817448497,0.12842582216584694,-0.1962049004010297,0.0,0.0,0.0,0.0,0.0,0.0
21.7833,-4.010630921781594,-1.8694928972873477,1.0,-4.0674662590026855,-1.8892477750778198,1.0066410303115845,0.003975915051741148,-0.061342327734706985,-0.0045804352024668895,-0.9980984013746145,0.08399406145204925,-0.03192779036521542,0.0,0.08875249326229095,-0.08110854029655457,-0.008351847529411316,-0.11758897960019664,0.3225665271716922,0.017034887198020654,1.3814061010050924,0.1993597697869739,0.21506912261817204,-0.5294369711627641,0.06613497567170355,-0.29006064684017524,-0.4055934372138923,0.01717186046519458,-0.10628923767435891,-1.498995080605289,0.12320675738471833,-0.1980342354201514,0.0,0.0,0.0,0.0,0.0,0.0
21.8,-4.009273266602331,-1.8700084046023053,1.0,-4.066405296325684,-1.8910139799118042,1.0067245960235596,0.004847150996556065,-0.0626299060541807,-0.004256452377963654,-0.9980160042857756,0.07921589509456621,-0.030045702758485487,0.0,0.08504464477300644,-0.08962344378232956,-0.011591763235628605,-0.11169749157502039,0.38708111220999586,0.035832765433680136,1.3908072383806067,0.2724050773103748,0.23638073203789395,-0.22283451662821854,-0.5117292165178892,-0.19471266218065367,-0.3516396634715503,-0.13896940447650288,-0.1323934487522485,-1.5025047299556271,0.11467603489962111,-0.2005479666042138,0.0,0.0,0.0,0.0,0.0,0.0
21.8166,-4.007992419661066,-1.870493713890124,1.0,-4.065484523773193,-1.892820119857788,1.0068196058273315,0.005336265173524987,-0.06368997305121459,-0.004450622909053276,-0.9979455769019139,0.074596779290286,-0.02823530166204796,0.0,0.07619944959878922,-0.08501546829938889,-0.008239468559622765,-0.07375056197456732,0.37289177514016963,0.015016771462354639,1.4336542236281777,0.26475979996546406,0.2163241674741511,-0.5310464708492578,0.27665292509411543,0.2012645534525701,-0.4046038321264813,-0.016270096229023104,-0.033891508050308224,-1.507404785602745,0.10813197517470555,-0.20130739601179645,0.0,0.0,0.0,0.0,0.0,0.0
21.8333,-4.006785783599233,-1.8709499876004216,1.0,-4.065094470977783,-1.8936854600906372,1.0068669319152832,0.006594880705537626,-0.06478612301892984,-0.004838668943293072,-0.9978657086239858,0.0701357873549864,-0.026495084183206993,0.0,0.07481323927640915,-0.08314487338066101,-0.009778142906725407,-0.07736453418050872,0.37024200175631256,0.023783152067848035,1.433479988554934,0.268169323650176,0.22624850687841092,-0.0831227572304745,0.11216840965302301,-0.09226511456888788,-0.30969674293050947,0.02164729824867003,-0.05112446362115018,-1.5108445227354428,0.10207267810613656,-0.20246535481056288,0.0,0.0,0.0,0.0,0.0,0.0
21.85,-4.005652878087461,-1.8713775716425807,1.0,-4.064357757568359,-1.8954273462295532,1.00699782371521,0.006594880705537626,-0.06478612301892984,-0.004838668943293072,-0.9978657086239858,0.06583995299498534,-0.02482671216545291,0.0,0.07456959038972855,-0.08683159947395325,-0.003590135369449854,-0.08901658064229033,0.4051464668250947,-0.01423262607078074,1.4238332428557587,0.31075089825642455,0.18698088702410823,-0.014618110686749917,-0.22119111988442117,0.37125956265466536,-0.22258413737746727,-0.0500430412757368,0.0735710210809587,-1.512849823498049,0.09439556856867018,-0.20121351309488897,0.0,0.0,0.0,0.0,0.0,0.0
21.8667,-4.00458907838996,-1.8717783604405698,1.0,-4.063986778259277,-1.896308422088623,1.007114291191101,0.008223859034661711,-0.06611076422331283,-0.0053952180778794444,-0.9977638396911349,0.061700643104128115,-0.023225826401034388,0.0,0.07385373115539551,-0.08461426198482513,0.0002283560170326382,-0.09546815886580803,0.4001442943205513,-0.03796337007200806,1.4184943765191345,0.31265885598096205,0.16095052858131778,-0.0428945291294037,0.1328636175319295,0.22880530438425473,-0.16953648073669986,0.003954347490030305,0.11939901881458727,-1.5139625353849424,0.08748543833958929,-0.19891389865332584,0.0,0.0,0.0,0.0,0.0,0.0
21.8833,-4.0035947135649605,-1.8721523653387404,1.0,-4.063361167907715,-1.8979837894439697,1.0074597597122192,0.00920514040093857,-0.06776336586102727,-0.005775761973084328,-0.9976422460331811,0.05772827917913838,-0.021695516244103787,0.0,0.06806835532188416,-0.07918660342693329,0.006594712845981121,-0.07221976701229485,0.3796771046538012,-0.07813732710251203,1.4439986901850321,0.2974027492875795,0.11670707127007818,-0.3473812864157588,0.3259022518717879,0.3822661290579637,-0.2220395179406245,0.09899925328269539,0.19700219432538735,-1.516218457197327,0.08227435536622171,-0.1948443983725902,0.0,0.0,0.0,0.0,0.0,0.0
21.9,-4.0026651162097835,-1.872501464475233,1.0,-4.062789440155029,-1.899627447128296,1.0078500509262085,0.01043526466335784,-0.06892518588707858,-0.00589609122558293,-0.9975499022880937,0.053913583468588405,-0.020231329647508855,0.0,0.06790037453174591,-0.07841169834136963,0.009699192829430103,-0.08186955648091948,0.3868021206353319,-0.09897717771677778,1.4355401668028442,0.3100940594610321,0.09149467653285515,-0.010084771842436734,0.04652163489064468,0.18637828942660026,-0.15946660287880499,0.08350690117102715,0.19386582342030417,-1.5174097232837638,0.07670806117429982,-0.19047185424963292,0.0,0.0,0.0,0.0,0.0,0.0
21.9166,-4.001797024754665,-1.8728269904199641,1.0,-4.062549591064453,-1.9004267454147339,1.0080769062042236,0.01043526466335784,-0.06892518588707858,-0.00589609122558293,-0.9975499022880937,0.05025218245247094,-0.01883080087641434,0.0,0.06395216286182404,-0.07460439950227737,0.011638862080872059,-0.06664617603340639,0.37133552625792743,-0.11201874963335173,1.4525013927429606,0.2994073166089877,0.07416162791264688,-0.23684888011670815,0.2283956742183701,0.11635862724906319,-0.18231126547793552,0.12628071518650935,0.17098428246884015,-1.519147568776367,0.07192820964893974,-0.18618037754599862,0.0,0.0,0.0,0.0,0.0,0.0
21.9333,-4.00098885889696,-1.873129632380615,1.0,-4.062188625335693,-1.9019107818603516,1.0084915161132812,0.012657075295280103,-0.06965409192447221,-0.005954085289133958,-0.9974731950238038,0.04674654635692287,-0.017494148627858915,0.0,0.0612911693751812,-0.06698835641145706,0.003764086402952671,-0.05921775339420443,0.3362743851618557,-0.06712620752550608,1.4616792668424274,0.26714209221661134,0.11821832331503909,-0.15965290989586314,0.4569434113406191,-0.4724667151828117,-0.17562210477086304,0.22389838679542196,-0.01897421274621028,-1.5208970202366319,0.06913229294524437,-0.18534453084054517,0.0,0.0,0.0,0.0,0.0,0.0
21.95,-4.000238187458916,-1.8734103877218817,1.0,-4.06186580657959,-1.9033516645431519,1.00874924659729,0.013852957877462302,-0.07034389622315985,-0.005770535763868929,-0.997409932604189,0.04339553946643957,-0.01622026551092908,0.0,0.05837089940905571,-0.0649898499250412,0.0002821355010382831,-0.04951326346415322,0.3345378158637614,-0.047814674822165004,1.4732774061207667,0.26861382130519273,0.13779024643181859,-0.1752890835193772,0.11996026890491729,-0.20900395837917346,-0.1755237908106116,0.19321395465991745,-0.07507446693538618,-1.52279066958492,0.06592399455856865,-0.1856049212539836,0.0,0.0,0.0,0.0,0.0,0.0
21.9666,-3.9995413260593997,-1.8736707109668593,1.0,-4.061753749847412,-1.9040347337722778,1.0088474750518799,0.013433981324771568,-0.07108202451784326,-0.005962556805684576,-0.9973622223716746,0.040191999925506997,-0.015005819731451077,0.0,0.052677303552627563,-0.06060845032334328,-0.0022474464494735003,-0.021597821348909307,0.3145444931441821,-0.033423481417729606,1.5042238039593498,0.25126075922220303,0.1529743778930217,-0.3413377529944827,0.2626700476687345,-0.15165140638288463,-0.2244751031204039,0.21371866280338703,-0.09768137909918691,-1.525821625308259,0.06328373392197904,-0.1863978593107513,0.0,0.0,0.0,0.0,0.0,0.0
21.9833,-3.9988966745681047,-1.8739112674504212,1.0,-4.061625957489014,-1.9052964448928833,1.0089111328125,0.012951528984045398,-0.07158923813206959,-0.0061457691561614776,-0.9973312444380192,0.03713787271236014,-0.013850995076472472,0.0,0.05373263359069824,-0.05583237484097481,-0.011076053604483604,-0.03373776122195542,0.29491456138532146,0.018932610026650976,1.4936762012276699,0.23362090291909232,0.2088060690954875,0.06327189170645245,0.2863477014780297,-0.5293156222974856,-0.1395269309372067,0.2351600825010839,-0.22510769690812232,-1.5274139624496252,0.06129365846622915,-0.18987345906883651,0.0,0.0,0.0,0.0,0.0,0.0
22.0,-3.998302824016978,-1.8741326436434305,1.0,-4.061464786529541,-1.9065661430358887,1.0088424682617188,0.012607592260950278,-0.07200635758924781,-0.006288225504128257,-0.9973046919234573,0.03423627628894584,-0.0127564548312435,0.0,0.053939901292324066,-0.057056207209825516,-0.013740475289523602,-0.04044024772683842,0.3111605042055333,0.03496812743874328,1.487800789549753,0.25341681284044937,0.2282991491544378,0.01245353259701749,-0.07353309839987394,-0.16008988398369792,-0.09465952027126419,0.14402821334383237,-0.20591325016645504,-1.5282410372765913,0.05774369136508396,-0.19333102171569452,0.0,0.0,0.0,0.0,0.0,0.0
22.0166,-3.9977554094636023,-1.8743365195621304,1.0,-4.061434745788574,-1.9071866273880005,1.0088046789169312,0.012607592260950278,-0.07200635758924781,-0.006288225504128257,-0.9973046919234573,0.03147556300432715,-0.011717343242777118,0.0,0.048782821744680405,-0.052675552666187286,-0.012864266522228718,-0.013806393492480404,0.29037087285707647,0.029606231780020364,1.5165934505452765,0.2353649317372148,0.22522150734718238,-0.3093188716412361,0.2627493153770253,0.05255453299060476,-0.15803088424287456,0.17907685259500178,-0.12960883642045984,-1.5303998440377569,0.05500594111986169,-0.19561527556716202,0.0,0.0,0.0,0.0,0.0,0.0
22.0333,-3.997252874333449,-1.8745235205869633,1.0,-4.061416149139404,-1.9083226919174194,1.0086368322372437,0.01230975101923592,-0.07276674468830104,-0.006422336776089911,-0.9972523455376068,0.02885738298366983,-0.010733870773093616,0.0,0.051902640610933304,-0.04858570173382759,-0.020390236750245094,-0.03628639041613825,0.27374909772276423,0.07531350772735662,1.4944173164358878,0.22089907793732438,0.2753485273141517,0.1872643180159423,0.24548961925955606,-0.4517395857184768,-0.05609342938547911,0.19868311517709322,-0.22470772137436193,-1.5307037068520262,0.052850019785439836,-0.20003501958679512,0.0,0.0,0.0,0.0,0.0,0.0
22.05,-3.996792722312089,-1.8746946156995565,1.0,-4.061383247375488,-1.9094319343566895,1.0084781646728516,0.011115541140103989,-0.07440849087834589,-0.006329234387729447,-0.9971458404514197,0.026378462176095054,-0.009804434448236247,0.0,0.048747990280389786,-0.04887880012392998,-0.012542249634861946,-0.020711621100674524,0.28314041446966864,0.028736256996877485,1.5111050452922554,0.23349958572469443,0.22948896148212442,-0.18923859410755148,-0.01758214745423341,0.47077865775171623,-0.09540031557894393,0.1348376568490063,-0.019387430468733674,-1.53181666639293,0.049640828744974226,-0.20075270448524693,0.0,0.0,0.0,0.0,0.0,0.0
22.0666,-3.996372616967111,-1.8748507082800956,1.0,-4.061418056488037,-1.9099563360214233,1.0084400177001953,0.011115541140103989,-0.07440849087834589,-0.006329234387729447,-0.9971458404514197,0.0240359700842248,-0.008927639579499916,0.0,0.046094272285699844,-0.03984677046537399,-0.012071113102138042,-0.007335494225239436,0.2335001751438175,0.025818734371410967,1.5260673514910723,0.18454913681110646,0.2270699593542592,-0.15916403311835953,0.5417208123006964,0.028257708938096125,-0.11422453044116454,0.2549570011658797,-0.005321714479382679,-1.5334028457163118,0.04895103833271104,-0.20125122498284823,0.0,0.0,0.0,0.0,0.0,0.0
22.0833,-3.995990615879647,-1.8749925500138578,1.0,-4.061507225036621,-1.9108672142028809,1.0082815885543823,0.011756797537663148,-0.07488355171551447,-0.006526397345063402,-0.9971016705541803,0.021828990029208076,-0.008102844042952025,0.0,0.0495179109275341,-0.035812102258205414,-0.01821723021566868,-0.029692565585881042,0.2156290917551089,0.0632115537869265,1.5035495505725645,0.16710369904152467,0.26713706749236177,0.20543614715518105,0.24210110302007182,-0.36879903280089843,-0.01985485580045679,0.25116170505890606,-0.11262686232303644,-1.5332421161584455,0.048525392713584234,-0.20392551370543527,0.0,0.0,0.0,0.0,0.0,0.0
22.1,-3.995644290843071,-1.8751210682559782,1.0,-4.061543941497803,-1.9117528200149536,1.0081580877304077,0.011261474603072957,-0.07474417472166697,-0.006884350529466336,-0.9971154525736433,0.01975351886670117,-0.007328285547163228,0.0,0.04800722748041153,-0.032971542328596115,-0.007452010177075863,-0.022262158393954408,0.20465396913806763,-0.0010342255536545664,1.5112287528970032,0.15668951445885088,0.20129827684180773,-0.09063201775088683,0.1704166934860968,0.6458491456223538,-0.040749567641395215,0.22732430182156368,0.11128911830619198,-1.5334909112909576,0.04796445467921675,-0.2023325023954623,0.0,0.0,0.0,0.0,0.0,0.0
22.1166,-3.9953315137050476,-1.8752370746251386,1.0,-4.061591625213623,-1.9121594429016113,1.008149266242981,0.010360922890940684,-0.07501123295890019,-0.007075570781160305,-0.9971037778966059,0.017806856298652893,-0.006602721603584808,0.0,0.04556252062320709,-0.032182395458221436,-0.0074601490050554276,-0.008743148301301094,0.20344639711034512,-0.0012128610378442928,1.5256544364760023,0.1567980934074187,0.2000161481430915,-0.1467182313129579,0.047360374813988096,-0.0004884489290006869,-0.07203345400487166,0.17419566126911326,0.07829033743820211,-1.5343975847773035,0.046648303702926414,-0.20122900918093578,0.0,0.0,0.0,0.0,0.0,0.0
22.1333,-3.995049790403537,-1.8753415125944393,1.0,-4.06168794631958,-1.9129539728164673,1.008158802986145,0.009481866071548968,-0.07546046568046569,-0.007376499279528057,-0.9970764667387708,0.01598348347479291,-0.005923890003215489,0.0,0.04925832524895668,-0.031200019642710686,-0.001053854706697166,-0.03140927911601903,0.20288656766334784,-0.03997060106972755,1.5022552156136402,0.1580009369952375,0.15822232738387068,0.2214791845263609,0.058871021753107586,0.3839112130415952,0.014616841581702962,0.14014971983203367,0.16851520591739644,-1.5336644947296592,0.044885630668110334,-0.19819292845359823,0.0,0.0,0.0,0.0,0.0,0.0
22.15,-3.994798007390522,-1.8754348106309002,1.0,-4.061787128448486,-1.913788914680481,1.0083210468292236,0.009481866071548968,-0.07546046568046569,-0.007376499279528057,-0.9970764667387708,0.01428650065337301,-0.005292763113001913,0.0,0.046192146837711334,-0.02990538626909256,0.0038711547385901213,-0.013087962674992487,0.20052399391520379,-0.07060887988380843,1.5209724078612123,0.1575944892935832,0.12350402454330084,-0.18421331807829489,0.07778044114276711,0.2958902613611541,-0.04408145567826781,0.12173716880530394,0.20611865038843744,-1.5340603705362048,0.042929504621620596,-0.19411290442710927,0.0,0.0,0.0,0.0,0.0,0.0
22.1666,-3.994573310648445,-1.8755180394053421,1.0,-4.0618791580200195,-1.914194107055664,1.0084004402160645,0.009004621500791923,-0.0759952828462886,-0.007572102803467184,-0.9970388296030506,0.012707106421220688,-0.004705908869075862,0.0,0.044033486396074295,-0.03025597147643566,0.0012903817696496844,0.00013454882517940914,0.2057555814988316,-0.05580109923629267,1.535156140385478,0.16548536709906952,0.13599156483305333,-0.12957721219623894,-0.021044464858173285,-0.15491522435696753,-0.06932136565540396,0.079585420849286,0.0995348517486156,-1.5350215915602987,0.04027021439976208,-0.191792664069346,0.0,0.0,0.0,0.0,0.0,0.0
22.1833,-3.9943737554295624,-1.8755919299705481,1.0,-4.062028408050537,-1.9150153398513794,1.0085281133651733,0.008608754591975323,-0.07621595057420148,-0.007586601319354935,-0.9970253426115271,0.011241789517767,-0.004161888031435036,0.0,0.046710338443517685,-0.0306711345911026,0.004578972700983286,-0.015003589461517051,0.21333938636979416,-0.07645548000378882,1.5197350550797308,0.1762677365040172,0.11224094860300707,0.16049877419447064,-0.02489236230237013,0.19717743227915846,-0.0014742598224450343,0.048741669664930376,0.12836072618845562,-1.5347386445412479,0.03707164986577696,-0.1886964286067959,0.0,0.0,0.0,0.0,0.0,0.0
22.2,-3.994197916706141,-1.875657018871215,1.0,-4.062222480773926,-1.9158135652542114,1.008768081665039,0.007798621040789074,-0.0762003588744305,-0.007407982975365764,-0.9970345306245024,0.009890544117233557,-0.003660581360128263,0.0,0.042996492236852646,-0.026498181745409966,0.007112338673323393,0.00877452516764713,0.1931677556581041,-0.09314763593316572,1.5445455089552336,0.15808586208535108,0.09206090640527026,-0.2229457985658876,0.25050641647225524,0.15208042237973923,-0.06685670601680457,0.10830631068785768,0.13536321404207413,-1.5357709837875864,0.035081893572753,-0.18520854233843598,0.0,0.0,0.0,0.0,0.0,0.0
22.2166,-3.9940435836115205,-1.8757141317502724,1.0,-4.062338829040527,-1.9161887168884277,1.0088684558868408,0.007464162090252841,-0.0761241494697887,-0.006876806243582974,-0.9970467110637221,0.008646968556684138,-0.0031995136907441105,0.0,0.0432041734457016,-0.025308964774012566,0.00414494751021266,0.008962173858976526,0.18867280700409497,-0.07614073268972449,1.5454244038632532,0.15568438848325428,0.10716018256798632,0.012462667215108377,0.07136329494241363,-0.17806911259746763,-0.043440177274871934,0.09740005721195641,0.04283226244281574,-1.5364622300042767,0.03298841852084068,-0.1833009152577108,0.0,0.0,0.0,0.0,0.0,0.0
22.2333,-3.9939089852974545,-1.8757639297426147,1.0,-4.062535285949707,-1.9168957471847534,1.009006381034851,0.008161118182297176,-0.07600827197816405,-0.006360128027687912,-0.9970535810000293,0.007507258836788188,-0.0027771908176717356,0.0,0.04623529314994812,-0.021753236651420593,0.0036532804369926453,-0.007080390024433177,0.17154097173371577,-0.07418092914979185,1.5288396675019995,0.13985433203939726,0.1075268219491757,0.18164908056980383,0.21308783791024305,-0.02946464689986998,0.02301028572121622,0.13155320456337674,0.0214888933944233,-1.5359200575264327,0.03168663969431851,-0.18170775109896756,0.0,0.0,0.0,0.0,0.0,0.0
22.25,-3.993792733680281,-1.875806931081246,1.0,-4.062767505645752,-1.9175529479980469,1.009142518043518,0.007849492286941722,-0.07615286991287085,-0.005420084718500877,-0.9970505464269366,0.006470414001564584,-0.0023931707169890103,0.0,0.043837424367666245,-0.02045632340013981,0.0002093843067996204,0.009914267253012657,0.1676201311294994,-0.05450267819883153,1.5462683866788056,0.13738553801212403,0.1268879881342367,-0.1440185386058367,0.07789398341065956,-0.20684404895112876,-0.026299676097947842,0.11571202171995529,-0.045919164552931706,-1.536354119425793,0.030234593117375357,-0.18139066633306825,0.0,0.0,0.0,0.0,0.0,0.0
22.2666,-3.993692787859644,-1.875843894377012,1.0,-4.062876224517822,-1.9178963899612427,1.0091620683670044,0.007849492286941722,-0.07615286991287085,-0.005420084718500877,-0.9970505464269366,0.005529017976487499,-0.002044647694689698,0.0,0.04737759754061699,-0.022540029138326645,-0.002521505346521735,-0.009071178243760677,0.1823267282045162,-0.038520786594561984,1.5263883302484766,0.15482220548674086,0.1432955947770616,0.21220720431029555,-0.12490275127908307,-0.16369664146350504,0.0441119143201832,0.04467814288190771,-0.08068922842074772,-1.5354595084922373,0.027504522717775346,-0.1818163813716236,0.0,0.0,0.0,0.0,0.0,0.0
22.2833,-3.9936078629581058,-1.87587529767911,1.0,-4.063045501708984,-1.918585181236267,1.0092073678970337,0.006755897471917426,-0.07676205519289124,-0.004525560005705664,-0.9970163231859458,0.004681784310572752,-0.0017310971654165082,0.0,0.04823840409517288,-0.01977265626192093,0.0003292896144557744,-0.011439975173334858,0.16957837537896892,-0.05615879914533822,1.5230429612956429,0.1440550889417255,0.12471369848784475,0.051676533628179255,0.16613283989580202,0.17114089209509228,0.04634512820261716,0.08053378933480122,-0.006344374006656557,-1.5344829364689778,0.025523286437243404,-0.18087249763318297,0.0,0.0,0.0,0.0,0.0,0.0
22.3,-3.993536284866421,-1.8759017622396121,1.0,-4.0631279945373535,-1.9189198017120361,1.0092318058013916,0.007167632669198387,-0.07727805115667602,-0.0037727329976041143,-0.9969767051483456,0.003923019678330264,-0.0014503725876981748,0.0,0.04531741514801979,-0.020152103155851364,-0.0002214659471064806,0.008662837385586174,0.17386865338597307,-0.053284115833308776,1.5434387416176152,0.15084948457127226,0.12680002614544042,-0.17529711868650738,-0.02277172163399628,-0.03305245750297342,-0.019087714156474492,0.05003611432508981,-0.014229088413121586,-1.534775904232029,0.023019168814700803,-0.1800841419787492,0.0,0.0,0.0,0.0,0.0,0.0
22.3166,-3.9934766599984615,-1.8759238049658036,1.0,-4.063393592834473,-1.9195117950439453,1.0092129707336426,0.008059128077256873,-0.07720329845248589,-0.003049998839339235,-0.9969782224348919,0.0032489555688323046,-0.001201048171782382,0.0,0.04056546464562416,-0.016371795907616615,-0.00648909155279398,0.040857925667791124,0.15442919103286426,-0.015891162585591034,1.5775714385528736,0.13282640864869005,0.1655551372092689,-0.28523154972308484,0.22690953836741704,-0.3762085829162314,-0.09765823887320672,0.10225238191537404,-0.12109205128903101,-1.5367135128850824,0.021602782384174218,-0.18144629979485993,0.0,0.0,0.0,0.0,0.0,0.0
22.3335,-3.993427097857113,-1.8759421259616356,1.0,-4.0636701583862305,-1.9201197624206543,1.0090348720550537,0.007712288489970571,-0.07688037720172951,-0.0026751026218348557,-0.9970069244387278,0.002648709658682034,-0.000979074474775961,0.0,0.043308012187480927,-0.014783698134124279,-0.01170785166323185,0.02833482746543648,0.14817690068021286,0.016007515465970512,1.565666537571002,0.12790754046602892,0.20013009980873853,0.16281550331913208,0.0942798381303874,-0.3098196261376343,-0.020761629355979028,0.09989874127147214,-0.17680788086217125,-1.5373317101055655,0.020269360214183928,-0.18412258434276801,0.0,0.0,0.0,0.0,0.0,0.0
22.35,-3.993387736779253,-1.8759566750018897,1.0,-4.063819885253906,-1.920406460762024,1.0089259147644043,0.007712288489970571,-0.07688037720172951,-0.0026751026218348557,-0.9970069244387278,0.0021357375032825133,-0.000789407459931953,0.0,0.04192713648080826,-0.014571533538401127,-0.013249940238893032,0.039999225974079386,0.14852596323846567,0.02551033358476046,1.5784194414582027,0.12997653442242282,0.21212782995386217,-0.08370517971471103,0.012860879171303456,-0.09347749456231122,-0.039343715875814554,0.07420357354055819,-0.1522072277510856,-1.5384202154841233,0.018549428816042858,-0.18661749636910172,0.0,0.0,0.0,0.0,0.0,0.0
22.3666,-3.9933559906906195,-1.8759684086288417,1.0,-4.0641350746154785,-1.9209136962890625,1.0086579322814941,0.0070806152320915805,-0.07717822634597797,-0.0025723486051653192,-0.9969888855875652,0.001688316999377997,-0.0006240002232015989,0.0,0.040137629956007004,-0.013729337602853775,-0.017267687246203423,0.055076464710775166,0.14617007041215954,0.05066836589584339,1.5951191377573637,0.12938692414367398,0.2405841833303742,-0.10745811440556638,0.05057304119301913,-0.24126177333280838,-0.059452331286175136,0.06722740848330977,-0.17849775730578907,-1.5400426730465886,0.016783146268485576,-0.18991581743453081,0.0,0.0,0.0,0.0,0.0,0.0
22.3833,-3.993331101912091,-1.8759776073080843,1.0,-4.064452648162842,-1.92146897315979,1.008226752281189,0.007025492422595396,-0.077957158058376,-0.002645346946786182,-0.9969284470068005,0.0013063820898356138,-0.00048281777476206215,0.0,0.041495248675346375,-0.01713070645928383,-0.024851033464074135,0.05136706601282215,0.16949818029593658,0.09804991440337402,1.592374943915586,0.15600210331842881,0.2932274974104075,0.0813966525865889,-0.20393062881484342,-0.45466299834183854,-0.01787113687248041,-0.012823400231900664,-0.26002678408384705,-1.5410078779027638,0.013496076977507768,-0.19517758300703347,0.0,0.0,0.0,0.0,0.0,0.0
22.4,-3.993312079708401,-1.8759846374985087,1.0,-4.064601898193359,-1.9217982292175293,1.0079872608184814,0.006333759905588379,-0.07795079125007282,-0.0029743452462622022,-0.9969326616916516,0.0009861234701041873,-0.0003644439833040708,0.0,0.04324636608362198,-0.01780671253800392,-0.024392100051045418,0.04449856767952412,0.1753338184893845,0.09622752184811928,1.5858560520018559,0.16534833035525767,0.2954556775295878,0.10506413878438498,-0.040559242994263806,0.02753524325174875,0.01842160345716949,-0.021011527958624727,-0.1751332176848227,-1.5413574843223317,0.009985488134126839,-0.1992281556814685,0.0,0.0,0.0,0.0,0.0,0.0
22.4166,-3.993297925078309,-1.8759898685979386,1.0,-4.06486177444458,-1.9223833084106445,1.0075699090957642,0.005852587775385724,-0.07786174813005946,-0.0035579526575926085,-0.9969406274460201,0.0007223138767147896,-0.00026694105355478336,0.0,0.046010226011276245,-0.007487018592655659,-0.01983657106757164,0.03212063701786525,0.11648008315097463,0.07072892449248341,1.5730026195385245,0.10629652116884876,0.27170811769451864,0.16592907291308828,0.6195455970707374,0.27349240578123213,0.06196850451581985,0.16809264316542197,-0.042690733860030056,-1.5408819825206592,0.01018356198212588,-0.20097919320203525,0.0,0.0,0.0,0.0,0.0,0.0
22.4333,-3.993287728150996,-1.875993636981541,1.0,-4.0650739669799805,-1.9228250980377197,1.0071682929992676,0.006733325200361809,-0.07846785142178249,-0.0037936799813140343,-0.9968867216267747,0.0005095972588342369,-0.00018832554593181675,0.0,0.0504329577088356,-0.007661368697881699,-0.020881934091448784,0.009533868628458272,0.11988999151161953,0.07877025391856135,1.5487101840191275,0.11031913286729643,0.28174682767145687,0.2653793400666657,-0.010461614908942648,-0.06272543043017982,0.12201910102230515,0.11538016264735092,-0.04860534247272215,-1.5391763153906692,0.009570858644323095,-0.2029765737528955,0.0,0.0,0.0,0.0,0.0,0.0
22.45,-3.9932806822736655,-1.8759962408241015,1.0,-4.065155982971191,-1.923052430152893,1.0069676637649536,0.006733325200361809,-0.07846785142178249,-0.0037936799813140343,-0.9968867216267747,0.00034278992349976513,-0.00012667916218001498,0.0,0.04966004937887192,-0.007453812286257744,-0.018779950216412544,0.017416231391251938,0.11996085067650447,0.06692918179864021,1.5557444994437533,0.11144754156212432,0.2710059449963603,-0.04636260600946756,0.012450190745534374,0.12608668642649773,0.07230974350132546,0.08499335363414665,0.002966937400756299,-1.5383282680525012,0.008513309114380153,-0.2040767631977201,0.0,0.0,0.0,0.0,0.0,0.0
22.4666,-3.993276074664209,-1.8759979435751486,1.0,-4.065392017364502,-1.9234404563903809,1.0065935850143433,0.007423709018216482,-0.07933294446342694,-0.0033904610816102693,-0.9968147769563667,0.00021678986185735672,-8.011481300935865e-05,0.0,0.04402218014001846,-0.00016784104809630662,-0.020077064633369446,0.05516775716155845,0.07840527673713646,0.07636258299414861,1.5950113787725564,0.06874829435451926,0.28205414839679904,-0.3384370840549012,0.43737141744222163,-0.07786481068683718,-0.04895022743927026,0.18902179867824473,-0.020896072041081452,-1.5398436216109979,0.009656982382617198,-0.20569156540265043,0.0,0.0,0.0,0.0,0.0,0.0
22.4833,-3.993273261992153,-1.8759989829972614,1.0,-4.065626621246338,-1.9237443208694458,1.0061417818069458,0.006564110871946634,-0.07938420293375029,-0.002528853057502069,-0.9968192866691573,0.00012583338732704186,-4.650158325798398e-05,0.0,0.048499587923288345,0.0034652468748390675,-0.020977267995476723,0.03209938000086477,0.05839918923504492,0.08381791176374348,1.57173059475087,0.047129295584214595,0.2913942966812991,0.2684066685008647,0.2177923193436839,-0.05396439124873154,0.04473932874903791,0.19751538223333476,-0.030658444279063224,-1.539631214750005,0.011269893650830327,-0.20757638491755567,0.0,0.0,0.0,0.0,0.0,0.0
22.5,-3.993271712362543,-1.8759995556603704,1.0,-4.065706253051758,-1.9238615036010742,1.0059508085250854,0.005878726723996576,-0.07822073654642903,-0.0017426878922283692,-0.9969172780919451,6.460033197151252e-05,-2.3872917576099457e-05,0.0,0.049605414271354675,0.0034725144505500793,-0.015765218064188957,0.028317350485467255,0.059278056967653925,0.053302135515719995,1.5675995990644653,0.04723638325493994,0.2608286395022845,0.06635533948983534,0.000436092388660782,0.31275013769867954,0.05112077020745524,0.13933397374445955,0.07072204578856117,-1.539282248578998,0.012041673712713984,-0.20752650398656453,0.0,0.0,0.0,0.0,0.0,0.0
22.5166,-3.9932709761519014,-1.8759998277253092,1.0,-4.065901279449463,-1.9240354299545288,1.0056188106536865,0.005712228233132321,-0.07839652841738994,-0.0008019280866167226,-0.9969056034149076,2.729695811312545e-05,-1.0087521607083535e-05,0.0,0.04594554379582405,0.00840420089662075,-0.01885020174086094,0.05350234220248415,0.030972941930599462,0.0732848593480196,1.5940081870295582,0.016999923899488137,0.28218525517664383,-0.21974017829024592,0.29610054950757253,-0.18522373063929687,-0.028842332463806124,0.18561433221877932,-0.004837825474867621,-1.540505844827074,0.013973018031111326,-0.20890039582862427,0.0,0.0,0.0,0.0,0.0,0.0
22.5333,-3.993270702488914,-1.8759999288567488,1.0,-4.066105365753174,-1.924273133277893,1.0051531791687012,0.005153771953650846,-0.07936235506115345,-0.00020007108988115915,-0.9968325207795897,8.064801089299465e-06,-2.980325441706847e-06,0.0,0.048094529658555984,0.0028736181557178497,-0.02137669548392296,0.04363806029234054,0.06585598547816154,0.0906001551544034,1.5845438474326816,0.05269057876273258,0.30177695217798267,0.1289005520121271,-0.33173562498212394,-0.15154424409375625,0.017726250187070264,0.03288316896295988,-0.048148241685179324,-1.540905787140341,0.013165406715428962,-0.21117679702357928,0.0,0.0,0.0,0.0,0.0,0.0
22.55,-3.9932706397321307,-1.8759999520483475,1.0,-4.066206932067871,-1.9244167804718018,1.004927635192871,0.005153771953650846,-0.07936235506115345,-0.00020007108988115915,-0.9968325207795897,9.893585432752773e-07,-3.656147376080657e-07,0.0,0.04811330512166023,0.0024655249435454607,-0.021137921139597893,0.04575515084512922,0.06964260430709526,0.09013097696749922,1.587188176103802,0.05756841540014399,0.3033303991106252,0.0011265449759670404,-0.024485966356538966,0.014326679267280842,0.012825713806797695,0.015946751649359922,-0.029704503131473017,-1.5414330252586728,0.012074188906951272,-0.21319942214312596,0.0,0.0,0.0,0.0,0.0,0.0
